;FLAVOR:Marlin
;TIME:2043
;Filament used: 0.601728m
;Layer height: 0.2
;MINX:105.764
;MINY:106.175
;MINZ:0.2
;MAXX:129.235
;MAXY:128.825
;MAXZ:54.4
;TARGET_MACHINE.NAME:Creality Ender-3
;Generated with Cura_SteamEngine 5.10.2
M140 S50
M105
M190 S50
M104 S200
M105
M109 S200
; Ender 3 Custom Start G-code
G92 E0 ; Reset Extruder
G28 ; Home all axes
G1 Z2.0 F3000 ; Move Z Axis up little to prevent scratching of Heat Bed
G1 X0.1 Y20 Z0.3 F5000.0 ; Move to start position
G1 X0.1 Y200.0 Z0.3 F1500.0 E15 ; Draw the first line
G1 X0.4 Y200.0 Z0.3 F5000.0 ; Move to side a little
G1 X0.4 Y20 Z0.3 F1500.0 E30 ; Draw the second line
G92 E0 ; Reset Extruder
G1 Z2.0 F3000 ; Move Z Axis up little to prevent scratching of Heat Bed
G1 X5 Y20 Z0.3 F5000.0 ; Move over to prevent blob squish
M82 ;absolute extrusion mode
G92 E0
G92 E0
G1 F2700 E-5
;LAYER_COUNT:272
;LAYER:0
M107
G0 F6000 X110.064 Y108.17 Z0.2
;TYPE:SKIRT
G1 F2700 E0
G1 F1200 X111.726 Y107.008 E0.06745
G1 X112.455 Y106.643 E0.09457
G1 X114.416 Y106.175 E0.16162
G1 X120.54 Y106.175 E0.36531
G1 X122.495 Y106.663 E0.43232
G1 X124.281 Y107.628 E0.49984
G1 X124.858 Y108.043 E0.52348
G1 X126.225 Y109.672 E0.59421
G1 X128.959 Y115.156 E0.79802
G1 X129.235 Y117.787 E0.88601
G1 X129.203 Y118.545 E0.91124
G1 X128.709 Y120.334 E0.97297
G1 X126.236 Y125.306 E1.15767
G1 X124.955 Y126.801 E1.22315
G1 X123.073 Y128.134 E1.29985
G1 X122.7 Y128.314 E1.31363
G1 X120.59 Y128.825 E1.38584
G1 X117.588 Y128.813 E1.48569
G1 X114.461 Y128.825 E1.58969
G1 X112.498 Y128.337 E1.65697
G1 X110.712 Y127.372 E1.72449
G1 X110.135 Y126.957 E1.74813
G1 X108.768 Y125.328 E1.81886
G1 X106.04 Y119.842 E2.02264
G1 X105.764 Y117.213 E2.11056
G1 X105.796 Y116.456 E2.13576
G1 X106.282 Y114.692 E2.19661
G1 X108.754 Y109.686 E2.38231
G1 X110.064 Y108.17 E2.44895
G0 F6000 X110.337 Y108.467
G1 F1200 X111.905 Y107.366 E2.51267
G1 X112.594 Y107.021 E2.5383
G1 X114.463 Y106.575 E2.60221
G1 X120.491 Y106.575 E2.8027
G1 X122.349 Y107.039 E2.8664
G1 X124.047 Y107.953 E2.93053
G1 X124.586 Y108.341 E2.95262
G1 X125.888 Y109.892 E3.01998
G1 X128.568 Y115.269 E3.2198
G1 X128.835 Y117.77 E3.30346
G1 X128.805 Y118.482 E3.32716
G1 X128.332 Y120.194 E3.38623
G1 X125.901 Y125.083 E3.56783
G1 X124.682 Y126.505 E3.63013
G1 X122.842 Y127.808 E3.70512
G1 X122.568 Y127.934 E3.71515
G1 X120.542 Y128.425 E3.78449
G1 X117.588 Y128.413 E3.88274
G1 X114.509 Y128.425 E3.98515
G1 X112.644 Y127.961 E4.04907
G1 X110.946 Y127.047 E4.1132
G1 X110.407 Y126.659 E4.13529
G1 X109.105 Y125.108 E4.20265
G1 X106.431 Y119.73 E4.40241
G1 X106.164 Y117.23 E4.48603
G1 X106.194 Y116.518 E4.50974
G1 X106.658 Y114.835 E4.5678
G1 X109.09 Y109.91 E4.75049
G1 X110.337 Y108.467 E4.81392
G0 F6000 X110.608 Y108.766
G1 F1200 X112.084 Y107.724 E4.87402
G1 X112.733 Y107.399 E4.89816
G1 X114.51 Y106.975 E4.95892
G1 X120.442 Y106.975 E5.15622
G1 X122.203 Y107.415 E5.21659
G1 X123.857 Y108.305 E5.27906
G1 X124.312 Y108.636 E5.29777
G1 X125.551 Y110.112 E5.36187
G1 X128.177 Y115.382 E5.55771
G1 X128.435 Y117.753 E5.63703
G1 X128.407 Y118.42 E5.65924
G1 X127.956 Y120.053 E5.71558
G1 X125.565 Y124.86 E5.89415
G1 X124.409 Y126.209 E5.95324
G1 X122.611 Y127.482 E6.02651
G1 X122.474 Y127.545 E6.03153
G1 X120.494 Y128.025 E6.09929
G1 X117.588 Y128.013 E6.19594
G1 X114.556 Y128.025 E6.29679
G1 X112.79 Y127.586 E6.35732
G1 X111.136 Y126.695 E6.4198
G1 X110.681 Y126.364 E6.43852
G1 X109.442 Y124.888 E6.50261
G1 X106.822 Y119.618 E6.69836
G1 X106.564 Y117.247 E6.77768
G1 X106.592 Y116.58 E6.79989
G1 X107.034 Y114.978 E6.85516
G1 X109.426 Y110.134 E7.03485
G1 X110.608 Y108.766 E7.09498
G0 F6000 X110.878 Y109.065
G1 F1200 X112.263 Y108.082 E7.15147
G1 X112.872 Y107.777 E7.17412
G1 X114.557 Y107.375 E7.23174
G1 X120.393 Y107.375 E7.42584
G1 X122.056 Y107.79 E7.48285
G1 X123.622 Y108.629 E7.54194
G1 X124.039 Y108.932 E7.55908
G1 X125.214 Y110.332 E7.61987
G1 X127.786 Y115.495 E7.81172
G1 X128.035 Y117.736 E7.88672
G1 X128.009 Y118.358 E7.90743
G1 X127.58 Y119.912 E7.96105
G1 X125.229 Y124.637 E8.13658
G1 X124.136 Y125.913 E8.19246
G1 X122.38 Y127.156 E8.26402
G1 X120.446 Y127.625 E8.33021
G1 X117.588 Y127.613 E8.42526
G1 X114.604 Y127.625 E8.52451
G1 X112.937 Y127.21 E8.58165
G1 X111.371 Y126.371 E8.64074
G1 X110.954 Y126.068 E8.65788
G1 X109.779 Y124.668 E8.71867
G1 X107.213 Y119.505 E8.91044
G1 X106.964 Y117.264 E8.98543
G1 X106.99 Y116.642 E9.00614
G1 X107.41 Y115.121 E9.05862
G1 X109.763 Y110.356 E9.23537
G1 X110.878 Y109.065 E9.29211
G0 F6000 X111.151 Y109.362
G1 F1200 X112.442 Y108.44 E9.34487
G1 X113.011 Y108.155 E9.36604
G1 X114.604 Y107.775 E9.42051
G1 X120.344 Y107.775 E9.61142
G1 X121.909 Y108.166 E9.66508
G1 X123.433 Y108.982 E9.72257
G1 X123.767 Y109.229 E9.73639
G1 X124.877 Y110.552 E9.79383
G1 X127.397 Y115.61 E9.98178
G1 X127.635 Y117.719 E10.05237
G1 X127.611 Y118.295 E10.07155
G1 X127.203 Y119.772 E10.12251
G1 X124.893 Y124.414 E10.29497
G1 X123.863 Y125.617 E10.34764
G1 X122.213 Y126.785 E10.41488
G1 X120.398 Y127.225 E10.47699
G1 X117.588 Y127.213 E10.57045
G1 X114.652 Y127.225 E10.66811
G1 X113.084 Y126.834 E10.72186
G1 X111.56 Y126.018 E10.77935
G1 X111.226 Y125.771 E10.79317
G1 X110.116 Y124.448 E10.85061
G1 X107.602 Y119.39 E11.03847
G1 X107.364 Y117.281 E11.10906
G1 X107.388 Y116.705 E11.12824
G1 X107.796 Y115.228 E11.1792
G1 X110.096 Y110.583 E11.3516
G1 X111.151 Y109.362 E11.40527
G0 F6000 X111.422 Y109.66
G1 F1200 X112.674 Y108.766 E11.45644
G1 X113.148 Y108.533 E11.474
G1 X114.651 Y108.175 E11.52539
G1 X120.295 Y108.175 E11.71311
G1 X121.764 Y108.542 E11.76347
G1 X123.195 Y109.304 E11.8174
G1 X123.494 Y109.525 E11.82976
G1 X124.54 Y110.772 E11.8839
G1 X127.008 Y115.725 E12.06795
G1 X127.235 Y117.702 E12.13414
G1 X127.213 Y118.233 E12.15182
G1 X126.827 Y119.631 E12.20005
G1 X124.558 Y124.191 E12.36946
G1 X123.59 Y125.321 E12.41895
G1 X122.046 Y126.414 E12.48187
G1 X120.35 Y126.825 E12.53991
G1 X117.588 Y126.813 E12.63177
G1 X114.7 Y126.825 E12.72783
G1 X113.229 Y126.458 E12.77825
G1 X111.798 Y125.696 E12.83218
G1 X111.499 Y125.475 E12.84454
G1 X110.453 Y124.228 E12.89868
G1 X107.991 Y119.275 E13.08265
G1 X107.764 Y117.298 E13.14883
G1 X107.786 Y116.767 E13.16651
G1 X108.172 Y115.369 E13.21475
G1 X110.432 Y110.806 E13.38411
G1 X111.422 Y109.66 E13.43448
G0 F6000 X111.693 Y109.958
G1 F1200 X112.906 Y109.092 E13.48405
G1 X113.284 Y108.912 E13.49797
G1 X114.698 Y108.575 E13.54632
G1 X120.246 Y108.575 E13.73085
G1 X121.619 Y108.918 E13.77792
G1 X123.007 Y109.657 E13.83022
G1 X123.216 Y109.816 E13.83895
G1 X124.204 Y110.995 E13.89011
G1 X126.619 Y115.841 E14.0702
G1 X126.838 Y117.748 E14.13404
G1 X126.816 Y118.166 E14.14796
G1 X126.45 Y119.491 E14.19368
G1 X124.222 Y123.968 E14.36001
G1 X123.317 Y125.025 E14.40629
G1 X121.879 Y126.043 E14.46489
G1 X120.302 Y126.425 E14.51886
G1 X117.588 Y126.413 E14.60913
G1 X114.748 Y126.425 E14.70359
G1 X113.374 Y126.082 E14.75069
G1 X111.986 Y125.343 E14.80299
G1 X111.777 Y125.184 E14.81172
G1 X110.789 Y124.005 E14.86289
G1 X108.38 Y119.159 E15.04288
G1 X108.161 Y117.252 E15.10673
G1 X108.183 Y116.834 E15.12065
G1 X108.549 Y115.509 E15.16637
G1 X110.768 Y111.029 E15.33265
G1 X111.693 Y109.958 E15.37972
G0 F6000 X111.966 Y110.255
G1 F1200 X113.138 Y109.418 E15.42762
G1 X113.416 Y109.292 E15.43777
G1 X114.745 Y108.975 E15.48321
G1 X120.197 Y108.975 E15.66455
G1 X121.474 Y109.294 E15.70833
G1 X122.819 Y110.01 E15.759
G1 X122.937 Y110.106 E15.76406
G1 X123.867 Y111.215 E15.8122
G1 X126.23 Y115.957 E15.98842
G1 X126.441 Y117.794 E16.04992
G1 X126.419 Y118.099 E16.06009
G1 X126.073 Y119.351 E16.10329
G1 X123.887 Y123.745 E16.26653
G1 X123.044 Y124.729 E16.30962
G1 X121.712 Y125.672 E16.3639
G1 X120.254 Y126.025 E16.4138
G1 X117.58 Y126.013 E16.50274
G1 X117.244 Y126.021 E16.51391
G1 X114.796 Y126.025 E16.59534
G1 X113.519 Y125.706 E16.63911
G1 X112.174 Y124.99 E16.68979
G1 X112.056 Y124.894 E16.69485
G1 X111.126 Y123.785 E16.74299
G1 X108.769 Y119.043 E16.91912
G1 X108.558 Y117.206 E16.98062
G1 X108.58 Y116.901 E16.99079
G1 X108.926 Y115.649 E17.03399
G1 X111.102 Y111.255 E17.19708
G1 X111.966 Y110.255 E17.24103
G0 F6000 X112.237 Y110.553
G1 F1200 X113.37 Y109.744 E17.28734
G1 X113.509 Y109.681 E17.29241
G1 X114.792 Y109.375 E17.33628
G1 X117.251 Y109.377 E17.41807
G1 X117.522 Y109.406 E17.42713
G1 X117.793 Y109.377 E17.4362
G1 X120.148 Y109.375 E17.51452
G1 X121.329 Y109.67 E17.55501
G1 X122.631 Y110.363 E17.60407
G1 X123.53 Y111.435 E17.6506
G1 X125.841 Y116.073 E17.82295
G1 X126.044 Y117.84 E17.88211
G1 X126.033 Y117.992 E17.88718
G1 X125.696 Y119.211 E17.92924
G1 X123.551 Y123.522 E18.0894
G1 X122.771 Y124.433 E18.12928
G1 X121.545 Y125.301 E18.17925
G1 X120.206 Y125.625 E18.22507
G1 X117.632 Y125.616 E18.31068
G1 X117.463 Y125.594 E18.31635
G1 X117.2 Y125.623 E18.32515
G1 X114.845 Y125.625 E18.40348
G1 X113.664 Y125.33 E18.44396
G1 X112.362 Y124.637 E18.49302
G1 X111.463 Y123.565 E18.53955
G1 X109.158 Y118.927 E18.71181
G1 X108.955 Y117.16 E18.77097
G1 X108.966 Y117.008 E18.77604
G1 X109.303 Y115.789 E18.8181
G1 X111.438 Y111.478 E18.97811
G1 X112.237 Y110.553 E19.01876
G0 F6000 X112.508 Y110.851
G1 F1200 X113.602 Y110.07 E19.06347
G1 X114.839 Y109.775 E19.10577
G1 X117.208 Y109.775 E19.18456
G1 X117.522 Y109.809 E19.19506
G1 X117.836 Y109.775 E19.20557
G1 X120.099 Y109.775 E19.28084
G1 X121.184 Y110.046 E19.31803
G1 X122.375 Y110.68 E19.36291
G1 X123.193 Y111.655 E19.40524
G1 X125.452 Y116.189 E19.57372
G1 X125.647 Y117.886 E19.63054
G1 X125.32 Y119.07 E19.67139
G1 X123.215 Y123.299 E19.82851
G1 X122.498 Y124.137 E19.86519
G1 X121.378 Y124.93 E19.91083
G1 X120.158 Y125.225 E19.95258
G1 X117.683 Y125.219 E20.0349
G1 X117.466 Y125.191 E20.04218
G1 X117.156 Y125.225 E20.05255
G1 X114.894 Y125.225 E20.12778
G1 X113.809 Y124.954 E20.16498
G1 X112.618 Y124.32 E20.20985
G1 X111.8 Y123.345 E20.25218
G1 X109.547 Y118.811 E20.42058
G1 X109.352 Y117.114 E20.47739
G1 X109.679 Y115.93 E20.51825
G1 X111.774 Y111.701 E20.67522
G1 X112.508 Y110.851 E20.71257
G0 F6000 X112.779 Y111.149
G1 F1200 X113.771 Y110.441 E20.75311
G1 X114.886 Y110.175 E20.79123
G1 X117.208 Y110.175 E20.86846
G1 X117.522 Y110.212 E20.87898
G1 X117.836 Y110.175 E20.88949
G1 X120.05 Y110.175 E20.96313
G1 X121.039 Y110.422 E20.99704
G1 X122.119 Y110.997 E21.03773
G1 X122.856 Y111.875 E21.07586
G1 X125.063 Y116.305 E21.24047
G1 X125.241 Y117.853 E21.2923
G1 X124.944 Y118.929 E21.32942
G1 X122.88 Y123.076 E21.48349
G1 X122.225 Y123.841 E21.51699
G1 X121.211 Y124.559 E21.55831
G1 X120.11 Y124.825 E21.59599
G1 X117.734 Y124.822 E21.67501
G1 X117.47 Y124.788 E21.68387
G1 X117.156 Y124.825 E21.69438
G1 X114.943 Y124.825 E21.76799
G1 X113.954 Y124.578 E21.80189
G1 X112.874 Y124.003 E21.84259
G1 X112.137 Y123.125 E21.88071
G1 X109.936 Y118.695 E22.04524
G1 X109.758 Y117.147 E22.09707
G1 X110.055 Y116.071 E22.13419
G1 X112.11 Y111.924 E22.28813
G1 X112.779 Y111.149 E22.32218
G0 F6000 X113.05 Y111.447
G1 F1200 X113.94 Y110.812 E22.35854
G1 X114.933 Y110.575 E22.3925
G1 X117.208 Y110.575 E22.46816
G1 X117.523 Y110.615 E22.47873
G1 X117.836 Y110.575 E22.48922
G1 X120.001 Y110.575 E22.56123
G1 X120.894 Y110.798 E22.59184
G1 X121.862 Y111.313 E22.62831
G1 X122.52 Y112.098 E22.66238
G1 X124.674 Y116.421 E22.82302
G1 X124.835 Y117.819 E22.86983
G1 X124.567 Y118.789 E22.9033
G1 X122.544 Y122.853 E23.05429
G1 X121.952 Y123.545 E23.08458
G1 X121.044 Y124.188 E23.12158
G1 X120.062 Y124.425 E23.15518
G1 X117.784 Y124.425 E23.23095
G1 X117.469 Y124.385 E23.24151
G1 X117.156 Y124.425 E23.25201
G1 X114.992 Y124.425 E23.32398
G1 X114.099 Y124.202 E23.35459
G1 X113.131 Y123.687 E23.39106
G1 X112.473 Y122.902 E23.42513
G1 X110.325 Y118.579 E23.58569
G1 X110.164 Y117.181 E23.63249
G1 X110.432 Y116.211 E23.66596
G1 X112.446 Y112.147 E23.81682
G1 X113.05 Y111.447 E23.84757
G0 F6000 X113.323 Y111.743
G1 F1200 X114.107 Y111.183 E23.87962
G1 X114.98 Y110.975 E23.90946
G1 X117.208 Y110.975 E23.98357
G1 X117.524 Y111.019 E23.99418
G1 X117.836 Y110.975 E24.00466
G1 X119.952 Y110.975 E24.07504
G1 X120.749 Y111.174 E24.10236
G1 X121.604 Y111.629 E24.13457
G1 X122.184 Y112.321 E24.1646
G1 X124.285 Y116.537 E24.32128
G1 X124.429 Y117.786 E24.36309
G1 X124.191 Y118.648 E24.39284
G1 X122.209 Y122.63 E24.54078
G1 X121.679 Y123.249 E24.56788
G1 X120.877 Y123.817 E24.60057
G1 X120.014 Y124.025 E24.63009
G1 X117.784 Y124.025 E24.70426
G1 X117.468 Y123.981 E24.71487
G1 X117.156 Y124.025 E24.72535
G1 X115.041 Y124.025 E24.7957
G1 X114.244 Y123.826 E24.82302
G1 X113.389 Y123.371 E24.85524
G1 X112.809 Y122.679 E24.88527
G1 X110.714 Y118.463 E25.04185
G1 X110.57 Y117.214 E25.08367
G1 X110.808 Y116.352 E25.11341
G1 X112.782 Y112.37 E25.26123
G1 X113.323 Y111.743 E25.28878
G0 F6000 X113.594 Y112.041
G1 F1200 X114.276 Y111.554 E25.31665
G1 X115.027 Y111.375 E25.34233
G1 X117.208 Y111.375 E25.41487
G1 X117.525 Y111.423 E25.42553
G1 X117.836 Y111.375 E25.436
G1 X119.903 Y111.375 E25.50475
G1 X120.604 Y111.55 E25.52878
G1 X121.348 Y111.946 E25.55681
G1 X121.847 Y112.541 E25.58264
G1 X123.896 Y116.653 E25.73544
G1 X124.023 Y117.753 E25.77227
G1 X123.815 Y118.507 E25.79829
G1 X121.873 Y122.407 E25.94319
G1 X121.406 Y122.953 E25.96709
G1 X120.71 Y123.446 E25.99546
G1 X119.966 Y123.625 E26.02091
G1 X117.784 Y123.625 E26.09348
G1 X117.467 Y123.577 E26.10415
G1 X117.156 Y123.625 E26.11461
G1 X115.09 Y123.625 E26.18333
G1 X114.389 Y123.45 E26.20736
G1 X113.645 Y123.054 E26.23539
G1 X113.146 Y122.459 E26.26122
G1 X111.103 Y118.347 E26.41394
G1 X110.976 Y117.247 E26.45076
G1 X111.184 Y116.493 E26.47678
G1 X113.118 Y112.593 E26.62157
G1 X113.594 Y112.041 E26.64581
G0 F6000 X113.865 Y112.339
G1 F1200 X114.445 Y111.925 E26.66951
G1 X115.074 Y111.775 E26.69102
G1 X117.208 Y111.775 E26.762
G1 X117.527 Y111.829 E26.77276
G1 X117.836 Y111.775 E26.78319
G1 X119.854 Y111.775 E26.85031
G1 X120.459 Y111.926 E26.87105
G1 X121.092 Y112.263 E26.8949
G1 X121.51 Y112.761 E26.91653
G1 X123.507 Y116.769 E27.06546
G1 X123.617 Y117.719 E27.09727
G1 X123.438 Y118.367 E27.11963
G1 X121.538 Y122.184 E27.26144
G1 X121.133 Y122.657 E27.28215
G1 X120.543 Y123.075 E27.3062
G1 X119.919 Y123.225 E27.32755
G1 X117.784 Y123.225 E27.39856
G1 X117.465 Y123.171 E27.40932
G1 X117.156 Y123.225 E27.41975
G1 X115.139 Y123.225 E27.48684
G1 X114.534 Y123.074 E27.50758
G1 X113.901 Y122.737 E27.53143
G1 X113.483 Y122.239 E27.55306
G1 X111.492 Y118.231 E27.7019
G1 X111.382 Y117.281 E27.73371
G1 X111.561 Y116.633 E27.75607
G1 X113.454 Y112.816 E27.89778
G1 X113.865 Y112.339 E27.91872
G0 F6000 X114.136 Y112.637
G1 F1200 X114.614 Y112.296 E27.93825
G1 X115.121 Y112.175 E27.95559
G1 X117.208 Y112.175 E28.025
G1 X117.527 Y112.236 E28.0358
G1 X117.836 Y112.175 E28.04628
G1 X119.805 Y112.175 E28.11177
G1 X120.314 Y112.302 E28.12922
G1 X120.836 Y112.58 E28.14889
G1 X121.173 Y112.981 E28.16631
G1 X123.118 Y116.885 E28.31138
G1 X123.211 Y117.686 E28.3382
G1 X123.062 Y118.226 E28.35683
G1 X121.202 Y121.961 E28.49561
G1 X120.86 Y122.361 E28.51311
G1 X120.376 Y122.704 E28.53284
G1 X119.872 Y122.825 E28.55008
G1 X117.784 Y122.825 E28.61953
G1 X117.465 Y122.764 E28.63033
G1 X117.156 Y122.825 E28.64081
G1 X115.188 Y122.825 E28.70627
G1 X114.679 Y122.698 E28.72371
G1 X114.157 Y122.42 E28.74338
G1 X113.82 Y122.019 E28.76081
G1 X111.881 Y118.115 E28.90579
G1 X111.788 Y117.314 E28.93261
G1 X111.937 Y116.774 E28.95124
G1 X113.79 Y113.039 E29.08991
G1 X114.136 Y112.637 E29.10755
G0 F6000 X114.407 Y112.935
G1 F1200 X114.783 Y112.667 E29.12291
G1 X115.168 Y112.575 E29.13608
G1 X117.208 Y112.575 E29.20393
G1 X117.529 Y112.646 E29.21486
G1 X117.836 Y112.575 E29.22534
G1 X119.756 Y112.575 E29.2892
G1 X120.171 Y112.679 E29.30343
G1 X120.58 Y112.896 E29.31883
G1 X120.836 Y113.201 E29.33208
G1 X122.729 Y117.001 E29.47328
G1 X122.805 Y117.652 E29.49508
G1 X122.685 Y118.086 E29.51005
G1 X120.866 Y121.738 E29.64575
G1 X120.587 Y122.065 E29.66005
G1 X120.209 Y122.333 E29.67546
G1 X119.825 Y122.425 E29.6886
G1 X117.784 Y122.425 E29.75648
G1 X117.463 Y122.354 E29.76741
G1 X117.156 Y122.425 E29.77789
G1 X115.237 Y122.425 E29.84172
G1 X114.822 Y122.321 E29.85595
G1 X114.413 Y122.104 E29.87135
G1 X114.157 Y121.799 E29.88459
G1 X112.27 Y117.999 E30.02571
G1 X112.194 Y117.348 E30.04751
G1 X112.314 Y116.914 E30.06248
G1 X114.126 Y113.262 E30.19808
G1 X114.407 Y112.935 E30.21242
G0 F6000 X114.678 Y113.233
G1 F1200 X114.954 Y113.037 E30.22368
G1 X115.168 Y112.975 E30.23109
G1 X117.208 Y112.975 E30.29894
G1 X117.531 Y113.06 E30.31005
G1 X117.836 Y112.975 E30.32058
G1 X119.707 Y112.975 E30.38281
G1 X120.026 Y113.055 E30.39375
G1 X120.325 Y113.214 E30.40501
G1 X120.478 Y113.379 E30.4125
G1 X122.34 Y117.117 E30.55139
G1 X122.399 Y117.619 E30.5682
G1 X122.309 Y117.945 E30.57945
G1 X120.53 Y121.515 E30.71212
G1 X120.315 Y121.767 E30.72313
G1 X120.039 Y121.963 E30.73439
G1 X119.825 Y122.025 E30.7418
G1 X117.784 Y122.025 E30.80969
G1 X117.461 Y121.94 E30.8208
G1 X117.156 Y122.025 E30.83133
G1 X115.286 Y122.025 E30.89352
G1 X114.967 Y121.945 E30.90446
G1 X114.668 Y121.786 E30.91573
G1 X114.515 Y121.621 E30.92321
G1 X112.659 Y117.883 E31.06202
G1 X112.6 Y117.381 E31.07883
G1 X112.69 Y117.055 E31.09008
G1 X114.462 Y113.485 E31.22264
G1 X114.678 Y113.233 E31.23368
G0 F6000 X115.266 Y113.775
G1 F1200 X117.156 Y113.775 E31.29654
G1 X117.275 Y113.814 E31.30071
G1 X117.356 Y113.975 E31.3067
G1 X117.356 Y121.025 E31.54118
G1 X117.317 Y121.144 E31.54535
G1 X117.156 Y121.225 E31.55134
G1 X115.335 Y121.225 E31.61191
G1 X115.187 Y121.177 E31.61708
G1 X113.406 Y117.589 E31.75032
G1 X113.406 Y117.411 E31.75624
G1 X115.156 Y113.886 E31.88713
G1 X115.266 Y113.775 E31.89233
G1 F2700 E26.89233
G0 F6000 X117.636 Y113.975
G1 F2700 E31.89233
G1 F1200 X117.675 Y113.856 E31.89649
G1 X117.836 Y113.775 E31.90249
G1 X119.658 Y113.775 E31.96309
G1 X119.806 Y113.823 E31.96826
G1 X121.593 Y117.411 E32.10158
G1 X121.593 Y117.589 E32.1075
G1 X119.837 Y121.114 E32.23849
G1 X119.727 Y121.225 E32.24368
G1 X117.836 Y121.225 E32.30658
G1 X117.717 Y121.186 E32.31074
G1 X117.636 Y121.025 E32.31674
G1 X117.636 Y113.975 E32.55122
G0 F6000 X117.502 Y113.495
G1 F1200 X117.836 Y113.375 E32.56303
G1 X119.658 Y113.375 E32.62363
G1 X119.929 Y113.443 E32.63292
G1 X120.12 Y113.557 E32.64032
G1 X121.951 Y117.233 E32.77691
G1 X121.993 Y117.589 E32.78883
G1 X121.951 Y117.767 E32.79491
G1 X120.195 Y121.292 E32.9259
G1 X120.011 Y121.507 E32.93531
G1 X119.825 Y121.625 E32.94264
G1 X117.836 Y121.625 E33.00879
G1 X117.592 Y121.566 E33.01714
G1 X117.49 Y121.505 E33.02109
G1 X117.156 Y121.625 E33.0329
G1 X115.335 Y121.625 E33.09346
G1 X115.064 Y121.557 E33.10276
G1 X114.873 Y121.443 E33.11016
G1 X113.048 Y117.767 E33.24666
G1 X113.006 Y117.411 E33.25858
G1 X113.048 Y117.233 E33.26466
G1 X114.798 Y113.708 E33.39556
G1 X114.982 Y113.493 E33.40497
G1 X115.168 Y113.375 E33.4123
G1 X117.156 Y113.375 E33.47842
G1 X117.4 Y113.434 E33.48677
G1 X117.502 Y113.495 E33.49072
G1 F2700 E28.49072
;MESH:FT09-Input Shaft.stl
G0 F6000 X118.26 Y114.399
G0 X118.437 Y120.423
;TYPE:WALL-INNER
G1 F2700 E33.49072
G1 F1200 X119.284 Y120.423 E33.51889
G1 X120.741 Y117.5 E33.62752
G1 X119.284 Y114.572 E33.7363
G1 X118.436 Y114.572 E33.7645
G1 X118.437 Y120.423 E33.95911
G0 F6000 X118.037 Y120.823
;TYPE:WALL-OUTER
G1 F1200 X119.532 Y120.823 E34.00883
G1 X121.188 Y117.5 E34.13232
G1 X119.532 Y114.172 E34.25595
G1 X118.036 Y114.172 E34.30571
G1 X118.037 Y120.823 E34.52692
G0 F6000 X118.316 Y120.545
G0 X118.536 Y120.059
G0 X118.797 Y120.059
;TYPE:SKIN
G1 F1200 X118.797 Y114.933 E34.69742
G1 X119.056 Y114.933 E34.70603
G1 X120.336 Y117.499 E34.8014
G1 X119.056 Y120.059 E34.8966
G1 X118.797 Y120.059 E34.90521
G0 F6000 X119.242 Y119.242
G1 F1200 X118.997 Y118.997 E34.91674
G0 F6000 X119.43 Y118.865
G1 F1200 X118.997 Y118.431 E34.93713
G0 F6000 X118.997 Y117.866
G1 F1200 X119.619 Y118.488 E34.96639
G0 F6000 X119.807 Y118.11
G1 F1200 X118.997 Y117.3 E35.00449
G0 F6000 X118.997 Y116.734
G1 F1200 X119.996 Y117.733 E35.05148
G0 F6000 X119.899 Y117.071
G1 F1200 X118.997 Y116.168 E35.09393
G0 F6000 X119.336 Y115.941
G1 F1200 X118.997 Y115.603 E35.10985
G1 F2700 E30.10985
G0 F6000 X118.536 Y115.603
G0 X118.266 Y120.424
G0 X116.726 Y120.424
G0 X116.556 Y120.424
;TYPE:WALL-INNER
G1 F2700 E35.10985
G1 F1200 X116.556 Y114.572 E35.30449
G1 X115.704 Y114.572 E35.33282
G1 X114.254 Y117.5 E35.4415
G1 X115.704 Y120.424 E35.55005
G1 X116.556 Y120.424 E35.57839
G0 F6000 X116.956 Y120.824
;TYPE:WALL-OUTER
G1 F1200 X116.956 Y114.172 E35.79964
G1 X115.456 Y114.172 E35.84953
G1 X113.808 Y117.5 E35.97304
G1 X115.456 Y120.824 E36.09644
G1 X116.956 Y120.824 E36.14633
G0 F6000 X116.676 Y120.545
G0 X116.456 Y120.064
G0 X116.196 Y120.064
;TYPE:SKIN
G1 F1200 X115.924 Y120.064 E36.15538
G1 X114.656 Y117.5 E36.25052
G1 X115.924 Y114.932 E36.34577
G1 X116.196 Y114.932 E36.35482
G1 X116.196 Y120.064 E36.52551
G0 F6000 X115.996 Y119.39
G1 F1200 X115.635 Y119.029 E36.54249
G0 F6000 X115.996 Y118.824
G1 F1200 X115.082 Y117.911 E36.58546
G0 F6000 X114.997 Y117.26
G1 F1200 X115.996 Y118.259 E36.63245
G0 F6000 X115.996 Y117.693
G1 F1200 X115.184 Y116.881 E36.67064
G0 F6000 X115.371 Y116.502
G1 F1200 X115.996 Y117.127 E36.70004
G0 F6000 X115.996 Y116.562
G1 F1200 X115.558 Y116.124 E36.72064
G0 F6000 X115.745 Y115.745
G1 F1200 X115.996 Y115.996 E36.73245
G0 F6000 X115.996 Y115.43
G1 F1200 X115.932 Y115.367 E36.73544
G1 F2700 E31.73544
;MESH:NONMESH
G0 F300 X115.932 Y115.367 Z0.4
G0 F6000 X115.523 Y115.164
G0 X115.807 Y114.739
G0 X116.384 Y114.744
G0 X116.726 Y120.424
G0 X118.266 Y120.424
G0 X118.436 Y120.424
;TIME_ELAPSED:65.029733
;LAYER:1
;note -- min layer time used
M106 S85
;TYPE:WALL-INNER
;MESH:FT09-Input Shaft.stl
G1 F2700 E36.73544
G1 F618.2 X119.354 Y120.424 E36.76597
G1 X120.806 Y117.506 E36.87437
G1 X120.654 Y117.219 E36.88518
G1 X119.343 Y114.572 E36.98342
G1 X118.436 Y114.572 E37.01359
G1 X118.436 Y120.424 E37.20823
G0 F7500 X118.036 Y120.824
;TYPE:WALL-OUTER
G1 F618.2 X119.595 Y120.824 E37.26008
G1 X119.833 Y120.372 E37.27707
G1 X121.255 Y117.5 E37.38366
G1 X121.012 Y117.041 E37.40094
G1 X119.591 Y114.172 E37.50742
G1 X118.036 Y114.172 E37.55914
G1 X118.036 Y120.824 E37.78039
G0 F7500 X118.316 Y120.545
G0 X118.536 Y120.064
G0 X118.796 Y120.064
;TYPE:SKIN
G1 F618.2 X118.796 Y114.932 E37.95108
G1 X119.116 Y114.932 E37.96172
G1 X120.4 Y117.509 E38.05748
G1 X119.131 Y120.064 E38.15237
G1 X118.796 Y120.064 E38.16351
G0 F7500 X118.997 Y119.722
G1 F618.2 X119.156 Y119.563 E38.17099
G0 F7500 X118.997 Y119.157
G1 F618.2 X119.714 Y118.44 E38.20471
G0 F7500 X118.997 Y118.591
G1 F618.2 X120.144 Y117.444 E38.25867
G0 F7500 X119.956 Y117.066
G1 F618.2 X118.997 Y118.025 E38.30377
G0 F7500 X118.997 Y117.46
G1 F618.2 X119.768 Y116.689 E38.34004
G0 F7500 X119.58 Y116.311
G1 F618.2 X118.997 Y116.894 E38.36746
G0 F7500 X118.997 Y116.328
G1 F618.2 X119.391 Y115.934 E38.38599
G0 F7500 X119.204 Y115.555
G1 F618.2 X118.997 Y115.763 E38.39575
G1 F2700 E33.39575
G0 F7500 X118.536 Y115.763
G0 X118.266 Y120.424
G0 X116.726 Y120.424
G0 X116.556 Y120.424
;TYPE:WALL-INNER
G1 F2700 E38.39575
G1 F618.2 X116.556 Y114.572 E38.59039
G1 X115.65 Y114.572 E38.62053
G1 X114.339 Y117.229 E38.71907
G1 X114.191 Y117.509 E38.7296
G1 X115.64 Y120.424 E38.83788
G1 X116.556 Y120.424 E38.86834
G0 F7500 X116.956 Y120.824
;TYPE:WALL-OUTER
G1 F618.2 X116.956 Y114.172 E39.08959
G1 X115.401 Y114.172 E39.14131
G1 X113.985 Y117.042 E39.24775
G1 X113.741 Y117.503 E39.2651
G1 X115.17 Y120.387 E39.37215
G1 X115.398 Y120.824 E39.38854
G1 X116.956 Y120.824 E39.44036
G0 F7500 X116.676 Y120.545
G0 X116.456 Y120.064
G0 X116.196 Y120.064
;TYPE:SKIN
G1 F618.2 X115.856 Y120.064 E39.45167
G1 X114.592 Y117.512 E39.54639
G1 X115.872 Y114.932 E39.64218
G1 X116.196 Y114.932 E39.65296
G1 X116.196 Y120.064 E39.82365
G0 F7500 X115.809 Y119.517
G1 F618.2 X115.996 Y119.329 E39.83247
G0 F7500 X115.621 Y119.138
G1 F618.2 X115.996 Y118.764 E39.85009
G0 F7500 X115.434 Y118.76
G1 F618.2 X115.996 Y118.198 E39.87652
G0 F7500 X115.996 Y117.632
G1 F618.2 X115.246 Y118.382 E39.9118
G0 F7500 X115.059 Y118.003
G1 F618.2 X115.996 Y117.066 E39.95587
G0 F7500 X115.996 Y116.501
G1 F618.2 X114.872 Y117.625 E40.00874
G0 F7500 X115.207 Y116.724
G1 F618.2 X115.996 Y115.935 E40.04585
G0 F7500 X115.763 Y115.602
G1 F618.2 X115.996 Y115.369 E40.05681
G1 F2700 E35.05681
;MESH:NONMESH
G0 F300 X115.996 Y115.369 Z0.6
G0 F7500 X116.456 Y115.369
G0 X116.726 Y120.423
G0 X118.266 Y120.423
G0 X118.437 Y120.423
;TIME_ELAPSED:77.433173
;LAYER:2
;note -- min layer time used
M106 S170
;TYPE:WALL-INNER
;MESH:FT09-Input Shaft.stl
G1 F2700 E40.05681
G1 F630 X119.409 Y120.423 E40.08914
G1 X119.724 Y119.824 E40.11165
G1 X120.877 Y117.506 E40.19776
G1 X120.53 Y116.855 E40.2223
G1 X119.399 Y114.572 E40.30704
G1 X118.436 Y114.572 E40.33907
G1 X118.437 Y120.423 E40.53367
G0 F9000 X118.037 Y120.823
;TYPE:WALL-OUTER
G1 F630 X119.651 Y120.823 E40.58735
G1 X120.082 Y120.002 E40.61819
G1 X121.327 Y117.5 E40.71114
G1 X120.888 Y116.677 E40.74217
G1 X119.647 Y114.172 E40.83515
G1 X118.036 Y114.172 E40.88873
G1 X118.037 Y120.823 E41.10994
G0 F9000 X118.316 Y120.545
G0 X118.536 Y120.06
G0 X118.796 Y120.06
;TYPE:SKIN
G1 F630 X118.796 Y114.932 E41.2805
G1 X119.175 Y114.932 E41.29311
G1 X120.208 Y117.017 E41.3705
G1 X120.471 Y117.511 E41.38911
G1 X119.403 Y119.654 E41.46875
G1 X119.19 Y120.06 E41.484
G1 X118.796 Y120.06 E41.4971
G0 F9000 X119.147 Y119.712
G1 F630 X118.995 Y119.561 E41.50423
G0 F9000 X119.338 Y119.338
G1 F630 X118.995 Y118.995 E41.52036
G0 F9000 X119.526 Y118.96
G1 F630 X118.995 Y118.43 E41.54532
G0 F9000 X118.995 Y117.864
G1 F630 X119.715 Y118.583 E41.57916
G0 F9000 X119.903 Y118.206
G1 F630 X118.995 Y117.298 E41.62187
G0 F9000 X118.995 Y116.733
G1 F630 X120.091 Y117.828 E41.6734
G0 F9000 X120.137 Y117.309
G1 F630 X118.995 Y116.167 E41.72711
G0 F9000 X118.995 Y115.601
G1 F630 X119.568 Y116.173 E41.75404
G1 F2700 E36.75404
G0 F9000 X119.98 Y115.97
G0 X120.691 Y117.509
G0 X119.308 Y120.257
G0 X118.266 Y120.424
G0 X116.726 Y120.424
G0 X116.556 Y120.424
;TYPE:WALL-INNER
G1 F2700 E41.75404
G1 F630 X116.556 Y114.572 E41.94868
G1 X115.593 Y114.572 E41.98071
G1 X114.462 Y116.862 E42.06566
G1 X114.119 Y117.506 E42.08993
G1 X115.274 Y119.838 E42.17648
G1 X115.583 Y120.424 E42.19852
G1 X116.556 Y120.424 E42.23088
G0 F9000 X116.956 Y120.824
;TYPE:WALL-OUTER
G1 F630 X116.956 Y114.172 E42.45212
G1 X115.345 Y114.172 E42.50571
G1 X114.109 Y116.674 E42.59852
G1 X113.669 Y117.5 E42.62965
G1 X114.92 Y120.024 E42.72335
G1 X115.341 Y120.824 E42.75341
G1 X116.956 Y120.824 E42.80713
G0 F9000 X116.676 Y120.545
G0 X116.456 Y120.064
G0 X116.196 Y120.064
;TYPE:SKIN
G1 F630 X115.801 Y120.064 E42.82027
G1 X115.591 Y119.668 E42.83517
G1 X114.522 Y117.512 E42.91521
G1 X114.788 Y117.015 E42.93396
G1 X115.817 Y114.932 E43.01124
G1 X116.196 Y114.932 E43.02384
G1 X116.196 Y120.064 E43.19453
G0 F9000 X115.996 Y119.39
G1 F630 X115.362 Y118.756 E43.22435
G0 F9000 X115.996 Y118.824
G1 F630 X114.805 Y117.634 E43.28035
G0 F9000 X114.923 Y117.186
G1 F630 X115.996 Y118.259 E43.33082
G0 F9000 X115.996 Y117.693
G1 F630 X115.112 Y116.809 E43.3724
G0 F9000 X115.299 Y116.43
G1 F630 X115.996 Y117.127 E43.40519
G0 F9000 X115.996 Y116.562
G1 F630 X115.486 Y116.052 E43.42918
G0 F9000 X115.673 Y115.673
G1 F630 X115.996 Y115.996 E43.44437
G0 F9000 X115.996 Y115.43
G1 F630 X115.86 Y115.294 E43.45077
G1 F2700 E38.45077
;MESH:NONMESH
G0 F300 X115.86 Y115.294 Z0.8
G0 F9000 X115.45 Y115.091
G0 X115.697 Y114.739
G0 X116.384 Y114.744
G0 X116.726 Y120.424
G0 X118.266 Y120.424
G0 X118.436 Y120.424
;TIME_ELAPSED:90.033915
;LAYER:3
;note -- min layer time used
M106 S255
;TYPE:WALL-INNER
;MESH:FT09-Input Shaft.stl
G1 F2700 E43.45077
G1 F644.8 X119.465 Y120.424 E43.48499
G1 X119.972 Y119.459 E43.52125
G1 X120.945 Y117.505 E43.59385
G1 X120.406 Y116.487 E43.63216
G1 X119.455 Y114.573 E43.70325
G1 X118.437 Y114.573 E43.73711
G1 X118.436 Y120.424 E43.93171
G0 F9000 X118.036 Y120.824
;TYPE:WALL-OUTER
G1 F644.8 X119.707 Y120.824 E43.98729
G1 X120.33 Y119.637 E44.03188
G1 X121.395 Y117.499 E44.11132
G1 X120.764 Y116.309 E44.15612
G1 X119.703 Y114.173 E44.23544
G1 X118.037 Y114.173 E44.29086
G1 X118.036 Y120.824 E44.51207
G0 F9000 X118.316 Y120.545
G0 X118.537 Y120.062
G0 X118.797 Y120.063
;TYPE:SKIN
G1 F644.8 X118.796 Y114.932 E44.68273
G1 X119.232 Y114.932 E44.69723
G1 X120.084 Y116.649 E44.76098
G1 X120.539 Y117.507 E44.79328
G1 X119.646 Y119.297 E44.85981
G1 X119.246 Y120.063 E44.88856
G1 X118.797 Y120.063 E44.90349
G0 F9000 X118.998 Y119.722
G1 F644.8 X119.42 Y119.299 E44.92336
G0 F9000 X118.998 Y119.156
G1 F644.8 X119.986 Y118.167 E44.96986
G0 F9000 X120.232 Y117.356
G1 F644.8 X118.997 Y118.591 E45.02795
G0 F9000 X118.997 Y118.025
G1 F644.8 X120.036 Y116.987 E45.0768
G0 F9000 X119.843 Y116.614
G1 F644.8 X118.997 Y117.46 E45.11659
G0 F9000 X118.997 Y116.894
G1 F644.8 X119.655 Y116.236 E45.14754
G0 F9000 X119.467 Y115.858
G1 F644.8 X118.997 Y116.328 E45.16965
G0 F9000 X118.996 Y115.763
G1 F644.8 X119.28 Y115.48 E45.18298
G0 F9000 X118.996 Y115.198
G1 F644.8 X119.062 Y115.132 E45.18609
G1 F2700 E40.18609
G0 F9000 X119.062 Y114.673
G0 X118.609 Y114.745
G0 X118.266 Y120.424
G0 X116.726 Y120.424
G0 X116.556 Y120.424
;TYPE:WALL-INNER
G1 F2700 E45.18609
G1 F644.8 X116.556 Y114.572 E45.38073
G1 X115.538 Y114.572 E45.41459
G1 X114.587 Y116.498 E45.48603
G1 X114.051 Y117.506 E45.524
G1 X115.027 Y119.475 E45.59709
G1 X115.527 Y120.424 E45.63277
G1 X116.556 Y120.424 E45.66699
G0 F9000 X116.956 Y120.824
;TYPE:WALL-OUTER
G1 F644.8 X116.956 Y114.172 E45.88824
G1 X115.289 Y114.172 E45.94368
G1 X114.233 Y116.31 E46.023
G1 X113.601 Y117.5 E46.06781
G1 X114.673 Y119.661 E46.14804
G1 X115.285 Y120.824 E46.19175
G1 X116.956 Y120.824 E46.24733
G0 F9000 X116.676 Y120.545
G0 X116.456 Y120.064
G0 X116.196 Y120.064
;TYPE:SKIN
G1 F644.8 X115.745 Y120.064 E46.26233
G1 X115.345 Y119.309 E46.29075
G1 X114.453 Y117.512 E46.35748
G1 X114.901 Y116.67 E46.3892
G1 X115.761 Y114.932 E46.4537
G1 X116.196 Y114.932 E46.46816
G1 X116.196 Y120.064 E46.63885
G0 F9000 X115.726 Y119.599
G1 F644.8 X115.996 Y119.329 E46.65155
G0 F9000 X115.53 Y119.23
G1 F644.8 X115.996 Y118.764 E46.67347
G0 F9000 X115.996 Y118.198
G1 F644.8 X115.342 Y118.852 E46.70424
G0 F9000 X115.154 Y118.474
G1 F644.8 X115.996 Y117.632 E46.74384
G0 F9000 X115.996 Y117.066
G1 F644.8 X114.966 Y118.096 E46.79229
G0 F9000 X114.779 Y117.718
G1 F644.8 X115.996 Y116.501 E46.84953
G0 F9000 X115.996 Y115.935
G1 F644.8 X114.977 Y116.954 E46.89746
G0 F9000 X114.573 Y116.739
G0 X115.134 Y115.617
G0 X115.545 Y115.821
G1 F644.8 X115.996 Y115.369 E46.9187
G1 F2700 E41.9187
;MESH:NONMESH
G0 F300 X115.996 Y115.369 Z1
G0 F9000 X116.456 Y115.369
G0 X116.726 Y120.424
G0 X118.266 Y120.424
G0 X118.436 Y120.424
;TIME_ELAPSED:102.683419
;LAYER:4
;note -- min layer time used
;TYPE:WALL-INNER
;MESH:FT09-Input Shaft.stl
G1 F2700 E46.9187
G1 F600 X119.522 Y120.424 E46.95482
G1 X120.222 Y119.098 E47.00469
G1 X121.013 Y117.505 E47.06385
G1 X120.282 Y116.123 E47.11585
G1 X119.511 Y114.572 E47.17346
G1 X118.436 Y114.572 E47.20921
G1 X118.436 Y120.424 E47.40385
G0 F9000 X118.036 Y120.824
;TYPE:WALL-OUTER
G1 F600 X119.763 Y120.824 E47.46129
G1 X120.578 Y119.28 E47.51936
G1 X121.463 Y117.499 E47.5855
G1 X120.64 Y115.945 E47.64399
G1 X119.759 Y114.172 E47.70984
G1 X118.036 Y114.172 E47.76715
G1 X118.036 Y120.824 E47.98839
G0 F9000 X118.516 Y120.256
;TYPE:FILL
G1 F600 X120.586 Y118.186 E48.08576
G0 F9000 X120.382 Y118.084
G0 X120.322 Y116.862
G0 X120.526 Y116.755
G1 F600 X118.516 Y114.744 E48.18033
G0 F9000 X118.716 Y114.855
G0 X119.55 Y115.346
G0 X119.755 Y115.245
G1 F600 X118.516 Y116.484 E48.23861
G0 F9000 X118.746 Y116.484
G0 X118.746 Y118.516
G0 X118.516 Y118.516
G1 F600 X119.775 Y119.775 E48.29783
G0 F9000 X119.309 Y119.529
G1 F2700 E43.29783
G0 F9000 X118.266 Y120.145
G0 X116.726 Y120.145
G0 X116.246 Y120.145
G0 X116.556 Y120.424
;TYPE:WALL-INNER
G1 F2700 E48.29783
G1 F600 X116.556 Y114.572 E48.49247
G1 X115.481 Y114.572 E48.52822
G1 X114.711 Y116.129 E48.58599
G1 X113.983 Y117.505 E48.63777
G1 X114.78 Y119.112 E48.69743
G1 X115.471 Y120.424 E48.74675
G1 X116.556 Y120.424 E48.78284
G0 F9000 X116.956 Y120.824
;TYPE:WALL-OUTER
G1 F600 X116.956 Y114.172 E49.00408
G1 X115.233 Y114.172 E49.06139
G1 X114.357 Y115.942 E49.12708
G1 X113.533 Y117.499 E49.18567
G1 X114.426 Y119.298 E49.25247
G1 X115.229 Y120.824 E49.30982
G1 X116.956 Y120.824 E49.36726
G0 F9000 X116.476 Y120.248
;TYPE:FILL
G1 F600 X114.404 Y118.176 E49.46472
G0 F9000 X114.611 Y118.074
G0 X114.671 Y116.87
G0 X114.466 Y116.762
G1 F600 X116.476 Y114.752 E49.55927
G0 F9000 X116.276 Y114.855
G0 X115.445 Y115.342
G0 X115.24 Y115.24
G1 F600 X116.476 Y116.476 E49.61741
G0 F9000 X116.246 Y116.476
G0 X116.246 Y118.524
G0 X116.476 Y118.524
G1 F600 X115.222 Y119.778 E49.67639
G0 F9000 X115.691 Y119.533
G1 F2700 E44.67639
;MESH:NONMESH
G0 F300 X115.691 Y119.533 Z1.2
G0 F9000 X116.726 Y120.145
G0 X118.266 Y120.145
G0 X118.746 Y120.145
G0 X118.437 Y120.423
;TIME_ELAPSED:113.354974
;LAYER:5
;note -- min layer time used
;TYPE:WALL-INNER
;MESH:FT09-Input Shaft.stl
G1 F2700 E49.67639
G1 F600 X119.578 Y120.423 E49.71434
G1 X120.475 Y118.723 E49.77827
G1 X121.081 Y117.505 E49.82352
G1 X120.154 Y115.755 E49.88938
G1 X119.568 Y114.572 E49.93329
G1 X118.436 Y114.572 E49.97094
G1 X118.437 Y120.423 E50.16555
G0 F9000 X118.037 Y120.823
;TYPE:WALL-OUTER
G1 F600 X119.819 Y120.823 E50.22482
G1 X120.833 Y118.901 E50.2971
G1 X121.531 Y117.499 E50.34919
G1 X120.512 Y115.577 E50.42154
G1 X119.816 Y114.172 E50.47369
G1 X118.036 Y114.172 E50.53289
G1 X118.037 Y120.823 E50.75411
G0 F9000 X118.517 Y120.254
;TYPE:FILL
G1 F600 X120.719 Y118.052 E50.85768
G0 F9000 X120.517 Y117.951
G0 X120.465 Y117.003
G0 X120.668 Y116.897
G1 F600 X118.516 Y114.744 E50.95893
G0 F9000 X118.716 Y114.855
G0 X119.588 Y115.308
G0 X119.793 Y115.207
G1 F600 X118.517 Y116.483 E51.01895
G0 F9000 X118.746 Y116.483
G0 X118.746 Y118.517
G0 X118.517 Y118.517
G1 F600 X119.811 Y119.811 E51.07981
G0 F9000 X119.346 Y119.565
G1 F2700 E46.07981
G0 F9000 X118.266 Y120.145
G0 X116.726 Y120.145
G0 X116.246 Y120.145
G0 X116.556 Y120.424
;TYPE:WALL-INNER
G1 F2700 E51.07981
G1 F600 X116.556 Y114.572 E51.27445
G1 X115.422 Y114.572 E51.31217
G1 X114.835 Y115.765 E51.35639
G1 X113.915 Y117.506 E51.42189
G1 X114.529 Y118.746 E51.46791
G1 X115.411 Y120.424 E51.53096
G1 X116.556 Y120.424 E51.56904
G0 F9000 X116.956 Y120.824
;TYPE:WALL-OUTER
G1 F600 X116.956 Y114.172 E51.79029
G1 X115.173 Y114.172 E51.84959
G1 X114.481 Y115.578 E51.90171
G1 X113.465 Y117.5 E51.97402
G1 X114.175 Y118.932 E52.02718
G1 X115.169 Y120.824 E52.09826
G1 X116.956 Y120.824 E52.1577
G0 F9000 X116.476 Y120.248
;TYPE:FILL
G1 F600 X114.267 Y118.039 E52.26161
G0 F9000 X114.475 Y117.937
G0 X114.527 Y117.014
G0 X114.322 Y116.906
G1 F600 X116.476 Y114.752 E52.36292
G0 F9000 X116.276 Y114.855
G0 X115.407 Y115.304
G0 X115.201 Y115.201
G1 F600 X116.476 Y116.476 E52.42289
G0 F9000 X116.246 Y116.476
G0 X116.246 Y118.524
G0 X116.476 Y118.524
G1 F600 X115.183 Y119.817 E52.48371
G0 F9000 X115.653 Y119.571
G1 F2700 E47.48371
;MESH:NONMESH
G0 F300 X115.653 Y119.571 Z1.4
G0 F9000 X116.726 Y120.145
G0 X118.266 Y120.145
G0 X118.746 Y120.145
G0 X118.437 Y120.423
;TIME_ELAPSED:124.149273
;LAYER:6
;note -- min layer time used
;TYPE:WALL-INNER
;MESH:FT09-Input Shaft.stl
G1 F2700 E52.48371
G1 F600 X119.634 Y120.423 E52.52353
G1 X120.727 Y118.353 E52.60138
G1 X121.149 Y117.505 E52.63289
G1 X120.029 Y115.39 E52.71249
G1 X119.626 Y114.572 E52.74282
G1 X118.436 Y114.572 E52.7824
G1 X118.437 Y120.423 E52.977
G0 F9000 X118.037 Y120.823
;TYPE:WALL-OUTER
G1 F600 X119.875 Y120.823 E53.03813
G1 X121.085 Y118.531 E53.12434
G1 X121.599 Y117.499 E53.16268
G1 X120.388 Y115.213 E53.24872
G1 X119.875 Y114.172 E53.28732
G1 X118.036 Y114.172 E53.34849
G1 X118.037 Y120.823 E53.5697
G0 F9000 X118.517 Y120.254
;TYPE:FILL
G1 F600 X120.854 Y117.917 E53.67963
G0 F9000 X120.813 Y117.041
G1 F600 X118.516 Y114.744 E53.78767
G0 F9000 X118.716 Y114.855
G0 X119.627 Y115.27
G0 X119.831 Y115.169
G1 F600 X118.517 Y116.483 E53.84948
G0 F9000 X118.746 Y116.483
G0 X118.746 Y118.517
G0 X118.517 Y118.517
G1 F600 X119.848 Y119.848 E53.91208
G0 F9000 X119.384 Y119.602
G1 F2700 E48.91208
G0 F9000 X118.266 Y120.145
G0 X116.726 Y120.145
G0 X116.246 Y120.145
G0 X116.556 Y120.424
;TYPE:WALL-INNER
G1 F2700 E53.91208
G1 F600 X116.556 Y114.572 E54.10672
G1 X115.366 Y114.572 E54.1463
G1 X114.959 Y115.397 E54.1769
G1 X113.846 Y117.505 E54.25618
G1 X114.281 Y118.384 E54.2888
G1 X115.355 Y120.424 E54.36548
G1 X116.556 Y120.424 E54.40543
G0 F9000 X116.956 Y120.824
;TYPE:WALL-OUTER
G1 F600 X116.956 Y114.172 E54.62668
G1 X115.117 Y114.172 E54.68784
G1 X114.605 Y115.21 E54.72634
G1 X113.397 Y117.499 E54.81242
G1 X113.927 Y118.57 E54.85216
G1 X115.113 Y120.824 E54.93688
G1 X116.956 Y120.824 E54.99818
G0 F9000 X116.476 Y120.248
;TYPE:FILL
G1 F600 X114.133 Y117.904 E55.10841
G0 F9000 X114.175 Y117.053
G1 F600 X116.476 Y114.752 E55.21664
G0 F9000 X116.276 Y114.855
G0 X115.37 Y115.266
G0 X115.163 Y115.163
G1 F600 X116.476 Y116.476 E55.2784
G0 F9000 X116.246 Y116.476
G0 X116.246 Y118.524
G0 X116.476 Y118.524
G1 F600 X115.146 Y119.854 E55.34096
G0 F9000 X115.616 Y119.61
G1 F2700 E50.34096
;MESH:NONMESH
G0 F300 X115.616 Y119.61 Z1.6
G0 F9000 X116.726 Y120.145
G0 X118.266 Y120.145
G0 X118.746 Y120.145
G0 X118.436 Y120.424
;TIME_ELAPSED:135.010876
;LAYER:7
;note -- min layer time used
;TYPE:WALL-INNER
;MESH:FT09-Input Shaft.stl
G1 F2700 E55.34096
G1 F600 X119.69 Y120.424 E55.38267
G1 X120.975 Y117.991 E55.47418
G1 X121.217 Y117.505 E55.49224
G1 X119.894 Y115.001 E55.58643
G1 X119.682 Y114.572 E55.60235
G1 X118.436 Y114.572 E55.64379
G1 X118.436 Y120.424 E55.83843
G0 F9000 X118.036 Y120.824
;TYPE:WALL-OUTER
G1 F600 X119.931 Y120.824 E55.90146
G1 X121.333 Y118.169 E56.00132
G1 X121.667 Y117.499 E56.02622
G1 X120.264 Y114.849 E56.12595
G1 X119.931 Y114.172 E56.15104
G1 X118.036 Y114.172 E56.21407
G1 X118.036 Y120.824 E56.43532
G0 F9000 X118.516 Y120.256
;TYPE:FILL
G1 F600 X120.99 Y117.782 E56.55168
G0 F9000 X120.958 Y117.186
G1 F600 X118.516 Y114.744 E56.66655
G0 F9000 X118.716 Y114.855
G0 X119.668 Y115.235
G0 X119.87 Y115.13
G1 F600 X118.516 Y116.484 E56.73024
G0 F9000 X118.746 Y116.484
G0 X118.746 Y118.516
G0 X118.516 Y118.516
G1 F600 X119.885 Y119.885 E56.79463
G0 F9000 X119.421 Y119.64
G1 F2700 E51.79463
G0 F9000 X118.266 Y120.145
G0 X116.726 Y120.145
G0 X116.246 Y120.145
G0 X116.556 Y120.424
;TYPE:WALL-INNER
G1 F2700 E56.79463
G1 F600 X116.556 Y114.572 E56.98927
G1 X115.308 Y114.572 E57.03078
G1 X115.08 Y115.032 E57.04785
G1 X113.779 Y117.507 E57.14085
G1 X114.031 Y118.011 E57.15959
G1 X115.299 Y120.424 E57.25026
G1 X116.556 Y120.424 E57.29207
G0 F9000 X116.956 Y120.824
;TYPE:WALL-OUTER
G1 F600 X116.956 Y114.172 E57.51331
G1 X115.06 Y114.172 E57.57637
G1 X114.726 Y114.846 E57.60139
G1 X113.329 Y117.503 E57.70123
G1 X113.677 Y118.197 E57.72706
G1 X115.057 Y120.824 E57.82575
G1 X116.956 Y120.824 E57.88891
G0 F9000 X116.476 Y120.248
;TYPE:FILL
G1 F600 X113.999 Y117.771 E58.00542
G0 F9000 X114.032 Y117.196
G1 F600 X116.476 Y114.752 E58.12038
G0 F9000 X116.276 Y114.855
G0 X115.328 Y115.231
G0 X115.122 Y115.122
G1 F600 X116.476 Y116.476 E58.18407
G0 F9000 X116.246 Y116.476
G0 X116.246 Y118.524
G0 X116.476 Y118.524
G1 F600 X115.109 Y119.891 E58.24837
G0 F9000 X115.578 Y119.645
G1 F2700 E53.24837
;MESH:NONMESH
G0 F300 X115.578 Y119.645 Z1.8
G0 F9000 X116.726 Y120.145
G0 X118.266 Y120.145
G0 X118.746 Y120.145
G0 X118.436 Y120.424
;TIME_ELAPSED:145.993280
;LAYER:8
;note -- min layer time used
;TYPE:WALL-INNER
;MESH:FT09-Input Shaft.stl
G1 F2700 E58.24837
G1 F600 X119.75 Y120.424 E58.29207
G1 X121.286 Y117.507 E58.40172
G1 X119.739 Y114.572 E58.51207
G1 X118.437 Y114.573 E58.55538
G1 X118.436 Y120.424 E58.74998
G0 F9000 X118.036 Y120.824
;TYPE:WALL-OUTER
G1 F600 X119.991 Y120.824 E58.815
G1 X121.581 Y117.812 E58.92829
G1 X121.735 Y117.5 E58.93986
G1 X120.136 Y114.473 E59.05372
G1 X119.987 Y114.172 E59.06489
G1 X118.037 Y114.173 E59.12975
G1 X118.036 Y120.824 E59.35096
G0 F9000 X118.517 Y120.255
;TYPE:FILL
G1 F600 X121.127 Y117.645 E59.47373
G0 F9000 X121.105 Y117.333
G1 F600 X118.516 Y114.744 E59.59551
G0 F9000 X118.716 Y114.855
G0 X119.712 Y115.19
G0 X119.915 Y115.084
G1 F600 X118.517 Y116.483 E59.66129
G0 F9000 X118.746 Y116.483
G0 X118.746 Y118.516
G0 X118.516 Y118.516
G1 F600 X119.923 Y119.923 E59.72747
G0 F9000 X119.458 Y119.677
G1 F2700 E54.72747
G0 F9000 X118.266 Y120.145
G0 X116.726 Y120.145
G0 X116.246 Y120.145
G0 X116.556 Y120.424
;TYPE:WALL-INNER
G1 F2700 E59.72747
G1 F600 X116.556 Y114.572 E59.92211
G1 X115.25 Y114.572 E59.96554
G1 X113.711 Y117.507 E60.07577
G1 X115.243 Y120.424 E60.18536
G1 X116.556 Y120.424 E60.22903
G0 F9000 X116.956 Y120.824
;TYPE:WALL-OUTER
G1 F600 X116.956 Y114.172 E60.45027
G1 X115.001 Y114.172 E60.5153
G1 X114.85 Y114.482 E60.52676
G1 X113.261 Y117.503 E60.6403
G1 X115.001 Y120.824 E60.76499
G1 X116.956 Y120.824 E60.83002
G0 F9000 X116.476 Y120.248
;TYPE:FILL
G1 F600 X113.868 Y117.639 E60.95271
G0 F9000 X113.887 Y117.341
G1 F600 X116.476 Y114.752 E61.07449
G0 F9000 X116.276 Y114.855
G0 X115.283 Y115.186
G0 X115.078 Y115.078
G1 F600 X116.476 Y116.476 E61.14025
G0 F9000 X116.246 Y116.476
G0 X116.246 Y118.524
G0 X116.476 Y118.524
G1 F600 X115.073 Y119.927 E61.20624
G0 F9000 X115.54 Y119.682
;MESH:NONMESH
G0 F300 X115.54 Y119.682 Z2
G0 F9000 X116.276 Y120.145
G0 X116.556 Y120.424
;TIME_ELAPSED:156.795247
;LAYER:9
;note -- min layer time used
;TYPE:WALL-INNER
;MESH:FT09-Input Shaft.stl
G1 F600 X116.556 Y114.572 E61.40088
G1 X115.183 Y114.572 E61.44655
G1 X113.646 Y117.499 E61.55651
G1 X115.183 Y120.424 E61.66641
G1 X116.556 Y120.424 E61.71207
G0 F9000 X116.956 Y120.824
;TYPE:WALL-OUTER
G1 F600 X116.956 Y114.172 E61.93332
G1 X114.941 Y114.172 E62.00034
G1 X113.194 Y117.499 E62.12532
G1 X114.941 Y120.824 E62.25025
G1 X116.956 Y120.824 E62.31727
G0 F9000 X116.476 Y120.248
;TYPE:FILL
G1 F600 X113.745 Y117.517 E62.44572
G1 X113.744 Y117.484
G1 X116.476 Y114.752 E62.57423
G0 F9000 X116.276 Y114.855
G0 X115.237 Y115.14
G0 X115.031 Y115.031
G1 F600 X116.476 Y116.476 E62.6422
G0 F9000 X116.246 Y116.476
G0 X116.246 Y118.524
G0 X116.476 Y118.524
G1 F600 X115.034 Y119.966 E62.71002
G0 F9000 X115.504 Y119.72
G1 F2700 E57.71002
G0 F9000 X116.726 Y120.145
G0 X118.266 Y120.145
G0 X118.746 Y120.145
G0 X118.436 Y120.424
;TYPE:WALL-INNER
G1 F2700 E62.71002
G1 F600 X119.806 Y120.424 E62.75559
G1 X121.349 Y117.499 E62.86558
G1 X119.806 Y114.572 E62.97563
G1 X118.436 Y114.572 E63.0212
G1 X118.436 Y120.424 E63.21584
G0 F9000 X118.036 Y120.824
;TYPE:WALL-OUTER
G1 F600 X120.047 Y120.824 E63.28273
G1 X121.801 Y117.499 E63.40776
G1 X120.047 Y114.172 E63.53285
G1 X118.036 Y114.172 E63.59974
G1 X118.036 Y120.824 E63.82099
G0 F9000 X118.516 Y120.256
;TYPE:FILL
G1 F600 X121.243 Y117.529 E63.94925
G1 X121.247 Y117.475
G1 X118.516 Y114.744 E64.07771
G0 F9000 X118.716 Y114.855
G0 X119.759 Y115.144
G0 X119.961 Y115.039
G1 F600 X118.516 Y116.484 E64.14568
G0 F9000 X118.746 Y116.484
G0 X118.746 Y118.516
G0 X118.516 Y118.516
G1 F600 X119.96 Y119.96 E64.2136
G0 F9000 X119.496 Y119.714
G1 F2700 E59.2136
;MESH:NONMESH
G0 F300 X119.496 Y119.714 Z2.2
G0 F9000 X118.266 Y120.145
G0 X116.726 Y120.145
G0 X116.246 Y120.145
G0 X116.556 Y120.424
;TIME_ELAPSED:167.757934
;LAYER:10
;note -- min layer time used
;TYPE:WALL-INNER
;MESH:FT09-Input Shaft.stl
G1 F2700 E64.2136
G1 F600 X116.556 Y114.572 E64.40824
G1 X115.808 Y114.572 E64.43312
G1 X114.125 Y117.5 E64.54545
G1 X115.807 Y120.424 E64.65764
G1 X116.556 Y120.424 E64.68255
G0 F9000 X116.956 Y120.824
;TYPE:WALL-OUTER
G1 F600 X116.956 Y114.172 E64.9038
G1 X115.576 Y114.172 E64.9497
G1 X113.663 Y117.5 E65.07737
G1 X115.576 Y120.824 E65.20493
G1 X116.956 Y120.824 E65.25083
G0 F9000 X116.476 Y120.248
;TYPE:FILL
G1 F600 X114.88 Y118.652 E65.3259
G0 F9000 X115.079 Y118.539
G0 X115.615 Y119.47
G0 X115.417 Y119.583
G1 F600 X116.476 Y118.524 E65.37571
G0 F9000 X116.246 Y118.524
G0 X116.246 Y116.476
G0 X116.476 Y116.476
G1 F600 X115.415 Y115.415 E65.42562
G0 F9000 X115.614 Y115.53
G0 X115.078 Y116.462
G0 X114.88 Y116.348
G1 F600 X116.476 Y114.752 E65.50069
G0 F9000 X116.186 Y115.138
G1 F2700 E60.50069
G0 F9000 X116.726 Y120.145
G0 X118.266 Y120.145
G0 X118.746 Y120.145
G0 X118.436 Y120.424
;TYPE:WALL-INNER
G1 F2700 E65.50069
G1 F600 X119.181 Y120.424 E65.52547
G1 X120.87 Y117.5 E65.63778
G1 X119.181 Y114.573 E65.75018
G1 X118.437 Y114.573 E65.77492
G1 X118.436 Y120.424 E65.96953
G0 F9000 X118.036 Y120.824
;TYPE:WALL-OUTER
G1 F600 X119.412 Y120.824 E66.01529
G1 X121.332 Y117.5 E66.14297
G1 X119.412 Y114.173 E66.27073
G1 X118.037 Y114.173 E66.31646
G1 X118.036 Y120.824 E66.53768
G0 F9000 X118.517 Y120.255
;TYPE:FILL
G1 F600 X120.102 Y118.669 E66.61225
G0 F9000 X119.908 Y118.556
G0 X119.383 Y119.464
G0 X119.578 Y119.578
G1 F600 X118.516 Y118.516 E66.66221
G0 F9000 X118.746 Y118.516
G0 X118.746 Y116.483
G0 X118.517 Y116.483
G1 F600 X119.578 Y115.422 E66.71211
G0 F9000 X119.382 Y115.535
G0 X119.908 Y116.446
G0 X120.104 Y116.333
G1 F600 X118.516 Y114.744 E66.78683
G0 F9000 X118.806 Y115.137
G1 F2700 E61.78683
;MESH:NONMESH
G0 F300 X118.806 Y115.137 Z2.4
G0 F9000 X118.266 Y120.145
G0 X116.726 Y120.145
G0 X116.246 Y120.145
G0 X116.556 Y120.424
;TIME_ELAPSED:178.180336
;LAYER:11
;note -- min layer time used
;TYPE:WALL-INNER
;MESH:FT09-Input Shaft.stl
G1 F2700 E66.78683
G1 F600 X116.556 Y114.572 E66.98147
G1 X115.808 Y114.572 E67.00635
G1 X114.125 Y117.5 E67.11867
G1 X115.807 Y120.424 E67.23087
G1 X116.556 Y120.424 E67.25578
G0 F9000 X116.956 Y120.824
;TYPE:WALL-OUTER
G1 F600 X116.956 Y114.172 E67.47703
G1 X115.576 Y114.172 E67.52293
G1 X113.663 Y117.5 E67.6506
G1 X115.576 Y120.824 E67.77816
G1 X116.956 Y120.824 E67.82406
G0 F9000 X116.476 Y120.248
;TYPE:FILL
G1 F600 X114.88 Y118.652 E67.89913
G0 F9000 X115.079 Y118.539
G0 X115.615 Y119.47
G0 X115.417 Y119.583
G1 F600 X116.476 Y118.524 E67.94894
G0 F9000 X116.246 Y118.524
G0 X116.246 Y116.476
G0 X116.476 Y116.476
G1 F600 X115.415 Y115.415 E67.99885
G0 F9000 X115.614 Y115.53
G0 X115.078 Y116.462
G0 X114.88 Y116.348
G1 F600 X116.476 Y114.752 E68.07392
G0 F9000 X116.186 Y115.138
G1 F2700 E63.07392
G0 F9000 X116.726 Y120.145
G0 X118.266 Y120.145
G0 X118.746 Y120.145
G0 X118.436 Y120.424
;TYPE:WALL-INNER
G1 F2700 E68.07392
G1 F600 X119.181 Y120.424 E68.0987
G1 X120.87 Y117.5 E68.21101
G1 X119.181 Y114.573 E68.32341
G1 X118.437 Y114.573 E68.34815
G1 X118.436 Y120.424 E68.54276
G0 F9000 X118.036 Y120.824
;TYPE:WALL-OUTER
G1 F600 X119.412 Y120.824 E68.58852
G1 X121.332 Y117.5 E68.7162
G1 X119.412 Y114.173 E68.84396
G1 X118.037 Y114.173 E68.88969
G1 X118.036 Y120.824 E69.1109
G0 F9000 X118.517 Y120.255
;TYPE:FILL
G1 F600 X120.102 Y118.669 E69.18548
G0 F9000 X119.908 Y118.556
G0 X119.383 Y119.464
G0 X119.578 Y119.578
G1 F600 X118.516 Y118.516 E69.23543
G0 F9000 X118.746 Y118.516
G0 X118.746 Y116.483
G0 X118.517 Y116.483
G1 F600 X119.578 Y115.422 E69.28534
G0 F9000 X119.382 Y115.535
G0 X119.908 Y116.446
G0 X120.104 Y116.333
G1 F600 X118.516 Y114.744 E69.36006
G0 F9000 X118.806 Y115.137
G1 F2700 E64.36006
;MESH:NONMESH
G0 F300 X118.806 Y115.137 Z2.6
G0 F9000 X118.266 Y120.145
G0 X116.726 Y120.145
G0 X116.246 Y120.145
G0 X116.556 Y120.424
;TIME_ELAPSED:188.602738
;LAYER:12
;note -- min layer time used
;TYPE:WALL-INNER
;MESH:FT09-Input Shaft.stl
G1 F2700 E69.36006
G1 F600 X116.556 Y114.572 E69.5547
G1 X115.808 Y114.572 E69.57958
G1 X114.125 Y117.5 E69.6919
G1 X115.807 Y120.424 E69.8041
G1 X116.556 Y120.424 E69.82901
G0 F9000 X116.956 Y120.824
;TYPE:WALL-OUTER
G1 F600 X116.956 Y114.172 E70.05026
G1 X115.576 Y114.172 E70.09616
G1 X113.663 Y117.5 E70.22383
G1 X115.576 Y120.824 E70.35139
G1 X116.956 Y120.824 E70.39729
G0 F9000 X116.476 Y120.248
;TYPE:FILL
G1 F600 X114.88 Y118.652 E70.47236
G0 F9000 X115.079 Y118.539
G0 X115.615 Y119.47
G0 X115.417 Y119.583
G1 F600 X116.476 Y118.524 E70.52217
G0 F9000 X116.246 Y118.524
G0 X116.246 Y116.476
G0 X116.476 Y116.476
G1 F600 X115.415 Y115.415 E70.57208
G0 F9000 X115.614 Y115.53
G0 X115.078 Y116.462
G0 X114.88 Y116.348
G1 F600 X116.476 Y114.752 E70.64715
G0 F9000 X116.186 Y115.138
G1 F2700 E65.64715
G0 F9000 X116.726 Y120.145
G0 X118.266 Y120.145
G0 X118.746 Y120.145
G0 X118.436 Y120.424
;TYPE:WALL-INNER
G1 F2700 E70.64715
G1 F600 X119.181 Y120.424 E70.67193
G1 X120.87 Y117.5 E70.78424
G1 X119.181 Y114.573 E70.89663
G1 X118.437 Y114.573 E70.92138
G1 X118.436 Y120.424 E71.11599
G0 F9000 X118.036 Y120.824
;TYPE:WALL-OUTER
G1 F600 X119.412 Y120.824 E71.16175
G1 X121.332 Y117.5 E71.28943
G1 X119.412 Y114.173 E71.41719
G1 X118.037 Y114.173 E71.46292
G1 X118.036 Y120.824 E71.68413
G0 F9000 X118.517 Y120.255
;TYPE:FILL
G1 F600 X120.102 Y118.669 E71.75871
G0 F9000 X119.908 Y118.556
G0 X119.383 Y119.464
G0 X119.578 Y119.578
G1 F600 X118.516 Y118.516 E71.80866
G0 F9000 X118.746 Y118.516
G0 X118.746 Y116.483
G0 X118.517 Y116.483
G1 F600 X119.578 Y115.422 E71.85857
G0 F9000 X119.382 Y115.535
G0 X119.908 Y116.446
G0 X120.104 Y116.333
G1 F600 X118.516 Y114.744 E71.93329
G0 F9000 X118.806 Y115.137
G1 F2700 E66.93329
;MESH:NONMESH
G0 F300 X118.806 Y115.137 Z2.8
G0 F9000 X118.266 Y120.145
G0 X116.726 Y120.145
G0 X116.246 Y120.145
G0 X116.556 Y120.424
;TIME_ELAPSED:199.025139
;LAYER:13
;note -- min layer time used
;TYPE:WALL-INNER
;MESH:FT09-Input Shaft.stl
G1 F2700 E71.93329
G1 F600 X116.556 Y114.572 E72.12793
G1 X115.808 Y114.572 E72.1528
G1 X114.125 Y117.5 E72.26513
G1 X115.807 Y120.424 E72.37733
G1 X116.556 Y120.424 E72.40224
G0 F9000 X116.956 Y120.824
;TYPE:WALL-OUTER
G1 F600 X116.956 Y114.172 E72.62348
G1 X115.576 Y114.172 E72.66938
G1 X113.663 Y117.5 E72.79706
G1 X115.576 Y120.824 E72.92462
G1 X116.956 Y120.824 E72.97051
G0 F9000 X116.476 Y120.248
;TYPE:FILL
G1 F600 X114.88 Y118.652 E73.04559
G0 F9000 X115.079 Y118.539
G0 X115.615 Y119.47
G0 X115.417 Y119.583
G1 F600 X116.476 Y118.524 E73.0954
G0 F9000 X116.246 Y118.524
G0 X116.246 Y116.476
G0 X116.476 Y116.476
G1 F600 X115.415 Y115.415 E73.1453
G0 F9000 X115.614 Y115.53
G0 X115.078 Y116.462
G0 X114.88 Y116.348
G1 F600 X116.476 Y114.752 E73.22038
G0 F9000 X116.186 Y115.138
G1 F2700 E68.22038
G0 F9000 X116.726 Y120.145
G0 X118.266 Y120.145
G0 X118.746 Y120.145
G0 X118.436 Y120.424
;TYPE:WALL-INNER
G1 F2700 E73.22038
G1 F600 X119.181 Y120.424 E73.24515
G1 X120.87 Y117.5 E73.35747
G1 X119.181 Y114.573 E73.46986
G1 X118.437 Y114.573 E73.49461
G1 X118.436 Y120.424 E73.68921
G0 F9000 X118.036 Y120.824
;TYPE:WALL-OUTER
G1 F600 X119.412 Y120.824 E73.73498
G1 X121.332 Y117.5 E73.86265
G1 X119.412 Y114.173 E73.99042
G1 X118.037 Y114.173 E74.03615
G1 X118.036 Y120.824 E74.25736
G0 F9000 X118.517 Y120.255
;TYPE:FILL
G1 F600 X120.102 Y118.669 E74.33194
G0 F9000 X119.908 Y118.556
G0 X119.383 Y119.464
G0 X119.578 Y119.578
G1 F600 X118.516 Y118.516 E74.38189
G0 F9000 X118.746 Y118.516
G0 X118.746 Y116.483
G0 X118.517 Y116.483
G1 F600 X119.578 Y115.422 E74.4318
G0 F9000 X119.382 Y115.535
G0 X119.908 Y116.446
G0 X120.104 Y116.333
G1 F600 X118.516 Y114.744 E74.50652
G0 F9000 X118.806 Y115.137
G1 F2700 E69.50652
;MESH:NONMESH
G0 F300 X118.806 Y115.137 Z3
G0 F9000 X118.266 Y120.145
G0 X116.726 Y120.145
G0 X116.246 Y120.145
G0 X116.556 Y120.424
;TIME_ELAPSED:209.447541
;LAYER:14
;note -- min layer time used
;TYPE:WALL-INNER
;MESH:FT09-Input Shaft.stl
G1 F2700 E74.50652
G1 F600 X116.556 Y114.572 E74.70115
G1 X115.808 Y114.572 E74.72603
G1 X114.125 Y117.5 E74.83836
G1 X115.807 Y120.424 E74.95055
G1 X116.556 Y120.424 E74.97547
G0 F9000 X116.956 Y120.824
;TYPE:WALL-OUTER
G1 F600 X116.956 Y114.172 E75.19671
G1 X115.576 Y114.172 E75.24261
G1 X113.663 Y117.5 E75.37029
G1 X115.576 Y120.824 E75.49784
G1 X116.956 Y120.824 E75.54374
G0 F9000 X116.476 Y120.248
;TYPE:FILL
G1 F600 X114.88 Y118.652 E75.61881
G0 F9000 X115.079 Y118.539
G0 X115.615 Y119.47
G0 X115.417 Y119.583
G1 F600 X116.476 Y118.524 E75.66863
G0 F9000 X116.246 Y118.524
G0 X116.246 Y116.476
G0 X116.476 Y116.476
G1 F600 X115.415 Y115.415 E75.71853
G0 F9000 X115.614 Y115.53
G0 X115.078 Y116.462
G0 X114.88 Y116.348
G1 F600 X116.476 Y114.752 E75.7936
G0 F9000 X116.186 Y115.138
G1 F2700 E70.7936
G0 F9000 X116.726 Y120.145
G0 X118.266 Y120.145
G0 X118.746 Y120.145
G0 X118.436 Y120.424
;TYPE:WALL-INNER
G1 F2700 E75.7936
G1 F600 X119.181 Y120.424 E75.81838
G1 X120.87 Y117.5 E75.93069
G1 X119.181 Y114.573 E76.04309
G1 X118.437 Y114.573 E76.06784
G1 X118.436 Y120.424 E76.26244
G0 F9000 X118.036 Y120.824
;TYPE:WALL-OUTER
G1 F600 X119.412 Y120.824 E76.30821
G1 X121.332 Y117.5 E76.43588
G1 X119.412 Y114.173 E76.56364
G1 X118.037 Y114.173 E76.60938
G1 X118.036 Y120.824 E76.83059
G0 F9000 X118.517 Y120.255
;TYPE:FILL
G1 F600 X120.102 Y118.669 E76.90517
G0 F9000 X119.908 Y118.556
G0 X119.383 Y119.464
G0 X119.578 Y119.578
G1 F600 X118.516 Y118.516 E76.95512
G0 F9000 X118.746 Y118.516
G0 X118.746 Y116.483
G0 X118.517 Y116.483
G1 F600 X119.578 Y115.422 E77.00503
G0 F9000 X119.382 Y115.535
G0 X119.908 Y116.446
G0 X120.104 Y116.333
G1 F600 X118.516 Y114.744 E77.07974
G0 F9000 X118.806 Y115.137
G1 F2700 E72.07974
;MESH:NONMESH
G0 F300 X118.806 Y115.137 Z3.2
G0 F9000 X118.266 Y120.145
G0 X116.726 Y120.145
G0 X116.246 Y120.145
G0 X116.556 Y120.424
;TIME_ELAPSED:219.869943
;LAYER:15
;note -- min layer time used
;TYPE:WALL-INNER
;MESH:FT09-Input Shaft.stl
G1 F2700 E77.07974
G1 F600 X116.556 Y114.572 E77.27438
G1 X115.808 Y114.572 E77.29926
G1 X114.125 Y117.5 E77.41159
G1 X115.807 Y120.424 E77.52378
G1 X116.556 Y120.424 E77.5487
G0 F9000 X116.956 Y120.824
;TYPE:WALL-OUTER
G1 F600 X116.956 Y114.172 E77.76994
G1 X115.576 Y114.172 E77.81584
G1 X113.663 Y117.5 E77.94351
G1 X115.576 Y120.824 E78.07107
G1 X116.956 Y120.824 E78.11697
G0 F9000 X116.476 Y120.248
;TYPE:FILL
G1 F600 X114.88 Y118.652 E78.19204
G0 F9000 X115.079 Y118.539
G0 X115.615 Y119.47
G0 X115.417 Y119.583
G1 F600 X116.476 Y118.524 E78.24185
G0 F9000 X116.246 Y118.524
G0 X116.246 Y116.476
G0 X116.476 Y116.476
G1 F600 X115.415 Y115.415 E78.29176
G0 F9000 X115.614 Y115.53
G0 X115.078 Y116.462
G0 X114.88 Y116.348
G1 F600 X116.476 Y114.752 E78.36683
G0 F9000 X116.186 Y115.138
G1 F2700 E73.36683
G0 F9000 X116.726 Y120.145
G0 X118.266 Y120.145
G0 X118.746 Y120.145
G0 X118.436 Y120.424
;TYPE:WALL-INNER
G1 F2700 E78.36683
G1 F600 X119.181 Y120.424 E78.39161
G1 X120.87 Y117.5 E78.50392
G1 X119.181 Y114.573 E78.61632
G1 X118.437 Y114.573 E78.64107
G1 X118.436 Y120.424 E78.83567
G0 F9000 X118.036 Y120.824
;TYPE:WALL-OUTER
G1 F600 X119.412 Y120.824 E78.88144
G1 X121.332 Y117.5 E79.00911
G1 X119.412 Y114.173 E79.13687
G1 X118.037 Y114.173 E79.1826
G1 X118.036 Y120.824 E79.40382
G0 F9000 X118.517 Y120.255
;TYPE:FILL
G1 F600 X120.102 Y118.669 E79.4784
G0 F9000 X119.908 Y118.556
G0 X119.383 Y119.464
G0 X119.578 Y119.578
G1 F600 X118.516 Y118.516 E79.52835
G0 F9000 X118.746 Y118.516
G0 X118.746 Y116.483
G0 X118.517 Y116.483
G1 F600 X119.578 Y115.422 E79.57825
G0 F9000 X119.382 Y115.535
G0 X119.908 Y116.446
G0 X120.104 Y116.333
G1 F600 X118.516 Y114.744 E79.65297
G0 F9000 X118.806 Y115.137
G1 F2700 E74.65297
;MESH:NONMESH
G0 F300 X118.806 Y115.137 Z3.4
G0 F9000 X118.266 Y120.145
G0 X116.726 Y120.145
G0 X116.246 Y120.145
G0 X116.556 Y120.424
;TIME_ELAPSED:230.292345
;LAYER:16
;note -- min layer time used
;TYPE:WALL-INNER
;MESH:FT09-Input Shaft.stl
G1 F2700 E79.65297
G1 F600 X116.556 Y114.572 E79.84761
G1 X115.808 Y114.572 E79.87249
G1 X114.125 Y117.5 E79.98482
G1 X115.807 Y120.424 E80.09701
G1 X116.556 Y120.424 E80.12192
G0 F9000 X116.956 Y120.824
;TYPE:WALL-OUTER
G1 F600 X116.956 Y114.172 E80.34317
G1 X115.576 Y114.172 E80.38907
G1 X113.663 Y117.5 E80.51674
G1 X115.576 Y120.824 E80.6443
G1 X116.956 Y120.824 E80.6902
G0 F9000 X116.476 Y120.248
;TYPE:FILL
G1 F600 X114.88 Y118.652 E80.76527
G0 F9000 X115.079 Y118.539
G0 X115.615 Y119.47
G0 X115.417 Y119.583
G1 F600 X116.476 Y118.524 E80.81508
G0 F9000 X116.246 Y118.524
G0 X116.246 Y116.476
G0 X116.476 Y116.476
G1 F600 X115.415 Y115.415 E80.86499
G0 F9000 X115.614 Y115.53
G0 X115.078 Y116.462
G0 X114.88 Y116.348
G1 F600 X116.476 Y114.752 E80.94006
G0 F9000 X116.186 Y115.138
G1 F2700 E75.94006
G0 F9000 X116.726 Y120.145
G0 X118.266 Y120.145
G0 X118.746 Y120.145
G0 X118.436 Y120.424
;TYPE:WALL-INNER
G1 F2700 E80.94006
G1 F600 X119.181 Y120.424 E80.96484
G1 X120.87 Y117.5 E81.07715
G1 X119.181 Y114.573 E81.18955
G1 X118.437 Y114.573 E81.21429
G1 X118.436 Y120.424 E81.4089
G0 F9000 X118.036 Y120.824
;TYPE:WALL-OUTER
G1 F600 X119.412 Y120.824 E81.45466
G1 X121.332 Y117.5 E81.58234
G1 X119.412 Y114.173 E81.7101
G1 X118.037 Y114.173 E81.75583
G1 X118.036 Y120.824 E81.97705
G0 F9000 X118.517 Y120.255
;TYPE:FILL
G1 F600 X120.102 Y118.669 E82.05162
G0 F9000 X119.908 Y118.556
G0 X119.383 Y119.464
G0 X119.578 Y119.578
G1 F600 X118.516 Y118.516 E82.10158
G0 F9000 X118.746 Y118.516
G0 X118.746 Y116.483
G0 X118.517 Y116.483
G1 F600 X119.578 Y115.422 E82.15148
G0 F9000 X119.382 Y115.535
G0 X119.908 Y116.446
G0 X120.104 Y116.333
G1 F600 X118.516 Y114.744 E82.2262
G0 F9000 X118.806 Y115.137
G1 F2700 E77.2262
;MESH:NONMESH
G0 F300 X118.806 Y115.137 Z3.6
G0 F9000 X118.266 Y120.145
G0 X116.726 Y120.145
G0 X116.246 Y120.145
G0 X116.556 Y120.424
;TIME_ELAPSED:240.714747
;LAYER:17
;note -- min layer time used
;TYPE:WALL-INNER
;MESH:FT09-Input Shaft.stl
G1 F2700 E82.2262
G1 F600 X116.556 Y114.572 E82.42084
G1 X115.808 Y114.572 E82.44572
G1 X114.125 Y117.5 E82.55804
G1 X115.807 Y120.424 E82.67024
G1 X116.556 Y120.424 E82.69515
G0 F9000 X116.956 Y120.824
;TYPE:WALL-OUTER
G1 F600 X116.956 Y114.172 E82.9164
G1 X115.576 Y114.172 E82.9623
G1 X113.663 Y117.5 E83.08997
G1 X115.576 Y120.824 E83.21753
G1 X116.956 Y120.824 E83.26343
G0 F9000 X116.476 Y120.248
;TYPE:FILL
G1 F600 X114.88 Y118.652 E83.3385
G0 F9000 X115.079 Y118.539
G0 X115.615 Y119.47
G0 X115.417 Y119.583
G1 F600 X116.476 Y118.524 E83.38831
G0 F9000 X116.246 Y118.524
G0 X116.246 Y116.476
G0 X116.476 Y116.476
G1 F600 X115.415 Y115.415 E83.43822
G0 F9000 X115.614 Y115.53
G0 X115.078 Y116.462
G0 X114.88 Y116.348
G1 F600 X116.476 Y114.752 E83.51329
G0 F9000 X116.186 Y115.138
G1 F2700 E78.51329
G0 F9000 X116.726 Y120.145
G0 X118.266 Y120.145
G0 X118.746 Y120.145
G0 X118.436 Y120.424
;TYPE:WALL-INNER
G1 F2700 E83.51329
G1 F600 X119.181 Y120.424 E83.53807
G1 X120.87 Y117.5 E83.65038
G1 X119.181 Y114.573 E83.76278
G1 X118.437 Y114.573 E83.78752
G1 X118.436 Y120.424 E83.98213
G0 F9000 X118.036 Y120.824
;TYPE:WALL-OUTER
G1 F600 X119.412 Y120.824 E84.02789
G1 X121.332 Y117.5 E84.15557
G1 X119.412 Y114.173 E84.28333
G1 X118.037 Y114.173 E84.32906
G1 X118.036 Y120.824 E84.55027
G0 F9000 X118.517 Y120.255
;TYPE:FILL
G1 F600 X120.102 Y118.669 E84.62485
G0 F9000 X119.908 Y118.556
G0 X119.383 Y119.464
G0 X119.578 Y119.578
G1 F600 X118.516 Y118.516 E84.6748
G0 F9000 X118.746 Y118.516
G0 X118.746 Y116.483
G0 X118.517 Y116.483
G1 F600 X119.578 Y115.422 E84.72471
G0 F9000 X119.382 Y115.535
G0 X119.908 Y116.446
G0 X120.104 Y116.333
G1 F600 X118.516 Y114.744 E84.79943
G0 F9000 X118.806 Y115.137
G1 F2700 E79.79943
;MESH:NONMESH
G0 F300 X118.806 Y115.137 Z3.8
G0 F9000 X118.266 Y120.145
G0 X116.726 Y120.145
G0 X116.246 Y120.145
G0 X116.556 Y120.424
;TIME_ELAPSED:251.137149
;LAYER:18
;note -- min layer time used
;TYPE:WALL-INNER
;MESH:FT09-Input Shaft.stl
G1 F2700 E84.79943
G1 F600 X116.556 Y114.572 E84.99407
G1 X115.808 Y114.572 E85.01895
G1 X114.125 Y117.5 E85.13127
G1 X115.807 Y120.424 E85.24347
G1 X116.556 Y120.424 E85.26838
G0 F9000 X116.956 Y120.824
;TYPE:WALL-OUTER
G1 F600 X116.956 Y114.172 E85.48963
G1 X115.576 Y114.172 E85.53553
G1 X113.663 Y117.5 E85.6632
G1 X115.576 Y120.824 E85.79076
G1 X116.956 Y120.824 E85.83666
G0 F9000 X116.476 Y120.248
;TYPE:FILL
G1 F600 X114.88 Y118.652 E85.91173
G0 F9000 X115.079 Y118.539
G0 X115.615 Y119.47
G0 X115.417 Y119.583
G1 F600 X116.476 Y118.524 E85.96154
G0 F9000 X116.246 Y118.524
G0 X116.246 Y116.476
G0 X116.476 Y116.476
G1 F600 X115.415 Y115.415 E86.01145
G0 F9000 X115.614 Y115.53
G0 X115.078 Y116.462
G0 X114.88 Y116.348
G1 F600 X116.476 Y114.752 E86.08652
G0 F9000 X116.186 Y115.138
G1 F2700 E81.08652
G0 F9000 X116.726 Y120.145
G0 X118.266 Y120.145
G0 X118.746 Y120.145
G0 X118.436 Y120.424
;TYPE:WALL-INNER
G1 F2700 E86.08652
G1 F600 X119.181 Y120.424 E86.1113
G1 X120.87 Y117.5 E86.22361
G1 X119.181 Y114.573 E86.33601
G1 X118.437 Y114.573 E86.36075
G1 X118.436 Y120.424 E86.55536
G0 F9000 X118.036 Y120.824
;TYPE:WALL-OUTER
G1 F600 X119.412 Y120.824 E86.60112
G1 X121.332 Y117.5 E86.7288
G1 X119.412 Y114.173 E86.85656
G1 X118.037 Y114.173 E86.90229
G1 X118.036 Y120.824 E87.1235
G0 F9000 X118.517 Y120.255
;TYPE:FILL
G1 F600 X120.102 Y118.669 E87.19808
G0 F9000 X119.908 Y118.556
G0 X119.383 Y119.464
G0 X119.578 Y119.578
G1 F600 X118.516 Y118.516 E87.24803
G0 F9000 X118.746 Y118.516
G0 X118.746 Y116.483
G0 X118.517 Y116.483
G1 F600 X119.578 Y115.422 E87.29794
G0 F9000 X119.382 Y115.535
G0 X119.908 Y116.446
G0 X120.104 Y116.333
G1 F600 X118.516 Y114.744 E87.37266
G0 F9000 X118.806 Y115.137
G1 F2700 E82.37266
;MESH:NONMESH
G0 F300 X118.806 Y115.137 Z4
G0 F9000 X118.266 Y120.145
G0 X116.726 Y120.145
G0 X116.246 Y120.145
G0 X116.556 Y120.424
;TIME_ELAPSED:261.559551
;LAYER:19
;note -- min layer time used
;TYPE:WALL-INNER
;MESH:FT09-Input Shaft.stl
G1 F2700 E87.37266
G1 F600 X116.556 Y114.572 E87.5673
G1 X115.808 Y114.572 E87.59217
G1 X114.125 Y117.5 E87.7045
G1 X115.807 Y120.424 E87.8167
G1 X116.556 Y120.424 E87.84161
G0 F9000 X116.956 Y120.824
;TYPE:WALL-OUTER
G1 F600 X116.956 Y114.172 E88.06286
G1 X115.576 Y114.172 E88.10875
G1 X113.663 Y117.5 E88.23643
G1 X115.576 Y120.824 E88.36399
G1 X116.956 Y120.824 E88.40989
G0 F9000 X116.476 Y120.248
;TYPE:FILL
G1 F600 X114.88 Y118.652 E88.48496
G0 F9000 X115.079 Y118.539
G0 X115.615 Y119.47
G0 X115.417 Y119.583
G1 F600 X116.476 Y118.524 E88.53477
G0 F9000 X116.246 Y118.524
G0 X116.246 Y116.476
G0 X116.476 Y116.476
G1 F600 X115.415 Y115.415 E88.58467
G0 F9000 X115.614 Y115.53
G0 X115.078 Y116.462
G0 X114.88 Y116.348
G1 F600 X116.476 Y114.752 E88.65975
G0 F9000 X116.186 Y115.138
G1 F2700 E83.65975
G0 F9000 X116.726 Y120.145
G0 X118.266 Y120.145
G0 X118.746 Y120.145
G0 X118.436 Y120.424
;TYPE:WALL-INNER
G1 F2700 E88.65975
G1 F600 X119.181 Y120.424 E88.68452
G1 X120.87 Y117.5 E88.79684
G1 X119.181 Y114.573 E88.90923
G1 X118.437 Y114.573 E88.93398
G1 X118.436 Y120.424 E89.12858
G0 F9000 X118.036 Y120.824
;TYPE:WALL-OUTER
G1 F600 X119.412 Y120.824 E89.17435
G1 X121.332 Y117.5 E89.30202
G1 X119.412 Y114.173 E89.42979
G1 X118.037 Y114.173 E89.47552
G1 X118.036 Y120.824 E89.69673
G0 F9000 X118.517 Y120.255
;TYPE:FILL
G1 F600 X120.102 Y118.669 E89.77131
G0 F9000 X119.908 Y118.556
G0 X119.383 Y119.464
G0 X119.578 Y119.578
G1 F600 X118.516 Y118.516 E89.82126
G0 F9000 X118.746 Y118.516
G0 X118.746 Y116.483
G0 X118.517 Y116.483
G1 F600 X119.578 Y115.422 E89.87117
G0 F9000 X119.382 Y115.535
G0 X119.908 Y116.446
G0 X120.104 Y116.333
G1 F600 X118.516 Y114.744 E89.94589
G0 F9000 X118.806 Y115.137
G1 F2700 E84.94589
;MESH:NONMESH
G0 F300 X118.806 Y115.137 Z4.2
G0 F9000 X118.266 Y120.145
G0 X116.726 Y120.145
G0 X116.246 Y120.145
G0 X116.556 Y120.424
;TIME_ELAPSED:271.981953
;LAYER:20
;note -- min layer time used
;TYPE:WALL-INNER
;MESH:FT09-Input Shaft.stl
G1 F2700 E89.94589
G1 F600 X116.556 Y114.572 E90.14052
G1 X115.808 Y114.572 E90.1654
G1 X114.125 Y117.5 E90.27773
G1 X115.807 Y120.424 E90.38993
G1 X116.556 Y120.424 E90.41484
G0 F9000 X116.956 Y120.824
;TYPE:WALL-OUTER
G1 F600 X116.956 Y114.172 E90.63608
G1 X115.576 Y114.172 E90.68198
G1 X113.663 Y117.5 E90.80966
G1 X115.576 Y120.824 E90.93721
G1 X116.956 Y120.824 E90.98311
G0 F9000 X116.476 Y120.248
;TYPE:FILL
G1 F600 X114.88 Y118.652 E91.05818
G0 F9000 X115.079 Y118.539
G0 X115.615 Y119.47
G0 X115.417 Y119.583
G1 F600 X116.476 Y118.524 E91.108
G0 F9000 X116.246 Y118.524
G0 X116.246 Y116.476
G0 X116.476 Y116.476
G1 F600 X115.415 Y115.415 E91.1579
G0 F9000 X115.614 Y115.53
G0 X115.078 Y116.462
G0 X114.88 Y116.348
G1 F600 X116.476 Y114.752 E91.23297
G0 F9000 X116.186 Y115.138
G1 F2700 E86.23297
G0 F9000 X116.726 Y120.145
G0 X118.266 Y120.145
G0 X118.746 Y120.145
G0 X118.436 Y120.424
;TYPE:WALL-INNER
G1 F2700 E91.23297
G1 F600 X119.181 Y120.424 E91.25775
G1 X120.87 Y117.5 E91.37006
G1 X119.181 Y114.573 E91.48246
G1 X118.437 Y114.573 E91.50721
G1 X118.436 Y120.424 E91.70181
G0 F9000 X118.036 Y120.824
;TYPE:WALL-OUTER
G1 F600 X119.412 Y120.824 E91.74758
G1 X121.332 Y117.5 E91.87525
G1 X119.412 Y114.173 E92.00301
G1 X118.037 Y114.173 E92.04875
G1 X118.036 Y120.824 E92.26996
G0 F9000 X118.517 Y120.255
;TYPE:FILL
G1 F600 X120.102 Y118.669 E92.34454
G0 F9000 X119.908 Y118.556
G0 X119.383 Y119.464
G0 X119.578 Y119.578
G1 F600 X118.516 Y118.516 E92.39449
G0 F9000 X118.746 Y118.516
G0 X118.746 Y116.483
G0 X118.517 Y116.483
G1 F600 X119.578 Y115.422 E92.4444
G0 F9000 X119.382 Y115.535
G0 X119.908 Y116.446
G0 X120.104 Y116.333
G1 F600 X118.516 Y114.744 E92.51911
G0 F9000 X118.806 Y115.137
G1 F2700 E87.51911
;MESH:NONMESH
G0 F300 X118.806 Y115.137 Z4.4
G0 F9000 X118.266 Y120.145
G0 X116.726 Y120.145
G0 X116.246 Y120.145
G0 X116.556 Y120.424
;TIME_ELAPSED:282.404355
;LAYER:21
;note -- min layer time used
;TYPE:WALL-INNER
;MESH:FT09-Input Shaft.stl
G1 F2700 E92.51911
G1 F600 X116.556 Y114.572 E92.71375
G1 X115.808 Y114.572 E92.73863
G1 X114.125 Y117.5 E92.85096
G1 X115.807 Y120.424 E92.96315
G1 X116.556 Y120.424 E92.98807
G0 F9000 X116.956 Y120.824
;TYPE:WALL-OUTER
G1 F600 X116.956 Y114.172 E93.20931
G1 X115.576 Y114.172 E93.25521
G1 X113.663 Y117.5 E93.38288
G1 X115.576 Y120.824 E93.51044
G1 X116.956 Y120.824 E93.55634
G0 F9000 X116.476 Y120.248
;TYPE:FILL
G1 F600 X114.88 Y118.652 E93.63141
G0 F9000 X115.079 Y118.539
G0 X115.615 Y119.47
G0 X115.417 Y119.583
G1 F600 X116.476 Y118.524 E93.68122
G0 F9000 X116.246 Y118.524
G0 X116.246 Y116.476
G0 X116.476 Y116.476
G1 F600 X115.415 Y115.415 E93.73113
G0 F9000 X115.614 Y115.53
G0 X115.078 Y116.462
G0 X114.88 Y116.348
G1 F600 X116.476 Y114.752 E93.8062
G0 F9000 X116.186 Y115.138
G1 F2700 E88.8062
G0 F9000 X116.726 Y120.145
G0 X118.266 Y120.145
G0 X118.746 Y120.145
G0 X118.436 Y120.424
;TYPE:WALL-INNER
G1 F2700 E93.8062
G1 F600 X119.181 Y120.424 E93.83098
G1 X120.87 Y117.5 E93.94329
G1 X119.181 Y114.573 E94.05569
G1 X118.437 Y114.573 E94.08044
G1 X118.436 Y120.424 E94.27504
G0 F9000 X118.036 Y120.824
;TYPE:WALL-OUTER
G1 F600 X119.412 Y120.824 E94.32081
G1 X121.332 Y117.5 E94.44848
G1 X119.412 Y114.173 E94.57624
G1 X118.037 Y114.173 E94.62198
G1 X118.036 Y120.824 E94.84319
G0 F9000 X118.517 Y120.255
;TYPE:FILL
G1 F600 X120.102 Y118.669 E94.91777
G0 F9000 X119.908 Y118.556
G0 X119.383 Y119.464
G0 X119.578 Y119.578
G1 F600 X118.516 Y118.516 E94.96772
G0 F9000 X118.746 Y118.516
G0 X118.746 Y116.483
G0 X118.517 Y116.483
G1 F600 X119.578 Y115.422 E95.01762
G0 F9000 X119.382 Y115.535
G0 X119.908 Y116.446
G0 X120.104 Y116.333
G1 F600 X118.516 Y114.744 E95.09234
G0 F9000 X118.806 Y115.137
G1 F2700 E90.09234
;MESH:NONMESH
G0 F300 X118.806 Y115.137 Z4.6
G0 F9000 X118.266 Y120.145
G0 X116.726 Y120.145
G0 X116.246 Y120.145
G0 X116.556 Y120.424
;TIME_ELAPSED:292.826757
;LAYER:22
;note -- min layer time used
;TYPE:WALL-INNER
;MESH:FT09-Input Shaft.stl
G1 F2700 E95.09234
G1 F600 X116.556 Y114.572 E95.28698
G1 X115.808 Y114.572 E95.31186
G1 X114.125 Y117.5 E95.42419
G1 X115.807 Y120.424 E95.53638
G1 X116.556 Y120.424 E95.56129
G0 F9000 X116.956 Y120.824
;TYPE:WALL-OUTER
G1 F600 X116.956 Y114.172 E95.78254
G1 X115.576 Y114.172 E95.82844
G1 X113.663 Y117.5 E95.95611
G1 X115.576 Y120.824 E96.08367
G1 X116.956 Y120.824 E96.12957
G0 F9000 X116.476 Y120.248
;TYPE:FILL
G1 F600 X114.88 Y118.652 E96.20464
G0 F9000 X115.079 Y118.539
G0 X115.615 Y119.47
G0 X115.417 Y119.583
G1 F600 X116.476 Y118.524 E96.25445
G0 F9000 X116.246 Y118.524
G0 X116.246 Y116.476
G0 X116.476 Y116.476
G1 F600 X115.415 Y115.415 E96.30436
G0 F9000 X115.614 Y115.53
G0 X115.078 Y116.462
G0 X114.88 Y116.348
G1 F600 X116.476 Y114.752 E96.37943
G0 F9000 X116.186 Y115.138
G1 F2700 E91.37943
G0 F9000 X116.726 Y120.145
G0 X118.266 Y120.145
G0 X118.746 Y120.145
G0 X118.436 Y120.424
;TYPE:WALL-INNER
G1 F2700 E96.37943
G1 F600 X119.181 Y120.424 E96.40421
G1 X120.87 Y117.5 E96.51652
G1 X119.181 Y114.573 E96.62892
G1 X118.437 Y114.573 E96.65366
G1 X118.436 Y120.424 E96.84827
G0 F9000 X118.036 Y120.824
;TYPE:WALL-OUTER
G1 F600 X119.412 Y120.824 E96.89404
G1 X121.332 Y117.5 E97.02171
G1 X119.412 Y114.173 E97.14947
G1 X118.037 Y114.173 E97.1952
G1 X118.036 Y120.824 E97.41642
G0 F9000 X118.517 Y120.255
;TYPE:FILL
G1 F600 X120.102 Y118.669 E97.49099
G0 F9000 X119.908 Y118.556
G0 X119.383 Y119.464
G0 X119.578 Y119.578
G1 F600 X118.516 Y118.516 E97.54095
G0 F9000 X118.746 Y118.516
G0 X118.746 Y116.483
G0 X118.517 Y116.483
G1 F600 X119.578 Y115.422 E97.59085
G0 F9000 X119.382 Y115.535
G0 X119.908 Y116.446
G0 X120.104 Y116.333
G1 F600 X118.516 Y114.744 E97.66557
G0 F9000 X118.806 Y115.137
G1 F2700 E92.66557
;MESH:NONMESH
G0 F300 X118.806 Y115.137 Z4.8
G0 F9000 X118.266 Y120.145
G0 X116.726 Y120.145
G0 X116.246 Y120.145
G0 X116.556 Y120.424
;TIME_ELAPSED:303.249159
;LAYER:23
;note -- min layer time used
;TYPE:WALL-INNER
;MESH:FT09-Input Shaft.stl
G1 F2700 E97.66557
G1 F600 X116.556 Y114.572 E97.86021
G1 X115.808 Y114.572 E97.88509
G1 X114.125 Y117.5 E97.99742
G1 X115.807 Y120.424 E98.10961
G1 X116.556 Y120.424 E98.13452
G0 F9000 X116.956 Y120.824
;TYPE:WALL-OUTER
G1 F600 X116.956 Y114.172 E98.35577
G1 X115.576 Y114.172 E98.40167
G1 X113.663 Y117.5 E98.52934
G1 X115.576 Y120.824 E98.6569
G1 X116.956 Y120.824 E98.7028
G0 F9000 X116.476 Y120.248
;TYPE:FILL
G1 F600 X114.88 Y118.652 E98.77787
G0 F9000 X115.079 Y118.539
G0 X115.615 Y119.47
G0 X115.417 Y119.583
G1 F600 X116.476 Y118.524 E98.82768
G0 F9000 X116.246 Y118.524
G0 X116.246 Y116.476
G0 X116.476 Y116.476
G1 F600 X115.415 Y115.415 E98.87759
G0 F9000 X115.614 Y115.53
G0 X115.078 Y116.462
G0 X114.88 Y116.348
G1 F600 X116.476 Y114.752 E98.95266
G0 F9000 X116.186 Y115.138
G1 F2700 E93.95266
G0 F9000 X116.726 Y120.145
G0 X118.266 Y120.145
G0 X118.746 Y120.145
G0 X118.436 Y120.424
;TYPE:WALL-INNER
G1 F2700 E98.95266
G1 F600 X119.181 Y120.424 E98.97744
G1 X120.87 Y117.5 E99.08975
G1 X119.181 Y114.573 E99.20215
G1 X118.437 Y114.573 E99.22689
G1 X118.436 Y120.424 E99.4215
G0 F9000 X118.036 Y120.824
;TYPE:WALL-OUTER
G1 F600 X119.412 Y120.824 E99.46726
G1 X121.332 Y117.5 E99.59494
G1 X119.412 Y114.173 E99.7227
G1 X118.037 Y114.173 E99.76843
G1 X118.036 Y120.824 E99.98964
G0 F9000 X118.517 Y120.255
;TYPE:FILL
G1 F600 X120.102 Y118.669 E100.06422
G0 F9000 X119.908 Y118.556
G0 X119.383 Y119.464
G0 X119.578 Y119.578
G1 F600 X118.516 Y118.516 E100.11418
G0 F9000 X118.746 Y118.516
G0 X118.746 Y116.483
G0 X118.517 Y116.483
G1 F600 X119.578 Y115.422 E100.16408
G0 F9000 X119.382 Y115.535
G0 X119.908 Y116.446
G0 X120.104 Y116.333
G1 F600 X118.516 Y114.744 E100.2388
G0 F9000 X118.806 Y115.137
G1 F2700 E95.2388
;MESH:NONMESH
G0 F300 X118.806 Y115.137 Z5
G0 F9000 X118.266 Y120.145
G0 X116.726 Y120.145
G0 X116.246 Y120.145
G0 X116.556 Y120.424
;TIME_ELAPSED:313.671560
;LAYER:24
;note -- min layer time used
;TYPE:WALL-INNER
;MESH:FT09-Input Shaft.stl
G1 F2700 E100.2388
G1 F600 X116.556 Y114.572 E100.43344
G1 X115.808 Y114.572 E100.45832
G1 X114.125 Y117.5 E100.57064
G1 X115.807 Y120.424 E100.68284
G1 X116.556 Y120.424 E100.70775
G0 F9000 X116.956 Y120.824
;TYPE:WALL-OUTER
G1 F600 X116.956 Y114.172 E100.929
G1 X115.576 Y114.172 E100.9749
G1 X113.663 Y117.5 E101.10257
G1 X115.576 Y120.824 E101.23013
G1 X116.956 Y120.824 E101.27603
G0 F9000 X116.476 Y120.248
;TYPE:FILL
G1 F600 X114.88 Y118.652 E101.3511
G0 F9000 X115.079 Y118.539
G0 X115.615 Y119.47
G0 X115.417 Y119.583
G1 F600 X116.476 Y118.524 E101.40091
G0 F9000 X116.246 Y118.524
G0 X116.246 Y116.476
G0 X116.476 Y116.476
G1 F600 X115.415 Y115.415 E101.45082
G0 F9000 X115.614 Y115.53
G0 X115.078 Y116.462
G0 X114.88 Y116.348
G1 F600 X116.476 Y114.752 E101.52589
G0 F9000 X116.186 Y115.138
G1 F2700 E96.52589
G0 F9000 X116.726 Y120.145
G0 X118.266 Y120.145
G0 X118.746 Y120.145
G0 X118.436 Y120.424
;TYPE:WALL-INNER
G1 F2700 E101.52589
G1 F600 X119.181 Y120.424 E101.55067
G1 X120.87 Y117.5 E101.66298
G1 X119.181 Y114.573 E101.77538
G1 X118.437 Y114.573 E101.80012
G1 X118.436 Y120.424 E101.99473
G0 F9000 X118.036 Y120.824
;TYPE:WALL-OUTER
G1 F600 X119.412 Y120.824 E102.04049
G1 X121.332 Y117.5 E102.16817
G1 X119.412 Y114.173 E102.29593
G1 X118.037 Y114.173 E102.34166
G1 X118.036 Y120.824 E102.56287
G0 F9000 X118.517 Y120.255
;TYPE:FILL
G1 F600 X120.102 Y118.669 E102.63745
G0 F9000 X119.908 Y118.556
G0 X119.383 Y119.464
G0 X119.578 Y119.578
G1 F600 X118.516 Y118.516 E102.6874
G0 F9000 X118.746 Y118.516
G0 X118.746 Y116.483
G0 X118.517 Y116.483
G1 F600 X119.578 Y115.422 E102.73731
G0 F9000 X119.382 Y115.535
G0 X119.908 Y116.446
G0 X120.104 Y116.333
G1 F600 X118.516 Y114.744 E102.81203
G0 F9000 X118.806 Y115.137
G1 F2700 E97.81203
;MESH:NONMESH
G0 F300 X118.806 Y115.137 Z5.2
G0 F9000 X118.266 Y120.145
G0 X116.726 Y120.145
G0 X116.246 Y120.145
G0 X116.556 Y120.424
;TIME_ELAPSED:324.093962
;LAYER:25
;note -- min layer time used
;TYPE:WALL-INNER
;MESH:FT09-Input Shaft.stl
G1 F2700 E102.81203
G1 F600 X116.556 Y114.572 E103.00667
G1 X115.808 Y114.572 E103.03154
G1 X114.125 Y117.5 E103.14387
G1 X115.807 Y120.424 E103.25607
G1 X116.556 Y120.424 E103.28098
G0 F9000 X116.956 Y120.824
;TYPE:WALL-OUTER
G1 F600 X116.956 Y114.172 E103.50223
G1 X115.576 Y114.172 E103.54812
G1 X113.663 Y117.5 E103.6758
G1 X115.576 Y120.824 E103.80336
G1 X116.956 Y120.824 E103.84926
G0 F9000 X116.476 Y120.248
;TYPE:FILL
G1 F600 X114.88 Y118.652 E103.92433
G0 F9000 X115.079 Y118.539
G0 X115.615 Y119.47
G0 X115.417 Y119.583
G1 F600 X116.476 Y118.524 E103.97414
G0 F9000 X116.246 Y118.524
G0 X116.246 Y116.476
G0 X116.476 Y116.476
G1 F600 X115.415 Y115.415 E104.02404
G0 F9000 X115.614 Y115.53
G0 X115.078 Y116.462
G0 X114.88 Y116.348
G1 F600 X116.476 Y114.752 E104.09912
G0 F9000 X116.186 Y115.138
G1 F2700 E99.09912
G0 F9000 X116.726 Y120.145
G0 X118.266 Y120.145
G0 X118.746 Y120.145
G0 X118.436 Y120.424
;TYPE:WALL-INNER
G1 F2700 E104.09912
G1 F600 X119.181 Y120.424 E104.12389
G1 X120.87 Y117.5 E104.23621
G1 X119.181 Y114.573 E104.3486
G1 X118.437 Y114.573 E104.37335
G1 X118.436 Y120.424 E104.56795
G0 F9000 X118.036 Y120.824
;TYPE:WALL-OUTER
G1 F600 X119.412 Y120.824 E104.61372
G1 X121.332 Y117.5 E104.74139
G1 X119.412 Y114.173 E104.86916
G1 X118.037 Y114.173 E104.91489
G1 X118.036 Y120.824 E105.1361
G0 F9000 X118.517 Y120.255
;TYPE:FILL
G1 F600 X120.102 Y118.669 E105.21068
G0 F9000 X119.908 Y118.556
G0 X119.383 Y119.464
G0 X119.578 Y119.578
G1 F600 X118.516 Y118.516 E105.26063
G0 F9000 X118.746 Y118.516
G0 X118.746 Y116.483
G0 X118.517 Y116.483
G1 F600 X119.578 Y115.422 E105.31054
G0 F9000 X119.382 Y115.535
G0 X119.908 Y116.446
G0 X120.104 Y116.333
G1 F600 X118.516 Y114.744 E105.38526
G0 F9000 X118.806 Y115.137
G1 F2700 E100.38526
;MESH:NONMESH
G0 F300 X118.806 Y115.137 Z5.4
G0 F9000 X118.266 Y120.145
G0 X116.726 Y120.145
G0 X116.246 Y120.145
G0 X116.556 Y120.424
;TIME_ELAPSED:334.516364
;LAYER:26
;note -- min layer time used
;TYPE:WALL-INNER
;MESH:FT09-Input Shaft.stl
G1 F2700 E105.38526
G1 F600 X116.556 Y114.572 E105.57989
G1 X115.808 Y114.572 E105.60477
G1 X114.125 Y117.5 E105.7171
G1 X115.807 Y120.424 E105.8293
G1 X116.556 Y120.424 E105.85421
G0 F9000 X116.956 Y120.824
;TYPE:WALL-OUTER
G1 F600 X116.956 Y114.172 E106.07545
G1 X115.576 Y114.172 E106.12135
G1 X113.663 Y117.5 E106.24903
G1 X115.576 Y120.824 E106.37658
G1 X116.956 Y120.824 E106.42248
G0 F9000 X116.476 Y120.248
;TYPE:FILL
G1 F600 X114.88 Y118.652 E106.49755
G0 F9000 X115.079 Y118.539
G0 X115.615 Y119.47
G0 X115.417 Y119.583
G1 F600 X116.476 Y118.524 E106.54737
G0 F9000 X116.246 Y118.524
G0 X116.246 Y116.476
G0 X116.476 Y116.476
G1 F600 X115.415 Y115.415 E106.59727
G0 F9000 X115.614 Y115.53
G0 X115.078 Y116.462
G0 X114.88 Y116.348
G1 F600 X116.476 Y114.752 E106.67234
G0 F9000 X116.186 Y115.138
G1 F2700 E101.67234
G0 F9000 X116.726 Y120.145
G0 X118.266 Y120.145
G0 X118.746 Y120.145
G0 X118.436 Y120.424
;TYPE:WALL-INNER
G1 F2700 E106.67234
G1 F600 X119.181 Y120.424 E106.69712
G1 X120.87 Y117.5 E106.80943
G1 X119.181 Y114.573 E106.92183
G1 X118.437 Y114.573 E106.94658
G1 X118.436 Y120.424 E107.14118
G0 F9000 X118.036 Y120.824
;TYPE:WALL-OUTER
G1 F600 X119.412 Y120.824 E107.18695
G1 X121.332 Y117.5 E107.31462
G1 X119.412 Y114.173 E107.44238
G1 X118.037 Y114.173 E107.48812
G1 X118.036 Y120.824 E107.70933
G0 F9000 X118.517 Y120.255
;TYPE:FILL
G1 F600 X120.102 Y118.669 E107.78391
G0 F9000 X119.908 Y118.556
G0 X119.383 Y119.464
G0 X119.578 Y119.578
G1 F600 X118.516 Y118.516 E107.83386
G0 F9000 X118.746 Y118.516
G0 X118.746 Y116.483
G0 X118.517 Y116.483
G1 F600 X119.578 Y115.422 E107.88377
G0 F9000 X119.382 Y115.535
G0 X119.908 Y116.446
G0 X120.104 Y116.333
G1 F600 X118.516 Y114.744 E107.95848
G0 F9000 X118.806 Y115.137
G1 F2700 E102.95848
;MESH:NONMESH
G0 F300 X118.806 Y115.137 Z5.6
G0 F9000 X118.266 Y120.145
G0 X116.726 Y120.145
G0 X116.246 Y120.145
G0 X116.556 Y120.424
;TIME_ELAPSED:344.938766
;LAYER:27
;note -- min layer time used
;TYPE:WALL-INNER
;MESH:FT09-Input Shaft.stl
G1 F2700 E107.95848
G1 F600 X116.556 Y114.572 E108.15312
G1 X115.808 Y114.572 E108.178
G1 X114.125 Y117.5 E108.29033
G1 X115.807 Y120.424 E108.40252
G1 X116.556 Y120.424 E108.42744
G0 F9000 X116.956 Y120.824
;TYPE:WALL-OUTER
G1 F600 X116.956 Y114.172 E108.64868
G1 X115.576 Y114.172 E108.69458
G1 X113.663 Y117.5 E108.82225
G1 X115.576 Y120.824 E108.94981
G1 X116.956 Y120.824 E108.99571
G0 F9000 X116.476 Y120.248
;TYPE:FILL
G1 F600 X114.88 Y118.652 E109.07078
G0 F9000 X115.079 Y118.539
G0 X115.615 Y119.47
G0 X115.417 Y119.583
G1 F600 X116.476 Y118.524 E109.1206
G0 F9000 X116.246 Y118.524
G0 X116.246 Y116.476
G0 X116.476 Y116.476
G1 F600 X115.415 Y115.415 E109.1705
G0 F9000 X115.614 Y115.53
G0 X115.078 Y116.462
G0 X114.88 Y116.348
G1 F600 X116.476 Y114.752 E109.24557
G0 F9000 X116.186 Y115.138
G1 F2700 E104.24557
G0 F9000 X116.726 Y120.145
G0 X118.266 Y120.145
G0 X118.746 Y120.145
G0 X118.436 Y120.424
;TYPE:WALL-INNER
G1 F2700 E109.24557
G1 F600 X119.181 Y120.424 E109.27035
G1 X120.87 Y117.5 E109.38266
G1 X119.181 Y114.573 E109.49506
G1 X118.437 Y114.573 E109.51981
G1 X118.436 Y120.424 E109.71441
G0 F9000 X118.036 Y120.824
;TYPE:WALL-OUTER
G1 F600 X119.412 Y120.824 E109.76018
G1 X121.332 Y117.5 E109.88785
G1 X119.412 Y114.173 E110.01561
G1 X118.037 Y114.173 E110.06135
G1 X118.036 Y120.824 E110.28256
G0 F9000 X118.517 Y120.255
;TYPE:FILL
G1 F600 X120.102 Y118.669 E110.35714
G0 F9000 X119.908 Y118.556
G0 X119.383 Y119.464
G0 X119.578 Y119.578
G1 F600 X118.516 Y118.516 E110.40709
G0 F9000 X118.746 Y118.516
G0 X118.746 Y116.483
G0 X118.517 Y116.483
G1 F600 X119.578 Y115.422 E110.45699
G0 F9000 X119.382 Y115.535
G0 X119.908 Y116.446
G0 X120.104 Y116.333
G1 F600 X118.516 Y114.744 E110.53171
G0 F9000 X118.806 Y115.137
G1 F2700 E105.53171
;MESH:NONMESH
G0 F300 X118.806 Y115.137 Z5.8
G0 F9000 X118.266 Y120.145
G0 X116.726 Y120.145
G0 X116.246 Y120.145
G0 X116.556 Y120.424
;TIME_ELAPSED:355.361168
;LAYER:28
;note -- min layer time used
;TYPE:WALL-INNER
;MESH:FT09-Input Shaft.stl
G1 F2700 E110.53171
G1 F600 X116.556 Y114.572 E110.72635
G1 X115.808 Y114.572 E110.75123
G1 X114.125 Y117.5 E110.86356
G1 X115.807 Y120.424 E110.97575
G1 X116.556 Y120.424 E111.00066
G0 F9000 X116.956 Y120.824
;TYPE:WALL-OUTER
G1 F600 X116.956 Y114.172 E111.22191
G1 X115.576 Y114.172 E111.26781
G1 X113.663 Y117.5 E111.39548
G1 X115.576 Y120.824 E111.52304
G1 X116.956 Y120.824 E111.56894
G0 F9000 X116.476 Y120.248
;TYPE:FILL
G1 F600 X114.88 Y118.652 E111.64401
G0 F9000 X115.079 Y118.539
G0 X115.615 Y119.47
G0 X115.417 Y119.583
G1 F600 X116.476 Y118.524 E111.69382
G0 F9000 X116.246 Y118.524
G0 X116.246 Y116.476
G0 X116.476 Y116.476
G1 F600 X115.415 Y115.415 E111.74373
G0 F9000 X115.614 Y115.53
G0 X115.078 Y116.462
G0 X114.88 Y116.348
G1 F600 X116.476 Y114.752 E111.8188
G0 F9000 X116.186 Y115.138
G1 F2700 E106.8188
G0 F9000 X116.726 Y120.145
G0 X118.266 Y120.145
G0 X118.746 Y120.145
G0 X118.436 Y120.424
;TYPE:WALL-INNER
G1 F2700 E111.8188
G1 F600 X119.181 Y120.424 E111.84358
G1 X120.87 Y117.5 E111.95589
G1 X119.181 Y114.573 E112.06829
G1 X118.437 Y114.573 E112.09303
G1 X118.436 Y120.424 E112.28764
G0 F9000 X118.036 Y120.824
;TYPE:WALL-OUTER
G1 F600 X119.412 Y120.824 E112.33341
G1 X121.332 Y117.5 E112.46108
G1 X119.412 Y114.173 E112.58884
G1 X118.037 Y114.173 E112.63457
G1 X118.036 Y120.824 E112.85579
G0 F9000 X118.517 Y120.255
;TYPE:FILL
G1 F600 X120.102 Y118.669 E112.93036
G0 F9000 X119.908 Y118.556
G0 X119.383 Y119.464
G0 X119.578 Y119.578
G1 F600 X118.516 Y118.516 E112.98032
G0 F9000 X118.746 Y118.516
G0 X118.746 Y116.483
G0 X118.517 Y116.483
G1 F600 X119.578 Y115.422 E113.03022
G0 F9000 X119.382 Y115.535
G0 X119.908 Y116.446
G0 X120.104 Y116.333
G1 F600 X118.516 Y114.744 E113.10494
G0 F9000 X118.806 Y115.137
G1 F2700 E108.10494
;MESH:NONMESH
G0 F300 X118.806 Y115.137 Z6
G0 F9000 X118.266 Y120.145
G0 X116.726 Y120.145
G0 X116.246 Y120.145
G0 X116.556 Y120.424
;TIME_ELAPSED:365.783570
;LAYER:29
;note -- min layer time used
;TYPE:WALL-INNER
;MESH:FT09-Input Shaft.stl
G1 F2700 E113.10494
G1 F600 X116.556 Y114.572 E113.29958
G1 X115.808 Y114.572 E113.32446
G1 X114.125 Y117.5 E113.43679
G1 X115.807 Y120.424 E113.54898
G1 X116.556 Y120.424 E113.57389
G0 F9000 X116.956 Y120.824
;TYPE:WALL-OUTER
G1 F600 X116.956 Y114.172 E113.79514
G1 X115.576 Y114.172 E113.84104
G1 X113.663 Y117.5 E113.96871
G1 X115.576 Y120.824 E114.09627
G1 X116.956 Y120.824 E114.14217
G0 F9000 X116.476 Y120.248
;TYPE:FILL
G1 F600 X114.88 Y118.652 E114.21724
G0 F9000 X115.079 Y118.539
G0 X115.615 Y119.47
G0 X115.417 Y119.583
G1 F600 X116.476 Y118.524 E114.26705
G0 F9000 X116.246 Y118.524
G0 X116.246 Y116.476
G0 X116.476 Y116.476
G1 F600 X115.415 Y115.415 E114.31696
G0 F9000 X115.614 Y115.53
G0 X115.078 Y116.462
G0 X114.88 Y116.348
G1 F600 X116.476 Y114.752 E114.39203
G0 F9000 X116.186 Y115.138
G1 F2700 E109.39203
G0 F9000 X116.726 Y120.145
G0 X118.266 Y120.145
G0 X118.746 Y120.145
G0 X118.436 Y120.424
;TYPE:WALL-INNER
G1 F2700 E114.39203
G1 F600 X119.181 Y120.424 E114.41681
G1 X120.87 Y117.5 E114.52912
G1 X119.181 Y114.573 E114.64152
G1 X118.437 Y114.573 E114.66626
G1 X118.436 Y120.424 E114.86087
G0 F9000 X118.036 Y120.824
;TYPE:WALL-OUTER
G1 F600 X119.412 Y120.824 E114.90663
G1 X121.332 Y117.5 E115.03431
G1 X119.412 Y114.173 E115.16207
G1 X118.037 Y114.173 E115.2078
G1 X118.036 Y120.824 E115.42902
G0 F9000 X118.517 Y120.255
;TYPE:FILL
G1 F600 X120.102 Y118.669 E115.50359
G0 F9000 X119.908 Y118.556
G0 X119.383 Y119.464
G0 X119.578 Y119.578
G1 F600 X118.516 Y118.516 E115.55355
G0 F9000 X118.746 Y118.516
G0 X118.746 Y116.483
G0 X118.517 Y116.483
G1 F600 X119.578 Y115.422 E115.60345
G0 F9000 X119.382 Y115.535
G0 X119.908 Y116.446
G0 X120.104 Y116.333
G1 F600 X118.516 Y114.744 E115.67817
G0 F9000 X118.806 Y115.137
G1 F2700 E110.67817
;MESH:NONMESH
G0 F300 X118.806 Y115.137 Z6.2
G0 F9000 X118.266 Y120.145
G0 X116.726 Y120.145
G0 X116.246 Y120.145
G0 X116.556 Y120.424
;TIME_ELAPSED:376.205972
;LAYER:30
;note -- min layer time used
;TYPE:WALL-INNER
;MESH:FT09-Input Shaft.stl
G1 F2700 E115.67817
G1 F600 X116.556 Y114.572 E115.87281
G1 X115.808 Y114.572 E115.89769
G1 X114.125 Y117.5 E116.01001
G1 X115.807 Y120.424 E116.12221
G1 X116.556 Y120.424 E116.14712
G0 F9000 X116.956 Y120.824
;TYPE:WALL-OUTER
G1 F600 X116.956 Y114.172 E116.36837
G1 X115.576 Y114.172 E116.41427
G1 X113.663 Y117.5 E116.54194
G1 X115.576 Y120.824 E116.6695
G1 X116.956 Y120.824 E116.7154
G0 F9000 X116.476 Y120.248
;TYPE:FILL
G1 F600 X114.88 Y118.652 E116.79047
G0 F9000 X115.079 Y118.539
G0 X115.615 Y119.47
G0 X115.417 Y119.583
G1 F600 X116.476 Y118.524 E116.84028
G0 F9000 X116.246 Y118.524
G0 X116.246 Y116.476
G0 X116.476 Y116.476
G1 F600 X115.415 Y115.415 E116.89019
G0 F9000 X115.614 Y115.53
G0 X115.078 Y116.462
G0 X114.88 Y116.348
G1 F600 X116.476 Y114.752 E116.96526
G0 F9000 X116.186 Y115.138
G1 F2700 E111.96526
G0 F9000 X116.726 Y120.145
G0 X118.266 Y120.145
G0 X118.746 Y120.145
G0 X118.436 Y120.424
;TYPE:WALL-INNER
G1 F2700 E116.96526
G1 F600 X119.181 Y120.424 E116.99004
G1 X120.87 Y117.5 E117.10235
G1 X119.181 Y114.573 E117.21475
G1 X118.437 Y114.573 E117.23949
G1 X118.436 Y120.424 E117.4341
G0 F9000 X118.036 Y120.824
;TYPE:WALL-OUTER
G1 F600 X119.412 Y120.824 E117.47986
G1 X121.332 Y117.5 E117.60754
G1 X119.412 Y114.173 E117.7353
G1 X118.037 Y114.173 E117.78103
G1 X118.036 Y120.824 E118.00224
G0 F9000 X118.517 Y120.255
;TYPE:FILL
G1 F600 X120.102 Y118.669 E118.07682
G0 F9000 X119.908 Y118.556
G0 X119.383 Y119.464
G0 X119.578 Y119.578
G1 F600 X118.516 Y118.516 E118.12677
G0 F9000 X118.746 Y118.516
G0 X118.746 Y116.483
G0 X118.517 Y116.483
G1 F600 X119.578 Y115.422 E118.17668
G0 F9000 X119.382 Y115.535
G0 X119.908 Y116.446
G0 X120.104 Y116.333
G1 F600 X118.516 Y114.744 E118.2514
G0 F9000 X118.806 Y115.137
G1 F2700 E113.2514
;MESH:NONMESH
G0 F300 X118.806 Y115.137 Z6.4
G0 F9000 X118.266 Y120.145
G0 X116.726 Y120.145
G0 X116.246 Y120.145
G0 X116.556 Y120.424
;TIME_ELAPSED:386.628374
;LAYER:31
;note -- min layer time used
;TYPE:WALL-INNER
;MESH:FT09-Input Shaft.stl
G1 F2700 E118.2514
G1 F600 X116.556 Y114.572 E118.44604
G1 X115.808 Y114.572 E118.47092
G1 X114.125 Y117.5 E118.58324
G1 X115.807 Y120.424 E118.69544
G1 X116.556 Y120.424 E118.72035
G0 F9000 X116.956 Y120.824
;TYPE:WALL-OUTER
G1 F600 X116.956 Y114.172 E118.9416
G1 X115.576 Y114.172 E118.98749
G1 X113.663 Y117.5 E119.11517
G1 X115.576 Y120.824 E119.24273
G1 X116.956 Y120.824 E119.28863
G0 F9000 X116.476 Y120.248
;TYPE:FILL
G1 F600 X114.88 Y118.652 E119.3637
G0 F9000 X115.079 Y118.539
G0 X115.615 Y119.47
G0 X115.417 Y119.583
G1 F600 X116.476 Y118.524 E119.41351
G0 F9000 X116.246 Y118.524
G0 X116.246 Y116.476
G0 X116.476 Y116.476
G1 F600 X115.415 Y115.415 E119.46341
G0 F9000 X115.614 Y115.53
G0 X115.078 Y116.462
G0 X114.88 Y116.348
G1 F600 X116.476 Y114.752 E119.53849
G0 F9000 X116.186 Y115.138
G1 F2700 E114.53849
G0 F9000 X116.726 Y120.145
G0 X118.266 Y120.145
G0 X118.746 Y120.145
G0 X118.436 Y120.424
;TYPE:WALL-INNER
G1 F2700 E119.53849
G1 F600 X119.181 Y120.424 E119.56326
G1 X120.87 Y117.5 E119.67558
G1 X119.181 Y114.573 E119.78797
G1 X118.437 Y114.573 E119.81272
G1 X118.436 Y120.424 E120.00732
G0 F9000 X118.036 Y120.824
;TYPE:WALL-OUTER
G1 F600 X119.412 Y120.824 E120.05309
G1 X121.332 Y117.5 E120.18077
G1 X119.412 Y114.173 E120.30853
G1 X118.037 Y114.173 E120.35426
G1 X118.036 Y120.824 E120.57547
G0 F9000 X118.517 Y120.255
;TYPE:FILL
G1 F600 X120.102 Y118.669 E120.65005
G0 F9000 X119.908 Y118.556
G0 X119.383 Y119.464
G0 X119.578 Y119.578
G1 F600 X118.516 Y118.516 E120.7
G0 F9000 X118.746 Y118.516
G0 X118.746 Y116.483
G0 X118.517 Y116.483
G1 F600 X119.578 Y115.422 E120.74991
G0 F9000 X119.382 Y115.535
G0 X119.908 Y116.446
G0 X120.104 Y116.333
G1 F600 X118.516 Y114.744 E120.82463
G0 F9000 X118.806 Y115.137
G1 F2700 E115.82463
;MESH:NONMESH
G0 F300 X118.806 Y115.137 Z6.6
G0 F9000 X118.266 Y120.145
G0 X116.726 Y120.145
G0 X116.246 Y120.145
G0 X116.556 Y120.424
;TIME_ELAPSED:397.050776
;LAYER:32
;note -- min layer time used
;TYPE:WALL-INNER
;MESH:FT09-Input Shaft.stl
G1 F2700 E120.82463
G1 F600 X116.556 Y114.572 E121.01926
G1 X115.808 Y114.572 E121.04414
G1 X114.125 Y117.5 E121.15647
G1 X115.807 Y120.424 E121.26867
G1 X116.556 Y120.424 E121.29358
G0 F9000 X116.956 Y120.824
;TYPE:WALL-OUTER
G1 F600 X116.956 Y114.172 E121.51482
G1 X115.576 Y114.172 E121.56072
G1 X113.663 Y117.5 E121.6884
G1 X115.576 Y120.824 E121.81595
G1 X116.956 Y120.824 E121.86185
G0 F9000 X116.476 Y120.248
;TYPE:FILL
G1 F600 X114.88 Y118.652 E121.93692
G0 F9000 X115.079 Y118.539
G0 X115.615 Y119.47
G0 X115.417 Y119.583
G1 F600 X116.476 Y118.524 E121.98674
G0 F9000 X116.246 Y118.524
G0 X116.246 Y116.476
G0 X116.476 Y116.476
G1 F600 X115.415 Y115.415 E122.03664
G0 F9000 X115.614 Y115.53
G0 X115.078 Y116.462
G0 X114.88 Y116.348
G1 F600 X116.476 Y114.752 E122.11171
G0 F9000 X116.186 Y115.138
G1 F2700 E117.11171
G0 F9000 X116.726 Y120.145
G0 X118.266 Y120.145
G0 X118.746 Y120.145
G0 X118.436 Y120.424
;TYPE:WALL-INNER
G1 F2700 E122.11171
G1 F600 X119.181 Y120.424 E122.13649
G1 X120.87 Y117.5 E122.2488
G1 X119.181 Y114.573 E122.3612
G1 X118.437 Y114.573 E122.38595
G1 X118.436 Y120.424 E122.58055
G0 F9000 X118.036 Y120.824
;TYPE:WALL-OUTER
G1 F600 X119.412 Y120.824 E122.62632
G1 X121.332 Y117.5 E122.75399
G1 X119.412 Y114.173 E122.88175
G1 X118.037 Y114.173 E122.92749
G1 X118.036 Y120.824 E123.1487
G0 F9000 X118.517 Y120.255
;TYPE:FILL
G1 F600 X120.102 Y118.669 E123.22328
G0 F9000 X119.908 Y118.556
G0 X119.383 Y119.464
G0 X119.578 Y119.578
G1 F600 X118.516 Y118.516 E123.27323
G0 F9000 X118.746 Y118.516
G0 X118.746 Y116.483
G0 X118.517 Y116.483
G1 F600 X119.578 Y115.422 E123.32314
G0 F9000 X119.382 Y115.535
G0 X119.908 Y116.446
G0 X120.104 Y116.333
G1 F600 X118.516 Y114.744 E123.39785
G0 F9000 X118.806 Y115.137
G1 F2700 E118.39785
;MESH:NONMESH
G0 F300 X118.806 Y115.137 Z6.8
G0 F9000 X118.266 Y120.545
G0 X116.726 Y120.545
G0 X117.026 Y120.939
;TIME_ELAPSED:407.469610
;LAYER:33
;note -- min layer time used
;TYPE:WALL-INNER
;MESH:FT09-Input Shaft.stl
G1 F2700 E123.39785
G1 F651.2 X117.5 Y120.96 E123.4136
G1 X117.63 Y120.966 E123.41791
G1 F649.6 X118.235 Y120.887 E123.43821
G1 X118.813 Y120.708 E123.45833
G1 X119.317 Y120.459 E123.47703
G1 X119.83 Y120.067 E123.4985
G1 X120.239 Y119.623 E123.51858
G1 X120.566 Y119.112 E123.53876
G1 X120.798 Y118.555 E123.55883
G1 X120.936 Y117.961 E123.57911
G1 X120.969 Y117.405 E123.59764
G1 X120.887 Y116.761 E123.61923
G1 X120.706 Y116.182 E123.6394
G1 X120.427 Y115.643 E123.65959
G1 X120.062 Y115.165 E123.67959
G1 X119.615 Y114.749 E123.6999
G1 X119.147 Y114.44 E123.71856
G1 X118.552 Y114.19 E123.74002
G1 X117.963 Y114.058 E123.7601
G1 X117.358 Y114.03 E123.78024
G1 X116.758 Y114.109 E123.80037
G1 X116.173 Y114.291 E123.82075
G1 X115.667 Y114.544 E123.83956
G1 X115.157 Y114.93 E123.86084
G1 X114.75 Y115.372 E123.88082
G1 X114.422 Y115.888 E123.90116
G1 X114.186 Y116.445 E123.92128
G1 X114.054 Y117.033 E123.94132
G1 X114.026 Y117.634 E123.96133
G1 X114.105 Y118.234 E123.98146
G1 X114.286 Y118.816 E124.00173
G1 X114.562 Y119.358 E124.02196
G1 X114.925 Y119.833 E124.04185
G1 X115.371 Y120.241 E124.06195
G1 X115.844 Y120.556 E124.08085
G1 X116.437 Y120.802 E124.10221
G1 X117.026 Y120.939 E124.12232
G0 F9000 X116.301 Y120.461
G0 X115.989 Y120.282
G0 X115.655 Y120.91
;TYPE:WALL-OUTER
G1 F649.6 X116.314 Y121.184 E124.14606
G1 X116.972 Y121.337 E124.16853
G1 X117.5 Y121.36 E124.1861
G1 X117.647 Y121.367 E124.191
G1 X118.321 Y121.279 E124.21361
G1 X118.961 Y121.081 E124.23589
G1 X119.529 Y120.801 E124.25695
G1 X120.1 Y120.363 E124.28089
G1 X120.557 Y119.869 E124.30327
G1 X120.922 Y119.298 E124.32581
G1 X121.18 Y118.678 E124.34814
G1 X121.333 Y118.019 E124.37065
G1 X121.371 Y117.391 E124.39157
G1 X121.279 Y116.675 E124.41558
G1 X121.078 Y116.029 E124.43808
G1 X120.766 Y115.428 E124.46061
G1 X120.359 Y114.895 E124.48291
G1 X119.863 Y114.434 E124.50543
G1 X119.337 Y114.086 E124.52641
G1 X118.674 Y113.808 E124.55032
G1 X118.017 Y113.66 E124.57272
G1 X117.341 Y113.629 E124.59523
G1 X116.672 Y113.717 E124.61767
G1 X116.023 Y113.919 E124.64028
G1 X115.455 Y114.203 E124.6614
G1 X114.887 Y114.633 E124.68509
G1 X114.432 Y115.127 E124.70743
G1 X114.066 Y115.702 E124.7301
G1 X113.804 Y116.322 E124.75249
G1 X113.656 Y116.979 E124.77489
G1 X113.625 Y117.651 E124.79726
G1 X113.713 Y118.32 E124.81971
G1 X113.914 Y118.968 E124.84227
G1 X114.222 Y119.572 E124.86482
G1 X114.629 Y120.104 E124.8871
G1 X115.124 Y120.557 E124.90942
G1 X115.655 Y120.91 E124.93063
G0 F9000 X115.989 Y120.282
G0 X116.256 Y120.248
G0 X116.476 Y120.248
;TYPE:FILL
G1 F649.6 X114.144 Y117.916 E125.04032
G0 F9000 X114.132 Y117.096
G1 F649.6 X116.476 Y114.752 E125.15057
G0 F9000 X116.256 Y114.752
G0 X115.276 Y115.263
G0 X115.105 Y115.105
G1 F649.6 X116.476 Y116.476 E125.21506
G0 F9000 X116.256 Y116.476
G0 X116.324 Y114.42
G0 X116.793 Y114.266
G0 X117.366 Y114.192
G0 X117.942 Y114.218
G0 X118.503 Y114.343
G0 X118.809 Y114.521
G0 X118.736 Y116.484
G0 X118.516 Y116.484
G1 F649.6 X119.888 Y115.112 E125.27959
G0 F9000 X119.733 Y115.28
G0 X118.736 Y114.744
G0 X118.516 Y114.744
G1 F649.6 X120.847 Y117.075 E125.38924
G0 F9000 X120.857 Y117.914
G1 F649.6 X118.516 Y120.256 E125.49937
G0 F9000 X118.736 Y120.256
G0 X119.72 Y119.733
G0 X119.886 Y119.886
G1 F649.6 X118.516 Y118.516 E125.56381
G0 F9000 X118.736 Y118.516
G0 X118.668 Y120.577
G0 X118.2 Y120.73
G0 X117.623 Y120.804
G0 X117.048 Y120.779
G0 X116.323 Y120.574
G0 X116.256 Y118.524
G0 X116.476 Y118.524
G1 F649.6 X115.108 Y119.892 E125.62816
G0 F9000 X115.263 Y119.724
G0 X116.323 Y120.574
G0 X117.488 Y120.858
G0 X117.5 Y120.598
;TYPE:SKIN
G1 F649.6 X117.076 Y120.58 E125.64227
G1 X116.517 Y120.444 E125.66141
G1 X116.516 Y114.56 E125.85711
G1 X116.835 Y114.461 E125.86822
G1 X117.373 Y114.393 E125.88626
G1 X117.918 Y114.416 E125.9044
G1 X118.476 Y114.54 E125.92341
G1 X118.476 Y120.435 E126.11948
G1 X118.157 Y120.531 E126.13056
G1 X117.611 Y120.603 E126.14888
G1 X117.5 Y120.598 E126.15257
G0 F9000 X117.488 Y120.858
G0 X118.2 Y120.73
G0 X118.668 Y120.577
G0 X118.736 Y119.878
G0 X118.276 Y119.878
G1 F649.6 X117.775 Y120.379 E126.17614
G0 F9000 X117.202 Y120.386
G1 F649.6 X118.276 Y119.312 E126.22666
G0 F9000 X118.276 Y118.747
G1 F649.6 X116.728 Y120.294 E126.29945
G0 F9000 X116.717 Y119.739
G1 F649.6 X118.276 Y118.181 E126.37275
G0 F9000 X118.276 Y117.615
G1 F649.6 X116.717 Y119.174 E126.44608
G0 F9000 X116.717 Y118.608
G1 F649.6 X118.276 Y117.05 E126.51939
G0 F9000 X118.276 Y116.484
G1 F649.6 X116.717 Y118.042 E126.5927
G0 F9000 X116.717 Y117.477
G1 F649.6 X118.276 Y115.918 E126.66603
G0 F9000 X118.276 Y115.352
G1 F649.6 X116.717 Y116.911 E126.73936
G0 F9000 X116.717 Y116.345
G1 F649.6 X118.276 Y114.787 E126.81267
G0 F9000 X117.882 Y114.614
G1 F649.6 X116.717 Y115.78 E126.86749
G0 F9000 X116.717 Y115.214
G1 F649.6 X117.332 Y114.599 E126.89642
G0 F9000 X116.148 Y114.984
;MESH:NONMESH
G0 F300 X116.148 Y114.984 Z7
G0 F9000 X116.323 Y120.574
G0 X117.5 Y120.96
;TIME_ELAPSED:420.346320
;LAYER:34
;note -- min layer time used
;TYPE:WALL-INNER
;MESH:FT09-Input Shaft.stl
G1 F647.5 X117.624 Y120.966 E126.90053
G1 F645.9 X118.232 Y120.891 E126.92091
G1 X118.814 Y120.709 E126.94119
G1 X119.317 Y120.456 E126.95992
G1 X119.83 Y120.066 E126.98135
G1 X120.24 Y119.622 E127.00145
G1 X120.567 Y119.118 E127.02144
G1 X120.802 Y118.556 E127.0417
G1 X120.935 Y117.963 E127.06191
G1 X120.969 Y117.405 E127.0805
G1 X120.887 Y116.761 E127.1021
G1 X120.706 Y116.181 E127.1223
G1 X120.427 Y115.639 E127.14258
G1 X120.063 Y115.163 E127.16251
G1 X119.612 Y114.75 E127.18285
G1 X119.154 Y114.443 E127.20119
G1 X118.552 Y114.19 E127.22291
G1 X117.963 Y114.058 E127.24298
G1 X117.358 Y114.03 E127.26313
G1 X116.757 Y114.109 E127.28329
G1 X116.17 Y114.291 E127.30373
G1 X115.667 Y114.544 E127.32246
G1 X115.157 Y114.93 E127.34373
G1 X114.75 Y115.372 E127.36371
G1 X114.422 Y115.888 E127.38405
G1 X114.186 Y116.445 E127.40417
G1 X114.054 Y117.033 E127.42421
G1 X114.026 Y117.634 E127.44422
G1 X114.105 Y118.234 E127.46435
G1 X114.286 Y118.816 E127.48462
G1 X114.562 Y119.359 E127.50488
G1 X114.926 Y119.834 E127.52479
G1 X115.372 Y120.245 E127.54496
G1 X115.836 Y120.552 E127.56346
G1 X116.441 Y120.806 E127.58529
G1 X117.025 Y120.939 E127.60521
G1 F647.5 X117.5 Y120.96 E127.62098
G0 F9000 X117.5 Y121.361
;TYPE:WALL-OUTER
G1 F645.9 X117.64 Y121.367 E127.62564
G1 X118.317 Y121.283 E127.64833
G1 X118.964 Y121.081 E127.67088
G1 X119.529 Y120.797 E127.69191
G1 X120.1 Y120.363 E127.71577
G1 X120.557 Y119.868 E127.73817
G1 X120.922 Y119.306 E127.76046
G1 X121.184 Y118.678 E127.78309
G1 X121.333 Y118.019 E127.80556
G1 X121.371 Y117.391 E127.82649
G1 X121.279 Y116.675 E127.8505
G1 X121.078 Y116.029 E127.873
G1 X120.766 Y115.424 E127.89564
G1 X120.359 Y114.892 E127.91792
G1 X119.86 Y114.434 E127.94045
G1 X119.344 Y114.089 E127.96109
G1 X118.674 Y113.808 E127.98526
G1 X118.017 Y113.66 E128.00766
G1 X117.341 Y113.629 E128.03017
G1 X116.671 Y113.717 E128.05264
G1 X116.02 Y113.919 E128.07531
G1 X115.455 Y114.203 E128.09635
G1 X114.887 Y114.633 E128.12004
G1 X114.432 Y115.127 E128.14238
G1 X114.066 Y115.702 E128.16505
G1 X113.804 Y116.322 E128.18743
G1 X113.656 Y116.979 E128.20983
G1 X113.625 Y117.651 E128.23221
G1 X113.713 Y118.32 E128.25465
G1 X113.914 Y118.968 E128.27722
G1 X114.222 Y119.573 E128.2998
G1 X114.629 Y120.104 E128.32205
G1 X115.124 Y120.561 E128.34446
G1 X115.647 Y120.906 E128.3653
G1 X116.318 Y121.188 E128.3895
G1 X116.971 Y121.337 E128.41178
G1 X117.5 Y121.361 E128.42939
G0 F9000 X117.514 Y121.054
G0 X118.668 Y120.578
G0 X118.736 Y120.256
G0 X118.516 Y120.256
;TYPE:FILL
G1 F645.9 X120.858 Y117.914 E128.53955
G0 F9000 X120.847 Y117.075
G1 F645.9 X118.516 Y114.744 E128.6492
G0 F9000 X118.736 Y114.744
G0 X119.733 Y115.28
G0 X119.889 Y115.111
G1 F645.9 X118.516 Y116.484 E128.71378
G0 F9000 X118.736 Y116.484
G0 X118.736 Y118.516
G0 X118.516 Y118.516
G1 F645.9 X119.886 Y119.886 E128.77822
G0 F9000 X119.72 Y119.733
G0 X118.668 Y120.578
G0 X118.198 Y120.733
G0 X117.617 Y120.804
G0 X117.047 Y120.779
G0 X116.323 Y120.576
G0 X116.256 Y120.248
G0 X116.476 Y120.248
G1 F645.9 X114.144 Y117.916 E128.88791
G0 F9000 X114.132 Y117.096
G1 F645.9 X116.476 Y114.752 E128.99816
G0 F9000 X116.256 Y114.752
G0 X115.276 Y115.263
G0 X115.105 Y115.105
G1 F645.9 X116.476 Y116.476 E129.06265
G0 F9000 X116.256 Y116.476
G0 X116.256 Y118.524
G0 X116.476 Y118.524
G1 F645.9 X115.106 Y119.893 E129.12707
G0 F9000 X115.263 Y119.724
G0 X116.323 Y120.576
G0 X117.488 Y120.858
G0 X117.5 Y120.598
;TYPE:SKIN
G1 F645.9 X117.072 Y120.58 E129.14132
G1 X116.517 Y120.446 E129.16031
G1 X116.517 Y114.559 E129.35611
G1 X116.828 Y114.461 E129.36695
G1 X117.373 Y114.393 E129.38522
G1 X117.918 Y114.416 E129.40336
G1 X118.476 Y114.54 E129.42238
G1 X118.476 Y120.433 E129.61838
G1 X118.153 Y120.535 E129.62964
G1 X117.607 Y120.603 E129.64794
G1 X117.5 Y120.598 E129.65151
G0 F9000 X116.717 Y120.111
G1 F645.9 X116.953 Y120.347 E129.66261
G0 F9000 X117.572 Y120.4
G1 F645.9 X116.717 Y119.546 E129.7028
G0 F9000 X116.717 Y118.98
G1 F645.9 X118.08 Y120.343 E129.76691
G0 F9000 X118.276 Y119.973
G1 F645.9 X116.717 Y118.414 E129.84024
G0 F9000 X116.717 Y117.849
G1 F645.9 X118.276 Y119.408 E129.91357
G0 F9000 X118.276 Y118.842
G1 F645.9 X116.717 Y117.283 E129.9869
G0 F9000 X116.717 Y116.717
G1 F645.9 X118.276 Y118.276 E130.06024
G0 F9000 X118.276 Y117.711
G1 F645.9 X116.717 Y116.151 E130.13359
G0 F9000 X116.717 Y115.586
G1 F645.9 X118.276 Y117.145 E130.20692
G0 F9000 X118.276 Y116.579
G1 F645.9 X116.717 Y115.02 E130.28025
G0 F9000 X116.914 Y114.652
G1 F645.9 X118.276 Y116.014 E130.34431
G0 F9000 X118.276 Y115.448
G1 F645.9 X117.424 Y114.596 E130.38439
G0 F9000 X118.042 Y114.648
G1 F645.9 X118.276 Y114.882 E130.3954
G0 F9000 X118.936 Y115.032
;MESH:NONMESH
G0 F300 X118.936 Y115.032 Z7.2
G0 F9000 X118.668 Y120.578
G0 X117.5 Y120.96
;TIME_ELAPSED:432.657586
;LAYER:35
;note -- min layer time used
;TYPE:WALL-INNER
;MESH:FT09-Input Shaft.stl
G1 F646.8 X117.631 Y120.966 E130.39976
G1 X118.232 Y120.891 E130.4199
G1 X118.814 Y120.709 E130.44018
G1 X119.317 Y120.456 E130.45891
G1 X119.829 Y120.066 E130.48032
G1 X120.24 Y119.622 E130.50044
G1 X120.57 Y119.111 E130.52067
G1 X120.802 Y118.557 E130.54065
G1 X120.935 Y117.963 E130.5609
G1 X120.969 Y117.408 E130.57939
G1 X120.885 Y116.762 E130.60106
G1 X120.706 Y116.181 E130.62128
G1 X120.427 Y115.639 E130.64155
G1 X120.063 Y115.163 E130.66148
G1 X119.613 Y114.751 E130.68178
G1 X119.15 Y114.443 E130.70027
G1 X118.551 Y114.19 E130.7219
G1 X117.963 Y114.057 E130.74195
G1 X117.358 Y114.03 E130.76209
G1 X116.758 Y114.109 E130.78222
G1 X116.174 Y114.291 E130.80256
G1 X115.67 Y114.544 E130.82132
G1 X115.157 Y114.931 E130.84269
G1 X114.75 Y115.372 E130.86265
G1 X114.422 Y115.888 E130.88299
G1 X114.186 Y116.445 E130.90311
G1 X114.054 Y117.033 E130.92315
G1 X114.026 Y117.634 E130.94317
G1 X114.105 Y118.234 E130.96329
G1 X114.286 Y118.816 E130.98357
G1 X114.562 Y119.358 E131.0038
G1 X114.925 Y119.833 E131.02368
G1 X115.375 Y120.246 E131.04399
G1 X115.837 Y120.552 E131.06243
G1 X116.44 Y120.806 E131.08419
G1 X117.029 Y120.938 E131.10426
G1 X117.5 Y120.96 E131.11995
G0 F9000 X117.5 Y121.36
;TYPE:WALL-OUTER
G1 F646.8 X117.647 Y121.367 E131.12484
G1 X118.317 Y121.283 E131.1473
G1 X118.964 Y121.081 E131.16984
G1 X119.529 Y120.797 E131.19088
G1 X120.1 Y120.363 E131.21473
G1 X120.557 Y119.868 E131.23714
G1 X120.926 Y119.298 E131.25972
G1 X121.184 Y118.679 E131.28203
G1 X121.333 Y118.019 E131.30453
G1 X121.371 Y117.395 E131.32532
G1 X121.279 Y116.676 E131.34943
G1 X121.078 Y116.029 E131.37197
G1 X120.766 Y115.424 E131.39461
G1 X120.359 Y114.892 E131.41689
G1 X119.86 Y114.435 E131.43939
G1 X119.34 Y114.089 E131.46017
G1 X118.674 Y113.808 E131.48421
G1 X118.017 Y113.659 E131.50661
G1 X117.341 Y113.629 E131.52912
G1 X116.672 Y113.717 E131.55156
G1 X116.024 Y113.919 E131.57414
G1 X115.458 Y114.203 E131.5952
G1 X114.887 Y114.633 E131.61898
G1 X114.432 Y115.127 E131.64131
G1 X114.066 Y115.702 E131.66398
G1 X113.804 Y116.322 E131.68637
G1 X113.656 Y116.979 E131.70877
G1 X113.625 Y117.651 E131.73114
G1 X113.713 Y118.32 E131.75359
G1 X113.914 Y118.968 E131.77615
G1 X114.222 Y119.572 E131.7987
G1 X114.629 Y120.104 E131.82098
G1 X115.128 Y120.562 E131.84351
G1 X115.647 Y120.906 E131.86422
G1 X116.318 Y121.188 E131.88843
G1 X116.975 Y121.336 E131.91083
G1 X117.5 Y121.36 E131.92831
G0 F9000 X117.514 Y121.054
G0 X118.668 Y120.578
G0 X118.736 Y120.256
G0 X118.516 Y120.256
;TYPE:FILL
G1 F646.8 X120.858 Y117.914 E132.03847
G0 F9000 X120.845 Y117.074
G1 F646.8 X118.516 Y114.744 E132.14804
G0 F9000 X118.736 Y114.744
G0 X119.733 Y115.279
G0 X119.889 Y115.111
G1 F646.8 X118.516 Y116.484 E132.21262
G0 F9000 X118.736 Y116.484
G0 X118.736 Y118.516
G0 X118.516 Y118.516
G1 F646.8 X119.886 Y119.886 E132.27706
G0 F9000 X119.72 Y119.733
G0 X118.668 Y120.578
G0 X118.197 Y120.734
G0 X117.624 Y120.804
G0 X117.05 Y120.778
G0 X116.323 Y120.576
G0 X116.256 Y120.248
G0 X116.476 Y120.248
G1 F646.8 X114.144 Y117.916 E132.38675
G0 F9000 X114.132 Y117.096
G1 F646.8 X116.476 Y114.752 E132.49701
G0 F9000 X116.256 Y114.752
G0 X115.276 Y115.263
G0 X115.105 Y115.105
G1 F646.8 X116.476 Y116.476 E132.56149
G0 F9000 X116.256 Y116.476
G0 X116.256 Y118.524
G0 X116.476 Y118.524
G1 F646.8 X115.108 Y119.892 E132.62584
G0 F9000 X115.263 Y119.724
G0 X116.323 Y120.576
G0 X117.488 Y120.858
G0 X117.5 Y120.597
;TYPE:SKIN
G1 F646.8 X117.075 Y120.576 E132.63999
G1 X116.517 Y120.453 E132.659
G1 X116.516 Y114.56 E132.855
G1 X116.827 Y114.464 E132.86583
G1 X117.373 Y114.393 E132.88414
G1 X117.913 Y114.416 E132.90212
G1 X118.476 Y114.539 E132.92128
G1 X118.476 Y120.437 E133.11745
G1 X118.161 Y120.536 E133.12843
G1 X117.616 Y120.603 E133.1467
G1 X117.5 Y120.597 E133.15056
G0 F9000 X117.488 Y120.858
G0 X118.197 Y120.734
G0 X118.668 Y120.578
G0 X118.736 Y119.877
G0 X118.276 Y119.877
G1 F646.8 X117.771 Y120.382 E133.17431
G0 F9000 X117.205 Y120.383
G1 F646.8 X118.276 Y119.312 E133.22469
G0 F9000 X118.276 Y118.746
G1 F646.8 X116.727 Y120.295 E133.29755
G0 F9000 X116.716 Y119.74
G1 F646.8 X118.276 Y118.18 E133.37093
G0 F9000 X118.276 Y117.614
G1 F646.8 X116.716 Y119.174 E133.4443
G0 F9000 X116.716 Y118.609
G1 F646.8 X118.276 Y117.049 E133.51768
G0 F9000 X118.276 Y116.483
G1 F646.8 X116.716 Y118.043 E133.59106
G0 F9000 X116.716 Y117.477
G1 F646.8 X118.276 Y115.917 E133.66444
G0 F9000 X118.276 Y115.352
G1 F646.8 X116.716 Y116.912 E133.73782
G0 F9000 X116.716 Y116.346
G1 F646.8 X118.276 Y114.786 E133.81119
G0 F9000 X117.882 Y114.614
G1 F646.8 X116.716 Y115.78 E133.86604
G0 F9000 X116.716 Y115.215
G1 F646.8 X117.33 Y114.601 E133.89492
G0 F9000 X116.147 Y114.984
;MESH:NONMESH
G0 F300 X116.147 Y114.984 Z7.4
G0 F9000 X116.323 Y120.576
G0 X117.5 Y120.96
;TIME_ELAPSED:445.053837
;LAYER:36
;note -- min layer time used
;TYPE:WALL-INNER
;MESH:FT09-Input Shaft.stl
G1 F645.9 X117.632 Y120.966 E133.89931
G1 X118.231 Y120.891 E133.91939
G1 X118.817 Y120.706 E133.93983
G1 X119.313 Y120.456 E133.9583
G1 X119.831 Y120.065 E133.97989
G1 X120.24 Y119.622 E133.99994
G1 X120.57 Y119.111 E134.02018
G1 X120.802 Y118.557 E134.04015
G1 X120.935 Y117.963 E134.0604
G1 X120.969 Y117.405 E134.07899
G1 X120.887 Y116.761 E134.10058
G1 X120.706 Y116.181 E134.12079
G1 X120.427 Y115.639 E134.14107
G1 X120.063 Y115.163 E134.161
G1 X119.617 Y114.754 E134.18113
G1 X119.142 Y114.439 E134.20008
G1 X118.551 Y114.19 E134.22141
G1 X117.963 Y114.057 E134.24146
G1 X117.358 Y114.03 E134.26161
G1 X116.758 Y114.109 E134.28173
G1 X116.173 Y114.291 E134.30211
G1 X115.667 Y114.544 E134.32093
G1 X115.157 Y114.93 E134.3422
G1 X114.75 Y115.372 E134.36219
G1 X114.422 Y115.888 E134.38252
G1 X114.186 Y116.445 E134.40264
G1 X114.054 Y117.033 E134.42268
G1 X114.026 Y117.634 E134.4427
G1 X114.105 Y118.234 E134.46282
G1 X114.286 Y118.816 E134.4831
G1 X114.562 Y119.358 E134.50333
G1 X114.925 Y119.833 E134.52321
G1 X115.371 Y120.241 E134.54331
G1 X115.845 Y120.556 E134.56224
G1 X116.44 Y120.806 E134.58371
G1 X117.029 Y120.938 E134.60379
G1 X117.5 Y120.96 E134.61947
G0 F9000 X117.5 Y121.36
;TYPE:WALL-OUTER
G1 F645.9 X117.648 Y121.367 E134.6244
G1 X118.317 Y121.283 E134.64682
G1 X118.968 Y121.078 E134.66952
G1 X119.525 Y120.797 E134.69027
G1 X120.101 Y120.363 E134.71426
G1 X120.557 Y119.868 E134.73664
G1 X120.926 Y119.298 E134.75923
G1 X121.184 Y118.679 E134.78153
G1 X121.333 Y118.019 E134.80404
G1 X121.371 Y117.391 E134.82496
G1 X121.279 Y116.675 E134.84897
G1 X121.078 Y116.029 E134.87147
G1 X120.766 Y115.424 E134.89412
G1 X120.359 Y114.892 E134.91639
G1 X119.864 Y114.438 E134.93873
G1 X119.332 Y114.085 E134.95997
G1 X118.674 Y113.808 E134.98371
G1 X118.017 Y113.659 E135.00612
G1 X117.341 Y113.629 E135.02863
G1 X116.672 Y113.717 E135.05107
G1 X116.023 Y113.919 E135.07368
G1 X115.455 Y114.203 E135.0948
G1 X114.887 Y114.633 E135.11849
G1 X114.432 Y115.127 E135.14083
G1 X114.066 Y115.702 E135.1635
G1 X113.804 Y116.322 E135.18589
G1 X113.656 Y116.979 E135.20829
G1 X113.625 Y117.651 E135.23066
G1 X113.713 Y118.32 E135.25311
G1 X113.914 Y118.968 E135.27567
G1 X114.222 Y119.572 E135.29822
G1 X114.629 Y120.104 E135.3205
G1 X115.124 Y120.557 E135.34282
G1 X115.655 Y120.91 E135.36402
G1 X116.318 Y121.188 E135.38794
G1 X116.975 Y121.336 E135.41034
G1 X117.5 Y121.36 E135.42782
G0 F9000 X117.514 Y121.054
G0 X118.668 Y120.576
G0 X118.736 Y120.256
G0 X118.516 Y120.256
;TYPE:FILL
G1 F645.9 X120.858 Y117.914 E135.53798
G0 F9000 X120.846 Y117.074
G1 F645.9 X118.516 Y114.744 E135.64757
G0 F9000 X118.736 Y114.744
G0 X119.733 Y115.279
G0 X119.889 Y115.111
G1 F645.9 X118.516 Y116.484 E135.71215
G0 F9000 X118.736 Y116.484
G0 X118.736 Y118.516
G0 X118.516 Y118.516
G1 F645.9 X119.886 Y119.886 E135.77659
G0 F9000 X119.72 Y119.733
G0 X118.668 Y120.576
G0 X118.196 Y120.734
G0 X117.625 Y120.804
G0 X117.05 Y120.778
G0 X116.323 Y120.576
G0 X116.256 Y120.248
G0 X116.476 Y120.248
G1 F645.9 X114.144 Y117.916 E135.88628
G0 F9000 X114.132 Y117.096
G1 F645.9 X116.476 Y114.752 E135.99654
G0 F9000 X116.256 Y114.752
G0 X115.276 Y115.263
G0 X115.105 Y115.105
G1 F645.9 X116.476 Y116.476 E136.06103
G0 F9000 X116.256 Y116.476
G0 X116.256 Y118.524
G0 X116.476 Y118.524
G1 F645.9 X115.108 Y119.892 E136.12537
G0 F9000 X115.263 Y119.724
G0 X116.323 Y120.576
G0 X117.488 Y120.857
G0 X117.5 Y120.597
;TYPE:SKIN
G1 F645.9 X117.075 Y120.576 E136.13953
G1 X116.517 Y120.453 E136.15853
G1 X116.516 Y114.56 E136.35453
G1 X116.835 Y114.461 E136.36564
G1 X117.373 Y114.393 E136.38368
G1 X117.913 Y114.416 E136.40166
G1 X118.476 Y114.539 E136.42082
G1 X118.476 Y120.434 E136.61689
G1 X118.156 Y120.535 E136.62805
G1 X117.616 Y120.603 E136.64615
G1 X117.5 Y120.597 E136.65002
G0 F9000 X116.716 Y120.111
G1 F645.9 X116.949 Y120.343 E136.66095
G0 F9000 X117.571 Y120.4
G1 F645.9 X116.716 Y119.545 E136.70117
G0 F9000 X116.716 Y118.979
G1 F645.9 X118.08 Y120.343 E136.76533
G0 F9000 X118.276 Y119.973
G1 F645.9 X116.716 Y118.414 E136.83868
G0 F9000 X116.716 Y117.848
G1 F645.9 X118.276 Y119.408 E136.91206
G0 F9000 X118.276 Y118.842
G1 F645.9 X116.716 Y117.282 E136.98544
G0 F9000 X116.716 Y116.716
G1 F645.9 X118.276 Y118.276 E137.05882
G0 F9000 X118.276 Y117.711
G1 F645.9 X116.716 Y116.151 E137.13219
G0 F9000 X116.716 Y115.585
G1 F645.9 X118.276 Y117.145 E137.20557
G0 F9000 X118.276 Y116.579
G1 F645.9 X116.716 Y115.019 E137.27895
G0 F9000 X116.915 Y114.652
G1 F645.9 X118.276 Y116.014 E137.34299
G0 F9000 X118.276 Y115.448
G1 F645.9 X117.424 Y114.596 E137.38306
G0 F9000 X118.043 Y114.649
G1 F645.9 X118.276 Y114.882 E137.39402
G0 F9000 X118.936 Y115.033
;MESH:NONMESH
G0 F300 X118.936 Y115.033 Z7.6
G0 F9000 X118.668 Y120.576
G0 X117.5 Y120.96
;TIME_ELAPSED:457.364806
;LAYER:37
;note -- min layer time used
;TYPE:WALL-INNER
;MESH:FT09-Input Shaft.stl
G1 F600 X117.63 Y120.966 E137.39835
G1 X118.239 Y120.887 E137.41878
G1 X118.817 Y120.708 E137.4389
G1 X119.313 Y120.464 E137.45729
G1 X119.829 Y120.067 E137.47894
G1 X120.24 Y119.622 E137.49909
G1 X120.57 Y119.111 E137.51932
G1 X120.802 Y118.557 E137.5393
G1 X120.935 Y117.963 E137.55954
G1 X120.969 Y117.405 E137.57814
G1 X120.887 Y116.761 E137.59973
G1 X120.706 Y116.181 E137.61994
G1 X120.427 Y115.639 E137.64021
G1 X120.063 Y115.163 E137.66014
G1 X119.616 Y114.754 E137.6803
G1 X119.146 Y114.439 E137.69911
G1 X118.552 Y114.19 E137.72054
G1 X117.963 Y114.058 E137.74061
G1 X117.358 Y114.03 E137.76076
G1 X116.757 Y114.109 E137.78092
G1 X116.17 Y114.291 E137.80136
G1 X115.667 Y114.544 E137.82008
G1 X115.157 Y114.93 E137.84136
G1 X114.75 Y115.372 E137.86134
G1 X114.422 Y115.888 E137.88168
G1 X114.186 Y116.445 E137.9018
G1 X114.054 Y117.033 E137.92184
G1 X114.026 Y117.634 E137.94185
G1 X114.105 Y118.234 E137.96198
G1 X114.286 Y118.816 E137.98225
G1 X114.562 Y119.359 E138.00251
G1 X114.926 Y119.834 E138.02242
G1 X115.371 Y120.245 E138.04256
G1 X115.844 Y120.556 E138.06139
G1 X116.44 Y120.806 E138.08289
G1 X117.029 Y120.938 E138.10296
G1 X117.5 Y120.96 E138.11865
G0 F9000 X117.5 Y121.36
;TYPE:WALL-OUTER
G1 F600 X117.647 Y121.367 E138.12354
G1 X118.325 Y121.279 E138.14628
G1 X118.965 Y121.081 E138.16856
G1 X119.525 Y120.805 E138.18933
G1 X120.1 Y120.363 E138.21345
G1 X120.557 Y119.868 E138.23586
G1 X120.926 Y119.298 E138.25844
G1 X121.184 Y118.679 E138.28075
G1 X121.333 Y118.019 E138.30325
G1 X121.371 Y117.391 E138.32418
G1 X121.279 Y116.675 E138.34819
G1 X121.078 Y116.029 E138.37069
G1 X120.766 Y115.424 E138.39333
G1 X120.359 Y114.892 E138.41561
G1 X119.864 Y114.438 E138.43795
G1 X119.336 Y114.085 E138.45907
G1 X118.674 Y113.808 E138.48294
G1 X118.017 Y113.66 E138.50534
G1 X117.341 Y113.629 E138.52785
G1 X116.671 Y113.717 E138.55032
G1 X116.02 Y113.919 E138.57299
G1 X115.455 Y114.203 E138.59403
G1 X114.887 Y114.633 E138.61772
G1 X114.432 Y115.127 E138.64006
G1 X114.066 Y115.702 E138.66273
G1 X113.804 Y116.322 E138.68512
G1 X113.656 Y116.979 E138.70752
G1 X113.625 Y117.651 E138.72989
G1 X113.713 Y118.32 E138.75233
G1 X113.914 Y118.968 E138.7749
G1 X114.222 Y119.573 E138.79748
G1 X114.629 Y120.104 E138.81973
G1 X115.124 Y120.561 E138.84214
G1 X115.655 Y120.91 E138.86327
G1 X116.318 Y121.188 E138.88718
G1 X116.975 Y121.336 E138.90958
G1 X117.5 Y121.36 E138.92706
G0 F9000 X117.088 Y120.86
;TYPE:FILL
G1 F600 X114.144 Y117.916 E139.06554
G0 F9000 X114.132 Y117.096
G1 F600 X117.081 Y114.147 E139.20425
G0 F9000 X117.908 Y114.136
G1 F600 X120.846 Y117.074 E139.34245
G0 F9000 X120.858 Y117.914
G1 F600 X117.924 Y120.847 E139.48043
G0 F9000 X117.896 Y120.623
G0 X119.72 Y119.733
G0 X119.887 Y119.887
G1 F600 X115.105 Y115.105 E139.70536
G0 F9000 X115.276 Y115.263
G0 X119.733 Y115.28
G0 X119.889 Y115.111
G1 F600 X115.106 Y119.893 E139.93031
G0 F9000 X115.468 Y119.505
;MESH:NONMESH
G0 F300 X115.468 Y119.505 Z7.8
G0 F9000 X117.515 Y120.655
G0 X117.5 Y120.96
;TIME_ELAPSED:465.945843
;LAYER:38
;note -- min layer time used
;TYPE:WALL-INNER
;MESH:FT09-Input Shaft.stl
G1 F600 X117.631 Y120.966 E139.93468
G1 X118.232 Y120.891 E139.95482
G1 X118.814 Y120.709 E139.9751
G1 X119.317 Y120.456 E139.99383
G1 X119.829 Y120.066 E140.01524
G1 X120.24 Y119.622 E140.03536
G1 X120.57 Y119.111 E140.05559
G1 X120.802 Y118.557 E140.07557
G1 X120.935 Y117.963 E140.09581
G1 X120.969 Y117.408 E140.11431
G1 X120.885 Y116.762 E140.13597
G1 X120.706 Y116.181 E140.15619
G1 X120.427 Y115.639 E140.17647
G1 X120.063 Y115.163 E140.1964
G1 X119.617 Y114.754 E140.21653
G1 X119.142 Y114.439 E140.23548
G1 X118.551 Y114.19 E140.25681
G1 X117.963 Y114.057 E140.27686
G1 X117.358 Y114.03 E140.29701
G1 X116.757 Y114.109 E140.31717
G1 X116.17 Y114.291 E140.33761
G1 X115.667 Y114.544 E140.35634
G1 X115.157 Y114.93 E140.37761
G1 X114.75 Y115.372 E140.39759
G1 X114.422 Y115.888 E140.41793
G1 X114.186 Y116.445 E140.43805
G1 X114.054 Y117.033 E140.45809
G1 X114.026 Y117.634 E140.4781
G1 X114.105 Y118.234 E140.49823
G1 X114.286 Y118.816 E140.5185
G1 X114.562 Y119.359 E140.53876
G1 X114.926 Y119.834 E140.55867
G1 X115.371 Y120.245 E140.57882
G1 X115.844 Y120.556 E140.59764
G1 X116.44 Y120.806 E140.61914
G1 X117.029 Y120.938 E140.63922
G1 X117.5 Y120.96 E140.6549
G0 F9000 X117.5 Y121.36
;TYPE:WALL-OUTER
G1 F600 X117.647 Y121.367 E140.65979
G1 X118.317 Y121.283 E140.68225
G1 X118.964 Y121.081 E140.7048
G1 X119.529 Y120.797 E140.72583
G1 X120.1 Y120.363 E140.74968
G1 X120.557 Y119.868 E140.77209
G1 X120.926 Y119.298 E140.79467
G1 X121.184 Y118.679 E140.81698
G1 X121.333 Y118.019 E140.83948
G1 X121.371 Y117.395 E140.86028
G1 X121.279 Y116.676 E140.88439
G1 X121.078 Y116.029 E140.90692
G1 X120.766 Y115.424 E140.92956
G1 X120.359 Y114.892 E140.95184
G1 X119.864 Y114.438 E140.97418
G1 X119.332 Y114.085 E140.99541
G1 X118.674 Y113.808 E141.01916
G1 X118.017 Y113.659 E141.04157
G1 X117.341 Y113.629 E141.06407
G1 X116.671 Y113.717 E141.08655
G1 X116.02 Y113.919 E141.10922
G1 X115.455 Y114.203 E141.13025
G1 X114.887 Y114.633 E141.15395
G1 X114.432 Y115.127 E141.17628
G1 X114.066 Y115.702 E141.19895
G1 X113.804 Y116.322 E141.22134
G1 X113.656 Y116.979 E141.24374
G1 X113.625 Y117.651 E141.26611
G1 X113.713 Y118.32 E141.28856
G1 X113.914 Y118.968 E141.31112
G1 X114.222 Y119.573 E141.3337
G1 X114.629 Y120.104 E141.35595
G1 X115.124 Y120.561 E141.37836
G1 X115.655 Y120.91 E141.3995
G1 X116.318 Y121.188 E141.42341
G1 X116.975 Y121.336 E141.44581
G1 X117.5 Y121.36 E141.46329
G0 F9000 X117.088 Y120.86
;TYPE:FILL
G1 F600 X114.144 Y117.916 E141.60176
G0 F9000 X114.132 Y117.096
G1 F600 X117.081 Y114.147 E141.74048
G0 F9000 X117.907 Y114.136
G1 F600 X120.845 Y117.074 E141.87867
G0 F9000 X120.858 Y117.914
G1 F600 X117.922 Y120.849 E142.01675
G0 F9000 X117.894 Y120.623
G0 X119.72 Y119.733
G0 X119.886 Y119.886
G1 F600 X115.105 Y115.105 E142.24163
G0 F9000 X115.276 Y115.263
G0 X119.733 Y115.279
G0 X119.889 Y115.111
G1 F600 X115.106 Y119.893 E142.46659
G0 F9000 X115.468 Y119.505
;MESH:NONMESH
G0 F300 X115.468 Y119.505 Z8
G0 F9000 X117.515 Y120.655
G0 X117.5 Y120.96
;TIME_ELAPSED:474.526721
;LAYER:39
;note -- min layer time used
;TYPE:WALL-INNER
;MESH:FT09-Input Shaft.stl
G1 F600 X117.631 Y120.966 E142.47095
G1 X118.232 Y120.891 E142.49109
G1 X118.814 Y120.709 E142.51137
G1 X119.317 Y120.456 E142.5301
G1 X119.829 Y120.066 E142.55151
G1 X120.24 Y119.622 E142.57163
G1 X120.57 Y119.111 E142.59186
G1 X120.802 Y118.557 E142.61184
G1 X120.935 Y117.963 E142.63208
G1 X120.969 Y117.405 E142.65068
G1 X120.885 Y116.762 E142.67225
G1 X120.706 Y116.181 E142.69247
G1 X120.427 Y115.639 E142.71274
G1 X120.063 Y115.163 E142.73267
G1 X119.616 Y114.754 E142.75282
G1 X119.146 Y114.439 E142.77164
G1 X118.552 Y114.19 E142.79306
G1 X117.963 Y114.058 E142.81314
G1 X117.358 Y114.03 E142.83328
G1 X116.758 Y114.109 E142.85341
G1 X116.176 Y114.29 E142.87368
G1 X115.633 Y114.566 E142.89394
G1 X115.158 Y114.93 E142.91385
G1 X114.75 Y115.372 E142.93385
G1 X114.422 Y115.888 E142.95419
G1 X114.186 Y116.445 E142.97431
G1 X114.054 Y117.033 E142.99435
G1 X114.026 Y117.634 E143.01437
G1 X114.105 Y118.234 E143.03449
G1 X114.286 Y118.816 E143.05477
G1 X114.562 Y119.358 E143.075
G1 X114.925 Y119.833 E143.09488
G1 X115.375 Y120.246 E143.11519
G1 X115.837 Y120.552 E143.13362
G1 X116.44 Y120.806 E143.15539
G1 X117.029 Y120.938 E143.17546
G1 X117.5 Y120.96 E143.19115
G0 F9000 X117.5 Y121.36
;TYPE:WALL-OUTER
G1 F600 X117.647 Y121.367 E143.19604
G1 X118.317 Y121.283 E143.2185
G1 X118.964 Y121.081 E143.24104
G1 X119.529 Y120.797 E143.26208
G1 X120.1 Y120.363 E143.28593
G1 X120.557 Y119.868 E143.30834
G1 X120.926 Y119.298 E143.33092
G1 X121.184 Y118.679 E143.35323
G1 X121.333 Y118.019 E143.37573
G1 X121.371 Y117.391 E143.39666
G1 X121.279 Y116.676 E143.42063
G1 X121.078 Y116.029 E143.44317
G1 X120.766 Y115.424 E143.46581
G1 X120.359 Y114.892 E143.48809
G1 X119.864 Y114.438 E143.51043
G1 X119.336 Y114.085 E143.53155
G1 X118.674 Y113.808 E143.55542
G1 X118.017 Y113.66 E143.57782
G1 X117.341 Y113.629 E143.60033
G1 X116.672 Y113.717 E143.62277
G1 X116.024 Y113.918 E143.64533
G1 X115.419 Y114.226 E143.66791
G1 X114.888 Y114.633 E143.69017
G1 X114.432 Y115.127 E143.71253
G1 X114.066 Y115.702 E143.7352
G1 X113.804 Y116.322 E143.75758
G1 X113.656 Y116.979 E143.77998
G1 X113.625 Y117.651 E143.80236
G1 X113.713 Y118.32 E143.8248
G1 X113.914 Y118.968 E143.84737
G1 X114.222 Y119.572 E143.86992
G1 X114.629 Y120.104 E143.8922
G1 X115.128 Y120.562 E143.91472
G1 X115.647 Y120.906 E143.93543
G1 X116.318 Y121.188 E143.95964
G1 X116.975 Y121.336 E143.98204
G1 X117.5 Y121.36 E143.99952
G0 F9000 X117.088 Y120.86
;TYPE:FILL
G1 F600 X114.144 Y117.916 E144.138
G0 F9000 X114.132 Y117.096
G1 F600 X117.081 Y114.147 E144.27671
G0 F9000 X117.908 Y114.136
G1 F600 X120.845 Y117.074 E144.41488
G0 F9000 X120.858 Y117.914
G1 F600 X117.922 Y120.849 E144.55296
G0 F9000 X117.894 Y120.623
G0 X119.72 Y119.733
G0 X119.886 Y119.886
G1 F600 X115.105 Y115.105 E144.77784
G0 F9000 X115.276 Y115.263
G0 X119.733 Y115.28
G0 X119.889 Y115.111
G1 F600 X115.108 Y119.892 E145.00272
G0 F9000 X115.466 Y119.503
;MESH:NONMESH
G0 F300 X115.466 Y119.503 Z8.2
G0 F9000 X117.515 Y120.655
G0 X117.5 Y120.96
;TIME_ELAPSED:483.107328
;LAYER:40
;note -- min layer time used
;TYPE:WALL-INNER
;MESH:FT09-Input Shaft.stl
G1 F600 X117.632 Y120.966 E145.00712
G1 X118.231 Y120.891 E145.0272
G1 X118.817 Y120.706 E145.04764
G1 X119.313 Y120.456 E145.06611
G1 X119.831 Y120.065 E145.0877
G1 X120.24 Y119.622 E145.10775
G1 X120.57 Y119.111 E145.12798
G1 X120.802 Y118.557 E145.14796
G1 X120.935 Y117.963 E145.1682
G1 X120.969 Y117.405 E145.1868
G1 X120.887 Y116.761 E145.20839
G1 X120.706 Y116.181 E145.2286
G1 X120.427 Y115.639 E145.24887
G1 X120.063 Y115.163 E145.2688
G1 X119.617 Y114.754 E145.28893
G1 X119.142 Y114.439 E145.30789
G1 X118.551 Y114.19 E145.32922
G1 X117.963 Y114.057 E145.34927
G1 X117.358 Y114.03 E145.36941
G1 X116.757 Y114.109 E145.38957
G1 X116.17 Y114.291 E145.41001
G1 X115.667 Y114.544 E145.42874
G1 X115.157 Y114.93 E145.45001
G1 X114.75 Y115.372 E145.47
G1 X114.422 Y115.888 E145.49033
G1 X114.186 Y116.445 E145.51045
G1 X114.054 Y117.033 E145.5305
G1 X114.026 Y117.634 E145.55051
G1 X114.105 Y118.234 E145.57064
G1 X114.286 Y118.816 E145.59091
G1 X114.562 Y119.358 E145.61114
G1 X114.925 Y119.833 E145.63102
G1 X115.375 Y120.246 E145.65134
G1 X115.837 Y120.552 E145.66977
G1 X116.44 Y120.806 E145.69153
G1 X117.029 Y120.938 E145.71161
G1 X117.5 Y120.96 E145.72729
G0 F9000 X117.5 Y121.36
;TYPE:WALL-OUTER
G1 F600 X117.648 Y121.367 E145.73222
G1 X118.317 Y121.283 E145.75464
G1 X118.968 Y121.078 E145.77734
G1 X119.525 Y120.797 E145.79809
G1 X120.101 Y120.363 E145.82208
G1 X120.557 Y119.868 E145.84447
G1 X120.926 Y119.298 E145.86705
G1 X121.184 Y118.679 E145.88935
G1 X121.333 Y118.019 E145.91186
G1 X121.371 Y117.391 E145.93278
G1 X121.279 Y116.675 E145.95679
G1 X121.078 Y116.029 E145.9793
G1 X120.766 Y115.424 E146.00194
G1 X120.359 Y114.892 E146.02422
G1 X119.864 Y114.438 E146.04656
G1 X119.332 Y114.085 E146.06779
G1 X118.674 Y113.808 E146.09154
G1 X118.017 Y113.659 E146.11394
G1 X117.341 Y113.629 E146.13645
G1 X116.671 Y113.717 E146.15892
G1 X116.02 Y113.919 E146.1816
G1 X115.455 Y114.203 E146.20263
G1 X114.887 Y114.633 E146.22632
G1 X114.432 Y115.127 E146.24866
G1 X114.066 Y115.702 E146.27133
G1 X113.804 Y116.322 E146.29372
G1 X113.656 Y116.979 E146.31612
G1 X113.625 Y117.651 E146.33849
G1 X113.713 Y118.32 E146.36093
G1 X113.914 Y118.968 E146.3835
G1 X114.222 Y119.572 E146.40605
G1 X114.629 Y120.104 E146.42833
G1 X115.128 Y120.562 E146.45086
G1 X115.647 Y120.906 E146.47157
G1 X116.318 Y121.188 E146.49577
G1 X116.975 Y121.336 E146.51817
G1 X117.5 Y121.36 E146.53565
G0 F9000 X117.088 Y120.86
;TYPE:FILL
G1 F600 X114.144 Y117.916 E146.67413
G0 F9000 X114.132 Y117.096
G1 F600 X117.081 Y114.147 E146.81284
G0 F9000 X117.907 Y114.136
G1 F600 X120.846 Y117.074 E146.95106
G0 F9000 X120.858 Y117.914
G1 F600 X117.922 Y120.849 E147.08914
G0 F9000 X117.894 Y120.623
G0 X119.72 Y119.733
G0 X119.886 Y119.886
G1 F600 X115.105 Y115.105 E147.31402
G0 F9000 X115.276 Y115.263
G0 X119.733 Y115.28
G0 X119.889 Y115.111
G1 F600 X115.108 Y119.892 E147.5389
G0 F9000 X115.467 Y119.503
;MESH:NONMESH
G0 F300 X115.467 Y119.503 Z8.4
G0 F9000 X117.515 Y120.655
G0 X117.5 Y120.96
;TIME_ELAPSED:491.688025
;LAYER:41
;note -- min layer time used
;TYPE:WALL-INNER
;MESH:FT09-Input Shaft.stl
G1 F600 X117.631 Y120.966 E147.54327
G1 X118.232 Y120.891 E147.56341
G1 X118.814 Y120.709 E147.58369
G1 X119.317 Y120.456 E147.60242
G1 X119.829 Y120.066 E147.62383
G1 X120.24 Y119.622 E147.64395
G1 X120.57 Y119.111 E147.66418
G1 X120.802 Y118.557 E147.68416
G1 X120.935 Y117.963 E147.7044
G1 X120.969 Y117.408 E147.7229
G1 X120.885 Y116.762 E147.74456
G1 X120.706 Y116.181 E147.76479
G1 X120.427 Y115.639 E147.78506
G1 X120.063 Y115.163 E147.80499
G1 X119.617 Y114.754 E147.82512
G1 X119.142 Y114.439 E147.84407
G1 X118.551 Y114.19 E147.8654
G1 X117.963 Y114.057 E147.88546
G1 X117.358 Y114.03 E147.9056
G1 X116.757 Y114.109 E147.92576
G1 X116.17 Y114.291 E147.9462
G1 X115.667 Y114.544 E147.96493
G1 X115.157 Y114.93 E147.9862
G1 X114.75 Y115.372 E148.00618
G1 X114.422 Y115.888 E148.02652
G1 X114.186 Y116.445 E148.04664
G1 X114.054 Y117.033 E148.06668
G1 X114.026 Y117.634 E148.0867
G1 X114.105 Y118.234 E148.10682
G1 X114.286 Y118.816 E148.1271
G1 X114.562 Y119.358 E148.14733
G1 X114.925 Y119.833 E148.16721
G1 X115.371 Y120.241 E148.18731
G1 X115.845 Y120.556 E148.20624
G1 X116.44 Y120.806 E148.22771
G1 X117.029 Y120.938 E148.24778
G1 X117.5 Y120.96 E148.26347
G0 F9000 X117.5 Y121.36
;TYPE:WALL-OUTER
G1 F600 X117.647 Y121.367 E148.26836
G1 X118.317 Y121.283 E148.29082
G1 X118.964 Y121.081 E148.31336
G1 X119.529 Y120.797 E148.3344
G1 X120.1 Y120.363 E148.35825
G1 X120.557 Y119.868 E148.38066
G1 X120.926 Y119.298 E148.40324
G1 X121.184 Y118.679 E148.42555
G1 X121.333 Y118.019 E148.44805
G1 X121.371 Y117.395 E148.46884
G1 X121.279 Y116.676 E148.49295
G1 X121.078 Y116.029 E148.51549
G1 X120.766 Y115.424 E148.53813
G1 X120.359 Y114.892 E148.56041
G1 X119.864 Y114.438 E148.58275
G1 X119.332 Y114.085 E148.60398
G1 X118.674 Y113.808 E148.62773
G1 X118.017 Y113.659 E148.65013
G1 X117.341 Y113.629 E148.67264
G1 X116.671 Y113.717 E148.69512
G1 X116.02 Y113.919 E148.71779
G1 X115.455 Y114.203 E148.73882
G1 X114.887 Y114.633 E148.76251
G1 X114.432 Y115.127 E148.78485
G1 X114.066 Y115.702 E148.80752
G1 X113.804 Y116.322 E148.82991
G1 X113.656 Y116.979 E148.85231
G1 X113.625 Y117.651 E148.87468
G1 X113.713 Y118.32 E148.89713
G1 X113.914 Y118.968 E148.91969
G1 X114.222 Y119.572 E148.94224
G1 X114.629 Y120.104 E148.96452
G1 X115.124 Y120.557 E148.98684
G1 X115.655 Y120.91 E149.00805
G1 X116.318 Y121.188 E149.03196
G1 X116.975 Y121.336 E149.05436
G1 X117.5 Y121.36 E149.07184
G0 F9000 X117.088 Y120.86
;TYPE:FILL
G1 F600 X114.144 Y117.916 E149.21031
G0 F9000 X114.132 Y117.096
G1 F600 X117.081 Y114.147 E149.34902
G0 F9000 X117.907 Y114.136
G1 F600 X120.845 Y117.073 E149.4872
G0 F9000 X120.858 Y117.914
G1 F600 X117.922 Y120.849 E149.62527
G0 F9000 X117.894 Y120.623
G0 X119.72 Y119.733
G0 X119.886 Y119.886
G1 F600 X115.105 Y115.105 E149.85016
G0 F9000 X115.276 Y115.263
G0 X119.733 Y115.279
G0 X119.889 Y115.111
G1 F600 X115.108 Y119.892 E150.07504
G0 F9000 X115.466 Y119.503
;MESH:NONMESH
G0 F300 X115.466 Y119.503 Z8.6
G0 F9000 X117.515 Y120.655
G0 X117.5 Y120.96
;TIME_ELAPSED:500.268498
;LAYER:42
;note -- min layer time used
;TYPE:WALL-INNER
;MESH:FT09-Input Shaft.stl
G1 F600 X117.631 Y120.966 E150.0794
G1 X118.232 Y120.891 E150.09955
G1 X118.814 Y120.709 E150.11983
G1 X119.317 Y120.456 E150.13855
G1 X119.829 Y120.066 E150.15996
G1 X120.24 Y119.622 E150.18008
G1 X120.57 Y119.111 E150.20032
G1 X120.802 Y118.557 E150.22029
G1 X120.935 Y117.963 E150.24054
G1 X120.969 Y117.401 E150.25927
G1 X120.885 Y116.762 E150.2807
G1 X120.706 Y116.181 E150.30092
G1 X120.427 Y115.639 E150.3212
G1 X120.063 Y115.163 E150.34113
G1 X119.617 Y114.754 E150.36125
G1 X119.142 Y114.439 E150.38021
G1 X118.551 Y114.19 E150.40154
G1 X117.963 Y114.057 E150.42159
G1 X117.358 Y114.03 E150.44173
G1 X116.758 Y114.109 E150.46186
G1 X116.176 Y114.29 E150.48213
G1 X115.633 Y114.566 E150.50239
G1 X115.158 Y114.93 E150.5223
G1 X114.75 Y115.372 E150.5423
G1 X114.422 Y115.888 E150.56264
G1 X114.186 Y116.445 E150.58276
G1 X114.054 Y117.033 E150.6028
G1 X114.026 Y117.634 E150.62282
G1 X114.105 Y118.234 E150.64294
G1 X114.286 Y118.816 E150.66322
G1 X114.562 Y119.359 E150.68348
G1 X114.926 Y119.834 E150.70338
G1 X115.371 Y120.245 E150.72353
G1 X115.844 Y120.556 E150.74235
G1 X116.44 Y120.806 E150.76385
G1 X117.029 Y120.938 E150.78393
G1 X117.5 Y120.96 E150.79961
G0 F9000 X117.5 Y121.36
;TYPE:WALL-OUTER
G1 F600 X117.647 Y121.367 E150.8045
G1 X118.317 Y121.283 E150.82696
G1 X118.964 Y121.081 E150.84951
G1 X119.529 Y120.797 E150.87054
G1 X120.1 Y120.363 E150.89439
G1 X120.557 Y119.868 E150.9168
G1 X120.926 Y119.298 E150.93939
G1 X121.184 Y118.679 E150.96169
G1 X121.333 Y118.019 E150.98419
G1 X121.371 Y117.387 E151.00525
G1 X121.279 Y116.676 E151.0291
G1 X121.078 Y116.029 E151.05163
G1 X120.766 Y115.424 E151.07427
G1 X120.359 Y114.892 E151.09655
G1 X119.864 Y114.438 E151.11889
G1 X119.332 Y114.085 E151.14013
G1 X118.674 Y113.808 E151.16387
G1 X118.017 Y113.659 E151.18628
G1 X117.341 Y113.629 E151.20878
G1 X116.672 Y113.717 E151.23123
G1 X116.024 Y113.918 E151.25379
G1 X115.419 Y114.226 E151.27637
G1 X114.888 Y114.633 E151.29863
G1 X114.432 Y115.127 E151.32099
G1 X114.066 Y115.702 E151.34366
G1 X113.804 Y116.322 E151.36604
G1 X113.656 Y116.979 E151.38844
G1 X113.625 Y117.651 E151.41082
G1 X113.713 Y118.32 E151.43326
G1 X113.914 Y118.968 E151.45582
G1 X114.222 Y119.573 E151.4784
G1 X114.629 Y120.104 E151.50066
G1 X115.124 Y120.561 E151.52306
G1 X115.655 Y120.91 E151.5442
G1 X116.318 Y121.188 E151.56811
G1 X116.975 Y121.336 E151.59051
G1 X117.5 Y121.36 E151.60799
G0 F9000 X117.088 Y120.86
;TYPE:FILL
G1 F600 X114.144 Y117.916 E151.74647
G0 F9000 X114.132 Y117.096
G1 F600 X117.081 Y114.147 E151.88518
G0 F9000 X117.907 Y114.136
G1 F600 X120.846 Y117.074 E152.0234
G0 F9000 X120.858 Y117.914
G1 F600 X117.922 Y120.849 E152.16147
G0 F9000 X117.894 Y120.623
G0 X119.72 Y119.733
G0 X119.886 Y119.886
G1 F600 X115.105 Y115.105 E152.38636
G0 F9000 X115.276 Y115.263
G0 X119.733 Y115.28
G0 X119.889 Y115.111
G1 F600 X115.106 Y119.893 E152.61131
G0 F9000 X115.466 Y119.503
;MESH:NONMESH
G0 F300 X115.466 Y119.503 Z8.8
G0 F9000 X117.515 Y120.655
G0 X117.5 Y120.96
;TIME_ELAPSED:508.849575
;LAYER:43
;note -- min layer time used
;TYPE:WALL-INNER
;MESH:FT09-Input Shaft.stl
G1 F600 X117.631 Y120.966 E152.61567
G1 X118.232 Y120.891 E152.63582
G1 X118.814 Y120.709 E152.6561
G1 X119.317 Y120.456 E152.67483
G1 X119.829 Y120.066 E152.69623
G1 X120.24 Y119.622 E152.71636
G1 X120.57 Y119.111 E152.73659
G1 X120.802 Y118.557 E152.75656
G1 X120.935 Y117.963 E152.77681
G1 X120.969 Y117.405 E152.7954
G1 X120.885 Y116.762 E152.81697
G1 X120.706 Y116.181 E152.83719
G1 X120.427 Y115.639 E152.85747
G1 X120.063 Y115.163 E152.8774
G1 X119.617 Y114.754 E152.89752
G1 X119.142 Y114.439 E152.91648
G1 X118.551 Y114.19 E152.93781
G1 X117.963 Y114.057 E152.95786
G1 X117.358 Y114.03 E152.978
G1 X116.758 Y114.109 E152.99813
G1 X116.176 Y114.29 E153.01841
G1 X115.633 Y114.566 E153.03866
G1 X115.158 Y114.93 E153.05857
G1 X114.75 Y115.372 E153.07858
G1 X114.422 Y115.888 E153.09891
G1 X114.186 Y116.445 E153.11903
G1 X114.054 Y117.033 E153.13908
G1 X114.026 Y117.634 E153.15909
G1 X114.105 Y118.234 E153.17921
G1 X114.286 Y118.816 E153.19949
G1 X114.562 Y119.358 E153.21972
G1 X114.925 Y119.833 E153.2396
G1 X115.371 Y120.241 E153.2597
G1 X115.845 Y120.556 E153.27863
G1 X116.44 Y120.806 E153.3001
G1 X117.029 Y120.938 E153.32018
G1 X117.5 Y120.96 E153.33586
G0 F9000 X117.5 Y121.36
;TYPE:WALL-OUTER
G1 F600 X117.647 Y121.367 E153.34075
G1 X118.317 Y121.283 E153.36321
G1 X118.964 Y121.081 E153.38576
G1 X119.529 Y120.797 E153.40679
G1 X120.1 Y120.363 E153.43064
G1 X120.557 Y119.868 E153.45305
G1 X120.926 Y119.298 E153.47563
G1 X121.184 Y118.679 E153.49794
G1 X121.333 Y118.019 E153.52044
G1 X121.371 Y117.391 E153.54137
G1 X121.279 Y116.676 E153.56535
G1 X121.078 Y116.029 E153.58788
G1 X120.766 Y115.424 E153.61052
G1 X120.359 Y114.892 E153.6328
G1 X119.864 Y114.438 E153.65514
G1 X119.332 Y114.085 E153.67637
G1 X118.674 Y113.808 E153.70012
G1 X118.017 Y113.659 E153.72253
G1 X117.341 Y113.629 E153.74503
G1 X116.672 Y113.717 E153.76747
G1 X116.024 Y113.918 E153.79004
G1 X115.419 Y114.226 E153.81262
G1 X114.888 Y114.633 E153.83487
G1 X114.432 Y115.127 E153.85723
G1 X114.066 Y115.702 E153.8799
G1 X113.804 Y116.322 E153.90229
G1 X113.656 Y116.979 E153.92469
G1 X113.625 Y117.651 E153.94706
G1 X113.713 Y118.32 E153.96951
G1 X113.914 Y118.968 E153.99207
G1 X114.222 Y119.572 E154.01462
G1 X114.629 Y120.104 E154.0369
G1 X115.124 Y120.557 E154.05922
G1 X115.655 Y120.91 E154.08043
G1 X116.318 Y121.188 E154.10434
G1 X116.975 Y121.336 E154.12674
G1 X117.5 Y121.36 E154.14422
G0 F9000 X117.088 Y120.86
;TYPE:FILL
G1 F600 X114.144 Y117.916 E154.28269
G0 F9000 X114.132 Y117.096
G1 F600 X117.081 Y114.147 E154.42141
G0 F9000 X117.907 Y114.136
G1 F600 X120.845 Y117.073 E154.55958
G0 F9000 X120.858 Y117.914
G1 F600 X117.922 Y120.849 E154.69765
G0 F9000 X117.894 Y120.623
G0 X119.72 Y119.733
G0 X119.886 Y119.886
G1 F600 X115.105 Y115.105 E154.92254
G0 F9000 X115.276 Y115.263
G0 X119.733 Y115.279
G0 X119.889 Y115.111
G1 F600 X115.108 Y119.892 E155.14742
G0 F9000 X115.466 Y119.503
;MESH:NONMESH
G0 F300 X115.466 Y119.503 Z9
G0 F9000 X117.515 Y120.655
G0 X117.5 Y120.96
;TIME_ELAPSED:517.429972
;LAYER:44
;note -- min layer time used
;TYPE:WALL-INNER
;MESH:FT09-Input Shaft.stl
G1 F600 X117.631 Y120.966 E155.15178
G1 X118.232 Y120.891 E155.17193
G1 X118.814 Y120.709 E155.19221
G1 X119.317 Y120.456 E155.21094
G1 X119.829 Y120.066 E155.23234
G1 X120.24 Y119.622 E155.25247
G1 X120.57 Y119.111 E155.2727
G1 X120.802 Y118.557 E155.29267
G1 X120.935 Y117.963 E155.31292
G1 X120.969 Y117.408 E155.33141
G1 X120.885 Y116.762 E155.35308
G1 X120.706 Y116.181 E155.3733
G1 X120.427 Y115.639 E155.39358
G1 X120.063 Y115.163 E155.41351
G1 X119.616 Y114.754 E155.43366
G1 X119.139 Y114.436 E155.45273
G1 X118.552 Y114.19 E155.47389
G1 X117.963 Y114.058 E155.49397
G1 X117.358 Y114.03 E155.51411
G1 X116.757 Y114.109 E155.53428
G1 X116.17 Y114.291 E155.55472
G1 X115.667 Y114.544 E155.57344
G1 X115.157 Y114.93 E155.59472
G1 X114.75 Y115.372 E155.6147
G1 X114.422 Y115.888 E155.63504
G1 X114.186 Y116.445 E155.65516
G1 X114.054 Y117.033 E155.6752
G1 X114.026 Y117.634 E155.69521
G1 X114.105 Y118.234 E155.71534
G1 X114.286 Y118.816 E155.73561
G1 X114.562 Y119.359 E155.75587
G1 X114.926 Y119.834 E155.77578
G1 X115.371 Y120.245 E155.79592
G1 X115.844 Y120.556 E155.81475
G1 X116.44 Y120.806 E155.83625
G1 X117.029 Y120.938 E155.85632
G1 X117.5 Y120.96 E155.87201
G0 F9000 X117.5 Y121.36
;TYPE:WALL-OUTER
G1 F600 X117.647 Y121.367 E155.8769
G1 X118.317 Y121.283 E155.89936
G1 X118.964 Y121.081 E155.9219
G1 X119.529 Y120.797 E155.94294
G1 X120.1 Y120.363 E155.96679
G1 X120.557 Y119.868 E155.9892
G1 X120.926 Y119.298 E156.01178
G1 X121.184 Y118.679 E156.03409
G1 X121.333 Y118.019 E156.05659
G1 X121.371 Y117.395 E156.07738
G1 X121.279 Y116.676 E156.10149
G1 X121.078 Y116.029 E156.12403
G1 X120.766 Y115.424 E156.14667
G1 X120.359 Y114.892 E156.16895
G1 X119.864 Y114.438 E156.19129
G1 X119.329 Y114.082 E156.21266
G1 X118.674 Y113.808 E156.23627
G1 X118.017 Y113.66 E156.25867
G1 X117.341 Y113.629 E156.28118
G1 X116.671 Y113.717 E156.30366
G1 X116.02 Y113.919 E156.32633
G1 X115.455 Y114.203 E156.34736
G1 X114.887 Y114.633 E156.37105
G1 X114.432 Y115.127 E156.39339
G1 X114.066 Y115.702 E156.41606
G1 X113.804 Y116.322 E156.43845
G1 X113.656 Y116.979 E156.46085
G1 X113.625 Y117.651 E156.48322
G1 X113.713 Y118.32 E156.50567
G1 X113.914 Y118.968 E156.52823
G1 X114.222 Y119.573 E156.55081
G1 X114.629 Y120.104 E156.57306
G1 X115.124 Y120.561 E156.59547
G1 X115.655 Y120.91 E156.61661
G1 X116.318 Y121.188 E156.64052
G1 X116.975 Y121.336 E156.66292
G1 X117.5 Y121.36 E156.6804
G0 F9000 X117.088 Y120.86
;TYPE:FILL
G1 F600 X114.144 Y117.916 E156.81887
G0 F9000 X114.132 Y117.096
G1 F600 X117.081 Y114.147 E156.95759
G0 F9000 X117.908 Y114.136
G1 F600 X120.845 Y117.074 E157.09576
G0 F9000 X120.858 Y117.914
G1 F600 X117.922 Y120.849 E157.23383
G0 F9000 X117.894 Y120.623
G0 X119.72 Y119.733
G0 X119.886 Y119.886
G1 F600 X115.105 Y115.105 E157.45872
G0 F9000 X115.276 Y115.263
G0 X119.733 Y115.279
G0 X119.889 Y115.111
G1 F600 X115.106 Y119.893 E157.68367
G0 F9000 X115.466 Y119.503
;MESH:NONMESH
G0 F300 X115.466 Y119.503 Z9.2
G0 F9000 X117.515 Y120.655
G0 X117.5 Y120.96
;TIME_ELAPSED:526.010910
;LAYER:45
;note -- min layer time used
;TYPE:WALL-INNER
;MESH:FT09-Input Shaft.stl
G1 F601.5 X117.63 Y120.966 E157.68799
G1 F600 X118.239 Y120.887 E157.70841
G1 X118.815 Y120.709 E157.72847
G1 X119.313 Y120.46 E157.74698
G1 X119.83 Y120.066 E157.7686
G1 X120.24 Y119.622 E157.7887
G1 X120.57 Y119.111 E157.80894
G1 X120.802 Y118.557 E157.82891
G1 X120.934 Y117.967 E157.84902
G1 X120.962 Y117.361 E157.8692
G1 X120.887 Y116.76 E157.88934
G1 X120.706 Y116.181 E157.90952
G1 X120.427 Y115.639 E157.92979
G1 X120.063 Y115.163 E157.94973
G1 X119.616 Y114.754 E157.96988
G1 X119.139 Y114.436 E157.98894
G1 X118.552 Y114.19 E158.01011
G1 X117.963 Y114.058 E158.03019
G1 X117.358 Y114.03 E158.05033
G1 X116.758 Y114.109 E158.07046
G1 X116.176 Y114.29 E158.09073
G1 X115.633 Y114.566 E158.11099
G1 X115.158 Y114.93 E158.1309
G1 X114.75 Y115.372 E158.1509
G1 X114.422 Y115.888 E158.17124
G1 X114.186 Y116.445 E158.19136
G1 X114.054 Y117.033 E158.2114
G1 X114.026 Y117.634 E158.23141
G1 X114.105 Y118.234 E158.25154
G1 X114.286 Y118.816 E158.27181
G1 X114.562 Y119.359 E158.29207
G1 X114.926 Y119.834 E158.31198
G1 X115.372 Y120.246 E158.33217
G1 X115.84 Y120.556 E158.35084
G1 X116.439 Y120.806 E158.37243
G1 X117.029 Y120.939 E158.39255
G1 F601.5 X117.5 Y120.96 E158.40819
G0 F9000 X117.5 Y121.36
;TYPE:WALL-OUTER
G1 F600 X117.647 Y121.367 E158.41308
G1 X118.325 Y121.279 E158.43582
G1 X118.965 Y121.081 E158.45811
G1 X119.525 Y120.801 E158.47893
G1 X120.1 Y120.363 E158.50297
G1 X120.557 Y119.868 E158.52538
G1 X120.926 Y119.298 E158.54796
G1 X121.184 Y118.679 E158.57027
G1 X121.332 Y118.021 E158.5927
G1 X121.363 Y117.345 E158.61521
G1 X121.279 Y116.675 E158.63767
G1 X121.078 Y116.029 E158.66017
G1 X120.766 Y115.424 E158.68281
G1 X120.359 Y114.892 E158.70509
G1 X119.864 Y114.438 E158.72743
G1 X119.329 Y114.082 E158.7488
G1 X118.674 Y113.808 E158.77241
G1 X118.017 Y113.66 E158.79481
G1 X117.341 Y113.629 E158.81732
G1 X116.672 Y113.717 E158.83976
G1 X116.024 Y113.918 E158.86233
G1 X115.419 Y114.226 E158.88491
G1 X114.888 Y114.633 E158.90716
G1 X114.432 Y115.127 E158.92952
G1 X114.066 Y115.702 E158.95219
G1 X113.804 Y116.322 E158.97458
G1 X113.656 Y116.979 E158.99698
G1 X113.625 Y117.651 E159.01935
G1 X113.713 Y118.32 E159.0418
G1 X113.914 Y118.968 E159.06436
G1 X114.222 Y119.573 E159.08694
G1 X114.629 Y120.104 E159.10919
G1 X115.124 Y120.562 E159.13162
G1 X115.651 Y120.91 E159.15263
G1 X116.317 Y121.188 E159.17663
G1 X116.975 Y121.337 E159.19907
G1 X117.5 Y121.36 E159.21655
G0 F9000 X117.089 Y120.861
;TYPE:FILL
G1 F600 X114.144 Y117.916 E159.35507
G0 F9000 X114.132 Y117.096
G1 F600 X117.081 Y114.147 E159.49379
G0 F9000 X117.908 Y114.136
G1 F600 X120.845 Y117.074 E159.63196
G0 F9000 X120.855 Y117.916
G1 F600 X117.924 Y120.847 E159.76982
G0 F9000 X117.896 Y120.623
G0 X119.72 Y119.732
G0 X119.887 Y119.887
G1 F600 X115.105 Y115.105 E159.99475
G0 F9000 X115.276 Y115.263
G0 X119.733 Y115.279
G0 X119.889 Y115.111
G1 F600 X115.106 Y119.893 E160.21971
G0 F9000 X115.466 Y119.503
;MESH:NONMESH
G0 F300 X115.466 Y119.503 Z9.4
G0 F9000 X117.515 Y120.655
G0 X117.5 Y120.96
;TIME_ELAPSED:534.591281
;LAYER:46
;note -- min layer time used
;TYPE:WALL-INNER
;MESH:FT09-Input Shaft.stl
G1 F600 X117.63 Y120.966 E160.22404
G1 X118.239 Y120.887 E160.24446
G1 X118.815 Y120.709 E160.26451
G1 X119.313 Y120.46 E160.28303
G1 X119.83 Y120.066 E160.30465
G1 X120.24 Y119.622 E160.32475
G1 X120.57 Y119.111 E160.34498
G1 X120.802 Y118.557 E160.36496
G1 X120.935 Y117.963 E160.38521
G1 X120.969 Y117.405 E160.4038
G1 X120.887 Y116.761 E160.42539
G1 X120.706 Y116.181 E160.4456
G1 X120.427 Y115.639 E160.46588
G1 X120.063 Y115.163 E160.48581
G1 X119.617 Y114.754 E160.50593
G1 X119.142 Y114.439 E160.52489
G1 X118.551 Y114.19 E160.54622
G1 X117.963 Y114.057 E160.56627
G1 X117.358 Y114.03 E160.58641
G1 X116.758 Y114.109 E160.60654
G1 X116.176 Y114.29 E160.62681
G1 X115.633 Y114.566 E160.64707
G1 X115.158 Y114.93 E160.66698
G1 X114.75 Y115.372 E160.68698
G1 X114.422 Y115.888 E160.70732
G1 X114.186 Y116.445 E160.72744
G1 X114.054 Y117.033 E160.74748
G1 X114.026 Y117.634 E160.76749
G1 X114.105 Y118.234 E160.78762
G1 X114.286 Y118.816 E160.80789
G1 X114.562 Y119.359 E160.82815
G1 X114.926 Y119.834 E160.84806
G1 X115.371 Y120.245 E160.86821
G1 X115.844 Y120.556 E160.88703
G1 X116.44 Y120.806 E160.90853
G1 X117.029 Y120.938 E160.92861
G1 X117.5 Y120.96 E160.94429
G0 F9000 X117.5 Y121.36
;TYPE:WALL-OUTER
G1 F600 X117.647 Y121.367 E160.94918
G1 X118.325 Y121.279 E160.97192
G1 X118.965 Y121.081 E160.9942
G1 X119.525 Y120.801 E161.01503
G1 X120.1 Y120.363 E161.03907
G1 X120.557 Y119.868 E161.06148
G1 X120.926 Y119.298 E161.08406
G1 X121.184 Y118.679 E161.10637
G1 X121.333 Y118.019 E161.12887
G1 X121.371 Y117.391 E161.1498
G1 X121.279 Y116.675 E161.17381
G1 X121.078 Y116.029 E161.19631
G1 X120.766 Y115.424 E161.21895
G1 X120.359 Y114.892 E161.24123
G1 X119.864 Y114.438 E161.26357
G1 X119.332 Y114.085 E161.2848
G1 X118.674 Y113.808 E161.30855
G1 X118.017 Y113.659 E161.33095
G1 X117.341 Y113.629 E161.35346
G1 X116.672 Y113.717 E161.3759
G1 X116.024 Y113.918 E161.39847
G1 X115.419 Y114.226 E161.42105
G1 X114.888 Y114.633 E161.4433
G1 X114.432 Y115.127 E161.46566
G1 X114.066 Y115.702 E161.48833
G1 X113.804 Y116.322 E161.51072
G1 X113.656 Y116.979 E161.53312
G1 X113.625 Y117.651 E161.55549
G1 X113.713 Y118.32 E161.57794
G1 X113.914 Y118.968 E161.6005
G1 X114.222 Y119.573 E161.62308
G1 X114.629 Y120.104 E161.64533
G1 X115.124 Y120.561 E161.66774
G1 X115.655 Y120.91 E161.68887
G1 X116.318 Y121.188 E161.71279
G1 X116.975 Y121.336 E161.73519
G1 X117.5 Y121.36 E161.75267
G0 F9000 X117.088 Y120.86
;TYPE:FILL
G1 F600 X114.144 Y117.916 E161.89114
G0 F9000 X114.132 Y117.096
G1 F600 X117.081 Y114.147 E162.02985
G0 F9000 X117.907 Y114.136
G1 F600 X120.846 Y117.074 E162.16807
G0 F9000 X120.858 Y117.914
G1 F600 X117.924 Y120.847 E162.30605
G0 F9000 X117.896 Y120.623
G0 X119.72 Y119.732
G0 X119.887 Y119.887
G1 F600 X115.105 Y115.105 E162.53099
G0 F9000 X115.276 Y115.263
G0 X119.733 Y115.279
G0 X119.889 Y115.111
G1 F600 X115.106 Y119.893 E162.75594
G0 F9000 X115.468 Y119.505
;MESH:NONMESH
G0 F300 X115.468 Y119.505 Z9.6
G0 F9000 X117.515 Y120.655
G0 X117.5 Y120.96
;TIME_ELAPSED:543.172088
;LAYER:47
;note -- min layer time used
;TYPE:WALL-INNER
;MESH:FT09-Input Shaft.stl
G1 F600 X117.632 Y120.966 E162.76033
G1 X118.232 Y120.891 E162.78045
G1 X118.814 Y120.709 E162.80073
G1 X119.317 Y120.456 E162.81945
G1 X119.83 Y120.066 E162.84089
G1 X120.24 Y119.622 E162.86099
G1 X120.57 Y119.111 E162.88122
G1 X120.802 Y118.557 E162.9012
G1 X120.935 Y117.963 E162.92144
G1 X120.969 Y117.405 E162.94004
G1 X120.887 Y116.761 E162.96163
G1 X120.706 Y116.181 E162.98184
G1 X120.427 Y115.639 E163.00211
G1 X120.063 Y115.163 E163.02204
G1 X119.616 Y114.754 E163.04219
G1 X119.139 Y114.436 E163.06126
G1 X118.552 Y114.19 E163.08243
G1 X117.963 Y114.058 E163.10251
G1 X117.358 Y114.03 E163.12265
G1 X116.758 Y114.109 E163.14278
G1 X116.176 Y114.29 E163.16305
G1 X115.633 Y114.566 E163.18331
G1 X115.158 Y114.93 E163.20321
G1 X114.75 Y115.372 E163.22322
G1 X114.422 Y115.888 E163.24356
G1 X114.186 Y116.445 E163.26368
G1 X114.054 Y117.033 E163.28372
G1 X114.026 Y117.634 E163.30373
G1 X114.105 Y118.234 E163.32386
G1 X114.286 Y118.816 E163.34413
G1 X114.562 Y119.359 E163.36439
G1 X114.926 Y119.834 E163.3843
G1 X115.372 Y120.246 E163.40449
G1 X115.84 Y120.556 E163.42316
G1 X116.439 Y120.805 E163.44474
G1 X117.028 Y120.938 E163.46482
G1 X117.5 Y120.96 E163.48054
G0 F9000 X117.5 Y121.36
;TYPE:WALL-OUTER
G1 F600 X117.648 Y121.367 E163.48546
G1 X118.317 Y121.283 E163.50789
G1 X118.964 Y121.081 E163.53043
G1 X119.529 Y120.797 E163.55147
G1 X120.1 Y120.363 E163.57532
G1 X120.557 Y119.868 E163.59773
G1 X120.926 Y119.298 E163.62031
G1 X121.184 Y118.679 E163.64262
G1 X121.333 Y118.019 E163.66512
G1 X121.371 Y117.391 E163.68605
G1 X121.279 Y116.675 E163.71006
G1 X121.078 Y116.029 E163.73256
G1 X120.766 Y115.424 E163.7552
G1 X120.359 Y114.892 E163.77748
G1 X119.864 Y114.438 E163.79982
G1 X119.329 Y114.082 E163.82119
G1 X118.674 Y113.808 E163.84481
G1 X118.017 Y113.66 E163.86721
G1 X117.341 Y113.629 E163.88971
G1 X116.672 Y113.717 E163.91216
G1 X116.024 Y113.918 E163.93472
G1 X115.419 Y114.226 E163.9573
G1 X114.888 Y114.633 E163.97955
G1 X114.432 Y115.127 E164.00191
G1 X114.066 Y115.702 E164.02458
G1 X113.804 Y116.322 E164.04697
G1 X113.656 Y116.979 E164.06937
G1 X113.625 Y117.651 E164.09175
G1 X113.713 Y118.32 E164.11419
G1 X113.914 Y118.968 E164.13675
G1 X114.222 Y119.573 E164.15933
G1 X114.629 Y120.104 E164.18159
G1 X115.124 Y120.562 E164.20402
G1 X115.651 Y120.91 E164.22502
G1 X116.317 Y121.188 E164.24902
G1 X116.975 Y121.336 E164.27146
G1 X117.5 Y121.36 E164.28894
G0 F9000 X117.088 Y120.86
;TYPE:FILL
G1 F600 X114.144 Y117.916 E164.42741
G0 F9000 X114.132 Y117.096
G1 F600 X117.081 Y114.147 E164.56612
G0 F9000 X117.908 Y114.136
G1 F600 X120.846 Y117.074 E164.70432
G0 F9000 X120.858 Y117.914
G1 F600 X117.922 Y120.849 E164.8424
G0 F9000 X117.894 Y120.623
G0 X119.72 Y119.733
G0 X119.887 Y119.887
G1 F600 X115.105 Y115.105 E165.06733
G0 F9000 X115.276 Y115.263
G0 X119.733 Y115.279
G0 X119.889 Y115.111
G1 F600 X115.106 Y119.893 E165.29228
G0 F9000 X115.466 Y119.503
;MESH:NONMESH
G0 F300 X115.466 Y119.503 Z9.8
G0 F9000 X117.515 Y120.655
G0 X117.5 Y120.96
;TIME_ELAPSED:551.753416
;LAYER:48
;note -- min layer time used
;TYPE:WALL-INNER
;MESH:FT09-Input Shaft.stl
G1 F600 X117.63 Y120.966 E165.29661
G1 X118.239 Y120.887 E165.31703
G1 X118.811 Y120.709 E165.33696
G1 X119.313 Y120.46 E165.3556
G1 X119.83 Y120.066 E165.37722
G1 X120.24 Y119.622 E165.39732
G1 X120.57 Y119.111 E165.41755
G1 X120.802 Y118.557 E165.43753
G1 X120.934 Y117.967 E165.45763
G1 X120.962 Y117.361 E165.47781
G1 X120.887 Y116.76 E165.49796
G1 X120.706 Y116.181 E165.51813
G1 X120.427 Y115.639 E165.53841
G1 X120.063 Y115.163 E165.55834
G1 X119.617 Y114.755 E165.57844
G1 X119.135 Y114.436 E165.59767
G1 X118.552 Y114.19 E165.61871
G1 X117.963 Y114.058 E165.63879
G1 X117.358 Y114.03 E165.65893
G1 X116.758 Y114.109 E165.67906
G1 X116.176 Y114.29 E165.69933
G1 X115.633 Y114.566 E165.71959
G1 X115.158 Y114.93 E165.7395
G1 X114.75 Y115.372 E165.7595
G1 X114.422 Y115.888 E165.77984
G1 X114.186 Y116.445 E165.79996
G1 X114.054 Y117.033 E165.82
G1 X114.026 Y117.634 E165.84001
G1 X114.105 Y118.234 E165.86014
G1 X114.286 Y118.816 E165.88041
G1 X114.562 Y119.359 E165.90067
G1 X114.926 Y119.834 E165.92058
G1 X115.371 Y120.245 E165.94073
G1 X115.844 Y120.556 E165.95955
G1 X116.44 Y120.806 E165.98105
G1 X117.029 Y120.938 E166.00113
G1 X117.5 Y120.96 E166.01681
G0 F9000 X117.5 Y121.36
;TYPE:WALL-OUTER
G1 F600 X117.647 Y121.367 E166.0217
G1 X118.325 Y121.279 E166.04444
G1 X118.961 Y121.081 E166.0666
G1 X119.525 Y120.801 E166.08754
G1 X120.1 Y120.363 E166.11158
G1 X120.557 Y119.868 E166.13399
G1 X120.926 Y119.298 E166.15657
G1 X121.184 Y118.679 E166.17888
G1 X121.332 Y118.021 E166.20131
G1 X121.363 Y117.345 E166.22382
G1 X121.279 Y116.675 E166.24628
G1 X121.078 Y116.029 E166.26878
G1 X120.766 Y115.424 E166.29142
G1 X120.359 Y114.892 E166.3137
G1 X119.864 Y114.439 E166.33602
G1 X119.325 Y114.082 E166.35752
G1 X118.674 Y113.808 E166.38101
G1 X118.017 Y113.66 E166.40341
G1 X117.341 Y113.629 E166.42592
G1 X116.672 Y113.717 E166.44836
G1 X116.024 Y113.918 E166.47093
G1 X115.419 Y114.226 E166.49351
G1 X114.888 Y114.633 E166.51576
G1 X114.432 Y115.127 E166.53812
G1 X114.066 Y115.702 E166.56079
G1 X113.804 Y116.322 E166.58317
G1 X113.656 Y116.979 E166.60557
G1 X113.625 Y117.651 E166.62795
G1 X113.713 Y118.32 E166.65039
G1 X113.914 Y118.968 E166.67296
G1 X114.222 Y119.573 E166.69554
G1 X114.629 Y120.104 E166.71779
G1 X115.124 Y120.561 E166.7402
G1 X115.655 Y120.91 E166.76133
G1 X116.318 Y121.188 E166.78524
G1 X116.975 Y121.336 E166.80764
G1 X117.5 Y121.36 E166.82512
G0 F9000 X117.088 Y120.86
;TYPE:FILL
G1 F600 X114.144 Y117.916 E166.9636
G0 F9000 X114.132 Y117.096
G1 F600 X117.081 Y114.147 E167.10231
G0 F9000 X117.908 Y114.136
G1 F600 X120.845 Y117.074 E167.24048
G0 F9000 X120.855 Y117.916
G1 F600 X117.925 Y120.847 E167.37832
G0 F9000 X117.897 Y120.623
G0 X119.72 Y119.733
G0 X119.886 Y119.886
G1 F600 X115.105 Y115.105 E167.60321
G0 F9000 X115.276 Y115.263
G0 X119.733 Y115.279
G0 X119.889 Y115.111
G1 F600 X115.106 Y119.893 E167.82816
G0 F9000 X115.468 Y119.505
;MESH:NONMESH
G0 F300 X115.468 Y119.505 Z10
G0 F9000 X117.515 Y120.655
G0 X117.5 Y120.96
;TIME_ELAPSED:560.333046
;LAYER:49
;note -- min layer time used
;TYPE:WALL-INNER
;MESH:FT09-Input Shaft.stl
G1 F600 X117.63 Y120.966 E167.83249
G1 X118.239 Y120.887 E167.85291
G1 X118.811 Y120.709 E167.87284
G1 X119.313 Y120.46 E167.89148
G1 X119.83 Y120.066 E167.9131
G1 X120.24 Y119.622 E167.9332
G1 X120.57 Y119.111 E167.95343
G1 X120.802 Y118.557 E167.97341
G1 X120.934 Y117.967 E167.99351
G1 X120.962 Y117.361 E168.01369
G1 X120.887 Y116.76 E168.03384
G1 X120.706 Y116.181 E168.05401
G1 X120.427 Y115.639 E168.07429
G1 X120.063 Y115.163 E168.09422
G1 X119.616 Y114.754 E168.11437
G1 X119.139 Y114.436 E168.13344
G1 X118.552 Y114.19 E168.15461
G1 X117.963 Y114.058 E168.17468
G1 X117.358 Y114.03 E168.19483
G1 X116.758 Y114.109 E168.21495
G1 X116.176 Y114.29 E168.23523
G1 X115.633 Y114.566 E168.25549
G1 X115.158 Y114.93 E168.27539
G1 X114.75 Y115.372 E168.2954
G1 X114.422 Y115.888 E168.31573
G1 X114.186 Y116.445 E168.33585
G1 X114.054 Y117.033 E168.3559
G1 X114.026 Y117.634 E168.37591
G1 X114.105 Y118.234 E168.39604
G1 X114.286 Y118.816 E168.41631
G1 X114.562 Y119.359 E168.43657
G1 X114.926 Y119.834 E168.45647
G1 X115.369 Y120.243 E168.47652
G1 X115.884 Y120.574 E168.49689
G1 X116.439 Y120.806 E168.51689
G1 X117.028 Y120.938 E168.53697
G1 X117.5 Y120.96 E168.55269
G0 F9000 X117.5 Y121.36
;TYPE:WALL-OUTER
G1 F600 X117.647 Y121.367 E168.55758
G1 X118.325 Y121.279 E168.58032
G1 X118.961 Y121.081 E168.60247
G1 X119.525 Y120.801 E168.62342
G1 X120.1 Y120.363 E168.64746
G1 X120.557 Y119.868 E168.66987
G1 X120.926 Y119.298 E168.69245
G1 X121.184 Y118.679 E168.71476
G1 X121.332 Y118.021 E168.73719
G1 X121.363 Y117.345 E168.75969
G1 X121.279 Y116.675 E168.78215
G1 X121.078 Y116.029 E168.80466
G1 X120.766 Y115.424 E168.8273
G1 X120.359 Y114.892 E168.84957
G1 X119.864 Y114.438 E168.87191
G1 X119.329 Y114.082 E168.89329
G1 X118.674 Y113.808 E168.9169
G1 X118.017 Y113.66 E168.9393
G1 X117.341 Y113.629 E168.96181
G1 X116.672 Y113.717 E168.98425
G1 X116.024 Y113.918 E169.00682
G1 X115.419 Y114.226 E169.0294
G1 X114.888 Y114.633 E169.05165
G1 X114.432 Y115.127 E169.07401
G1 X114.066 Y115.702 E169.09668
G1 X113.804 Y116.322 E169.11907
G1 X113.656 Y116.979 E169.14147
G1 X113.625 Y117.651 E169.16384
G1 X113.713 Y118.32 E169.18628
G1 X113.914 Y118.968 E169.20885
G1 X114.222 Y119.573 E169.23143
G1 X114.629 Y120.104 E169.25368
G1 X115.123 Y120.561 E169.27607
G1 X115.698 Y120.93 E169.29879
G1 X116.317 Y121.188 E169.32109
G1 X116.975 Y121.336 E169.34353
G1 X117.5 Y121.36 E169.36101
G0 F9000 X117.088 Y120.86
;TYPE:FILL
G1 F600 X114.144 Y117.916 E169.49948
G0 F9000 X114.132 Y117.096
G1 F600 X117.081 Y114.147 E169.63819
G0 F9000 X117.908 Y114.136
G1 F600 X120.845 Y117.074 E169.77637
G0 F9000 X120.855 Y117.916
G1 F600 X117.925 Y120.847 E169.91421
G0 F9000 X117.897 Y120.623
G0 X119.72 Y119.733
G0 X119.886 Y119.886
G1 F600 X115.105 Y115.105 E170.13909
G0 F9000 X115.276 Y115.263
G0 X119.733 Y115.279
G0 X119.889 Y115.111
G1 F600 X115.106 Y119.893 E170.36404
G0 F9000 X115.467 Y119.503
;MESH:NONMESH
G0 F300 X115.467 Y119.503 Z10.2
G0 F9000 X117.515 Y120.655
G0 X117.5 Y120.96
;TIME_ELAPSED:568.912774
;LAYER:50
;note -- min layer time used
;TYPE:WALL-INNER
;MESH:FT09-Input Shaft.stl
G1 F600 X117.631 Y120.966 E170.36841
G1 X118.232 Y120.891 E170.38855
G1 X118.811 Y120.71 E170.40873
G1 X119.353 Y120.431 E170.429
G1 X119.83 Y120.066 E170.44898
G1 X120.24 Y119.622 E170.46908
G1 X120.57 Y119.111 E170.48931
G1 X120.802 Y118.557 E170.50929
G1 X120.935 Y117.966 E170.52944
G1 X120.965 Y117.364 E170.54948
G1 X120.887 Y116.762 E170.56967
G1 X120.706 Y116.181 E170.58991
G1 X120.427 Y115.639 E170.61019
G1 X120.063 Y115.163 E170.63012
G1 X119.616 Y114.754 E170.65027
G1 X119.139 Y114.436 E170.66934
G1 X118.552 Y114.19 E170.69051
G1 X117.963 Y114.058 E170.71058
G1 X117.358 Y114.03 E170.73073
G1 X116.758 Y114.109 E170.75086
G1 X116.176 Y114.29 E170.77113
G1 X115.633 Y114.566 E170.79139
G1 X115.158 Y114.93 E170.81129
G1 X114.75 Y115.372 E170.8313
G1 X114.422 Y115.888 E170.85163
G1 X114.186 Y116.445 E170.87175
G1 X114.054 Y117.033 E170.8918
G1 X114.026 Y117.634 E170.91181
G1 X114.105 Y118.234 E170.93194
G1 X114.286 Y118.816 E170.95221
G1 X114.562 Y119.358 E170.97244
G1 X114.925 Y119.833 E170.99232
G1 X115.376 Y120.246 E171.01266
G1 X115.822 Y120.545 E171.03052
G1 X116.44 Y120.806 E171.05283
G1 X117.029 Y120.938 E171.07291
G1 X117.5 Y120.96 E171.08859
G0 F9000 X117.5 Y121.36
;TYPE:WALL-OUTER
G1 F600 X117.647 Y121.367 E171.09349
G1 X118.317 Y121.283 E171.11595
G1 X118.963 Y121.082 E171.13845
G1 X119.568 Y120.77 E171.16109
G1 X120.1 Y120.363 E171.18337
G1 X120.557 Y119.868 E171.20578
G1 X120.926 Y119.298 E171.22836
G1 X121.184 Y118.679 E171.25066
G1 X121.333 Y118.02 E171.27314
G1 X121.367 Y117.348 E171.29552
G1 X121.279 Y116.676 E171.31806
G1 X121.078 Y116.029 E171.34059
G1 X120.766 Y115.424 E171.36323
G1 X120.359 Y114.892 E171.38551
G1 X119.864 Y114.438 E171.40785
G1 X119.329 Y114.082 E171.42922
G1 X118.674 Y113.808 E171.45284
G1 X118.017 Y113.66 E171.47524
G1 X117.341 Y113.629 E171.49775
G1 X116.672 Y113.717 E171.52019
G1 X116.024 Y113.918 E171.54275
G1 X115.419 Y114.226 E171.56533
G1 X114.888 Y114.633 E171.58759
G1 X114.432 Y115.127 E171.60995
G1 X114.066 Y115.702 E171.63262
G1 X113.804 Y116.322 E171.655
G1 X113.656 Y116.979 E171.6774
G1 X113.625 Y117.651 E171.69978
G1 X113.713 Y118.32 E171.72222
G1 X113.914 Y118.968 E171.74479
G1 X114.222 Y119.572 E171.76734
G1 X114.629 Y120.104 E171.78961
G1 X115.128 Y120.562 E171.81214
G1 X115.635 Y120.902 E171.83245
G1 X116.318 Y121.188 E171.85707
G1 X116.975 Y121.336 E171.87947
G1 X117.5 Y121.36 E171.89695
G0 F9000 X117.088 Y120.86
;TYPE:FILL
G1 F600 X114.144 Y117.916 E172.03543
G0 F9000 X114.132 Y117.096
G1 F600 X117.081 Y114.147 E172.17414
G0 F9000 X117.908 Y114.136
G1 F600 X120.848 Y117.076 E172.31243
G0 F9000 X120.856 Y117.916
G1 F600 X117.923 Y120.849 E172.45039
G0 F9000 X117.895 Y120.623
G0 X119.72 Y119.733
G0 X119.887 Y119.887
G1 F600 X115.105 Y115.105 E172.67532
G0 F9000 X115.276 Y115.263
G0 X119.733 Y115.279
G0 X119.889 Y115.111
G1 F600 X115.108 Y119.892 E172.9002
G0 F9000 X115.466 Y119.503
;MESH:NONMESH
G0 F300 X115.466 Y119.503 Z10.4
G0 F9000 X117.515 Y120.655
G0 X117.5 Y120.96
;TIME_ELAPSED:577.493407
;LAYER:51
;note -- min layer time used
;TYPE:WALL-INNER
;MESH:FT09-Input Shaft.stl
G1 F600 X117.632 Y120.966 E172.9046
G1 X118.232 Y120.891 E172.92471
G1 X118.811 Y120.71 E172.94489
G1 X119.353 Y120.431 E172.96516
G1 X119.83 Y120.066 E172.98514
G1 X120.24 Y119.622 E173.00524
G1 X120.57 Y119.111 E173.02547
G1 X120.802 Y118.557 E173.04545
G1 X120.934 Y117.967 E173.06556
G1 X120.961 Y117.361 E173.08573
G1 X120.887 Y116.76 E173.10587
G1 X120.706 Y116.181 E173.12605
G1 X120.427 Y115.639 E173.14632
G1 X120.063 Y115.163 E173.16626
G1 X119.616 Y114.754 E173.18641
G1 X119.139 Y114.436 E173.20547
G1 X118.552 Y114.19 E173.22664
G1 X117.963 Y114.058 E173.24672
G1 X117.358 Y114.03 E173.26686
G1 X116.758 Y114.109 E173.28699
G1 X116.176 Y114.29 E173.30726
G1 X115.633 Y114.566 E173.32752
G1 X115.158 Y114.93 E173.34743
G1 X114.75 Y115.372 E173.36743
G1 X114.422 Y115.888 E173.38777
G1 X114.186 Y116.445 E173.40789
G1 X114.054 Y117.033 E173.42793
G1 X114.026 Y117.634 E173.44794
G1 X114.105 Y118.234 E173.46807
G1 X114.286 Y118.816 E173.48834
G1 X114.562 Y119.359 E173.5086
G1 X114.926 Y119.834 E173.52851
G1 X115.372 Y120.246 E173.5487
G1 X115.872 Y120.567 E173.56846
G1 X116.44 Y120.806 E173.58896
G1 X117.029 Y120.938 E173.60904
G1 X117.5 Y120.96 E173.62472
G0 F9000 X117.5 Y121.36
;TYPE:WALL-OUTER
G1 F600 X117.648 Y121.367 E173.62965
G1 X118.317 Y121.283 E173.65207
G1 X118.963 Y121.082 E173.67458
G1 X119.568 Y120.77 E173.69722
G1 X120.1 Y120.363 E173.71949
G1 X120.557 Y119.868 E173.7419
G1 X120.926 Y119.298 E173.76449
G1 X121.184 Y118.679 E173.78679
G1 X121.332 Y118.021 E173.80922
G1 X121.363 Y117.345 E173.83173
G1 X121.279 Y116.675 E173.85419
G1 X121.078 Y116.029 E173.87669
G1 X120.766 Y115.424 E173.89933
G1 X120.359 Y114.892 E173.92161
G1 X119.864 Y114.438 E173.94395
G1 X119.329 Y114.082 E173.96532
G1 X118.674 Y113.808 E173.98894
G1 X118.017 Y113.66 E174.01134
G1 X117.341 Y113.629 E174.03385
G1 X116.672 Y113.717 E174.05629
G1 X116.024 Y113.918 E174.07885
G1 X115.419 Y114.226 E174.10143
G1 X114.888 Y114.633 E174.12369
G1 X114.432 Y115.127 E174.14605
G1 X114.066 Y115.702 E174.16872
G1 X113.804 Y116.322 E174.1911
G1 X113.656 Y116.979 E174.2135
G1 X113.625 Y117.651 E174.23588
G1 X113.713 Y118.32 E174.25832
G1 X113.914 Y118.968 E174.28089
G1 X114.222 Y119.573 E174.30347
G1 X114.629 Y120.104 E174.32572
G1 X115.124 Y120.562 E174.34815
G1 X115.642 Y120.904 E174.36879
G1 X116.318 Y121.188 E174.39318
G1 X116.975 Y121.336 E174.41558
G1 X117.5 Y121.36 E174.43306
G0 F9000 X117.088 Y120.86
;TYPE:FILL
G1 F600 X114.144 Y117.916 E174.57154
G0 F9000 X114.132 Y117.096
G1 F600 X117.081 Y114.147 E174.71025
G0 F9000 X117.908 Y114.136
G1 F600 X120.845 Y117.073 E174.8484
G0 F9000 X120.855 Y117.916
G1 F600 X117.923 Y120.849 E174.98633
G0 F9000 X117.895 Y120.623
G0 X119.72 Y119.733
G0 X119.887 Y119.887
G1 F600 X115.105 Y115.105 E175.21126
G0 F9000 X115.276 Y115.263
G0 X119.733 Y115.279
G0 X119.889 Y115.111
G1 F600 X115.106 Y119.893 E175.43622
G0 F9000 X115.467 Y119.503
;MESH:NONMESH
G0 F300 X115.467 Y119.503 Z10.6
G0 F9000 X117.515 Y120.655
G0 X117.5 Y120.96
;TIME_ELAPSED:586.073867
;LAYER:52
;note -- min layer time used
;TYPE:WALL-INNER
;MESH:FT09-Input Shaft.stl
G1 F600 X117.63 Y120.966 E175.44054
G1 X118.239 Y120.887 E175.46097
G1 X118.816 Y120.708 E175.48106
G1 X119.309 Y120.465 E175.49934
G1 X119.83 Y120.066 E175.52117
G1 X120.24 Y119.622 E175.54127
G1 X120.57 Y119.111 E175.5615
G1 X120.802 Y118.557 E175.58148
G1 X120.934 Y117.967 E175.60159
G1 X120.962 Y117.361 E175.62177
G1 X120.887 Y116.76 E175.64191
G1 X120.706 Y116.181 E175.66209
G1 X120.427 Y115.639 E175.68236
G1 X120.063 Y115.163 E175.70229
G1 X119.616 Y114.754 E175.72244
G1 X119.139 Y114.436 E175.74151
G1 X118.552 Y114.19 E175.76268
G1 X117.963 Y114.058 E175.78276
G1 X117.358 Y114.03 E175.8029
G1 X116.758 Y114.109 E175.82303
G1 X116.176 Y114.29 E175.8433
G1 X115.633 Y114.566 E175.86356
G1 X115.158 Y114.93 E175.88346
G1 X114.75 Y115.372 E175.90347
G1 X114.422 Y115.888 E175.92381
G1 X114.186 Y116.445 E175.94393
G1 X114.054 Y117.033 E175.96397
G1 X114.026 Y117.634 E175.98398
G1 X114.105 Y118.234 E176.00411
G1 X114.286 Y118.816 E176.02438
G1 X114.562 Y119.359 E176.04464
G1 X114.926 Y119.834 E176.06454
G1 X115.369 Y120.243 E176.0846
G1 X115.884 Y120.574 E176.10496
G1 X116.439 Y120.806 E176.12497
G1 X117.028 Y120.938 E176.14504
G1 X117.5 Y120.96 E176.16076
G0 F9000 X117.5 Y121.36
;TYPE:WALL-OUTER
G1 F600 X117.647 Y121.367 E176.16565
G1 X118.325 Y121.279 E176.18839
G1 X118.965 Y121.081 E176.21068
G1 X119.523 Y120.805 E176.23138
G1 X120.1 Y120.363 E176.25556
G1 X120.557 Y119.868 E176.27796
G1 X120.926 Y119.298 E176.30055
G1 X121.184 Y118.679 E176.32285
G1 X121.332 Y118.021 E176.34528
G1 X121.363 Y117.345 E176.36779
G1 X121.279 Y116.675 E176.39025
G1 X121.078 Y116.029 E176.41275
G1 X120.766 Y115.424 E176.43539
G1 X120.359 Y114.892 E176.45767
G1 X119.864 Y114.438 E176.48001
G1 X119.329 Y114.082 E176.50139
G1 X118.674 Y113.808 E176.525
G1 X118.017 Y113.66 E176.5474
G1 X117.341 Y113.629 E176.56991
G1 X116.672 Y113.717 E176.59235
G1 X116.024 Y113.918 E176.61492
G1 X115.419 Y114.226 E176.63749
G1 X114.888 Y114.633 E176.65975
G1 X114.432 Y115.127 E176.68211
G1 X114.066 Y115.702 E176.70478
G1 X113.804 Y116.322 E176.72716
G1 X113.656 Y116.979 E176.74956
G1 X113.625 Y117.651 E176.77194
G1 X113.713 Y118.32 E176.79438
G1 X113.914 Y118.968 E176.81695
G1 X114.222 Y119.573 E176.83953
G1 X114.629 Y120.104 E176.86178
G1 X115.123 Y120.561 E176.88416
G1 X115.698 Y120.93 E176.90689
G1 X116.317 Y121.188 E176.92919
G1 X116.975 Y121.336 E176.95162
G1 X117.5 Y121.36 E176.9691
G0 F9000 X117.088 Y120.86
;TYPE:FILL
G1 F600 X114.144 Y117.916 E177.10758
G0 F9000 X114.132 Y117.096
G1 F600 X117.081 Y114.147 E177.24629
G0 F9000 X117.908 Y114.136
G1 F600 X120.845 Y117.074 E177.38446
G0 F9000 X120.855 Y117.916
G1 F600 X117.924 Y120.847 E177.52233
G0 F9000 X117.896 Y120.623
G0 X119.72 Y119.733
G0 X119.886 Y119.886
G1 F600 X115.105 Y115.105 E177.74721
G0 F9000 X115.276 Y115.263
G0 X119.733 Y115.279
G0 X119.889 Y115.111
G1 F600 X115.106 Y119.893 E177.97217
G0 F9000 X115.467 Y119.503
;MESH:NONMESH
G0 F300 X115.467 Y119.503 Z10.8
G0 F9000 X117.515 Y120.655
G0 X117.5 Y120.96
;TIME_ELAPSED:594.653818
;LAYER:53
;note -- min layer time used
;TYPE:WALL-INNER
;MESH:FT09-Input Shaft.stl
G1 F600 X117.63 Y120.966 E177.97649
G1 X118.239 Y120.887 E177.99692
G1 X118.818 Y120.708 E178.01708
G1 X119.298 Y120.473 E178.03485
G1 X119.83 Y120.066 E178.05713
G1 X120.24 Y119.622 E178.07723
G1 X120.57 Y119.111 E178.09746
G1 X120.802 Y118.557 E178.11744
G1 X120.934 Y117.967 E178.13755
G1 X120.962 Y117.361 E178.15772
G1 X120.887 Y116.76 E178.17787
G1 X120.706 Y116.181 E178.19805
G1 X120.427 Y115.639 E178.21832
G1 X120.063 Y115.163 E178.23825
G1 X119.616 Y114.754 E178.2584
G1 X119.139 Y114.436 E178.27747
G1 X118.552 Y114.19 E178.29864
G1 X117.963 Y114.058 E178.31872
G1 X117.358 Y114.03 E178.33886
G1 X116.758 Y114.109 E178.35899
G1 X116.176 Y114.29 E178.37926
G1 X115.633 Y114.566 E178.39952
G1 X115.158 Y114.93 E178.41942
G1 X114.75 Y115.372 E178.43943
G1 X114.422 Y115.888 E178.45977
G1 X114.186 Y116.445 E178.47989
G1 X114.054 Y117.033 E178.49993
G1 X114.026 Y117.634 E178.51994
G1 X114.105 Y118.234 E178.54007
G1 X114.286 Y118.816 E178.56034
G1 X114.562 Y119.359 E178.5806
G1 X114.926 Y119.834 E178.6005
G1 X115.369 Y120.243 E178.62056
G1 X115.884 Y120.574 E178.64092
G1 X116.439 Y120.806 E178.66093
G1 X117.028 Y120.938 E178.681
G1 X117.5 Y120.96 E178.69672
G0 F9000 X117.5 Y121.36
;TYPE:WALL-OUTER
G1 F600 X117.647 Y121.367 E178.70161
G1 X118.325 Y121.279 E178.72435
G1 X118.966 Y121.081 E178.74667
G1 X119.51 Y120.814 E178.76682
G1 X120.1 Y120.363 E178.79152
G1 X120.557 Y119.868 E178.81393
G1 X120.926 Y119.298 E178.83651
G1 X121.184 Y118.679 E178.85882
G1 X121.332 Y118.021 E178.88125
G1 X121.363 Y117.345 E178.90376
G1 X121.279 Y116.675 E178.92622
G1 X121.078 Y116.029 E178.94872
G1 X120.766 Y115.424 E178.97136
G1 X120.359 Y114.892 E178.99364
G1 X119.864 Y114.438 E179.01598
G1 X119.329 Y114.082 E179.03735
G1 X118.674 Y113.808 E179.06097
G1 X118.017 Y113.66 E179.08337
G1 X117.341 Y113.629 E179.10587
G1 X116.672 Y113.717 E179.12832
G1 X116.024 Y113.918 E179.15088
G1 X115.419 Y114.226 E179.17346
G1 X114.888 Y114.633 E179.19571
G1 X114.432 Y115.127 E179.21807
G1 X114.066 Y115.702 E179.24074
G1 X113.804 Y116.322 E179.26313
G1 X113.656 Y116.979 E179.28553
G1 X113.625 Y117.651 E179.30791
G1 X113.713 Y118.32 E179.33035
G1 X113.914 Y118.968 E179.35291
G1 X114.222 Y119.573 E179.37549
G1 X114.629 Y120.104 E179.39775
G1 X115.123 Y120.561 E179.42013
G1 X115.698 Y120.93 E179.44285
G1 X116.317 Y121.188 E179.46516
G1 X116.975 Y121.336 E179.48759
G1 X117.5 Y121.36 E179.50507
G0 F9000 X117.088 Y120.86
;TYPE:FILL
G1 F600 X114.144 Y117.916 E179.64355
G0 F9000 X114.132 Y117.096
G1 F600 X117.081 Y114.147 E179.78226
G0 F9000 X117.908 Y114.136
G1 F600 X120.845 Y117.074 E179.92043
G0 F9000 X120.855 Y117.916
G1 F600 X117.924 Y120.847 E180.05829
G0 F9000 X117.896 Y120.623
G0 X119.72 Y119.733
G0 X119.886 Y119.886
G1 F600 X115.105 Y115.105 E180.28318
G0 F9000 X115.276 Y115.263
G0 X119.733 Y115.279
G0 X119.889 Y115.111
G1 F600 X115.106 Y119.893 E180.50813
G0 F9000 X115.467 Y119.503
;MESH:NONMESH
G0 F300 X115.467 Y119.503 Z11
G0 F9000 X117.515 Y120.655
G0 X117.5 Y120.96
;TIME_ELAPSED:603.233822
;LAYER:54
;note -- min layer time used
;TYPE:WALL-INNER
;MESH:FT09-Input Shaft.stl
G1 F600 X117.632 Y120.966 E180.51253
G1 X118.232 Y120.891 E180.53264
G1 X118.811 Y120.71 E180.55281
G1 X119.353 Y120.431 E180.57309
G1 X119.83 Y120.066 E180.59307
G1 X120.24 Y119.622 E180.61317
G1 X120.57 Y119.111 E180.6334
G1 X120.802 Y118.557 E180.65338
G1 X120.934 Y117.967 E180.67348
G1 X120.962 Y117.361 E180.69366
G1 X120.887 Y116.76 E180.71381
G1 X120.706 Y116.181 E180.73398
G1 X120.427 Y115.639 E180.75426
G1 X120.062 Y115.162 E180.77423
G1 X119.619 Y114.753 E180.79429
G1 X119.107 Y114.425 E180.81451
G1 X118.551 Y114.19 E180.83459
G1 X117.963 Y114.058 E180.85463
G1 X117.358 Y114.03 E180.87478
G1 X116.758 Y114.109 E180.8949
G1 X116.176 Y114.29 E180.91518
G1 X115.633 Y114.566 E180.93544
G1 X115.158 Y114.93 E180.95534
G1 X114.75 Y115.372 E180.97535
G1 X114.422 Y115.888 E180.99568
G1 X114.186 Y116.445 E181.0158
G1 X114.054 Y117.033 E181.03585
G1 X114.026 Y117.634 E181.05586
G1 X114.105 Y118.234 E181.07599
G1 X114.286 Y118.816 E181.09626
G1 X114.562 Y119.359 E181.11652
G1 X114.926 Y119.834 E181.13642
G1 X115.369 Y120.243 E181.15647
G1 X115.884 Y120.574 E181.17684
G1 X116.439 Y120.806 E181.19684
G1 X117.029 Y120.938 E181.21695
G1 X117.5 Y120.96 E181.23264
G0 F9000 X117.5 Y121.36
;TYPE:WALL-OUTER
G1 F600 X117.648 Y121.367 E181.23756
G1 X118.317 Y121.283 E181.25999
G1 X118.963 Y121.082 E181.28249
G1 X119.568 Y120.77 E181.30513
G1 X120.1 Y120.363 E181.32741
G1 X120.557 Y119.868 E181.34982
G1 X120.926 Y119.298 E181.3724
G1 X121.184 Y118.679 E181.39471
G1 X121.332 Y118.021 E181.41714
G1 X121.363 Y117.345 E181.43965
G1 X121.279 Y116.675 E181.4621
G1 X121.078 Y116.029 E181.48461
G1 X120.766 Y115.424 E181.50725
G1 X120.359 Y114.892 E181.52953
G1 X119.865 Y114.435 E181.55191
G1 X119.294 Y114.07 E181.57445
G1 X118.674 Y113.808 E181.59684
G1 X118.017 Y113.66 E181.61924
G1 X117.341 Y113.629 E181.64174
G1 X116.672 Y113.717 E181.66419
G1 X116.024 Y113.918 E181.68675
G1 X115.419 Y114.226 E181.70933
G1 X114.888 Y114.633 E181.73158
G1 X114.432 Y115.127 E181.75394
G1 X114.066 Y115.702 E181.77661
G1 X113.804 Y116.322 E181.799
G1 X113.656 Y116.979 E181.8214
G1 X113.625 Y117.651 E181.84377
G1 X113.713 Y118.32 E181.86622
G1 X113.914 Y118.968 E181.88878
G1 X114.222 Y119.573 E181.91136
G1 X114.629 Y120.104 E181.93362
G1 X115.123 Y120.561 E181.956
G1 X115.698 Y120.93 E181.97872
G1 X116.317 Y121.188 E182.00103
G1 X116.975 Y121.336 E182.02346
G1 X117.5 Y121.36 E182.04094
G0 F9000 X117.088 Y120.86
;TYPE:FILL
G1 F600 X114.144 Y117.916 E182.17942
G0 F9000 X114.132 Y117.096
G1 F600 X117.081 Y114.147 E182.31813
G0 F9000 X117.908 Y114.136
G1 F600 X120.846 Y117.074 E182.45632
G0 F9000 X120.855 Y117.916
G1 F600 X117.923 Y120.849 E182.59426
G0 F9000 X117.895 Y120.623
G0 X119.72 Y119.733
G0 X119.887 Y119.887
G1 F600 X115.105 Y115.105 E182.81919
G0 F9000 X115.276 Y115.263
G0 X119.733 Y115.28
G0 X119.889 Y115.111
G1 F600 X115.106 Y119.893 E183.04414
G0 F9000 X115.467 Y119.503
;MESH:NONMESH
G0 F300 X115.467 Y119.503 Z11.2
G0 F9000 X117.515 Y120.655
G0 X117.5 Y120.96
;TIME_ELAPSED:611.814354
;LAYER:55
;note -- min layer time used
;TYPE:WALL-INNER
;MESH:FT09-Input Shaft.stl
G1 F600 X117.632 Y120.966 E183.04854
G1 X118.232 Y120.891 E183.06865
G1 X118.811 Y120.71 E183.08883
G1 X119.353 Y120.431 E183.1091
G1 X119.83 Y120.066 E183.12908
G1 X120.24 Y119.622 E183.14918
G1 X120.57 Y119.111 E183.16941
G1 X120.802 Y118.557 E183.18939
G1 X120.934 Y117.967 E183.2095
G1 X120.962 Y117.361 E183.22967
G1 X120.887 Y116.76 E183.24982
G1 X120.706 Y116.181 E183.26999
G1 X120.427 Y115.639 E183.29027
G1 X120.063 Y115.163 E183.3102
G1 X119.616 Y114.754 E183.33035
G1 X119.139 Y114.436 E183.34942
G1 X118.552 Y114.19 E183.37059
G1 X117.963 Y114.058 E183.39066
G1 X117.358 Y114.03 E183.41081
G1 X116.758 Y114.109 E183.43094
G1 X116.176 Y114.29 E183.45121
G1 X115.633 Y114.566 E183.47147
G1 X115.158 Y114.93 E183.49137
G1 X114.75 Y115.372 E183.51138
G1 X114.422 Y115.888 E183.53171
G1 X114.186 Y116.445 E183.55183
G1 X114.054 Y117.033 E183.57188
G1 X114.026 Y117.634 E183.59189
G1 X114.105 Y118.234 E183.61202
G1 X114.286 Y118.816 E183.63229
G1 X114.562 Y119.359 E183.65255
G1 X114.926 Y119.834 E183.67245
G1 X115.369 Y120.243 E183.69251
G1 X115.884 Y120.574 E183.71287
G1 X116.439 Y120.806 E183.73287
G1 X117.029 Y120.938 E183.75298
G1 X117.5 Y120.96 E183.76867
G0 F9000 X117.5 Y121.36
;TYPE:WALL-OUTER
G1 F600 X117.648 Y121.367 E183.77359
G1 X118.317 Y121.283 E183.79602
G1 X118.963 Y121.082 E183.81852
G1 X119.568 Y120.77 E183.84116
G1 X120.1 Y120.363 E183.86344
G1 X120.557 Y119.868 E183.88585
G1 X120.926 Y119.298 E183.90843
G1 X121.184 Y118.679 E183.93074
G1 X121.332 Y118.021 E183.95317
G1 X121.363 Y117.345 E183.97568
G1 X121.279 Y116.675 E183.99814
G1 X121.078 Y116.029 E184.02064
G1 X120.766 Y115.424 E184.04328
G1 X120.359 Y114.892 E184.06556
G1 X119.864 Y114.438 E184.0879
G1 X119.329 Y114.082 E184.10927
G1 X118.674 Y113.808 E184.13288
G1 X118.017 Y113.66 E184.15528
G1 X117.341 Y113.629 E184.17779
G1 X116.672 Y113.717 E184.20023
G1 X116.024 Y113.918 E184.2228
G1 X115.419 Y114.226 E184.24538
G1 X114.888 Y114.633 E184.26763
G1 X114.432 Y115.127 E184.28999
G1 X114.066 Y115.702 E184.31266
G1 X113.804 Y116.322 E184.33505
G1 X113.656 Y116.979 E184.35745
G1 X113.625 Y117.651 E184.37982
G1 X113.713 Y118.32 E184.40227
G1 X113.914 Y118.968 E184.42483
G1 X114.222 Y119.573 E184.44741
G1 X114.629 Y120.104 E184.46966
G1 X115.123 Y120.561 E184.49205
G1 X115.698 Y120.93 E184.51477
G1 X116.317 Y121.188 E184.53708
G1 X116.975 Y121.336 E184.55951
G1 X117.5 Y121.36 E184.57699
G0 F9000 X117.088 Y120.86
;TYPE:FILL
G1 F600 X114.144 Y117.916 E184.71546
G0 F9000 X114.132 Y117.096
G1 F600 X117.081 Y114.147 E184.85418
G0 F9000 X117.908 Y114.136
G1 F600 X120.845 Y117.074 E184.99235
G0 F9000 X120.855 Y117.916
G1 F600 X117.923 Y120.849 E185.13028
G0 F9000 X117.895 Y120.623
G0 X119.72 Y119.733
G0 X119.887 Y119.887
G1 F600 X115.105 Y115.105 E185.35521
G0 F9000 X115.276 Y115.263
G0 X119.733 Y115.279
G0 X119.889 Y115.111
G1 F600 X115.106 Y119.893 E185.58017
G0 F9000 X115.467 Y119.503
;MESH:NONMESH
G0 F300 X115.467 Y119.503 Z11.4
G0 F9000 X117.515 Y120.655
G0 X117.5 Y120.96
;TIME_ELAPSED:620.394807
;LAYER:56
;note -- min layer time used
;TYPE:WALL-INNER
;MESH:FT09-Input Shaft.stl
G1 F600 X117.63 Y120.966 E185.5845
G1 X118.239 Y120.887 E185.60492
G1 X118.816 Y120.709 E185.625
G1 X119.347 Y120.435 E185.64488
G1 X119.83 Y120.066 E185.66509
G1 X120.24 Y119.622 E185.6852
G1 X120.57 Y119.111 E185.70543
G1 X120.802 Y118.557 E185.7254
G1 X120.934 Y117.967 E185.74551
G1 X120.962 Y117.361 E185.76569
G1 X120.887 Y116.76 E185.78583
G1 X120.706 Y116.181 E185.80601
G1 X120.427 Y115.639 E185.82629
G1 X120.063 Y115.163 E185.84622
G1 X119.616 Y114.754 E185.86637
G1 X119.139 Y114.436 E185.88544
G1 X118.552 Y114.19 E185.9066
G1 X117.963 Y114.058 E185.92668
G1 X117.358 Y114.03 E185.94682
G1 X116.758 Y114.109 E185.96695
G1 X116.176 Y114.29 E185.98722
G1 X115.633 Y114.566 E186.00748
G1 X115.158 Y114.93 E186.02739
G1 X114.75 Y115.372 E186.04739
G1 X114.422 Y115.888 E186.06773
G1 X114.186 Y116.445 E186.08785
G1 X114.054 Y117.033 E186.10789
G1 X114.026 Y117.634 E186.12791
G1 X114.105 Y118.234 E186.14803
G1 X114.286 Y118.816 E186.16831
G1 X114.562 Y119.359 E186.18857
G1 X114.926 Y119.834 E186.20847
G1 X115.369 Y120.243 E186.22852
G1 X115.884 Y120.574 E186.24888
G1 X116.439 Y120.806 E186.26889
G1 X117.028 Y120.938 E186.28897
G1 X117.5 Y120.96 E186.30468
G0 F9000 X117.5 Y121.36
;TYPE:WALL-OUTER
G1 F600 X117.647 Y121.367 E186.30958
G1 X118.325 Y121.279 E186.33232
G1 X118.965 Y121.081 E186.3546
G1 X119.335 Y120.898 E186.36833
G1 X119.566 Y120.771 E186.3771
G1 X120.1 Y120.363 E186.39945
G1 X120.557 Y119.868 E186.42186
G1 X120.926 Y119.298 E186.44444
G1 X121.184 Y118.679 E186.46674
G1 X121.332 Y118.021 E186.48918
G1 X121.363 Y117.345 E186.51168
G1 X121.279 Y116.675 E186.53414
G1 X121.078 Y116.029 E186.55665
G1 X120.766 Y115.424 E186.57929
G1 X120.359 Y114.892 E186.60156
G1 X119.864 Y114.438 E186.6239
G1 X119.329 Y114.082 E186.64528
G1 X118.674 Y113.808 E186.66889
G1 X118.017 Y113.66 E186.69129
G1 X117.341 Y113.629 E186.7138
G1 X116.672 Y113.717 E186.73624
G1 X116.024 Y113.918 E186.75881
G1 X115.419 Y114.226 E186.78139
G1 X114.888 Y114.633 E186.80364
G1 X114.432 Y115.127 E186.826
G1 X114.066 Y115.702 E186.84867
G1 X113.804 Y116.322 E186.87106
G1 X113.656 Y116.979 E186.89346
G1 X113.625 Y117.651 E186.91583
G1 X113.713 Y118.32 E186.93827
G1 X113.914 Y118.968 E186.96084
G1 X114.222 Y119.573 E186.98342
G1 X114.629 Y120.104 E187.00567
G1 X115.123 Y120.561 E187.02805
G1 X115.698 Y120.93 E187.05078
G1 X116.317 Y121.188 E187.07308
G1 X116.975 Y121.336 E187.09552
G1 X117.5 Y121.36 E187.113
G0 F9000 X117.088 Y120.86
;TYPE:FILL
G1 F600 X114.144 Y117.916 E187.25147
G0 F9000 X114.132 Y117.096
G1 F600 X117.081 Y114.147 E187.39018
G0 F9000 X117.908 Y114.136
G1 F600 X120.845 Y117.074 E187.52835
G0 F9000 X120.855 Y117.916
G1 F600 X117.924 Y120.847 E187.66622
G0 F9000 X117.896 Y120.623
G0 X119.72 Y119.733
G0 X119.886 Y119.886
G1 F600 X115.105 Y115.105 E187.8911
G0 F9000 X115.276 Y115.263
G0 X119.733 Y115.279
G0 X119.889 Y115.111
G1 F600 X115.106 Y119.893 E188.11606
G0 F9000 X115.467 Y119.503
;MESH:NONMESH
G0 F300 X115.467 Y119.503 Z11.6
G0 F9000 X117.515 Y120.655
G0 X117.5 Y120.96
;TIME_ELAPSED:628.974582
;LAYER:57
;note -- min layer time used
;TYPE:WALL-INNER
;MESH:FT09-Input Shaft.stl
G1 F600 X117.632 Y120.966 E188.12045
G1 X118.232 Y120.891 E188.14056
G1 X118.811 Y120.71 E188.16074
G1 X119.353 Y120.431 E188.18102
G1 X119.83 Y120.066 E188.20099
G1 X120.24 Y119.622 E188.22109
G1 X120.57 Y119.111 E188.24133
G1 X120.802 Y118.557 E188.2613
G1 X120.934 Y117.967 E188.28141
G1 X120.962 Y117.361 E188.30159
G1 X120.887 Y116.76 E188.32173
G1 X120.706 Y116.181 E188.34191
G1 X120.427 Y115.639 E188.36218
G1 X120.062 Y115.162 E188.38216
G1 X119.619 Y114.753 E188.40221
G1 X119.107 Y114.425 E188.42244
G1 X118.551 Y114.19 E188.44252
G1 X117.963 Y114.058 E188.46256
G1 X117.358 Y114.03 E188.4827
G1 X116.758 Y114.109 E188.50283
G1 X116.176 Y114.29 E188.5231
G1 X115.633 Y114.566 E188.54336
G1 X115.158 Y114.93 E188.56327
G1 X114.75 Y115.372 E188.58327
G1 X114.422 Y115.888 E188.60361
G1 X114.186 Y116.445 E188.62373
G1 X114.054 Y117.033 E188.64377
G1 X114.026 Y117.634 E188.66378
G1 X114.105 Y118.234 E188.68391
G1 X114.286 Y118.816 E188.70418
G1 X114.562 Y119.359 E188.72444
G1 X114.926 Y119.834 E188.74435
G1 X115.369 Y120.243 E188.7644
G1 X115.884 Y120.574 E188.78476
G1 X116.439 Y120.806 E188.80477
G1 X117.029 Y120.938 E188.82488
G1 X117.5 Y120.96 E188.84056
G0 F9000 X117.5 Y121.36
;TYPE:WALL-OUTER
G1 F600 X117.648 Y121.367 E188.84549
G1 X118.317 Y121.283 E188.86792
G1 X118.963 Y121.082 E188.89042
G1 X119.568 Y120.77 E188.91306
G1 X120.1 Y120.363 E188.93534
G1 X120.557 Y119.868 E188.95774
G1 X120.926 Y119.298 E188.98033
G1 X121.184 Y118.679 E189.00263
G1 X121.332 Y118.021 E189.02506
G1 X121.363 Y117.345 E189.04757
G1 X121.279 Y116.675 E189.07003
G1 X121.078 Y116.029 E189.09253
G1 X120.766 Y115.424 E189.11517
G1 X120.359 Y114.892 E189.13745
G1 X119.865 Y114.435 E189.15984
G1 X119.294 Y114.07 E189.18238
G1 X118.674 Y113.808 E189.20476
G1 X118.017 Y113.66 E189.22716
G1 X117.341 Y113.629 E189.24967
G1 X116.672 Y113.717 E189.27211
G1 X116.024 Y113.918 E189.29468
G1 X115.419 Y114.226 E189.31726
G1 X114.888 Y114.633 E189.33951
G1 X114.432 Y115.127 E189.36187
G1 X114.066 Y115.702 E189.38454
G1 X113.804 Y116.322 E189.40693
G1 X113.656 Y116.979 E189.42933
G1 X113.625 Y117.651 E189.4517
G1 X113.713 Y118.32 E189.47414
G1 X113.914 Y118.968 E189.49671
G1 X114.222 Y119.573 E189.51929
G1 X114.629 Y120.104 E189.54154
G1 X115.123 Y120.561 E189.56392
G1 X115.698 Y120.93 E189.58665
G1 X116.317 Y121.188 E189.60895
G1 X116.975 Y121.336 E189.63139
G1 X117.5 Y121.36 E189.64887
G0 F9000 X117.088 Y120.86
;TYPE:FILL
G1 F600 X114.144 Y117.916 E189.78734
G0 F9000 X114.132 Y117.096
G1 F600 X117.081 Y114.147 E189.92605
G0 F9000 X117.908 Y114.136
G1 F600 X120.846 Y117.074 E190.06425
G0 F9000 X120.855 Y117.916
G1 F600 X117.923 Y120.849 E190.20218
G0 F9000 X117.895 Y120.623
G0 X119.72 Y119.733
G0 X119.887 Y119.887
G1 F600 X115.105 Y115.105 E190.42711
G0 F9000 X115.276 Y115.263
G0 X119.733 Y115.28
G0 X119.889 Y115.111
G1 F600 X115.106 Y119.893 E190.65207
G0 F9000 X115.467 Y119.503
;MESH:NONMESH
G0 F300 X115.467 Y119.503 Z11.8
G0 F9000 X117.515 Y120.655
G0 X117.5 Y120.96
;TIME_ELAPSED:637.555114
;LAYER:58
;note -- min layer time used
;TYPE:WALL-INNER
;MESH:FT09-Input Shaft.stl
G1 F600 X117.632 Y120.966 E190.65646
G1 X118.232 Y120.891 E190.67658
G1 X118.811 Y120.71 E190.69675
G1 X119.353 Y120.431 E190.71703
G1 X119.83 Y120.066 E190.737
G1 X120.24 Y119.622 E190.7571
G1 X120.57 Y119.111 E190.77734
G1 X120.802 Y118.557 E190.79731
G1 X120.934 Y117.967 E190.81742
G1 X120.962 Y117.361 E190.8376
G1 X120.887 Y116.76 E190.85774
G1 X120.706 Y116.181 E190.87792
G1 X120.427 Y115.639 E190.8982
G1 X120.062 Y115.162 E190.91817
G1 X119.619 Y114.753 E190.93823
G1 X119.107 Y114.425 E190.95845
G1 X118.551 Y114.19 E190.97853
G1 X117.963 Y114.058 E190.99857
G1 X117.358 Y114.03 E191.01871
G1 X116.758 Y114.109 E191.03884
G1 X116.176 Y114.29 E191.05911
G1 X115.633 Y114.566 E191.07937
G1 X115.158 Y114.93 E191.09928
G1 X114.75 Y115.372 E191.11928
G1 X114.422 Y115.888 E191.13962
G1 X114.186 Y116.445 E191.15974
G1 X114.054 Y117.033 E191.17978
G1 X114.026 Y117.634 E191.1998
G1 X114.105 Y118.234 E191.21992
G1 X114.286 Y118.816 E191.2402
G1 X114.562 Y119.359 E191.26045
G1 X114.926 Y119.834 E191.28036
G1 X115.369 Y120.243 E191.30041
G1 X115.884 Y120.574 E191.32077
G1 X116.439 Y120.806 E191.34078
G1 X117.029 Y120.938 E191.36089
G1 X117.5 Y120.96 E191.37657
G0 F9000 X117.5 Y121.36
;TYPE:WALL-OUTER
G1 F600 X117.648 Y121.367 E191.3815
G1 X118.317 Y121.283 E191.40393
G1 X118.963 Y121.082 E191.42643
G1 X119.568 Y120.77 E191.44907
G1 X120.1 Y120.363 E191.47135
G1 X120.557 Y119.868 E191.49375
G1 X120.926 Y119.298 E191.51634
G1 X121.184 Y118.679 E191.53864
G1 X121.332 Y118.021 E191.56108
G1 X121.363 Y117.345 E191.58358
G1 X121.279 Y116.675 E191.60604
G1 X121.078 Y116.029 E191.62854
G1 X120.766 Y115.424 E191.65118
G1 X120.359 Y114.892 E191.67346
G1 X119.865 Y114.435 E191.69585
G1 X119.294 Y114.07 E191.71839
G1 X118.674 Y113.808 E191.74077
G1 X118.017 Y113.66 E191.76317
G1 X117.341 Y113.629 E191.78568
G1 X116.672 Y113.717 E191.80812
G1 X116.024 Y113.918 E191.83069
G1 X115.419 Y114.226 E191.85327
G1 X114.888 Y114.633 E191.87552
G1 X114.432 Y115.127 E191.89788
G1 X114.066 Y115.702 E191.92055
G1 X113.804 Y116.322 E191.94294
G1 X113.656 Y116.979 E191.96534
G1 X113.625 Y117.651 E191.98771
G1 X113.713 Y118.32 E192.01016
G1 X113.914 Y118.968 E192.03272
G1 X114.222 Y119.573 E192.0553
G1 X114.629 Y120.104 E192.07755
G1 X115.123 Y120.561 E192.09994
G1 X115.698 Y120.93 E192.12266
G1 X116.317 Y121.188 E192.14496
G1 X116.975 Y121.336 E192.1674
G1 X117.5 Y121.36 E192.18488
G0 F9000 X117.088 Y120.86
;TYPE:FILL
G1 F600 X114.144 Y117.916 E192.32335
G0 F9000 X114.132 Y117.096
G1 F600 X117.081 Y114.147 E192.46206
G0 F9000 X117.908 Y114.136
G1 F600 X120.846 Y117.074 E192.60026
G0 F9000 X120.855 Y117.916
G1 F600 X117.923 Y120.849 E192.7382
G0 F9000 X117.895 Y120.623
G0 X119.72 Y119.733
G0 X119.887 Y119.887
G1 F600 X115.105 Y115.105 E192.96313
G0 F9000 X115.276 Y115.263
G0 X119.733 Y115.28
G0 X119.889 Y115.111
G1 F600 X115.106 Y119.893 E193.18808
G0 F9000 X115.467 Y119.503
;MESH:NONMESH
G0 F300 X115.467 Y119.503 Z12
G0 F9000 X117.515 Y120.655
G0 X117.5 Y120.96
;TIME_ELAPSED:646.135646
;LAYER:59
;note -- min layer time used
;TYPE:WALL-INNER
;MESH:FT09-Input Shaft.stl
G1 F600 X117.632 Y120.966 E193.19247
G1 X118.232 Y120.891 E193.21259
G1 X118.811 Y120.71 E193.23276
G1 X119.353 Y120.431 E193.25304
G1 X119.83 Y120.066 E193.27301
G1 X120.24 Y119.622 E193.29312
G1 X120.57 Y119.111 E193.31335
G1 X120.802 Y118.557 E193.33332
G1 X120.934 Y117.967 E193.35343
G1 X120.962 Y117.361 E193.37361
G1 X120.887 Y116.76 E193.39375
G1 X120.706 Y116.181 E193.41393
G1 X120.427 Y115.639 E193.43421
G1 X120.063 Y115.163 E193.45414
G1 X119.617 Y114.755 E193.47424
G1 X119.135 Y114.436 E193.49347
G1 X118.552 Y114.19 E193.51451
G1 X117.963 Y114.058 E193.53459
G1 X117.358 Y114.03 E193.55473
G1 X116.758 Y114.109 E193.57486
G1 X116.176 Y114.29 E193.59513
G1 X115.633 Y114.566 E193.61539
G1 X115.158 Y114.93 E193.6353
G1 X114.75 Y115.372 E193.6553
G1 X114.422 Y115.888 E193.67564
G1 X114.186 Y116.445 E193.69576
G1 X114.054 Y117.033 E193.7158
G1 X114.026 Y117.634 E193.73581
G1 X114.105 Y118.234 E193.75594
G1 X114.286 Y118.816 E193.77621
G1 X114.562 Y119.359 E193.79647
G1 X114.926 Y119.834 E193.81638
G1 X115.369 Y120.243 E193.83643
G1 X115.884 Y120.574 E193.85679
G1 X116.439 Y120.806 E193.8768
G1 X117.029 Y120.938 E193.89691
G1 X117.5 Y120.96 E193.91259
G0 F9000 X117.5 Y121.36
;TYPE:WALL-OUTER
G1 F600 X117.648 Y121.367 E193.91752
G1 X118.317 Y121.283 E193.93994
G1 X118.963 Y121.082 E193.96245
G1 X119.568 Y120.77 E193.98509
G1 X120.1 Y120.363 E194.00737
G1 X120.557 Y119.868 E194.02977
G1 X120.926 Y119.298 E194.05236
G1 X121.184 Y118.679 E194.07466
G1 X121.332 Y118.021 E194.09709
G1 X121.363 Y117.345 E194.1196
G1 X121.279 Y116.675 E194.14206
G1 X121.078 Y116.029 E194.16456
G1 X120.766 Y115.424 E194.1872
G1 X120.359 Y114.892 E194.20948
G1 X119.864 Y114.439 E194.2318
G1 X119.325 Y114.082 E194.2533
G1 X118.674 Y113.808 E194.27679
G1 X118.017 Y113.66 E194.29919
G1 X117.341 Y113.629 E194.3217
G1 X116.672 Y113.717 E194.34414
G1 X116.024 Y113.918 E194.36671
G1 X115.419 Y114.226 E194.38929
G1 X114.888 Y114.633 E194.41154
G1 X114.432 Y115.127 E194.4339
G1 X114.066 Y115.702 E194.45657
G1 X113.804 Y116.322 E194.47896
G1 X113.656 Y116.979 E194.50136
G1 X113.625 Y117.651 E194.52373
G1 X113.713 Y118.32 E194.54618
G1 X113.914 Y118.968 E194.56874
G1 X114.222 Y119.573 E194.59132
G1 X114.629 Y120.104 E194.61357
G1 X115.123 Y120.561 E194.63596
G1 X115.698 Y120.93 E194.65868
G1 X116.317 Y121.188 E194.68098
G1 X116.975 Y121.336 E194.70342
G1 X117.5 Y121.36 E194.7209
G0 F9000 X117.088 Y120.86
;TYPE:FILL
G1 F600 X114.144 Y117.916 E194.85937
G0 F9000 X114.132 Y117.096
G1 F600 X117.081 Y114.147 E194.99808
G0 F9000 X117.908 Y114.136
G1 F600 X120.845 Y117.074 E195.13626
G0 F9000 X120.855 Y117.916
G1 F600 X117.923 Y120.849 E195.27419
G0 F9000 X117.895 Y120.623
G0 X119.72 Y119.733
G0 X119.887 Y119.887
G1 F600 X115.105 Y115.105 E195.49912
G0 F9000 X115.276 Y115.263
G0 X119.733 Y115.279
G0 X119.889 Y115.111
G1 F600 X115.106 Y119.893 E195.72408
G0 F9000 X115.467 Y119.503
;MESH:NONMESH
G0 F300 X115.467 Y119.503 Z12.2
G0 F9000 X117.515 Y120.655
G0 X117.5 Y120.96
;TIME_ELAPSED:654.716013
;LAYER:60
;note -- min layer time used
;TYPE:WALL-INNER
;MESH:FT09-Input Shaft.stl
G1 F600 X117.632 Y120.966 E195.72847
G1 X118.232 Y120.891 E195.74858
G1 X118.811 Y120.71 E195.76876
G1 X119.353 Y120.431 E195.78903
G1 X119.83 Y120.066 E195.80901
G1 X120.24 Y119.622 E195.82911
G1 X120.57 Y119.111 E195.84934
G1 X120.802 Y118.557 E195.86932
G1 X120.934 Y117.967 E195.88943
G1 X120.962 Y117.361 E195.90961
G1 X120.887 Y116.76 E195.92975
G1 X120.706 Y116.181 E195.94993
G1 X120.427 Y115.639 E195.9702
G1 X120.062 Y115.162 E195.99018
G1 X119.619 Y114.753 E196.01023
G1 X119.107 Y114.425 E196.03046
G1 X118.551 Y114.19 E196.05053
G1 X117.963 Y114.058 E196.07058
G1 X117.358 Y114.03 E196.09072
G1 X116.758 Y114.109 E196.11085
G1 X116.176 Y114.29 E196.13112
G1 X115.633 Y114.566 E196.15138
G1 X115.158 Y114.93 E196.17129
G1 X114.75 Y115.372 E196.19129
G1 X114.422 Y115.888 E196.21163
G1 X114.186 Y116.445 E196.23175
G1 X114.054 Y117.033 E196.25179
G1 X114.026 Y117.634 E196.2718
G1 X114.105 Y118.234 E196.29193
G1 X114.286 Y118.816 E196.3122
G1 X114.562 Y119.359 E196.33246
G1 X114.926 Y119.834 E196.35237
G1 X115.369 Y120.243 E196.37242
G1 X115.884 Y120.574 E196.39278
G1 X116.439 Y120.806 E196.41279
G1 X117.029 Y120.938 E196.4329
G1 X117.5 Y120.96 E196.44858
G0 F9000 X117.5 Y121.36
;TYPE:WALL-OUTER
G1 F600 X117.648 Y121.367 E196.45351
G1 X118.317 Y121.283 E196.47593
G1 X118.963 Y121.082 E196.49844
G1 X119.568 Y120.77 E196.52108
G1 X120.1 Y120.363 E196.54336
G1 X120.557 Y119.868 E196.56576
G1 X120.926 Y119.298 E196.58835
G1 X121.184 Y118.679 E196.61065
G1 X121.332 Y118.021 E196.63308
G1 X121.363 Y117.345 E196.65559
G1 X121.279 Y116.675 E196.67805
G1 X121.078 Y116.029 E196.70055
G1 X120.766 Y115.424 E196.72319
G1 X120.359 Y114.892 E196.74547
G1 X119.865 Y114.435 E196.76785
G1 X119.294 Y114.07 E196.79039
G1 X118.674 Y113.808 E196.81278
G1 X118.017 Y113.66 E196.83518
G1 X117.341 Y113.629 E196.85769
G1 X116.672 Y113.717 E196.88013
G1 X116.024 Y113.918 E196.9027
G1 X115.419 Y114.226 E196.92528
G1 X114.888 Y114.633 E196.94753
G1 X114.432 Y115.127 E196.96989
G1 X114.066 Y115.702 E196.99256
G1 X113.804 Y116.322 E197.01495
G1 X113.656 Y116.979 E197.03735
G1 X113.625 Y117.651 E197.05972
G1 X113.713 Y118.32 E197.08216
G1 X113.914 Y118.968 E197.10473
G1 X114.222 Y119.573 E197.12731
G1 X114.629 Y120.104 E197.14956
G1 X115.123 Y120.561 E197.17194
G1 X115.698 Y120.93 E197.19467
G1 X116.317 Y121.188 E197.21697
G1 X116.975 Y121.336 E197.2394
G1 X117.5 Y121.36 E197.25688
G0 F9000 X117.088 Y120.86
;TYPE:FILL
G1 F600 X114.144 Y117.916 E197.39536
G0 F9000 X114.132 Y117.096
G1 F600 X117.081 Y114.147 E197.53407
G0 F9000 X117.908 Y114.136
G1 F600 X120.846 Y117.074 E197.67227
G0 F9000 X120.855 Y117.916
G1 F600 X117.923 Y120.849 E197.8102
G0 F9000 X117.895 Y120.623
G0 X119.72 Y119.733
G0 X119.887 Y119.887
G1 F600 X115.105 Y115.105 E198.03513
G0 F9000 X115.276 Y115.263
G0 X119.733 Y115.28
G0 X119.889 Y115.111
G1 F600 X115.106 Y119.893 E198.26009
G0 F9000 X115.467 Y119.503
;MESH:NONMESH
G0 F300 X115.467 Y119.503 Z12.4
G0 F9000 X117.515 Y120.655
G0 X117.5 Y120.96
;TIME_ELAPSED:663.296545
;LAYER:61
;note -- min layer time used
;TYPE:WALL-INNER
;MESH:FT09-Input Shaft.stl
G1 F600 X117.632 Y120.966 E198.26448
G1 X118.232 Y120.891 E198.28459
G1 X118.811 Y120.71 E198.30477
G1 X119.353 Y120.431 E198.32505
G1 X119.83 Y120.066 E198.34502
G1 X120.24 Y119.622 E198.36512
G1 X120.57 Y119.111 E198.38536
G1 X120.802 Y118.557 E198.40533
G1 X120.934 Y117.967 E198.42544
G1 X120.962 Y117.361 E198.44562
G1 X120.887 Y116.76 E198.46576
G1 X120.706 Y116.181 E198.48594
G1 X120.427 Y115.639 E198.50621
G1 X120.062 Y115.162 E198.52619
G1 X119.619 Y114.753 E198.54624
G1 X119.107 Y114.425 E198.56647
G1 X118.551 Y114.19 E198.58654
G1 X117.963 Y114.058 E198.60659
G1 X117.358 Y114.03 E198.62673
G1 X116.758 Y114.109 E198.64686
G1 X116.176 Y114.29 E198.66713
G1 X115.633 Y114.566 E198.68739
G1 X115.158 Y114.93 E198.7073
G1 X114.75 Y115.372 E198.7273
G1 X114.422 Y115.888 E198.74764
G1 X114.186 Y116.445 E198.76776
G1 X114.054 Y117.033 E198.7878
G1 X114.026 Y117.634 E198.80781
G1 X114.105 Y118.234 E198.82794
G1 X114.286 Y118.816 E198.84821
G1 X114.562 Y119.359 E198.86847
G1 X114.926 Y119.834 E198.88838
G1 X115.369 Y120.243 E198.90843
G1 X115.884 Y120.574 E198.92879
G1 X116.439 Y120.806 E198.9488
G1 X117.029 Y120.938 E198.96891
G1 X117.5 Y120.96 E198.98459
G0 F9000 X117.5 Y121.36
;TYPE:WALL-OUTER
G1 F600 X117.648 Y121.367 E198.98952
G1 X118.317 Y121.283 E199.01194
G1 X118.963 Y121.082 E199.03445
G1 X119.568 Y120.77 E199.05709
G1 X120.1 Y120.363 E199.07937
G1 X120.557 Y119.868 E199.10177
G1 X120.926 Y119.298 E199.12436
G1 X121.184 Y118.679 E199.14666
G1 X121.332 Y118.021 E199.16909
G1 X121.363 Y117.345 E199.1916
G1 X121.279 Y116.675 E199.21406
G1 X121.078 Y116.029 E199.23656
G1 X120.766 Y115.424 E199.2592
G1 X120.359 Y114.892 E199.28148
G1 X119.865 Y114.435 E199.30386
G1 X119.294 Y114.07 E199.3264
G1 X118.674 Y113.808 E199.34879
G1 X118.017 Y113.66 E199.37119
G1 X117.341 Y113.629 E199.3937
G1 X116.672 Y113.717 E199.41614
G1 X116.024 Y113.918 E199.43871
G1 X115.419 Y114.226 E199.46129
G1 X114.888 Y114.633 E199.48354
G1 X114.432 Y115.127 E199.5059
G1 X114.066 Y115.702 E199.52857
G1 X113.804 Y116.322 E199.55096
G1 X113.656 Y116.979 E199.57336
G1 X113.625 Y117.651 E199.59573
G1 X113.713 Y118.32 E199.61817
G1 X113.914 Y118.968 E199.64074
G1 X114.222 Y119.573 E199.66332
G1 X114.629 Y120.104 E199.68557
G1 X115.123 Y120.561 E199.70795
G1 X115.698 Y120.93 E199.73068
G1 X116.317 Y121.188 E199.75298
G1 X116.975 Y121.336 E199.77541
G1 X117.5 Y121.36 E199.79289
G0 F9000 X117.088 Y120.86
;TYPE:FILL
G1 F600 X114.144 Y117.916 E199.93137
G0 F9000 X114.132 Y117.096
G1 F600 X117.081 Y114.147 E200.07008
G0 F9000 X117.908 Y114.136
G1 F600 X120.846 Y117.074 E200.20828
G0 F9000 X120.855 Y117.916
G1 F600 X117.923 Y120.849 E200.34621
G0 F9000 X117.895 Y120.623
G0 X119.72 Y119.733
G0 X119.887 Y119.887
G1 F600 X115.105 Y115.105 E200.57114
G0 F9000 X115.276 Y115.263
G0 X119.733 Y115.28
G0 X119.889 Y115.111
G1 F600 X115.106 Y119.893 E200.7961
G0 F9000 X115.467 Y119.503
;MESH:NONMESH
G0 F300 X115.467 Y119.503 Z12.6
G0 F9000 X117.515 Y120.655
G0 X117.5 Y120.96
;TIME_ELAPSED:671.877077
;LAYER:62
;note -- min layer time used
;TYPE:WALL-INNER
;MESH:FT09-Input Shaft.stl
G1 F600 X117.632 Y120.966 E200.80049
G1 X118.232 Y120.891 E200.8206
G1 X118.811 Y120.71 E200.84078
G1 X119.353 Y120.431 E200.86106
G1 X119.83 Y120.066 E200.88103
G1 X120.24 Y119.622 E200.90113
G1 X120.57 Y119.111 E200.92137
G1 X120.802 Y118.557 E200.94134
G1 X120.934 Y117.967 E200.96145
G1 X120.962 Y117.361 E200.98163
G1 X120.887 Y116.76 E201.00177
G1 X120.706 Y116.181 E201.02195
G1 X120.427 Y115.639 E201.04222
G1 X120.062 Y115.162 E201.0622
G1 X119.619 Y114.753 E201.08226
G1 X119.107 Y114.425 E201.10248
G1 X118.551 Y114.19 E201.12256
G1 X117.963 Y114.058 E201.1426
G1 X117.358 Y114.03 E201.16274
G1 X116.758 Y114.109 E201.18287
G1 X116.176 Y114.29 E201.20314
G1 X115.633 Y114.566 E201.2234
G1 X115.158 Y114.93 E201.24331
G1 X114.75 Y115.372 E201.26331
G1 X114.422 Y115.888 E201.28365
G1 X114.186 Y116.445 E201.30377
G1 X114.054 Y117.033 E201.32381
G1 X114.026 Y117.634 E201.34382
G1 X114.105 Y118.234 E201.36395
G1 X114.286 Y118.816 E201.38422
G1 X114.562 Y119.359 E201.40448
G1 X114.926 Y119.834 E201.42439
G1 X115.369 Y120.243 E201.44444
G1 X115.884 Y120.574 E201.4648
G1 X116.439 Y120.806 E201.48481
G1 X117.029 Y120.938 E201.50492
G1 X117.5 Y120.96 E201.5206
G0 F9000 X117.5 Y121.36
;TYPE:WALL-OUTER
G1 F600 X117.648 Y121.367 E201.52553
G1 X118.317 Y121.283 E201.54796
G1 X118.963 Y121.082 E201.57046
G1 X119.568 Y120.77 E201.5931
G1 X120.1 Y120.363 E201.61538
G1 X120.557 Y119.868 E201.63778
G1 X120.926 Y119.298 E201.66037
G1 X121.184 Y118.679 E201.68267
G1 X121.332 Y118.021 E201.70511
G1 X121.363 Y117.345 E201.72761
G1 X121.279 Y116.675 E201.75007
G1 X121.078 Y116.029 E201.77257
G1 X120.766 Y115.424 E201.79521
G1 X120.359 Y114.892 E201.81749
G1 X119.865 Y114.435 E201.83988
G1 X119.294 Y114.07 E201.86242
G1 X118.674 Y113.808 E201.8848
G1 X118.017 Y113.66 E201.9072
G1 X117.341 Y113.629 E201.92971
G1 X116.672 Y113.717 E201.95215
G1 X116.024 Y113.918 E201.97472
G1 X115.419 Y114.226 E201.9973
G1 X114.888 Y114.633 E202.01955
G1 X114.432 Y115.127 E202.04191
G1 X114.066 Y115.702 E202.06458
G1 X113.804 Y116.322 E202.08697
G1 X113.656 Y116.979 E202.10937
G1 X113.625 Y117.651 E202.13174
G1 X113.713 Y118.32 E202.15418
G1 X113.914 Y118.968 E202.17675
G1 X114.222 Y119.573 E202.19933
G1 X114.629 Y120.104 E202.22158
G1 X115.123 Y120.561 E202.24397
G1 X115.698 Y120.93 E202.26669
G1 X116.317 Y121.188 E202.28899
G1 X116.975 Y121.336 E202.31143
G1 X117.5 Y121.36 E202.32891
G0 F9000 X117.088 Y120.86
;TYPE:FILL
G1 F600 X114.144 Y117.916 E202.46738
G0 F9000 X114.132 Y117.096
G1 F600 X117.081 Y114.147 E202.60609
G0 F9000 X117.908 Y114.136
G1 F600 X120.846 Y117.074 E202.74429
G0 F9000 X120.855 Y117.916
G1 F600 X117.923 Y120.849 E202.88222
G0 F9000 X117.895 Y120.623
G0 X119.72 Y119.733
G0 X119.887 Y119.887
G1 F600 X115.105 Y115.105 E203.10716
G0 F9000 X115.276 Y115.263
G0 X119.733 Y115.28
G0 X119.889 Y115.111
G1 F600 X115.106 Y119.893 E203.33211
G0 F9000 X115.467 Y119.503
;MESH:NONMESH
G0 F300 X115.467 Y119.503 Z12.8
G0 F9000 X117.515 Y120.655
G0 X117.5 Y120.96
;TIME_ELAPSED:680.457609
;LAYER:63
;note -- min layer time used
;TYPE:WALL-INNER
;MESH:FT09-Input Shaft.stl
G1 F600 X117.632 Y120.966 E203.3365
G1 X118.232 Y120.891 E203.35662
G1 X118.811 Y120.71 E203.37679
G1 X119.353 Y120.431 E203.39707
G1 X119.83 Y120.066 E203.41704
G1 X120.24 Y119.622 E203.43715
G1 X120.57 Y119.111 E203.45738
G1 X120.802 Y118.557 E203.47735
G1 X120.934 Y117.967 E203.49746
G1 X120.962 Y117.361 E203.51764
G1 X120.887 Y116.76 E203.53778
G1 X120.706 Y116.181 E203.55796
G1 X120.427 Y115.639 E203.57824
G1 X120.062 Y115.162 E203.59821
G1 X119.619 Y114.753 E203.61827
G1 X119.107 Y114.425 E203.63849
G1 X118.551 Y114.19 E203.65857
G1 X117.963 Y114.058 E203.67861
G1 X117.358 Y114.03 E203.69875
G1 X116.758 Y114.109 E203.71888
G1 X116.176 Y114.29 E203.73915
G1 X115.633 Y114.566 E203.75941
G1 X115.158 Y114.93 E203.77932
G1 X114.75 Y115.372 E203.79932
G1 X114.422 Y115.888 E203.81966
G1 X114.186 Y116.445 E203.83978
G1 X114.054 Y117.033 E203.85982
G1 X114.026 Y117.634 E203.87984
G1 X114.105 Y118.234 E203.89996
G1 X114.286 Y118.816 E203.92024
G1 X114.562 Y119.359 E203.9405
G1 X114.926 Y119.834 E203.9604
G1 X115.369 Y120.243 E203.98045
G1 X115.884 Y120.574 E204.00081
G1 X116.439 Y120.806 E204.02082
G1 X117.029 Y120.938 E204.04093
G1 X117.5 Y120.96 E204.05661
G0 F9000 X117.5 Y121.36
;TYPE:WALL-OUTER
G1 F600 X117.648 Y121.367 E204.06154
G1 X118.317 Y121.283 E204.08397
G1 X118.963 Y121.082 E204.10647
G1 X119.568 Y120.77 E204.12911
G1 X120.1 Y120.363 E204.15139
G1 X120.557 Y119.868 E204.1738
G1 X120.926 Y119.298 E204.19638
G1 X121.184 Y118.679 E204.21868
G1 X121.332 Y118.021 E204.24112
G1 X121.363 Y117.345 E204.26362
G1 X121.279 Y116.675 E204.28608
G1 X121.078 Y116.029 E204.30858
G1 X120.766 Y115.424 E204.33123
G1 X120.359 Y114.892 E204.3535
G1 X119.865 Y114.435 E204.37589
G1 X119.294 Y114.07 E204.39843
G1 X118.674 Y113.808 E204.42081
G1 X118.017 Y113.66 E204.44321
G1 X117.341 Y113.629 E204.46572
G1 X116.672 Y113.717 E204.48816
G1 X116.024 Y113.918 E204.51073
G1 X115.419 Y114.226 E204.53331
G1 X114.888 Y114.633 E204.55556
G1 X114.432 Y115.127 E204.57792
G1 X114.066 Y115.702 E204.60059
G1 X113.804 Y116.322 E204.62298
G1 X113.656 Y116.979 E204.64538
G1 X113.625 Y117.651 E204.66775
G1 X113.713 Y118.32 E204.6902
G1 X113.914 Y118.968 E204.71276
G1 X114.222 Y119.573 E204.73534
G1 X114.629 Y120.104 E204.75759
G1 X115.123 Y120.561 E204.77998
G1 X115.698 Y120.93 E204.8027
G1 X116.317 Y121.188 E204.825
G1 X116.975 Y121.336 E204.84744
G1 X117.5 Y121.36 E204.86492
G0 F9000 X117.088 Y120.86
;TYPE:FILL
G1 F600 X114.144 Y117.916 E205.00339
G0 F9000 X114.132 Y117.096
G1 F600 X117.081 Y114.147 E205.14211
G0 F9000 X117.908 Y114.136
G1 F600 X120.846 Y117.074 E205.2803
G0 F9000 X120.855 Y117.916
G1 F600 X117.923 Y120.849 E205.41824
G0 F9000 X117.895 Y120.623
G0 X119.72 Y119.733
G0 X119.887 Y119.887
G1 F600 X115.105 Y115.105 E205.64317
G0 F9000 X115.276 Y115.263
G0 X119.733 Y115.28
G0 X119.889 Y115.111
G1 F600 X115.106 Y119.893 E205.86812
G0 F9000 X115.467 Y119.503
;MESH:NONMESH
G0 F300 X115.467 Y119.503 Z13
G0 F9000 X117.515 Y120.655
G0 X117.5 Y120.96
;TIME_ELAPSED:689.038141
;LAYER:64
;note -- min layer time used
;TYPE:WALL-INNER
;MESH:FT09-Input Shaft.stl
G1 F600 X117.632 Y120.966 E205.87252
G1 X118.232 Y120.891 E205.89263
G1 X118.811 Y120.71 E205.9128
G1 X119.353 Y120.431 E205.93308
G1 X119.83 Y120.066 E205.95306
G1 X120.24 Y119.622 E205.97316
G1 X120.57 Y119.111 E205.99339
G1 X120.802 Y118.557 E206.01336
G1 X120.934 Y117.967 E206.03347
G1 X120.962 Y117.361 E206.05365
G1 X120.887 Y116.76 E206.07379
G1 X120.706 Y116.181 E206.09397
G1 X120.427 Y115.639 E206.11425
G1 X120.062 Y115.162 E206.13422
G1 X119.619 Y114.753 E206.15428
G1 X119.107 Y114.425 E206.1745
G1 X118.551 Y114.19 E206.19458
G1 X117.963 Y114.058 E206.21462
G1 X117.358 Y114.03 E206.23477
G1 X116.758 Y114.109 E206.25489
G1 X116.176 Y114.29 E206.27517
G1 X115.633 Y114.566 E206.29542
G1 X115.158 Y114.93 E206.31533
G1 X114.75 Y115.372 E206.33534
G1 X114.422 Y115.888 E206.35567
G1 X114.186 Y116.445 E206.37579
G1 X114.054 Y117.033 E206.39584
G1 X114.026 Y117.634 E206.41585
G1 X114.105 Y118.234 E206.43597
G1 X114.286 Y118.816 E206.45625
G1 X114.562 Y119.359 E206.47651
G1 X114.926 Y119.834 E206.49641
G1 X115.369 Y120.243 E206.51646
G1 X115.884 Y120.574 E206.53683
G1 X116.439 Y120.806 E206.55683
G1 X117.029 Y120.938 E206.57694
G1 X117.5 Y120.96 E206.59262
G0 F9000 X117.5 Y121.36
;TYPE:WALL-OUTER
G1 F600 X117.648 Y121.367 E206.59755
G1 X118.317 Y121.283 E206.61998
G1 X118.963 Y121.082 E206.64248
G1 X119.568 Y120.77 E206.66512
G1 X120.1 Y120.363 E206.6874
G1 X120.557 Y119.868 E206.70981
G1 X120.926 Y119.298 E206.73239
G1 X121.184 Y118.679 E206.7547
G1 X121.332 Y118.021 E206.77713
G1 X121.363 Y117.345 E206.79963
G1 X121.279 Y116.675 E206.82209
G1 X121.078 Y116.029 E206.8446
G1 X120.766 Y115.424 E206.86724
G1 X120.359 Y114.892 E206.88951
G1 X119.865 Y114.435 E206.9119
G1 X119.294 Y114.07 E206.93444
G1 X118.674 Y113.808 E206.95682
G1 X118.017 Y113.66 E206.97922
G1 X117.341 Y113.629 E207.00173
G1 X116.672 Y113.717 E207.02417
G1 X116.024 Y113.918 E207.04674
G1 X115.419 Y114.226 E207.06932
G1 X114.888 Y114.633 E207.09157
G1 X114.432 Y115.127 E207.11393
G1 X114.066 Y115.702 E207.1366
G1 X113.804 Y116.322 E207.15899
G1 X113.656 Y116.979 E207.18139
G1 X113.625 Y117.651 E207.20376
G1 X113.713 Y118.32 E207.22621
G1 X113.914 Y118.968 E207.24877
G1 X114.222 Y119.573 E207.27135
G1 X114.629 Y120.104 E207.2936
G1 X115.123 Y120.561 E207.31599
G1 X115.698 Y120.93 E207.33871
G1 X116.317 Y121.188 E207.36102
G1 X116.975 Y121.336 E207.38345
G1 X117.5 Y121.36 E207.40093
G0 F9000 X117.088 Y120.86
;TYPE:FILL
G1 F600 X114.144 Y117.916 E207.5394
G0 F9000 X114.132 Y117.096
G1 F600 X117.081 Y114.147 E207.67812
G0 F9000 X117.908 Y114.136
G1 F600 X120.846 Y117.074 E207.81631
G0 F9000 X120.855 Y117.916
G1 F600 X117.923 Y120.849 E207.95425
G0 F9000 X117.895 Y120.623
G0 X119.72 Y119.733
G0 X119.887 Y119.887
G1 F600 X115.105 Y115.105 E208.17918
G0 F9000 X115.276 Y115.263
G0 X119.733 Y115.28
G0 X119.889 Y115.111
G1 F600 X115.106 Y119.893 E208.40413
G0 F9000 X115.467 Y119.503
;MESH:NONMESH
G0 F300 X115.467 Y119.503 Z13.2
G0 F9000 X117.515 Y120.655
G0 X117.5 Y120.96
;TIME_ELAPSED:697.618674
;LAYER:65
;note -- min layer time used
;TYPE:WALL-INNER
;MESH:FT09-Input Shaft.stl
G1 F600 X117.632 Y120.966 E208.40853
G1 X118.232 Y120.891 E208.42864
G1 X118.811 Y120.71 E208.44881
G1 X119.353 Y120.431 E208.46909
G1 X119.83 Y120.066 E208.48907
G1 X120.24 Y119.622 E208.50917
G1 X120.57 Y119.111 E208.5294
G1 X120.802 Y118.557 E208.54938
G1 X120.934 Y117.967 E208.56948
G1 X120.962 Y117.361 E208.58966
G1 X120.887 Y116.76 E208.60981
G1 X120.706 Y116.181 E208.62998
G1 X120.427 Y115.639 E208.65026
G1 X120.062 Y115.162 E208.67023
G1 X119.619 Y114.753 E208.69029
G1 X119.107 Y114.425 E208.71051
G1 X118.551 Y114.19 E208.73059
G1 X117.963 Y114.058 E208.75063
G1 X117.358 Y114.03 E208.77078
G1 X116.758 Y114.109 E208.7909
G1 X116.176 Y114.29 E208.81118
G1 X115.633 Y114.566 E208.83144
G1 X115.158 Y114.93 E208.85134
G1 X114.75 Y115.372 E208.87135
G1 X114.422 Y115.888 E208.89168
G1 X114.186 Y116.445 E208.9118
G1 X114.054 Y117.033 E208.93185
G1 X114.026 Y117.634 E208.95186
G1 X114.105 Y118.234 E208.97199
G1 X114.286 Y118.816 E208.99226
G1 X114.562 Y119.359 E209.01252
G1 X114.926 Y119.834 E209.03242
G1 X115.369 Y120.243 E209.05247
G1 X115.884 Y120.574 E209.07284
G1 X116.439 Y120.806 E209.09284
G1 X117.029 Y120.938 E209.11295
G1 X117.5 Y120.96 E209.12863
G0 F9000 X117.5 Y121.36
;TYPE:WALL-OUTER
G1 F600 X117.648 Y121.367 E209.13356
G1 X118.317 Y121.283 E209.15599
G1 X118.963 Y121.082 E209.17849
G1 X119.568 Y120.77 E209.20113
G1 X120.1 Y120.363 E209.22341
G1 X120.557 Y119.868 E209.24582
G1 X120.926 Y119.298 E209.2684
G1 X121.184 Y118.679 E209.29071
G1 X121.332 Y118.021 E209.31314
G1 X121.363 Y117.345 E209.33565
G1 X121.279 Y116.675 E209.3581
G1 X121.078 Y116.029 E209.38061
G1 X120.766 Y115.424 E209.40325
G1 X120.359 Y114.892 E209.42553
G1 X119.865 Y114.435 E209.44791
G1 X119.294 Y114.07 E209.47045
G1 X118.674 Y113.808 E209.49284
G1 X118.017 Y113.66 E209.51524
G1 X117.341 Y113.629 E209.53774
G1 X116.672 Y113.717 E209.56019
G1 X116.024 Y113.918 E209.58275
G1 X115.419 Y114.226 E209.60533
G1 X114.888 Y114.633 E209.62758
G1 X114.432 Y115.127 E209.64994
G1 X114.066 Y115.702 E209.67261
G1 X113.804 Y116.322 E209.695
G1 X113.656 Y116.979 E209.7174
G1 X113.625 Y117.651 E209.73977
G1 X113.713 Y118.32 E209.76222
G1 X113.914 Y118.968 E209.78478
G1 X114.222 Y119.573 E209.80736
G1 X114.629 Y120.104 E209.82962
G1 X115.123 Y120.561 E209.852
G1 X115.698 Y120.93 E209.87472
G1 X116.317 Y121.188 E209.89703
G1 X116.975 Y121.336 E209.91946
G1 X117.5 Y121.36 E209.93694
G0 F9000 X117.088 Y120.86
;TYPE:FILL
G1 F600 X114.144 Y117.916 E210.07542
G0 F9000 X114.132 Y117.096
G1 F600 X117.081 Y114.147 E210.21413
G0 F9000 X117.908 Y114.136
G1 F600 X120.846 Y117.074 E210.35232
G0 F9000 X120.855 Y117.916
G1 F600 X117.923 Y120.849 E210.49026
G0 F9000 X117.895 Y120.623
G0 X119.72 Y119.733
G0 X119.887 Y119.887
G1 F600 X115.105 Y115.105 E210.71519
G0 F9000 X115.276 Y115.263
G0 X119.733 Y115.28
G0 X119.889 Y115.111
G1 F600 X115.106 Y119.893 E210.94014
G0 F9000 X115.467 Y119.503
;MESH:NONMESH
G0 F300 X115.467 Y119.503 Z13.4
G0 F9000 X117.515 Y120.655
G0 X117.5 Y120.96
;TIME_ELAPSED:706.199206
;LAYER:66
;note -- min layer time used
;TYPE:WALL-INNER
;MESH:FT09-Input Shaft.stl
G1 F600 X117.632 Y120.966 E210.94454
G1 X118.232 Y120.891 E210.96465
G1 X118.811 Y120.71 E210.98483
G1 X119.353 Y120.431 E211.0051
G1 X119.83 Y120.066 E211.02508
G1 X120.24 Y119.622 E211.04518
G1 X120.57 Y119.111 E211.06541
G1 X120.802 Y118.557 E211.08539
G1 X120.934 Y117.967 E211.1055
G1 X120.962 Y117.361 E211.12567
G1 X120.887 Y116.76 E211.14582
G1 X120.706 Y116.181 E211.16599
G1 X120.427 Y115.639 E211.18627
G1 X120.062 Y115.162 E211.20625
G1 X119.619 Y114.753 E211.2263
G1 X119.107 Y114.425 E211.24652
G1 X118.551 Y114.19 E211.2666
G1 X117.963 Y114.058 E211.28664
G1 X117.358 Y114.03 E211.30679
G1 X116.758 Y114.109 E211.32692
G1 X116.176 Y114.29 E211.34719
G1 X115.633 Y114.566 E211.36745
G1 X115.158 Y114.93 E211.38735
G1 X114.75 Y115.372 E211.40736
G1 X114.422 Y115.888 E211.42769
G1 X114.186 Y116.445 E211.44781
G1 X114.054 Y117.033 E211.46786
G1 X114.026 Y117.634 E211.48787
G1 X114.105 Y118.234 E211.508
G1 X114.286 Y118.816 E211.52827
G1 X114.562 Y119.359 E211.54853
G1 X114.926 Y119.834 E211.56843
G1 X115.369 Y120.243 E211.58849
G1 X115.884 Y120.574 E211.60885
G1 X116.439 Y120.806 E211.62885
G1 X117.029 Y120.938 E211.64896
G1 X117.5 Y120.96 E211.66465
G0 F9000 X117.5 Y121.36
;TYPE:WALL-OUTER
G1 F600 X117.648 Y121.367 E211.66957
G1 X118.317 Y121.283 E211.692
G1 X118.963 Y121.082 E211.7145
G1 X119.568 Y120.77 E211.73714
G1 X120.1 Y120.363 E211.75942
G1 X120.557 Y119.868 E211.78183
G1 X120.926 Y119.298 E211.80441
G1 X121.184 Y118.679 E211.82672
G1 X121.332 Y118.021 E211.84915
G1 X121.363 Y117.345 E211.87166
G1 X121.279 Y116.675 E211.89412
G1 X121.078 Y116.029 E211.91662
G1 X120.766 Y115.424 E211.93926
G1 X120.359 Y114.892 E211.96154
G1 X119.865 Y114.435 E211.98392
G1 X119.294 Y114.07 E212.00646
G1 X118.674 Y113.808 E212.02885
G1 X118.017 Y113.66 E212.05125
G1 X117.341 Y113.629 E212.07375
G1 X116.672 Y113.717 E212.0962
G1 X116.024 Y113.918 E212.11876
G1 X115.419 Y114.226 E212.14134
G1 X114.888 Y114.633 E212.16359
G1 X114.432 Y115.127 E212.18595
G1 X114.066 Y115.702 E212.20862
G1 X113.804 Y116.322 E212.23101
G1 X113.656 Y116.979 E212.25341
G1 X113.625 Y117.651 E212.27579
G1 X113.713 Y118.32 E212.29823
G1 X113.914 Y118.968 E212.32079
G1 X114.222 Y119.573 E212.34337
G1 X114.629 Y120.104 E212.36563
G1 X115.123 Y120.561 E212.38801
G1 X115.698 Y120.93 E212.41073
G1 X116.317 Y121.188 E212.43304
G1 X116.975 Y121.336 E212.45547
G1 X117.5 Y121.36 E212.47295
G0 F9000 X117.088 Y120.86
;TYPE:FILL
G1 F600 X114.144 Y117.916 E212.61143
G0 F9000 X114.132 Y117.096
G1 F600 X117.081 Y114.147 E212.75014
G0 F9000 X117.908 Y114.136
G1 F600 X120.846 Y117.074 E212.88833
G0 F9000 X120.855 Y117.916
G1 F600 X117.923 Y120.849 E213.02627
G0 F9000 X117.895 Y120.623
G0 X119.72 Y119.733
G0 X119.887 Y119.887
G1 F600 X115.105 Y115.105 E213.2512
G0 F9000 X115.276 Y115.263
G0 X119.733 Y115.28
G0 X119.889 Y115.111
G1 F600 X115.106 Y119.893 E213.47615
G0 F9000 X115.467 Y119.503
;MESH:NONMESH
G0 F300 X115.467 Y119.503 Z13.6
G0 F9000 X117.515 Y120.655
G0 X117.5 Y120.96
;TIME_ELAPSED:714.779738
;LAYER:67
;note -- min layer time used
;TYPE:WALL-INNER
;MESH:FT09-Input Shaft.stl
G1 F600 X117.632 Y120.966 E213.48055
G1 X118.232 Y120.891 E213.50066
G1 X118.811 Y120.71 E213.52084
G1 X119.353 Y120.431 E213.54111
G1 X119.83 Y120.066 E213.56109
G1 X120.24 Y119.622 E213.58119
G1 X120.57 Y119.111 E213.60142
G1 X120.802 Y118.557 E213.6214
G1 X120.934 Y117.967 E213.64151
G1 X120.962 Y117.361 E213.66168
G1 X120.887 Y116.76 E213.68183
G1 X120.706 Y116.181 E213.702
G1 X120.427 Y115.639 E213.72228
G1 X120.062 Y115.162 E213.74226
G1 X119.619 Y114.753 E213.76231
G1 X119.107 Y114.425 E213.78253
G1 X118.551 Y114.19 E213.80261
G1 X117.963 Y114.058 E213.82265
G1 X117.358 Y114.03 E213.8428
G1 X116.758 Y114.109 E213.86293
G1 X116.176 Y114.29 E213.8832
G1 X115.633 Y114.566 E213.90346
G1 X115.158 Y114.93 E213.92336
G1 X114.75 Y115.372 E213.94337
G1 X114.422 Y115.888 E213.9637
G1 X114.186 Y116.445 E213.98382
G1 X114.054 Y117.033 E214.00387
G1 X114.026 Y117.634 E214.02388
G1 X114.105 Y118.234 E214.04401
G1 X114.286 Y118.816 E214.06428
G1 X114.562 Y119.359 E214.08454
G1 X114.926 Y119.834 E214.10444
G1 X115.369 Y120.243 E214.1245
G1 X115.884 Y120.574 E214.14486
G1 X116.439 Y120.806 E214.16487
G1 X117.029 Y120.938 E214.18497
G1 X117.5 Y120.96 E214.20066
G0 F9000 X117.5 Y121.36
;TYPE:WALL-OUTER
G1 F600 X117.648 Y121.367 E214.20558
G1 X118.317 Y121.283 E214.22801
G1 X118.963 Y121.082 E214.25051
G1 X119.568 Y120.77 E214.27315
G1 X120.1 Y120.363 E214.29543
G1 X120.557 Y119.868 E214.31784
G1 X120.926 Y119.298 E214.34042
G1 X121.184 Y118.679 E214.36273
G1 X121.332 Y118.021 E214.38516
G1 X121.363 Y117.345 E214.40767
G1 X121.279 Y116.675 E214.43013
G1 X121.078 Y116.029 E214.45263
G1 X120.766 Y115.424 E214.47527
G1 X120.359 Y114.892 E214.49755
G1 X119.865 Y114.435 E214.51993
G1 X119.294 Y114.07 E214.54247
G1 X118.674 Y113.808 E214.56486
G1 X118.017 Y113.66 E214.58726
G1 X117.341 Y113.629 E214.60976
G1 X116.672 Y113.717 E214.63221
G1 X116.024 Y113.918 E214.65477
G1 X115.419 Y114.226 E214.67735
G1 X114.888 Y114.633 E214.69961
G1 X114.432 Y115.127 E214.72197
G1 X114.066 Y115.702 E214.74464
G1 X113.804 Y116.322 E214.76702
G1 X113.656 Y116.979 E214.78942
G1 X113.625 Y117.651 E214.8118
G1 X113.713 Y118.32 E214.83424
G1 X113.914 Y118.968 E214.85681
G1 X114.222 Y119.573 E214.87938
G1 X114.629 Y120.104 E214.90164
G1 X115.123 Y120.561 E214.92402
G1 X115.698 Y120.93 E214.94674
G1 X116.317 Y121.188 E214.96905
G1 X116.975 Y121.336 E214.99148
G1 X117.5 Y121.36 E215.00896
G0 F9000 X117.088 Y120.86
;TYPE:FILL
G1 F600 X114.144 Y117.916 E215.14744
G0 F9000 X114.132 Y117.096
G1 F600 X117.081 Y114.147 E215.28615
G0 F9000 X117.908 Y114.136
G1 F600 X120.846 Y117.074 E215.42434
G0 F9000 X120.855 Y117.916
G1 F600 X117.923 Y120.849 E215.56228
G0 F9000 X117.895 Y120.623
G0 X119.72 Y119.733
G0 X119.887 Y119.887
G1 F600 X115.105 Y115.105 E215.78721
G0 F9000 X115.276 Y115.263
G0 X119.733 Y115.28
G0 X119.889 Y115.111
G1 F600 X115.106 Y119.893 E216.01216
G0 F9000 X115.467 Y119.503
;MESH:NONMESH
G0 F300 X115.467 Y119.503 Z13.8
G0 F9000 X117.515 Y120.655
G0 X117.5 Y120.96
;TIME_ELAPSED:723.360270
;LAYER:68
;note -- min layer time used
;TYPE:WALL-INNER
;MESH:FT09-Input Shaft.stl
G1 F600 X117.632 Y120.966 E216.01656
G1 X118.232 Y120.891 E216.03667
G1 X118.811 Y120.71 E216.05685
G1 X119.353 Y120.431 E216.07712
G1 X119.83 Y120.066 E216.0971
G1 X120.24 Y119.622 E216.1172
G1 X120.57 Y119.111 E216.13743
G1 X120.802 Y118.557 E216.15741
G1 X120.934 Y117.967 E216.17752
G1 X120.962 Y117.361 E216.19769
G1 X120.887 Y116.76 E216.21784
G1 X120.706 Y116.181 E216.23802
G1 X120.427 Y115.639 E216.25829
G1 X120.062 Y115.162 E216.27827
G1 X119.619 Y114.753 E216.29832
G1 X119.107 Y114.425 E216.31855
G1 X118.551 Y114.19 E216.33862
G1 X117.963 Y114.058 E216.35867
G1 X117.358 Y114.03 E216.37881
G1 X116.758 Y114.109 E216.39894
G1 X116.176 Y114.29 E216.41921
G1 X115.633 Y114.566 E216.43947
G1 X115.158 Y114.93 E216.45937
G1 X114.75 Y115.372 E216.47938
G1 X114.422 Y115.888 E216.49972
G1 X114.186 Y116.445 E216.51984
G1 X114.054 Y117.033 E216.53988
G1 X114.026 Y117.634 E216.55989
G1 X114.105 Y118.234 E216.58002
G1 X114.286 Y118.816 E216.60029
G1 X114.562 Y119.359 E216.62055
G1 X114.926 Y119.834 E216.64045
G1 X115.369 Y120.243 E216.66051
G1 X115.884 Y120.574 E216.68087
G1 X116.439 Y120.806 E216.70088
G1 X117.029 Y120.938 E216.72099
G1 X117.5 Y120.96 E216.73667
G0 F9000 X117.5 Y121.36
;TYPE:WALL-OUTER
G1 F600 X117.648 Y121.367 E216.7416
G1 X118.317 Y121.283 E216.76402
G1 X118.963 Y121.082 E216.78652
G1 X119.568 Y120.77 E216.80916
G1 X120.1 Y120.363 E216.83144
G1 X120.557 Y119.868 E216.85385
G1 X120.926 Y119.298 E216.87643
G1 X121.184 Y118.679 E216.89874
G1 X121.332 Y118.021 E216.92117
G1 X121.363 Y117.345 E216.94368
G1 X121.279 Y116.675 E216.96614
G1 X121.078 Y116.029 E216.98864
G1 X120.766 Y115.424 E217.01128
G1 X120.359 Y114.892 E217.03356
G1 X119.865 Y114.435 E217.05594
G1 X119.294 Y114.07 E217.07848
G1 X118.674 Y113.808 E217.10087
G1 X118.017 Y113.66 E217.12327
G1 X117.341 Y113.629 E217.14578
G1 X116.672 Y113.717 E217.16822
G1 X116.024 Y113.918 E217.19078
G1 X115.419 Y114.226 E217.21336
G1 X114.888 Y114.633 E217.23562
G1 X114.432 Y115.127 E217.25798
G1 X114.066 Y115.702 E217.28065
G1 X113.804 Y116.322 E217.30303
G1 X113.656 Y116.979 E217.32543
G1 X113.625 Y117.651 E217.34781
G1 X113.713 Y118.32 E217.37025
G1 X113.914 Y118.968 E217.39282
G1 X114.222 Y119.573 E217.4154
G1 X114.629 Y120.104 E217.43765
G1 X115.123 Y120.561 E217.46003
G1 X115.698 Y120.93 E217.48276
G1 X116.317 Y121.188 E217.50506
G1 X116.975 Y121.336 E217.52749
G1 X117.5 Y121.36 E217.54497
G0 F9000 X117.088 Y120.86
;TYPE:FILL
G1 F600 X114.144 Y117.916 E217.68345
G0 F9000 X114.132 Y117.096
G1 F600 X117.081 Y114.147 E217.82216
G0 F9000 X117.908 Y114.136
G1 F600 X120.846 Y117.074 E217.96035
G0 F9000 X120.855 Y117.916
G1 F600 X117.923 Y120.849 E218.09829
G0 F9000 X117.895 Y120.623
G0 X119.72 Y119.733
G0 X119.887 Y119.887
G1 F600 X115.105 Y115.105 E218.32322
G0 F9000 X115.276 Y115.263
G0 X119.733 Y115.28
G0 X119.889 Y115.111
G1 F600 X115.106 Y119.893 E218.54818
G0 F9000 X115.467 Y119.503
;MESH:NONMESH
G0 F300 X115.467 Y119.503 Z14
G0 F9000 X117.515 Y120.655
G0 X117.5 Y120.96
;TIME_ELAPSED:731.940802
;LAYER:69
;note -- min layer time used
;TYPE:WALL-INNER
;MESH:FT09-Input Shaft.stl
G1 F600 X117.632 Y120.966 E218.55257
G1 X118.232 Y120.891 E218.57268
G1 X118.811 Y120.71 E218.59286
G1 X119.353 Y120.431 E218.61313
G1 X119.83 Y120.066 E218.63311
G1 X120.24 Y119.622 E218.65321
G1 X120.57 Y119.111 E218.67344
G1 X120.802 Y118.557 E218.69342
G1 X120.934 Y117.967 E218.71353
G1 X120.962 Y117.361 E218.73371
G1 X120.887 Y116.76 E218.75385
G1 X120.706 Y116.181 E218.77403
G1 X120.427 Y115.639 E218.7943
G1 X120.062 Y115.162 E218.81428
G1 X119.619 Y114.753 E218.83433
G1 X119.107 Y114.425 E218.85456
G1 X118.551 Y114.19 E218.87463
G1 X117.963 Y114.058 E218.89468
G1 X117.358 Y114.03 E218.91482
G1 X116.758 Y114.109 E218.93495
G1 X116.176 Y114.29 E218.95522
G1 X115.633 Y114.566 E218.97548
G1 X115.158 Y114.93 E218.99538
G1 X114.75 Y115.372 E219.01539
G1 X114.422 Y115.888 E219.03573
G1 X114.186 Y116.445 E219.05585
G1 X114.054 Y117.033 E219.07589
G1 X114.026 Y117.634 E219.0959
G1 X114.105 Y118.234 E219.11603
G1 X114.286 Y118.816 E219.1363
G1 X114.562 Y119.359 E219.15656
G1 X114.926 Y119.834 E219.17646
G1 X115.369 Y120.243 E219.19652
G1 X115.884 Y120.574 E219.21688
G1 X116.439 Y120.806 E219.23689
G1 X117.029 Y120.938 E219.257
G1 X117.5 Y120.96 E219.27268
G0 F9000 X117.5 Y121.36
;TYPE:WALL-OUTER
G1 F600 X117.648 Y121.367 E219.27761
G1 X118.317 Y121.283 E219.30003
G1 X118.963 Y121.082 E219.32253
G1 X119.568 Y120.77 E219.34518
G1 X120.1 Y120.363 E219.36745
G1 X120.557 Y119.868 E219.38986
G1 X120.926 Y119.298 E219.41245
G1 X121.184 Y118.679 E219.43475
G1 X121.332 Y118.021 E219.45718
G1 X121.363 Y117.345 E219.47969
G1 X121.279 Y116.675 E219.50215
G1 X121.078 Y116.029 E219.52465
G1 X120.766 Y115.424 E219.54729
G1 X120.359 Y114.892 E219.56957
G1 X119.865 Y114.435 E219.59195
G1 X119.294 Y114.07 E219.61449
G1 X118.674 Y113.808 E219.63688
G1 X118.017 Y113.66 E219.65928
G1 X117.341 Y113.629 E219.68179
G1 X116.672 Y113.717 E219.70423
G1 X116.024 Y113.918 E219.72679
G1 X115.419 Y114.226 E219.74937
G1 X114.888 Y114.633 E219.77163
G1 X114.432 Y115.127 E219.79399
G1 X114.066 Y115.702 E219.81666
G1 X113.804 Y116.322 E219.83904
G1 X113.656 Y116.979 E219.86144
G1 X113.625 Y117.651 E219.88382
G1 X113.713 Y118.32 E219.90626
G1 X113.914 Y118.968 E219.92883
G1 X114.222 Y119.573 E219.95141
G1 X114.629 Y120.104 E219.97366
G1 X115.123 Y120.561 E219.99604
G1 X115.698 Y120.93 E220.01877
G1 X116.317 Y121.188 E220.04107
G1 X116.975 Y121.336 E220.0635
G1 X117.5 Y121.36 E220.08098
G0 F9000 X117.088 Y120.86
;TYPE:FILL
G1 F600 X114.144 Y117.916 E220.21946
G0 F9000 X114.132 Y117.096
G1 F600 X117.081 Y114.147 E220.35817
G0 F9000 X117.908 Y114.136
G1 F600 X120.846 Y117.074 E220.49637
G0 F9000 X120.855 Y117.916
G1 F600 X117.923 Y120.849 E220.6343
G0 F9000 X117.895 Y120.623
G0 X119.72 Y119.733
G0 X119.887 Y119.887
G1 F600 X115.105 Y115.105 E220.85923
G0 F9000 X115.276 Y115.263
G0 X119.733 Y115.28
G0 X119.889 Y115.111
G1 F600 X115.106 Y119.893 E221.08419
G0 F9000 X115.467 Y119.503
;MESH:NONMESH
G0 F300 X115.467 Y119.503 Z14.2
G0 F9000 X117.515 Y120.655
G0 X117.5 Y120.96
;TIME_ELAPSED:740.521334
;LAYER:70
;note -- min layer time used
;TYPE:WALL-INNER
;MESH:FT09-Input Shaft.stl
G1 F600 X117.632 Y120.966 E221.08858
G1 X118.232 Y120.891 E221.10869
G1 X118.811 Y120.71 E221.12887
G1 X119.353 Y120.431 E221.14914
G1 X119.83 Y120.066 E221.16912
G1 X120.24 Y119.622 E221.18922
G1 X120.57 Y119.111 E221.20945
G1 X120.802 Y118.557 E221.22943
G1 X120.934 Y117.967 E221.24954
G1 X120.962 Y117.361 E221.26972
G1 X120.887 Y116.76 E221.28986
G1 X120.706 Y116.181 E221.31004
G1 X120.427 Y115.639 E221.33031
G1 X120.062 Y115.162 E221.35029
G1 X119.619 Y114.753 E221.37034
G1 X119.107 Y114.425 E221.39057
G1 X118.551 Y114.19 E221.41064
G1 X117.963 Y114.058 E221.43069
G1 X117.358 Y114.03 E221.45083
G1 X116.758 Y114.109 E221.47096
G1 X116.176 Y114.29 E221.49123
G1 X115.633 Y114.566 E221.51149
G1 X115.158 Y114.93 E221.53139
G1 X114.75 Y115.372 E221.5514
G1 X114.422 Y115.888 E221.57174
G1 X114.186 Y116.445 E221.59186
G1 X114.054 Y117.033 E221.6119
G1 X114.026 Y117.634 E221.63191
G1 X114.105 Y118.234 E221.65204
G1 X114.286 Y118.816 E221.67231
G1 X114.562 Y119.359 E221.69257
G1 X114.926 Y119.834 E221.71248
G1 X115.369 Y120.243 E221.73253
G1 X115.884 Y120.574 E221.75289
G1 X116.439 Y120.806 E221.7729
G1 X117.029 Y120.938 E221.79301
G1 X117.5 Y120.96 E221.80869
G0 F9000 X117.5 Y121.36
;TYPE:WALL-OUTER
G1 F600 X117.648 Y121.367 E221.81362
G1 X118.317 Y121.283 E221.83604
G1 X118.963 Y121.082 E221.85855
G1 X119.568 Y120.77 E221.88119
G1 X120.1 Y120.363 E221.90346
G1 X120.557 Y119.868 E221.92587
G1 X120.926 Y119.298 E221.94846
G1 X121.184 Y118.679 E221.97076
G1 X121.332 Y118.021 E221.99319
G1 X121.363 Y117.345 E222.0157
G1 X121.279 Y116.675 E222.03816
G1 X121.078 Y116.029 E222.06066
G1 X120.766 Y115.424 E222.0833
G1 X120.359 Y114.892 E222.10558
G1 X119.865 Y114.435 E222.12796
G1 X119.294 Y114.07 E222.1505
G1 X118.674 Y113.808 E222.17289
G1 X118.017 Y113.66 E222.19529
G1 X117.341 Y113.629 E222.2178
G1 X116.672 Y113.717 E222.24024
G1 X116.024 Y113.918 E222.26281
G1 X115.419 Y114.226 E222.28539
G1 X114.888 Y114.633 E222.30764
G1 X114.432 Y115.127 E222.33
G1 X114.066 Y115.702 E222.35267
G1 X113.804 Y116.322 E222.37506
G1 X113.656 Y116.979 E222.39746
G1 X113.625 Y117.651 E222.41983
G1 X113.713 Y118.32 E222.44227
G1 X113.914 Y118.968 E222.46484
G1 X114.222 Y119.573 E222.48742
G1 X114.629 Y120.104 E222.50967
G1 X115.123 Y120.561 E222.53205
G1 X115.698 Y120.93 E222.55478
G1 X116.317 Y121.188 E222.57708
G1 X116.975 Y121.336 E222.59951
G1 X117.5 Y121.36 E222.61699
G0 F9000 X117.088 Y120.86
;TYPE:FILL
G1 F600 X114.144 Y117.916 E222.75547
G0 F9000 X114.132 Y117.096
G1 F600 X117.081 Y114.147 E222.89418
G0 F9000 X117.908 Y114.136
G1 F600 X120.846 Y117.074 E223.03238
G0 F9000 X120.855 Y117.916
G1 F600 X117.923 Y120.849 E223.17031
G0 F9000 X117.895 Y120.623
G0 X119.72 Y119.733
G0 X119.887 Y119.887
G1 F600 X115.105 Y115.105 E223.39524
G0 F9000 X115.276 Y115.263
G0 X119.733 Y115.28
G0 X119.889 Y115.111
G1 F600 X115.106 Y119.893 E223.6202
G0 F9000 X115.467 Y119.503
;MESH:NONMESH
G0 F300 X115.467 Y119.503 Z14.4
G0 F9000 X117.515 Y120.655
G0 X117.5 Y120.96
;TIME_ELAPSED:749.101867
;LAYER:71
;note -- min layer time used
;TYPE:WALL-INNER
;MESH:FT09-Input Shaft.stl
G1 F600 X117.632 Y120.966 E223.62459
G1 X118.232 Y120.891 E223.6447
G1 X118.811 Y120.71 E223.66488
G1 X119.353 Y120.431 E223.68516
G1 X119.83 Y120.066 E223.70513
G1 X120.24 Y119.622 E223.72523
G1 X120.57 Y119.111 E223.74546
G1 X120.802 Y118.557 E223.76544
G1 X120.934 Y117.967 E223.78555
G1 X120.962 Y117.361 E223.80573
G1 X120.887 Y116.76 E223.82587
G1 X120.706 Y116.181 E223.84605
G1 X120.427 Y115.639 E223.86632
G1 X120.062 Y115.162 E223.8863
G1 X119.619 Y114.753 E223.90635
G1 X119.107 Y114.425 E223.92658
G1 X118.551 Y114.19 E223.94665
G1 X117.963 Y114.058 E223.9667
G1 X117.358 Y114.03 E223.98684
G1 X116.758 Y114.109 E224.00697
G1 X116.176 Y114.29 E224.02724
G1 X115.633 Y114.566 E224.0475
G1 X115.158 Y114.93 E224.06741
G1 X114.75 Y115.372 E224.08741
G1 X114.422 Y115.888 E224.10775
G1 X114.186 Y116.445 E224.12787
G1 X114.054 Y117.033 E224.14791
G1 X114.026 Y117.634 E224.16792
G1 X114.105 Y118.234 E224.18805
G1 X114.286 Y118.816 E224.20832
G1 X114.562 Y119.359 E224.22858
G1 X114.926 Y119.834 E224.24849
G1 X115.369 Y120.243 E224.26854
G1 X115.884 Y120.574 E224.2889
G1 X116.439 Y120.806 E224.30891
G1 X117.029 Y120.938 E224.32902
G1 X117.5 Y120.96 E224.3447
G0 F9000 X117.5 Y121.36
;TYPE:WALL-OUTER
G1 F600 X117.648 Y121.367 E224.34963
G1 X118.317 Y121.283 E224.37205
G1 X118.963 Y121.082 E224.39456
G1 X119.568 Y120.77 E224.4172
G1 X120.1 Y120.363 E224.43948
G1 X120.557 Y119.868 E224.46188
G1 X120.926 Y119.298 E224.48447
G1 X121.184 Y118.679 E224.50677
G1 X121.332 Y118.021 E224.5292
G1 X121.363 Y117.345 E224.55171
G1 X121.279 Y116.675 E224.57417
G1 X121.078 Y116.029 E224.59667
G1 X120.766 Y115.424 E224.61931
G1 X120.359 Y114.892 E224.64159
G1 X119.865 Y114.435 E224.66397
G1 X119.294 Y114.07 E224.68651
G1 X118.674 Y113.808 E224.7089
G1 X118.017 Y113.66 E224.7313
G1 X117.341 Y113.629 E224.75381
G1 X116.672 Y113.717 E224.77625
G1 X116.024 Y113.918 E224.79882
G1 X115.419 Y114.226 E224.8214
G1 X114.888 Y114.633 E224.84365
G1 X114.432 Y115.127 E224.86601
G1 X114.066 Y115.702 E224.88868
G1 X113.804 Y116.322 E224.91107
G1 X113.656 Y116.979 E224.93347
G1 X113.625 Y117.651 E224.95584
G1 X113.713 Y118.32 E224.97828
G1 X113.914 Y118.968 E225.00085
G1 X114.222 Y119.573 E225.02343
G1 X114.629 Y120.104 E225.04568
G1 X115.123 Y120.561 E225.06806
G1 X115.698 Y120.93 E225.09079
G1 X116.317 Y121.188 E225.11309
G1 X116.975 Y121.336 E225.13552
G1 X117.5 Y121.36 E225.153
G0 F9000 X117.088 Y120.86
;TYPE:FILL
G1 F600 X114.144 Y117.916 E225.29148
G0 F9000 X114.132 Y117.096
G1 F600 X117.081 Y114.147 E225.43019
G0 F9000 X117.908 Y114.136
G1 F600 X120.846 Y117.074 E225.56839
G0 F9000 X120.855 Y117.916
G1 F600 X117.923 Y120.849 E225.70632
G0 F9000 X117.895 Y120.623
G0 X119.72 Y119.733
G0 X119.887 Y119.887
G1 F600 X115.105 Y115.105 E225.93125
G0 F9000 X115.276 Y115.263
G0 X119.733 Y115.28
G0 X119.889 Y115.111
G1 F600 X115.106 Y119.893 E226.15621
G0 F9000 X115.467 Y119.503
;MESH:NONMESH
G0 F300 X115.467 Y119.503 Z14.6
G0 F9000 X117.515 Y120.655
G0 X117.5 Y120.96
;TIME_ELAPSED:757.682399
;LAYER:72
;note -- min layer time used
;TYPE:WALL-INNER
;MESH:FT09-Input Shaft.stl
G1 F600 X117.632 Y120.966 E226.1606
G1 X118.232 Y120.891 E226.18071
G1 X118.811 Y120.71 E226.20089
G1 X119.353 Y120.431 E226.22117
G1 X119.83 Y120.066 E226.24114
G1 X120.24 Y119.622 E226.26124
G1 X120.57 Y119.111 E226.28148
G1 X120.802 Y118.557 E226.30145
G1 X120.934 Y117.967 E226.32156
G1 X120.962 Y117.361 E226.34174
G1 X120.887 Y116.76 E226.36188
G1 X120.706 Y116.181 E226.38206
G1 X120.427 Y115.639 E226.40233
G1 X120.062 Y115.162 E226.42231
G1 X119.619 Y114.753 E226.44237
G1 X119.107 Y114.425 E226.46259
G1 X118.551 Y114.19 E226.48267
G1 X117.963 Y114.058 E226.50271
G1 X117.358 Y114.03 E226.52285
G1 X116.758 Y114.109 E226.54298
G1 X116.176 Y114.29 E226.56325
G1 X115.633 Y114.566 E226.58351
G1 X115.158 Y114.93 E226.60342
G1 X114.75 Y115.372 E226.62342
G1 X114.422 Y115.888 E226.64376
G1 X114.186 Y116.445 E226.66388
G1 X114.054 Y117.033 E226.68392
G1 X114.026 Y117.634 E226.70393
G1 X114.105 Y118.234 E226.72406
G1 X114.286 Y118.816 E226.74433
G1 X114.562 Y119.359 E226.76459
G1 X114.926 Y119.834 E226.7845
G1 X115.369 Y120.243 E226.80455
G1 X115.884 Y120.574 E226.82491
G1 X116.439 Y120.806 E226.84492
G1 X117.029 Y120.938 E226.86503
G1 X117.5 Y120.96 E226.88071
G0 F9000 X117.5 Y121.36
;TYPE:WALL-OUTER
G1 F600 X117.648 Y121.367 E226.88564
G1 X118.317 Y121.283 E226.90807
G1 X118.963 Y121.082 E226.93057
G1 X119.568 Y120.77 E226.95321
G1 X120.1 Y120.363 E226.97549
G1 X120.557 Y119.868 E226.99789
G1 X120.926 Y119.298 E227.02048
G1 X121.184 Y118.679 E227.04278
G1 X121.332 Y118.021 E227.06522
G1 X121.363 Y117.345 E227.08772
G1 X121.279 Y116.675 E227.11018
G1 X121.078 Y116.029 E227.13268
G1 X120.766 Y115.424 E227.15532
G1 X120.359 Y114.892 E227.1776
G1 X119.865 Y114.435 E227.19999
G1 X119.294 Y114.07 E227.22253
G1 X118.674 Y113.808 E227.24491
G1 X118.017 Y113.66 E227.26731
G1 X117.341 Y113.629 E227.28982
G1 X116.672 Y113.717 E227.31226
G1 X116.024 Y113.918 E227.33483
G1 X115.419 Y114.226 E227.35741
G1 X114.888 Y114.633 E227.37966
G1 X114.432 Y115.127 E227.40202
G1 X114.066 Y115.702 E227.42469
G1 X113.804 Y116.322 E227.44708
G1 X113.656 Y116.979 E227.46948
G1 X113.625 Y117.651 E227.49185
G1 X113.713 Y118.32 E227.51429
G1 X113.914 Y118.968 E227.53686
G1 X114.222 Y119.573 E227.55944
G1 X114.629 Y120.104 E227.58169
G1 X115.123 Y120.561 E227.60408
G1 X115.698 Y120.93 E227.6268
G1 X116.317 Y121.188 E227.6491
G1 X116.975 Y121.336 E227.67154
G1 X117.5 Y121.36 E227.68902
G0 F9000 X117.088 Y120.86
;TYPE:FILL
G1 F600 X114.144 Y117.916 E227.82749
G0 F9000 X114.132 Y117.096
G1 F600 X117.081 Y114.147 E227.9662
G0 F9000 X117.908 Y114.136
G1 F600 X120.846 Y117.074 E228.1044
G0 F9000 X120.855 Y117.916
G1 F600 X117.923 Y120.849 E228.24233
G0 F9000 X117.895 Y120.623
G0 X119.72 Y119.733
G0 X119.887 Y119.887
G1 F600 X115.105 Y115.105 E228.46727
G0 F9000 X115.276 Y115.263
G0 X119.733 Y115.28
G0 X119.889 Y115.111
G1 F600 X115.106 Y119.893 E228.69222
G0 F9000 X115.467 Y119.503
;MESH:NONMESH
G0 F300 X115.467 Y119.503 Z14.8
G0 F9000 X117.515 Y120.655
G0 X117.5 Y120.96
;TIME_ELAPSED:766.262931
;LAYER:73
;note -- min layer time used
;TYPE:WALL-INNER
;MESH:FT09-Input Shaft.stl
G1 F600 X117.632 Y120.966 E228.69661
G1 X118.232 Y120.891 E228.71673
G1 X118.811 Y120.71 E228.7369
G1 X119.353 Y120.431 E228.75718
G1 X119.83 Y120.066 E228.77715
G1 X120.24 Y119.622 E228.79725
G1 X120.57 Y119.111 E228.81749
G1 X120.802 Y118.557 E228.83746
G1 X120.934 Y117.967 E228.85757
G1 X120.962 Y117.361 E228.87775
G1 X120.887 Y116.76 E228.89789
G1 X120.706 Y116.181 E228.91807
G1 X120.427 Y115.639 E228.93835
G1 X120.062 Y115.162 E228.95832
G1 X119.619 Y114.753 E228.97838
G1 X119.107 Y114.425 E228.9986
G1 X118.551 Y114.19 E229.01868
G1 X117.963 Y114.058 E229.03872
G1 X117.358 Y114.03 E229.05886
G1 X116.758 Y114.109 E229.07899
G1 X116.176 Y114.29 E229.09926
G1 X115.633 Y114.566 E229.11952
G1 X115.158 Y114.93 E229.13943
G1 X114.75 Y115.372 E229.15943
G1 X114.422 Y115.888 E229.17977
G1 X114.186 Y116.445 E229.19989
G1 X114.054 Y117.033 E229.21993
G1 X114.026 Y117.634 E229.23995
G1 X114.105 Y118.234 E229.26007
G1 X114.286 Y118.816 E229.28035
G1 X114.562 Y119.359 E229.3006
G1 X114.926 Y119.834 E229.32051
G1 X115.369 Y120.243 E229.34056
G1 X115.884 Y120.574 E229.36092
G1 X116.439 Y120.806 E229.38093
G1 X117.029 Y120.938 E229.40104
G1 X117.5 Y120.96 E229.41672
G0 F9000 X117.5 Y121.36
;TYPE:WALL-OUTER
G1 F600 X117.648 Y121.367 E229.42165
G1 X118.317 Y121.283 E229.44408
G1 X118.963 Y121.082 E229.46658
G1 X119.568 Y120.77 E229.48922
G1 X120.1 Y120.363 E229.5115
G1 X120.557 Y119.868 E229.53391
G1 X120.926 Y119.298 E229.55649
G1 X121.184 Y118.679 E229.57879
G1 X121.332 Y118.021 E229.60123
G1 X121.363 Y117.345 E229.62373
G1 X121.279 Y116.675 E229.64619
G1 X121.078 Y116.029 E229.66869
G1 X120.766 Y115.424 E229.69133
G1 X120.359 Y114.892 E229.71361
G1 X119.865 Y114.435 E229.736
G1 X119.294 Y114.07 E229.75854
G1 X118.674 Y113.808 E229.78092
G1 X118.017 Y113.66 E229.80332
G1 X117.341 Y113.629 E229.82583
G1 X116.672 Y113.717 E229.84827
G1 X116.024 Y113.918 E229.87084
G1 X115.419 Y114.226 E229.89342
G1 X114.888 Y114.633 E229.91567
G1 X114.432 Y115.127 E229.93803
G1 X114.066 Y115.702 E229.9607
G1 X113.804 Y116.322 E229.98309
G1 X113.656 Y116.979 E230.00549
G1 X113.625 Y117.651 E230.02786
G1 X113.713 Y118.32 E230.05031
G1 X113.914 Y118.968 E230.07287
G1 X114.222 Y119.573 E230.09545
G1 X114.629 Y120.104 E230.1177
G1 X115.123 Y120.561 E230.14009
G1 X115.698 Y120.93 E230.16281
G1 X116.317 Y121.188 E230.18511
G1 X116.975 Y121.336 E230.20755
G1 X117.5 Y121.36 E230.22503
G0 F9000 X117.088 Y120.86
;TYPE:FILL
G1 F600 X114.144 Y117.916 E230.3635
G0 F9000 X114.132 Y117.096
G1 F600 X117.081 Y114.147 E230.50222
G0 F9000 X117.908 Y114.136
G1 F600 X120.846 Y117.074 E230.64041
G0 F9000 X120.855 Y117.916
G1 F600 X117.923 Y120.849 E230.77835
G0 F9000 X117.895 Y120.623
G0 X119.72 Y119.733
G0 X119.887 Y119.887
G1 F600 X115.105 Y115.105 E231.00328
G0 F9000 X115.276 Y115.263
G0 X119.733 Y115.28
G0 X119.889 Y115.111
G1 F600 X115.106 Y119.893 E231.22823
G0 F9000 X115.467 Y119.503
;MESH:NONMESH
G0 F300 X115.467 Y119.503 Z15
G0 F9000 X117.515 Y120.655
G0 X117.5 Y120.96
;TIME_ELAPSED:774.843463
;LAYER:74
;note -- min layer time used
;TYPE:WALL-INNER
;MESH:FT09-Input Shaft.stl
G1 F600 X117.632 Y120.966 E231.23263
G1 X118.232 Y120.891 E231.25274
G1 X118.811 Y120.71 E231.27291
G1 X119.353 Y120.431 E231.29319
G1 X119.83 Y120.066 E231.31317
G1 X120.24 Y119.622 E231.33327
G1 X120.57 Y119.111 E231.3535
G1 X120.802 Y118.557 E231.37347
G1 X120.934 Y117.967 E231.39358
G1 X120.962 Y117.361 E231.41376
G1 X120.887 Y116.76 E231.4339
G1 X120.706 Y116.181 E231.45408
G1 X120.427 Y115.639 E231.47436
G1 X120.062 Y115.162 E231.49433
G1 X119.619 Y114.753 E231.51439
G1 X119.107 Y114.425 E231.53461
G1 X118.551 Y114.19 E231.55469
G1 X117.963 Y114.058 E231.57473
G1 X117.358 Y114.03 E231.59488
G1 X116.758 Y114.109 E231.615
G1 X116.176 Y114.29 E231.63528
G1 X115.633 Y114.566 E231.65553
G1 X115.158 Y114.93 E231.67544
G1 X114.75 Y115.372 E231.69545
G1 X114.422 Y115.888 E231.71578
G1 X114.186 Y116.445 E231.7359
G1 X114.054 Y117.033 E231.75595
G1 X114.026 Y117.634 E231.77596
G1 X114.105 Y118.234 E231.79608
G1 X114.286 Y118.816 E231.81636
G1 X114.562 Y119.359 E231.83662
G1 X114.926 Y119.834 E231.85652
G1 X115.369 Y120.243 E231.87657
G1 X115.884 Y120.574 E231.89694
G1 X116.439 Y120.806 E231.91694
G1 X117.029 Y120.938 E231.93705
G1 X117.5 Y120.96 E231.95273
G0 F9000 X117.5 Y121.36
;TYPE:WALL-OUTER
G1 F600 X117.648 Y121.367 E231.95766
G1 X118.317 Y121.283 E231.98009
G1 X118.963 Y121.082 E232.00259
G1 X119.568 Y120.77 E232.02523
G1 X120.1 Y120.363 E232.04751
G1 X120.557 Y119.868 E232.06992
G1 X120.926 Y119.298 E232.0925
G1 X121.184 Y118.679 E232.11481
G1 X121.332 Y118.021 E232.13724
G1 X121.363 Y117.345 E232.15974
G1 X121.279 Y116.675 E232.1822
G1 X121.078 Y116.029 E232.20471
G1 X120.766 Y115.424 E232.22735
G1 X120.359 Y114.892 E232.24962
G1 X119.865 Y114.435 E232.27201
G1 X119.294 Y114.07 E232.29455
G1 X118.674 Y113.808 E232.31693
G1 X118.017 Y113.66 E232.33933
G1 X117.341 Y113.629 E232.36184
G1 X116.672 Y113.717 E232.38428
G1 X116.024 Y113.918 E232.40685
G1 X115.419 Y114.226 E232.42943
G1 X114.888 Y114.633 E232.45168
G1 X114.432 Y115.127 E232.47404
G1 X114.066 Y115.702 E232.49671
G1 X113.804 Y116.322 E232.5191
G1 X113.656 Y116.979 E232.5415
G1 X113.625 Y117.651 E232.56387
G1 X113.713 Y118.32 E232.58632
G1 X113.914 Y118.968 E232.60888
G1 X114.222 Y119.573 E232.63146
G1 X114.629 Y120.104 E232.65371
G1 X115.123 Y120.561 E232.6761
G1 X115.698 Y120.93 E232.69882
G1 X116.317 Y121.188 E232.72113
G1 X116.975 Y121.336 E232.74356
G1 X117.5 Y121.36 E232.76104
G0 F9000 X117.088 Y120.86
;TYPE:FILL
G1 F600 X114.144 Y117.916 E232.89951
G0 F9000 X114.132 Y117.096
G1 F600 X117.081 Y114.147 E233.03823
G0 F9000 X117.908 Y114.136
G1 F600 X120.846 Y117.074 E233.17642
G0 F9000 X120.855 Y117.916
G1 F600 X117.923 Y120.849 E233.31436
G0 F9000 X117.895 Y120.623
G0 X119.72 Y119.733
G0 X119.887 Y119.887
G1 F600 X115.105 Y115.105 E233.53929
G0 F9000 X115.276 Y115.263
G0 X119.733 Y115.28
G0 X119.889 Y115.111
G1 F600 X115.106 Y119.893 E233.76424
G0 F9000 X115.467 Y119.503
;MESH:NONMESH
G0 F300 X115.467 Y119.503 Z15.2
G0 F9000 X117.515 Y120.655
G0 X117.5 Y120.96
;TIME_ELAPSED:783.423995
;LAYER:75
;note -- min layer time used
;TYPE:WALL-INNER
;MESH:FT09-Input Shaft.stl
G1 F600 X117.632 Y120.966 E233.76864
G1 X118.232 Y120.891 E233.78875
G1 X118.811 Y120.71 E233.80892
G1 X119.353 Y120.431 E233.8292
G1 X119.83 Y120.066 E233.84918
G1 X120.24 Y119.622 E233.86928
G1 X120.57 Y119.111 E233.88951
G1 X120.802 Y118.557 E233.90949
G1 X120.934 Y117.967 E233.92959
G1 X120.962 Y117.361 E233.94977
G1 X120.887 Y116.76 E233.96992
G1 X120.706 Y116.181 E233.99009
G1 X120.427 Y115.639 E234.01037
G1 X120.062 Y115.162 E234.03034
G1 X119.619 Y114.753 E234.0504
G1 X119.107 Y114.425 E234.07062
G1 X118.551 Y114.19 E234.0907
G1 X117.963 Y114.058 E234.11074
G1 X117.358 Y114.03 E234.13089
G1 X116.758 Y114.109 E234.15101
G1 X116.176 Y114.29 E234.17129
G1 X115.633 Y114.566 E234.19155
G1 X115.158 Y114.93 E234.21145
G1 X114.75 Y115.372 E234.23146
G1 X114.422 Y115.888 E234.25179
G1 X114.186 Y116.445 E234.27191
G1 X114.054 Y117.033 E234.29196
G1 X114.026 Y117.634 E234.31197
G1 X114.105 Y118.234 E234.3321
G1 X114.286 Y118.816 E234.35237
G1 X114.562 Y119.359 E234.37263
G1 X114.926 Y119.834 E234.39253
G1 X115.369 Y120.243 E234.41258
G1 X115.884 Y120.574 E234.43295
G1 X116.439 Y120.806 E234.45295
G1 X117.029 Y120.938 E234.47306
G1 X117.5 Y120.96 E234.48874
G0 F9000 X117.5 Y121.36
;TYPE:WALL-OUTER
G1 F600 X117.648 Y121.367 E234.49367
G1 X118.317 Y121.283 E234.5161
G1 X118.963 Y121.082 E234.5386
G1 X119.568 Y120.77 E234.56124
G1 X120.1 Y120.363 E234.58352
G1 X120.557 Y119.868 E234.60593
G1 X120.926 Y119.298 E234.62851
G1 X121.184 Y118.679 E234.65082
G1 X121.332 Y118.021 E234.67325
G1 X121.363 Y117.345 E234.69576
G1 X121.279 Y116.675 E234.71821
G1 X121.078 Y116.029 E234.74072
G1 X120.766 Y115.424 E234.76336
G1 X120.359 Y114.892 E234.78564
G1 X119.865 Y114.435 E234.80802
G1 X119.294 Y114.07 E234.83056
G1 X118.674 Y113.808 E234.85295
G1 X118.017 Y113.66 E234.87535
G1 X117.341 Y113.629 E234.89785
G1 X116.672 Y113.717 E234.9203
G1 X116.024 Y113.918 E234.94286
G1 X115.419 Y114.226 E234.96544
G1 X114.888 Y114.633 E234.98769
G1 X114.432 Y115.127 E235.01005
G1 X114.066 Y115.702 E235.03272
G1 X113.804 Y116.322 E235.05511
G1 X113.656 Y116.979 E235.07751
G1 X113.625 Y117.651 E235.09988
G1 X113.713 Y118.32 E235.12233
G1 X113.914 Y118.968 E235.14489
G1 X114.222 Y119.573 E235.16747
G1 X114.629 Y120.104 E235.18973
G1 X115.123 Y120.561 E235.21211
G1 X115.698 Y120.93 E235.23483
G1 X116.317 Y121.188 E235.25714
G1 X116.975 Y121.336 E235.27957
G1 X117.5 Y121.36 E235.29705
G0 F9000 X117.088 Y120.86
;TYPE:FILL
G1 F600 X114.144 Y117.916 E235.43553
G0 F9000 X114.132 Y117.096
G1 F600 X117.081 Y114.147 E235.57424
G0 F9000 X117.908 Y114.136
G1 F600 X120.846 Y117.074 E235.71243
G0 F9000 X120.855 Y117.916
G1 F600 X117.923 Y120.849 E235.85037
G0 F9000 X117.895 Y120.623
G0 X119.72 Y119.733
G0 X119.887 Y119.887
G1 F600 X115.105 Y115.105 E236.0753
G0 F9000 X115.276 Y115.263
G0 X119.733 Y115.28
G0 X119.889 Y115.111
G1 F600 X115.106 Y119.893 E236.30025
G0 F9000 X115.467 Y119.503
;MESH:NONMESH
G0 F300 X115.467 Y119.503 Z15.4
G0 F9000 X117.515 Y120.655
G0 X117.5 Y120.96
;TIME_ELAPSED:792.004527
;LAYER:76
;note -- min layer time used
;TYPE:WALL-INNER
;MESH:FT09-Input Shaft.stl
G1 F600 X117.632 Y120.966 E236.30465
G1 X118.232 Y120.891 E236.32476
G1 X118.811 Y120.71 E236.34494
G1 X119.353 Y120.431 E236.36521
G1 X119.83 Y120.066 E236.38519
G1 X120.24 Y119.622 E236.40529
G1 X120.57 Y119.111 E236.42552
G1 X120.802 Y118.557 E236.4455
G1 X120.934 Y117.967 E236.4656
G1 X120.962 Y117.361 E236.48578
G1 X120.887 Y116.76 E236.50593
G1 X120.706 Y116.181 E236.5261
G1 X120.427 Y115.639 E236.54638
G1 X120.062 Y115.162 E236.56636
G1 X119.619 Y114.753 E236.58641
G1 X119.107 Y114.425 E236.60663
G1 X118.551 Y114.19 E236.62671
G1 X117.963 Y114.058 E236.64675
G1 X117.358 Y114.03 E236.6669
G1 X116.758 Y114.109 E236.68703
G1 X116.176 Y114.29 E236.7073
G1 X115.633 Y114.566 E236.72756
G1 X115.158 Y114.93 E236.74746
G1 X114.75 Y115.372 E236.76747
G1 X114.422 Y115.888 E236.7878
G1 X114.186 Y116.445 E236.80792
G1 X114.054 Y117.033 E236.82797
G1 X114.026 Y117.634 E236.84798
G1 X114.105 Y118.234 E236.86811
G1 X114.286 Y118.816 E236.88838
G1 X114.562 Y119.359 E236.90864
G1 X114.926 Y119.834 E236.92854
G1 X115.369 Y120.243 E236.9486
G1 X115.884 Y120.574 E236.96896
G1 X116.439 Y120.806 E236.98896
G1 X117.029 Y120.938 E237.00907
G1 X117.5 Y120.96 E237.02476
G0 F9000 X117.5 Y121.36
;TYPE:WALL-OUTER
G1 F600 X117.648 Y121.367 E237.02968
G1 X118.317 Y121.283 E237.05211
G1 X118.963 Y121.082 E237.07461
G1 X119.568 Y120.77 E237.09725
G1 X120.1 Y120.363 E237.11953
G1 X120.557 Y119.868 E237.14194
G1 X120.926 Y119.298 E237.16452
G1 X121.184 Y118.679 E237.18683
G1 X121.332 Y118.021 E237.20926
G1 X121.363 Y117.345 E237.23177
G1 X121.279 Y116.675 E237.25423
G1 X121.078 Y116.029 E237.27673
G1 X120.766 Y115.424 E237.29937
G1 X120.359 Y114.892 E237.32165
G1 X119.865 Y114.435 E237.34403
G1 X119.294 Y114.07 E237.36657
G1 X118.674 Y113.808 E237.38896
G1 X118.017 Y113.66 E237.41136
G1 X117.341 Y113.629 E237.43386
G1 X116.672 Y113.717 E237.45631
G1 X116.024 Y113.918 E237.47887
G1 X115.419 Y114.226 E237.50145
G1 X114.888 Y114.633 E237.5237
G1 X114.432 Y115.127 E237.54606
G1 X114.066 Y115.702 E237.56873
G1 X113.804 Y116.322 E237.59112
G1 X113.656 Y116.979 E237.61352
G1 X113.625 Y117.651 E237.6359
G1 X113.713 Y118.32 E237.65834
G1 X113.914 Y118.968 E237.6809
G1 X114.222 Y119.573 E237.70348
G1 X114.629 Y120.104 E237.72574
G1 X115.123 Y120.561 E237.74812
G1 X115.698 Y120.93 E237.77084
G1 X116.317 Y121.188 E237.79315
G1 X116.975 Y121.336 E237.81558
G1 X117.5 Y121.36 E237.83306
G0 F9000 X117.088 Y120.86
;TYPE:FILL
G1 F600 X114.144 Y117.916 E237.97154
G0 F9000 X114.132 Y117.096
G1 F600 X117.081 Y114.147 E238.11025
G0 F9000 X117.908 Y114.136
G1 F600 X120.846 Y117.074 E238.24844
G0 F9000 X120.855 Y117.916
G1 F600 X117.923 Y120.849 E238.38638
G0 F9000 X117.895 Y120.623
G0 X119.72 Y119.733
G0 X119.887 Y119.887
G1 F600 X115.105 Y115.105 E238.61131
G0 F9000 X115.276 Y115.263
G0 X119.733 Y115.28
G0 X119.889 Y115.111
G1 F600 X115.106 Y119.893 E238.83626
G0 F9000 X115.467 Y119.503
;MESH:NONMESH
G0 F300 X115.467 Y119.503 Z15.6
G0 F9000 X117.515 Y120.655
G0 X117.5 Y120.96
;TIME_ELAPSED:800.585059
;LAYER:77
;note -- min layer time used
;TYPE:WALL-INNER
;MESH:FT09-Input Shaft.stl
G1 F600 X117.632 Y120.966 E238.84066
G1 X118.232 Y120.891 E238.86077
G1 X118.811 Y120.71 E238.88095
G1 X119.353 Y120.431 E238.90122
G1 X119.83 Y120.066 E238.9212
G1 X120.24 Y119.622 E238.9413
G1 X120.57 Y119.111 E238.96153
G1 X120.802 Y118.557 E238.98151
G1 X120.934 Y117.967 E239.00162
G1 X120.962 Y117.361 E239.02179
G1 X120.887 Y116.76 E239.04194
G1 X120.706 Y116.181 E239.06211
G1 X120.427 Y115.639 E239.08239
G1 X120.062 Y115.162 E239.10237
G1 X119.619 Y114.753 E239.12242
G1 X119.107 Y114.425 E239.14264
G1 X118.551 Y114.19 E239.16272
G1 X117.963 Y114.058 E239.18276
G1 X117.358 Y114.03 E239.20291
G1 X116.758 Y114.109 E239.22304
G1 X116.176 Y114.29 E239.24331
G1 X115.633 Y114.566 E239.26357
G1 X115.158 Y114.93 E239.28347
G1 X114.75 Y115.372 E239.30348
G1 X114.422 Y115.888 E239.32381
G1 X114.186 Y116.445 E239.34393
G1 X114.054 Y117.033 E239.36398
G1 X114.026 Y117.634 E239.38399
G1 X114.105 Y118.234 E239.40412
G1 X114.286 Y118.816 E239.42439
G1 X114.562 Y119.359 E239.44465
G1 X114.926 Y119.834 E239.46455
G1 X115.369 Y120.243 E239.48461
G1 X115.884 Y120.574 E239.50497
G1 X116.439 Y120.806 E239.52498
G1 X117.029 Y120.938 E239.54508
G1 X117.5 Y120.96 E239.56077
G0 F9000 X117.5 Y121.36
;TYPE:WALL-OUTER
G1 F600 X117.648 Y121.367 E239.56569
G1 X118.317 Y121.283 E239.58812
G1 X118.963 Y121.082 E239.61062
G1 X119.568 Y120.77 E239.63326
G1 X120.1 Y120.363 E239.65554
G1 X120.557 Y119.868 E239.67795
G1 X120.926 Y119.298 E239.70053
G1 X121.184 Y118.679 E239.72284
G1 X121.332 Y118.021 E239.74527
G1 X121.363 Y117.345 E239.76778
G1 X121.279 Y116.675 E239.79024
G1 X121.078 Y116.029 E239.81274
G1 X120.766 Y115.424 E239.83538
G1 X120.359 Y114.892 E239.85766
G1 X119.865 Y114.435 E239.88004
G1 X119.294 Y114.07 E239.90258
G1 X118.674 Y113.808 E239.92497
G1 X118.017 Y113.66 E239.94737
G1 X117.341 Y113.629 E239.96987
G1 X116.672 Y113.717 E239.99232
G1 X116.024 Y113.918 E240.01488
G1 X115.419 Y114.226 E240.03746
G1 X114.888 Y114.633 E240.05971
G1 X114.432 Y115.127 E240.08208
G1 X114.066 Y115.702 E240.10475
G1 X113.804 Y116.322 E240.12713
G1 X113.656 Y116.979 E240.14953
G1 X113.625 Y117.651 E240.17191
G1 X113.713 Y118.32 E240.19435
G1 X113.914 Y118.968 E240.21691
G1 X114.222 Y119.573 E240.23949
G1 X114.629 Y120.104 E240.26175
G1 X115.123 Y120.561 E240.28413
G1 X115.698 Y120.93 E240.30685
G1 X116.317 Y121.188 E240.32916
G1 X116.975 Y121.336 E240.35159
G1 X117.5 Y121.36 E240.36907
G0 F9000 X117.088 Y120.86
;TYPE:FILL
G1 F600 X114.144 Y117.916 E240.50755
G0 F9000 X114.132 Y117.096
G1 F600 X117.081 Y114.147 E240.64626
G0 F9000 X117.908 Y114.136
G1 F600 X120.846 Y117.074 E240.78445
G0 F9000 X120.855 Y117.916
G1 F600 X117.923 Y120.849 E240.92239
G0 F9000 X117.895 Y120.623
G0 X119.72 Y119.733
G0 X119.887 Y119.887
G1 F600 X115.105 Y115.105 E241.14732
G0 F9000 X115.276 Y115.263
G0 X119.733 Y115.28
G0 X119.889 Y115.111
G1 F600 X115.106 Y119.893 E241.37227
G0 F9000 X115.467 Y119.503
;MESH:NONMESH
G0 F300 X115.467 Y119.503 Z15.8
G0 F9000 X117.515 Y120.655
G0 X117.5 Y120.96
;TIME_ELAPSED:809.165592
;LAYER:78
;note -- min layer time used
;TYPE:WALL-INNER
;MESH:FT09-Input Shaft.stl
G1 F600 X117.632 Y120.966 E241.37667
G1 X118.232 Y120.891 E241.39678
G1 X118.811 Y120.71 E241.41696
G1 X119.353 Y120.431 E241.43723
G1 X119.83 Y120.066 E241.45721
G1 X120.24 Y119.622 E241.47731
G1 X120.57 Y119.111 E241.49754
G1 X120.802 Y118.557 E241.51752
G1 X120.934 Y117.967 E241.53763
G1 X120.962 Y117.361 E241.5578
G1 X120.887 Y116.76 E241.57795
G1 X120.706 Y116.181 E241.59813
G1 X120.427 Y115.639 E241.6184
G1 X120.062 Y115.162 E241.63838
G1 X119.619 Y114.753 E241.65843
G1 X119.107 Y114.425 E241.67865
G1 X118.551 Y114.19 E241.69873
G1 X117.963 Y114.058 E241.71878
G1 X117.358 Y114.03 E241.73892
G1 X116.758 Y114.109 E241.75905
G1 X116.176 Y114.29 E241.77932
G1 X115.633 Y114.566 E241.79958
G1 X115.158 Y114.93 E241.81948
G1 X114.75 Y115.372 E241.83949
G1 X114.422 Y115.888 E241.85983
G1 X114.186 Y116.445 E241.87995
G1 X114.054 Y117.033 E241.89999
G1 X114.026 Y117.634 E241.92
G1 X114.105 Y118.234 E241.94013
G1 X114.286 Y118.816 E241.9604
G1 X114.562 Y119.359 E241.98066
G1 X114.926 Y119.834 E242.00056
G1 X115.369 Y120.243 E242.02062
G1 X115.884 Y120.574 E242.04098
G1 X116.439 Y120.806 E242.06099
G1 X117.029 Y120.938 E242.0811
G1 X117.5 Y120.96 E242.09678
G0 F9000 X117.5 Y121.36
;TYPE:WALL-OUTER
G1 F600 X117.648 Y121.367 E242.10171
G1 X118.317 Y121.283 E242.12413
G1 X118.963 Y121.082 E242.14663
G1 X119.568 Y120.77 E242.16927
G1 X120.1 Y120.363 E242.19155
G1 X120.557 Y119.868 E242.21396
G1 X120.926 Y119.298 E242.23654
G1 X121.184 Y118.679 E242.25885
G1 X121.332 Y118.021 E242.28128
G1 X121.363 Y117.345 E242.30379
G1 X121.279 Y116.675 E242.32625
G1 X121.078 Y116.029 E242.34875
G1 X120.766 Y115.424 E242.37139
G1 X120.359 Y114.892 E242.39367
G1 X119.865 Y114.435 E242.41605
G1 X119.294 Y114.07 E242.43859
G1 X118.674 Y113.808 E242.46098
G1 X118.017 Y113.66 E242.48338
G1 X117.341 Y113.629 E242.50589
G1 X116.672 Y113.717 E242.52833
G1 X116.024 Y113.918 E242.55089
G1 X115.419 Y114.226 E242.57347
G1 X114.888 Y114.633 E242.59573
G1 X114.432 Y115.127 E242.61809
G1 X114.066 Y115.702 E242.64076
G1 X113.804 Y116.322 E242.66314
G1 X113.656 Y116.979 E242.68554
G1 X113.625 Y117.651 E242.70792
G1 X113.713 Y118.32 E242.73036
G1 X113.914 Y118.968 E242.75293
G1 X114.222 Y119.573 E242.77551
G1 X114.629 Y120.104 E242.79776
G1 X115.123 Y120.561 E242.82014
G1 X115.698 Y120.93 E242.84286
G1 X116.317 Y121.188 E242.86517
G1 X116.975 Y121.336 E242.8876
G1 X117.5 Y121.36 E242.90508
G0 F9000 X117.088 Y120.86
;TYPE:FILL
G1 F600 X114.144 Y117.916 E243.04356
G0 F9000 X114.132 Y117.096
G1 F600 X117.081 Y114.147 E243.18227
G0 F9000 X117.908 Y114.136
G1 F600 X120.846 Y117.074 E243.32046
G0 F9000 X120.855 Y117.916
G1 F600 X117.923 Y120.849 E243.4584
G0 F9000 X117.895 Y120.623
G0 X119.72 Y119.733
G0 X119.887 Y119.887
G1 F600 X115.105 Y115.105 E243.68333
G0 F9000 X115.276 Y115.263
G0 X119.733 Y115.28
G0 X119.889 Y115.111
G1 F600 X115.106 Y119.893 E243.90829
G0 F9000 X115.467 Y119.503
;MESH:NONMESH
G0 F300 X115.467 Y119.503 Z16
G0 F9000 X117.515 Y120.655
G0 X117.5 Y120.96
;TIME_ELAPSED:817.746124
;LAYER:79
;note -- min layer time used
;TYPE:WALL-INNER
;MESH:FT09-Input Shaft.stl
G1 F600 X117.632 Y120.966 E243.91268
G1 X118.232 Y120.891 E243.93279
G1 X118.811 Y120.71 E243.95297
G1 X119.353 Y120.431 E243.97324
G1 X119.83 Y120.066 E243.99322
G1 X120.24 Y119.622 E244.01332
G1 X120.57 Y119.111 E244.03355
G1 X120.802 Y118.557 E244.05353
G1 X120.934 Y117.967 E244.07364
G1 X120.962 Y117.361 E244.09382
G1 X120.887 Y116.76 E244.11396
G1 X120.706 Y116.181 E244.13414
G1 X120.427 Y115.639 E244.15441
G1 X120.062 Y115.162 E244.17439
G1 X119.619 Y114.753 E244.19444
G1 X119.107 Y114.425 E244.21467
G1 X118.551 Y114.19 E244.23474
G1 X117.963 Y114.058 E244.25479
G1 X117.358 Y114.03 E244.27493
G1 X116.758 Y114.109 E244.29506
G1 X116.176 Y114.29 E244.31533
G1 X115.633 Y114.566 E244.33559
G1 X115.158 Y114.93 E244.35549
G1 X114.75 Y115.372 E244.3755
G1 X114.422 Y115.888 E244.39584
G1 X114.186 Y116.445 E244.41596
G1 X114.054 Y117.033 E244.436
G1 X114.026 Y117.634 E244.45601
G1 X114.105 Y118.234 E244.47614
G1 X114.286 Y118.816 E244.49641
G1 X114.562 Y119.359 E244.51667
G1 X114.926 Y119.834 E244.53657
G1 X115.369 Y120.243 E244.55663
G1 X115.884 Y120.574 E244.57699
G1 X116.439 Y120.806 E244.597
G1 X117.029 Y120.938 E244.61711
G1 X117.5 Y120.96 E244.63279
G0 F9000 X117.5 Y121.36
;TYPE:WALL-OUTER
G1 F600 X117.648 Y121.367 E244.63772
G1 X118.317 Y121.283 E244.66014
G1 X118.963 Y121.082 E244.68264
G1 X119.568 Y120.77 E244.70529
G1 X120.1 Y120.363 E244.72756
G1 X120.557 Y119.868 E244.74997
G1 X120.926 Y119.298 E244.77256
G1 X121.184 Y118.679 E244.79486
G1 X121.332 Y118.021 E244.81729
G1 X121.363 Y117.345 E244.8398
G1 X121.279 Y116.675 E244.86226
G1 X121.078 Y116.029 E244.88476
G1 X120.766 Y115.424 E244.9074
G1 X120.359 Y114.892 E244.92968
G1 X119.865 Y114.435 E244.95206
G1 X119.294 Y114.07 E244.9746
G1 X118.674 Y113.808 E244.99699
G1 X118.017 Y113.66 E245.01939
G1 X117.341 Y113.629 E245.0419
G1 X116.672 Y113.717 E245.06434
G1 X116.024 Y113.918 E245.0869
G1 X115.419 Y114.226 E245.10948
G1 X114.888 Y114.633 E245.13174
G1 X114.432 Y115.127 E245.1541
G1 X114.066 Y115.702 E245.17677
G1 X113.804 Y116.322 E245.19915
G1 X113.656 Y116.979 E245.22155
G1 X113.625 Y117.651 E245.24393
G1 X113.713 Y118.32 E245.26637
G1 X113.914 Y118.968 E245.28894
G1 X114.222 Y119.573 E245.31152
G1 X114.629 Y120.104 E245.33377
G1 X115.123 Y120.561 E245.35615
G1 X115.698 Y120.93 E245.37888
G1 X116.317 Y121.188 E245.40118
G1 X116.975 Y121.336 E245.42361
G1 X117.5 Y121.36 E245.44109
G0 F9000 X117.088 Y120.86
;TYPE:FILL
G1 F600 X114.144 Y117.916 E245.57957
G0 F9000 X114.132 Y117.096
G1 F600 X117.081 Y114.147 E245.71828
G0 F9000 X117.908 Y114.136
G1 F600 X120.846 Y117.074 E245.85648
G0 F9000 X120.855 Y117.916
G1 F600 X117.923 Y120.849 E245.99441
G0 F9000 X117.895 Y120.623
G0 X119.72 Y119.733
G0 X119.887 Y119.887
G1 F600 X115.105 Y115.105 E246.21934
G0 F9000 X115.276 Y115.263
G0 X119.733 Y115.28
G0 X119.889 Y115.111
G1 F600 X115.106 Y119.893 E246.4443
G0 F9000 X115.467 Y119.503
;MESH:NONMESH
G0 F300 X115.467 Y119.503 Z16.2
G0 F9000 X117.515 Y120.655
G0 X117.5 Y120.96
;TIME_ELAPSED:826.326656
;LAYER:80
;note -- min layer time used
;TYPE:WALL-INNER
;MESH:FT09-Input Shaft.stl
G1 F600 X117.632 Y120.966 E246.44869
G1 X118.232 Y120.891 E246.4688
G1 X118.811 Y120.71 E246.48898
G1 X119.353 Y120.431 E246.50925
G1 X119.83 Y120.066 E246.52923
G1 X120.24 Y119.622 E246.54933
G1 X120.57 Y119.111 E246.56956
G1 X120.802 Y118.557 E246.58954
G1 X120.934 Y117.967 E246.60965
G1 X120.962 Y117.361 E246.62983
G1 X120.887 Y116.76 E246.64997
G1 X120.706 Y116.181 E246.67015
G1 X120.427 Y115.639 E246.69042
G1 X120.062 Y115.162 E246.7104
G1 X119.619 Y114.753 E246.73045
G1 X119.107 Y114.425 E246.75068
G1 X118.551 Y114.19 E246.77075
G1 X117.963 Y114.058 E246.7908
G1 X117.358 Y114.03 E246.81094
G1 X116.758 Y114.109 E246.83107
G1 X116.176 Y114.29 E246.85134
G1 X115.633 Y114.566 E246.8716
G1 X115.158 Y114.93 E246.8915
G1 X114.75 Y115.372 E246.91151
G1 X114.422 Y115.888 E246.93185
G1 X114.186 Y116.445 E246.95197
G1 X114.054 Y117.033 E246.97201
G1 X114.026 Y117.634 E246.99202
G1 X114.105 Y118.234 E247.01215
G1 X114.286 Y118.816 E247.03242
G1 X114.562 Y119.359 E247.05268
G1 X114.926 Y119.834 E247.07259
G1 X115.369 Y120.243 E247.09264
G1 X115.884 Y120.574 E247.113
G1 X116.439 Y120.806 E247.13301
G1 X117.029 Y120.938 E247.15312
G1 X117.5 Y120.96 E247.1688
G0 F9000 X117.5 Y121.36
;TYPE:WALL-OUTER
G1 F600 X117.648 Y121.367 E247.17373
G1 X118.317 Y121.283 E247.19615
G1 X118.963 Y121.082 E247.21866
G1 X119.568 Y120.77 E247.2413
G1 X120.1 Y120.363 E247.26357
G1 X120.557 Y119.868 E247.28598
G1 X120.926 Y119.298 E247.30857
G1 X121.184 Y118.679 E247.33087
G1 X121.332 Y118.021 E247.3533
G1 X121.363 Y117.345 E247.37581
G1 X121.279 Y116.675 E247.39827
G1 X121.078 Y116.029 E247.42077
G1 X120.766 Y115.424 E247.44341
G1 X120.359 Y114.892 E247.46569
G1 X119.865 Y114.435 E247.48807
G1 X119.294 Y114.07 E247.51061
G1 X118.674 Y113.808 E247.533
G1 X118.017 Y113.66 E247.5554
G1 X117.341 Y113.629 E247.57791
G1 X116.672 Y113.717 E247.60035
G1 X116.024 Y113.918 E247.62292
G1 X115.419 Y114.226 E247.6455
G1 X114.888 Y114.633 E247.66775
G1 X114.432 Y115.127 E247.69011
G1 X114.066 Y115.702 E247.71278
G1 X113.804 Y116.322 E247.73517
G1 X113.656 Y116.979 E247.75756
G1 X113.625 Y117.651 E247.77994
G1 X113.713 Y118.32 E247.80238
G1 X113.914 Y118.968 E247.82495
G1 X114.222 Y119.573 E247.84753
G1 X114.629 Y120.104 E247.86978
G1 X115.123 Y120.561 E247.89216
G1 X115.698 Y120.93 E247.91489
G1 X116.317 Y121.188 E247.93719
G1 X116.975 Y121.336 E247.95962
G1 X117.5 Y121.36 E247.9771
G0 F9000 X117.088 Y120.86
;TYPE:FILL
G1 F600 X114.144 Y117.916 E248.11558
G0 F9000 X114.132 Y117.096
G1 F600 X117.081 Y114.147 E248.25429
G0 F9000 X117.908 Y114.136
G1 F600 X120.846 Y117.074 E248.39249
G0 F9000 X120.855 Y117.916
G1 F600 X117.923 Y120.849 E248.53042
G0 F9000 X117.895 Y120.623
G0 X119.72 Y119.733
G0 X119.887 Y119.887
G1 F600 X115.105 Y115.105 E248.75535
G0 F9000 X115.276 Y115.263
G0 X119.733 Y115.28
G0 X119.889 Y115.111
G1 F600 X115.106 Y119.893 E248.98031
G0 F9000 X115.467 Y119.503
;MESH:NONMESH
G0 F300 X115.467 Y119.503 Z16.4
G0 F9000 X117.515 Y120.655
G0 X117.5 Y120.96
;TIME_ELAPSED:834.907188
;LAYER:81
;note -- min layer time used
;TYPE:WALL-INNER
;MESH:FT09-Input Shaft.stl
G1 F600 X117.632 Y120.966 E248.9847
G1 X118.232 Y120.891 E249.00481
G1 X118.811 Y120.71 E249.02499
G1 X119.353 Y120.431 E249.04527
G1 X119.83 Y120.066 E249.06524
G1 X120.24 Y119.622 E249.08534
G1 X120.57 Y119.111 E249.10557
G1 X120.802 Y118.557 E249.12555
G1 X120.934 Y117.967 E249.14566
G1 X120.962 Y117.361 E249.16584
G1 X120.887 Y116.76 E249.18598
G1 X120.706 Y116.181 E249.20616
G1 X120.427 Y115.639 E249.22643
G1 X120.062 Y115.162 E249.24641
G1 X119.619 Y114.753 E249.26646
G1 X119.107 Y114.425 E249.28669
G1 X118.551 Y114.19 E249.30676
G1 X117.963 Y114.058 E249.32681
G1 X117.358 Y114.03 E249.34695
G1 X116.758 Y114.109 E249.36708
G1 X116.176 Y114.29 E249.38735
G1 X115.633 Y114.566 E249.40761
G1 X115.158 Y114.93 E249.42752
G1 X114.75 Y115.372 E249.44752
G1 X114.422 Y115.888 E249.46786
G1 X114.186 Y116.445 E249.48798
G1 X114.054 Y117.033 E249.50802
G1 X114.026 Y117.634 E249.52803
G1 X114.105 Y118.234 E249.54816
G1 X114.286 Y118.816 E249.56843
G1 X114.562 Y119.359 E249.58869
G1 X114.926 Y119.834 E249.6086
G1 X115.369 Y120.243 E249.62865
G1 X115.884 Y120.574 E249.64901
G1 X116.439 Y120.806 E249.66902
G1 X117.029 Y120.938 E249.68913
G1 X117.5 Y120.96 E249.70481
G0 F9000 X117.5 Y121.36
;TYPE:WALL-OUTER
G1 F600 X117.648 Y121.367 E249.70974
G1 X118.317 Y121.283 E249.73216
G1 X118.963 Y121.082 E249.75467
G1 X119.568 Y120.77 E249.77731
G1 X120.1 Y120.363 E249.79959
G1 X120.557 Y119.868 E249.82199
G1 X120.926 Y119.298 E249.84458
G1 X121.184 Y118.679 E249.86688
G1 X121.332 Y118.021 E249.88931
G1 X121.363 Y117.345 E249.91182
G1 X121.279 Y116.675 E249.93428
G1 X121.078 Y116.029 E249.95678
G1 X120.766 Y115.424 E249.97942
G1 X120.359 Y114.892 E250.0017
G1 X119.865 Y114.435 E250.02408
G1 X119.294 Y114.07 E250.04662
G1 X118.674 Y113.808 E250.06901
G1 X118.017 Y113.66 E250.09141
G1 X117.341 Y113.629 E250.11392
G1 X116.672 Y113.717 E250.13636
G1 X116.024 Y113.918 E250.15893
G1 X115.419 Y114.226 E250.18151
G1 X114.888 Y114.633 E250.20376
G1 X114.432 Y115.127 E250.22612
G1 X114.066 Y115.702 E250.24879
G1 X113.804 Y116.322 E250.27118
G1 X113.656 Y116.979 E250.29358
G1 X113.625 Y117.651 E250.31595
G1 X113.713 Y118.32 E250.33839
G1 X113.914 Y118.968 E250.36096
G1 X114.222 Y119.573 E250.38354
G1 X114.629 Y120.104 E250.40579
G1 X115.123 Y120.561 E250.42817
G1 X115.698 Y120.93 E250.4509
G1 X116.317 Y121.188 E250.4732
G1 X116.975 Y121.336 E250.49563
G1 X117.5 Y121.36 E250.51311
G0 F9000 X117.088 Y120.86
;TYPE:FILL
G1 F600 X114.144 Y117.916 E250.65159
G0 F9000 X114.132 Y117.096
G1 F600 X117.081 Y114.147 E250.7903
G0 F9000 X117.908 Y114.136
G1 F600 X120.846 Y117.074 E250.9285
G0 F9000 X120.855 Y117.916
G1 F600 X117.923 Y120.849 E251.06643
G0 F9000 X117.895 Y120.623
G0 X119.72 Y119.733
G0 X119.887 Y119.887
G1 F600 X115.105 Y115.105 E251.29136
G0 F9000 X115.276 Y115.263
G0 X119.733 Y115.28
G0 X119.889 Y115.111
G1 F600 X115.106 Y119.893 E251.51632
G0 F9000 X115.467 Y119.503
;MESH:NONMESH
G0 F300 X115.467 Y119.503 Z16.6
G0 F9000 X117.515 Y120.655
G0 X117.5 Y120.96
;TIME_ELAPSED:843.487720
;LAYER:82
;note -- min layer time used
;TYPE:WALL-INNER
;MESH:FT09-Input Shaft.stl
G1 F600 X117.632 Y120.966 E251.52071
G1 X118.232 Y120.891 E251.54082
G1 X118.811 Y120.71 E251.561
G1 X119.353 Y120.431 E251.58128
G1 X119.83 Y120.066 E251.60125
G1 X120.24 Y119.622 E251.62135
G1 X120.57 Y119.111 E251.64159
G1 X120.802 Y118.557 E251.66156
G1 X120.934 Y117.967 E251.68167
G1 X120.962 Y117.361 E251.70185
G1 X120.887 Y116.76 E251.72199
G1 X120.706 Y116.181 E251.74217
G1 X120.427 Y115.639 E251.76244
G1 X120.062 Y115.162 E251.78242
G1 X119.619 Y114.753 E251.80247
G1 X119.107 Y114.425 E251.8227
G1 X118.551 Y114.19 E251.84278
G1 X117.963 Y114.058 E251.86282
G1 X117.358 Y114.03 E251.88296
G1 X116.758 Y114.109 E251.90309
G1 X116.176 Y114.29 E251.92336
G1 X115.633 Y114.566 E251.94362
G1 X115.158 Y114.93 E251.96353
G1 X114.75 Y115.372 E251.98353
G1 X114.422 Y115.888 E252.00387
G1 X114.186 Y116.445 E252.02399
G1 X114.054 Y117.033 E252.04403
G1 X114.026 Y117.634 E252.06404
G1 X114.105 Y118.234 E252.08417
G1 X114.286 Y118.816 E252.10444
G1 X114.562 Y119.359 E252.1247
G1 X114.926 Y119.834 E252.14461
G1 X115.369 Y120.243 E252.16466
G1 X115.884 Y120.574 E252.18502
G1 X116.439 Y120.806 E252.20503
G1 X117.029 Y120.938 E252.22514
G1 X117.5 Y120.96 E252.24082
G0 F9000 X117.5 Y121.36
;TYPE:WALL-OUTER
G1 F600 X117.648 Y121.367 E252.24575
G1 X118.317 Y121.283 E252.26818
G1 X118.963 Y121.082 E252.29068
G1 X119.568 Y120.77 E252.31332
G1 X120.1 Y120.363 E252.3356
G1 X120.557 Y119.868 E252.358
G1 X120.926 Y119.298 E252.38059
G1 X121.184 Y118.679 E252.40289
G1 X121.332 Y118.021 E252.42532
G1 X121.363 Y117.345 E252.44783
G1 X121.279 Y116.675 E252.47029
G1 X121.078 Y116.029 E252.49279
G1 X120.766 Y115.424 E252.51543
G1 X120.359 Y114.892 E252.53771
G1 X119.865 Y114.435 E252.5601
G1 X119.294 Y114.07 E252.58264
G1 X118.674 Y113.808 E252.60502
G1 X118.017 Y113.66 E252.62742
G1 X117.341 Y113.629 E252.64993
G1 X116.672 Y113.717 E252.67237
G1 X116.024 Y113.918 E252.69494
G1 X115.419 Y114.226 E252.71752
G1 X114.888 Y114.633 E252.73977
G1 X114.432 Y115.127 E252.76213
G1 X114.066 Y115.702 E252.7848
G1 X113.804 Y116.322 E252.80719
G1 X113.656 Y116.979 E252.82959
G1 X113.625 Y117.651 E252.85196
G1 X113.713 Y118.32 E252.8744
G1 X113.914 Y118.968 E252.89697
G1 X114.222 Y119.573 E252.91955
G1 X114.629 Y120.104 E252.9418
G1 X115.123 Y120.561 E252.96418
G1 X115.698 Y120.93 E252.98691
G1 X116.317 Y121.188 E253.00921
G1 X116.975 Y121.336 E253.03165
G1 X117.5 Y121.36 E253.04913
G0 F9000 X117.088 Y120.86
;TYPE:FILL
G1 F600 X114.144 Y117.916 E253.1876
G0 F9000 X114.132 Y117.096
G1 F600 X117.081 Y114.147 E253.32631
G0 F9000 X117.908 Y114.136
G1 F600 X120.846 Y117.074 E253.46451
G0 F9000 X120.855 Y117.916
G1 F600 X117.923 Y120.849 E253.60244
G0 F9000 X117.895 Y120.623
G0 X119.72 Y119.733
G0 X119.887 Y119.887
G1 F600 X115.105 Y115.105 E253.82737
G0 F9000 X115.276 Y115.263
G0 X119.733 Y115.28
G0 X119.889 Y115.111
G1 F600 X115.106 Y119.893 E254.05233
G0 F9000 X115.467 Y119.503
;MESH:NONMESH
G0 F300 X115.467 Y119.503 Z16.8
G0 F9000 X117.515 Y120.655
G0 X117.5 Y120.96
;TIME_ELAPSED:852.068252
;LAYER:83
;note -- min layer time used
;TYPE:WALL-INNER
;MESH:FT09-Input Shaft.stl
G1 F600 X117.632 Y120.966 E254.05672
G1 X118.232 Y120.891 E254.07684
G1 X118.811 Y120.71 E254.09701
G1 X119.353 Y120.431 E254.11729
G1 X119.83 Y120.066 E254.13726
G1 X120.24 Y119.622 E254.15736
G1 X120.57 Y119.111 E254.1776
G1 X120.802 Y118.557 E254.19757
G1 X120.934 Y117.967 E254.21768
G1 X120.962 Y117.361 E254.23786
G1 X120.887 Y116.76 E254.258
G1 X120.706 Y116.181 E254.27818
G1 X120.427 Y115.639 E254.29846
G1 X120.062 Y115.162 E254.31843
G1 X119.619 Y114.753 E254.33849
G1 X119.107 Y114.425 E254.35871
G1 X118.551 Y114.19 E254.37879
G1 X117.963 Y114.058 E254.39883
G1 X117.358 Y114.03 E254.41897
G1 X116.758 Y114.109 E254.4391
G1 X116.176 Y114.29 E254.45937
G1 X115.633 Y114.566 E254.47963
G1 X115.158 Y114.93 E254.49954
G1 X114.75 Y115.372 E254.51954
G1 X114.422 Y115.888 E254.53988
G1 X114.186 Y116.445 E254.56
G1 X114.054 Y117.033 E254.58004
G1 X114.026 Y117.634 E254.60006
G1 X114.105 Y118.234 E254.62018
G1 X114.286 Y118.816 E254.64046
G1 X114.562 Y119.359 E254.66071
G1 X114.926 Y119.834 E254.68062
G1 X115.369 Y120.243 E254.70067
G1 X115.884 Y120.574 E254.72103
G1 X116.439 Y120.806 E254.74104
G1 X117.029 Y120.938 E254.76115
G1 X117.5 Y120.96 E254.77683
G0 F9000 X117.5 Y121.36
;TYPE:WALL-OUTER
G1 F600 X117.648 Y121.367 E254.78176
G1 X118.317 Y121.283 E254.80419
G1 X118.963 Y121.082 E254.82669
G1 X119.568 Y120.77 E254.84933
G1 X120.1 Y120.363 E254.87161
G1 X120.557 Y119.868 E254.89402
G1 X120.926 Y119.298 E254.9166
G1 X121.184 Y118.679 E254.9389
G1 X121.332 Y118.021 E254.96134
G1 X121.363 Y117.345 E254.98384
G1 X121.279 Y116.675 E255.0063
G1 X121.078 Y116.029 E255.0288
G1 X120.766 Y115.424 E255.05144
G1 X120.359 Y114.892 E255.07372
G1 X119.865 Y114.435 E255.09611
G1 X119.294 Y114.07 E255.11865
G1 X118.674 Y113.808 E255.14103
G1 X118.017 Y113.66 E255.16343
G1 X117.341 Y113.629 E255.18594
G1 X116.672 Y113.717 E255.20838
G1 X116.024 Y113.918 E255.23095
G1 X115.419 Y114.226 E255.25353
G1 X114.888 Y114.633 E255.27578
G1 X114.432 Y115.127 E255.29814
G1 X114.066 Y115.702 E255.32081
G1 X113.804 Y116.322 E255.3432
G1 X113.656 Y116.979 E255.3656
G1 X113.625 Y117.651 E255.38797
G1 X113.713 Y118.32 E255.41042
G1 X113.914 Y118.968 E255.43298
G1 X114.222 Y119.573 E255.45556
G1 X114.629 Y120.104 E255.47781
G1 X115.123 Y120.561 E255.5002
G1 X115.698 Y120.93 E255.52292
G1 X116.317 Y121.188 E255.54522
G1 X116.975 Y121.336 E255.56766
G1 X117.5 Y121.36 E255.58514
G0 F9000 X117.088 Y120.86
;TYPE:FILL
G1 F600 X114.144 Y117.916 E255.72361
G0 F9000 X114.132 Y117.096
G1 F600 X117.081 Y114.147 E255.86232
G0 F9000 X117.908 Y114.136
G1 F600 X120.846 Y117.074 E256.00052
G0 F9000 X120.855 Y117.916
G1 F600 X117.923 Y120.849 E256.13846
G0 F9000 X117.895 Y120.623
G0 X119.72 Y119.733
G0 X119.887 Y119.887
G1 F600 X115.105 Y115.105 E256.36339
G0 F9000 X115.276 Y115.263
G0 X119.733 Y115.28
G0 X119.889 Y115.111
G1 F600 X115.106 Y119.893 E256.58834
G0 F9000 X115.467 Y119.503
;MESH:NONMESH
G0 F300 X115.467 Y119.503 Z17
G0 F9000 X117.515 Y120.655
G0 X117.5 Y120.96
;TIME_ELAPSED:860.648784
;LAYER:84
;note -- min layer time used
;TYPE:WALL-INNER
;MESH:FT09-Input Shaft.stl
G1 F600 X117.632 Y120.966 E256.59273
G1 X118.232 Y120.891 E256.61285
G1 X118.811 Y120.71 E256.63302
G1 X119.353 Y120.431 E256.6533
G1 X119.83 Y120.066 E256.67327
G1 X120.24 Y119.622 E256.69338
G1 X120.57 Y119.111 E256.71361
G1 X120.802 Y118.557 E256.73358
G1 X120.934 Y117.967 E256.75369
G1 X120.962 Y117.361 E256.77387
G1 X120.887 Y116.76 E256.79401
G1 X120.706 Y116.181 E256.81419
G1 X120.427 Y115.639 E256.83447
G1 X120.062 Y115.162 E256.85444
G1 X119.619 Y114.753 E256.8745
G1 X119.107 Y114.425 E256.89472
G1 X118.551 Y114.19 E256.9148
G1 X117.963 Y114.058 E256.93484
G1 X117.358 Y114.03 E256.95498
G1 X116.758 Y114.109 E256.97511
G1 X116.176 Y114.29 E256.99539
G1 X115.633 Y114.566 E257.01564
G1 X115.158 Y114.93 E257.03555
G1 X114.75 Y115.372 E257.05556
G1 X114.422 Y115.888 E257.07589
G1 X114.186 Y116.445 E257.09601
G1 X114.054 Y117.033 E257.11606
G1 X114.026 Y117.634 E257.13607
G1 X114.105 Y118.234 E257.15619
G1 X114.286 Y118.816 E257.17647
G1 X114.562 Y119.359 E257.19673
G1 X114.926 Y119.834 E257.21663
G1 X115.369 Y120.243 E257.23668
G1 X115.884 Y120.574 E257.25705
G1 X116.439 Y120.806 E257.27705
G1 X117.029 Y120.938 E257.29716
G1 X117.5 Y120.96 E257.31284
G0 F9000 X117.5 Y121.36
;TYPE:WALL-OUTER
G1 F600 X117.648 Y121.367 E257.31777
G1 X118.317 Y121.283 E257.3402
G1 X118.963 Y121.082 E257.3627
G1 X119.568 Y120.77 E257.38534
G1 X120.1 Y120.363 E257.40762
G1 X120.557 Y119.868 E257.43003
G1 X120.926 Y119.298 E257.45261
G1 X121.184 Y118.679 E257.47491
G1 X121.332 Y118.021 E257.49735
G1 X121.363 Y117.345 E257.51985
G1 X121.279 Y116.675 E257.54231
G1 X121.078 Y116.029 E257.56482
G1 X120.766 Y115.424 E257.58746
G1 X120.359 Y114.892 E257.60973
G1 X119.865 Y114.435 E257.63212
G1 X119.294 Y114.07 E257.65466
G1 X118.674 Y113.808 E257.67704
G1 X118.017 Y113.66 E257.69944
G1 X117.341 Y113.629 E257.72195
G1 X116.672 Y113.717 E257.74439
G1 X116.024 Y113.918 E257.76696
G1 X115.419 Y114.226 E257.78954
G1 X114.888 Y114.633 E257.81179
G1 X114.432 Y115.127 E257.83415
G1 X114.066 Y115.702 E257.85682
G1 X113.804 Y116.322 E257.87921
G1 X113.656 Y116.979 E257.90161
G1 X113.625 Y117.651 E257.92398
G1 X113.713 Y118.32 E257.94643
G1 X113.914 Y118.968 E257.96899
G1 X114.222 Y119.573 E257.99157
G1 X114.629 Y120.104 E258.01382
G1 X115.123 Y120.561 E258.03621
G1 X115.698 Y120.93 E258.05893
G1 X116.317 Y121.188 E258.08124
G1 X116.975 Y121.336 E258.10367
G1 X117.5 Y121.36 E258.12115
G0 F9000 X117.088 Y120.86
;TYPE:FILL
G1 F600 X114.144 Y117.916 E258.25962
G0 F9000 X114.132 Y117.096
G1 F600 X117.081 Y114.147 E258.39834
G0 F9000 X117.908 Y114.136
G1 F600 X120.846 Y117.074 E258.53653
G0 F9000 X120.855 Y117.916
G1 F600 X117.923 Y120.849 E258.67447
G0 F9000 X117.895 Y120.623
G0 X119.72 Y119.733
G0 X119.887 Y119.887
G1 F600 X115.105 Y115.105 E258.8994
G0 F9000 X115.276 Y115.263
G0 X119.733 Y115.28
G0 X119.889 Y115.111
G1 F600 X115.106 Y119.893 E259.12435
G0 F9000 X115.467 Y119.503
;MESH:NONMESH
G0 F300 X115.467 Y119.503 Z17.2
G0 F9000 X117.515 Y120.655
G0 X117.5 Y120.96
;TIME_ELAPSED:869.229317
;LAYER:85
;note -- min layer time used
;TYPE:WALL-INNER
;MESH:FT09-Input Shaft.stl
G1 F600 X117.632 Y120.966 E259.12875
G1 X118.232 Y120.891 E259.14886
G1 X118.811 Y120.71 E259.16903
G1 X119.353 Y120.431 E259.18931
G1 X119.83 Y120.066 E259.20929
G1 X120.24 Y119.622 E259.22939
G1 X120.57 Y119.111 E259.24962
G1 X120.802 Y118.557 E259.2696
G1 X120.934 Y117.967 E259.2897
G1 X120.962 Y117.361 E259.30988
G1 X120.887 Y116.76 E259.33003
G1 X120.706 Y116.181 E259.3502
G1 X120.427 Y115.639 E259.37048
G1 X120.062 Y115.162 E259.39045
G1 X119.619 Y114.753 E259.41051
G1 X119.107 Y114.425 E259.43073
G1 X118.551 Y114.19 E259.45081
G1 X117.963 Y114.058 E259.47085
G1 X117.358 Y114.03 E259.491
G1 X116.758 Y114.109 E259.51112
G1 X116.176 Y114.29 E259.5314
G1 X115.633 Y114.566 E259.55166
G1 X115.158 Y114.93 E259.57156
G1 X114.75 Y115.372 E259.59157
G1 X114.422 Y115.888 E259.6119
G1 X114.186 Y116.445 E259.63202
G1 X114.054 Y117.033 E259.65207
G1 X114.026 Y117.634 E259.67208
G1 X114.105 Y118.234 E259.69221
G1 X114.286 Y118.816 E259.71248
G1 X114.562 Y119.359 E259.73274
G1 X114.926 Y119.834 E259.75264
G1 X115.369 Y120.243 E259.77269
G1 X115.884 Y120.574 E259.79306
G1 X116.439 Y120.806 E259.81306
G1 X117.029 Y120.938 E259.83317
G1 X117.5 Y120.96 E259.84885
G0 F9000 X117.5 Y121.36
;TYPE:WALL-OUTER
G1 F600 X117.648 Y121.367 E259.85378
G1 X118.317 Y121.283 E259.87621
G1 X118.963 Y121.082 E259.89871
G1 X119.568 Y120.77 E259.92135
G1 X120.1 Y120.363 E259.94363
G1 X120.557 Y119.868 E259.96604
G1 X120.926 Y119.298 E259.98862
G1 X121.184 Y118.679 E260.01093
G1 X121.332 Y118.021 E260.03336
G1 X121.363 Y117.345 E260.05587
G1 X121.279 Y116.675 E260.07832
G1 X121.078 Y116.029 E260.10083
G1 X120.766 Y115.424 E260.12347
G1 X120.359 Y114.892 E260.14575
G1 X119.865 Y114.435 E260.16813
G1 X119.294 Y114.07 E260.19067
G1 X118.674 Y113.808 E260.21306
G1 X118.017 Y113.66 E260.23545
G1 X117.341 Y113.629 E260.25796
G1 X116.672 Y113.717 E260.2804
G1 X116.024 Y113.918 E260.30297
G1 X115.419 Y114.226 E260.32555
G1 X114.888 Y114.633 E260.3478
G1 X114.432 Y115.127 E260.37016
G1 X114.066 Y115.702 E260.39283
G1 X113.804 Y116.322 E260.41522
G1 X113.656 Y116.979 E260.43762
G1 X113.625 Y117.651 E260.45999
G1 X113.713 Y118.32 E260.48244
G1 X113.914 Y118.968 E260.505
G1 X114.222 Y119.573 E260.52758
G1 X114.629 Y120.104 E260.54983
G1 X115.123 Y120.561 E260.57222
G1 X115.698 Y120.93 E260.59494
G1 X116.317 Y121.188 E260.61725
G1 X116.975 Y121.336 E260.63968
G1 X117.5 Y121.36 E260.65716
G0 F9000 X117.088 Y120.86
;TYPE:FILL
G1 F600 X114.144 Y117.916 E260.79563
G0 F9000 X114.132 Y117.096
G1 F600 X117.081 Y114.147 E260.93435
G0 F9000 X117.908 Y114.136
G1 F600 X120.846 Y117.074 E261.07254
G0 F9000 X120.855 Y117.916
G1 F600 X117.923 Y120.849 E261.21048
G0 F9000 X117.895 Y120.623
G0 X119.72 Y119.733
G0 X119.887 Y119.887
G1 F600 X115.105 Y115.105 E261.43541
G0 F9000 X115.276 Y115.263
G0 X119.733 Y115.28
G0 X119.889 Y115.111
G1 F600 X115.106 Y119.893 E261.66036
G0 F9000 X115.467 Y119.503
;MESH:NONMESH
G0 F300 X115.467 Y119.503 Z17.4
G0 F9000 X117.515 Y120.655
G0 X117.5 Y120.96
;TIME_ELAPSED:877.809849
;LAYER:86
;note -- min layer time used
;TYPE:WALL-INNER
;MESH:FT09-Input Shaft.stl
G1 F600 X117.632 Y120.966 E261.66476
G1 X118.232 Y120.891 E261.68487
G1 X118.811 Y120.71 E261.70504
G1 X119.353 Y120.431 E261.72532
G1 X119.83 Y120.066 E261.7453
G1 X120.24 Y119.622 E261.7654
G1 X120.57 Y119.111 E261.78563
G1 X120.802 Y118.557 E261.80561
G1 X120.934 Y117.967 E261.82571
G1 X120.962 Y117.361 E261.84589
G1 X120.887 Y116.76 E261.86604
G1 X120.706 Y116.181 E261.88621
G1 X120.427 Y115.639 E261.90649
G1 X120.062 Y115.162 E261.92647
G1 X119.619 Y114.753 E261.94652
G1 X119.107 Y114.425 E261.96674
G1 X118.551 Y114.19 E261.98682
G1 X117.963 Y114.058 E262.00686
G1 X117.358 Y114.03 E262.02701
G1 X116.758 Y114.109 E262.04714
G1 X116.176 Y114.29 E262.06741
G1 X115.633 Y114.566 E262.08767
G1 X115.158 Y114.93 E262.10757
G1 X114.75 Y115.372 E262.12758
G1 X114.422 Y115.888 E262.14791
G1 X114.186 Y116.445 E262.16803
G1 X114.054 Y117.033 E262.18808
G1 X114.026 Y117.634 E262.20809
G1 X114.105 Y118.234 E262.22822
G1 X114.286 Y118.816 E262.24849
G1 X114.562 Y119.359 E262.26875
G1 X114.926 Y119.834 E262.28865
G1 X115.369 Y120.243 E262.30871
G1 X115.884 Y120.574 E262.32907
G1 X116.439 Y120.806 E262.34907
G1 X117.029 Y120.938 E262.36918
G1 X117.5 Y120.96 E262.38487
G0 F9000 X117.5 Y121.36
;TYPE:WALL-OUTER
G1 F600 X117.648 Y121.367 E262.38979
G1 X118.317 Y121.283 E262.41222
G1 X118.963 Y121.082 E262.43472
G1 X119.568 Y120.77 E262.45736
G1 X120.1 Y120.363 E262.47964
G1 X120.557 Y119.868 E262.50205
G1 X120.926 Y119.298 E262.52463
G1 X121.184 Y118.679 E262.54694
G1 X121.332 Y118.021 E262.56937
G1 X121.363 Y117.345 E262.59188
G1 X121.279 Y116.675 E262.61433
G1 X121.078 Y116.029 E262.63684
G1 X120.766 Y115.424 E262.65948
G1 X120.359 Y114.892 E262.68176
G1 X119.865 Y114.435 E262.70414
G1 X119.294 Y114.07 E262.72668
G1 X118.674 Y113.808 E262.74907
G1 X118.017 Y113.66 E262.77147
G1 X117.341 Y113.629 E262.79397
G1 X116.672 Y113.717 E262.81642
G1 X116.024 Y113.918 E262.83898
G1 X115.419 Y114.226 E262.86156
G1 X114.888 Y114.633 E262.88381
G1 X114.432 Y115.127 E262.90617
G1 X114.066 Y115.702 E262.92884
G1 X113.804 Y116.322 E262.95123
G1 X113.656 Y116.979 E262.97363
G1 X113.625 Y117.651 E262.99601
G1 X113.713 Y118.32 E263.01845
G1 X113.914 Y118.968 E263.04101
G1 X114.222 Y119.573 E263.06359
G1 X114.629 Y120.104 E263.08585
G1 X115.123 Y120.561 E263.10823
G1 X115.698 Y120.93 E263.13095
G1 X116.317 Y121.188 E263.15326
G1 X116.975 Y121.336 E263.17569
G1 X117.5 Y121.36 E263.19317
G0 F9000 X117.088 Y120.86
;TYPE:FILL
G1 F600 X114.144 Y117.916 E263.33165
G0 F9000 X114.132 Y117.096
G1 F600 X117.081 Y114.147 E263.47036
G0 F9000 X117.908 Y114.136
G1 F600 X120.846 Y117.074 E263.60855
G0 F9000 X120.855 Y117.916
G1 F600 X117.923 Y120.849 E263.74649
G0 F9000 X117.895 Y120.623
G0 X119.72 Y119.733
G0 X119.887 Y119.887
G1 F600 X115.105 Y115.105 E263.97142
G0 F9000 X115.276 Y115.263
G0 X119.733 Y115.28
G0 X119.889 Y115.111
G1 F600 X115.106 Y119.893 E264.19637
G0 F9000 X115.467 Y119.503
;MESH:NONMESH
G0 F300 X115.467 Y119.503 Z17.6
G0 F9000 X117.515 Y120.655
G0 X117.5 Y120.96
;TIME_ELAPSED:886.390381
;LAYER:87
;note -- min layer time used
;TYPE:WALL-INNER
;MESH:FT09-Input Shaft.stl
G1 F600 X117.632 Y120.966 E264.20077
G1 X118.232 Y120.891 E264.22088
G1 X118.811 Y120.71 E264.24106
G1 X119.353 Y120.431 E264.26133
G1 X119.83 Y120.066 E264.28131
G1 X120.24 Y119.622 E264.30141
G1 X120.57 Y119.111 E264.32164
G1 X120.802 Y118.557 E264.34162
G1 X120.934 Y117.967 E264.36173
G1 X120.962 Y117.361 E264.3819
G1 X120.887 Y116.76 E264.40205
G1 X120.706 Y116.181 E264.42222
G1 X120.427 Y115.639 E264.4425
G1 X120.062 Y115.162 E264.46248
G1 X119.619 Y114.753 E264.48253
G1 X119.107 Y114.425 E264.50275
G1 X118.551 Y114.19 E264.52283
G1 X117.963 Y114.058 E264.54287
G1 X117.358 Y114.03 E264.56302
G1 X116.758 Y114.109 E264.58315
G1 X116.176 Y114.29 E264.60342
G1 X115.633 Y114.566 E264.62368
G1 X115.158 Y114.93 E264.64358
G1 X114.75 Y115.372 E264.66359
G1 X114.422 Y115.888 E264.68392
G1 X114.186 Y116.445 E264.70404
G1 X114.054 Y117.033 E264.72409
G1 X114.026 Y117.634 E264.7441
G1 X114.105 Y118.234 E264.76423
G1 X114.286 Y118.816 E264.7845
G1 X114.562 Y119.359 E264.80476
G1 X114.926 Y119.834 E264.82466
G1 X115.369 Y120.243 E264.84472
G1 X115.884 Y120.574 E264.86508
G1 X116.439 Y120.806 E264.88509
G1 X117.029 Y120.938 E264.90519
G1 X117.5 Y120.96 E264.92088
G0 F9000 X117.5 Y121.36
;TYPE:WALL-OUTER
G1 F600 X117.648 Y121.367 E264.9258
G1 X118.317 Y121.283 E264.94823
G1 X118.963 Y121.082 E264.97073
G1 X119.568 Y120.77 E264.99337
G1 X120.1 Y120.363 E265.01565
G1 X120.557 Y119.868 E265.03806
G1 X120.926 Y119.298 E265.06064
G1 X121.184 Y118.679 E265.08295
G1 X121.332 Y118.021 E265.10538
G1 X121.363 Y117.345 E265.12789
G1 X121.279 Y116.675 E265.15035
G1 X121.078 Y116.029 E265.17285
G1 X120.766 Y115.424 E265.19549
G1 X120.359 Y114.892 E265.21777
G1 X119.865 Y114.435 E265.24015
G1 X119.294 Y114.07 E265.26269
G1 X118.674 Y113.808 E265.28508
G1 X118.017 Y113.66 E265.30748
G1 X117.341 Y113.629 E265.32998
G1 X116.672 Y113.717 E265.35243
G1 X116.024 Y113.918 E265.37499
G1 X115.419 Y114.226 E265.39757
G1 X114.888 Y114.633 E265.41982
G1 X114.432 Y115.127 E265.44219
G1 X114.066 Y115.702 E265.46486
G1 X113.804 Y116.322 E265.48724
G1 X113.656 Y116.979 E265.50964
G1 X113.625 Y117.651 E265.53202
G1 X113.713 Y118.32 E265.55446
G1 X113.914 Y118.968 E265.57702
G1 X114.222 Y119.573 E265.5996
G1 X114.629 Y120.104 E265.62186
G1 X115.123 Y120.561 E265.64424
G1 X115.698 Y120.93 E265.66696
G1 X116.317 Y121.188 E265.68927
G1 X116.975 Y121.336 E265.7117
G1 X117.5 Y121.36 E265.72918
G0 F9000 X117.088 Y120.86
;TYPE:FILL
G1 F600 X114.144 Y117.916 E265.86766
G0 F9000 X114.132 Y117.096
G1 F600 X117.081 Y114.147 E266.00637
G0 F9000 X117.908 Y114.136
G1 F600 X120.846 Y117.074 E266.14456
G0 F9000 X120.855 Y117.916
G1 F600 X117.923 Y120.849 E266.2825
G0 F9000 X117.895 Y120.623
G0 X119.72 Y119.733
G0 X119.887 Y119.887
G1 F600 X115.105 Y115.105 E266.50743
G0 F9000 X115.276 Y115.263
G0 X119.733 Y115.28
G0 X119.889 Y115.111
G1 F600 X115.106 Y119.893 E266.73238
G0 F9000 X115.467 Y119.503
;MESH:NONMESH
G0 F300 X115.467 Y119.503 Z17.8
G0 F9000 X117.515 Y120.655
G0 X117.5 Y120.96
;TIME_ELAPSED:894.970913
;LAYER:88
;note -- min layer time used
;TYPE:WALL-INNER
;MESH:FT09-Input Shaft.stl
G1 F600 X117.632 Y120.966 E266.73678
G1 X118.232 Y120.891 E266.75689
G1 X118.811 Y120.71 E266.77707
G1 X119.353 Y120.431 E266.79734
G1 X119.83 Y120.066 E266.81732
G1 X120.24 Y119.622 E266.83742
G1 X120.57 Y119.111 E266.85765
G1 X120.802 Y118.557 E266.87763
G1 X120.934 Y117.967 E266.89774
G1 X120.962 Y117.361 E266.91791
G1 X120.887 Y116.76 E266.93806
G1 X120.706 Y116.181 E266.95823
G1 X120.427 Y115.639 E266.97851
G1 X120.062 Y115.162 E266.99849
G1 X119.619 Y114.753 E267.01854
G1 X119.107 Y114.425 E267.03876
G1 X118.551 Y114.19 E267.05884
G1 X117.963 Y114.058 E267.07888
G1 X117.358 Y114.03 E267.09903
G1 X116.758 Y114.109 E267.11916
G1 X116.176 Y114.29 E267.13943
G1 X115.633 Y114.566 E267.15969
G1 X115.158 Y114.93 E267.17959
G1 X114.75 Y115.372 E267.1996
G1 X114.422 Y115.888 E267.21994
G1 X114.186 Y116.445 E267.24006
G1 X114.054 Y117.033 E267.2601
G1 X114.026 Y117.634 E267.28011
G1 X114.105 Y118.234 E267.30024
G1 X114.286 Y118.816 E267.32051
G1 X114.562 Y119.359 E267.34077
G1 X114.926 Y119.834 E267.36067
G1 X115.369 Y120.243 E267.38073
G1 X115.884 Y120.574 E267.40109
G1 X116.439 Y120.806 E267.4211
G1 X117.029 Y120.938 E267.4412
G1 X117.5 Y120.96 E267.45689
G0 F9000 X117.5 Y121.36
;TYPE:WALL-OUTER
G1 F600 X117.648 Y121.367 E267.46182
G1 X118.317 Y121.283 E267.48424
G1 X118.963 Y121.082 E267.50674
G1 X119.568 Y120.77 E267.52938
G1 X120.1 Y120.363 E267.55166
G1 X120.557 Y119.868 E267.57407
G1 X120.926 Y119.298 E267.59665
G1 X121.184 Y118.679 E267.61896
G1 X121.332 Y118.021 E267.64139
G1 X121.363 Y117.345 E267.6639
G1 X121.279 Y116.675 E267.68636
G1 X121.078 Y116.029 E267.70886
G1 X120.766 Y115.424 E267.7315
G1 X120.359 Y114.892 E267.75378
G1 X119.865 Y114.435 E267.77616
G1 X119.294 Y114.07 E267.7987
G1 X118.674 Y113.808 E267.82109
G1 X118.017 Y113.66 E267.84349
G1 X117.341 Y113.629 E267.866
G1 X116.672 Y113.717 E267.88844
G1 X116.024 Y113.918 E267.911
G1 X115.419 Y114.226 E267.93358
G1 X114.888 Y114.633 E267.95584
G1 X114.432 Y115.127 E267.9782
G1 X114.066 Y115.702 E268.00087
G1 X113.804 Y116.322 E268.02325
G1 X113.656 Y116.979 E268.04565
G1 X113.625 Y117.651 E268.06803
G1 X113.713 Y118.32 E268.09047
G1 X113.914 Y118.968 E268.11304
G1 X114.222 Y119.573 E268.13562
G1 X114.629 Y120.104 E268.15787
G1 X115.123 Y120.561 E268.18025
G1 X115.698 Y120.93 E268.20297
G1 X116.317 Y121.188 E268.22528
G1 X116.975 Y121.336 E268.24771
G1 X117.5 Y121.36 E268.26519
G0 F9000 X117.088 Y120.86
;TYPE:FILL
G1 F600 X114.144 Y117.916 E268.40367
G0 F9000 X114.132 Y117.096
G1 F600 X117.081 Y114.147 E268.54238
G0 F9000 X117.908 Y114.136
G1 F600 X120.846 Y117.074 E268.68057
G0 F9000 X120.855 Y117.916
G1 F600 X117.923 Y120.849 E268.81851
G0 F9000 X117.895 Y120.623
G0 X119.72 Y119.733
G0 X119.887 Y119.887
G1 F600 X115.105 Y115.105 E269.04344
G0 F9000 X115.276 Y115.263
G0 X119.733 Y115.28
G0 X119.889 Y115.111
G1 F600 X115.106 Y119.893 E269.26839
G0 F9000 X115.467 Y119.503
;MESH:NONMESH
G0 F300 X115.467 Y119.503 Z18
G0 F9000 X117.515 Y120.655
G0 X117.5 Y120.96
;TIME_ELAPSED:903.551445
;LAYER:89
;note -- min layer time used
;TYPE:WALL-INNER
;MESH:FT09-Input Shaft.stl
G1 F600 X117.632 Y120.966 E269.27279
G1 X118.232 Y120.891 E269.2929
G1 X118.811 Y120.71 E269.31308
G1 X119.353 Y120.431 E269.33335
G1 X119.83 Y120.066 E269.35333
G1 X120.24 Y119.622 E269.37343
G1 X120.57 Y119.111 E269.39366
G1 X120.802 Y118.557 E269.41364
G1 X120.934 Y117.967 E269.43375
G1 X120.962 Y117.361 E269.45392
G1 X120.887 Y116.76 E269.47407
G1 X120.706 Y116.181 E269.49425
G1 X120.427 Y115.639 E269.51452
G1 X120.062 Y115.162 E269.5345
G1 X119.619 Y114.753 E269.55455
G1 X119.107 Y114.425 E269.57478
G1 X118.551 Y114.19 E269.59485
G1 X117.963 Y114.058 E269.6149
G1 X117.358 Y114.03 E269.63504
G1 X116.758 Y114.109 E269.65517
G1 X116.176 Y114.29 E269.67544
G1 X115.633 Y114.566 E269.6957
G1 X115.158 Y114.93 E269.7156
G1 X114.75 Y115.372 E269.73561
G1 X114.422 Y115.888 E269.75595
G1 X114.186 Y116.445 E269.77607
G1 X114.054 Y117.033 E269.79611
G1 X114.026 Y117.634 E269.81612
G1 X114.105 Y118.234 E269.83625
G1 X114.286 Y118.816 E269.85652
G1 X114.562 Y119.359 E269.87678
G1 X114.926 Y119.834 E269.89668
G1 X115.369 Y120.243 E269.91674
G1 X115.884 Y120.574 E269.9371
G1 X116.439 Y120.806 E269.95711
G1 X117.029 Y120.938 E269.97722
G1 X117.5 Y120.96 E269.9929
G0 F9000 X117.5 Y121.36
;TYPE:WALL-OUTER
G1 F600 X117.648 Y121.367 E269.99783
G1 X118.317 Y121.283 E270.02025
G1 X118.963 Y121.082 E270.04275
G1 X119.568 Y120.77 E270.06539
G1 X120.1 Y120.363 E270.08767
G1 X120.557 Y119.868 E270.11008
G1 X120.926 Y119.298 E270.13266
G1 X121.184 Y118.679 E270.15497
G1 X121.332 Y118.021 E270.1774
G1 X121.363 Y117.345 E270.19991
G1 X121.279 Y116.675 E270.22237
G1 X121.078 Y116.029 E270.24487
G1 X120.766 Y115.424 E270.26751
G1 X120.359 Y114.892 E270.28979
G1 X119.865 Y114.435 E270.31217
G1 X119.294 Y114.07 E270.33471
G1 X118.674 Y113.808 E270.3571
G1 X118.017 Y113.66 E270.3795
G1 X117.341 Y113.629 E270.40201
G1 X116.672 Y113.717 E270.42445
G1 X116.024 Y113.918 E270.44701
G1 X115.419 Y114.226 E270.46959
G1 X114.888 Y114.633 E270.49185
G1 X114.432 Y115.127 E270.51421
G1 X114.066 Y115.702 E270.53688
G1 X113.804 Y116.322 E270.55926
G1 X113.656 Y116.979 E270.58166
G1 X113.625 Y117.651 E270.60404
G1 X113.713 Y118.32 E270.62648
G1 X113.914 Y118.968 E270.64905
G1 X114.222 Y119.573 E270.67163
G1 X114.629 Y120.104 E270.69388
G1 X115.123 Y120.561 E270.71626
G1 X115.698 Y120.93 E270.73899
G1 X116.317 Y121.188 E270.76129
G1 X116.975 Y121.336 E270.78372
G1 X117.5 Y121.36 E270.8012
G0 F9000 X117.088 Y120.86
;TYPE:FILL
G1 F600 X114.144 Y117.916 E270.93968
G0 F9000 X114.132 Y117.096
G1 F600 X117.081 Y114.147 E271.07839
G0 F9000 X117.908 Y114.136
G1 F600 X120.846 Y117.074 E271.21659
G0 F9000 X120.855 Y117.916
G1 F600 X117.923 Y120.849 E271.35452
G0 F9000 X117.895 Y120.623
G0 X119.72 Y119.733
G0 X119.887 Y119.887
G1 F600 X115.105 Y115.105 E271.57945
G0 F9000 X115.276 Y115.263
G0 X119.733 Y115.28
G0 X119.889 Y115.111
G1 F600 X115.106 Y119.893 E271.80441
G0 F9000 X115.467 Y119.503
;MESH:NONMESH
G0 F300 X115.467 Y119.503 Z18.2
G0 F9000 X117.515 Y120.655
G0 X117.5 Y120.96
;TIME_ELAPSED:912.131977
;LAYER:90
;note -- min layer time used
;TYPE:WALL-INNER
;MESH:FT09-Input Shaft.stl
G1 F600 X117.632 Y120.966 E271.8088
G1 X118.232 Y120.891 E271.82891
G1 X118.811 Y120.71 E271.84909
G1 X119.353 Y120.431 E271.86936
G1 X119.83 Y120.066 E271.88934
G1 X120.24 Y119.622 E271.90944
G1 X120.57 Y119.111 E271.92967
G1 X120.802 Y118.557 E271.94965
G1 X120.934 Y117.967 E271.96976
G1 X120.962 Y117.361 E271.98994
G1 X120.887 Y116.76 E272.01008
G1 X120.706 Y116.181 E272.03026
G1 X120.427 Y115.639 E272.05053
G1 X120.062 Y115.162 E272.07051
G1 X119.619 Y114.753 E272.09056
G1 X119.107 Y114.425 E272.11079
G1 X118.551 Y114.19 E272.13086
G1 X117.963 Y114.058 E272.15091
G1 X117.358 Y114.03 E272.17105
G1 X116.758 Y114.109 E272.19118
G1 X116.176 Y114.29 E272.21145
G1 X115.633 Y114.566 E272.23171
G1 X115.158 Y114.93 E272.25161
G1 X114.75 Y115.372 E272.27162
G1 X114.422 Y115.888 E272.29196
G1 X114.186 Y116.445 E272.31208
G1 X114.054 Y117.033 E272.33212
G1 X114.026 Y117.634 E272.35213
G1 X114.105 Y118.234 E272.37226
G1 X114.286 Y118.816 E272.39253
G1 X114.562 Y119.359 E272.41279
G1 X114.926 Y119.834 E272.4327
G1 X115.369 Y120.243 E272.45275
G1 X115.884 Y120.574 E272.47311
G1 X116.439 Y120.806 E272.49312
G1 X117.029 Y120.938 E272.51323
G1 X117.5 Y120.96 E272.52891
G0 F9000 X117.5 Y121.36
;TYPE:WALL-OUTER
G1 F600 X117.648 Y121.367 E272.53384
G1 X118.317 Y121.283 E272.55626
G1 X118.963 Y121.082 E272.57877
G1 X119.568 Y120.77 E272.60141
G1 X120.1 Y120.363 E272.62368
G1 X120.557 Y119.868 E272.64609
G1 X120.926 Y119.298 E272.66868
G1 X121.184 Y118.679 E272.69098
G1 X121.332 Y118.021 E272.71341
G1 X121.363 Y117.345 E272.73592
G1 X121.279 Y116.675 E272.75838
G1 X121.078 Y116.029 E272.78088
G1 X120.766 Y115.424 E272.80352
G1 X120.359 Y114.892 E272.8258
G1 X119.865 Y114.435 E272.84818
G1 X119.294 Y114.07 E272.87072
G1 X118.674 Y113.808 E272.89311
G1 X118.017 Y113.66 E272.91551
G1 X117.341 Y113.629 E272.93802
G1 X116.672 Y113.717 E272.96046
G1 X116.024 Y113.918 E272.98303
G1 X115.419 Y114.226 E273.00561
G1 X114.888 Y114.633 E273.02786
G1 X114.432 Y115.127 E273.05022
G1 X114.066 Y115.702 E273.07289
G1 X113.804 Y116.322 E273.09528
G1 X113.656 Y116.979 E273.11767
G1 X113.625 Y117.651 E273.14005
G1 X113.713 Y118.32 E273.16249
G1 X113.914 Y118.968 E273.18506
G1 X114.222 Y119.573 E273.20764
G1 X114.629 Y120.104 E273.22989
G1 X115.123 Y120.561 E273.25227
G1 X115.698 Y120.93 E273.275
G1 X116.317 Y121.188 E273.2973
G1 X116.975 Y121.336 E273.31973
G1 X117.5 Y121.36 E273.33721
G0 F9000 X117.088 Y120.86
;TYPE:FILL
G1 F600 X114.144 Y117.916 E273.47569
G0 F9000 X114.132 Y117.096
G1 F600 X117.081 Y114.147 E273.6144
G0 F9000 X117.908 Y114.136
G1 F600 X120.846 Y117.074 E273.7526
G0 F9000 X120.855 Y117.916
G1 F600 X117.923 Y120.849 E273.89053
G0 F9000 X117.895 Y120.623
G0 X119.72 Y119.733
G0 X119.887 Y119.887
G1 F600 X115.105 Y115.105 E274.11546
G0 F9000 X115.276 Y115.263
G0 X119.733 Y115.28
G0 X119.889 Y115.111
G1 F600 X115.106 Y119.893 E274.34042
G0 F9000 X115.467 Y119.503
;MESH:NONMESH
G0 F300 X115.467 Y119.503 Z18.4
G0 F9000 X117.515 Y120.655
G0 X117.5 Y120.96
;TIME_ELAPSED:920.712509
;LAYER:91
;note -- min layer time used
;TYPE:WALL-INNER
;MESH:FT09-Input Shaft.stl
G1 F600 X117.632 Y120.966 E274.34481
G1 X118.232 Y120.891 E274.36492
G1 X118.811 Y120.71 E274.3851
G1 X119.353 Y120.431 E274.40537
G1 X119.83 Y120.066 E274.42535
G1 X120.24 Y119.622 E274.44545
G1 X120.57 Y119.111 E274.46568
G1 X120.802 Y118.557 E274.48566
G1 X120.934 Y117.967 E274.50577
G1 X120.962 Y117.361 E274.52595
G1 X120.887 Y116.76 E274.54609
G1 X120.706 Y116.181 E274.56627
G1 X120.427 Y115.639 E274.58654
G1 X120.062 Y115.162 E274.60652
G1 X119.619 Y114.753 E274.62657
G1 X119.107 Y114.425 E274.6468
G1 X118.551 Y114.19 E274.66687
G1 X117.963 Y114.058 E274.68692
G1 X117.358 Y114.03 E274.70706
G1 X116.758 Y114.109 E274.72719
G1 X116.176 Y114.29 E274.74746
G1 X115.633 Y114.566 E274.76772
G1 X115.158 Y114.93 E274.78763
G1 X114.75 Y115.372 E274.80763
G1 X114.422 Y115.888 E274.82797
G1 X114.186 Y116.445 E274.84809
G1 X114.054 Y117.033 E274.86813
G1 X114.026 Y117.634 E274.88814
G1 X114.105 Y118.234 E274.90827
G1 X114.286 Y118.816 E274.92854
G1 X114.562 Y119.359 E274.9488
G1 X114.926 Y119.834 E274.96871
G1 X115.369 Y120.243 E274.98876
G1 X115.884 Y120.574 E275.00912
G1 X116.439 Y120.806 E275.02913
G1 X117.029 Y120.938 E275.04924
G1 X117.5 Y120.96 E275.06492
G0 F9000 X117.5 Y121.36
;TYPE:WALL-OUTER
G1 F600 X117.648 Y121.367 E275.06985
G1 X118.317 Y121.283 E275.09227
G1 X118.963 Y121.082 E275.11478
G1 X119.568 Y120.77 E275.13742
G1 X120.1 Y120.363 E275.1597
G1 X120.557 Y119.868 E275.1821
G1 X120.926 Y119.298 E275.20469
G1 X121.184 Y118.679 E275.22699
G1 X121.332 Y118.021 E275.24942
G1 X121.363 Y117.345 E275.27193
G1 X121.279 Y116.675 E275.29439
G1 X121.078 Y116.029 E275.31689
G1 X120.766 Y115.424 E275.33953
G1 X120.359 Y114.892 E275.36181
G1 X119.865 Y114.435 E275.38419
G1 X119.294 Y114.07 E275.40673
G1 X118.674 Y113.808 E275.42912
G1 X118.017 Y113.66 E275.45152
G1 X117.341 Y113.629 E275.47403
G1 X116.672 Y113.717 E275.49647
G1 X116.024 Y113.918 E275.51904
G1 X115.419 Y114.226 E275.54162
G1 X114.888 Y114.633 E275.56387
G1 X114.432 Y115.127 E275.58623
G1 X114.066 Y115.702 E275.6089
G1 X113.804 Y116.322 E275.63129
G1 X113.656 Y116.979 E275.65369
G1 X113.625 Y117.651 E275.67606
G1 X113.713 Y118.32 E275.6985
G1 X113.914 Y118.968 E275.72107
G1 X114.222 Y119.573 E275.74365
G1 X114.629 Y120.104 E275.7659
G1 X115.123 Y120.561 E275.78828
G1 X115.698 Y120.93 E275.81101
G1 X116.317 Y121.188 E275.83331
G1 X116.975 Y121.336 E275.85574
G1 X117.5 Y121.36 E275.87322
G0 F9000 X117.088 Y120.86
;TYPE:FILL
G1 F600 X114.144 Y117.916 E276.0117
G0 F9000 X114.132 Y117.096
G1 F600 X117.081 Y114.147 E276.15041
G0 F9000 X117.908 Y114.136
G1 F600 X120.846 Y117.074 E276.28861
G0 F9000 X120.855 Y117.916
G1 F600 X117.923 Y120.849 E276.42654
G0 F9000 X117.895 Y120.623
G0 X119.72 Y119.733
G0 X119.887 Y119.887
G1 F600 X115.105 Y115.105 E276.65147
G0 F9000 X115.276 Y115.263
G0 X119.733 Y115.28
G0 X119.889 Y115.111
G1 F600 X115.106 Y119.893 E276.87643
G0 F9000 X115.467 Y119.503
;MESH:NONMESH
G0 F300 X115.467 Y119.503 Z18.6
G0 F9000 X117.515 Y120.655
G0 X117.5 Y120.96
;TIME_ELAPSED:929.293042
;LAYER:92
;note -- min layer time used
;TYPE:WALL-INNER
;MESH:FT09-Input Shaft.stl
G1 F600 X117.632 Y120.966 E276.88082
G1 X118.232 Y120.891 E276.90093
G1 X118.811 Y120.71 E276.92111
G1 X119.353 Y120.431 E276.94139
G1 X119.83 Y120.066 E276.96136
G1 X120.24 Y119.622 E276.98146
G1 X120.57 Y119.111 E277.0017
G1 X120.802 Y118.557 E277.02167
G1 X120.934 Y117.967 E277.04178
G1 X120.962 Y117.361 E277.06196
G1 X120.887 Y116.76 E277.0821
G1 X120.706 Y116.181 E277.10228
G1 X120.427 Y115.639 E277.12255
G1 X120.062 Y115.162 E277.14253
G1 X119.619 Y114.753 E277.16258
G1 X119.107 Y114.425 E277.18281
G1 X118.551 Y114.19 E277.20289
G1 X117.963 Y114.058 E277.22293
G1 X117.358 Y114.03 E277.24307
G1 X116.758 Y114.109 E277.2632
G1 X116.176 Y114.29 E277.28347
G1 X115.633 Y114.566 E277.30373
G1 X115.158 Y114.93 E277.32364
G1 X114.75 Y115.372 E277.34364
G1 X114.422 Y115.888 E277.36398
G1 X114.186 Y116.445 E277.3841
G1 X114.054 Y117.033 E277.40414
G1 X114.026 Y117.634 E277.42415
G1 X114.105 Y118.234 E277.44428
G1 X114.286 Y118.816 E277.46455
G1 X114.562 Y119.359 E277.48481
G1 X114.926 Y119.834 E277.50472
G1 X115.369 Y120.243 E277.52477
G1 X115.884 Y120.574 E277.54513
G1 X116.439 Y120.806 E277.56514
G1 X117.029 Y120.938 E277.58525
G1 X117.5 Y120.96 E277.60093
G0 F9000 X117.5 Y121.36
;TYPE:WALL-OUTER
G1 F600 X117.648 Y121.367 E277.60586
G1 X118.317 Y121.283 E277.62829
G1 X118.963 Y121.082 E277.65079
G1 X119.568 Y120.77 E277.67343
G1 X120.1 Y120.363 E277.69571
G1 X120.557 Y119.868 E277.71811
G1 X120.926 Y119.298 E277.7407
G1 X121.184 Y118.679 E277.763
G1 X121.332 Y118.021 E277.78543
G1 X121.363 Y117.345 E277.80794
G1 X121.279 Y116.675 E277.8304
G1 X121.078 Y116.029 E277.8529
G1 X120.766 Y115.424 E277.87554
G1 X120.359 Y114.892 E277.89782
G1 X119.865 Y114.435 E277.92021
G1 X119.294 Y114.07 E277.94275
G1 X118.674 Y113.808 E277.96513
G1 X118.017 Y113.66 E277.98753
G1 X117.341 Y113.629 E278.01004
G1 X116.672 Y113.717 E278.03248
G1 X116.024 Y113.918 E278.05505
G1 X115.419 Y114.226 E278.07763
G1 X114.888 Y114.633 E278.09988
G1 X114.432 Y115.127 E278.12224
G1 X114.066 Y115.702 E278.14491
G1 X113.804 Y116.322 E278.1673
G1 X113.656 Y116.979 E278.1897
G1 X113.625 Y117.651 E278.21207
G1 X113.713 Y118.32 E278.23451
G1 X113.914 Y118.968 E278.25708
G1 X114.222 Y119.573 E278.27966
G1 X114.629 Y120.104 E278.30191
G1 X115.123 Y120.561 E278.32429
G1 X115.698 Y120.93 E278.34702
G1 X116.317 Y121.188 E278.36932
G1 X116.975 Y121.336 E278.39176
G1 X117.5 Y121.36 E278.40923
G0 F9000 X117.088 Y120.86
;TYPE:FILL
G1 F600 X114.144 Y117.916 E278.54771
G0 F9000 X114.132 Y117.096
G1 F600 X117.081 Y114.147 E278.68642
G0 F9000 X117.908 Y114.136
G1 F600 X120.846 Y117.074 E278.82462
G0 F9000 X120.855 Y117.916
G1 F600 X117.923 Y120.849 E278.96255
G0 F9000 X117.895 Y120.623
G0 X119.72 Y119.733
G0 X119.887 Y119.887
G1 F600 X115.105 Y115.105 E279.18748
G0 F9000 X115.276 Y115.263
G0 X119.733 Y115.28
G0 X119.889 Y115.111
G1 F600 X115.106 Y119.893 E279.41244
G0 F9000 X115.467 Y119.503
;MESH:NONMESH
G0 F300 X115.467 Y119.503 Z18.8
G0 F9000 X117.515 Y120.655
G0 X117.5 Y120.96
;TIME_ELAPSED:937.873574
;LAYER:93
;note -- min layer time used
;TYPE:WALL-INNER
;MESH:FT09-Input Shaft.stl
G1 F600 X117.632 Y120.966 E279.41683
G1 X118.232 Y120.891 E279.43694
G1 X118.811 Y120.71 E279.45712
G1 X119.353 Y120.431 E279.4774
G1 X119.83 Y120.066 E279.49737
G1 X120.24 Y119.622 E279.51747
G1 X120.57 Y119.111 E279.53771
G1 X120.802 Y118.557 E279.55768
G1 X120.934 Y117.967 E279.57779
G1 X120.962 Y117.361 E279.59797
G1 X120.887 Y116.76 E279.61811
G1 X120.706 Y116.181 E279.63829
G1 X120.427 Y115.639 E279.65856
G1 X120.062 Y115.162 E279.67854
G1 X119.619 Y114.753 E279.6986
G1 X119.107 Y114.425 E279.71882
G1 X118.551 Y114.19 E279.7389
G1 X117.963 Y114.058 E279.75894
G1 X117.358 Y114.03 E279.77908
G1 X116.758 Y114.109 E279.79921
G1 X116.176 Y114.29 E279.81948
G1 X115.633 Y114.566 E279.83974
G1 X115.158 Y114.93 E279.85965
G1 X114.75 Y115.372 E279.87965
G1 X114.422 Y115.888 E279.89999
G1 X114.186 Y116.445 E279.92011
G1 X114.054 Y117.033 E279.94015
G1 X114.026 Y117.634 E279.96016
G1 X114.105 Y118.234 E279.98029
G1 X114.286 Y118.816 E280.00057
G1 X114.562 Y119.359 E280.02082
G1 X114.926 Y119.834 E280.04073
G1 X115.369 Y120.243 E280.06078
G1 X115.884 Y120.574 E280.08114
G1 X116.439 Y120.806 E280.10115
G1 X117.029 Y120.938 E280.12126
G1 X117.5 Y120.96 E280.13694
G0 F9000 X117.5 Y121.36
;TYPE:WALL-OUTER
G1 F600 X117.648 Y121.367 E280.14187
G1 X118.317 Y121.283 E280.1643
G1 X118.963 Y121.082 E280.1868
G1 X119.568 Y120.77 E280.20944
G1 X120.1 Y120.363 E280.23172
G1 X120.557 Y119.868 E280.25412
G1 X120.926 Y119.298 E280.27671
G1 X121.184 Y118.679 E280.29901
G1 X121.332 Y118.021 E280.32145
G1 X121.363 Y117.345 E280.34395
G1 X121.279 Y116.675 E280.36641
G1 X121.078 Y116.029 E280.38891
G1 X120.766 Y115.424 E280.41155
G1 X120.359 Y114.892 E280.43383
G1 X119.865 Y114.435 E280.45622
G1 X119.294 Y114.07 E280.47876
G1 X118.674 Y113.808 E280.50114
G1 X118.017 Y113.66 E280.52354
G1 X117.341 Y113.629 E280.54605
G1 X116.672 Y113.717 E280.56849
G1 X116.024 Y113.918 E280.59106
G1 X115.419 Y114.226 E280.61364
G1 X114.888 Y114.633 E280.63589
G1 X114.432 Y115.127 E280.65825
G1 X114.066 Y115.702 E280.68092
G1 X113.804 Y116.322 E280.70331
G1 X113.656 Y116.979 E280.72571
G1 X113.625 Y117.651 E280.74808
G1 X113.713 Y118.32 E280.77052
G1 X113.914 Y118.968 E280.79309
G1 X114.222 Y119.573 E280.81567
G1 X114.629 Y120.104 E280.83792
G1 X115.123 Y120.561 E280.86031
G1 X115.698 Y120.93 E280.88303
G1 X116.317 Y121.188 E280.90533
G1 X116.975 Y121.336 E280.92777
G1 X117.5 Y121.36 E280.94525
G0 F9000 X117.088 Y120.86
;TYPE:FILL
G1 F600 X114.144 Y117.916 E281.08372
G0 F9000 X114.132 Y117.096
G1 F600 X117.081 Y114.147 E281.22243
G0 F9000 X117.908 Y114.136
G1 F600 X120.846 Y117.074 E281.36063
G0 F9000 X120.855 Y117.916
G1 F600 X117.923 Y120.849 E281.49856
G0 F9000 X117.895 Y120.623
G0 X119.72 Y119.733
G0 X119.887 Y119.887
G1 F600 X115.105 Y115.105 E281.7235
G0 F9000 X115.276 Y115.263
G0 X119.733 Y115.28
G0 X119.889 Y115.111
G1 F600 X115.106 Y119.893 E281.94845
G0 F9000 X115.467 Y119.503
;MESH:NONMESH
G0 F300 X115.467 Y119.503 Z19
G0 F9000 X117.515 Y120.655
G0 X117.5 Y120.96
;TIME_ELAPSED:946.454106
;LAYER:94
;note -- min layer time used
;TYPE:WALL-INNER
;MESH:FT09-Input Shaft.stl
G1 F600 X117.632 Y120.966 E281.95284
G1 X118.232 Y120.891 E281.97296
G1 X118.811 Y120.71 E281.99313
G1 X119.353 Y120.431 E282.01341
G1 X119.83 Y120.066 E282.03338
G1 X120.24 Y119.622 E282.05349
G1 X120.57 Y119.111 E282.07372
G1 X120.802 Y118.557 E282.09369
G1 X120.934 Y117.967 E282.1138
G1 X120.962 Y117.361 E282.13398
G1 X120.887 Y116.76 E282.15412
G1 X120.706 Y116.181 E282.1743
G1 X120.427 Y115.639 E282.19458
G1 X120.062 Y115.162 E282.21455
G1 X119.619 Y114.753 E282.23461
G1 X119.107 Y114.425 E282.25483
G1 X118.551 Y114.19 E282.27491
G1 X117.963 Y114.058 E282.29495
G1 X117.358 Y114.03 E282.31509
G1 X116.758 Y114.109 E282.33522
G1 X116.176 Y114.29 E282.35549
G1 X115.633 Y114.566 E282.37575
G1 X115.158 Y114.93 E282.39566
G1 X114.75 Y115.372 E282.41566
G1 X114.422 Y115.888 E282.436
G1 X114.186 Y116.445 E282.45612
G1 X114.054 Y117.033 E282.47616
G1 X114.026 Y117.634 E282.49618
G1 X114.105 Y118.234 E282.5163
G1 X114.286 Y118.816 E282.53658
G1 X114.562 Y119.359 E282.55684
G1 X114.926 Y119.834 E282.57674
G1 X115.369 Y120.243 E282.59679
G1 X115.884 Y120.574 E282.61715
G1 X116.439 Y120.806 E282.63716
G1 X117.029 Y120.938 E282.65727
G1 X117.5 Y120.96 E282.67295
G0 F9000 X117.5 Y121.36
;TYPE:WALL-OUTER
G1 F600 X117.648 Y121.367 E282.67788
G1 X118.317 Y121.283 E282.70031
G1 X118.963 Y121.082 E282.72281
G1 X119.568 Y120.77 E282.74545
G1 X120.1 Y120.363 E282.76773
G1 X120.557 Y119.868 E282.79014
G1 X120.926 Y119.298 E282.81272
G1 X121.184 Y118.679 E282.83502
G1 X121.332 Y118.021 E282.85746
G1 X121.363 Y117.345 E282.87996
G1 X121.279 Y116.675 E282.90242
G1 X121.078 Y116.029 E282.92492
G1 X120.766 Y115.424 E282.94757
G1 X120.359 Y114.892 E282.96984
G1 X119.865 Y114.435 E282.99223
G1 X119.294 Y114.07 E283.01477
G1 X118.674 Y113.808 E283.03715
G1 X118.017 Y113.66 E283.05955
G1 X117.341 Y113.629 E283.08206
G1 X116.672 Y113.717 E283.1045
G1 X116.024 Y113.918 E283.12707
G1 X115.419 Y114.226 E283.14965
G1 X114.888 Y114.633 E283.1719
G1 X114.432 Y115.127 E283.19426
G1 X114.066 Y115.702 E283.21693
G1 X113.804 Y116.322 E283.23932
G1 X113.656 Y116.979 E283.26172
G1 X113.625 Y117.651 E283.28409
G1 X113.713 Y118.32 E283.30654
G1 X113.914 Y118.968 E283.3291
G1 X114.222 Y119.573 E283.35168
G1 X114.629 Y120.104 E283.37393
G1 X115.123 Y120.561 E283.39632
G1 X115.698 Y120.93 E283.41904
G1 X116.317 Y121.188 E283.44135
G1 X116.975 Y121.336 E283.46378
G1 X117.5 Y121.36 E283.48126
G0 F9000 X117.088 Y120.86
;TYPE:FILL
G1 F600 X114.144 Y117.916 E283.61973
G0 F9000 X114.132 Y117.096
G1 F600 X117.081 Y114.147 E283.75845
G0 F9000 X117.908 Y114.136
G1 F600 X120.846 Y117.074 E283.89664
G0 F9000 X120.855 Y117.916
G1 F600 X117.923 Y120.849 E284.03458
G0 F9000 X117.895 Y120.623
G0 X119.72 Y119.733
G0 X119.887 Y119.887
G1 F600 X115.105 Y115.105 E284.25951
G0 F9000 X115.276 Y115.263
G0 X119.733 Y115.28
G0 X119.889 Y115.111
G1 F600 X115.106 Y119.893 E284.48446
G0 F9000 X115.467 Y119.503
;MESH:NONMESH
G0 F300 X115.467 Y119.503 Z19.2
G0 F9000 X117.515 Y120.655
G0 X117.5 Y120.96
;TIME_ELAPSED:955.034638
;LAYER:95
;note -- min layer time used
;TYPE:WALL-INNER
;MESH:FT09-Input Shaft.stl
G1 F600 X117.632 Y120.966 E284.48886
G1 X118.232 Y120.891 E284.50897
G1 X118.811 Y120.71 E284.52914
G1 X119.353 Y120.431 E284.54942
G1 X119.83 Y120.066 E284.5694
G1 X120.24 Y119.622 E284.5895
G1 X120.57 Y119.111 E284.60973
G1 X120.802 Y118.557 E284.6297
G1 X120.934 Y117.967 E284.64981
G1 X120.962 Y117.361 E284.66999
G1 X120.887 Y116.76 E284.69014
G1 X120.706 Y116.181 E284.71031
G1 X120.427 Y115.639 E284.73059
G1 X120.062 Y115.162 E284.75056
G1 X119.619 Y114.753 E284.77062
G1 X119.107 Y114.425 E284.79084
G1 X118.551 Y114.19 E284.81092
G1 X117.963 Y114.058 E284.83096
G1 X117.358 Y114.03 E284.85111
G1 X116.758 Y114.109 E284.87123
G1 X116.176 Y114.29 E284.89151
G1 X115.633 Y114.566 E284.91177
G1 X115.158 Y114.93 E284.93167
G1 X114.75 Y115.372 E284.95168
G1 X114.422 Y115.888 E284.97201
G1 X114.186 Y116.445 E284.99213
G1 X114.054 Y117.033 E285.01218
G1 X114.026 Y117.634 E285.03219
G1 X114.105 Y118.234 E285.05232
G1 X114.286 Y118.816 E285.07259
G1 X114.562 Y119.359 E285.09285
G1 X114.926 Y119.834 E285.11275
G1 X115.369 Y120.243 E285.1328
G1 X115.884 Y120.574 E285.15317
G1 X116.439 Y120.806 E285.17317
G1 X117.029 Y120.938 E285.19328
G1 X117.5 Y120.96 E285.20896
G0 F9000 X117.5 Y121.36
;TYPE:WALL-OUTER
G1 F600 X117.648 Y121.367 E285.21389
G1 X118.317 Y121.283 E285.23632
G1 X118.963 Y121.082 E285.25882
G1 X119.568 Y120.77 E285.28146
G1 X120.1 Y120.363 E285.30374
G1 X120.557 Y119.868 E285.32615
G1 X120.926 Y119.298 E285.34873
G1 X121.184 Y118.679 E285.37104
G1 X121.332 Y118.021 E285.39347
G1 X121.363 Y117.345 E285.41598
G1 X121.279 Y116.675 E285.43843
G1 X121.078 Y116.029 E285.46094
G1 X120.766 Y115.424 E285.48358
G1 X120.359 Y114.892 E285.50586
G1 X119.865 Y114.435 E285.52824
G1 X119.294 Y114.07 E285.55078
G1 X118.674 Y113.808 E285.57317
G1 X118.017 Y113.66 E285.59556
G1 X117.341 Y113.629 E285.61807
G1 X116.672 Y113.717 E285.64051
G1 X116.024 Y113.918 E285.66308
G1 X115.419 Y114.226 E285.68566
G1 X114.888 Y114.633 E285.70791
G1 X114.432 Y115.127 E285.73027
G1 X114.066 Y115.702 E285.75294
G1 X113.804 Y116.322 E285.77533
G1 X113.656 Y116.979 E285.79773
G1 X113.625 Y117.651 E285.8201
G1 X113.713 Y118.32 E285.84255
G1 X113.914 Y118.968 E285.86511
G1 X114.222 Y119.573 E285.88769
G1 X114.629 Y120.104 E285.90994
G1 X115.123 Y120.561 E285.93233
G1 X115.698 Y120.93 E285.95505
G1 X116.317 Y121.188 E285.97736
G1 X116.975 Y121.336 E285.99979
G1 X117.5 Y121.36 E286.01727
G0 F9000 X117.088 Y120.86
;TYPE:FILL
G1 F600 X114.144 Y117.916 E286.15574
G0 F9000 X114.132 Y117.096
G1 F600 X117.081 Y114.147 E286.29446
G0 F9000 X117.908 Y114.136
G1 F600 X120.846 Y117.074 E286.43265
G0 F9000 X120.855 Y117.916
G1 F600 X117.923 Y120.849 E286.57059
G0 F9000 X117.895 Y120.623
G0 X119.72 Y119.733
G0 X119.887 Y119.887
G1 F600 X115.105 Y115.105 E286.79552
G0 F9000 X115.276 Y115.263
G0 X119.733 Y115.28
G0 X119.889 Y115.111
G1 F600 X115.106 Y119.893 E287.02047
G0 F9000 X115.467 Y119.503
;MESH:NONMESH
G0 F300 X115.467 Y119.503 Z19.4
G0 F9000 X117.515 Y120.655
G0 X117.5 Y120.96
;TIME_ELAPSED:963.615170
;LAYER:96
;note -- min layer time used
;TYPE:WALL-INNER
;MESH:FT09-Input Shaft.stl
G1 F600 X117.632 Y120.966 E287.02487
G1 X118.232 Y120.891 E287.04498
G1 X118.811 Y120.71 E287.06515
G1 X119.353 Y120.431 E287.08543
G1 X119.83 Y120.066 E287.10541
G1 X120.24 Y119.622 E287.12551
G1 X120.57 Y119.111 E287.14574
G1 X120.802 Y118.557 E287.16572
G1 X120.934 Y117.967 E287.18582
G1 X120.962 Y117.361 E287.206
G1 X120.887 Y116.76 E287.22615
G1 X120.706 Y116.181 E287.24632
G1 X120.427 Y115.639 E287.2666
G1 X120.062 Y115.162 E287.28657
G1 X119.619 Y114.753 E287.30663
G1 X119.107 Y114.425 E287.32685
G1 X118.551 Y114.19 E287.34693
G1 X117.963 Y114.058 E287.36697
G1 X117.358 Y114.03 E287.38712
G1 X116.758 Y114.109 E287.40724
G1 X116.176 Y114.29 E287.42752
G1 X115.633 Y114.566 E287.44778
G1 X115.158 Y114.93 E287.46768
G1 X114.75 Y115.372 E287.48769
G1 X114.422 Y115.888 E287.50802
G1 X114.186 Y116.445 E287.52814
G1 X114.054 Y117.033 E287.54819
G1 X114.026 Y117.634 E287.5682
G1 X114.105 Y118.234 E287.58833
G1 X114.286 Y118.816 E287.6086
G1 X114.562 Y119.359 E287.62886
G1 X114.926 Y119.834 E287.64876
G1 X115.369 Y120.243 E287.66881
G1 X115.884 Y120.574 E287.68918
G1 X116.439 Y120.806 E287.70918
G1 X117.029 Y120.938 E287.72929
G1 X117.5 Y120.96 E287.74498
G0 F9000 X117.5 Y121.36
;TYPE:WALL-OUTER
G1 F600 X117.648 Y121.367 E287.7499
G1 X118.317 Y121.283 E287.77233
G1 X118.963 Y121.082 E287.79483
G1 X119.568 Y120.77 E287.81747
G1 X120.1 Y120.363 E287.83975
G1 X120.557 Y119.868 E287.86216
G1 X120.926 Y119.298 E287.88474
G1 X121.184 Y118.679 E287.90705
G1 X121.332 Y118.021 E287.92948
G1 X121.363 Y117.345 E287.95199
G1 X121.279 Y116.675 E287.97444
G1 X121.078 Y116.029 E287.99695
G1 X120.766 Y115.424 E288.01959
G1 X120.359 Y114.892 E288.04187
G1 X119.865 Y114.435 E288.06425
G1 X119.294 Y114.07 E288.08679
G1 X118.674 Y113.808 E288.10918
G1 X118.017 Y113.66 E288.13158
G1 X117.341 Y113.629 E288.15408
G1 X116.672 Y113.717 E288.17653
G1 X116.024 Y113.918 E288.19909
G1 X115.419 Y114.226 E288.22167
G1 X114.888 Y114.633 E288.24392
G1 X114.432 Y115.127 E288.26628
G1 X114.066 Y115.702 E288.28895
G1 X113.804 Y116.322 E288.31134
G1 X113.656 Y116.979 E288.33374
G1 X113.625 Y117.651 E288.35612
G1 X113.713 Y118.32 E288.37856
G1 X113.914 Y118.968 E288.40112
G1 X114.222 Y119.573 E288.4237
G1 X114.629 Y120.104 E288.44596
G1 X115.123 Y120.561 E288.46834
G1 X115.698 Y120.93 E288.49106
G1 X116.317 Y121.188 E288.51337
G1 X116.975 Y121.336 E288.5358
G1 X117.5 Y121.36 E288.55328
G0 F9000 X117.088 Y120.86
;TYPE:FILL
G1 F600 X114.144 Y117.916 E288.69176
G0 F9000 X114.132 Y117.096
G1 F600 X117.081 Y114.147 E288.83047
G0 F9000 X117.908 Y114.136
G1 F600 X120.846 Y117.074 E288.96866
G0 F9000 X120.855 Y117.916
G1 F600 X117.923 Y120.849 E289.1066
G0 F9000 X117.895 Y120.623
G0 X119.72 Y119.733
G0 X119.887 Y119.887
G1 F600 X115.105 Y115.105 E289.33153
G0 F9000 X115.276 Y115.263
G0 X119.733 Y115.28
G0 X119.889 Y115.111
G1 F600 X115.106 Y119.893 E289.55648
G0 F9000 X115.467 Y119.503
;MESH:NONMESH
G0 F300 X115.467 Y119.503 Z19.6
G0 F9000 X117.515 Y120.655
G0 X117.5 Y120.96
;TIME_ELAPSED:972.195702
;LAYER:97
;note -- min layer time used
;TYPE:WALL-INNER
;MESH:FT09-Input Shaft.stl
G1 F600 X117.632 Y120.966 E289.56088
G1 X118.232 Y120.891 E289.58099
G1 X118.811 Y120.71 E289.60117
G1 X119.353 Y120.431 E289.62144
G1 X119.83 Y120.066 E289.64142
G1 X120.24 Y119.622 E289.66152
G1 X120.57 Y119.111 E289.68175
G1 X120.802 Y118.557 E289.70173
G1 X120.934 Y117.967 E289.72184
G1 X120.962 Y117.361 E289.74201
G1 X120.887 Y116.76 E289.76216
G1 X120.706 Y116.181 E289.78233
G1 X120.427 Y115.639 E289.80261
G1 X120.062 Y115.162 E289.82259
G1 X119.619 Y114.753 E289.84264
G1 X119.107 Y114.425 E289.86286
G1 X118.551 Y114.19 E289.88294
G1 X117.963 Y114.058 E289.90298
G1 X117.358 Y114.03 E289.92313
G1 X116.758 Y114.109 E289.94326
G1 X116.176 Y114.29 E289.96353
G1 X115.633 Y114.566 E289.98379
G1 X115.158 Y114.93 E290.00369
G1 X114.75 Y115.372 E290.0237
G1 X114.422 Y115.888 E290.04403
G1 X114.186 Y116.445 E290.06415
G1 X114.054 Y117.033 E290.0842
G1 X114.026 Y117.634 E290.10421
G1 X114.105 Y118.234 E290.12434
G1 X114.286 Y118.816 E290.14461
G1 X114.562 Y119.359 E290.16487
G1 X114.926 Y119.834 E290.18477
G1 X115.369 Y120.243 E290.20483
G1 X115.884 Y120.574 E290.22519
G1 X116.439 Y120.806 E290.2452
G1 X117.029 Y120.938 E290.2653
G1 X117.5 Y120.96 E290.28099
G0 F9000 X117.5 Y121.36
;TYPE:WALL-OUTER
G1 F600 X117.648 Y121.367 E290.28591
G1 X118.317 Y121.283 E290.30834
G1 X118.963 Y121.082 E290.33084
G1 X119.568 Y120.77 E290.35348
G1 X120.1 Y120.363 E290.37576
G1 X120.557 Y119.868 E290.39817
G1 X120.926 Y119.298 E290.42075
G1 X121.184 Y118.679 E290.44306
G1 X121.332 Y118.021 E290.46549
G1 X121.363 Y117.345 E290.488
G1 X121.279 Y116.675 E290.51046
G1 X121.078 Y116.029 E290.53296
G1 X120.766 Y115.424 E290.5556
G1 X120.359 Y114.892 E290.57788
G1 X119.865 Y114.435 E290.60026
G1 X119.294 Y114.07 E290.6228
G1 X118.674 Y113.808 E290.64519
G1 X118.017 Y113.66 E290.66759
G1 X117.341 Y113.629 E290.69009
G1 X116.672 Y113.717 E290.71254
G1 X116.024 Y113.918 E290.7351
G1 X115.419 Y114.226 E290.75768
G1 X114.888 Y114.633 E290.77993
G1 X114.432 Y115.127 E290.80229
G1 X114.066 Y115.702 E290.82497
G1 X113.804 Y116.322 E290.84735
G1 X113.656 Y116.979 E290.86975
G1 X113.625 Y117.651 E290.89213
G1 X113.713 Y118.32 E290.91457
G1 X113.914 Y118.968 E290.93713
G1 X114.222 Y119.573 E290.95971
G1 X114.629 Y120.104 E290.98197
G1 X115.123 Y120.561 E291.00435
G1 X115.698 Y120.93 E291.02707
G1 X116.317 Y121.188 E291.04938
G1 X116.975 Y121.336 E291.07181
G1 X117.5 Y121.36 E291.08929
G0 F9000 X117.088 Y120.86
;TYPE:FILL
G1 F600 X114.144 Y117.916 E291.22777
G0 F9000 X114.132 Y117.096
G1 F600 X117.081 Y114.147 E291.36648
G0 F9000 X117.908 Y114.136
G1 F600 X120.846 Y117.074 E291.50467
G0 F9000 X120.855 Y117.916
G1 F600 X117.923 Y120.849 E291.64261
G0 F9000 X117.895 Y120.623
G0 X119.72 Y119.733
G0 X119.887 Y119.887
G1 F600 X115.105 Y115.105 E291.86754
G0 F9000 X115.276 Y115.263
G0 X119.733 Y115.28
G0 X119.889 Y115.111
G1 F600 X115.106 Y119.893 E292.09249
G0 F9000 X115.467 Y119.503
;MESH:NONMESH
G0 F300 X115.467 Y119.503 Z19.8
G0 F9000 X117.515 Y120.655
G0 X117.5 Y120.96
;TIME_ELAPSED:980.776234
;LAYER:98
;note -- min layer time used
;TYPE:WALL-INNER
;MESH:FT09-Input Shaft.stl
G1 F600 X117.632 Y120.966 E292.09689
G1 X118.232 Y120.891 E292.117
G1 X118.811 Y120.71 E292.13718
G1 X119.353 Y120.431 E292.15745
G1 X119.83 Y120.066 E292.17743
G1 X120.24 Y119.622 E292.19753
G1 X120.57 Y119.111 E292.21776
G1 X120.802 Y118.557 E292.23774
G1 X120.934 Y117.967 E292.25785
G1 X120.962 Y117.361 E292.27802
G1 X120.887 Y116.76 E292.29817
G1 X120.706 Y116.181 E292.31834
G1 X120.427 Y115.639 E292.33862
G1 X120.062 Y115.162 E292.3586
G1 X119.619 Y114.753 E292.37865
G1 X119.107 Y114.425 E292.39887
G1 X118.551 Y114.19 E292.41895
G1 X117.963 Y114.058 E292.43899
G1 X117.358 Y114.03 E292.45914
G1 X116.758 Y114.109 E292.47927
G1 X116.176 Y114.29 E292.49954
G1 X115.633 Y114.566 E292.5198
G1 X115.158 Y114.93 E292.5397
G1 X114.75 Y115.372 E292.55971
G1 X114.422 Y115.888 E292.58004
G1 X114.186 Y116.445 E292.60017
G1 X114.054 Y117.033 E292.62021
G1 X114.026 Y117.634 E292.64022
G1 X114.105 Y118.234 E292.66035
G1 X114.286 Y118.816 E292.68062
G1 X114.562 Y119.359 E292.70088
G1 X114.926 Y119.834 E292.72078
G1 X115.369 Y120.243 E292.74084
G1 X115.884 Y120.574 E292.7612
G1 X116.439 Y120.806 E292.78121
G1 X117.029 Y120.938 E292.80131
G1 X117.5 Y120.96 E292.817
G0 F9000 X117.5 Y121.36
;TYPE:WALL-OUTER
G1 F600 X117.648 Y121.367 E292.82193
G1 X118.317 Y121.283 E292.84435
G1 X118.963 Y121.082 E292.86685
G1 X119.568 Y120.77 E292.88949
G1 X120.1 Y120.363 E292.91177
G1 X120.557 Y119.868 E292.93418
G1 X120.926 Y119.298 E292.95676
G1 X121.184 Y118.679 E292.97907
G1 X121.332 Y118.021 E293.0015
G1 X121.363 Y117.345 E293.02401
G1 X121.279 Y116.675 E293.04647
G1 X121.078 Y116.029 E293.06897
G1 X120.766 Y115.424 E293.09161
G1 X120.359 Y114.892 E293.11389
G1 X119.865 Y114.435 E293.13627
G1 X119.294 Y114.07 E293.15881
G1 X118.674 Y113.808 E293.1812
G1 X118.017 Y113.66 E293.2036
G1 X117.341 Y113.629 E293.2261
G1 X116.672 Y113.717 E293.24855
G1 X116.024 Y113.918 E293.27111
G1 X115.419 Y114.226 E293.29369
G1 X114.888 Y114.633 E293.31595
G1 X114.432 Y115.127 E293.33831
G1 X114.066 Y115.702 E293.36098
G1 X113.804 Y116.322 E293.38336
G1 X113.656 Y116.979 E293.40576
G1 X113.625 Y117.651 E293.42814
G1 X113.713 Y118.32 E293.45058
G1 X113.914 Y118.968 E293.47315
G1 X114.222 Y119.573 E293.49573
G1 X114.629 Y120.104 E293.51798
G1 X115.123 Y120.561 E293.54036
G1 X115.698 Y120.93 E293.56308
G1 X116.317 Y121.188 E293.58539
G1 X116.975 Y121.336 E293.60782
G1 X117.5 Y121.36 E293.6253
G0 F9000 X117.088 Y120.86
;TYPE:FILL
G1 F600 X114.144 Y117.916 E293.76378
G0 F9000 X114.132 Y117.096
G1 F600 X117.081 Y114.147 E293.90249
G0 F9000 X117.908 Y114.136
G1 F600 X120.846 Y117.074 E294.04068
G0 F9000 X120.855 Y117.916
G1 F600 X117.923 Y120.849 E294.17862
G0 F9000 X117.895 Y120.623
G0 X119.72 Y119.733
G0 X119.887 Y119.887
G1 F600 X115.105 Y115.105 E294.40355
G0 F9000 X115.276 Y115.263
G0 X119.733 Y115.28
G0 X119.889 Y115.111
G1 F600 X115.106 Y119.893 E294.6285
G0 F9000 X115.467 Y119.503
;MESH:NONMESH
G0 F300 X115.467 Y119.503 Z20
G0 F9000 X117.515 Y120.655
G0 X117.5 Y120.96
;TIME_ELAPSED:989.356767
;LAYER:99
;note -- min layer time used
;TYPE:WALL-INNER
;MESH:FT09-Input Shaft.stl
G1 F600 X117.632 Y120.966 E294.6329
G1 X118.232 Y120.891 E294.65301
G1 X118.811 Y120.71 E294.67319
G1 X119.353 Y120.431 E294.69346
G1 X119.83 Y120.066 E294.71344
G1 X120.24 Y119.622 E294.73354
G1 X120.57 Y119.111 E294.75377
G1 X120.802 Y118.557 E294.77375
G1 X120.934 Y117.967 E294.79386
G1 X120.962 Y117.361 E294.81403
G1 X120.887 Y116.76 E294.83418
G1 X120.706 Y116.181 E294.85436
G1 X120.427 Y115.639 E294.87463
G1 X120.062 Y115.162 E294.89461
G1 X119.619 Y114.753 E294.91466
G1 X119.107 Y114.425 E294.93489
G1 X118.551 Y114.19 E294.95496
G1 X117.963 Y114.058 E294.97501
G1 X117.358 Y114.03 E294.99515
G1 X116.758 Y114.109 E295.01528
G1 X116.176 Y114.29 E295.03555
G1 X115.633 Y114.566 E295.05581
G1 X115.158 Y114.93 E295.07571
G1 X114.75 Y115.372 E295.09572
G1 X114.422 Y115.888 E295.11606
G1 X114.186 Y116.445 E295.13618
G1 X114.054 Y117.033 E295.15622
G1 X114.026 Y117.634 E295.17623
G1 X114.105 Y118.234 E295.19636
G1 X114.286 Y118.816 E295.21663
G1 X114.562 Y119.359 E295.23689
G1 X114.926 Y119.834 E295.25679
G1 X115.369 Y120.243 E295.27685
G1 X115.884 Y120.574 E295.29721
G1 X116.439 Y120.806 E295.31722
G1 X117.029 Y120.938 E295.33733
G1 X117.5 Y120.96 E295.35301
G0 F9000 X117.5 Y121.36
;TYPE:WALL-OUTER
G1 F600 X117.648 Y121.367 E295.35794
G1 X118.317 Y121.283 E295.38036
G1 X118.963 Y121.082 E295.40286
G1 X119.568 Y120.77 E295.4255
G1 X120.1 Y120.363 E295.44778
G1 X120.557 Y119.868 E295.47019
G1 X120.926 Y119.298 E295.49277
G1 X121.184 Y118.679 E295.51508
G1 X121.332 Y118.021 E295.53751
G1 X121.363 Y117.345 E295.56002
G1 X121.279 Y116.675 E295.58248
G1 X121.078 Y116.029 E295.60498
G1 X120.766 Y115.424 E295.62762
G1 X120.359 Y114.892 E295.6499
G1 X119.865 Y114.435 E295.67228
G1 X119.294 Y114.07 E295.69482
G1 X118.674 Y113.808 E295.71721
G1 X118.017 Y113.66 E295.73961
G1 X117.341 Y113.629 E295.76212
G1 X116.672 Y113.717 E295.78456
G1 X116.024 Y113.918 E295.80712
G1 X115.419 Y114.226 E295.8297
G1 X114.888 Y114.633 E295.85196
G1 X114.432 Y115.127 E295.87432
G1 X114.066 Y115.702 E295.89699
G1 X113.804 Y116.322 E295.91937
G1 X113.656 Y116.979 E295.94177
G1 X113.625 Y117.651 E295.96415
G1 X113.713 Y118.32 E295.98659
G1 X113.914 Y118.968 E296.00916
G1 X114.222 Y119.573 E296.03174
G1 X114.629 Y120.104 E296.05399
G1 X115.123 Y120.561 E296.07637
G1 X115.698 Y120.93 E296.0991
G1 X116.317 Y121.188 E296.1214
G1 X116.975 Y121.336 E296.14383
G1 X117.5 Y121.36 E296.16131
G0 F9000 X117.088 Y120.86
;TYPE:FILL
G1 F600 X114.144 Y117.916 E296.29979
G0 F9000 X114.132 Y117.096
G1 F600 X117.081 Y114.147 E296.4385
G0 F9000 X117.908 Y114.136
G1 F600 X120.846 Y117.074 E296.57669
G0 F9000 X120.855 Y117.916
G1 F600 X117.923 Y120.849 E296.71463
G0 F9000 X117.895 Y120.623
G0 X119.72 Y119.733
G0 X119.887 Y119.887
G1 F600 X115.105 Y115.105 E296.93956
G0 F9000 X115.276 Y115.263
G0 X119.733 Y115.28
G0 X119.889 Y115.111
G1 F600 X115.106 Y119.893 E297.16452
G0 F9000 X115.467 Y119.503
;MESH:NONMESH
G0 F300 X115.467 Y119.503 Z20.2
G0 F9000 X117.515 Y120.655
G0 X117.5 Y120.96
;TIME_ELAPSED:997.937299
;LAYER:100
;note -- min layer time used
;TYPE:WALL-INNER
;MESH:FT09-Input Shaft.stl
G1 F600 X117.632 Y120.966 E297.16891
G1 X118.232 Y120.891 E297.18902
G1 X118.811 Y120.71 E297.2092
G1 X119.353 Y120.431 E297.22947
G1 X119.83 Y120.066 E297.24945
G1 X120.24 Y119.622 E297.26955
G1 X120.57 Y119.111 E297.28978
G1 X120.802 Y118.557 E297.30976
G1 X120.934 Y117.967 E297.32987
G1 X120.962 Y117.361 E297.35005
G1 X120.887 Y116.76 E297.37019
G1 X120.706 Y116.181 E297.39037
G1 X120.427 Y115.639 E297.41064
G1 X120.062 Y115.162 E297.43062
G1 X119.619 Y114.753 E297.45067
G1 X119.107 Y114.425 E297.4709
G1 X118.551 Y114.19 E297.49097
G1 X117.963 Y114.058 E297.51102
G1 X117.358 Y114.03 E297.53116
G1 X116.758 Y114.109 E297.55129
G1 X116.176 Y114.29 E297.57156
G1 X115.633 Y114.566 E297.59182
G1 X115.158 Y114.93 E297.61172
G1 X114.75 Y115.372 E297.63173
G1 X114.422 Y115.888 E297.65207
G1 X114.186 Y116.445 E297.67219
G1 X114.054 Y117.033 E297.69223
G1 X114.026 Y117.634 E297.71224
G1 X114.105 Y118.234 E297.73237
G1 X114.286 Y118.816 E297.75264
G1 X114.562 Y119.359 E297.7729
G1 X114.926 Y119.834 E297.79281
G1 X115.369 Y120.243 E297.81286
G1 X115.884 Y120.574 E297.83322
G1 X116.439 Y120.806 E297.85323
G1 X117.029 Y120.938 E297.87334
G1 X117.5 Y120.96 E297.88902
G0 F9000 X117.5 Y121.36
;TYPE:WALL-OUTER
G1 F600 X117.648 Y121.367 E297.89395
G1 X118.317 Y121.283 E297.91637
G1 X118.963 Y121.082 E297.93887
G1 X119.568 Y120.77 E297.96152
G1 X120.1 Y120.363 E297.98379
G1 X120.557 Y119.868 E298.0062
G1 X120.926 Y119.298 E298.02879
G1 X121.184 Y118.679 E298.05109
G1 X121.332 Y118.021 E298.07352
G1 X121.363 Y117.345 E298.09603
G1 X121.279 Y116.675 E298.11849
G1 X121.078 Y116.029 E298.14099
G1 X120.766 Y115.424 E298.16363
G1 X120.359 Y114.892 E298.18591
G1 X119.865 Y114.435 E298.20829
G1 X119.294 Y114.07 E298.23083
G1 X118.674 Y113.808 E298.25322
G1 X118.017 Y113.66 E298.27562
G1 X117.341 Y113.629 E298.29813
G1 X116.672 Y113.717 E298.32057
G1 X116.024 Y113.918 E298.34314
G1 X115.419 Y114.226 E298.36572
G1 X114.888 Y114.633 E298.38797
G1 X114.432 Y115.127 E298.41033
G1 X114.066 Y115.702 E298.433
G1 X113.804 Y116.322 E298.45538
G1 X113.656 Y116.979 E298.47778
G1 X113.625 Y117.651 E298.50016
G1 X113.713 Y118.32 E298.5226
G1 X113.914 Y118.968 E298.54517
G1 X114.222 Y119.573 E298.56775
G1 X114.629 Y120.104 E298.59
G1 X115.123 Y120.561 E298.61238
G1 X115.698 Y120.93 E298.63511
G1 X116.317 Y121.188 E298.65741
G1 X116.975 Y121.336 E298.67984
G1 X117.5 Y121.36 E298.69732
G0 F9000 X117.088 Y120.86
;TYPE:FILL
G1 F600 X114.144 Y117.916 E298.8358
G0 F9000 X114.132 Y117.096
G1 F600 X117.081 Y114.147 E298.97451
G0 F9000 X117.908 Y114.136
G1 F600 X120.846 Y117.074 E299.11271
G0 F9000 X120.855 Y117.916
G1 F600 X117.923 Y120.849 E299.25064
G0 F9000 X117.895 Y120.623
G0 X119.72 Y119.733
G0 X119.887 Y119.887
G1 F600 X115.105 Y115.105 E299.47557
G0 F9000 X115.276 Y115.263
G0 X119.733 Y115.28
G0 X119.889 Y115.111
G1 F600 X115.106 Y119.893 E299.70053
G0 F9000 X115.467 Y119.503
;MESH:NONMESH
G0 F300 X115.467 Y119.503 Z20.4
G0 F9000 X117.515 Y120.655
G0 X117.5 Y120.96
;TIME_ELAPSED:1006.517831
;LAYER:101
;note -- min layer time used
;TYPE:WALL-INNER
;MESH:FT09-Input Shaft.stl
G1 F600 X117.632 Y120.966 E299.70492
G1 X118.232 Y120.891 E299.72503
G1 X118.811 Y120.71 E299.74521
G1 X119.353 Y120.431 E299.76548
G1 X119.83 Y120.066 E299.78546
G1 X120.24 Y119.622 E299.80556
G1 X120.57 Y119.111 E299.82579
G1 X120.802 Y118.557 E299.84577
G1 X120.934 Y117.967 E299.86588
G1 X120.962 Y117.361 E299.88606
G1 X120.887 Y116.76 E299.9062
G1 X120.706 Y116.181 E299.92638
G1 X120.427 Y115.639 E299.94665
G1 X120.062 Y115.162 E299.96663
G1 X119.619 Y114.753 E299.98668
G1 X119.107 Y114.425 E300.00691
G1 X118.551 Y114.19 E300.02698
G1 X117.963 Y114.058 E300.04703
G1 X117.358 Y114.03 E300.06717
G1 X116.758 Y114.109 E300.0873
G1 X116.176 Y114.29 E300.10757
G1 X115.633 Y114.566 E300.12783
G1 X115.158 Y114.93 E300.14774
G1 X114.75 Y115.372 E300.16774
G1 X114.422 Y115.888 E300.18808
G1 X114.186 Y116.445 E300.2082
G1 X114.054 Y117.033 E300.22824
G1 X114.026 Y117.634 E300.24825
G1 X114.105 Y118.234 E300.26838
G1 X114.286 Y118.816 E300.28865
G1 X114.562 Y119.359 E300.30891
G1 X114.926 Y119.834 E300.32882
G1 X115.369 Y120.243 E300.34887
G1 X115.884 Y120.574 E300.36923
G1 X116.439 Y120.806 E300.38924
G1 X117.029 Y120.938 E300.40935
G1 X117.5 Y120.96 E300.42503
G0 F9000 X117.5 Y121.36
;TYPE:WALL-OUTER
G1 F600 X117.648 Y121.367 E300.42996
G1 X118.317 Y121.283 E300.45238
G1 X118.963 Y121.082 E300.47489
G1 X119.568 Y120.77 E300.49753
G1 X120.1 Y120.363 E300.51981
G1 X120.557 Y119.868 E300.54221
G1 X120.926 Y119.298 E300.5648
G1 X121.184 Y118.679 E300.5871
G1 X121.332 Y118.021 E300.60953
G1 X121.363 Y117.345 E300.63204
G1 X121.279 Y116.675 E300.6545
G1 X121.078 Y116.029 E300.677
G1 X120.766 Y115.424 E300.69964
G1 X120.359 Y114.892 E300.72192
G1 X119.865 Y114.435 E300.7443
G1 X119.294 Y114.07 E300.76684
G1 X118.674 Y113.808 E300.78923
G1 X118.017 Y113.66 E300.81163
G1 X117.341 Y113.629 E300.83414
G1 X116.672 Y113.717 E300.85658
G1 X116.024 Y113.918 E300.87915
G1 X115.419 Y114.226 E300.90173
G1 X114.888 Y114.633 E300.92398
G1 X114.432 Y115.127 E300.94634
G1 X114.066 Y115.702 E300.96901
G1 X113.804 Y116.322 E300.9914
G1 X113.656 Y116.979 E301.0138
G1 X113.625 Y117.651 E301.03617
G1 X113.713 Y118.32 E301.05861
G1 X113.914 Y118.968 E301.08118
G1 X114.222 Y119.573 E301.10376
G1 X114.629 Y120.104 E301.12601
G1 X115.123 Y120.561 E301.14839
G1 X115.698 Y120.93 E301.17112
G1 X116.317 Y121.188 E301.19342
G1 X116.975 Y121.336 E301.21585
G1 X117.5 Y121.36 E301.23333
G0 F9000 X117.088 Y120.86
;TYPE:FILL
G1 F600 X114.144 Y117.916 E301.37181
G0 F9000 X114.132 Y117.096
G1 F600 X117.081 Y114.147 E301.51052
G0 F9000 X117.908 Y114.136
G1 F600 X120.846 Y117.074 E301.64872
G0 F9000 X120.855 Y117.916
G1 F600 X117.923 Y120.849 E301.78665
G0 F9000 X117.895 Y120.623
G0 X119.72 Y119.733
G0 X119.887 Y119.887
G1 F600 X115.105 Y115.105 E302.01158
G0 F9000 X115.276 Y115.263
G0 X119.733 Y115.28
G0 X119.889 Y115.111
G1 F600 X115.106 Y119.893 E302.23654
G0 F9000 X115.467 Y119.503
;MESH:NONMESH
G0 F300 X115.467 Y119.503 Z20.6
G0 F9000 X117.515 Y120.655
G0 X117.5 Y120.96
;TIME_ELAPSED:1015.098363
;LAYER:102
;note -- min layer time used
;TYPE:WALL-INNER
;MESH:FT09-Input Shaft.stl
G1 F600 X117.632 Y120.966 E302.24093
G1 X118.232 Y120.891 E302.26104
G1 X118.811 Y120.71 E302.28122
G1 X119.353 Y120.431 E302.3015
G1 X119.83 Y120.066 E302.32147
G1 X120.24 Y119.622 E302.34157
G1 X120.57 Y119.111 E302.36181
G1 X120.802 Y118.557 E302.38178
G1 X120.934 Y117.967 E302.40189
G1 X120.962 Y117.361 E302.42207
G1 X120.887 Y116.76 E302.44221
G1 X120.706 Y116.181 E302.46239
G1 X120.427 Y115.639 E302.48266
G1 X120.062 Y115.162 E302.50264
G1 X119.619 Y114.753 E302.52269
G1 X119.107 Y114.425 E302.54292
G1 X118.551 Y114.19 E302.56299
G1 X117.963 Y114.058 E302.58304
G1 X117.358 Y114.03 E302.60318
G1 X116.758 Y114.109 E302.62331
G1 X116.176 Y114.29 E302.64358
G1 X115.633 Y114.566 E302.66384
G1 X115.158 Y114.93 E302.68375
G1 X114.75 Y115.372 E302.70375
G1 X114.422 Y115.888 E302.72409
G1 X114.186 Y116.445 E302.74421
G1 X114.054 Y117.033 E302.76425
G1 X114.026 Y117.634 E302.78426
G1 X114.105 Y118.234 E302.80439
G1 X114.286 Y118.816 E302.82466
G1 X114.562 Y119.359 E302.84492
G1 X114.926 Y119.834 E302.86483
G1 X115.369 Y120.243 E302.88488
G1 X115.884 Y120.574 E302.90524
G1 X116.439 Y120.806 E302.92525
G1 X117.029 Y120.938 E302.94536
G1 X117.5 Y120.96 E302.96104
G0 F9000 X117.5 Y121.36
;TYPE:WALL-OUTER
G1 F600 X117.648 Y121.367 E302.96597
G1 X118.317 Y121.283 E302.98839
G1 X118.963 Y121.082 E303.0109
G1 X119.568 Y120.77 E303.03354
G1 X120.1 Y120.363 E303.05582
G1 X120.557 Y119.868 E303.07822
G1 X120.926 Y119.298 E303.10081
G1 X121.184 Y118.679 E303.12311
G1 X121.332 Y118.021 E303.14554
G1 X121.363 Y117.345 E303.16805
G1 X121.279 Y116.675 E303.19051
G1 X121.078 Y116.029 E303.21301
G1 X120.766 Y115.424 E303.23565
G1 X120.359 Y114.892 E303.25793
G1 X119.865 Y114.435 E303.28031
G1 X119.294 Y114.07 E303.30286
G1 X118.674 Y113.808 E303.32524
G1 X118.017 Y113.66 E303.34764
G1 X117.341 Y113.629 E303.37015
G1 X116.672 Y113.717 E303.39259
G1 X116.024 Y113.918 E303.41516
G1 X115.419 Y114.226 E303.43774
G1 X114.888 Y114.633 E303.45999
G1 X114.432 Y115.127 E303.48235
G1 X114.066 Y115.702 E303.50502
G1 X113.804 Y116.322 E303.52741
G1 X113.656 Y116.979 E303.54981
G1 X113.625 Y117.651 E303.57218
G1 X113.713 Y118.32 E303.59462
G1 X113.914 Y118.968 E303.61719
G1 X114.222 Y119.573 E303.63977
G1 X114.629 Y120.104 E303.66202
G1 X115.123 Y120.561 E303.6844
G1 X115.698 Y120.93 E303.70713
G1 X116.317 Y121.188 E303.72943
G1 X116.975 Y121.336 E303.75186
G1 X117.5 Y121.36 E303.76934
G0 F9000 X117.088 Y120.86
;TYPE:FILL
G1 F600 X114.144 Y117.916 E303.90782
G0 F9000 X114.132 Y117.096
G1 F600 X117.081 Y114.147 E304.04653
G0 F9000 X117.908 Y114.136
G1 F600 X120.846 Y117.074 E304.18473
G0 F9000 X120.855 Y117.916
G1 F600 X117.923 Y120.849 E304.32266
G0 F9000 X117.895 Y120.623
G0 X119.72 Y119.733
G0 X119.887 Y119.887
G1 F600 X115.105 Y115.105 E304.54759
G0 F9000 X115.276 Y115.263
G0 X119.733 Y115.28
G0 X119.889 Y115.111
G1 F600 X115.106 Y119.893 E304.77255
G0 F9000 X115.467 Y119.503
;MESH:NONMESH
G0 F300 X115.467 Y119.503 Z20.8
G0 F9000 X117.515 Y120.655
G0 X117.5 Y120.96
;TIME_ELAPSED:1023.678895
;LAYER:103
;note -- min layer time used
;TYPE:WALL-INNER
;MESH:FT09-Input Shaft.stl
G1 F600 X117.632 Y120.966 E304.77694
G1 X118.232 Y120.891 E304.79705
G1 X118.811 Y120.71 E304.81723
G1 X119.353 Y120.431 E304.83751
G1 X119.83 Y120.066 E304.85748
G1 X120.24 Y119.622 E304.87758
G1 X120.57 Y119.111 E304.89782
G1 X120.802 Y118.557 E304.91779
G1 X120.934 Y117.967 E304.9379
G1 X120.962 Y117.361 E304.95808
G1 X120.887 Y116.76 E304.97822
G1 X120.706 Y116.181 E304.9984
G1 X120.427 Y115.639 E305.01867
G1 X120.062 Y115.162 E305.03865
G1 X119.619 Y114.753 E305.05871
G1 X119.107 Y114.425 E305.07893
G1 X118.551 Y114.19 E305.09901
G1 X117.963 Y114.058 E305.11905
G1 X117.358 Y114.03 E305.13919
G1 X116.758 Y114.109 E305.15932
G1 X116.176 Y114.29 E305.17959
G1 X115.633 Y114.566 E305.19985
G1 X115.158 Y114.93 E305.21976
G1 X114.75 Y115.372 E305.23976
G1 X114.422 Y115.888 E305.2601
G1 X114.186 Y116.445 E305.28022
G1 X114.054 Y117.033 E305.30026
G1 X114.026 Y117.634 E305.32027
G1 X114.105 Y118.234 E305.3404
G1 X114.286 Y118.816 E305.36067
G1 X114.562 Y119.359 E305.38093
G1 X114.926 Y119.834 E305.40084
G1 X115.369 Y120.243 E305.42089
G1 X115.884 Y120.574 E305.44125
G1 X116.439 Y120.806 E305.46126
G1 X117.029 Y120.938 E305.48137
G1 X117.5 Y120.96 E305.49705
G0 F9000 X117.5 Y121.36
;TYPE:WALL-OUTER
G1 F600 X117.648 Y121.367 E305.50198
G1 X118.317 Y121.283 E305.52441
G1 X118.963 Y121.082 E305.54691
G1 X119.568 Y120.77 E305.56955
G1 X120.1 Y120.363 E305.59183
G1 X120.557 Y119.868 E305.61423
G1 X120.926 Y119.298 E305.63682
G1 X121.184 Y118.679 E305.65912
G1 X121.332 Y118.021 E305.68156
G1 X121.363 Y117.345 E305.70406
G1 X121.279 Y116.675 E305.72652
G1 X121.078 Y116.029 E305.74902
G1 X120.766 Y115.424 E305.77166
G1 X120.359 Y114.892 E305.79394
G1 X119.865 Y114.435 E305.81633
G1 X119.294 Y114.07 E305.83887
G1 X118.674 Y113.808 E305.86125
G1 X118.017 Y113.66 E305.88365
G1 X117.341 Y113.629 E305.90616
G1 X116.672 Y113.717 E305.9286
G1 X116.024 Y113.918 E305.95117
G1 X115.419 Y114.226 E305.97375
G1 X114.888 Y114.633 E305.996
G1 X114.432 Y115.127 E306.01836
G1 X114.066 Y115.702 E306.04103
G1 X113.804 Y116.322 E306.06342
G1 X113.656 Y116.979 E306.08582
G1 X113.625 Y117.651 E306.10819
G1 X113.713 Y118.32 E306.13063
G1 X113.914 Y118.968 E306.1532
G1 X114.222 Y119.573 E306.17578
G1 X114.629 Y120.104 E306.19803
G1 X115.123 Y120.561 E306.22042
G1 X115.698 Y120.93 E306.24314
G1 X116.317 Y121.188 E306.26544
G1 X116.975 Y121.336 E306.28788
G1 X117.5 Y121.36 E306.30536
G0 F9000 X117.088 Y120.86
;TYPE:FILL
G1 F600 X114.144 Y117.916 E306.44383
G0 F9000 X114.132 Y117.096
G1 F600 X117.081 Y114.147 E306.58254
G0 F9000 X117.908 Y114.136
G1 F600 X120.846 Y117.074 E306.72074
G0 F9000 X120.855 Y117.916
G1 F600 X117.923 Y120.849 E306.85867
G0 F9000 X117.895 Y120.623
G0 X119.72 Y119.733
G0 X119.887 Y119.887
G1 F600 X115.105 Y115.105 E307.08361
G0 F9000 X115.276 Y115.263
G0 X119.733 Y115.28
G0 X119.889 Y115.111
G1 F600 X115.106 Y119.893 E307.30856
G0 F9000 X115.467 Y119.503
;MESH:NONMESH
G0 F300 X115.467 Y119.503 Z21
G0 F9000 X117.515 Y120.655
G0 X117.5 Y120.96
;TIME_ELAPSED:1032.259427
;LAYER:104
;note -- min layer time used
;TYPE:WALL-INNER
;MESH:FT09-Input Shaft.stl
G1 F600 X117.632 Y120.966 E307.31295
G1 X118.232 Y120.891 E307.33307
G1 X118.811 Y120.71 E307.35324
G1 X119.353 Y120.431 E307.37352
G1 X119.83 Y120.066 E307.39349
G1 X120.24 Y119.622 E307.4136
G1 X120.57 Y119.111 E307.43383
G1 X120.802 Y118.557 E307.4538
G1 X120.934 Y117.967 E307.47391
G1 X120.962 Y117.361 E307.49409
G1 X120.887 Y116.76 E307.51423
G1 X120.706 Y116.181 E307.53441
G1 X120.427 Y115.639 E307.55469
G1 X120.062 Y115.162 E307.57466
G1 X119.619 Y114.753 E307.59472
G1 X119.107 Y114.425 E307.61494
G1 X118.551 Y114.19 E307.63502
G1 X117.963 Y114.058 E307.65506
G1 X117.358 Y114.03 E307.6752
G1 X116.758 Y114.109 E307.69533
G1 X116.176 Y114.29 E307.7156
G1 X115.633 Y114.566 E307.73586
G1 X115.158 Y114.93 E307.75577
G1 X114.75 Y115.372 E307.77577
G1 X114.422 Y115.888 E307.79611
G1 X114.186 Y116.445 E307.81623
G1 X114.054 Y117.033 E307.83627
G1 X114.026 Y117.634 E307.85629
G1 X114.105 Y118.234 E307.87641
G1 X114.286 Y118.816 E307.89669
G1 X114.562 Y119.359 E307.91695
G1 X114.926 Y119.834 E307.93685
G1 X115.369 Y120.243 E307.9569
G1 X115.884 Y120.574 E307.97726
G1 X116.439 Y120.806 E307.99727
G1 X117.029 Y120.938 E308.01738
G1 X117.5 Y120.96 E308.03306
G0 F9000 X117.5 Y121.36
;TYPE:WALL-OUTER
G1 F600 X117.648 Y121.367 E308.03799
G1 X118.317 Y121.283 E308.06042
G1 X118.963 Y121.082 E308.08292
G1 X119.568 Y120.77 E308.10556
G1 X120.1 Y120.363 E308.12784
G1 X120.557 Y119.868 E308.15025
G1 X120.926 Y119.298 E308.17283
G1 X121.184 Y118.679 E308.19513
G1 X121.332 Y118.021 E308.21757
G1 X121.363 Y117.345 E308.24007
G1 X121.279 Y116.675 E308.26253
G1 X121.078 Y116.029 E308.28503
G1 X120.766 Y115.424 E308.30768
G1 X120.359 Y114.892 E308.32995
G1 X119.865 Y114.435 E308.35234
G1 X119.294 Y114.07 E308.37488
G1 X118.674 Y113.808 E308.39726
G1 X118.017 Y113.66 E308.41966
G1 X117.341 Y113.629 E308.44217
G1 X116.672 Y113.717 E308.46461
G1 X116.024 Y113.918 E308.48718
G1 X115.419 Y114.226 E308.50976
G1 X114.888 Y114.633 E308.53201
G1 X114.432 Y115.127 E308.55437
G1 X114.066 Y115.702 E308.57704
G1 X113.804 Y116.322 E308.59943
G1 X113.656 Y116.979 E308.62183
G1 X113.625 Y117.651 E308.6442
G1 X113.713 Y118.32 E308.66665
G1 X113.914 Y118.968 E308.68921
G1 X114.222 Y119.573 E308.71179
G1 X114.629 Y120.104 E308.73404
G1 X115.123 Y120.561 E308.75643
G1 X115.698 Y120.93 E308.77915
G1 X116.317 Y121.188 E308.80145
G1 X116.975 Y121.336 E308.82389
G1 X117.5 Y121.36 E308.84137
G0 F9000 X117.088 Y120.86
;TYPE:FILL
G1 F600 X114.144 Y117.916 E308.97984
G0 F9000 X114.132 Y117.096
G1 F600 X117.081 Y114.147 E309.11856
G0 F9000 X117.908 Y114.136
G1 F600 X120.846 Y117.074 E309.25675
G0 F9000 X120.855 Y117.916
G1 F600 X117.923 Y120.849 E309.39469
G0 F9000 X117.895 Y120.623
G0 X119.72 Y119.733
G0 X119.887 Y119.887
G1 F600 X115.105 Y115.105 E309.61962
G0 F9000 X115.276 Y115.263
G0 X119.733 Y115.28
G0 X119.889 Y115.111
G1 F600 X115.106 Y119.893 E309.84457
G0 F9000 X115.467 Y119.503
;MESH:NONMESH
G0 F300 X115.467 Y119.503 Z21.2
G0 F9000 X117.515 Y120.655
G0 X117.5 Y120.96
;TIME_ELAPSED:1040.839960
;LAYER:105
;note -- min layer time used
;TYPE:WALL-INNER
;MESH:FT09-Input Shaft.stl
G1 F600 X117.632 Y120.966 E309.84897
G1 X118.232 Y120.891 E309.86908
G1 X118.811 Y120.71 E309.88925
G1 X119.353 Y120.431 E309.90953
G1 X119.83 Y120.066 E309.92951
G1 X120.24 Y119.622 E309.94961
G1 X120.57 Y119.111 E309.96984
G1 X120.802 Y118.557 E309.98981
G1 X120.934 Y117.967 E310.00992
G1 X120.962 Y117.361 E310.0301
G1 X120.887 Y116.76 E310.05024
G1 X120.706 Y116.181 E310.07042
G1 X120.427 Y115.639 E310.0907
G1 X120.062 Y115.162 E310.11067
G1 X119.619 Y114.753 E310.13073
G1 X119.107 Y114.425 E310.15095
G1 X118.551 Y114.19 E310.17103
G1 X117.963 Y114.058 E310.19107
G1 X117.358 Y114.03 E310.21122
G1 X116.758 Y114.109 E310.23134
G1 X116.176 Y114.29 E310.25162
G1 X115.633 Y114.566 E310.27187
G1 X115.158 Y114.93 E310.29178
G1 X114.75 Y115.372 E310.31179
G1 X114.422 Y115.888 E310.33212
G1 X114.186 Y116.445 E310.35224
G1 X114.054 Y117.033 E310.37229
G1 X114.026 Y117.634 E310.3923
G1 X114.105 Y118.234 E310.41242
G1 X114.286 Y118.816 E310.4327
G1 X114.562 Y119.359 E310.45296
G1 X114.926 Y119.834 E310.47286
G1 X115.369 Y120.243 E310.49291
G1 X115.884 Y120.574 E310.51328
G1 X116.439 Y120.806 E310.53328
G1 X117.029 Y120.938 E310.55339
G1 X117.5 Y120.96 E310.56907
G0 F9000 X117.5 Y121.36
;TYPE:WALL-OUTER
G1 F600 X117.648 Y121.367 E310.574
G1 X118.317 Y121.283 E310.59643
G1 X118.963 Y121.082 E310.61893
G1 X119.568 Y120.77 E310.64157
G1 X120.1 Y120.363 E310.66385
G1 X120.557 Y119.868 E310.68626
G1 X120.926 Y119.298 E310.70884
G1 X121.184 Y118.679 E310.73115
G1 X121.332 Y118.021 E310.75358
G1 X121.363 Y117.345 E310.77608
G1 X121.279 Y116.675 E310.79854
G1 X121.078 Y116.029 E310.82105
G1 X120.766 Y115.424 E310.84369
G1 X120.359 Y114.892 E310.86596
G1 X119.865 Y114.435 E310.88835
G1 X119.294 Y114.07 E310.91089
G1 X118.674 Y113.808 E310.93327
G1 X118.017 Y113.66 E310.95567
G1 X117.341 Y113.629 E310.97818
G1 X116.672 Y113.717 E311.00062
G1 X116.024 Y113.918 E311.02319
G1 X115.419 Y114.226 E311.04577
G1 X114.888 Y114.633 E311.06802
G1 X114.432 Y115.127 E311.09038
G1 X114.066 Y115.702 E311.11305
G1 X113.804 Y116.322 E311.13544
G1 X113.656 Y116.979 E311.15784
G1 X113.625 Y117.651 E311.18021
G1 X113.713 Y118.32 E311.20266
G1 X113.914 Y118.968 E311.22522
G1 X114.222 Y119.573 E311.2478
G1 X114.629 Y120.104 E311.27005
G1 X115.123 Y120.561 E311.29244
G1 X115.698 Y120.93 E311.31516
G1 X116.317 Y121.188 E311.33747
G1 X116.975 Y121.336 E311.3599
G1 X117.5 Y121.36 E311.37738
G0 F9000 X117.088 Y120.86
;TYPE:FILL
G1 F600 X114.144 Y117.916 E311.51585
G0 F9000 X114.132 Y117.096
G1 F600 X117.081 Y114.147 E311.65457
G0 F9000 X117.908 Y114.136
G1 F600 X120.846 Y117.074 E311.79276
G0 F9000 X120.855 Y117.916
G1 F600 X117.923 Y120.849 E311.9307
G0 F9000 X117.895 Y120.623
G0 X119.72 Y119.733
G0 X119.887 Y119.887
G1 F600 X115.105 Y115.105 E312.15563
G0 F9000 X115.276 Y115.263
G0 X119.733 Y115.28
G0 X119.889 Y115.111
G1 F600 X115.106 Y119.893 E312.38058
G0 F9000 X115.467 Y119.503
;MESH:NONMESH
G0 F300 X115.467 Y119.503 Z21.4
G0 F9000 X117.515 Y120.655
G0 X117.5 Y120.96
;TIME_ELAPSED:1049.420492
;LAYER:106
;note -- min layer time used
;TYPE:WALL-INNER
;MESH:FT09-Input Shaft.stl
G1 F600 X117.632 Y120.966 E312.38498
G1 X118.232 Y120.891 E312.40509
G1 X118.811 Y120.71 E312.42526
G1 X119.353 Y120.431 E312.44554
G1 X119.83 Y120.066 E312.46552
G1 X120.24 Y119.622 E312.48562
G1 X120.57 Y119.111 E312.50585
G1 X120.802 Y118.557 E312.52583
G1 X120.934 Y117.967 E312.54593
G1 X120.962 Y117.361 E312.56611
G1 X120.887 Y116.76 E312.58626
G1 X120.706 Y116.181 E312.60643
G1 X120.427 Y115.639 E312.62671
G1 X120.062 Y115.162 E312.64668
G1 X119.619 Y114.753 E312.66674
G1 X119.107 Y114.425 E312.68696
G1 X118.551 Y114.19 E312.70704
G1 X117.963 Y114.058 E312.72708
G1 X117.358 Y114.03 E312.74723
G1 X116.758 Y114.109 E312.76735
G1 X116.176 Y114.29 E312.78763
G1 X115.633 Y114.566 E312.80789
G1 X115.158 Y114.93 E312.82779
G1 X114.75 Y115.372 E312.8478
G1 X114.422 Y115.888 E312.86813
G1 X114.186 Y116.445 E312.88825
G1 X114.054 Y117.033 E312.9083
G1 X114.026 Y117.634 E312.92831
G1 X114.105 Y118.234 E312.94844
G1 X114.286 Y118.816 E312.96871
G1 X114.562 Y119.359 E312.98897
G1 X114.926 Y119.834 E313.00887
G1 X115.369 Y120.243 E313.02892
G1 X115.884 Y120.574 E313.04929
G1 X116.439 Y120.806 E313.06929
G1 X117.029 Y120.938 E313.0894
G1 X117.5 Y120.96 E313.10509
G0 F9000 X117.5 Y121.36
;TYPE:WALL-OUTER
G1 F600 X117.648 Y121.367 E313.11001
G1 X118.317 Y121.283 E313.13244
G1 X118.963 Y121.082 E313.15494
G1 X119.568 Y120.77 E313.17758
G1 X120.1 Y120.363 E313.19986
G1 X120.557 Y119.868 E313.22227
G1 X120.926 Y119.298 E313.24485
G1 X121.184 Y118.679 E313.26716
G1 X121.332 Y118.021 E313.28959
G1 X121.363 Y117.345 E313.3121
G1 X121.279 Y116.675 E313.33455
G1 X121.078 Y116.029 E313.35706
G1 X120.766 Y115.424 E313.3797
G1 X120.359 Y114.892 E313.40198
G1 X119.865 Y114.435 E313.42436
G1 X119.294 Y114.07 E313.4469
G1 X118.674 Y113.808 E313.46929
G1 X118.017 Y113.66 E313.49169
G1 X117.341 Y113.629 E313.51419
G1 X116.672 Y113.717 E313.53664
G1 X116.024 Y113.918 E313.5592
G1 X115.419 Y114.226 E313.58178
G1 X114.888 Y114.633 E313.60403
G1 X114.432 Y115.127 E313.62639
G1 X114.066 Y115.702 E313.64906
G1 X113.804 Y116.322 E313.67145
G1 X113.656 Y116.979 E313.69385
G1 X113.625 Y117.651 E313.71622
G1 X113.713 Y118.32 E313.73867
G1 X113.914 Y118.968 E313.76123
G1 X114.222 Y119.573 E313.78381
G1 X114.629 Y120.104 E313.80607
G1 X115.123 Y120.561 E313.82845
G1 X115.698 Y120.93 E313.85117
G1 X116.317 Y121.188 E313.87348
G1 X116.975 Y121.336 E313.89591
G1 X117.5 Y121.36 E313.91339
G0 F9000 X117.088 Y120.86
;TYPE:FILL
G1 F600 X114.144 Y117.916 E314.05187
G0 F9000 X114.132 Y117.096
G1 F600 X117.081 Y114.147 E314.19058
G0 F9000 X117.908 Y114.136
G1 F600 X120.846 Y117.074 E314.32877
G0 F9000 X120.855 Y117.916
G1 F600 X117.923 Y120.849 E314.46671
G0 F9000 X117.895 Y120.623
G0 X119.72 Y119.733
G0 X119.887 Y119.887
G1 F600 X115.105 Y115.105 E314.69164
G0 F9000 X115.276 Y115.263
G0 X119.733 Y115.28
G0 X119.889 Y115.111
G1 F600 X115.106 Y119.893 E314.91659
G0 F9000 X115.467 Y119.503
;MESH:NONMESH
G0 F300 X115.467 Y119.503 Z21.6
G0 F9000 X117.515 Y120.655
G0 X117.5 Y120.96
;TIME_ELAPSED:1058.001024
;LAYER:107
;note -- min layer time used
;TYPE:WALL-INNER
;MESH:FT09-Input Shaft.stl
G1 F600 X117.632 Y120.966 E314.92099
G1 X118.232 Y120.891 E314.9411
G1 X118.811 Y120.71 E314.96128
G1 X119.353 Y120.431 E314.98155
G1 X119.83 Y120.066 E315.00153
G1 X120.24 Y119.622 E315.02163
G1 X120.57 Y119.111 E315.04186
G1 X120.802 Y118.557 E315.06184
G1 X120.934 Y117.967 E315.08195
G1 X120.962 Y117.361 E315.10212
G1 X120.887 Y116.76 E315.12227
G1 X120.706 Y116.181 E315.14244
G1 X120.427 Y115.639 E315.16272
G1 X120.062 Y115.162 E315.1827
G1 X119.619 Y114.753 E315.20275
G1 X119.107 Y114.425 E315.22297
G1 X118.551 Y114.19 E315.24305
G1 X117.963 Y114.058 E315.26309
G1 X117.358 Y114.03 E315.28324
G1 X116.758 Y114.109 E315.30337
G1 X116.176 Y114.29 E315.32364
G1 X115.633 Y114.566 E315.3439
G1 X115.158 Y114.93 E315.3638
G1 X114.75 Y115.372 E315.38381
G1 X114.422 Y115.888 E315.40414
G1 X114.186 Y116.445 E315.42426
G1 X114.054 Y117.033 E315.44431
G1 X114.026 Y117.634 E315.46432
G1 X114.105 Y118.234 E315.48445
G1 X114.286 Y118.816 E315.50472
G1 X114.562 Y119.359 E315.52498
G1 X114.926 Y119.834 E315.54488
G1 X115.369 Y120.243 E315.56494
G1 X115.884 Y120.574 E315.5853
G1 X116.439 Y120.806 E315.6053
G1 X117.029 Y120.938 E315.62541
G1 X117.5 Y120.96 E315.6411
G0 F9000 X117.5 Y121.36
;TYPE:WALL-OUTER
G1 F600 X117.648 Y121.367 E315.64602
G1 X118.317 Y121.283 E315.66845
G1 X118.963 Y121.082 E315.69095
G1 X119.568 Y120.77 E315.71359
G1 X120.1 Y120.363 E315.73587
G1 X120.557 Y119.868 E315.75828
G1 X120.926 Y119.298 E315.78086
G1 X121.184 Y118.679 E315.80317
G1 X121.332 Y118.021 E315.8256
G1 X121.363 Y117.345 E315.84811
G1 X121.279 Y116.675 E315.87057
G1 X121.078 Y116.029 E315.89307
G1 X120.766 Y115.424 E315.91571
G1 X120.359 Y114.892 E315.93799
G1 X119.865 Y114.435 E315.96037
G1 X119.294 Y114.07 E315.98291
G1 X118.674 Y113.808 E316.0053
G1 X118.017 Y113.66 E316.0277
G1 X117.341 Y113.629 E316.0502
G1 X116.672 Y113.717 E316.07265
G1 X116.024 Y113.918 E316.09521
G1 X115.419 Y114.226 E316.11779
G1 X114.888 Y114.633 E316.14004
G1 X114.432 Y115.127 E316.1624
G1 X114.066 Y115.702 E316.18507
G1 X113.804 Y116.322 E316.20746
G1 X113.656 Y116.979 E316.22986
G1 X113.625 Y117.651 E316.25224
G1 X113.713 Y118.32 E316.27468
G1 X113.914 Y118.968 E316.29724
G1 X114.222 Y119.573 E316.31982
G1 X114.629 Y120.104 E316.34208
G1 X115.123 Y120.561 E316.36446
G1 X115.698 Y120.93 E316.38718
G1 X116.317 Y121.188 E316.40949
G1 X116.975 Y121.336 E316.43192
G1 X117.5 Y121.36 E316.4494
G0 F9000 X117.088 Y120.86
;TYPE:FILL
G1 F600 X114.144 Y117.916 E316.58788
G0 F9000 X114.132 Y117.096
G1 F600 X117.081 Y114.147 E316.72659
G0 F9000 X117.908 Y114.136
G1 F600 X120.846 Y117.074 E316.86478
G0 F9000 X120.855 Y117.916
G1 F600 X117.923 Y120.849 E317.00272
G0 F9000 X117.895 Y120.623
G0 X119.72 Y119.733
G0 X119.887 Y119.887
G1 F600 X115.105 Y115.105 E317.22765
G0 F9000 X115.276 Y115.263
G0 X119.733 Y115.28
G0 X119.889 Y115.111
G1 F600 X115.106 Y119.893 E317.4526
G0 F9000 X115.467 Y119.503
;MESH:NONMESH
G0 F300 X115.467 Y119.503 Z21.8
G0 F9000 X117.515 Y120.655
G0 X117.5 Y120.96
;TIME_ELAPSED:1066.581556
;LAYER:108
;note -- min layer time used
;TYPE:WALL-INNER
;MESH:FT09-Input Shaft.stl
G1 F600 X117.632 Y120.966 E317.457
G1 X118.232 Y120.891 E317.47711
G1 X118.811 Y120.71 E317.49729
G1 X119.353 Y120.431 E317.51756
G1 X119.83 Y120.066 E317.53754
G1 X120.24 Y119.622 E317.55764
G1 X120.57 Y119.111 E317.57787
G1 X120.802 Y118.557 E317.59785
G1 X120.934 Y117.967 E317.61796
G1 X120.962 Y117.361 E317.63813
G1 X120.887 Y116.76 E317.65828
G1 X120.706 Y116.181 E317.67845
G1 X120.427 Y115.639 E317.69873
G1 X120.062 Y115.162 E317.71871
G1 X119.619 Y114.753 E317.73876
G1 X119.107 Y114.425 E317.75898
G1 X118.551 Y114.19 E317.77906
G1 X117.963 Y114.058 E317.7991
G1 X117.358 Y114.03 E317.81925
G1 X116.758 Y114.109 E317.83938
G1 X116.176 Y114.29 E317.85965
G1 X115.633 Y114.566 E317.87991
G1 X115.158 Y114.93 E317.89981
G1 X114.75 Y115.372 E317.91982
G1 X114.422 Y115.888 E317.94015
G1 X114.186 Y116.445 E317.96027
G1 X114.054 Y117.033 E317.98032
G1 X114.026 Y117.634 E318.00033
G1 X114.105 Y118.234 E318.02046
G1 X114.286 Y118.816 E318.04073
G1 X114.562 Y119.359 E318.06099
G1 X114.926 Y119.834 E318.08089
G1 X115.369 Y120.243 E318.10095
G1 X115.884 Y120.574 E318.12131
G1 X116.439 Y120.806 E318.14132
G1 X117.029 Y120.938 E318.16142
G1 X117.5 Y120.96 E318.17711
G0 F9000 X117.5 Y121.36
;TYPE:WALL-OUTER
G1 F600 X117.648 Y121.367 E318.18203
G1 X118.317 Y121.283 E318.20446
G1 X118.963 Y121.082 E318.22696
G1 X119.568 Y120.77 E318.2496
G1 X120.1 Y120.363 E318.27188
G1 X120.557 Y119.868 E318.29429
G1 X120.926 Y119.298 E318.31687
G1 X121.184 Y118.679 E318.33918
G1 X121.332 Y118.021 E318.36161
G1 X121.363 Y117.345 E318.38412
G1 X121.279 Y116.675 E318.40658
G1 X121.078 Y116.029 E318.42908
G1 X120.766 Y115.424 E318.45172
G1 X120.359 Y114.892 E318.474
G1 X119.865 Y114.435 E318.49638
G1 X119.294 Y114.07 E318.51892
G1 X118.674 Y113.808 E318.54131
G1 X118.017 Y113.66 E318.56371
G1 X117.341 Y113.629 E318.58621
G1 X116.672 Y113.717 E318.60866
G1 X116.024 Y113.918 E318.63122
G1 X115.419 Y114.226 E318.6538
G1 X114.888 Y114.633 E318.67606
G1 X114.432 Y115.127 E318.69842
G1 X114.066 Y115.702 E318.72109
G1 X113.804 Y116.322 E318.74347
G1 X113.656 Y116.979 E318.76587
G1 X113.625 Y117.651 E318.78825
G1 X113.713 Y118.32 E318.81069
G1 X113.914 Y118.968 E318.83326
G1 X114.222 Y119.573 E318.85583
G1 X114.629 Y120.104 E318.87809
G1 X115.123 Y120.561 E318.90047
G1 X115.698 Y120.93 E318.92319
G1 X116.317 Y121.188 E318.9455
G1 X116.975 Y121.336 E318.96793
G1 X117.5 Y121.36 E318.98541
G0 F9000 X117.088 Y120.86
;TYPE:FILL
G1 F600 X114.144 Y117.916 E319.12389
G0 F9000 X114.132 Y117.096
G1 F600 X117.081 Y114.147 E319.2626
G0 F9000 X117.908 Y114.136
G1 F600 X120.846 Y117.074 E319.40079
G0 F9000 X120.855 Y117.916
G1 F600 X117.923 Y120.849 E319.53873
G0 F9000 X117.895 Y120.623
G0 X119.72 Y119.733
G0 X119.887 Y119.887
G1 F600 X115.105 Y115.105 E319.76366
G0 F9000 X115.276 Y115.263
G0 X119.733 Y115.28
G0 X119.889 Y115.111
G1 F600 X115.106 Y119.893 E319.98861
G0 F9000 X115.467 Y119.503
;MESH:NONMESH
G0 F300 X115.467 Y119.503 Z22
G0 F9000 X117.515 Y120.655
G0 X117.5 Y120.96
;TIME_ELAPSED:1075.162088
;LAYER:109
;note -- min layer time used
;TYPE:WALL-INNER
;MESH:FT09-Input Shaft.stl
G1 F600 X117.632 Y120.966 E319.99301
G1 X118.232 Y120.891 E320.01312
G1 X118.811 Y120.71 E320.0333
G1 X119.353 Y120.431 E320.05357
G1 X119.83 Y120.066 E320.07355
G1 X120.24 Y119.622 E320.09365
G1 X120.57 Y119.111 E320.11388
G1 X120.802 Y118.557 E320.13386
G1 X120.934 Y117.967 E320.15397
G1 X120.962 Y117.361 E320.17414
G1 X120.887 Y116.76 E320.19429
G1 X120.706 Y116.181 E320.21447
G1 X120.427 Y115.639 E320.23474
G1 X120.062 Y115.162 E320.25472
G1 X119.619 Y114.753 E320.27477
G1 X119.107 Y114.425 E320.295
G1 X118.551 Y114.19 E320.31507
G1 X117.963 Y114.058 E320.33512
G1 X117.358 Y114.03 E320.35526
G1 X116.758 Y114.109 E320.37539
G1 X116.176 Y114.29 E320.39566
G1 X115.633 Y114.566 E320.41592
G1 X115.158 Y114.93 E320.43582
G1 X114.75 Y115.372 E320.45583
G1 X114.422 Y115.888 E320.47617
G1 X114.186 Y116.445 E320.49629
G1 X114.054 Y117.033 E320.51633
G1 X114.026 Y117.634 E320.53634
G1 X114.105 Y118.234 E320.55647
G1 X114.286 Y118.816 E320.57674
G1 X114.562 Y119.359 E320.597
G1 X114.926 Y119.834 E320.6169
G1 X115.369 Y120.243 E320.63696
G1 X115.884 Y120.574 E320.65732
G1 X116.439 Y120.806 E320.67733
G1 X117.029 Y120.938 E320.69744
G1 X117.5 Y120.96 E320.71312
G0 F9000 X117.5 Y121.36
;TYPE:WALL-OUTER
G1 F600 X117.648 Y121.367 E320.71805
G1 X118.317 Y121.283 E320.74047
G1 X118.963 Y121.082 E320.76297
G1 X119.568 Y120.77 E320.78561
G1 X120.1 Y120.363 E320.80789
G1 X120.557 Y119.868 E320.8303
G1 X120.926 Y119.298 E320.85288
G1 X121.184 Y118.679 E320.87519
G1 X121.332 Y118.021 E320.89762
G1 X121.363 Y117.345 E320.92013
G1 X121.279 Y116.675 E320.94259
G1 X121.078 Y116.029 E320.96509
G1 X120.766 Y115.424 E320.98773
G1 X120.359 Y114.892 E321.01001
G1 X119.865 Y114.435 E321.03239
G1 X119.294 Y114.07 E321.05493
G1 X118.674 Y113.808 E321.07732
G1 X118.017 Y113.66 E321.09972
G1 X117.341 Y113.629 E321.12223
G1 X116.672 Y113.717 E321.14467
G1 X116.024 Y113.918 E321.16723
G1 X115.419 Y114.226 E321.18981
G1 X114.888 Y114.633 E321.21207
G1 X114.432 Y115.127 E321.23443
G1 X114.066 Y115.702 E321.2571
G1 X113.804 Y116.322 E321.27948
G1 X113.656 Y116.979 E321.30188
G1 X113.625 Y117.651 E321.32426
G1 X113.713 Y118.32 E321.3467
G1 X113.914 Y118.968 E321.36927
G1 X114.222 Y119.573 E321.39185
G1 X114.629 Y120.104 E321.4141
G1 X115.123 Y120.561 E321.43648
G1 X115.698 Y120.93 E321.45921
G1 X116.317 Y121.188 E321.48151
G1 X116.975 Y121.336 E321.50394
G1 X117.5 Y121.36 E321.52142
G0 F9000 X117.088 Y120.86
;TYPE:FILL
G1 F600 X114.144 Y117.916 E321.6599
G0 F9000 X114.132 Y117.096
G1 F600 X117.081 Y114.147 E321.79861
G0 F9000 X117.908 Y114.136
G1 F600 X120.846 Y117.074 E321.9368
G0 F9000 X120.855 Y117.916
G1 F600 X117.923 Y120.849 E322.07474
G0 F9000 X117.895 Y120.623
G0 X119.72 Y119.733
G0 X119.887 Y119.887
G1 F600 X115.105 Y115.105 E322.29967
G0 F9000 X115.276 Y115.263
G0 X119.733 Y115.28
G0 X119.889 Y115.111
G1 F600 X115.106 Y119.893 E322.52463
G0 F9000 X115.467 Y119.503
;MESH:NONMESH
G0 F300 X115.467 Y119.503 Z22.2
G0 F9000 X117.515 Y120.655
G0 X117.5 Y120.96
;TIME_ELAPSED:1083.742620
;LAYER:110
;note -- min layer time used
;TYPE:WALL-INNER
;MESH:FT09-Input Shaft.stl
G1 F600 X117.632 Y120.966 E322.52902
G1 X118.232 Y120.891 E322.54913
G1 X118.811 Y120.71 E322.56931
G1 X119.353 Y120.431 E322.58958
G1 X119.83 Y120.066 E322.60956
G1 X120.24 Y119.622 E322.62966
G1 X120.57 Y119.111 E322.64989
G1 X120.802 Y118.557 E322.66987
G1 X120.934 Y117.967 E322.68998
G1 X120.962 Y117.361 E322.71016
G1 X120.887 Y116.76 E322.7303
G1 X120.706 Y116.181 E322.75048
G1 X120.427 Y115.639 E322.77075
G1 X120.062 Y115.162 E322.79073
G1 X119.619 Y114.753 E322.81078
G1 X119.107 Y114.425 E322.83101
G1 X118.551 Y114.19 E322.85108
G1 X117.963 Y114.058 E322.87113
G1 X117.358 Y114.03 E322.89127
G1 X116.758 Y114.109 E322.9114
G1 X116.176 Y114.29 E322.93167
G1 X115.633 Y114.566 E322.95193
G1 X115.158 Y114.93 E322.97183
G1 X114.75 Y115.372 E322.99184
G1 X114.422 Y115.888 E323.01218
G1 X114.186 Y116.445 E323.0323
G1 X114.054 Y117.033 E323.05234
G1 X114.026 Y117.634 E323.07235
G1 X114.105 Y118.234 E323.09248
G1 X114.286 Y118.816 E323.11275
G1 X114.562 Y119.359 E323.13301
G1 X114.926 Y119.834 E323.15291
G1 X115.369 Y120.243 E323.17297
G1 X115.884 Y120.574 E323.19333
G1 X116.439 Y120.806 E323.21334
G1 X117.029 Y120.938 E323.23345
G1 X117.5 Y120.96 E323.24913
G0 F9000 X117.5 Y121.36
;TYPE:WALL-OUTER
G1 F600 X117.648 Y121.367 E323.25406
G1 X118.317 Y121.283 E323.27648
G1 X118.963 Y121.082 E323.29898
G1 X119.568 Y120.77 E323.32163
G1 X120.1 Y120.363 E323.3439
G1 X120.557 Y119.868 E323.36631
G1 X120.926 Y119.298 E323.3889
G1 X121.184 Y118.679 E323.4112
G1 X121.332 Y118.021 E323.43363
G1 X121.363 Y117.345 E323.45614
G1 X121.279 Y116.675 E323.4786
G1 X121.078 Y116.029 E323.5011
G1 X120.766 Y115.424 E323.52374
G1 X120.359 Y114.892 E323.54602
G1 X119.865 Y114.435 E323.5684
G1 X119.294 Y114.07 E323.59094
G1 X118.674 Y113.808 E323.61333
G1 X118.017 Y113.66 E323.63573
G1 X117.341 Y113.629 E323.65824
G1 X116.672 Y113.717 E323.68068
G1 X116.024 Y113.918 E323.70324
G1 X115.419 Y114.226 E323.72582
G1 X114.888 Y114.633 E323.74808
G1 X114.432 Y115.127 E323.77044
G1 X114.066 Y115.702 E323.79311
G1 X113.804 Y116.322 E323.81549
G1 X113.656 Y116.979 E323.83789
G1 X113.625 Y117.651 E323.86027
G1 X113.713 Y118.32 E323.88271
G1 X113.914 Y118.968 E323.90528
G1 X114.222 Y119.573 E323.92786
G1 X114.629 Y120.104 E323.95011
G1 X115.123 Y120.561 E323.97249
G1 X115.698 Y120.93 E323.99522
G1 X116.317 Y121.188 E324.01752
G1 X116.975 Y121.336 E324.03995
G1 X117.5 Y121.36 E324.05743
G0 F9000 X117.088 Y120.86
;TYPE:FILL
G1 F600 X114.144 Y117.916 E324.19591
G0 F9000 X114.132 Y117.096
G1 F600 X117.081 Y114.147 E324.33462
G0 F9000 X117.908 Y114.136
G1 F600 X120.846 Y117.074 E324.47282
G0 F9000 X120.855 Y117.916
G1 F600 X117.923 Y120.849 E324.61075
G0 F9000 X117.895 Y120.623
G0 X119.72 Y119.733
G0 X119.887 Y119.887
G1 F600 X115.105 Y115.105 E324.83568
G0 F9000 X115.276 Y115.263
G0 X119.733 Y115.28
G0 X119.889 Y115.111
G1 F600 X115.106 Y119.893 E325.06064
G0 F9000 X115.467 Y119.503
;MESH:NONMESH
G0 F300 X115.467 Y119.503 Z22.4
G0 F9000 X117.515 Y120.655
G0 X117.5 Y120.96
;TIME_ELAPSED:1092.323152
;LAYER:111
;note -- min layer time used
;TYPE:WALL-INNER
;MESH:FT09-Input Shaft.stl
G1 F600 X117.632 Y120.966 E325.06503
G1 X118.232 Y120.891 E325.08514
G1 X118.811 Y120.71 E325.10532
G1 X119.353 Y120.431 E325.12559
G1 X119.83 Y120.066 E325.14557
G1 X120.24 Y119.622 E325.16567
G1 X120.57 Y119.111 E325.1859
G1 X120.802 Y118.557 E325.20588
G1 X120.934 Y117.967 E325.22599
G1 X120.962 Y117.361 E325.24617
G1 X120.887 Y116.76 E325.26631
G1 X120.706 Y116.181 E325.28649
G1 X120.427 Y115.639 E325.30676
G1 X120.062 Y115.162 E325.32674
G1 X119.619 Y114.753 E325.34679
G1 X119.107 Y114.425 E325.36702
G1 X118.551 Y114.19 E325.38709
G1 X117.963 Y114.058 E325.40714
G1 X117.358 Y114.03 E325.42728
G1 X116.758 Y114.109 E325.44741
G1 X116.176 Y114.29 E325.46768
G1 X115.633 Y114.566 E325.48794
G1 X115.158 Y114.93 E325.50784
G1 X114.75 Y115.372 E325.52785
G1 X114.422 Y115.888 E325.54819
G1 X114.186 Y116.445 E325.56831
G1 X114.054 Y117.033 E325.58835
G1 X114.026 Y117.634 E325.60836
G1 X114.105 Y118.234 E325.62849
G1 X114.286 Y118.816 E325.64876
G1 X114.562 Y119.359 E325.66902
G1 X114.926 Y119.834 E325.68893
G1 X115.369 Y120.243 E325.70898
G1 X115.884 Y120.574 E325.72934
G1 X116.439 Y120.806 E325.74935
G1 X117.029 Y120.938 E325.76946
G1 X117.5 Y120.96 E325.78514
G0 F9000 X117.5 Y121.36
;TYPE:WALL-OUTER
G1 F600 X117.648 Y121.367 E325.79007
G1 X118.317 Y121.283 E325.81249
G1 X118.963 Y121.082 E325.835
G1 X119.568 Y120.77 E325.85764
G1 X120.1 Y120.363 E325.87991
G1 X120.557 Y119.868 E325.90232
G1 X120.926 Y119.298 E325.92491
G1 X121.184 Y118.679 E325.94721
G1 X121.332 Y118.021 E325.96964
G1 X121.363 Y117.345 E325.99215
G1 X121.279 Y116.675 E326.01461
G1 X121.078 Y116.029 E326.03711
G1 X120.766 Y115.424 E326.05975
G1 X120.359 Y114.892 E326.08203
G1 X119.865 Y114.435 E326.10441
G1 X119.294 Y114.07 E326.12695
G1 X118.674 Y113.808 E326.14934
G1 X118.017 Y113.66 E326.17174
G1 X117.341 Y113.629 E326.19425
G1 X116.672 Y113.717 E326.21669
G1 X116.024 Y113.918 E326.23926
G1 X115.419 Y114.226 E326.26184
G1 X114.888 Y114.633 E326.28409
G1 X114.432 Y115.127 E326.30645
G1 X114.066 Y115.702 E326.32912
G1 X113.804 Y116.322 E326.35151
G1 X113.656 Y116.979 E326.37391
G1 X113.625 Y117.651 E326.39628
G1 X113.713 Y118.32 E326.41872
G1 X113.914 Y118.968 E326.44129
G1 X114.222 Y119.573 E326.46387
G1 X114.629 Y120.104 E326.48612
G1 X115.123 Y120.561 E326.5085
G1 X115.698 Y120.93 E326.53123
G1 X116.317 Y121.188 E326.55353
G1 X116.975 Y121.336 E326.57596
G1 X117.5 Y121.36 E326.59344
G0 F9000 X117.088 Y120.86
;TYPE:FILL
G1 F600 X114.144 Y117.916 E326.73192
G0 F9000 X114.132 Y117.096
G1 F600 X117.081 Y114.147 E326.87063
G0 F9000 X117.908 Y114.136
G1 F600 X120.846 Y117.074 E327.00883
G0 F9000 X120.855 Y117.916
G1 F600 X117.923 Y120.849 E327.14676
G0 F9000 X117.895 Y120.623
G0 X119.72 Y119.733
G0 X119.887 Y119.887
G1 F600 X115.105 Y115.105 E327.37169
G0 F9000 X115.276 Y115.263
G0 X119.733 Y115.28
G0 X119.889 Y115.111
G1 F600 X115.106 Y119.893 E327.59665
G0 F9000 X115.467 Y119.503
;MESH:NONMESH
G0 F300 X115.467 Y119.503 Z22.6
G0 F9000 X117.515 Y120.655
G0 X117.5 Y120.96
;TIME_ELAPSED:1100.903685
;LAYER:112
;note -- min layer time used
;TYPE:WALL-INNER
;MESH:FT09-Input Shaft.stl
G1 F600 X117.632 Y120.966 E327.60104
G1 X118.232 Y120.891 E327.62115
G1 X118.811 Y120.71 E327.64133
G1 X119.353 Y120.431 E327.66161
G1 X119.83 Y120.066 E327.68158
G1 X120.24 Y119.622 E327.70168
G1 X120.57 Y119.111 E327.72191
G1 X120.802 Y118.557 E327.74189
G1 X120.934 Y117.967 E327.762
G1 X120.962 Y117.361 E327.78218
G1 X120.887 Y116.76 E327.80232
G1 X120.706 Y116.181 E327.8225
G1 X120.427 Y115.639 E327.84277
G1 X120.062 Y115.162 E327.86275
G1 X119.619 Y114.753 E327.8828
G1 X119.107 Y114.425 E327.90303
G1 X118.551 Y114.19 E327.9231
G1 X117.963 Y114.058 E327.94315
G1 X117.358 Y114.03 E327.96329
G1 X116.758 Y114.109 E327.98342
G1 X116.176 Y114.29 E328.00369
G1 X115.633 Y114.566 E328.02395
G1 X115.158 Y114.93 E328.04386
G1 X114.75 Y115.372 E328.06386
G1 X114.422 Y115.888 E328.0842
G1 X114.186 Y116.445 E328.10432
G1 X114.054 Y117.033 E328.12436
G1 X114.026 Y117.634 E328.14437
G1 X114.105 Y118.234 E328.1645
G1 X114.286 Y118.816 E328.18477
G1 X114.562 Y119.359 E328.20503
G1 X114.926 Y119.834 E328.22494
G1 X115.369 Y120.243 E328.24499
G1 X115.884 Y120.574 E328.26535
G1 X116.439 Y120.806 E328.28536
G1 X117.029 Y120.938 E328.30547
G1 X117.5 Y120.96 E328.32115
G0 F9000 X117.5 Y121.36
;TYPE:WALL-OUTER
G1 F600 X117.648 Y121.367 E328.32608
G1 X118.317 Y121.283 E328.3485
G1 X118.963 Y121.082 E328.37101
G1 X119.568 Y120.77 E328.39365
G1 X120.1 Y120.363 E328.41593
G1 X120.557 Y119.868 E328.43833
G1 X120.926 Y119.298 E328.46092
G1 X121.184 Y118.679 E328.48322
G1 X121.332 Y118.021 E328.50565
G1 X121.363 Y117.345 E328.52816
G1 X121.279 Y116.675 E328.55062
G1 X121.078 Y116.029 E328.57312
G1 X120.766 Y115.424 E328.59576
G1 X120.359 Y114.892 E328.61804
G1 X119.865 Y114.435 E328.64042
G1 X119.294 Y114.07 E328.66296
G1 X118.674 Y113.808 E328.68535
G1 X118.017 Y113.66 E328.70775
G1 X117.341 Y113.629 E328.73026
G1 X116.672 Y113.717 E328.7527
G1 X116.024 Y113.918 E328.77527
G1 X115.419 Y114.226 E328.79785
G1 X114.888 Y114.633 E328.8201
G1 X114.432 Y115.127 E328.84246
G1 X114.066 Y115.702 E328.86513
G1 X113.804 Y116.322 E328.88752
G1 X113.656 Y116.979 E328.90992
G1 X113.625 Y117.651 E328.93229
G1 X113.713 Y118.32 E328.95473
G1 X113.914 Y118.968 E328.9773
G1 X114.222 Y119.573 E328.99988
G1 X114.629 Y120.104 E329.02213
G1 X115.123 Y120.561 E329.04451
G1 X115.698 Y120.93 E329.06724
G1 X116.317 Y121.188 E329.08954
G1 X116.975 Y121.336 E329.11197
G1 X117.5 Y121.36 E329.12945
G0 F9000 X117.088 Y120.86
;TYPE:FILL
G1 F600 X114.144 Y117.916 E329.26793
G0 F9000 X114.132 Y117.096
G1 F600 X117.081 Y114.147 E329.40664
G0 F9000 X117.908 Y114.136
G1 F600 X120.846 Y117.074 E329.54484
G0 F9000 X120.855 Y117.916
G1 F600 X117.923 Y120.849 E329.68277
G0 F9000 X117.895 Y120.623
G0 X119.72 Y119.733
G0 X119.887 Y119.887
G1 F600 X115.105 Y115.105 E329.9077
G0 F9000 X115.276 Y115.263
G0 X119.733 Y115.28
G0 X119.889 Y115.111
G1 F600 X115.106 Y119.893 E330.13266
G0 F9000 X115.467 Y119.503
;MESH:NONMESH
G0 F300 X115.467 Y119.503 Z22.8
G0 F9000 X117.515 Y120.655
G0 X117.5 Y120.96
;TIME_ELAPSED:1109.484217
;LAYER:113
;note -- min layer time used
;TYPE:WALL-INNER
;MESH:FT09-Input Shaft.stl
G1 F600 X117.632 Y120.966 E330.13705
G1 X118.232 Y120.891 E330.15716
G1 X118.811 Y120.71 E330.17734
G1 X119.353 Y120.431 E330.19762
G1 X119.83 Y120.066 E330.21759
G1 X120.24 Y119.622 E330.23769
G1 X120.57 Y119.111 E330.25793
G1 X120.802 Y118.557 E330.2779
G1 X120.934 Y117.967 E330.29801
G1 X120.962 Y117.361 E330.31819
G1 X120.887 Y116.76 E330.33833
G1 X120.706 Y116.181 E330.35851
G1 X120.427 Y115.639 E330.37878
G1 X120.062 Y115.162 E330.39876
G1 X119.619 Y114.753 E330.41882
G1 X119.107 Y114.425 E330.43904
G1 X118.551 Y114.19 E330.45912
G1 X117.963 Y114.058 E330.47916
G1 X117.358 Y114.03 E330.4993
G1 X116.758 Y114.109 E330.51943
G1 X116.176 Y114.29 E330.5397
G1 X115.633 Y114.566 E330.55996
G1 X115.158 Y114.93 E330.57987
G1 X114.75 Y115.372 E330.59987
G1 X114.422 Y115.888 E330.62021
G1 X114.186 Y116.445 E330.64033
G1 X114.054 Y117.033 E330.66037
G1 X114.026 Y117.634 E330.68038
G1 X114.105 Y118.234 E330.70051
G1 X114.286 Y118.816 E330.72078
G1 X114.562 Y119.359 E330.74104
G1 X114.926 Y119.834 E330.76095
G1 X115.369 Y120.243 E330.781
G1 X115.884 Y120.574 E330.80136
G1 X116.439 Y120.806 E330.82137
G1 X117.029 Y120.938 E330.84148
G1 X117.5 Y120.96 E330.85716
G0 F9000 X117.5 Y121.36
;TYPE:WALL-OUTER
G1 F600 X117.648 Y121.367 E330.86209
G1 X118.317 Y121.283 E330.88452
G1 X118.963 Y121.082 E330.90702
G1 X119.568 Y120.77 E330.92966
G1 X120.1 Y120.363 E330.95194
G1 X120.557 Y119.868 E330.97434
G1 X120.926 Y119.298 E330.99693
G1 X121.184 Y118.679 E331.01923
G1 X121.332 Y118.021 E331.04167
G1 X121.363 Y117.345 E331.06417
G1 X121.279 Y116.675 E331.08663
G1 X121.078 Y116.029 E331.10913
G1 X120.766 Y115.424 E331.13177
G1 X120.359 Y114.892 E331.15405
G1 X119.865 Y114.435 E331.17644
G1 X119.294 Y114.07 E331.19898
G1 X118.674 Y113.808 E331.22136
G1 X118.017 Y113.66 E331.24376
G1 X117.341 Y113.629 E331.26627
G1 X116.672 Y113.717 E331.28871
G1 X116.024 Y113.918 E331.31128
G1 X115.419 Y114.226 E331.33386
G1 X114.888 Y114.633 E331.35611
G1 X114.432 Y115.127 E331.37847
G1 X114.066 Y115.702 E331.40114
G1 X113.804 Y116.322 E331.42353
G1 X113.656 Y116.979 E331.44593
G1 X113.625 Y117.651 E331.4683
G1 X113.713 Y118.32 E331.49074
G1 X113.914 Y118.968 E331.51331
G1 X114.222 Y119.573 E331.53589
G1 X114.629 Y120.104 E331.55814
G1 X115.123 Y120.561 E331.58053
G1 X115.698 Y120.93 E331.60325
G1 X116.317 Y121.188 E331.62555
G1 X116.975 Y121.336 E331.64799
G1 X117.5 Y121.36 E331.66547
G0 F9000 X117.088 Y120.86
;TYPE:FILL
G1 F600 X114.144 Y117.916 E331.80394
G0 F9000 X114.132 Y117.096
G1 F600 X117.081 Y114.147 E331.94265
G0 F9000 X117.908 Y114.136
G1 F600 X120.846 Y117.074 E332.08085
G0 F9000 X120.855 Y117.916
G1 F600 X117.923 Y120.849 E332.21878
G0 F9000 X117.895 Y120.623
G0 X119.72 Y119.733
G0 X119.887 Y119.887
G1 F600 X115.105 Y115.105 E332.44372
G0 F9000 X115.276 Y115.263
G0 X119.733 Y115.28
G0 X119.889 Y115.111
G1 F600 X115.106 Y119.893 E332.66867
G0 F9000 X115.467 Y119.503
;MESH:NONMESH
G0 F300 X115.467 Y119.503 Z23
G0 F9000 X117.515 Y120.655
G0 X117.5 Y120.96
;TIME_ELAPSED:1118.064749
;LAYER:114
;note -- min layer time used
;TYPE:WALL-INNER
;MESH:FT09-Input Shaft.stl
G1 F600 X117.632 Y120.966 E332.67306
G1 X118.232 Y120.891 E332.69318
G1 X118.811 Y120.71 E332.71335
G1 X119.353 Y120.431 E332.73363
G1 X119.83 Y120.066 E332.7536
G1 X120.24 Y119.622 E332.7737
G1 X120.57 Y119.111 E332.79394
G1 X120.802 Y118.557 E332.81391
G1 X120.934 Y117.967 E332.83402
G1 X120.962 Y117.361 E332.8542
G1 X120.887 Y116.76 E332.87434
G1 X120.706 Y116.181 E332.89452
G1 X120.427 Y115.639 E332.9148
G1 X120.062 Y115.162 E332.93477
G1 X119.619 Y114.753 E332.95483
G1 X119.107 Y114.425 E332.97505
G1 X118.551 Y114.19 E332.99513
G1 X117.963 Y114.058 E333.01517
G1 X117.358 Y114.03 E333.03531
G1 X116.758 Y114.109 E333.05544
G1 X116.176 Y114.29 E333.07571
G1 X115.633 Y114.566 E333.09597
G1 X115.158 Y114.93 E333.11588
G1 X114.75 Y115.372 E333.13588
G1 X114.422 Y115.888 E333.15622
G1 X114.186 Y116.445 E333.17634
G1 X114.054 Y117.033 E333.19638
G1 X114.026 Y117.634 E333.2164
G1 X114.105 Y118.234 E333.23652
G1 X114.286 Y118.816 E333.2568
G1 X114.562 Y119.359 E333.27705
G1 X114.926 Y119.834 E333.29696
G1 X115.369 Y120.243 E333.31701
G1 X115.884 Y120.574 E333.33737
G1 X116.439 Y120.806 E333.35738
G1 X117.029 Y120.938 E333.37749
G1 X117.5 Y120.96 E333.39317
G0 F9000 X117.5 Y121.36
;TYPE:WALL-OUTER
G1 F600 X117.648 Y121.367 E333.3981
G1 X118.317 Y121.283 E333.42053
G1 X118.963 Y121.082 E333.44303
G1 X119.568 Y120.77 E333.46567
G1 X120.1 Y120.363 E333.48795
G1 X120.557 Y119.868 E333.51036
G1 X120.926 Y119.298 E333.53294
G1 X121.184 Y118.679 E333.55524
G1 X121.332 Y118.021 E333.57768
G1 X121.363 Y117.345 E333.60018
G1 X121.279 Y116.675 E333.62264
G1 X121.078 Y116.029 E333.64514
G1 X120.766 Y115.424 E333.66778
G1 X120.359 Y114.892 E333.69006
G1 X119.865 Y114.435 E333.71245
G1 X119.294 Y114.07 E333.73499
G1 X118.674 Y113.808 E333.75737
G1 X118.017 Y113.66 E333.77977
G1 X117.341 Y113.629 E333.80228
G1 X116.672 Y113.717 E333.82472
G1 X116.024 Y113.918 E333.84729
G1 X115.419 Y114.226 E333.86987
G1 X114.888 Y114.633 E333.89212
G1 X114.432 Y115.127 E333.91448
G1 X114.066 Y115.702 E333.93715
G1 X113.804 Y116.322 E333.95954
G1 X113.656 Y116.979 E333.98194
G1 X113.625 Y117.651 E334.00431
G1 X113.713 Y118.32 E334.02676
G1 X113.914 Y118.968 E334.04932
G1 X114.222 Y119.573 E334.0719
G1 X114.629 Y120.104 E334.09415
G1 X115.123 Y120.561 E334.11654
G1 X115.698 Y120.93 E334.13926
G1 X116.317 Y121.188 E334.16156
G1 X116.975 Y121.336 E334.184
G1 X117.5 Y121.36 E334.20148
G0 F9000 X117.088 Y120.86
;TYPE:FILL
G1 F600 X114.144 Y117.916 E334.33995
G0 F9000 X114.132 Y117.096
G1 F600 X117.081 Y114.147 E334.47867
G0 F9000 X117.908 Y114.136
G1 F600 X120.846 Y117.074 E334.61686
G0 F9000 X120.855 Y117.916
G1 F600 X117.923 Y120.849 E334.7548
G0 F9000 X117.895 Y120.623
G0 X119.72 Y119.733
G0 X119.887 Y119.887
G1 F600 X115.105 Y115.105 E334.97973
G0 F9000 X115.276 Y115.263
G0 X119.733 Y115.28
G0 X119.889 Y115.111
G1 F600 X115.106 Y119.893 E335.20468
G0 F9000 X115.467 Y119.503
;MESH:NONMESH
G0 F300 X115.467 Y119.503 Z23.2
G0 F9000 X117.515 Y120.655
G0 X117.5 Y120.96
;TIME_ELAPSED:1126.645281
;LAYER:115
;note -- min layer time used
;TYPE:WALL-INNER
;MESH:FT09-Input Shaft.stl
G1 F600 X117.632 Y120.966 E335.20908
G1 X118.232 Y120.891 E335.22919
G1 X118.811 Y120.71 E335.24936
G1 X119.353 Y120.431 E335.26964
G1 X119.83 Y120.066 E335.28962
G1 X120.24 Y119.622 E335.30972
G1 X120.57 Y119.111 E335.32995
G1 X120.802 Y118.557 E335.34992
G1 X120.934 Y117.967 E335.37003
G1 X120.962 Y117.361 E335.39021
G1 X120.887 Y116.76 E335.41035
G1 X120.706 Y116.181 E335.43053
G1 X120.427 Y115.639 E335.45081
G1 X120.062 Y115.162 E335.47078
G1 X119.619 Y114.753 E335.49084
G1 X119.107 Y114.425 E335.51106
G1 X118.551 Y114.19 E335.53114
G1 X117.963 Y114.058 E335.55118
G1 X117.358 Y114.03 E335.57133
G1 X116.758 Y114.109 E335.59145
G1 X116.176 Y114.29 E335.61173
G1 X115.633 Y114.566 E335.63198
G1 X115.158 Y114.93 E335.65189
G1 X114.75 Y115.372 E335.6719
G1 X114.422 Y115.888 E335.69223
G1 X114.186 Y116.445 E335.71235
G1 X114.054 Y117.033 E335.7324
G1 X114.026 Y117.634 E335.75241
G1 X114.105 Y118.234 E335.77253
G1 X114.286 Y118.816 E335.79281
G1 X114.562 Y119.359 E335.81307
G1 X114.926 Y119.834 E335.83297
G1 X115.369 Y120.243 E335.85302
G1 X115.884 Y120.574 E335.87339
G1 X116.439 Y120.806 E335.89339
G1 X117.029 Y120.938 E335.9135
G1 X117.5 Y120.96 E335.92918
G0 F9000 X117.5 Y121.36
;TYPE:WALL-OUTER
G1 F600 X117.648 Y121.367 E335.93411
G1 X118.317 Y121.283 E335.95654
G1 X118.963 Y121.082 E335.97904
G1 X119.568 Y120.77 E336.00168
G1 X120.1 Y120.363 E336.02396
G1 X120.557 Y119.868 E336.04637
G1 X120.926 Y119.298 E336.06895
G1 X121.184 Y118.679 E336.09126
G1 X121.332 Y118.021 E336.11369
G1 X121.363 Y117.345 E336.13619
G1 X121.279 Y116.675 E336.15865
G1 X121.078 Y116.029 E336.18116
G1 X120.766 Y115.424 E336.2038
G1 X120.359 Y114.892 E336.22607
G1 X119.865 Y114.435 E336.24846
G1 X119.294 Y114.07 E336.271
G1 X118.674 Y113.808 E336.29338
G1 X118.017 Y113.66 E336.31578
G1 X117.341 Y113.629 E336.33829
G1 X116.672 Y113.717 E336.36073
G1 X116.024 Y113.918 E336.3833
G1 X115.419 Y114.226 E336.40588
G1 X114.888 Y114.633 E336.42813
G1 X114.432 Y115.127 E336.45049
G1 X114.066 Y115.702 E336.47316
G1 X113.804 Y116.322 E336.49555
G1 X113.656 Y116.979 E336.51795
G1 X113.625 Y117.651 E336.54032
G1 X113.713 Y118.32 E336.56277
G1 X113.914 Y118.968 E336.58533
G1 X114.222 Y119.573 E336.60791
G1 X114.629 Y120.104 E336.63016
G1 X115.123 Y120.561 E336.65255
G1 X115.698 Y120.93 E336.67527
G1 X116.317 Y121.188 E336.69758
G1 X116.975 Y121.336 E336.72001
G1 X117.5 Y121.36 E336.73749
G0 F9000 X117.088 Y120.86
;TYPE:FILL
G1 F600 X114.144 Y117.916 E336.87596
G0 F9000 X114.132 Y117.096
G1 F600 X117.081 Y114.147 E337.01468
G0 F9000 X117.908 Y114.136
G1 F600 X120.846 Y117.074 E337.15287
G0 F9000 X120.855 Y117.916
G1 F600 X117.923 Y120.849 E337.29081
G0 F9000 X117.895 Y120.623
G0 X119.72 Y119.733
G0 X119.887 Y119.887
G1 F600 X115.105 Y115.105 E337.51574
G0 F9000 X115.276 Y115.263
G0 X119.733 Y115.28
G0 X119.889 Y115.111
G1 F600 X115.106 Y119.893 E337.74069
G0 F9000 X115.467 Y119.503
;MESH:NONMESH
G0 F300 X115.467 Y119.503 Z23.4
G0 F9000 X117.515 Y120.655
G0 X117.5 Y120.96
;TIME_ELAPSED:1135.225813
;LAYER:116
;note -- min layer time used
;TYPE:WALL-INNER
;MESH:FT09-Input Shaft.stl
G1 F600 X117.632 Y120.966 E337.74509
G1 X118.232 Y120.891 E337.7652
G1 X118.811 Y120.71 E337.78537
G1 X119.353 Y120.431 E337.80565
G1 X119.83 Y120.066 E337.82563
G1 X120.24 Y119.622 E337.84573
G1 X120.57 Y119.111 E337.86596
G1 X120.802 Y118.557 E337.88594
G1 X120.934 Y117.967 E337.90604
G1 X120.962 Y117.361 E337.92622
G1 X120.887 Y116.76 E337.94637
G1 X120.706 Y116.181 E337.96654
G1 X120.427 Y115.639 E337.98682
G1 X120.062 Y115.162 E338.00679
G1 X119.619 Y114.753 E338.02685
G1 X119.107 Y114.425 E338.04707
G1 X118.551 Y114.19 E338.06715
G1 X117.963 Y114.058 E338.08719
G1 X117.358 Y114.03 E338.10734
G1 X116.758 Y114.109 E338.12746
G1 X116.176 Y114.29 E338.14774
G1 X115.633 Y114.566 E338.168
G1 X115.158 Y114.93 E338.1879
G1 X114.75 Y115.372 E338.20791
G1 X114.422 Y115.888 E338.22824
G1 X114.186 Y116.445 E338.24836
G1 X114.054 Y117.033 E338.26841
G1 X114.026 Y117.634 E338.28842
G1 X114.105 Y118.234 E338.30855
G1 X114.286 Y118.816 E338.32882
G1 X114.562 Y119.359 E338.34908
G1 X114.926 Y119.834 E338.36898
G1 X115.369 Y120.243 E338.38903
G1 X115.884 Y120.574 E338.4094
G1 X116.439 Y120.806 E338.4294
G1 X117.029 Y120.938 E338.44951
G1 X117.5 Y120.96 E338.46519
G0 F9000 X117.5 Y121.36
;TYPE:WALL-OUTER
G1 F600 X117.648 Y121.367 E338.47012
G1 X118.317 Y121.283 E338.49255
G1 X118.963 Y121.082 E338.51505
G1 X119.568 Y120.77 E338.53769
G1 X120.1 Y120.363 E338.55997
G1 X120.557 Y119.868 E338.58238
G1 X120.926 Y119.298 E338.60496
G1 X121.184 Y118.679 E338.62727
G1 X121.332 Y118.021 E338.6497
G1 X121.363 Y117.345 E338.67221
G1 X121.279 Y116.675 E338.69466
G1 X121.078 Y116.029 E338.71717
G1 X120.766 Y115.424 E338.73981
G1 X120.359 Y114.892 E338.76209
G1 X119.865 Y114.435 E338.78447
G1 X119.294 Y114.07 E338.80701
G1 X118.674 Y113.808 E338.8294
G1 X118.017 Y113.66 E338.8518
G1 X117.341 Y113.629 E338.8743
G1 X116.672 Y113.717 E338.89675
G1 X116.024 Y113.918 E338.91931
G1 X115.419 Y114.226 E338.94189
G1 X114.888 Y114.633 E338.96414
G1 X114.432 Y115.127 E338.9865
G1 X114.066 Y115.702 E339.00917
G1 X113.804 Y116.322 E339.03156
G1 X113.656 Y116.979 E339.05396
G1 X113.625 Y117.651 E339.07633
G1 X113.713 Y118.32 E339.09878
G1 X113.914 Y118.968 E339.12134
G1 X114.222 Y119.573 E339.14392
G1 X114.629 Y120.104 E339.16618
G1 X115.123 Y120.561 E339.18856
G1 X115.698 Y120.93 E339.21128
G1 X116.317 Y121.188 E339.23359
G1 X116.975 Y121.336 E339.25602
G1 X117.5 Y121.36 E339.2735
G0 F9000 X117.088 Y120.86
;TYPE:FILL
G1 F600 X114.144 Y117.916 E339.41198
G0 F9000 X114.132 Y117.096
G1 F600 X117.081 Y114.147 E339.55069
G0 F9000 X117.908 Y114.136
G1 F600 X120.846 Y117.074 E339.68888
G0 F9000 X120.855 Y117.916
G1 F600 X117.923 Y120.849 E339.82682
G0 F9000 X117.895 Y120.623
G0 X119.72 Y119.733
G0 X119.887 Y119.887
G1 F600 X115.105 Y115.105 E340.05175
G0 F9000 X115.276 Y115.263
G0 X119.733 Y115.28
G0 X119.889 Y115.111
G1 F600 X115.106 Y119.893 E340.2767
G0 F9000 X115.467 Y119.503
;MESH:NONMESH
G0 F300 X115.467 Y119.503 Z23.6
G0 F9000 X117.515 Y120.655
G0 X117.5 Y120.96
;TIME_ELAPSED:1143.806345
;LAYER:117
;note -- min layer time used
;TYPE:WALL-INNER
;MESH:FT09-Input Shaft.stl
G1 F600 X117.632 Y120.966 E340.2811
G1 X118.232 Y120.891 E340.30121
G1 X118.811 Y120.71 E340.32139
G1 X119.353 Y120.431 E340.34166
G1 X119.83 Y120.066 E340.36164
G1 X120.24 Y119.622 E340.38174
G1 X120.57 Y119.111 E340.40197
G1 X120.802 Y118.557 E340.42195
G1 X120.934 Y117.967 E340.44205
G1 X120.962 Y117.361 E340.46223
G1 X120.887 Y116.76 E340.48238
G1 X120.706 Y116.181 E340.50255
G1 X120.427 Y115.639 E340.52283
G1 X120.062 Y115.162 E340.54281
G1 X119.619 Y114.753 E340.56286
G1 X119.107 Y114.425 E340.58308
G1 X118.551 Y114.19 E340.60316
G1 X117.963 Y114.058 E340.6232
G1 X117.358 Y114.03 E340.64335
G1 X116.758 Y114.109 E340.66348
G1 X116.176 Y114.29 E340.68375
G1 X115.633 Y114.566 E340.70401
G1 X115.158 Y114.93 E340.72391
G1 X114.75 Y115.372 E340.74392
G1 X114.422 Y115.888 E340.76425
G1 X114.186 Y116.445 E340.78437
G1 X114.054 Y117.033 E340.80442
G1 X114.026 Y117.634 E340.82443
G1 X114.105 Y118.234 E340.84456
G1 X114.286 Y118.816 E340.86483
G1 X114.562 Y119.359 E340.88509
G1 X114.926 Y119.834 E340.90499
G1 X115.369 Y120.243 E340.92505
G1 X115.884 Y120.574 E340.94541
G1 X116.439 Y120.806 E340.96541
G1 X117.029 Y120.938 E340.98552
G1 X117.5 Y120.96 E341.00121
G0 F9000 X117.5 Y121.36
;TYPE:WALL-OUTER
G1 F600 X117.648 Y121.367 E341.00613
G1 X118.317 Y121.283 E341.02856
G1 X118.963 Y121.082 E341.05106
G1 X119.568 Y120.77 E341.0737
G1 X120.1 Y120.363 E341.09598
G1 X120.557 Y119.868 E341.11839
G1 X120.926 Y119.298 E341.14097
G1 X121.184 Y118.679 E341.16328
G1 X121.332 Y118.021 E341.18571
G1 X121.363 Y117.345 E341.20822
G1 X121.279 Y116.675 E341.23068
G1 X121.078 Y116.029 E341.25318
G1 X120.766 Y115.424 E341.27582
G1 X120.359 Y114.892 E341.2981
G1 X119.865 Y114.435 E341.32048
G1 X119.294 Y114.07 E341.34302
G1 X118.674 Y113.808 E341.36541
G1 X118.017 Y113.66 E341.38781
G1 X117.341 Y113.629 E341.41031
G1 X116.672 Y113.717 E341.43276
G1 X116.024 Y113.918 E341.45532
G1 X115.419 Y114.226 E341.4779
G1 X114.888 Y114.633 E341.50015
G1 X114.432 Y115.127 E341.52251
G1 X114.066 Y115.702 E341.54518
G1 X113.804 Y116.322 E341.56757
G1 X113.656 Y116.979 E341.58997
G1 X113.625 Y117.651 E341.61235
G1 X113.713 Y118.32 E341.63479
G1 X113.914 Y118.968 E341.65735
G1 X114.222 Y119.573 E341.67993
G1 X114.629 Y120.104 E341.70219
G1 X115.123 Y120.561 E341.72457
G1 X115.698 Y120.93 E341.74729
G1 X116.317 Y121.188 E341.7696
G1 X116.975 Y121.336 E341.79203
G1 X117.5 Y121.36 E341.80951
G0 F9000 X117.088 Y120.86
;TYPE:FILL
G1 F600 X114.144 Y117.916 E341.94799
G0 F9000 X114.132 Y117.096
G1 F600 X117.081 Y114.147 E342.0867
G0 F9000 X117.908 Y114.136
G1 F600 X120.846 Y117.074 E342.22489
G0 F9000 X120.855 Y117.916
G1 F600 X117.923 Y120.849 E342.36283
G0 F9000 X117.895 Y120.623
G0 X119.72 Y119.733
G0 X119.887 Y119.887
G1 F600 X115.105 Y115.105 E342.58776
G0 F9000 X115.276 Y115.263
G0 X119.733 Y115.28
G0 X119.889 Y115.111
G1 F600 X115.106 Y119.893 E342.81271
G0 F9000 X115.467 Y119.503
;MESH:NONMESH
G0 F300 X115.467 Y119.503 Z23.8
G0 F9000 X117.515 Y120.655
G0 X117.5 Y120.96
;TIME_ELAPSED:1152.386877
;LAYER:118
;note -- min layer time used
;TYPE:WALL-INNER
;MESH:FT09-Input Shaft.stl
G1 F600 X117.632 Y120.966 E342.81711
G1 X118.232 Y120.891 E342.83722
G1 X118.811 Y120.71 E342.8574
G1 X119.353 Y120.431 E342.87767
G1 X119.83 Y120.066 E342.89765
G1 X120.24 Y119.622 E342.91775
G1 X120.57 Y119.111 E342.93798
G1 X120.802 Y118.557 E342.95796
G1 X120.934 Y117.967 E342.97807
G1 X120.962 Y117.361 E342.99824
G1 X120.887 Y116.76 E343.01839
G1 X120.706 Y116.181 E343.03856
G1 X120.427 Y115.639 E343.05884
G1 X120.062 Y115.162 E343.07882
G1 X119.619 Y114.753 E343.09887
G1 X119.107 Y114.425 E343.11909
G1 X118.551 Y114.19 E343.13917
G1 X117.963 Y114.058 E343.15921
G1 X117.358 Y114.03 E343.17936
G1 X116.758 Y114.109 E343.19949
G1 X116.176 Y114.29 E343.21976
G1 X115.633 Y114.566 E343.24002
G1 X115.158 Y114.93 E343.25992
G1 X114.75 Y115.372 E343.27993
G1 X114.422 Y115.888 E343.30026
G1 X114.186 Y116.445 E343.32038
G1 X114.054 Y117.033 E343.34043
G1 X114.026 Y117.634 E343.36044
G1 X114.105 Y118.234 E343.38057
G1 X114.286 Y118.816 E343.40084
G1 X114.562 Y119.359 E343.4211
G1 X114.926 Y119.834 E343.441
G1 X115.369 Y120.243 E343.46106
G1 X115.884 Y120.574 E343.48142
G1 X116.439 Y120.806 E343.50143
G1 X117.029 Y120.938 E343.52153
G1 X117.5 Y120.96 E343.53722
G0 F9000 X117.5 Y121.36
;TYPE:WALL-OUTER
G1 F600 X117.648 Y121.367 E343.54214
G1 X118.317 Y121.283 E343.56457
G1 X118.963 Y121.082 E343.58707
G1 X119.568 Y120.77 E343.60971
G1 X120.1 Y120.363 E343.63199
G1 X120.557 Y119.868 E343.6544
G1 X120.926 Y119.298 E343.67698
G1 X121.184 Y118.679 E343.69929
G1 X121.332 Y118.021 E343.72172
G1 X121.363 Y117.345 E343.74423
G1 X121.279 Y116.675 E343.76669
G1 X121.078 Y116.029 E343.78919
G1 X120.766 Y115.424 E343.81183
G1 X120.359 Y114.892 E343.83411
G1 X119.865 Y114.435 E343.85649
G1 X119.294 Y114.07 E343.87903
G1 X118.674 Y113.808 E343.90142
G1 X118.017 Y113.66 E343.92382
G1 X117.341 Y113.629 E343.94632
G1 X116.672 Y113.717 E343.96877
G1 X116.024 Y113.918 E343.99133
G1 X115.419 Y114.226 E344.01391
G1 X114.888 Y114.633 E344.03616
G1 X114.432 Y115.127 E344.05853
G1 X114.066 Y115.702 E344.0812
G1 X113.804 Y116.322 E344.10358
G1 X113.656 Y116.979 E344.12598
G1 X113.625 Y117.651 E344.14836
G1 X113.713 Y118.32 E344.1708
G1 X113.914 Y118.968 E344.19336
G1 X114.222 Y119.573 E344.21594
G1 X114.629 Y120.104 E344.2382
G1 X115.123 Y120.561 E344.26058
G1 X115.698 Y120.93 E344.2833
G1 X116.317 Y121.188 E344.30561
G1 X116.975 Y121.336 E344.32804
G1 X117.5 Y121.36 E344.34552
G0 F9000 X117.088 Y120.86
;TYPE:FILL
G1 F600 X114.144 Y117.916 E344.484
G0 F9000 X114.132 Y117.096
G1 F600 X117.081 Y114.147 E344.62271
G0 F9000 X117.908 Y114.136
G1 F600 X120.846 Y117.074 E344.7609
G0 F9000 X120.855 Y117.916
G1 F600 X117.923 Y120.849 E344.89884
G0 F9000 X117.895 Y120.623
G0 X119.72 Y119.733
G0 X119.887 Y119.887
G1 F600 X115.105 Y115.105 E345.12377
G0 F9000 X115.276 Y115.263
G0 X119.733 Y115.28
G0 X119.889 Y115.111
G1 F600 X115.106 Y119.893 E345.34872
G0 F9000 X115.467 Y119.503
;MESH:NONMESH
G0 F300 X115.467 Y119.503 Z24
G0 F9000 X117.515 Y120.655
G0 X117.5 Y120.96
;TIME_ELAPSED:1160.967410
;LAYER:119
;note -- min layer time used
;TYPE:WALL-INNER
;MESH:FT09-Input Shaft.stl
G1 F600 X117.632 Y120.966 E345.35312
G1 X118.232 Y120.891 E345.37323
G1 X118.811 Y120.71 E345.39341
G1 X119.353 Y120.431 E345.41368
G1 X119.83 Y120.066 E345.43366
G1 X120.24 Y119.622 E345.45376
G1 X120.57 Y119.111 E345.47399
G1 X120.802 Y118.557 E345.49397
G1 X120.934 Y117.967 E345.51408
G1 X120.962 Y117.361 E345.53425
G1 X120.887 Y116.76 E345.5544
G1 X120.706 Y116.181 E345.57458
G1 X120.427 Y115.639 E345.59485
G1 X120.062 Y115.162 E345.61483
G1 X119.619 Y114.753 E345.63488
G1 X119.107 Y114.425 E345.6551
G1 X118.551 Y114.19 E345.67518
G1 X117.963 Y114.058 E345.69523
G1 X117.358 Y114.03 E345.71537
G1 X116.758 Y114.109 E345.7355
G1 X116.176 Y114.29 E345.75577
G1 X115.633 Y114.566 E345.77603
G1 X115.158 Y114.93 E345.79593
G1 X114.75 Y115.372 E345.81594
G1 X114.422 Y115.888 E345.83628
G1 X114.186 Y116.445 E345.8564
G1 X114.054 Y117.033 E345.87644
G1 X114.026 Y117.634 E345.89645
G1 X114.105 Y118.234 E345.91658
G1 X114.286 Y118.816 E345.93685
G1 X114.562 Y119.359 E345.95711
G1 X114.926 Y119.834 E345.97701
G1 X115.369 Y120.243 E345.99707
G1 X115.884 Y120.574 E346.01743
G1 X116.439 Y120.806 E346.03744
G1 X117.029 Y120.938 E346.05755
G1 X117.5 Y120.96 E346.07323
G0 F9000 X117.5 Y121.36
;TYPE:WALL-OUTER
G1 F600 X117.648 Y121.367 E346.07816
G1 X118.317 Y121.283 E346.10058
G1 X118.963 Y121.082 E346.12308
G1 X119.568 Y120.77 E346.14572
G1 X120.1 Y120.363 E346.168
G1 X120.557 Y119.868 E346.19041
G1 X120.926 Y119.298 E346.21299
G1 X121.184 Y118.679 E346.2353
G1 X121.332 Y118.021 E346.25773
G1 X121.363 Y117.345 E346.28024
G1 X121.279 Y116.675 E346.3027
G1 X121.078 Y116.029 E346.3252
G1 X120.766 Y115.424 E346.34784
G1 X120.359 Y114.892 E346.37012
G1 X119.865 Y114.435 E346.3925
G1 X119.294 Y114.07 E346.41504
G1 X118.674 Y113.808 E346.43743
G1 X118.017 Y113.66 E346.45983
G1 X117.341 Y113.629 E346.48234
G1 X116.672 Y113.717 E346.50478
G1 X116.024 Y113.918 E346.52734
G1 X115.419 Y114.226 E346.54992
G1 X114.888 Y114.633 E346.57218
G1 X114.432 Y115.127 E346.59454
G1 X114.066 Y115.702 E346.61721
G1 X113.804 Y116.322 E346.63959
G1 X113.656 Y116.979 E346.66199
G1 X113.625 Y117.651 E346.68437
G1 X113.713 Y118.32 E346.70681
G1 X113.914 Y118.968 E346.72938
G1 X114.222 Y119.573 E346.75196
G1 X114.629 Y120.104 E346.77421
G1 X115.123 Y120.561 E346.79659
G1 X115.698 Y120.93 E346.81931
G1 X116.317 Y121.188 E346.84162
G1 X116.975 Y121.336 E346.86405
G1 X117.5 Y121.36 E346.88153
G0 F9000 X117.088 Y120.86
;TYPE:FILL
G1 F600 X114.144 Y117.916 E347.02001
G0 F9000 X114.132 Y117.096
G1 F600 X117.081 Y114.147 E347.15872
G0 F9000 X117.908 Y114.136
G1 F600 X120.846 Y117.074 E347.29691
G0 F9000 X120.855 Y117.916
G1 F600 X117.923 Y120.849 E347.43485
G0 F9000 X117.895 Y120.623
G0 X119.72 Y119.733
G0 X119.887 Y119.887
G1 F600 X115.105 Y115.105 E347.65978
G0 F9000 X115.276 Y115.263
G0 X119.733 Y115.28
G0 X119.889 Y115.111
G1 F600 X115.106 Y119.893 E347.88474
G0 F9000 X115.467 Y119.503
;MESH:NONMESH
G0 F300 X115.467 Y119.503 Z24.2
G0 F9000 X117.515 Y120.655
G0 X117.5 Y120.96
;TIME_ELAPSED:1169.547942
;LAYER:120
;note -- min layer time used
;TYPE:WALL-INNER
;MESH:FT09-Input Shaft.stl
G1 F600 X117.632 Y120.966 E347.88913
G1 X118.232 Y120.891 E347.90924
G1 X118.811 Y120.71 E347.92942
G1 X119.353 Y120.431 E347.94969
G1 X119.83 Y120.066 E347.96967
G1 X120.24 Y119.622 E347.98977
G1 X120.57 Y119.111 E348.01
G1 X120.802 Y118.557 E348.02998
G1 X120.934 Y117.967 E348.05009
G1 X120.962 Y117.361 E348.07027
G1 X120.887 Y116.76 E348.09041
G1 X120.706 Y116.181 E348.11059
G1 X120.427 Y115.639 E348.13086
G1 X120.062 Y115.162 E348.15084
G1 X119.619 Y114.753 E348.17089
G1 X119.107 Y114.425 E348.19112
G1 X118.551 Y114.19 E348.21119
G1 X117.963 Y114.058 E348.23124
G1 X117.358 Y114.03 E348.25138
G1 X116.758 Y114.109 E348.27151
G1 X116.176 Y114.29 E348.29178
G1 X115.633 Y114.566 E348.31204
G1 X115.158 Y114.93 E348.33194
G1 X114.75 Y115.372 E348.35195
G1 X114.422 Y115.888 E348.37229
G1 X114.186 Y116.445 E348.39241
G1 X114.054 Y117.033 E348.41245
G1 X114.026 Y117.634 E348.43246
G1 X114.105 Y118.234 E348.45259
G1 X114.286 Y118.816 E348.47286
G1 X114.562 Y119.359 E348.49312
G1 X114.926 Y119.834 E348.51302
G1 X115.369 Y120.243 E348.53308
G1 X115.884 Y120.574 E348.55344
G1 X116.439 Y120.806 E348.57345
G1 X117.029 Y120.938 E348.59356
G1 X117.5 Y120.96 E348.60924
G0 F9000 X117.5 Y121.36
;TYPE:WALL-OUTER
G1 F600 X117.648 Y121.367 E348.61417
G1 X118.317 Y121.283 E348.63659
G1 X118.963 Y121.082 E348.65909
G1 X119.568 Y120.77 E348.68174
G1 X120.1 Y120.363 E348.70401
G1 X120.557 Y119.868 E348.72642
G1 X120.926 Y119.298 E348.74901
G1 X121.184 Y118.679 E348.77131
G1 X121.332 Y118.021 E348.79374
G1 X121.363 Y117.345 E348.81625
G1 X121.279 Y116.675 E348.83871
G1 X121.078 Y116.029 E348.86121
G1 X120.766 Y115.424 E348.88385
G1 X120.359 Y114.892 E348.90613
G1 X119.865 Y114.435 E348.92851
G1 X119.294 Y114.07 E348.95105
G1 X118.674 Y113.808 E348.97344
G1 X118.017 Y113.66 E348.99584
G1 X117.341 Y113.629 E349.01835
G1 X116.672 Y113.717 E349.04079
G1 X116.024 Y113.918 E349.06335
G1 X115.419 Y114.226 E349.08593
G1 X114.888 Y114.633 E349.10819
G1 X114.432 Y115.127 E349.13055
G1 X114.066 Y115.702 E349.15322
G1 X113.804 Y116.322 E349.1756
G1 X113.656 Y116.979 E349.198
G1 X113.625 Y117.651 E349.22038
G1 X113.713 Y118.32 E349.24282
G1 X113.914 Y118.968 E349.26539
G1 X114.222 Y119.573 E349.28797
G1 X114.629 Y120.104 E349.31022
G1 X115.123 Y120.561 E349.3326
G1 X115.698 Y120.93 E349.35533
G1 X116.317 Y121.188 E349.37763
G1 X116.975 Y121.336 E349.40006
G1 X117.5 Y121.36 E349.41754
G0 F9000 X117.088 Y120.86
;TYPE:FILL
G1 F600 X114.144 Y117.916 E349.55602
G0 F9000 X114.132 Y117.096
G1 F600 X117.081 Y114.147 E349.69473
G0 F9000 X117.908 Y114.136
G1 F600 X120.846 Y117.074 E349.83293
G0 F9000 X120.855 Y117.916
G1 F600 X117.923 Y120.849 E349.97086
G0 F9000 X117.895 Y120.623
G0 X119.72 Y119.733
G0 X119.887 Y119.887
G1 F600 X115.105 Y115.105 E350.19579
G0 F9000 X115.276 Y115.263
G0 X119.733 Y115.28
G0 X119.889 Y115.111
G1 F600 X115.106 Y119.893 E350.42075
G0 F9000 X115.467 Y119.503
;MESH:NONMESH
G0 F300 X115.467 Y119.503 Z24.4
G0 F9000 X117.515 Y120.655
G0 X117.5 Y120.96
;TIME_ELAPSED:1178.128474
;LAYER:121
;note -- min layer time used
;TYPE:WALL-INNER
;MESH:FT09-Input Shaft.stl
G1 F600 X117.632 Y120.966 E350.42514
G1 X118.232 Y120.891 E350.44525
G1 X118.811 Y120.71 E350.46543
G1 X119.353 Y120.431 E350.4857
G1 X119.83 Y120.066 E350.50568
G1 X120.24 Y119.622 E350.52578
G1 X120.57 Y119.111 E350.54601
G1 X120.802 Y118.557 E350.56599
G1 X120.934 Y117.967 E350.5861
G1 X120.962 Y117.361 E350.60628
G1 X120.887 Y116.76 E350.62642
G1 X120.706 Y116.181 E350.6466
G1 X120.427 Y115.639 E350.66687
G1 X120.062 Y115.162 E350.68685
G1 X119.619 Y114.753 E350.7069
G1 X119.107 Y114.425 E350.72713
G1 X118.551 Y114.19 E350.7472
G1 X117.963 Y114.058 E350.76725
G1 X117.358 Y114.03 E350.78739
G1 X116.758 Y114.109 E350.80752
G1 X116.176 Y114.29 E350.82779
G1 X115.633 Y114.566 E350.84805
G1 X115.158 Y114.93 E350.86795
G1 X114.75 Y115.372 E350.88796
G1 X114.422 Y115.888 E350.9083
G1 X114.186 Y116.445 E350.92842
G1 X114.054 Y117.033 E350.94846
G1 X114.026 Y117.634 E350.96847
G1 X114.105 Y118.234 E350.9886
G1 X114.286 Y118.816 E351.00887
G1 X114.562 Y119.359 E351.02913
G1 X114.926 Y119.834 E351.04904
G1 X115.369 Y120.243 E351.06909
G1 X115.884 Y120.574 E351.08945
G1 X116.439 Y120.806 E351.10946
G1 X117.029 Y120.938 E351.12957
G1 X117.5 Y120.96 E351.14525
G0 F9000 X117.5 Y121.36
;TYPE:WALL-OUTER
G1 F600 X117.648 Y121.367 E351.15018
G1 X118.317 Y121.283 E351.1726
G1 X118.963 Y121.082 E351.19511
G1 X119.568 Y120.77 E351.21775
G1 X120.1 Y120.363 E351.24002
G1 X120.557 Y119.868 E351.26243
G1 X120.926 Y119.298 E351.28502
G1 X121.184 Y118.679 E351.30732
G1 X121.332 Y118.021 E351.32975
G1 X121.363 Y117.345 E351.35226
G1 X121.279 Y116.675 E351.37472
G1 X121.078 Y116.029 E351.39722
G1 X120.766 Y115.424 E351.41986
G1 X120.359 Y114.892 E351.44214
G1 X119.865 Y114.435 E351.46452
G1 X119.294 Y114.07 E351.48706
G1 X118.674 Y113.808 E351.50945
G1 X118.017 Y113.66 E351.53185
G1 X117.341 Y113.629 E351.55436
G1 X116.672 Y113.717 E351.5768
G1 X116.024 Y113.918 E351.59937
G1 X115.419 Y114.226 E351.62195
G1 X114.888 Y114.633 E351.6442
G1 X114.432 Y115.127 E351.66656
G1 X114.066 Y115.702 E351.68923
G1 X113.804 Y116.322 E351.71162
G1 X113.656 Y116.979 E351.73401
G1 X113.625 Y117.651 E351.75639
G1 X113.713 Y118.32 E351.77883
G1 X113.914 Y118.968 E351.8014
G1 X114.222 Y119.573 E351.82398
G1 X114.629 Y120.104 E351.84623
G1 X115.123 Y120.561 E351.86861
G1 X115.698 Y120.93 E351.89134
G1 X116.317 Y121.188 E351.91364
G1 X116.975 Y121.336 E351.93607
G1 X117.5 Y121.36 E351.95355
G0 F9000 X117.088 Y120.86
;TYPE:FILL
G1 F600 X114.144 Y117.916 E352.09203
G0 F9000 X114.132 Y117.096
G1 F600 X117.081 Y114.147 E352.23074
G0 F9000 X117.908 Y114.136
G1 F600 X120.846 Y117.074 E352.36894
G0 F9000 X120.855 Y117.916
G1 F600 X117.923 Y120.849 E352.50687
G0 F9000 X117.895 Y120.623
G0 X119.72 Y119.733
G0 X119.887 Y119.887
G1 F600 X115.105 Y115.105 E352.7318
G0 F9000 X115.276 Y115.263
G0 X119.733 Y115.28
G0 X119.889 Y115.111
G1 F600 X115.106 Y119.893 E352.95676
G0 F9000 X115.467 Y119.503
;MESH:NONMESH
G0 F300 X115.467 Y119.503 Z24.6
G0 F9000 X117.515 Y120.655
G0 X117.5 Y120.96
;TIME_ELAPSED:1186.709006
;LAYER:122
;note -- min layer time used
;TYPE:WALL-INNER
;MESH:FT09-Input Shaft.stl
G1 F600 X117.632 Y120.966 E352.96115
G1 X118.232 Y120.891 E352.98126
G1 X118.811 Y120.71 E353.00144
G1 X119.353 Y120.431 E353.02172
G1 X119.83 Y120.066 E353.04169
G1 X120.24 Y119.622 E353.06179
G1 X120.57 Y119.111 E353.08202
G1 X120.802 Y118.557 E353.102
G1 X120.934 Y117.967 E353.12211
G1 X120.962 Y117.361 E353.14229
G1 X120.887 Y116.76 E353.16243
G1 X120.706 Y116.181 E353.18261
G1 X120.427 Y115.639 E353.20288
G1 X120.062 Y115.162 E353.22286
G1 X119.619 Y114.753 E353.24291
G1 X119.107 Y114.425 E353.26314
G1 X118.551 Y114.19 E353.28321
G1 X117.963 Y114.058 E353.30326
G1 X117.358 Y114.03 E353.3234
G1 X116.758 Y114.109 E353.34353
G1 X116.176 Y114.29 E353.3638
G1 X115.633 Y114.566 E353.38406
G1 X115.158 Y114.93 E353.40397
G1 X114.75 Y115.372 E353.42397
G1 X114.422 Y115.888 E353.44431
G1 X114.186 Y116.445 E353.46443
G1 X114.054 Y117.033 E353.48447
G1 X114.026 Y117.634 E353.50448
G1 X114.105 Y118.234 E353.52461
G1 X114.286 Y118.816 E353.54488
G1 X114.562 Y119.359 E353.56514
G1 X114.926 Y119.834 E353.58505
G1 X115.369 Y120.243 E353.6051
G1 X115.884 Y120.574 E353.62546
G1 X116.439 Y120.806 E353.64547
G1 X117.029 Y120.938 E353.66558
G1 X117.5 Y120.96 E353.68126
G0 F9000 X117.5 Y121.36
;TYPE:WALL-OUTER
G1 F600 X117.648 Y121.367 E353.68619
G1 X118.317 Y121.283 E353.70861
G1 X118.963 Y121.082 E353.73112
G1 X119.568 Y120.77 E353.75376
G1 X120.1 Y120.363 E353.77604
G1 X120.557 Y119.868 E353.79844
G1 X120.926 Y119.298 E353.82103
G1 X121.184 Y118.679 E353.84333
G1 X121.332 Y118.021 E353.86576
G1 X121.363 Y117.345 E353.88827
G1 X121.279 Y116.675 E353.91073
G1 X121.078 Y116.029 E353.93323
G1 X120.766 Y115.424 E353.95587
G1 X120.359 Y114.892 E353.97815
G1 X119.865 Y114.435 E354.00053
G1 X119.294 Y114.07 E354.02307
G1 X118.674 Y113.808 E354.04546
G1 X118.017 Y113.66 E354.06786
G1 X117.341 Y113.629 E354.09037
G1 X116.672 Y113.717 E354.11281
G1 X116.024 Y113.918 E354.13538
G1 X115.419 Y114.226 E354.15796
G1 X114.888 Y114.633 E354.18021
G1 X114.432 Y115.127 E354.20257
G1 X114.066 Y115.702 E354.22524
G1 X113.804 Y116.322 E354.24763
G1 X113.656 Y116.979 E354.27003
G1 X113.625 Y117.651 E354.2924
G1 X113.713 Y118.32 E354.31484
G1 X113.914 Y118.968 E354.33741
G1 X114.222 Y119.573 E354.35999
G1 X114.629 Y120.104 E354.38224
G1 X115.123 Y120.561 E354.40462
G1 X115.698 Y120.93 E354.42735
G1 X116.317 Y121.188 E354.44965
G1 X116.975 Y121.336 E354.47208
G1 X117.5 Y121.36 E354.48956
G0 F9000 X117.088 Y120.86
;TYPE:FILL
G1 F600 X114.144 Y117.916 E354.62804
G0 F9000 X114.132 Y117.096
G1 F600 X117.081 Y114.147 E354.76675
G0 F9000 X117.908 Y114.136
G1 F600 X120.846 Y117.074 E354.90495
G0 F9000 X120.855 Y117.916
G1 F600 X117.923 Y120.849 E355.04288
G0 F9000 X117.895 Y120.623
G0 X119.72 Y119.733
G0 X119.887 Y119.887
G1 F600 X115.105 Y115.105 E355.26781
G0 F9000 X115.276 Y115.263
G0 X119.733 Y115.28
G0 X119.889 Y115.111
G1 F600 X115.106 Y119.893 E355.49277
G0 F9000 X115.467 Y119.503
;MESH:NONMESH
G0 F300 X115.467 Y119.503 Z24.8
G0 F9000 X117.515 Y120.655
G0 X117.5 Y120.96
;TIME_ELAPSED:1195.289538
;LAYER:123
;note -- min layer time used
;TYPE:WALL-INNER
;MESH:FT09-Input Shaft.stl
G1 F600 X117.632 Y120.966 E355.49716
G1 X118.232 Y120.891 E355.51727
G1 X118.811 Y120.71 E355.53745
G1 X119.353 Y120.431 E355.55773
G1 X119.83 Y120.066 E355.5777
G1 X120.24 Y119.622 E355.5978
G1 X120.57 Y119.111 E355.61804
G1 X120.802 Y118.557 E355.63801
G1 X120.934 Y117.967 E355.65812
G1 X120.962 Y117.361 E355.6783
G1 X120.887 Y116.76 E355.69844
G1 X120.706 Y116.181 E355.71862
G1 X120.427 Y115.639 E355.73889
G1 X120.062 Y115.162 E355.75887
G1 X119.619 Y114.753 E355.77892
G1 X119.107 Y114.425 E355.79915
G1 X118.551 Y114.19 E355.81923
G1 X117.963 Y114.058 E355.83927
G1 X117.358 Y114.03 E355.85941
G1 X116.758 Y114.109 E355.87954
G1 X116.176 Y114.29 E355.89981
G1 X115.633 Y114.566 E355.92007
G1 X115.158 Y114.93 E355.93998
G1 X114.75 Y115.372 E355.95998
G1 X114.422 Y115.888 E355.98032
G1 X114.186 Y116.445 E356.00044
G1 X114.054 Y117.033 E356.02048
G1 X114.026 Y117.634 E356.04049
G1 X114.105 Y118.234 E356.06062
G1 X114.286 Y118.816 E356.08089
G1 X114.562 Y119.359 E356.10115
G1 X114.926 Y119.834 E356.12106
G1 X115.369 Y120.243 E356.14111
G1 X115.884 Y120.574 E356.16147
G1 X116.439 Y120.806 E356.18148
G1 X117.029 Y120.938 E356.20159
G1 X117.5 Y120.96 E356.21727
G0 F9000 X117.5 Y121.36
;TYPE:WALL-OUTER
G1 F600 X117.648 Y121.367 E356.2222
G1 X118.317 Y121.283 E356.24463
G1 X118.963 Y121.082 E356.26713
G1 X119.568 Y120.77 E356.28977
G1 X120.1 Y120.363 E356.31205
G1 X120.557 Y119.868 E356.33445
G1 X120.926 Y119.298 E356.35704
G1 X121.184 Y118.679 E356.37934
G1 X121.332 Y118.021 E356.40177
G1 X121.363 Y117.345 E356.42428
G1 X121.279 Y116.675 E356.44674
G1 X121.078 Y116.029 E356.46924
G1 X120.766 Y115.424 E356.49188
G1 X120.359 Y114.892 E356.51416
G1 X119.865 Y114.435 E356.53655
G1 X119.294 Y114.07 E356.55909
G1 X118.674 Y113.808 E356.58147
G1 X118.017 Y113.66 E356.60387
G1 X117.341 Y113.629 E356.62638
G1 X116.672 Y113.717 E356.64882
G1 X116.024 Y113.918 E356.67139
G1 X115.419 Y114.226 E356.69397
G1 X114.888 Y114.633 E356.71622
G1 X114.432 Y115.127 E356.73858
G1 X114.066 Y115.702 E356.76125
G1 X113.804 Y116.322 E356.78364
G1 X113.656 Y116.979 E356.80604
G1 X113.625 Y117.651 E356.82841
G1 X113.713 Y118.32 E356.85085
G1 X113.914 Y118.968 E356.87342
G1 X114.222 Y119.573 E356.896
G1 X114.629 Y120.104 E356.91825
G1 X115.123 Y120.561 E356.94063
G1 X115.698 Y120.93 E356.96336
G1 X116.317 Y121.188 E356.98566
G1 X116.975 Y121.336 E357.0081
G1 X117.5 Y121.36 E357.02558
G0 F9000 X117.088 Y120.86
;TYPE:FILL
G1 F600 X114.144 Y117.916 E357.16405
G0 F9000 X114.132 Y117.096
G1 F600 X117.081 Y114.147 E357.30276
G0 F9000 X117.908 Y114.136
G1 F600 X120.846 Y117.074 E357.44096
G0 F9000 X120.855 Y117.916
G1 F600 X117.923 Y120.849 E357.57889
G0 F9000 X117.895 Y120.623
G0 X119.72 Y119.733
G0 X119.887 Y119.887
G1 F600 X115.105 Y115.105 E357.80382
G0 F9000 X115.276 Y115.263
G0 X119.733 Y115.28
G0 X119.889 Y115.111
G1 F600 X115.106 Y119.893 E358.02878
G0 F9000 X115.467 Y119.503
;MESH:NONMESH
G0 F300 X115.467 Y119.503 Z25
G0 F9000 X117.515 Y120.655
G0 X117.5 Y120.96
;TIME_ELAPSED:1203.870070
;LAYER:124
;note -- min layer time used
;TYPE:WALL-INNER
;MESH:FT09-Input Shaft.stl
G1 F600 X117.632 Y120.966 E358.03317
G1 X118.232 Y120.891 E358.05329
G1 X118.811 Y120.71 E358.07346
G1 X119.353 Y120.431 E358.09374
G1 X119.83 Y120.066 E358.11371
G1 X120.24 Y119.622 E358.13381
G1 X120.57 Y119.111 E358.15405
G1 X120.802 Y118.557 E358.17402
G1 X120.934 Y117.967 E358.19413
G1 X120.962 Y117.361 E358.21431
G1 X120.887 Y116.76 E358.23445
G1 X120.706 Y116.181 E358.25463
G1 X120.427 Y115.639 E358.27491
G1 X120.062 Y115.162 E358.29488
G1 X119.619 Y114.753 E358.31494
G1 X119.107 Y114.425 E358.33516
G1 X118.551 Y114.19 E358.35524
G1 X117.963 Y114.058 E358.37528
G1 X117.358 Y114.03 E358.39542
G1 X116.758 Y114.109 E358.41555
G1 X116.176 Y114.29 E358.43582
G1 X115.633 Y114.566 E358.45608
G1 X115.158 Y114.93 E358.47599
G1 X114.75 Y115.372 E358.49599
G1 X114.422 Y115.888 E358.51633
G1 X114.186 Y116.445 E358.53645
G1 X114.054 Y117.033 E358.55649
G1 X114.026 Y117.634 E358.57651
G1 X114.105 Y118.234 E358.59663
G1 X114.286 Y118.816 E358.61691
G1 X114.562 Y119.359 E358.63716
G1 X114.926 Y119.834 E358.65707
G1 X115.369 Y120.243 E358.67712
G1 X115.884 Y120.574 E358.69748
G1 X116.439 Y120.806 E358.71749
G1 X117.029 Y120.938 E358.7376
G1 X117.5 Y120.96 E358.75328
G0 F9000 X117.5 Y121.36
;TYPE:WALL-OUTER
G1 F600 X117.648 Y121.367 E358.75821
G1 X118.317 Y121.283 E358.78064
G1 X118.963 Y121.082 E358.80314
G1 X119.568 Y120.77 E358.82578
G1 X120.1 Y120.363 E358.84806
G1 X120.557 Y119.868 E358.87047
G1 X120.926 Y119.298 E358.89305
G1 X121.184 Y118.679 E358.91535
G1 X121.332 Y118.021 E358.93779
G1 X121.363 Y117.345 E358.96029
G1 X121.279 Y116.675 E358.98275
G1 X121.078 Y116.029 E359.00525
G1 X120.766 Y115.424 E359.02789
G1 X120.359 Y114.892 E359.05017
G1 X119.865 Y114.435 E359.07256
G1 X119.294 Y114.07 E359.0951
G1 X118.674 Y113.808 E359.11748
G1 X118.017 Y113.66 E359.13988
G1 X117.341 Y113.629 E359.16239
G1 X116.672 Y113.717 E359.18483
G1 X116.024 Y113.918 E359.2074
G1 X115.419 Y114.226 E359.22998
G1 X114.888 Y114.633 E359.25223
G1 X114.432 Y115.127 E359.27459
G1 X114.066 Y115.702 E359.29726
G1 X113.804 Y116.322 E359.31965
G1 X113.656 Y116.979 E359.34205
G1 X113.625 Y117.651 E359.36442
G1 X113.713 Y118.32 E359.38687
G1 X113.914 Y118.968 E359.40943
G1 X114.222 Y119.573 E359.43201
G1 X114.629 Y120.104 E359.45426
G1 X115.123 Y120.561 E359.47665
G1 X115.698 Y120.93 E359.49937
G1 X116.317 Y121.188 E359.52167
G1 X116.975 Y121.336 E359.54411
G1 X117.5 Y121.36 E359.56159
G0 F9000 X117.088 Y120.86
;TYPE:FILL
G1 F600 X114.144 Y117.916 E359.70006
G0 F9000 X114.132 Y117.096
G1 F600 X117.081 Y114.147 E359.83877
G0 F9000 X117.908 Y114.136
G1 F600 X120.846 Y117.074 E359.97697
G0 F9000 X120.855 Y117.916
G1 F600 X117.923 Y120.849 E360.11491
G0 F9000 X117.895 Y120.623
G0 X119.72 Y119.733
G0 X119.887 Y119.887
G1 F600 X115.105 Y115.105 E360.33984
G0 F9000 X115.276 Y115.263
G0 X119.733 Y115.28
G0 X119.889 Y115.111
G1 F600 X115.106 Y119.893 E360.56479
G0 F9000 X115.467 Y119.503
;MESH:NONMESH
G0 F300 X115.467 Y119.503 Z25.2
G0 F9000 X117.515 Y120.655
G0 X117.5 Y120.96
;TIME_ELAPSED:1212.450602
;LAYER:125
;note -- min layer time used
;TYPE:WALL-INNER
;MESH:FT09-Input Shaft.stl
G1 F600 X117.632 Y120.966 E360.56918
G1 X118.232 Y120.891 E360.5893
G1 X118.811 Y120.71 E360.60947
G1 X119.353 Y120.431 E360.62975
G1 X119.83 Y120.066 E360.64973
G1 X120.24 Y119.622 E360.66983
G1 X120.57 Y119.111 E360.69006
G1 X120.802 Y118.557 E360.71003
G1 X120.934 Y117.967 E360.73014
G1 X120.962 Y117.361 E360.75032
G1 X120.887 Y116.76 E360.77046
G1 X120.706 Y116.181 E360.79064
G1 X120.427 Y115.639 E360.81092
G1 X120.062 Y115.162 E360.83089
G1 X119.619 Y114.753 E360.85095
G1 X119.107 Y114.425 E360.87117
G1 X118.551 Y114.19 E360.89125
G1 X117.963 Y114.058 E360.91129
G1 X117.358 Y114.03 E360.93143
G1 X116.758 Y114.109 E360.95156
G1 X116.176 Y114.29 E360.97184
G1 X115.633 Y114.566 E360.99209
G1 X115.158 Y114.93 E361.012
G1 X114.75 Y115.372 E361.03201
G1 X114.422 Y115.888 E361.05234
G1 X114.186 Y116.445 E361.07246
G1 X114.054 Y117.033 E361.09251
G1 X114.026 Y117.634 E361.11252
G1 X114.105 Y118.234 E361.13264
G1 X114.286 Y118.816 E361.15292
G1 X114.562 Y119.359 E361.17318
G1 X114.926 Y119.834 E361.19308
G1 X115.369 Y120.243 E361.21313
G1 X115.884 Y120.574 E361.2335
G1 X116.439 Y120.806 E361.2535
G1 X117.029 Y120.938 E361.27361
G1 X117.5 Y120.96 E361.28929
G0 F9000 X117.5 Y121.36
;TYPE:WALL-OUTER
G1 F600 X117.648 Y121.367 E361.29422
G1 X118.317 Y121.283 E361.31665
G1 X118.963 Y121.082 E361.33915
G1 X119.568 Y120.77 E361.36179
G1 X120.1 Y120.363 E361.38407
G1 X120.557 Y119.868 E361.40648
G1 X120.926 Y119.298 E361.42906
G1 X121.184 Y118.679 E361.45136
G1 X121.332 Y118.021 E361.4738
G1 X121.363 Y117.345 E361.4963
G1 X121.279 Y116.675 E361.51876
G1 X121.078 Y116.029 E361.54127
G1 X120.766 Y115.424 E361.56391
G1 X120.359 Y114.892 E361.58618
G1 X119.865 Y114.435 E361.60857
G1 X119.294 Y114.07 E361.63111
G1 X118.674 Y113.808 E361.65349
G1 X118.017 Y113.66 E361.67589
G1 X117.341 Y113.629 E361.6984
G1 X116.672 Y113.717 E361.72084
G1 X116.024 Y113.918 E361.74341
G1 X115.419 Y114.226 E361.76599
G1 X114.888 Y114.633 E361.78824
G1 X114.432 Y115.127 E361.8106
G1 X114.066 Y115.702 E361.83327
G1 X113.804 Y116.322 E361.85566
G1 X113.656 Y116.979 E361.87806
G1 X113.625 Y117.651 E361.90043
G1 X113.713 Y118.32 E361.92288
G1 X113.914 Y118.968 E361.94544
G1 X114.222 Y119.573 E361.96802
G1 X114.629 Y120.104 E361.99027
G1 X115.123 Y120.561 E362.01266
G1 X115.698 Y120.93 E362.03538
G1 X116.317 Y121.188 E362.05769
G1 X116.975 Y121.336 E362.08012
G1 X117.5 Y121.36 E362.0976
G0 F9000 X117.088 Y120.86
;TYPE:FILL
G1 F600 X114.144 Y117.916 E362.23607
G0 F9000 X114.132 Y117.096
G1 F600 X117.081 Y114.147 E362.37479
G0 F9000 X117.908 Y114.136
G1 F600 X120.846 Y117.074 E362.51298
G0 F9000 X120.855 Y117.916
G1 F600 X117.923 Y120.849 E362.65092
G0 F9000 X117.895 Y120.623
G0 X119.72 Y119.733
G0 X119.887 Y119.887
G1 F600 X115.105 Y115.105 E362.87585
G0 F9000 X115.276 Y115.263
G0 X119.733 Y115.28
G0 X119.889 Y115.111
G1 F600 X115.106 Y119.893 E363.1008
G0 F9000 X115.467 Y119.503
;MESH:NONMESH
G0 F300 X115.467 Y119.503 Z25.4
G0 F9000 X117.515 Y120.655
G0 X117.5 Y120.96
;TIME_ELAPSED:1221.031135
;LAYER:126
;note -- min layer time used
;TYPE:WALL-INNER
;MESH:FT09-Input Shaft.stl
G1 F600 X117.632 Y120.966 E363.1052
G1 X118.232 Y120.891 E363.12531
G1 X118.811 Y120.71 E363.14548
G1 X119.353 Y120.431 E363.16576
G1 X119.83 Y120.066 E363.18574
G1 X120.24 Y119.622 E363.20584
G1 X120.57 Y119.111 E363.22607
G1 X120.802 Y118.557 E363.24605
G1 X120.934 Y117.967 E363.26615
G1 X120.962 Y117.361 E363.28633
G1 X120.887 Y116.76 E363.30648
G1 X120.706 Y116.181 E363.32665
G1 X120.427 Y115.639 E363.34693
G1 X120.062 Y115.162 E363.3669
G1 X119.619 Y114.753 E363.38696
G1 X119.107 Y114.425 E363.40718
G1 X118.551 Y114.19 E363.42726
G1 X117.963 Y114.058 E363.4473
G1 X117.358 Y114.03 E363.46745
G1 X116.758 Y114.109 E363.48757
G1 X116.176 Y114.29 E363.50785
G1 X115.633 Y114.566 E363.52811
G1 X115.158 Y114.93 E363.54801
G1 X114.75 Y115.372 E363.56802
G1 X114.422 Y115.888 E363.58835
G1 X114.186 Y116.445 E363.60847
G1 X114.054 Y117.033 E363.62852
G1 X114.026 Y117.634 E363.64853
G1 X114.105 Y118.234 E363.66866
G1 X114.286 Y118.816 E363.68893
G1 X114.562 Y119.359 E363.70919
G1 X114.926 Y119.834 E363.72909
G1 X115.369 Y120.243 E363.74914
G1 X115.884 Y120.574 E363.76951
G1 X116.439 Y120.806 E363.78951
G1 X117.029 Y120.938 E363.80962
G1 X117.5 Y120.96 E363.8253
G0 F9000 X117.5 Y121.36
;TYPE:WALL-OUTER
G1 F600 X117.648 Y121.367 E363.83023
G1 X118.317 Y121.283 E363.85266
G1 X118.963 Y121.082 E363.87516
G1 X119.568 Y120.77 E363.8978
G1 X120.1 Y120.363 E363.92008
G1 X120.557 Y119.868 E363.94249
G1 X120.926 Y119.298 E363.96507
G1 X121.184 Y118.679 E363.98738
G1 X121.332 Y118.021 E364.00981
G1 X121.363 Y117.345 E364.03232
G1 X121.279 Y116.675 E364.05477
G1 X121.078 Y116.029 E364.07728
G1 X120.766 Y115.424 E364.09992
G1 X120.359 Y114.892 E364.1222
G1 X119.865 Y114.435 E364.14458
G1 X119.294 Y114.07 E364.16712
G1 X118.674 Y113.808 E364.18951
G1 X118.017 Y113.66 E364.2119
G1 X117.341 Y113.629 E364.23441
G1 X116.672 Y113.717 E364.25686
G1 X116.024 Y113.918 E364.27942
G1 X115.419 Y114.226 E364.302
G1 X114.888 Y114.633 E364.32425
G1 X114.432 Y115.127 E364.34661
G1 X114.066 Y115.702 E364.36928
G1 X113.804 Y116.322 E364.39167
G1 X113.656 Y116.979 E364.41407
G1 X113.625 Y117.651 E364.43644
G1 X113.713 Y118.32 E364.45889
G1 X113.914 Y118.968 E364.48145
G1 X114.222 Y119.573 E364.50403
G1 X114.629 Y120.104 E364.52628
G1 X115.123 Y120.561 E364.54867
G1 X115.698 Y120.93 E364.57139
G1 X116.317 Y121.188 E364.5937
G1 X116.975 Y121.336 E364.61613
G1 X117.5 Y121.36 E364.63361
G0 F9000 X117.088 Y120.86
;TYPE:FILL
G1 F600 X114.144 Y117.916 E364.77208
G0 F9000 X114.132 Y117.096
G1 F600 X117.081 Y114.147 E364.9108
G0 F9000 X117.908 Y114.136
G1 F600 X120.846 Y117.074 E365.04899
G0 F9000 X120.855 Y117.916
G1 F600 X117.923 Y120.849 E365.18693
G0 F9000 X117.895 Y120.623
G0 X119.72 Y119.733
G0 X119.887 Y119.887
G1 F600 X115.105 Y115.105 E365.41186
G0 F9000 X115.276 Y115.263
G0 X119.733 Y115.28
G0 X119.889 Y115.111
G1 F600 X115.106 Y119.893 E365.63681
G0 F9000 X115.467 Y119.503
;MESH:NONMESH
G0 F300 X115.467 Y119.503 Z25.6
G0 F9000 X117.515 Y120.655
G0 X117.5 Y120.96
;TIME_ELAPSED:1229.611667
;LAYER:127
;note -- min layer time used
;TYPE:WALL-INNER
;MESH:FT09-Input Shaft.stl
G1 F600 X117.632 Y120.966 E365.64121
G1 X118.232 Y120.891 E365.66132
G1 X118.811 Y120.71 E365.68149
G1 X119.353 Y120.431 E365.70177
G1 X119.83 Y120.066 E365.72175
G1 X120.24 Y119.622 E365.74185
G1 X120.57 Y119.111 E365.76208
G1 X120.802 Y118.557 E365.78206
G1 X120.934 Y117.967 E365.80216
G1 X120.962 Y117.361 E365.82234
G1 X120.887 Y116.76 E365.84249
G1 X120.706 Y116.181 E365.86266
G1 X120.427 Y115.639 E365.88294
G1 X120.062 Y115.162 E365.90292
G1 X119.619 Y114.753 E365.92297
G1 X119.107 Y114.425 E365.94319
G1 X118.551 Y114.19 E365.96327
G1 X117.963 Y114.058 E365.98331
G1 X117.358 Y114.03 E366.00346
G1 X116.758 Y114.109 E366.02359
G1 X116.176 Y114.29 E366.04386
G1 X115.633 Y114.566 E366.06412
G1 X115.158 Y114.93 E366.08402
G1 X114.75 Y115.372 E366.10403
G1 X114.422 Y115.888 E366.12436
G1 X114.186 Y116.445 E366.14448
G1 X114.054 Y117.033 E366.16453
G1 X114.026 Y117.634 E366.18454
G1 X114.105 Y118.234 E366.20467
G1 X114.286 Y118.816 E366.22494
G1 X114.562 Y119.359 E366.2452
G1 X114.926 Y119.834 E366.2651
G1 X115.369 Y120.243 E366.28516
G1 X115.884 Y120.574 E366.30552
G1 X116.439 Y120.806 E366.32552
G1 X117.029 Y120.938 E366.34563
G1 X117.5 Y120.96 E366.36132
G0 F9000 X117.5 Y121.36
;TYPE:WALL-OUTER
G1 F600 X117.648 Y121.367 E366.36624
G1 X118.317 Y121.283 E366.38867
G1 X118.963 Y121.082 E366.41117
G1 X119.568 Y120.77 E366.43381
G1 X120.1 Y120.363 E366.45609
G1 X120.557 Y119.868 E366.4785
G1 X120.926 Y119.298 E366.50108
G1 X121.184 Y118.679 E366.52339
G1 X121.332 Y118.021 E366.54582
G1 X121.363 Y117.345 E366.56833
G1 X121.279 Y116.675 E366.59078
G1 X121.078 Y116.029 E366.61329
G1 X120.766 Y115.424 E366.63593
G1 X120.359 Y114.892 E366.65821
G1 X119.865 Y114.435 E366.68059
G1 X119.294 Y114.07 E366.70313
G1 X118.674 Y113.808 E366.72552
G1 X118.017 Y113.66 E366.74792
G1 X117.341 Y113.629 E366.77042
G1 X116.672 Y113.717 E366.79287
G1 X116.024 Y113.918 E366.81543
G1 X115.419 Y114.226 E366.83801
G1 X114.888 Y114.633 E366.86026
G1 X114.432 Y115.127 E366.88262
G1 X114.066 Y115.702 E366.90529
G1 X113.804 Y116.322 E366.92768
G1 X113.656 Y116.979 E366.95008
G1 X113.625 Y117.651 E366.97246
G1 X113.713 Y118.32 E366.9949
G1 X113.914 Y118.968 E367.01746
G1 X114.222 Y119.573 E367.04004
G1 X114.629 Y120.104 E367.0623
G1 X115.123 Y120.561 E367.08468
G1 X115.698 Y120.93 E367.1074
G1 X116.317 Y121.188 E367.12971
G1 X116.975 Y121.336 E367.15214
G1 X117.5 Y121.36 E367.16962
G0 F9000 X117.088 Y120.86
;TYPE:FILL
G1 F600 X114.144 Y117.916 E367.3081
G0 F9000 X114.132 Y117.096
G1 F600 X117.081 Y114.147 E367.44681
G0 F9000 X117.908 Y114.136
G1 F600 X120.846 Y117.074 E367.585
G0 F9000 X120.855 Y117.916
G1 F600 X117.923 Y120.849 E367.72294
G0 F9000 X117.895 Y120.623
G0 X119.72 Y119.733
G0 X119.887 Y119.887
G1 F600 X115.105 Y115.105 E367.94787
G0 F9000 X115.276 Y115.263
G0 X119.733 Y115.28
G0 X119.889 Y115.111
G1 F600 X115.106 Y119.893 E368.17282
G0 F9000 X115.467 Y119.503
;MESH:NONMESH
G0 F300 X115.467 Y119.503 Z25.8
G0 F9000 X117.515 Y120.655
G0 X117.5 Y120.96
;TIME_ELAPSED:1238.192199
;LAYER:128
;note -- min layer time used
;TYPE:WALL-INNER
;MESH:FT09-Input Shaft.stl
G1 F600 X117.632 Y120.966 E368.17722
G1 X118.232 Y120.891 E368.19733
G1 X118.811 Y120.71 E368.21751
G1 X119.353 Y120.431 E368.23778
G1 X119.83 Y120.066 E368.25776
G1 X120.24 Y119.622 E368.27786
G1 X120.57 Y119.111 E368.29809
G1 X120.802 Y118.557 E368.31807
G1 X120.934 Y117.967 E368.33818
G1 X120.962 Y117.361 E368.35835
G1 X120.887 Y116.76 E368.3785
G1 X120.706 Y116.181 E368.39867
G1 X120.427 Y115.639 E368.41895
G1 X120.062 Y115.162 E368.43893
G1 X119.623 Y114.757 E368.45879
G1 X119.115 Y114.43 E368.47889
G1 X118.551 Y114.194 E368.49922
G1 X117.962 Y114.058 E368.51933
G1 X117.358 Y114.03 E368.53944
G1 X116.758 Y114.109 E368.55957
G1 X116.176 Y114.29 E368.57984
G1 X115.633 Y114.566 E368.6001
G1 X115.158 Y114.93 E368.62
G1 X114.75 Y115.372 E368.64001
G1 X114.422 Y115.888 E368.66034
G1 X114.186 Y116.445 E368.68046
G1 X114.054 Y117.033 E368.70051
G1 X114.026 Y117.634 E368.72052
G1 X114.105 Y118.234 E368.74065
G1 X114.286 Y118.816 E368.76092
G1 X114.562 Y119.359 E368.78118
G1 X114.926 Y119.834 E368.80108
G1 X115.369 Y120.243 E368.82114
G1 X115.884 Y120.574 E368.8415
G1 X116.439 Y120.806 E368.8615
G1 X117.029 Y120.938 E368.88161
G1 X117.5 Y120.96 E368.8973
G0 F9000 X117.5 Y121.36
;TYPE:WALL-OUTER
G1 F600 X117.648 Y121.367 E368.90222
G1 X118.317 Y121.283 E368.92465
G1 X118.963 Y121.082 E368.94715
G1 X119.568 Y120.77 E368.96979
G1 X120.1 Y120.363 E368.99207
G1 X120.557 Y119.868 E369.01448
G1 X120.926 Y119.298 E369.03706
G1 X121.184 Y118.679 E369.05937
G1 X121.332 Y118.021 E369.0818
G1 X121.363 Y117.345 E369.10431
G1 X121.279 Y116.675 E369.12676
G1 X121.078 Y116.029 E369.14927
G1 X120.766 Y115.424 E369.17191
G1 X120.359 Y114.892 E369.19419
G1 X119.869 Y114.439 E369.21638
G1 X119.302 Y114.074 E369.23881
G1 X118.674 Y113.812 E369.26144
G1 X118.016 Y113.66 E369.2839
G1 X117.341 Y113.629 E369.30638
G1 X116.672 Y113.717 E369.32882
G1 X116.024 Y113.918 E369.35139
G1 X115.419 Y114.226 E369.37397
G1 X114.888 Y114.633 E369.39622
G1 X114.432 Y115.127 E369.41858
G1 X114.066 Y115.702 E369.44125
G1 X113.804 Y116.322 E369.46364
G1 X113.656 Y116.979 E369.48603
G1 X113.625 Y117.651 E369.50841
G1 X113.713 Y118.32 E369.53085
G1 X113.914 Y118.968 E369.55342
G1 X114.222 Y119.573 E369.576
G1 X114.629 Y120.104 E369.59825
G1 X115.123 Y120.561 E369.62063
G1 X115.698 Y120.93 E369.64336
G1 X116.317 Y121.188 E369.66566
G1 X116.975 Y121.336 E369.68809
G1 X117.5 Y121.36 E369.70557
G0 F9000 X117.088 Y120.86
;TYPE:FILL
G1 F600 X114.144 Y117.916 E369.84405
G0 F9000 X114.132 Y117.096
G1 F600 X117.081 Y114.147 E369.98276
G0 F9000 X117.909 Y114.137
G1 F600 X120.846 Y117.074 E370.12091
G0 F9000 X120.855 Y117.916
G1 F600 X117.923 Y120.849 E370.25885
G0 F9000 X117.895 Y120.623
G0 X119.72 Y119.733
G0 X119.887 Y119.887
G1 F600 X115.105 Y115.105 E370.48378
G0 F9000 X115.276 Y115.263
G0 X119.733 Y115.28
G0 X119.889 Y115.111
G1 F600 X115.106 Y119.893 E370.70873
G0 F9000 X115.467 Y119.503
;MESH:NONMESH
G0 F300 X115.467 Y119.503 Z26
G0 F9000 X117.515 Y120.655
G0 X117.5 Y120.96
;TIME_ELAPSED:1246.772464
;LAYER:129
;note -- min layer time used
;TYPE:WALL-INNER
;MESH:FT09-Input Shaft.stl
G1 F600 X117.632 Y120.966 E370.71312
G1 X118.232 Y120.891 E370.73324
G1 X118.811 Y120.71 E370.75341
G1 X119.353 Y120.431 E370.77369
G1 X119.83 Y120.066 E370.79367
G1 X120.24 Y119.622 E370.81377
G1 X120.57 Y119.111 E370.834
G1 X120.802 Y118.557 E370.85397
G1 X120.934 Y117.967 E370.87408
G1 X120.962 Y117.361 E370.89426
G1 X120.887 Y116.76 E370.9144
G1 X120.706 Y116.181 E370.93458
G1 X120.427 Y115.639 E370.95486
G1 X120.062 Y115.162 E370.97483
G1 X119.619 Y114.753 E370.99489
G1 X119.107 Y114.425 E371.01511
G1 X118.551 Y114.19 E371.03519
G1 X117.963 Y114.058 E371.05523
G1 X117.358 Y114.03 E371.07537
G1 X116.758 Y114.109 E371.0955
G1 X116.176 Y114.29 E371.11578
G1 X115.633 Y114.566 E371.13603
G1 X115.158 Y114.93 E371.15594
G1 X114.75 Y115.372 E371.17595
G1 X114.422 Y115.888 E371.19628
G1 X114.186 Y116.445 E371.2164
G1 X114.054 Y117.033 E371.23645
G1 X114.026 Y117.634 E371.25646
G1 X114.105 Y118.234 E371.27658
G1 X114.286 Y118.816 E371.29686
G1 X114.562 Y119.359 E371.31712
G1 X114.926 Y119.834 E371.33702
G1 X115.369 Y120.243 E371.35707
G1 X115.884 Y120.574 E371.37744
G1 X116.439 Y120.806 E371.39744
G1 X117.029 Y120.938 E371.41755
G1 X117.5 Y120.96 E371.43323
G0 F9000 X117.5 Y121.36
;TYPE:WALL-OUTER
G1 F600 X117.648 Y121.367 E371.43816
G1 X118.317 Y121.283 E371.46059
G1 X118.963 Y121.082 E371.48309
G1 X119.568 Y120.77 E371.50573
G1 X120.1 Y120.363 E371.52801
G1 X120.557 Y119.868 E371.55042
G1 X120.926 Y119.298 E371.573
G1 X121.184 Y118.679 E371.5953
G1 X121.332 Y118.021 E371.61774
G1 X121.363 Y117.345 E371.64024
G1 X121.279 Y116.675 E371.6627
G1 X121.078 Y116.029 E371.68521
G1 X120.766 Y115.424 E371.70785
G1 X120.359 Y114.892 E371.73012
G1 X119.865 Y114.435 E371.75251
G1 X119.294 Y114.07 E371.77505
G1 X118.674 Y113.808 E371.79743
G1 X118.017 Y113.66 E371.81983
G1 X117.341 Y113.629 E371.84234
G1 X116.672 Y113.717 E371.86478
G1 X116.024 Y113.918 E371.88735
G1 X115.419 Y114.226 E371.90993
G1 X114.888 Y114.633 E371.93218
G1 X114.432 Y115.127 E371.95454
G1 X114.066 Y115.702 E371.97721
G1 X113.804 Y116.322 E371.9996
G1 X113.656 Y116.979 E372.022
G1 X113.625 Y117.651 E372.04437
G1 X113.713 Y118.32 E372.06682
G1 X113.914 Y118.968 E372.08938
G1 X114.222 Y119.573 E372.11196
G1 X114.629 Y120.104 E372.13421
G1 X115.123 Y120.561 E372.1566
G1 X115.698 Y120.93 E372.17932
G1 X116.317 Y121.188 E372.20163
G1 X116.975 Y121.336 E372.22406
G1 X117.5 Y121.36 E372.24154
G0 F9000 X117.088 Y120.86
;TYPE:FILL
G1 F600 X114.144 Y117.916 E372.38001
G0 F9000 X114.132 Y117.096
G1 F600 X117.081 Y114.147 E372.51873
G0 F9000 X117.908 Y114.136
G1 F600 X120.846 Y117.074 E372.65692
G0 F9000 X120.855 Y117.916
G1 F600 X117.923 Y120.849 E372.79486
G0 F9000 X117.895 Y120.623
G0 X119.72 Y119.733
G0 X119.887 Y119.887
G1 F600 X115.105 Y115.105 E373.01979
G0 F9000 X115.276 Y115.263
G0 X119.733 Y115.28
G0 X119.889 Y115.111
G1 F600 X115.106 Y119.893 E373.24474
G0 F9000 X115.467 Y119.503
;MESH:NONMESH
G0 F300 X115.467 Y119.503 Z26.2
G0 F9000 X117.515 Y120.655
G0 X117.5 Y120.96
;TIME_ELAPSED:1255.352997
;LAYER:130
;note -- min layer time used
;TYPE:WALL-INNER
;MESH:FT09-Input Shaft.stl
G1 F600 X117.632 Y120.966 E373.24914
G1 X118.232 Y120.891 E373.26925
G1 X118.811 Y120.71 E373.28942
G1 X119.353 Y120.431 E373.3097
G1 X119.83 Y120.066 E373.32968
G1 X120.24 Y119.622 E373.34978
G1 X120.57 Y119.111 E373.37001
G1 X120.802 Y118.557 E373.38999
G1 X120.934 Y117.967 E373.41009
G1 X120.962 Y117.361 E373.43027
G1 X120.887 Y116.76 E373.45042
G1 X120.706 Y116.181 E373.47059
G1 X120.427 Y115.639 E373.49087
G1 X120.062 Y115.162 E373.51084
G1 X119.619 Y114.753 E373.5309
G1 X119.107 Y114.425 E373.55112
G1 X118.551 Y114.19 E373.5712
G1 X117.963 Y114.058 E373.59124
G1 X117.358 Y114.03 E373.61139
G1 X116.758 Y114.109 E373.63151
G1 X116.176 Y114.29 E373.65179
G1 X115.633 Y114.566 E373.67205
G1 X115.158 Y114.93 E373.69195
G1 X114.75 Y115.372 E373.71196
G1 X114.422 Y115.888 E373.73229
G1 X114.186 Y116.445 E373.75241
G1 X114.054 Y117.033 E373.77246
G1 X114.026 Y117.634 E373.79247
G1 X114.105 Y118.234 E373.8126
G1 X114.286 Y118.816 E373.83287
G1 X114.562 Y119.359 E373.85313
G1 X114.926 Y119.834 E373.87303
G1 X115.369 Y120.243 E373.89308
G1 X115.884 Y120.574 E373.91345
G1 X116.439 Y120.806 E373.93345
G1 X117.029 Y120.938 E373.95356
G1 X117.5 Y120.96 E373.96924
G0 F9000 X117.5 Y121.36
;TYPE:WALL-OUTER
G1 F600 X117.648 Y121.367 E373.97417
G1 X118.317 Y121.283 E373.9966
G1 X118.963 Y121.082 E374.0191
G1 X119.568 Y120.77 E374.04174
G1 X120.1 Y120.363 E374.06402
G1 X120.557 Y119.868 E374.08643
G1 X120.926 Y119.298 E374.10901
G1 X121.184 Y118.679 E374.13132
G1 X121.332 Y118.021 E374.15375
G1 X121.363 Y117.345 E374.17626
G1 X121.279 Y116.675 E374.19871
G1 X121.078 Y116.029 E374.22122
G1 X120.766 Y115.424 E374.24386
G1 X120.359 Y114.892 E374.26614
G1 X119.865 Y114.435 E374.28852
G1 X119.294 Y114.07 E374.31106
G1 X118.674 Y113.808 E374.33345
G1 X118.017 Y113.66 E374.35584
G1 X117.341 Y113.629 E374.37835
G1 X116.672 Y113.717 E374.4008
G1 X116.024 Y113.918 E374.42336
G1 X115.419 Y114.226 E374.44594
G1 X114.888 Y114.633 E374.46819
G1 X114.432 Y115.127 E374.49055
G1 X114.066 Y115.702 E374.51322
G1 X113.804 Y116.322 E374.53561
G1 X113.656 Y116.979 E374.55801
G1 X113.625 Y117.651 E374.58038
G1 X113.713 Y118.32 E374.60283
G1 X113.914 Y118.968 E374.62539
G1 X114.222 Y119.573 E374.64797
G1 X114.629 Y120.104 E374.67022
G1 X115.123 Y120.561 E374.69261
G1 X115.698 Y120.93 E374.71533
G1 X116.317 Y121.188 E374.73764
G1 X116.975 Y121.336 E374.76007
G1 X117.5 Y121.36 E374.77755
G0 F9000 X117.088 Y120.86
;TYPE:FILL
G1 F600 X114.144 Y117.916 E374.91602
G0 F9000 X114.132 Y117.096
G1 F600 X117.081 Y114.147 E375.05474
G0 F9000 X117.908 Y114.136
G1 F600 X120.846 Y117.074 E375.19293
G0 F9000 X120.855 Y117.916
G1 F600 X117.923 Y120.849 E375.33087
G0 F9000 X117.895 Y120.623
G0 X119.72 Y119.733
G0 X119.887 Y119.887
G1 F600 X115.105 Y115.105 E375.5558
G0 F9000 X115.276 Y115.263
G0 X119.733 Y115.28
G0 X119.889 Y115.111
G1 F600 X115.106 Y119.893 E375.78075
G0 F9000 X115.467 Y119.503
;MESH:NONMESH
G0 F300 X115.467 Y119.503 Z26.4
G0 F9000 X117.515 Y120.655
G0 X117.5 Y120.96
;TIME_ELAPSED:1263.933529
;LAYER:131
;note -- min layer time used
;TYPE:WALL-INNER
;MESH:FT09-Input Shaft.stl
G1 F600 X117.632 Y120.966 E375.78515
G1 X118.232 Y120.891 E375.80526
G1 X118.811 Y120.71 E375.82543
G1 X119.353 Y120.431 E375.84571
G1 X119.83 Y120.066 E375.86569
G1 X120.24 Y119.622 E375.88579
G1 X120.57 Y119.111 E375.90602
G1 X120.802 Y118.557 E375.926
G1 X120.934 Y117.967 E375.9461
G1 X120.962 Y117.361 E375.96628
G1 X120.887 Y116.76 E375.98643
G1 X120.706 Y116.181 E376.0066
G1 X120.427 Y115.639 E376.02688
G1 X120.062 Y115.162 E376.04686
G1 X119.619 Y114.753 E376.06691
G1 X119.107 Y114.425 E376.08713
G1 X118.551 Y114.19 E376.10721
G1 X117.963 Y114.058 E376.12725
G1 X117.358 Y114.03 E376.1474
G1 X116.758 Y114.109 E376.16753
G1 X116.176 Y114.29 E376.1878
G1 X115.633 Y114.566 E376.20806
G1 X115.158 Y114.93 E376.22796
G1 X114.75 Y115.372 E376.24797
G1 X114.422 Y115.888 E376.2683
G1 X114.186 Y116.445 E376.28842
G1 X114.054 Y117.033 E376.30847
G1 X114.026 Y117.634 E376.32848
G1 X114.105 Y118.234 E376.34861
G1 X114.286 Y118.816 E376.36888
G1 X114.562 Y119.359 E376.38914
G1 X114.926 Y119.834 E376.40904
G1 X115.369 Y120.243 E376.4291
G1 X115.884 Y120.574 E376.44946
G1 X116.439 Y120.806 E376.46946
G1 X117.029 Y120.938 E376.48957
G1 X117.5 Y120.96 E376.50526
G0 F9000 X117.5 Y121.36
;TYPE:WALL-OUTER
G1 F600 X117.648 Y121.367 E376.51018
G1 X118.317 Y121.283 E376.53261
G1 X118.963 Y121.082 E376.55511
G1 X119.568 Y120.77 E376.57775
G1 X120.1 Y120.363 E376.60003
G1 X120.557 Y119.868 E376.62244
G1 X120.926 Y119.298 E376.64502
G1 X121.184 Y118.679 E376.66733
G1 X121.332 Y118.021 E376.68976
G1 X121.363 Y117.345 E376.71227
G1 X121.279 Y116.675 E376.73472
G1 X121.078 Y116.029 E376.75723
G1 X120.766 Y115.424 E376.77987
G1 X120.359 Y114.892 E376.80215
G1 X119.865 Y114.435 E376.82453
G1 X119.294 Y114.07 E376.84707
G1 X118.674 Y113.808 E376.86946
G1 X118.017 Y113.66 E376.89186
G1 X117.341 Y113.629 E376.91436
G1 X116.672 Y113.717 E376.93681
G1 X116.024 Y113.918 E376.95937
G1 X115.419 Y114.226 E376.98195
G1 X114.888 Y114.633 E377.0042
G1 X114.432 Y115.127 E377.02656
G1 X114.066 Y115.702 E377.04923
G1 X113.804 Y116.322 E377.07162
G1 X113.656 Y116.979 E377.09402
G1 X113.625 Y117.651 E377.1164
G1 X113.713 Y118.32 E377.13884
G1 X113.914 Y118.968 E377.1614
G1 X114.222 Y119.573 E377.18398
G1 X114.629 Y120.104 E377.20624
G1 X115.123 Y120.561 E377.22862
G1 X115.698 Y120.93 E377.25134
G1 X116.317 Y121.188 E377.27365
G1 X116.975 Y121.336 E377.29608
G1 X117.5 Y121.36 E377.31356
G0 F9000 X117.088 Y120.86
;TYPE:FILL
G1 F600 X114.144 Y117.916 E377.45204
G0 F9000 X114.132 Y117.096
G1 F600 X117.081 Y114.147 E377.59075
G0 F9000 X117.908 Y114.136
G1 F600 X120.846 Y117.074 E377.72894
G0 F9000 X120.855 Y117.916
G1 F600 X117.923 Y120.849 E377.86688
G0 F9000 X117.895 Y120.623
G0 X119.72 Y119.733
G0 X119.887 Y119.887
G1 F600 X115.105 Y115.105 E378.09181
G0 F9000 X115.276 Y115.263
G0 X119.733 Y115.28
G0 X119.889 Y115.111
G1 F600 X115.106 Y119.893 E378.31676
G0 F9000 X115.467 Y119.503
;MESH:NONMESH
G0 F300 X115.467 Y119.503 Z26.6
G0 F9000 X117.515 Y120.655
G0 X117.5 Y120.96
;TIME_ELAPSED:1272.514061
;LAYER:132
;note -- min layer time used
;TYPE:WALL-INNER
;MESH:FT09-Input Shaft.stl
G1 F600 X117.632 Y120.966 E378.32116
G1 X118.232 Y120.891 E378.34127
G1 X118.811 Y120.71 E378.36145
G1 X119.353 Y120.431 E378.38172
G1 X119.83 Y120.066 E378.4017
G1 X120.24 Y119.622 E378.4218
G1 X120.57 Y119.111 E378.44203
G1 X120.802 Y118.557 E378.46201
G1 X120.934 Y117.967 E378.48212
G1 X120.962 Y117.361 E378.50229
G1 X120.887 Y116.76 E378.52244
G1 X120.706 Y116.181 E378.54261
G1 X120.427 Y115.639 E378.56289
G1 X120.063 Y115.163 E378.58282
G1 X119.619 Y114.757 E378.60283
G1 X119.113 Y114.428 E378.6229
G1 X118.551 Y114.19 E378.6432
G1 X117.963 Y114.057 E378.66325
G1 X117.358 Y114.03 E378.6834
G1 X116.758 Y114.109 E378.70353
G1 X116.176 Y114.29 E378.7238
G1 X115.633 Y114.566 E378.74406
G1 X115.158 Y114.93 E378.76396
G1 X114.75 Y115.372 E378.78397
G1 X114.422 Y115.888 E378.8043
G1 X114.186 Y116.445 E378.82442
G1 X114.054 Y117.033 E378.84447
G1 X114.026 Y117.634 E378.86448
G1 X114.105 Y118.234 E378.88461
G1 X114.286 Y118.816 E378.90488
G1 X114.562 Y119.359 E378.92514
G1 X114.926 Y119.834 E378.94504
G1 X115.369 Y120.243 E378.9651
G1 X115.884 Y120.574 E378.98546
G1 X116.439 Y120.806 E379.00546
G1 X117.029 Y120.938 E379.02557
G1 X117.5 Y120.96 E379.04126
G0 F9000 X117.5 Y121.36
;TYPE:WALL-OUTER
G1 F600 X117.648 Y121.367 E379.04618
G1 X118.317 Y121.283 E379.06861
G1 X118.963 Y121.082 E379.09111
G1 X119.568 Y120.77 E379.11375
G1 X120.1 Y120.363 E379.13603
G1 X120.557 Y119.868 E379.15844
G1 X120.926 Y119.298 E379.18102
G1 X121.184 Y118.679 E379.20333
G1 X121.332 Y118.021 E379.22576
G1 X121.363 Y117.345 E379.24827
G1 X121.279 Y116.675 E379.27073
G1 X121.078 Y116.029 E379.29323
G1 X120.766 Y115.424 E379.31587
G1 X120.359 Y114.892 E379.33815
G1 X119.865 Y114.439 E379.36044
G1 X119.301 Y114.074 E379.38278
G1 X118.674 Y113.808 E379.40544
G1 X118.017 Y113.659 E379.42784
G1 X117.341 Y113.629 E379.45035
G1 X116.672 Y113.717 E379.47279
G1 X116.024 Y113.918 E379.49536
G1 X115.419 Y114.226 E379.51794
G1 X114.888 Y114.633 E379.54019
G1 X114.432 Y115.127 E379.56255
G1 X114.066 Y115.702 E379.58522
G1 X113.804 Y116.322 E379.60761
G1 X113.656 Y116.979 E379.63001
G1 X113.625 Y117.651 E379.65238
G1 X113.713 Y118.32 E379.67482
G1 X113.914 Y118.968 E379.69739
G1 X114.222 Y119.573 E379.71997
G1 X114.629 Y120.104 E379.74222
G1 X115.123 Y120.561 E379.76461
G1 X115.698 Y120.93 E379.78733
G1 X116.317 Y121.188 E379.80963
G1 X116.975 Y121.336 E379.83207
G1 X117.5 Y121.36 E379.84955
G0 F9000 X117.088 Y120.86
;TYPE:FILL
G1 F600 X114.144 Y117.916 E379.98802
G0 F9000 X114.132 Y117.096
G1 F600 X117.081 Y114.147 E380.12673
G0 F9000 X117.907 Y114.136
G1 F600 X120.845 Y117.074 E380.26493
G0 F9000 X120.855 Y117.916
G1 F600 X117.923 Y120.849 E380.40286
G0 F9000 X117.895 Y120.623
G0 X119.72 Y119.733
G0 X119.887 Y119.887
G1 F600 X115.105 Y115.105 E380.6278
G0 F9000 X115.276 Y115.263
G0 X119.733 Y115.279
G0 X119.889 Y115.111
G1 F600 X115.106 Y119.893 E380.85275
G0 F9000 X115.467 Y119.503
;MESH:NONMESH
G0 F300 X115.467 Y119.503 Z26.8
G0 F9000 X117.515 Y120.655
G0 X117.5 Y120.96
;TIME_ELAPSED:1281.094350
;LAYER:133
;note -- min layer time used
;TYPE:WALL-INNER
;MESH:FT09-Input Shaft.stl
G1 F600 X117.632 Y120.966 E380.85714
G1 X118.232 Y120.891 E380.87726
G1 X118.811 Y120.71 E380.89743
G1 X119.353 Y120.431 E380.91771
G1 X119.83 Y120.066 E380.93768
G1 X120.24 Y119.622 E380.95778
G1 X120.57 Y119.111 E380.97802
G1 X120.802 Y118.557 E380.99799
G1 X120.934 Y117.967 E381.0181
G1 X120.962 Y117.361 E381.03828
G1 X120.887 Y116.76 E381.05842
G1 X120.706 Y116.181 E381.0786
G1 X120.427 Y115.639 E381.09888
G1 X120.062 Y115.162 E381.11885
G1 X119.619 Y114.753 E381.13891
G1 X119.107 Y114.425 E381.15913
G1 X118.551 Y114.19 E381.17921
G1 X117.963 Y114.058 E381.19925
G1 X117.358 Y114.03 E381.21939
G1 X116.758 Y114.109 E381.23952
G1 X116.176 Y114.29 E381.25979
G1 X115.633 Y114.566 E381.28005
G1 X115.158 Y114.93 E381.29996
G1 X114.75 Y115.372 E381.31996
G1 X114.422 Y115.888 E381.3403
G1 X114.186 Y116.445 E381.36042
G1 X114.054 Y117.033 E381.38046
G1 X114.026 Y117.634 E381.40048
G1 X114.105 Y118.234 E381.4206
G1 X114.286 Y118.816 E381.44088
G1 X114.562 Y119.359 E381.46113
G1 X114.926 Y119.834 E381.48104
G1 X115.369 Y120.243 E381.50109
G1 X115.884 Y120.574 E381.52145
G1 X116.439 Y120.806 E381.54146
G1 X117.029 Y120.938 E381.56157
G1 X117.5 Y120.96 E381.57725
G0 F9000 X117.5 Y121.36
;TYPE:WALL-OUTER
G1 F600 X117.648 Y121.367 E381.58218
G1 X118.317 Y121.283 E381.60461
G1 X118.963 Y121.082 E381.62711
G1 X119.568 Y120.77 E381.64975
G1 X120.1 Y120.363 E381.67203
G1 X120.557 Y119.868 E381.69444
G1 X120.926 Y119.298 E381.71702
G1 X121.184 Y118.679 E381.73932
G1 X121.332 Y118.021 E381.76176
G1 X121.363 Y117.345 E381.78426
G1 X121.279 Y116.675 E381.80672
G1 X121.078 Y116.029 E381.82922
G1 X120.766 Y115.424 E381.85186
G1 X120.359 Y114.892 E381.87414
G1 X119.865 Y114.435 E381.89653
G1 X119.294 Y114.07 E381.91907
G1 X118.674 Y113.808 E381.94145
G1 X118.017 Y113.66 E381.96385
G1 X117.341 Y113.629 E381.98636
G1 X116.672 Y113.717 E382.0088
G1 X116.024 Y113.918 E382.03137
G1 X115.419 Y114.226 E382.05395
G1 X114.888 Y114.633 E382.0762
G1 X114.432 Y115.127 E382.09856
G1 X114.066 Y115.702 E382.12123
G1 X113.804 Y116.322 E382.14362
G1 X113.656 Y116.979 E382.16602
G1 X113.625 Y117.651 E382.18839
G1 X113.713 Y118.32 E382.21084
G1 X113.914 Y118.968 E382.2334
G1 X114.222 Y119.573 E382.25598
G1 X114.629 Y120.104 E382.27823
G1 X115.123 Y120.561 E382.30062
G1 X115.698 Y120.93 E382.32334
G1 X116.317 Y121.188 E382.34564
G1 X116.975 Y121.336 E382.36808
G1 X117.5 Y121.36 E382.38556
G0 F9000 X117.088 Y120.86
;TYPE:FILL
G1 F600 X114.144 Y117.916 E382.52403
G0 F9000 X114.132 Y117.096
G1 F600 X117.081 Y114.147 E382.66275
G0 F9000 X117.908 Y114.136
G1 F600 X120.846 Y117.074 E382.80094
G0 F9000 X120.855 Y117.916
G1 F600 X117.923 Y120.849 E382.93888
G0 F9000 X117.895 Y120.623
G0 X119.72 Y119.733
G0 X119.887 Y119.887
G1 F600 X115.105 Y115.105 E383.16381
G0 F9000 X115.276 Y115.263
G0 X119.733 Y115.28
G0 X119.889 Y115.111
G1 F600 X115.106 Y119.893 E383.38876
G0 F9000 X115.467 Y119.503
;MESH:NONMESH
G0 F300 X115.467 Y119.503 Z27
G0 F9000 X117.515 Y120.655
G0 X117.5 Y120.96
;TIME_ELAPSED:1289.674882
;LAYER:134
;note -- min layer time used
;TYPE:WALL-INNER
;MESH:FT09-Input Shaft.stl
G1 F600 X117.632 Y120.966 E383.39316
G1 X118.232 Y120.891 E383.41327
G1 X118.811 Y120.71 E383.43344
G1 X119.353 Y120.431 E383.45372
G1 X119.83 Y120.066 E383.4737
G1 X120.24 Y119.622 E383.4938
G1 X120.57 Y119.111 E383.51403
G1 X120.802 Y118.557 E383.534
G1 X120.934 Y117.967 E383.55411
G1 X120.962 Y117.361 E383.57429
G1 X120.887 Y116.76 E383.59443
G1 X120.706 Y116.181 E383.61461
G1 X120.427 Y115.639 E383.63489
G1 X120.062 Y115.162 E383.65486
G1 X119.619 Y114.753 E383.67492
G1 X119.114 Y114.429 E383.69487
G1 X118.551 Y114.19 E383.71522
G1 X117.963 Y114.057 E383.73527
G1 X117.358 Y114.03 E383.75541
G1 X116.758 Y114.109 E383.77554
G1 X116.176 Y114.29 E383.79581
G1 X115.633 Y114.566 E383.81607
G1 X115.158 Y114.93 E383.83597
G1 X114.75 Y115.372 E383.85598
G1 X114.422 Y115.888 E383.87632
G1 X114.186 Y116.445 E383.89644
G1 X114.054 Y117.033 E383.91648
G1 X114.026 Y117.634 E383.93649
G1 X114.105 Y118.234 E383.95662
G1 X114.286 Y118.816 E383.97689
G1 X114.562 Y119.359 E383.99715
G1 X114.926 Y119.834 E384.01705
G1 X115.369 Y120.243 E384.03711
G1 X115.884 Y120.574 E384.05747
G1 X116.439 Y120.806 E384.07748
G1 X117.029 Y120.938 E384.09759
G1 X117.5 Y120.96 E384.11327
G0 F9000 X117.5 Y121.36
;TYPE:WALL-OUTER
G1 F600 X117.648 Y121.367 E384.1182
G1 X118.317 Y121.283 E384.14062
G1 X118.963 Y121.082 E384.16312
G1 X119.568 Y120.77 E384.18576
G1 X120.1 Y120.363 E384.20804
G1 X120.557 Y119.868 E384.23045
G1 X120.926 Y119.298 E384.25303
G1 X121.184 Y118.679 E384.27534
G1 X121.332 Y118.021 E384.29777
G1 X121.363 Y117.345 E384.32028
G1 X121.279 Y116.675 E384.34274
G1 X121.078 Y116.029 E384.36524
G1 X120.766 Y115.424 E384.38788
G1 X120.359 Y114.892 E384.41016
G1 X119.865 Y114.435 E384.43254
G1 X119.302 Y114.074 E384.45479
G1 X118.674 Y113.808 E384.47747
G1 X118.017 Y113.659 E384.49988
G1 X117.341 Y113.629 E384.52238
G1 X116.672 Y113.717 E384.54483
G1 X116.024 Y113.918 E384.56739
G1 X115.419 Y114.226 E384.58997
G1 X114.888 Y114.633 E384.61222
G1 X114.432 Y115.127 E384.63458
G1 X114.066 Y115.702 E384.65725
G1 X113.804 Y116.322 E384.67964
G1 X113.656 Y116.979 E384.70204
G1 X113.625 Y117.651 E384.72441
G1 X113.713 Y118.32 E384.74686
G1 X113.914 Y118.968 E384.76942
G1 X114.222 Y119.573 E384.792
G1 X114.629 Y120.104 E384.81426
G1 X115.123 Y120.561 E384.83664
G1 X115.698 Y120.93 E384.85936
G1 X116.317 Y121.188 E384.88167
G1 X116.975 Y121.336 E384.9041
G1 X117.5 Y121.36 E384.92158
G0 F9000 X117.088 Y120.86
;TYPE:FILL
G1 F600 X114.144 Y117.916 E385.06006
G0 F9000 X114.132 Y117.096
G1 F600 X117.081 Y114.147 E385.19877
G0 F9000 X117.907 Y114.136
G1 F600 X120.846 Y117.074 E385.33699
G0 F9000 X120.855 Y117.916
G1 F600 X117.923 Y120.849 E385.47492
G0 F9000 X117.895 Y120.623
G0 X119.72 Y119.733
G0 X119.887 Y119.887
G1 F600 X115.105 Y115.105 E385.69985
G0 F9000 X115.276 Y115.263
G0 X119.733 Y115.28
G0 X119.889 Y115.111
G1 F600 X115.106 Y119.893 E385.92481
G0 F9000 X115.467 Y119.503
;MESH:NONMESH
G0 F300 X115.467 Y119.503 Z27.2
G0 F9000 X117.515 Y120.655
G0 X117.5 Y120.96
;TIME_ELAPSED:1298.255473
;LAYER:135
;note -- min layer time used
;TYPE:WALL-INNER
;MESH:FT09-Input Shaft.stl
G1 F600 X117.632 Y120.966 E385.9292
G1 X118.232 Y120.891 E385.94931
G1 X118.811 Y120.71 E385.96949
G1 X119.353 Y120.431 E385.98976
G1 X119.83 Y120.066 E386.00974
G1 X120.24 Y119.622 E386.02984
G1 X120.57 Y119.111 E386.05007
G1 X120.802 Y118.557 E386.07005
G1 X120.934 Y117.967 E386.09016
G1 X120.962 Y117.361 E386.11034
G1 X120.887 Y116.76 E386.13048
G1 X120.706 Y116.181 E386.15066
G1 X120.427 Y115.639 E386.17093
G1 X120.062 Y115.162 E386.19091
G1 X119.619 Y114.753 E386.21096
G1 X119.111 Y114.425 E386.23107
G1 X118.552 Y114.19 E386.25124
G1 X117.964 Y114.058 E386.27129
G1 X117.358 Y114.03 E386.29146
G1 X116.758 Y114.109 E386.31159
G1 X116.176 Y114.29 E386.33186
G1 X115.633 Y114.566 E386.35212
G1 X115.158 Y114.93 E386.37203
G1 X114.75 Y115.372 E386.39203
G1 X114.422 Y115.888 E386.41237
G1 X114.186 Y116.445 E386.43249
G1 X114.053 Y117.029 E386.45241
G1 X114.026 Y117.627 E386.47232
G1 X114.105 Y118.235 E386.49271
G1 X114.286 Y118.816 E386.51295
G1 X114.562 Y119.359 E386.53321
G1 X114.926 Y119.834 E386.55312
G1 X115.369 Y120.243 E386.57317
G1 X115.884 Y120.574 E386.59353
G1 X116.439 Y120.806 E386.61354
G1 X117.029 Y120.938 E386.63365
G1 X117.5 Y120.96 E386.64933
G0 F9000 X117.5 Y121.36
;TYPE:WALL-OUTER
G1 F600 X117.648 Y121.367 E386.65426
G1 X118.317 Y121.283 E386.67668
G1 X118.963 Y121.082 E386.69919
G1 X119.568 Y120.77 E386.72183
G1 X120.1 Y120.363 E386.74411
G1 X120.557 Y119.868 E386.76651
G1 X120.926 Y119.298 E386.7891
G1 X121.184 Y118.679 E386.8114
G1 X121.332 Y118.021 E386.83383
G1 X121.363 Y117.345 E386.85634
G1 X121.279 Y116.675 E386.8788
G1 X121.078 Y116.029 E386.9013
G1 X120.766 Y115.424 E386.92394
G1 X120.359 Y114.892 E386.94622
G1 X119.865 Y114.435 E386.9686
G1 X119.298 Y114.07 E386.99103
G1 X118.674 Y113.808 E387.01354
G1 X118.017 Y113.66 E387.03594
G1 X117.341 Y113.629 E387.05845
G1 X116.672 Y113.717 E387.08089
G1 X116.024 Y113.918 E387.10346
G1 X115.419 Y114.226 E387.12604
G1 X114.888 Y114.633 E387.14829
G1 X114.432 Y115.127 E387.17065
G1 X114.066 Y115.702 E387.19332
G1 X113.804 Y116.322 E387.21571
G1 X113.655 Y116.975 E387.23798
G1 X113.625 Y117.643 E387.26022
G1 X113.713 Y118.321 E387.28296
G1 X113.914 Y118.968 E387.3055
G1 X114.222 Y119.573 E387.32808
G1 X114.629 Y120.104 E387.35033
G1 X115.123 Y120.561 E387.37271
G1 X115.698 Y120.93 E387.39544
G1 X116.317 Y121.188 E387.41774
G1 X116.975 Y121.336 E387.44017
G1 X117.5 Y121.36 E387.45765
G0 F9000 X117.088 Y120.86
;TYPE:FILL
G1 F600 X114.144 Y117.916 E387.59613
G0 F9000 X114.131 Y117.098
G1 F600 X117.081 Y114.147 E387.73491
G0 F9000 X117.908 Y114.136
G1 F600 X120.846 Y117.074 E387.87311
G0 F9000 X120.855 Y117.916
G1 F600 X117.923 Y120.849 E388.01104
G0 F9000 X117.895 Y120.623
G0 X119.72 Y119.733
G0 X119.887 Y119.887
G1 F600 X115.105 Y115.105 E388.23597
G0 F9000 X115.276 Y115.263
G0 X119.733 Y115.28
G0 X119.889 Y115.111
G1 F600 X115.106 Y119.893 E388.46093
G0 F9000 X115.467 Y119.503
;MESH:NONMESH
G0 F300 X115.467 Y119.503 Z27.4
G0 F9000 X117.515 Y120.655
G0 X117.5 Y120.96
;TIME_ELAPSED:1306.836246
;LAYER:136
;note -- min layer time used
;TYPE:WALL-INNER
;MESH:FT09-Input Shaft.stl
G1 F600 X117.632 Y120.966 E388.46532
G1 X118.232 Y120.891 E388.48543
G1 X118.811 Y120.71 E388.50561
G1 X119.353 Y120.431 E388.52589
G1 X119.83 Y120.066 E388.54586
G1 X120.24 Y119.622 E388.56596
G1 X120.57 Y119.111 E388.5862
G1 X120.802 Y118.557 E388.60617
G1 X120.934 Y117.967 E388.62628
G1 X120.962 Y117.361 E388.64646
G1 X120.887 Y116.76 E388.6666
G1 X120.706 Y116.181 E388.68678
G1 X120.427 Y115.639 E388.70705
G1 X120.062 Y115.162 E388.72703
G1 X119.619 Y114.753 E388.74708
G1 X119.111 Y114.425 E388.7672
G1 X118.552 Y114.19 E388.78737
G1 X117.964 Y114.058 E388.80741
G1 X117.358 Y114.03 E388.82759
G1 X116.758 Y114.109 E388.84771
G1 X116.176 Y114.29 E388.86799
G1 X115.637 Y114.566 E388.88813
G1 X115.157 Y114.93 E388.90816
G1 X114.75 Y115.372 E388.92815
G1 X114.422 Y115.888 E388.94848
G1 X114.186 Y116.445 E388.9686
G1 X114.053 Y117.033 E388.98865
G1 X114.026 Y117.63 E389.00853
G1 X114.105 Y118.235 E389.02882
G1 X114.286 Y118.816 E389.04906
G1 X114.562 Y119.359 E389.06932
G1 X114.926 Y119.834 E389.08923
G1 X115.369 Y120.243 E389.10928
G1 X115.884 Y120.574 E389.12964
G1 X116.439 Y120.806 E389.14965
G1 X117.029 Y120.938 E389.16976
G1 X117.5 Y120.96 E389.18544
G0 F9000 X117.5 Y121.36
;TYPE:WALL-OUTER
G1 F600 X117.648 Y121.367 E389.19037
G1 X118.317 Y121.283 E389.2128
G1 X118.963 Y121.082 E389.2353
G1 X119.568 Y120.77 E389.25794
G1 X120.1 Y120.363 E389.28022
G1 X120.557 Y119.868 E389.30262
G1 X120.926 Y119.298 E389.32521
G1 X121.184 Y118.679 E389.34751
G1 X121.332 Y118.021 E389.36995
G1 X121.363 Y117.345 E389.39245
G1 X121.279 Y116.675 E389.41491
G1 X121.078 Y116.029 E389.43741
G1 X120.766 Y115.424 E389.46005
G1 X120.359 Y114.892 E389.48233
G1 X119.865 Y114.435 E389.50472
G1 X119.298 Y114.07 E389.52714
G1 X118.674 Y113.808 E389.54965
G1 X118.017 Y113.66 E389.57205
G1 X117.341 Y113.629 E389.59456
G1 X116.672 Y113.717 E389.617
G1 X116.024 Y113.918 E389.63957
G1 X115.423 Y114.226 E389.66203
G1 X114.887 Y114.633 E389.68441
G1 X114.432 Y115.127 E389.70675
G1 X114.066 Y115.702 E389.72942
G1 X113.804 Y116.322 E389.75181
G1 X113.655 Y116.979 E389.77422
G1 X113.625 Y117.647 E389.79646
G1 X113.713 Y118.321 E389.81906
G1 X113.914 Y118.968 E389.8416
G1 X114.222 Y119.573 E389.86418
G1 X114.629 Y120.104 E389.88643
G1 X115.123 Y120.561 E389.90881
G1 X115.698 Y120.93 E389.93154
G1 X116.317 Y121.188 E389.95384
G1 X116.975 Y121.336 E389.97627
G1 X117.5 Y121.36 E389.99375
G0 F9000 X117.088 Y120.86
;TYPE:FILL
G1 F600 X114.144 Y117.916 E390.13223
G0 F9000 X114.131 Y117.098
G1 F600 X117.081 Y114.147 E390.27101
G0 F9000 X117.908 Y114.136
G1 F600 X120.846 Y117.074 E390.40921
G0 F9000 X120.855 Y117.916
G1 F600 X117.923 Y120.849 E390.54714
G0 F9000 X117.895 Y120.623
G0 X119.72 Y119.733
G0 X119.887 Y119.887
G1 F600 X115.105 Y115.105 E390.77207
G0 F9000 X115.276 Y115.263
G0 X119.733 Y115.28
G0 X119.889 Y115.111
G1 F600 X115.106 Y119.893 E390.99703
G0 F9000 X115.467 Y119.503
;MESH:NONMESH
G0 F300 X115.467 Y119.503 Z27.6
G0 F9000 X117.515 Y120.655
G0 X117.5 Y120.96
;TIME_ELAPSED:1315.416954
;LAYER:137
;note -- min layer time used
;TYPE:WALL-INNER
;MESH:FT09-Input Shaft.stl
G1 F600 X117.632 Y120.966 E391.00142
G1 X118.232 Y120.891 E391.02153
G1 X118.811 Y120.71 E391.04171
G1 X119.353 Y120.431 E391.06199
G1 X119.83 Y120.066 E391.08196
G1 X120.24 Y119.622 E391.10206
G1 X120.57 Y119.111 E391.1223
G1 X120.802 Y118.557 E391.14227
G1 X120.934 Y117.967 E391.16238
G1 X120.962 Y117.361 E391.18256
G1 X120.887 Y116.76 E391.2027
G1 X120.706 Y116.181 E391.22288
G1 X120.427 Y115.639 E391.24315
G1 X120.062 Y115.162 E391.26313
G1 X119.619 Y114.753 E391.28318
G1 X119.107 Y114.425 E391.30341
G1 X118.551 Y114.19 E391.32349
G1 X117.963 Y114.058 E391.34353
G1 X117.358 Y114.03 E391.36367
G1 X116.758 Y114.109 E391.3838
G1 X116.176 Y114.29 E391.40407
G1 X115.633 Y114.566 E391.42433
G1 X115.158 Y114.93 E391.44424
G1 X114.75 Y115.372 E391.46424
G1 X114.422 Y115.888 E391.48458
G1 X114.186 Y116.445 E391.5047
G1 X114.053 Y117.033 E391.52475
G1 X114.026 Y117.63 E391.54463
G1 X114.105 Y118.235 E391.56492
G1 X114.286 Y118.816 E391.58516
G1 X114.562 Y119.359 E391.60542
G1 X114.926 Y119.834 E391.62532
G1 X115.369 Y120.243 E391.64538
G1 X115.884 Y120.574 E391.66574
G1 X116.439 Y120.806 E391.68575
G1 X117.029 Y120.938 E391.70585
G1 X117.5 Y120.96 E391.72154
G0 F9000 X117.5 Y121.36
;TYPE:WALL-OUTER
G1 F600 X117.648 Y121.367 E391.72647
G1 X118.317 Y121.283 E391.74889
G1 X118.963 Y121.082 E391.77139
G1 X119.568 Y120.77 E391.79403
G1 X120.1 Y120.363 E391.81631
G1 X120.557 Y119.868 E391.83872
G1 X120.926 Y119.298 E391.8613
G1 X121.184 Y118.679 E391.88361
G1 X121.332 Y118.021 E391.90604
G1 X121.363 Y117.345 E391.92855
G1 X121.279 Y116.675 E391.95101
G1 X121.078 Y116.029 E391.97351
G1 X120.766 Y115.424 E391.99615
G1 X120.359 Y114.892 E392.01843
G1 X119.865 Y114.435 E392.04081
G1 X119.294 Y114.07 E392.06335
G1 X118.674 Y113.808 E392.08574
G1 X118.017 Y113.66 E392.10814
G1 X117.341 Y113.629 E392.13065
G1 X116.672 Y113.717 E392.15309
G1 X116.024 Y113.918 E392.17565
G1 X115.419 Y114.226 E392.19823
G1 X114.888 Y114.633 E392.22049
G1 X114.432 Y115.127 E392.24285
G1 X114.066 Y115.702 E392.26552
G1 X113.804 Y116.322 E392.2879
G1 X113.655 Y116.979 E392.31031
G1 X113.625 Y117.647 E392.33255
G1 X113.713 Y118.321 E392.35516
G1 X113.914 Y118.968 E392.37769
G1 X114.222 Y119.573 E392.40027
G1 X114.629 Y120.104 E392.42252
G1 X115.123 Y120.561 E392.44491
G1 X115.698 Y120.93 E392.46763
G1 X116.317 Y121.188 E392.48994
G1 X116.975 Y121.336 E392.51237
G1 X117.5 Y121.36 E392.52985
G0 F9000 X117.088 Y120.86
;TYPE:FILL
G1 F600 X114.144 Y117.916 E392.66832
G0 F9000 X114.131 Y117.098
G1 F600 X117.081 Y114.147 E392.80711
G0 F9000 X117.908 Y114.136
G1 F600 X120.846 Y117.074 E392.9453
G0 F9000 X120.855 Y117.916
G1 F600 X117.923 Y120.849 E393.08324
G0 F9000 X117.895 Y120.623
G0 X119.72 Y119.733
G0 X119.887 Y119.887
G1 F600 X115.105 Y115.105 E393.30817
G0 F9000 X115.276 Y115.263
G0 X119.733 Y115.28
G0 X119.889 Y115.111
G1 F600 X115.106 Y119.893 E393.53312
G0 F9000 X115.467 Y119.503
;MESH:NONMESH
G0 F300 X115.467 Y119.503 Z27.8
G0 F9000 X117.515 Y120.655
G0 X117.5 Y120.96
;TIME_ELAPSED:1323.997642
;LAYER:138
;note -- min layer time used
;TYPE:WALL-INNER
;MESH:FT09-Input Shaft.stl
G1 F600 X117.632 Y120.966 E393.53752
G1 X118.232 Y120.891 E393.55763
G1 X118.811 Y120.71 E393.5778
G1 X119.353 Y120.431 E393.59808
G1 X119.83 Y120.066 E393.61806
G1 X120.24 Y119.622 E393.63816
G1 X120.57 Y119.111 E393.65839
G1 X120.802 Y118.557 E393.67837
G1 X120.934 Y117.967 E393.69847
G1 X120.962 Y117.361 E393.71865
G1 X120.887 Y116.76 E393.7388
G1 X120.706 Y116.181 E393.75897
G1 X120.427 Y115.639 E393.77925
G1 X120.062 Y115.162 E393.79922
G1 X119.619 Y114.753 E393.81928
G1 X119.107 Y114.425 E393.8395
G1 X118.551 Y114.19 E393.85958
G1 X117.963 Y114.058 E393.87962
G1 X117.358 Y114.03 E393.89977
G1 X116.758 Y114.109 E393.91989
G1 X116.176 Y114.29 E393.94017
G1 X115.637 Y114.566 E393.96031
G1 X115.157 Y114.93 E393.98034
G1 X114.75 Y115.372 E394.00033
G1 X114.422 Y115.888 E394.02066
G1 X114.186 Y116.445 E394.04078
G1 X114.054 Y117.033 E394.06083
G1 X114.026 Y117.634 E394.08084
G1 X114.105 Y118.234 E394.10097
G1 X114.286 Y118.816 E394.12124
G1 X114.562 Y119.359 E394.1415
G1 X114.926 Y119.834 E394.1614
G1 X115.369 Y120.243 E394.18146
G1 X115.884 Y120.574 E394.20182
G1 X116.439 Y120.806 E394.22183
G1 X117.029 Y120.938 E394.24193
G1 X117.5 Y120.96 E394.25762
G0 F9000 X117.5 Y121.36
;TYPE:WALL-OUTER
G1 F600 X117.648 Y121.367 E394.26254
G1 X118.317 Y121.283 E394.28497
G1 X118.963 Y121.082 E394.30747
G1 X119.568 Y120.77 E394.33011
G1 X120.1 Y120.363 E394.35239
G1 X120.557 Y119.868 E394.3748
G1 X120.926 Y119.298 E394.39738
G1 X121.184 Y118.679 E394.41969
G1 X121.332 Y118.021 E394.44212
G1 X121.363 Y117.345 E394.46463
G1 X121.279 Y116.675 E394.48709
G1 X121.078 Y116.029 E394.50959
G1 X120.766 Y115.424 E394.53223
G1 X120.359 Y114.892 E394.55451
G1 X119.865 Y114.435 E394.57689
G1 X119.294 Y114.07 E394.59943
G1 X118.674 Y113.808 E394.62182
G1 X118.017 Y113.66 E394.64422
G1 X117.341 Y113.629 E394.66672
G1 X116.672 Y113.717 E394.68917
G1 X116.024 Y113.918 E394.71173
G1 X115.423 Y114.226 E394.73419
G1 X114.887 Y114.633 E394.75658
G1 X114.432 Y115.127 E394.77892
G1 X114.066 Y115.702 E394.80159
G1 X113.804 Y116.322 E394.82397
G1 X113.656 Y116.979 E394.84637
G1 X113.625 Y117.651 E394.86875
G1 X113.713 Y118.32 E394.89119
G1 X113.914 Y118.968 E394.91376
G1 X114.222 Y119.573 E394.93634
G1 X114.629 Y120.104 E394.95859
G1 X115.123 Y120.561 E394.98097
G1 X115.698 Y120.93 E395.00369
G1 X116.317 Y121.188 E395.026
G1 X116.975 Y121.336 E395.04843
G1 X117.5 Y121.36 E395.06591
G0 F9000 X117.088 Y120.86
;TYPE:FILL
G1 F600 X114.144 Y117.916 E395.20439
G0 F9000 X114.132 Y117.096
G1 F600 X117.081 Y114.147 E395.3431
G0 F9000 X117.908 Y114.136
G1 F600 X120.846 Y117.074 E395.48129
G0 F9000 X120.855 Y117.916
G1 F600 X117.923 Y120.849 E395.61923
G0 F9000 X117.895 Y120.623
G0 X119.72 Y119.733
G0 X119.887 Y119.887
G1 F600 X115.105 Y115.105 E395.84416
G0 F9000 X115.276 Y115.263
G0 X119.733 Y115.28
G0 X119.889 Y115.111
G1 F600 X115.106 Y119.893 E396.06911
G0 F9000 X115.467 Y119.503
;MESH:NONMESH
G0 F300 X115.467 Y119.503 Z28
G0 F9000 X117.515 Y120.655
G0 X117.5 Y120.96
;TIME_ELAPSED:1332.578121
;LAYER:139
;note -- min layer time used
;TYPE:WALL-INNER
;MESH:FT09-Input Shaft.stl
G1 F600 X117.632 Y120.966 E396.07351
G1 X118.232 Y120.891 E396.09362
G1 X118.811 Y120.71 E396.1138
G1 X119.353 Y120.431 E396.13407
G1 X119.83 Y120.066 E396.15405
G1 X120.24 Y119.622 E396.17415
G1 X120.57 Y119.111 E396.19438
G1 X120.802 Y118.557 E396.21436
G1 X120.934 Y117.967 E396.23447
G1 X120.961 Y117.361 E396.25464
G1 X120.887 Y116.76 E396.27478
G1 X120.706 Y116.181 E396.29496
G1 X120.427 Y115.639 E396.31524
G1 X120.062 Y115.162 E396.33521
G1 X119.623 Y114.757 E396.35508
G1 X119.107 Y114.426 E396.37547
G1 X118.556 Y114.194 E396.39535
G1 X117.966 Y114.061 E396.41547
G1 X117.36 Y114.031 E396.43565
G1 X116.757 Y114.109 E396.45587
G1 X116.175 Y114.29 E396.47614
G1 X115.633 Y114.566 E396.49637
G1 X115.163 Y114.925 E396.51604
G1 X114.753 Y115.372 E396.53622
G1 X114.421 Y115.889 E396.55665
G1 X114.19 Y116.436 E396.5764
G1 X114.057 Y117.03 E396.59665
G1 X114.026 Y117.632 E396.6167
G1 X114.105 Y118.235 E396.63693
G1 X114.286 Y118.816 E396.65717
G1 X114.563 Y119.359 E396.67744
G1 X114.921 Y119.829 E396.69709
G1 X115.373 Y120.243 E396.71748
G1 X115.885 Y120.574 E396.73775
G1 X116.439 Y120.806 E396.75773
G1 X117.029 Y120.938 E396.77784
G1 X117.5 Y120.96 E396.79352
G0 F9000 X117.5 Y121.36
;TYPE:WALL-OUTER
G1 F600 X117.648 Y121.367 E396.79845
G1 X118.317 Y121.283 E396.82088
G1 X118.963 Y121.082 E396.84338
G1 X119.568 Y120.77 E396.86602
G1 X120.1 Y120.363 E396.8883
G1 X120.557 Y119.868 E396.9107
G1 X120.926 Y119.298 E396.93329
G1 X121.184 Y118.679 E396.95559
G1 X121.332 Y118.021 E396.97803
G1 X121.363 Y117.345 E397.00053
G1 X121.279 Y116.675 E397.02299
G1 X121.078 Y116.029 E397.04549
G1 X120.766 Y115.424 E397.06813
G1 X120.359 Y114.892 E397.09041
G1 X119.869 Y114.439 E397.11261
G1 X119.294 Y114.07 E397.13533
G1 X118.678 Y113.812 E397.15754
G1 X118.02 Y113.663 E397.17998
G1 X117.344 Y113.629 E397.2025
G1 X116.671 Y113.717 E397.22507
G1 X116.024 Y113.918 E397.2476
G1 X115.419 Y114.226 E397.27018
G1 X114.892 Y114.629 E397.29225
G1 X114.435 Y115.127 E397.31473
G1 X114.066 Y115.702 E397.33746
G1 X113.808 Y116.314 E397.35955
G1 X113.659 Y116.976 E397.38211
G1 X113.625 Y117.648 E397.40449
G1 X113.713 Y118.321 E397.42707
G1 X113.914 Y118.968 E397.4496
G1 X114.223 Y119.573 E397.4722
G1 X114.625 Y120.1 E397.49424
G1 X115.127 Y120.561 E397.51691
G1 X115.698 Y120.93 E397.53952
G1 X116.317 Y121.188 E397.56183
G1 X116.975 Y121.336 E397.58426
G1 X117.5 Y121.36 E397.60174
G0 F9000 X117.088 Y120.86
;TYPE:FILL
G1 F600 X114.144 Y117.916 E397.74022
G0 F9000 X114.136 Y117.093
G1 F600 X117.081 Y114.147 E397.87876
G0 F9000 X117.911 Y114.139
G1 F600 X120.845 Y117.074 E398.01679
G0 F9000 X120.855 Y117.916
G1 F600 X117.923 Y120.849 E398.15473
G0 F9000 X117.895 Y120.623
G0 X119.72 Y119.733
G0 X119.887 Y119.887
G1 F600 X115.106 Y115.106 E398.37961
G0 F9000 X115.276 Y115.264
G0 X119.734 Y115.279
G0 X119.889 Y115.111
G1 F600 X115.108 Y119.892 E398.6045
G0 F9000 X115.468 Y119.505
;MESH:NONMESH
G0 F300 X115.468 Y119.505 Z28.2
G0 F9000 X117.5 Y120.214
;TIME_ELAPSED:1341.130146
;LAYER:140
;note -- min layer time used
;TYPE:WALL-INNER
;MESH:FT09-Input Shaft.stl
G1 F600 X117.598 Y120.218 E398.60776
G1 X118.072 Y120.159 E398.62365
G1 X118.523 Y120.018 E398.63936
G1 X118.95 Y119.799 E398.65532
G1 X119.322 Y119.514 E398.67091
G1 X119.644 Y119.166 E398.68668
G1 X119.907 Y118.761 E398.70274
G1 X120.09 Y118.327 E398.71841
G1 X120.194 Y117.872 E398.73393
G1 X120.214 Y117.394 E398.74984
G1 X120.155 Y116.92 E398.76573
G1 X120.014 Y116.469 E398.78145
G1 X119.794 Y116.043 E398.79739
G1 X119.51 Y115.67 E398.81298
G1 X119.158 Y115.344 E398.82894
G1 X118.759 Y115.086 E398.84475
G1 X118.324 Y114.906 E398.8604
G1 X117.858 Y114.798 E398.87631
G1 X117.389 Y114.778 E398.89193
G1 X116.915 Y114.837 E398.90781
G1 X116.461 Y114.978 E398.92363
G1 X116.031 Y115.201 E398.93974
G1 X115.662 Y115.482 E398.95516
G1 X115.342 Y115.828 E398.97084
G1 X115.082 Y116.235 E398.9869
G1 X114.902 Y116.669 E399.00253
G1 X114.794 Y117.134 E399.01841
G1 X114.774 Y117.603 E399.03402
G1 X114.833 Y118.08 E399.05
G1 X114.973 Y118.53 E399.06568
G1 X115.197 Y118.961 E399.08184
G1 X115.477 Y119.329 E399.09722
G1 X115.825 Y119.647 E399.11289
G1 X116.23 Y119.911 E399.12897
G1 X116.661 Y120.09 E399.1445
G1 X117.125 Y120.198 E399.16034
G1 X117.5 Y120.214 E399.17283
G0 F9000 X117.5 Y120.614
;TYPE:WALL-OUTER
G1 F600 X117.615 Y120.619 E399.17665
G1 X118.157 Y120.551 E399.19482
G1 X118.675 Y120.39 E399.21286
G1 X119.164 Y120.138 E399.23116
G1 X119.592 Y119.811 E399.24908
G1 X119.961 Y119.412 E399.26715
G1 X120.262 Y118.949 E399.28552
G1 X120.472 Y118.45 E399.30353
G1 X120.592 Y117.925 E399.32144
G1 X120.615 Y117.377 E399.33968
G1 X120.547 Y116.835 E399.35785
G1 X120.386 Y116.317 E399.37589
G1 X120.134 Y115.828 E399.39419
G1 X119.807 Y115.4 E399.4121
G1 X119.404 Y115.027 E399.43037
G1 X118.946 Y114.73 E399.44852
G1 X118.446 Y114.524 E399.46651
G1 X117.912 Y114.4 E399.48474
G1 X117.373 Y114.377 E399.50268
G1 X116.831 Y114.445 E399.52085
G1 X116.309 Y114.606 E399.53902
G1 X115.816 Y114.862 E399.5575
G1 X115.392 Y115.185 E399.57523
G1 X115.024 Y115.583 E399.59325
G1 X114.726 Y116.049 E399.61165
G1 X114.52 Y116.546 E399.62955
G1 X114.396 Y117.08 E399.64778
G1 X114.373 Y117.619 E399.66572
G1 X114.441 Y118.165 E399.68402
G1 X114.602 Y118.683 E399.70207
G1 X114.858 Y119.176 E399.72054
G1 X115.181 Y119.6 E399.73827
G1 X115.579 Y119.965 E399.75623
G1 X116.042 Y120.266 E399.7746
G1 X116.538 Y120.472 E399.79246
G1 X117.071 Y120.596 E399.81066
G1 X117.5 Y120.614 E399.82494
G0 F9000 X117.536 Y119.91
G0 X119.193 Y119.205
G0 X119.358 Y119.358
;TYPE:FILL
G1 F600 X115.632 Y115.632 E400.0002
G0 F9000 X115.802 Y115.789
G0 X119.205 Y115.807
G0 X119.36 Y115.64
G1 F600 X115.635 Y119.365 E400.17542
G0 F9000 X115.994 Y118.978
;MESH:NONMESH
G0 F300 X115.994 Y118.978 Z28.4
G0 F9000 X117.516 Y119.909
G0 X117.5 Y120.214
;TIME_ELAPSED:1346.499211
;LAYER:141
;note -- min layer time used
;TYPE:WALL-INNER
;MESH:FT09-Input Shaft.stl
G1 F600 X117.599 Y120.218 E400.17871
G1 X118.076 Y120.159 E400.1947
G1 X118.528 Y120.018 E400.21045
G1 X118.957 Y119.798 E400.22648
G1 X119.325 Y119.515 E400.24192
G1 X119.647 Y119.167 E400.25769
G1 X119.907 Y118.763 E400.27367
G1 X120.09 Y118.328 E400.28937
G1 X120.194 Y117.864 E400.30518
G1 X120.214 Y117.393 E400.32086
G1 X120.155 Y116.919 E400.33675
G1 X120.014 Y116.463 E400.35262
G1 X119.794 Y116.035 E400.36863
G1 X119.511 Y115.667 E400.38407
G1 X119.163 Y115.345 E400.39984
G1 X118.76 Y115.086 E400.41577
G1 X118.324 Y114.906 E400.43146
G1 X117.858 Y114.798 E400.44737
G1 X117.389 Y114.778 E400.46298
G1 X116.915 Y114.837 E400.47887
G1 X116.461 Y114.978 E400.49468
G1 X116.031 Y115.201 E400.51079
G1 X115.662 Y115.482 E400.52622
G1 X115.342 Y115.828 E400.5419
G1 X115.082 Y116.235 E400.55796
G1 X114.902 Y116.669 E400.57359
G1 X114.794 Y117.134 E400.58946
G1 X114.774 Y117.603 E400.60508
G1 X114.833 Y118.08 E400.62106
G1 X114.973 Y118.53 E400.63674
G1 X115.197 Y118.961 E400.65289
G1 X115.478 Y119.33 E400.66832
G1 X115.824 Y119.65 E400.68399
G1 X116.233 Y119.911 E400.70013
G1 X116.665 Y120.094 E400.71574
G1 X117.128 Y120.198 E400.73152
G1 X117.5 Y120.214 E400.7439
G0 F9000 X117.5 Y120.614
;TYPE:WALL-OUTER
G1 F600 X117.615 Y120.619 E400.74773
G1 X118.161 Y120.551 E400.76603
G1 X118.68 Y120.39 E400.78411
G1 X119.172 Y120.138 E400.80249
G1 X119.596 Y119.811 E400.8203
G1 X119.965 Y119.413 E400.83835
G1 X120.262 Y118.95 E400.85665
G1 X120.472 Y118.45 E400.87468
G1 X120.592 Y117.917 E400.89286
G1 X120.615 Y117.377 E400.91083
G1 X120.547 Y116.835 E400.929
G1 X120.386 Y116.312 E400.9472
G1 X120.134 Y115.82 E400.96559
G1 X119.807 Y115.396 E400.9834
G1 X119.409 Y115.027 E401.00145
G1 X118.946 Y114.73 E401.01974
G1 X118.446 Y114.524 E401.03773
G1 X117.912 Y114.4 E401.05596
G1 X117.373 Y114.377 E401.07391
G1 X116.831 Y114.445 E401.09208
G1 X116.309 Y114.606 E401.11024
G1 X115.816 Y114.862 E401.12872
G1 X115.392 Y115.185 E401.14645
G1 X115.024 Y115.583 E401.16448
G1 X114.726 Y116.049 E401.18287
G1 X114.52 Y116.546 E401.20077
G1 X114.396 Y117.08 E401.219
G1 X114.373 Y117.619 E401.23695
G1 X114.441 Y118.165 E401.25525
G1 X114.602 Y118.683 E401.27329
G1 X114.858 Y119.176 E401.29176
G1 X115.181 Y119.6 E401.30949
G1 X115.579 Y119.968 E401.32752
G1 X116.046 Y120.266 E401.34595
G1 X116.542 Y120.476 E401.36386
G1 X117.075 Y120.596 E401.38203
G1 X117.5 Y120.614 E401.39618
G0 F9000 X117.534 Y119.91
G0 X119.195 Y119.206
G0 X119.36 Y119.36
;TYPE:FILL
G1 F600 X115.632 Y115.632 E401.57153
G0 F9000 X115.802 Y115.789
G0 X119.206 Y115.805
G0 X119.362 Y115.637
G1 F600 X115.635 Y119.365 E401.74686
G0 F9000 X115.993 Y118.977
;MESH:NONMESH
G0 F300 X115.993 Y118.977 Z28.6
G0 F9000 X117.514 Y119.909
G0 X117.5 Y120.214
;TIME_ELAPSED:1351.870118
;LAYER:142
;note -- min layer time used
;TYPE:WALL-INNER
;MESH:FT09-Input Shaft.stl
G1 F600 X117.599 Y120.218 E401.75016
G1 X118.076 Y120.159 E401.76615
G1 X118.528 Y120.018 E401.78189
G1 X118.957 Y119.798 E401.79793
G1 X119.325 Y119.515 E401.81337
G1 X119.647 Y119.167 E401.82914
G1 X119.907 Y118.763 E401.84512
G1 X120.09 Y118.328 E401.86081
G1 X120.194 Y117.864 E401.87663
G1 X120.214 Y117.393 E401.89231
G1 X120.155 Y116.919 E401.9082
G1 X120.014 Y116.463 E401.92407
G1 X119.794 Y116.035 E401.94008
G1 X119.511 Y115.667 E401.95552
G1 X119.163 Y115.345 E401.97129
G1 X118.76 Y115.086 E401.98722
G1 X118.324 Y114.906 E402.00291
G1 X117.858 Y114.798 E402.01882
G1 X117.389 Y114.778 E402.03443
G1 X116.915 Y114.837 E402.05032
G1 X116.461 Y114.978 E402.06613
G1 X116.031 Y115.201 E402.08224
G1 X115.662 Y115.482 E402.09767
G1 X115.342 Y115.828 E402.11334
G1 X115.082 Y116.235 E402.12941
G1 X114.902 Y116.669 E402.14503
G1 X114.794 Y117.134 E402.16091
G1 X114.774 Y117.603 E402.17652
G1 X114.833 Y118.08 E402.19251
G1 X114.973 Y118.53 E402.20819
G1 X115.197 Y118.961 E402.22434
G1 X115.478 Y119.33 E402.23977
G1 X115.824 Y119.65 E402.25544
G1 X116.233 Y119.911 E402.27158
G1 X116.665 Y120.094 E402.28718
G1 X117.128 Y120.198 E402.30297
G1 X117.5 Y120.214 E402.31535
G0 F9000 X117.5 Y120.614
;TYPE:WALL-OUTER
G1 F600 X117.615 Y120.619 E402.31918
G1 X118.161 Y120.551 E402.33748
G1 X118.68 Y120.39 E402.35555
G1 X119.172 Y120.138 E402.37394
G1 X119.596 Y119.811 E402.39175
G1 X119.965 Y119.413 E402.4098
G1 X120.262 Y118.95 E402.4281
G1 X120.472 Y118.45 E402.44613
G1 X120.592 Y117.917 E402.4643
G1 X120.615 Y117.377 E402.48228
G1 X120.547 Y116.835 E402.50045
G1 X120.386 Y116.312 E402.51865
G1 X120.134 Y115.82 E402.53704
G1 X119.807 Y115.396 E402.55484
G1 X119.409 Y115.027 E402.5729
G1 X118.946 Y114.73 E402.59119
G1 X118.446 Y114.524 E402.60918
G1 X117.912 Y114.4 E402.62741
G1 X117.373 Y114.377 E402.64536
G1 X116.831 Y114.445 E402.66352
G1 X116.309 Y114.606 E402.68169
G1 X115.816 Y114.862 E402.70017
G1 X115.392 Y115.185 E402.7179
G1 X115.024 Y115.583 E402.73593
G1 X114.726 Y116.049 E402.75432
G1 X114.52 Y116.546 E402.77222
G1 X114.396 Y117.08 E402.79045
G1 X114.373 Y117.619 E402.80839
G1 X114.441 Y118.165 E402.82669
G1 X114.602 Y118.683 E402.84474
G1 X114.858 Y119.176 E402.86321
G1 X115.181 Y119.6 E402.88094
G1 X115.579 Y119.968 E402.89897
G1 X116.046 Y120.266 E402.91739
G1 X116.542 Y120.476 E402.93531
G1 X117.075 Y120.596 E402.95348
G1 X117.5 Y120.614 E402.96763
G0 F9000 X117.534 Y119.91
G0 X119.195 Y119.206
G0 X119.36 Y119.36
;TYPE:FILL
G1 F600 X115.632 Y115.632 E403.14298
G0 F9000 X115.802 Y115.789
G0 X119.206 Y115.805
G0 X119.362 Y115.637
G1 F600 X115.635 Y119.365 E403.31831
G0 F9000 X115.993 Y118.977
;MESH:NONMESH
G0 F300 X115.993 Y118.977 Z28.8
G0 F9000 X117.514 Y119.909
G0 X117.5 Y120.214
;TIME_ELAPSED:1357.241025
;LAYER:143
;note -- min layer time used
;TYPE:WALL-INNER
;MESH:FT09-Input Shaft.stl
G1 F600 X117.599 Y120.218 E403.32161
G1 X118.076 Y120.159 E403.33759
G1 X118.528 Y120.018 E403.35334
G1 X118.957 Y119.798 E403.36938
G1 X119.325 Y119.515 E403.38482
G1 X119.647 Y119.167 E403.40059
G1 X119.907 Y118.763 E403.41657
G1 X120.09 Y118.328 E403.43226
G1 X120.194 Y117.864 E403.44808
G1 X120.214 Y117.393 E403.46376
G1 X120.155 Y116.919 E403.47965
G1 X120.014 Y116.463 E403.49552
G1 X119.794 Y116.035 E403.51153
G1 X119.511 Y115.667 E403.52697
G1 X119.163 Y115.345 E403.54274
G1 X118.76 Y115.086 E403.55867
G1 X118.324 Y114.906 E403.57436
G1 X117.858 Y114.798 E403.59027
G1 X117.389 Y114.778 E403.60588
G1 X116.915 Y114.837 E403.62177
G1 X116.461 Y114.978 E403.63758
G1 X116.031 Y115.201 E403.65369
G1 X115.662 Y115.482 E403.66912
G1 X115.342 Y115.828 E403.68479
G1 X115.082 Y116.235 E403.70086
G1 X114.902 Y116.669 E403.71648
G1 X114.794 Y117.134 E403.73236
G1 X114.774 Y117.603 E403.74797
G1 X114.833 Y118.08 E403.76396
G1 X114.973 Y118.53 E403.77963
G1 X115.197 Y118.961 E403.79579
G1 X115.478 Y119.33 E403.81122
G1 X115.824 Y119.65 E403.82689
G1 X116.233 Y119.911 E403.84303
G1 X116.665 Y120.094 E403.85863
G1 X117.128 Y120.198 E403.87442
G1 X117.5 Y120.214 E403.8868
G0 F9000 X117.5 Y120.614
;TYPE:WALL-OUTER
G1 F600 X117.615 Y120.619 E403.89063
G1 X118.161 Y120.551 E403.90893
G1 X118.68 Y120.39 E403.927
G1 X119.172 Y120.138 E403.94539
G1 X119.596 Y119.811 E403.9632
G1 X119.965 Y119.413 E403.98125
G1 X120.262 Y118.95 E403.99954
G1 X120.472 Y118.45 E404.01758
G1 X120.592 Y117.917 E404.03575
G1 X120.615 Y117.377 E404.05373
G1 X120.547 Y116.835 E404.0719
G1 X120.386 Y116.312 E404.0901
G1 X120.134 Y115.82 E404.10848
G1 X119.807 Y115.396 E404.12629
G1 X119.409 Y115.027 E404.14434
G1 X118.946 Y114.73 E404.16264
G1 X118.446 Y114.524 E404.18063
G1 X117.912 Y114.4 E404.19886
G1 X117.373 Y114.377 E404.2168
G1 X116.831 Y114.445 E404.23497
G1 X116.309 Y114.606 E404.25314
G1 X115.816 Y114.862 E404.27162
G1 X115.392 Y115.185 E404.28934
G1 X115.024 Y115.583 E404.30737
G1 X114.726 Y116.049 E404.32577
G1 X114.52 Y116.546 E404.34367
G1 X114.396 Y117.08 E404.3619
G1 X114.373 Y117.619 E404.37984
G1 X114.441 Y118.165 E404.39814
G1 X114.602 Y118.683 E404.41618
G1 X114.858 Y119.176 E404.43466
G1 X115.181 Y119.6 E404.45239
G1 X115.579 Y119.968 E404.47042
G1 X116.046 Y120.266 E404.48884
G1 X116.542 Y120.476 E404.50676
G1 X117.075 Y120.596 E404.52493
G1 X117.5 Y120.614 E404.53908
G0 F9000 X117.534 Y119.91
G0 X119.195 Y119.206
G0 X119.36 Y119.36
;TYPE:FILL
G1 F600 X115.632 Y115.632 E404.71443
G0 F9000 X115.802 Y115.789
G0 X119.206 Y115.805
G0 X119.362 Y115.637
G1 F600 X115.635 Y119.365 E404.88976
G0 F9000 X115.993 Y118.977
;MESH:NONMESH
G0 F300 X115.993 Y118.977 Z29
G0 F9000 X117.514 Y119.909
G0 X117.5 Y120.214
;TIME_ELAPSED:1362.611932
;LAYER:144
;note -- min layer time used
;TYPE:WALL-INNER
;MESH:FT09-Input Shaft.stl
G1 F600 X117.599 Y120.218 E404.89306
G1 X118.076 Y120.159 E404.90904
G1 X118.528 Y120.018 E404.92479
G1 X118.957 Y119.798 E404.94083
G1 X119.325 Y119.515 E404.95627
G1 X119.647 Y119.167 E404.97204
G1 X119.907 Y118.763 E404.98802
G1 X120.09 Y118.328 E405.00371
G1 X120.194 Y117.864 E405.01953
G1 X120.214 Y117.393 E405.03521
G1 X120.155 Y116.919 E405.05109
G1 X120.014 Y116.463 E405.06697
G1 X119.794 Y116.035 E405.08297
G1 X119.511 Y115.667 E405.09842
G1 X119.163 Y115.345 E405.11418
G1 X118.76 Y115.086 E405.13012
G1 X118.324 Y114.906 E405.14581
G1 X117.858 Y114.798 E405.16172
G1 X117.389 Y114.778 E405.17733
G1 X116.915 Y114.837 E405.19322
G1 X116.461 Y114.978 E405.20903
G1 X116.031 Y115.201 E405.22514
G1 X115.662 Y115.482 E405.24057
G1 X115.342 Y115.828 E405.25624
G1 X115.082 Y116.235 E405.2723
G1 X114.902 Y116.669 E405.28793
G1 X114.794 Y117.134 E405.30381
G1 X114.774 Y117.603 E405.31942
G1 X114.833 Y118.08 E405.33541
G1 X114.973 Y118.53 E405.35108
G1 X115.197 Y118.961 E405.36724
G1 X115.478 Y119.33 E405.38266
G1 X115.824 Y119.65 E405.39834
G1 X116.233 Y119.911 E405.41448
G1 X116.665 Y120.094 E405.43008
G1 X117.128 Y120.198 E405.44586
G1 X117.5 Y120.214 E405.45825
G0 F9000 X117.5 Y120.614
;TYPE:WALL-OUTER
G1 F600 X117.615 Y120.619 E405.46208
G1 X118.161 Y120.551 E405.48038
G1 X118.68 Y120.39 E405.49845
G1 X119.172 Y120.138 E405.51684
G1 X119.596 Y119.811 E405.53465
G1 X119.965 Y119.413 E405.5527
G1 X120.262 Y118.95 E405.57099
G1 X120.472 Y118.45 E405.58903
G1 X120.592 Y117.917 E405.6072
G1 X120.615 Y117.377 E405.62518
G1 X120.547 Y116.835 E405.64335
G1 X120.386 Y116.312 E405.66155
G1 X120.134 Y115.82 E405.67993
G1 X119.807 Y115.396 E405.69774
G1 X119.409 Y115.027 E405.71579
G1 X118.946 Y114.73 E405.73409
G1 X118.446 Y114.524 E405.75207
G1 X117.912 Y114.4 E405.77031
G1 X117.373 Y114.377 E405.78825
G1 X116.831 Y114.445 E405.80642
G1 X116.309 Y114.606 E405.82459
G1 X115.816 Y114.862 E405.84307
G1 X115.392 Y115.185 E405.86079
G1 X115.024 Y115.583 E405.87882
G1 X114.726 Y116.049 E405.89722
G1 X114.52 Y116.546 E405.91511
G1 X114.396 Y117.08 E405.93335
G1 X114.373 Y117.619 E405.95129
G1 X114.441 Y118.165 E405.96959
G1 X114.602 Y118.683 E405.98763
G1 X114.858 Y119.176 E406.00611
G1 X115.181 Y119.6 E406.02384
G1 X115.579 Y119.968 E406.04187
G1 X116.046 Y120.266 E406.06029
G1 X116.542 Y120.476 E406.07821
G1 X117.075 Y120.596 E406.09638
G1 X117.5 Y120.614 E406.11053
G0 F9000 X117.534 Y119.91
G0 X119.195 Y119.206
G0 X119.36 Y119.36
;TYPE:FILL
G1 F600 X115.632 Y115.632 E406.28588
G0 F9000 X115.802 Y115.789
G0 X119.206 Y115.805
G0 X119.362 Y115.637
G1 F600 X115.635 Y119.365 E406.46121
G0 F9000 X115.993 Y118.977
;MESH:NONMESH
G0 F300 X115.993 Y118.977 Z29.2
G0 F9000 X117.514 Y119.909
G0 X117.5 Y120.214
;TIME_ELAPSED:1367.982839
;LAYER:145
;note -- min layer time used
;TYPE:WALL-INNER
;MESH:FT09-Input Shaft.stl
G1 F600 X117.599 Y120.218 E406.46451
G1 X118.076 Y120.159 E406.48049
G1 X118.528 Y120.018 E406.49624
G1 X118.957 Y119.798 E406.51227
G1 X119.325 Y119.515 E406.52771
G1 X119.647 Y119.167 E406.54348
G1 X119.907 Y118.763 E406.55946
G1 X120.09 Y118.328 E406.57516
G1 X120.194 Y117.864 E406.59098
G1 X120.214 Y117.393 E406.60666
G1 X120.155 Y116.919 E406.62254
G1 X120.014 Y116.463 E406.63842
G1 X119.794 Y116.035 E406.65442
G1 X119.511 Y115.667 E406.66986
G1 X119.163 Y115.345 E406.68563
G1 X118.76 Y115.086 E406.70157
G1 X118.324 Y114.906 E406.71725
G1 X117.858 Y114.798 E406.73316
G1 X117.389 Y114.778 E406.74878
G1 X116.915 Y114.837 E406.76466
G1 X116.461 Y114.978 E406.78048
G1 X116.031 Y115.201 E406.79659
G1 X115.662 Y115.482 E406.81201
G1 X115.342 Y115.828 E406.82769
G1 X115.082 Y116.235 E406.84375
G1 X114.902 Y116.669 E406.85938
G1 X114.794 Y117.134 E406.87526
G1 X114.774 Y117.603 E406.89087
G1 X114.833 Y118.08 E406.90686
G1 X114.973 Y118.53 E406.92253
G1 X115.197 Y118.961 E406.93869
G1 X115.478 Y119.33 E406.95411
G1 X115.824 Y119.65 E406.96979
G1 X116.233 Y119.911 E406.98593
G1 X116.665 Y120.094 E407.00153
G1 X117.128 Y120.198 E407.01731
G1 X117.5 Y120.214 E407.0297
G0 F9000 X117.5 Y120.614
;TYPE:WALL-OUTER
G1 F600 X117.615 Y120.619 E407.03353
G1 X118.161 Y120.551 E407.05183
G1 X118.68 Y120.39 E407.0699
G1 X119.172 Y120.138 E407.08828
G1 X119.596 Y119.811 E407.10609
G1 X119.965 Y119.413 E407.12415
G1 X120.262 Y118.95 E407.14244
G1 X120.472 Y118.45 E407.16048
G1 X120.592 Y117.917 E407.17865
G1 X120.615 Y117.377 E407.19663
G1 X120.547 Y116.835 E407.21479
G1 X120.386 Y116.312 E407.233
G1 X120.134 Y115.82 E407.25138
G1 X119.807 Y115.396 E407.26919
G1 X119.409 Y115.027 E407.28724
G1 X118.946 Y114.73 E407.30554
G1 X118.446 Y114.524 E407.32352
G1 X117.912 Y114.4 E407.34176
G1 X117.373 Y114.377 E407.3597
G1 X116.831 Y114.445 E407.37787
G1 X116.309 Y114.606 E407.39604
G1 X115.816 Y114.862 E407.41451
G1 X115.392 Y115.185 E407.43224
G1 X115.024 Y115.583 E407.45027
G1 X114.726 Y116.049 E407.46867
G1 X114.52 Y116.546 E407.48656
G1 X114.396 Y117.08 E407.5048
G1 X114.373 Y117.619 E407.52274
G1 X114.441 Y118.165 E407.54104
G1 X114.602 Y118.683 E407.55908
G1 X114.858 Y119.176 E407.57756
G1 X115.181 Y119.6 E407.59529
G1 X115.579 Y119.968 E407.61331
G1 X116.046 Y120.266 E407.63174
G1 X116.542 Y120.476 E407.64965
G1 X117.075 Y120.596 E407.66783
G1 X117.5 Y120.614 E407.68197
G0 F9000 X117.534 Y119.91
G0 X119.195 Y119.206
G0 X119.36 Y119.36
;TYPE:FILL
G1 F600 X115.632 Y115.632 E407.85733
G0 F9000 X115.802 Y115.789
G0 X119.206 Y115.805
G0 X119.362 Y115.637
G1 F600 X115.635 Y119.365 E408.03266
G0 F9000 X115.993 Y118.977
;MESH:NONMESH
G0 F300 X115.993 Y118.977 Z29.4
G0 F9000 X117.514 Y119.909
G0 X117.5 Y120.214
;TIME_ELAPSED:1373.353747
;LAYER:146
;note -- min layer time used
;TYPE:WALL-INNER
;MESH:FT09-Input Shaft.stl
G1 F600 X117.599 Y120.218 E408.03595
G1 X118.076 Y120.159 E408.05194
G1 X118.528 Y120.018 E408.06769
G1 X118.957 Y119.798 E408.08372
G1 X119.325 Y119.515 E408.09916
G1 X119.647 Y119.167 E408.11493
G1 X119.907 Y118.763 E408.13091
G1 X120.09 Y118.328 E408.14661
G1 X120.194 Y117.864 E408.16242
G1 X120.214 Y117.393 E408.1781
G1 X120.155 Y116.919 E408.19399
G1 X120.014 Y116.463 E408.20987
G1 X119.794 Y116.035 E408.22587
G1 X119.511 Y115.667 E408.24131
G1 X119.163 Y115.345 E408.25708
G1 X118.76 Y115.086 E408.27301
G1 X118.324 Y114.906 E408.2887
G1 X117.858 Y114.798 E408.30461
G1 X117.389 Y114.778 E408.32023
G1 X116.915 Y114.837 E408.33611
G1 X116.461 Y114.978 E408.35192
G1 X116.031 Y115.201 E408.36804
G1 X115.662 Y115.482 E408.38346
G1 X115.342 Y115.828 E408.39914
G1 X115.082 Y116.235 E408.4152
G1 X114.902 Y116.669 E408.43083
G1 X114.794 Y117.134 E408.44671
G1 X114.774 Y117.603 E408.46232
G1 X114.833 Y118.08 E408.4783
G1 X114.973 Y118.53 E408.49398
G1 X115.197 Y118.961 E408.51013
G1 X115.478 Y119.33 E408.52556
G1 X115.824 Y119.65 E408.54124
G1 X116.233 Y119.911 E408.55737
G1 X116.665 Y120.094 E408.57298
G1 X117.128 Y120.198 E408.58876
G1 X117.5 Y120.214 E408.60115
G0 F9000 X117.5 Y120.614
;TYPE:WALL-OUTER
G1 F600 X117.615 Y120.619 E408.60497
G1 X118.161 Y120.551 E408.62327
G1 X118.68 Y120.39 E408.64135
G1 X119.172 Y120.138 E408.65973
G1 X119.596 Y119.811 E408.67754
G1 X119.965 Y119.413 E408.69559
G1 X120.262 Y118.95 E408.71389
G1 X120.472 Y118.45 E408.73193
G1 X120.592 Y117.917 E408.7501
G1 X120.615 Y117.377 E408.76807
G1 X120.547 Y116.835 E408.78624
G1 X120.386 Y116.312 E408.80444
G1 X120.134 Y115.82 E408.82283
G1 X119.807 Y115.396 E408.84064
G1 X119.409 Y115.027 E408.85869
G1 X118.946 Y114.73 E408.87699
G1 X118.446 Y114.524 E408.89497
G1 X117.912 Y114.4 E408.91321
G1 X117.373 Y114.377 E408.93115
G1 X116.831 Y114.445 E408.94932
G1 X116.309 Y114.606 E408.96749
G1 X115.816 Y114.862 E408.98596
G1 X115.392 Y115.185 E409.00369
G1 X115.024 Y115.583 E409.02172
G1 X114.726 Y116.049 E409.04012
G1 X114.52 Y116.546 E409.05801
G1 X114.396 Y117.08 E409.07624
G1 X114.373 Y117.619 E409.09419
G1 X114.441 Y118.165 E409.11249
G1 X114.602 Y118.683 E409.13053
G1 X114.858 Y119.176 E409.14901
G1 X115.181 Y119.6 E409.16673
G1 X115.579 Y119.968 E409.18476
G1 X116.046 Y120.266 E409.20319
G1 X116.542 Y120.476 E409.2211
G1 X117.075 Y120.596 E409.23927
G1 X117.5 Y120.614 E409.25342
G0 F9000 X117.534 Y119.91
G0 X119.195 Y119.206
G0 X119.36 Y119.36
;TYPE:FILL
G1 F600 X115.632 Y115.632 E409.42878
G0 F9000 X115.802 Y115.789
G0 X119.206 Y115.805
G0 X119.362 Y115.637
G1 F600 X115.635 Y119.365 E409.60411
G0 F9000 X115.993 Y118.977
;MESH:NONMESH
G0 F300 X115.993 Y118.977 Z29.6
G0 F9000 X117.514 Y119.909
G0 X117.5 Y120.214
;TIME_ELAPSED:1378.724654
;LAYER:147
;note -- min layer time used
;TYPE:WALL-INNER
;MESH:FT09-Input Shaft.stl
G1 F600 X117.599 Y120.218 E409.6074
G1 X118.076 Y120.159 E409.62339
G1 X118.528 Y120.018 E409.63914
G1 X118.957 Y119.798 E409.65517
G1 X119.325 Y119.515 E409.67061
G1 X119.647 Y119.167 E409.68638
G1 X119.907 Y118.763 E409.70236
G1 X120.09 Y118.328 E409.71806
G1 X120.194 Y117.864 E409.73387
G1 X120.214 Y117.393 E409.74955
G1 X120.155 Y116.919 E409.76544
G1 X120.014 Y116.463 E409.78131
G1 X119.794 Y116.035 E409.79732
G1 X119.511 Y115.667 E409.81276
G1 X119.163 Y115.345 E409.82853
G1 X118.76 Y115.086 E409.84446
G1 X118.324 Y114.906 E409.86015
G1 X117.858 Y114.798 E409.87606
G1 X117.389 Y114.778 E409.89167
G1 X116.915 Y114.837 E409.90756
G1 X116.461 Y114.978 E409.92337
G1 X116.031 Y115.201 E409.93948
G1 X115.662 Y115.482 E409.95491
G1 X115.342 Y115.828 E409.97059
G1 X115.082 Y116.235 E409.98665
G1 X114.902 Y116.669 E410.00228
G1 X114.794 Y117.134 E410.01815
G1 X114.774 Y117.603 E410.03377
G1 X114.833 Y118.08 E410.04975
G1 X114.973 Y118.53 E410.06543
G1 X115.197 Y118.961 E410.08158
G1 X115.478 Y119.33 E410.09701
G1 X115.824 Y119.65 E410.11268
G1 X116.233 Y119.911 E410.12882
G1 X116.665 Y120.094 E410.14443
G1 X117.128 Y120.198 E410.16021
G1 X117.5 Y120.214 E410.17259
G0 F9000 X117.5 Y120.614
;TYPE:WALL-OUTER
G1 F600 X117.615 Y120.619 E410.17642
G1 X118.161 Y120.551 E410.19472
G1 X118.68 Y120.39 E410.2128
G1 X119.172 Y120.138 E410.23118
G1 X119.596 Y119.811 E410.24899
G1 X119.965 Y119.413 E410.26704
G1 X120.262 Y118.95 E410.28534
G1 X120.472 Y118.45 E410.30338
G1 X120.592 Y117.917 E410.32155
G1 X120.615 Y117.377 E410.33952
G1 X120.547 Y116.835 E410.35769
G1 X120.386 Y116.312 E410.37589
G1 X120.134 Y115.82 E410.39428
G1 X119.807 Y115.396 E410.41209
G1 X119.409 Y115.027 E410.43014
G1 X118.946 Y114.73 E410.44843
G1 X118.446 Y114.524 E410.46642
G1 X117.912 Y114.4 E410.48465
G1 X117.373 Y114.377 E410.5026
G1 X116.831 Y114.445 E410.52077
G1 X116.309 Y114.606 E410.53893
G1 X115.816 Y114.862 E410.55741
G1 X115.392 Y115.185 E410.57514
G1 X115.024 Y115.583 E410.59317
G1 X114.726 Y116.049 E410.61156
G1 X114.52 Y116.546 E410.62946
G1 X114.396 Y117.08 E410.64769
G1 X114.373 Y117.619 E410.66564
G1 X114.441 Y118.165 E410.68394
G1 X114.602 Y118.683 E410.70198
G1 X114.858 Y119.176 E410.72045
G1 X115.181 Y119.6 E410.73818
G1 X115.579 Y119.968 E410.75621
G1 X116.046 Y120.266 E410.77464
G1 X116.542 Y120.476 E410.79255
G1 X117.075 Y120.596 E410.81072
G1 X117.5 Y120.614 E410.82487
G0 F9000 X117.534 Y119.91
G0 X119.195 Y119.206
G0 X119.36 Y119.36
;TYPE:FILL
G1 F600 X115.632 Y115.632 E411.00022
G0 F9000 X115.802 Y115.789
G0 X119.206 Y115.805
G0 X119.362 Y115.637
G1 F600 X115.635 Y119.365 E411.17555
G0 F9000 X115.993 Y118.977
;MESH:NONMESH
G0 F300 X115.993 Y118.977 Z29.8
G0 F9000 X117.514 Y119.909
G0 X117.5 Y120.214
;TIME_ELAPSED:1384.095561
;LAYER:148
;note -- min layer time used
;TYPE:WALL-INNER
;MESH:FT09-Input Shaft.stl
G1 F600 X117.599 Y120.218 E411.17885
G1 X118.076 Y120.159 E411.19484
G1 X118.528 Y120.018 E411.21058
G1 X118.957 Y119.798 E411.22662
G1 X119.325 Y119.515 E411.24206
G1 X119.647 Y119.167 E411.25783
G1 X119.907 Y118.763 E411.27381
G1 X120.09 Y118.328 E411.2895
G1 X120.194 Y117.864 E411.30532
G1 X120.214 Y117.393 E411.321
G1 X120.155 Y116.919 E411.33689
G1 X120.014 Y116.463 E411.35276
G1 X119.794 Y116.035 E411.36877
G1 X119.511 Y115.667 E411.38421
G1 X119.163 Y115.345 E411.39998
G1 X118.76 Y115.086 E411.41591
G1 X118.324 Y114.906 E411.4316
G1 X117.858 Y114.798 E411.44751
G1 X117.389 Y114.778 E411.46312
G1 X116.915 Y114.837 E411.47901
G1 X116.461 Y114.978 E411.49482
G1 X116.031 Y115.201 E411.51093
G1 X115.662 Y115.482 E411.52636
G1 X115.342 Y115.828 E411.54203
G1 X115.082 Y116.235 E411.5581
G1 X114.902 Y116.669 E411.57372
G1 X114.794 Y117.134 E411.5896
G1 X114.774 Y117.603 E411.60522
G1 X114.833 Y118.08 E411.6212
G1 X114.973 Y118.53 E411.63688
G1 X115.197 Y118.961 E411.65303
G1 X115.478 Y119.33 E411.66846
G1 X115.824 Y119.65 E411.68413
G1 X116.233 Y119.911 E411.70027
G1 X116.665 Y120.094 E411.71587
G1 X117.128 Y120.198 E411.73166
G1 X117.5 Y120.214 E411.74404
G0 F9000 X117.5 Y120.614
;TYPE:WALL-OUTER
G1 F600 X117.615 Y120.619 E411.74787
G1 X118.161 Y120.551 E411.76617
G1 X118.68 Y120.39 E411.78424
G1 X119.172 Y120.138 E411.80263
G1 X119.596 Y119.811 E411.82044
G1 X119.965 Y119.413 E411.83849
G1 X120.262 Y118.95 E411.85679
G1 X120.472 Y118.45 E411.87482
G1 X120.592 Y117.917 E411.89299
G1 X120.615 Y117.377 E411.91097
G1 X120.547 Y116.835 E411.92914
G1 X120.386 Y116.312 E411.94734
G1 X120.134 Y115.82 E411.96573
G1 X119.807 Y115.396 E411.98354
G1 X119.409 Y115.027 E412.00159
G1 X118.946 Y114.73 E412.01988
G1 X118.446 Y114.524 E412.03787
G1 X117.912 Y114.4 E412.0561
G1 X117.373 Y114.377 E412.07405
G1 X116.831 Y114.445 E412.09221
G1 X116.309 Y114.606 E412.11038
G1 X115.816 Y114.862 E412.12886
G1 X115.392 Y115.185 E412.14659
G1 X115.024 Y115.583 E412.16462
G1 X114.726 Y116.049 E412.18301
G1 X114.52 Y116.546 E412.20091
G1 X114.396 Y117.08 E412.21914
G1 X114.373 Y117.619 E412.23708
G1 X114.441 Y118.165 E412.25538
G1 X114.602 Y118.683 E412.27343
G1 X114.858 Y119.176 E412.2919
G1 X115.181 Y119.6 E412.30963
G1 X115.579 Y119.968 E412.32766
G1 X116.046 Y120.266 E412.34608
G1 X116.542 Y120.476 E412.364
G1 X117.075 Y120.596 E412.38217
G1 X117.5 Y120.614 E412.39632
G0 F9000 X117.534 Y119.91
G0 X119.195 Y119.206
G0 X119.36 Y119.36
;TYPE:FILL
G1 F600 X115.632 Y115.632 E412.57167
G0 F9000 X115.802 Y115.789
G0 X119.206 Y115.805
G0 X119.362 Y115.637
G1 F600 X115.635 Y119.365 E412.747
G0 F9000 X115.993 Y118.977
;MESH:NONMESH
G0 F300 X115.993 Y118.977 Z30
G0 F9000 X117.514 Y119.909
G0 X117.5 Y120.214
;TIME_ELAPSED:1389.466468
;LAYER:149
;note -- min layer time used
;TYPE:WALL-INNER
;MESH:FT09-Input Shaft.stl
G1 F600 X117.599 Y120.218 E412.7503
G1 X118.076 Y120.159 E412.76628
G1 X118.528 Y120.018 E412.78203
G1 X118.957 Y119.798 E412.79807
G1 X119.325 Y119.515 E412.81351
G1 X119.647 Y119.167 E412.82928
G1 X119.907 Y118.763 E412.84526
G1 X120.09 Y118.328 E412.86095
G1 X120.194 Y117.864 E412.87677
G1 X120.214 Y117.393 E412.89245
G1 X120.155 Y116.919 E412.90834
G1 X120.014 Y116.463 E412.92421
G1 X119.794 Y116.035 E412.94022
G1 X119.511 Y115.667 E412.95566
G1 X119.163 Y115.345 E412.97143
G1 X118.76 Y115.086 E412.98736
G1 X118.323 Y114.906 E413.00308
G1 X117.862 Y114.798 E413.01883
G1 X117.389 Y114.778 E413.03457
G1 X116.915 Y114.837 E413.05046
G1 X116.46 Y114.978 E413.0663
G1 X116.035 Y115.197 E413.08221
G1 X115.665 Y115.482 E413.09774
G1 X115.34 Y115.83 E413.11358
G1 X115.083 Y116.232 E413.12945
G1 X114.902 Y116.669 E413.14518
G1 X114.794 Y117.13 E413.16093
G1 X114.774 Y117.603 E413.17667
G1 X114.833 Y118.077 E413.19256
G1 X114.974 Y118.532 E413.2084
G1 X115.194 Y118.958 E413.22435
G1 X115.477 Y119.329 E413.23987
G1 X115.828 Y119.65 E413.25569
G1 X116.234 Y119.911 E413.27174
G1 X116.665 Y120.094 E413.28732
G1 X117.128 Y120.198 E413.3031
G1 X117.5 Y120.214 E413.31548
G0 F9000 X117.5 Y120.614
;TYPE:WALL-OUTER
G1 F600 X117.615 Y120.619 E413.31931
G1 X118.161 Y120.551 E413.33761
G1 X118.68 Y120.39 E413.35569
G1 X119.172 Y120.138 E413.37407
G1 X119.596 Y119.811 E413.39188
G1 X119.965 Y119.413 E413.40993
G1 X120.262 Y118.95 E413.42823
G1 X120.472 Y118.45 E413.44626
G1 X120.592 Y117.917 E413.46444
G1 X120.615 Y117.377 E413.48241
G1 X120.547 Y116.835 E413.50058
G1 X120.386 Y116.312 E413.51878
G1 X120.134 Y115.82 E413.53717
G1 X119.807 Y115.396 E413.55498
G1 X119.409 Y115.027 E413.57303
G1 X118.946 Y114.73 E413.59132
G1 X118.446 Y114.524 E413.60931
G1 X117.916 Y114.4 E413.62741
G1 X117.373 Y114.377 E413.64549
G1 X116.831 Y114.445 E413.66366
G1 X116.308 Y114.606 E413.68186
G1 X115.82 Y114.858 E413.70013
G1 X115.395 Y115.185 E413.71796
G1 X115.023 Y115.584 E413.73611
G1 X114.727 Y116.046 E413.75435
G1 X114.52 Y116.546 E413.77235
G1 X114.396 Y117.076 E413.79046
G1 X114.373 Y117.619 E413.80853
G1 X114.441 Y118.161 E413.8267
G1 X114.602 Y118.684 E413.8449
G1 X114.854 Y119.172 E413.86317
G1 X115.181 Y119.6 E413.88108
G1 X115.583 Y119.968 E413.89921
G1 X116.046 Y120.266 E413.91753
G1 X116.542 Y120.476 E413.93544
G1 X117.075 Y120.596 E413.95361
G1 X117.5 Y120.614 E413.96776
G0 F9000 X117.534 Y119.91
G0 X119.195 Y119.206
G0 X119.36 Y119.36
;TYPE:FILL
G1 F600 X115.633 Y115.633 E414.14307
G0 F9000 X115.802 Y115.791
G0 X119.206 Y115.806
G0 X119.362 Y115.637
G1 F600 X115.635 Y119.365 E414.3184
G0 F9000 X115.995 Y118.978
;MESH:NONMESH
G0 F300 X115.995 Y118.978 Z30.2
G0 F9000 X117.525 Y119.91
G0 X117.5 Y120.445
;TIME_ELAPSED:1394.852265
;LAYER:150
;note -- min layer time used
;TYPE:WALL-INNER
;MESH:FT09-Input Shaft.stl
G1 F601.5 X117.611 Y120.45 E414.32208
G1 F600 X118.131 Y120.383 E414.33952
G1 X118.619 Y120.23 E414.35653
G1 X119.069 Y119.998 E414.37337
G1 X119.482 Y119.682 E414.39067
G1 X119.831 Y119.307 E414.4077
G1 X120.11 Y118.869 E414.42498
G1 X120.306 Y118.399 E414.44191
G1 X120.423 Y117.894 E414.45916
G1 X120.446 Y117.382 E414.4762
G1 X120.379 Y116.873 E414.49328
G1 X120.226 Y116.375 E414.5106
G1 X119.99 Y115.913 E414.52786
G1 X119.682 Y115.51 E414.54473
G1 X119.304 Y115.161 E414.56184
G1 X118.868 Y114.882 E414.57906
G1 X118.394 Y114.688 E414.59609
G1 X117.89 Y114.57 E414.61331
G1 X117.378 Y114.546 E414.63036
G1 X116.861 Y114.613 E414.6477
G1 X116.37 Y114.765 E414.66479
G1 X115.919 Y115.001 E414.68172
G1 X115.507 Y115.313 E414.69891
G1 X115.16 Y115.695 E414.71607
G1 X114.878 Y116.129 E414.73329
G1 X114.682 Y116.601 E414.75029
G1 X114.566 Y117.102 E414.76739
G1 X114.542 Y117.614 E414.78444
G1 X114.609 Y118.132 E414.80181
G1 X114.758 Y118.616 E414.81866
G1 X115.001 Y119.084 E414.83619
G1 X115.309 Y119.486 E414.85304
G1 X115.686 Y119.836 E414.87015
G1 X116.123 Y120.117 E414.88743
G1 X116.591 Y120.31 E414.90427
G1 X117.098 Y120.427 E414.92157
G1 F601.5 X117.5 Y120.445 E414.93492
G0 F9000 X117.5 Y120.845
;TYPE:WALL-OUTER
G1 F601.5 X117.627 Y120.851 E414.93914
G1 F600 X118.217 Y120.775 E414.95893
G1 X118.771 Y120.602 E414.97823
G1 X119.284 Y120.338 E414.99742
G1 X119.752 Y119.979 E415.01704
G1 X120.149 Y119.553 E415.0364
G1 X120.466 Y119.055 E415.05604
G1 X120.688 Y118.522 E415.07524
G1 X120.821 Y117.948 E415.09484
G1 X120.847 Y117.365 E415.11425
G1 X120.771 Y116.787 E415.13364
G1 X120.598 Y116.224 E415.15323
G1 X120.33 Y115.699 E415.17283
G1 X119.979 Y115.24 E415.19205
G1 X119.549 Y114.843 E415.21152
G1 X119.054 Y114.526 E415.23107
G1 X118.518 Y114.304 E415.25036
G1 X117.944 Y114.172 E415.26995
G1 X117.361 Y114.145 E415.28937
G1 X116.775 Y114.221 E415.30902
G1 X116.217 Y114.394 E415.32845
G1 X115.704 Y114.662 E415.3477
G1 X115.236 Y115.017 E415.36724
G1 X114.843 Y115.448 E415.38664
G1 X114.522 Y115.942 E415.40623
G1 X114.3 Y116.478 E415.42553
G1 X114.168 Y117.048 E415.44499
G1 X114.141 Y117.631 E415.4644
G1 X114.217 Y118.217 E415.48405
G1 X114.386 Y118.768 E415.50322
G1 X114.662 Y119.3 E415.52316
G1 X115.013 Y119.756 E415.5423
G1 X115.44 Y120.153 E415.56169
G1 X115.937 Y120.473 E415.58135
G1 X116.469 Y120.692 E415.60048
G1 X117.044 Y120.825 E415.62011
G1 F601.5 X117.5 Y120.845 E415.63526
G0 F9000 X117.535 Y120.141
G0 X116.444 Y119.915
G0 X116.355 Y120.127
;TYPE:FILL
G1 F600 X114.852 Y118.624 E415.70595
G0 F9000 X115.057 Y118.519
G0 X115.626 Y119.362
G0 X115.472 Y119.528
G1 F600 X119.526 Y115.474 E415.89664
G0 F9000 X119.37 Y115.642
G0 X118.566 Y115.092
G0 X118.654 Y114.882
G1 F600 X120.126 Y116.354 E415.96588
G0 F9000 X119.922 Y116.458
G0 X119.901 Y118.575
G0 X120.109 Y118.662
G1 F600 X118.645 Y120.127 E416.03476
G0 F9000 X118.541 Y119.926
G0 X119.356 Y119.369
G0 X119.522 Y119.522
G1 F600 X115.471 Y115.471 E416.22531
G0 F9000 X115.64 Y115.627
G0 X115.079 Y116.449
G0 X114.868 Y116.36
G1 F600 X116.375 Y114.853 E416.2962
G0 F9000 X116.618 Y115.328
;MESH:NONMESH
G0 F300 X116.618 Y115.328 Z30.4
G0 F9000 X117.527 Y120.14
G0 X117.5 Y120.688
;TIME_ELAPSED:1401.970970
;LAYER:151
;note -- min layer time used
;TYPE:WALL-INNER
;MESH:FT09-Input Shaft.stl
G1 F600 X117.624 Y120.694 E416.30032
G1 X118.179 Y120.623 E416.31893
G1 X118.706 Y120.459 E416.33729
G1 X119.204 Y120.199 E416.35598
G1 X119.646 Y119.862 E416.37446
G1 X120.023 Y119.455 E416.39292
G1 X120.325 Y118.98 E416.41164
G1 X120.538 Y118.472 E416.42996
G1 X120.662 Y117.927 E416.44855
G1 X120.685 Y117.373 E416.46699
G1 X120.619 Y116.82 E416.48551
G1 X120.451 Y116.285 E416.50416
G1 X120.194 Y115.785 E416.52286
G1 X119.862 Y115.346 E416.54117
G1 X119.453 Y114.97 E416.55965
G1 X118.98 Y114.67 E416.57828
G1 X118.467 Y114.454 E416.59679
G1 X117.923 Y114.33 E416.61535
G1 X117.37 Y114.306 E416.63376
G1 X116.808 Y114.377 E416.6526
G1 X116.281 Y114.542 E416.67097
G1 X115.783 Y114.797 E416.68957
G1 X115.346 Y115.133 E416.70791
G1 X114.968 Y115.542 E416.72643
G1 X114.662 Y116.017 E416.74523
G1 X114.45 Y116.524 E416.7635
G1 X114.326 Y117.069 E416.78209
G1 X114.302 Y117.622 E416.8005
G1 X114.373 Y118.183 E416.81931
G1 X114.538 Y118.709 E416.83765
G1 X114.794 Y119.214 E416.85648
G1 X115.129 Y119.65 E416.87477
G1 X115.537 Y120.027 E416.89324
G1 X116.008 Y120.33 E416.91187
G1 X116.519 Y120.542 E416.93027
G1 X117.066 Y120.667 E416.94893
G1 X117.5 Y120.688 E416.96338
G0 F9000 X117.5 Y121.088
;TYPE:WALL-OUTER
G1 F600 X117.64 Y121.095 E416.96805
G1 X118.265 Y121.015 E416.989
G1 X118.859 Y120.83 E417.0097
G1 X119.42 Y120.538 E417.03073
G1 X119.916 Y120.159 E417.05149
G1 X120.341 Y119.701 E417.07227
G1 X120.681 Y119.166 E417.09336
G1 X120.92 Y118.594 E417.11398
G1 X121.06 Y117.981 E417.13489
G1 X121.087 Y117.357 E417.15566
G1 X121.011 Y116.735 E417.1765
G1 X120.822 Y116.133 E417.19749
G1 X120.534 Y115.571 E417.21849
G1 X120.159 Y115.076 E417.23915
G1 X119.697 Y114.652 E417.26001
G1 X119.166 Y114.314 E417.28094
G1 X118.59 Y114.072 E417.30172
G1 X117.977 Y113.932 E417.32263
G1 X117.353 Y113.905 E417.34341
G1 X116.723 Y113.985 E417.36453
G1 X116.129 Y114.17 E417.38522
G1 X115.568 Y114.458 E417.4062
G1 X115.076 Y114.837 E417.42685
G1 X114.651 Y115.296 E417.44766
G1 X114.306 Y115.83 E417.4688
G1 X114.068 Y116.402 E417.48941
G1 X113.928 Y117.015 E417.51032
G1 X113.901 Y117.639 E417.5311
G1 X113.981 Y118.269 E417.55222
G1 X114.166 Y118.86 E417.57282
G1 X114.454 Y119.428 E417.594
G1 X114.833 Y119.92 E417.61465
G1 X115.291 Y120.345 E417.63544
G1 X115.822 Y120.686 E417.65643
G1 X116.397 Y120.924 E417.67712
G1 X117.012 Y121.065 E417.69811
G1 X117.5 Y121.088 E417.71436
G0 F9000 X118.256 Y120.516
;TYPE:FILL
G1 F600 X120.502 Y118.27 E417.82
G0 F9000 X120.281 Y118.219
G0 X120.291 Y116.804
G0 X120.509 Y116.737
G1 F600 X118.261 Y114.489 E417.92574
G0 F9000 X118.209 Y114.713
G0 X116.816 Y114.699
G0 X116.749 Y114.479
G1 F600 X114.481 Y116.747 E418.03242
G0 F9000 X114.706 Y116.798
G0 X114.695 Y118.181
G0 X114.476 Y118.248
G1 F600 X116.738 Y120.51 E418.13882
G0 F9000 X116.789 Y120.288
G0 X115.456 Y119.532
G0 X115.3 Y119.7
G1 F600 X119.698 Y115.302 E418.34569
G0 F9000 X119.54 Y115.472
G0 X119.527 Y119.539
G0 X119.693 Y119.693
G1 F600 X115.3 Y115.3 E418.55232
G0 F9000 X115.689 Y115.66
;MESH:NONMESH
G0 F300 X115.689 Y115.66 Z30.6
G0 F9000 X117.52 Y120.381
G0 X117.5 Y120.796
;TIME_ELAPSED:1409.945441
;LAYER:152
;note -- min layer time used
;TYPE:WALL-INNER
;MESH:FT09-Input Shaft.stl
G1 F600 X117.627 Y120.802 E418.55655
G1 X118.202 Y120.727 E418.57584
G1 X118.744 Y120.558 E418.59472
G1 X119.27 Y120.29 E418.61435
G1 X119.717 Y119.947 E418.63309
G1 X120.107 Y119.524 E418.65223
G1 X120.423 Y119.031 E418.67171
G1 X120.646 Y118.504 E418.69074
G1 X120.77 Y117.944 E418.70982
G1 X120.797 Y117.369 E418.72896
G1 X120.723 Y116.789 E418.74841
G1 X120.554 Y116.249 E418.76723
G1 X120.286 Y115.726 E418.78677
G1 X119.942 Y115.274 E418.80567
G1 X119.52 Y114.885 E418.82476
G1 X119.028 Y114.57 E418.84419
G1 X118.5 Y114.35 E418.86321
G1 X117.938 Y114.221 E418.88239
G1 X117.365 Y114.194 E418.90147
G1 X116.785 Y114.269 E418.92092
G1 X116.245 Y114.438 E418.93974
G1 X115.722 Y114.706 E418.95929
G1 X115.27 Y115.05 E418.97818
G1 X114.881 Y115.472 E418.99727
G1 X114.566 Y115.964 E419.0167
G1 X114.346 Y116.492 E419.03572
G1 X114.217 Y117.054 E419.0549
G1 X114.19 Y117.631 E419.07411
G1 X114.265 Y118.206 E419.0934
G1 X114.434 Y118.748 E419.11228
G1 X114.702 Y119.274 E419.13192
G1 X115.045 Y119.721 E419.15066
G1 X115.468 Y120.111 E419.16979
G1 X115.961 Y120.427 E419.18927
G1 X116.488 Y120.65 E419.2083
G1 X117.048 Y120.774 E419.22738
G1 X117.5 Y120.796 E419.24243
G0 F9000 X117.5 Y121.196
;TYPE:WALL-OUTER
G1 F600 X117.643 Y121.203 E419.24719
G1 X118.288 Y121.119 E419.26883
G1 X118.896 Y120.93 E419.29
G1 X119.484 Y120.63 E419.31196
G1 X119.988 Y120.243 E419.33309
G1 X120.425 Y119.769 E419.35454
G1 X120.778 Y119.218 E419.3763
G1 X121.028 Y118.626 E419.39768
G1 X121.168 Y117.997 E419.41911
G1 X121.199 Y117.353 E419.44055
G1 X121.115 Y116.703 E419.46235
G1 X120.926 Y116.097 E419.48346
G1 X120.626 Y115.512 E419.50533
G1 X120.239 Y115.004 E419.52657
G1 X119.765 Y114.567 E419.54801
G1 X119.214 Y114.214 E419.56978
G1 X118.622 Y113.968 E419.5911
G1 X117.992 Y113.823 E419.6126
G1 X117.349 Y113.793 E419.63401
G1 X116.699 Y113.877 E419.65581
G1 X116.093 Y114.066 E419.67692
G1 X115.508 Y114.366 E419.69879
G1 X115 Y114.753 E419.72003
G1 X114.563 Y115.227 E419.74147
G1 X114.21 Y115.778 E419.76324
G1 X113.964 Y116.37 E419.78456
G1 X113.819 Y117 E419.80606
G1 X113.789 Y117.647 E419.82761
G1 X113.873 Y118.292 E419.84924
G1 X114.062 Y118.9 E419.87042
G1 X114.362 Y119.488 E419.89237
G1 X114.749 Y119.992 E419.91351
G1 X115.223 Y120.429 E419.93495
G1 X115.774 Y120.782 E419.95671
G1 X116.366 Y121.032 E419.97809
G1 X116.995 Y121.172 E419.99952
G1 X117.5 Y121.196 E420.01634
G0 F9000 X118.114 Y120.658
;TYPE:FILL
G1 F600 X118.771 Y120 E420.04726
G0 F9000 X119.605 Y119.618
G0 X119.771 Y119.771
G1 F600 X115.67 Y115.672 E420.24011
G1 X114.686 Y118.456 E420.33832
G1 X114.331 Y118.103 E420.35497
G0 F9000 X114.686 Y118.456
G1 F600 X116.229 Y120 E420.42758
G1 X118.771 Y120 E420.51212
G1 X120.647 Y118.124 E420.60036
G0 F9000 X120.427 Y118.075
G0 X120.449 Y117.06
G0 X120.555 Y117.048
G1 F600 X118.143 Y118.143 E420.68847
G0 F9000 X118.182 Y116.817
G1 F600 X116.891 Y114.457 E420.77794
G1 X116.893 Y114.335
G1 X114.338 Y116.89 E420.89812
G0 F9000 X114.562 Y116.94
G0 X115.67 Y115.672
G1 F600 X115.221 Y115.221 E420.91929
G0 F9000 X115.391 Y115.378
G0 X117.33 Y114.513
G0 X117.317 Y114.403
G1 F600 X118.477 Y116.523 E420.99966
G0 F9000 X118.772 Y116.228
G1 F600 X117.779 Y114.414 E421.06844
G0 F9000 X118.116 Y114.344
G1 F600 X120.655 Y116.883 E421.18787
G0 F9000 X120.43 Y116.911
G0 X119.618 Y115.395
G0 X119.773 Y115.227
G1 F600 X115.222 Y119.778 E421.40194
G0 F9000 X115.378 Y119.609
G0 X116.229 Y120
G1 F600 X116.883 Y120.655 E421.43272
G0 F9000 X116.999 Y120.141
;MESH:NONMESH
G0 F300 X116.999 Y120.141 Z30.8
G0 F9000 X117.5 Y120.796
;TIME_ELAPSED:1419.919226
;LAYER:153
;note -- min layer time used
;TYPE:WALL-INNER
;MESH:FT09-Input Shaft.stl
G1 F600 X117.627 Y120.802 E421.43695
G1 X118.202 Y120.727 E421.45624
G1 X118.744 Y120.558 E421.47512
G1 X119.27 Y120.29 E421.49475
G1 X119.717 Y119.947 E421.51349
G1 X120.107 Y119.524 E421.53263
G1 X120.423 Y119.031 E421.55211
G1 X120.646 Y118.504 E421.57114
G1 X120.77 Y117.944 E421.59022
G1 X120.797 Y117.369 E421.60936
G1 X120.723 Y116.789 E421.62881
G1 X120.554 Y116.249 E421.64763
G1 X120.286 Y115.726 E421.66718
G1 X119.942 Y115.274 E421.68607
G1 X119.52 Y114.885 E421.70516
G1 X119.028 Y114.57 E421.72459
G1 X118.5 Y114.35 E421.74361
G1 X117.938 Y114.221 E421.76279
G1 X117.365 Y114.194 E421.78187
G1 X116.785 Y114.269 E421.80132
G1 X116.245 Y114.438 E421.82014
G1 X115.722 Y114.706 E421.83969
G1 X115.27 Y115.05 E421.85858
G1 X114.881 Y115.472 E421.87767
G1 X114.566 Y115.964 E421.8971
G1 X114.346 Y116.492 E421.91612
G1 X114.217 Y117.054 E421.9353
G1 X114.19 Y117.631 E421.95451
G1 X114.265 Y118.206 E421.9738
G1 X114.434 Y118.748 E421.99268
G1 X114.702 Y119.274 E422.01232
G1 X115.045 Y119.721 E422.03106
G1 X115.468 Y120.111 E422.05019
G1 X115.961 Y120.427 E422.06967
G1 X116.488 Y120.65 E422.0887
G1 X117.048 Y120.774 E422.10778
G1 X117.5 Y120.796 E422.12283
G0 F9000 X117.5 Y121.196
;TYPE:WALL-OUTER
G1 F600 X117.643 Y121.203 E422.12759
G1 X118.288 Y121.119 E422.14923
G1 X118.896 Y120.93 E422.1704
G1 X119.484 Y120.63 E422.19236
G1 X119.988 Y120.243 E422.21349
G1 X120.425 Y119.769 E422.23494
G1 X120.778 Y119.218 E422.2567
G1 X121.028 Y118.626 E422.27808
G1 X121.168 Y117.997 E422.29951
G1 X121.199 Y117.353 E422.32095
G1 X121.115 Y116.703 E422.34275
G1 X120.926 Y116.097 E422.36386
G1 X120.626 Y115.512 E422.38573
G1 X120.239 Y115.004 E422.40697
G1 X119.765 Y114.567 E422.42841
G1 X119.214 Y114.214 E422.45018
G1 X118.622 Y113.968 E422.4715
G1 X117.992 Y113.823 E422.493
G1 X117.349 Y113.793 E422.51441
G1 X116.699 Y113.877 E422.53621
G1 X116.093 Y114.066 E422.55732
G1 X115.508 Y114.366 E422.57919
G1 X115 Y114.753 E422.60043
G1 X114.563 Y115.227 E422.62187
G1 X114.21 Y115.778 E422.64364
G1 X113.964 Y116.37 E422.66496
G1 X113.819 Y117 E422.68646
G1 X113.789 Y117.647 E422.70801
G1 X113.873 Y118.292 E422.72964
G1 X114.062 Y118.9 E422.75082
G1 X114.362 Y119.488 E422.77277
G1 X114.749 Y119.992 E422.79391
G1 X115.223 Y120.429 E422.81535
G1 X115.774 Y120.782 E422.83711
G1 X116.366 Y121.032 E422.85849
G1 X116.995 Y121.172 E422.87992
G1 X117.5 Y121.196 E422.89674
G1 F2700 E417.89674
G0 F9000 X117.514 Y120.89
G0 X116.055 Y120.249
G0 X116.456 Y119.483
G0 X115.972 Y119.019
G0 X115.821 Y119.179
;TYPE:FILL
G1 F2700 E422.89674
G1 F600 X119.176 Y115.824 E423.05454
G0 F9000 X119.027 Y115.985
G0 X116.561 Y116.676
G0 X116.475 Y116.475
G1 F600 X119.176 Y119.176 E423.18159
G0 F9000 X119.015 Y119.027
G0 X117.536 Y119.654
G0 X117.5 Y120.403
;TYPE:SKIN
G1 F520.6 X117.099 Y120.382 E423.19698
G1 F519.5 X116.607 Y120.274 E423.21633
G1 F517.2 X116.145 Y120.079 E423.23568
G1 F519.5 X115.706 Y119.796 E423.25575
G1 F518.4 X115.332 Y119.455 E423.27523
G1 F517.2 X115.037 Y119.064 E423.29413
G1 X114.796 Y118.595 E423.31447
G1 X114.648 Y118.126 E423.33345
G1 F519.5 X114.583 Y117.611 E423.35339
G1 F518.4 X114.607 Y117.108 E423.37278
G1 X114.721 Y116.606 E423.39259
G1 F512.8 X114.916 Y116.147 E423.412
G1 F547.9 X115.167 Y115.691 E423.43096
G1 F600 X115.512 Y115.313 E423.44798
G1 X115.911 Y115.011 E423.46462
G1 X116.388 Y114.77 E423.4824
G1 X116.851 Y114.625 E423.49853
G1 X117.381 Y114.557 E423.51631
G1 X117.888 Y114.58 E423.53319
G1 F554.3 X118.381 Y114.727 E423.55171
G1 F517.2 X118.844 Y114.915 E423.57099
G1 X119.281 Y115.196 E423.59103
G1 X119.652 Y115.537 E423.61048
G1 X119.951 Y115.932 E423.62959
G1 F518.4 X120.193 Y116.404 E423.65001
G1 X120.337 Y116.862 E423.66849
G1 F519.5 X120.405 Y117.385 E423.68875
G1 F520.6 X120.378 Y117.893 E423.70825
G1 F519.5 X120.27 Y118.385 E423.7276
G1 X120.076 Y118.844 E423.74675
G1 F521.7 X119.792 Y119.287 E423.76687
G1 F519.5 X119.451 Y119.656 E423.78618
G1 F517.2 X119.06 Y119.955 E423.80517
G1 F518.4 X118.592 Y120.194 E423.8254
G1 F519.5 X118.122 Y120.341 E423.84432
G1 X117.607 Y120.408 E423.86427
G1 X117.5 Y120.403 E423.86838
G0 F9000 X117.5 Y119.942
G1 F521.7 X117.591 Y119.947 E423.87187
G1 F519.5 X118.02 Y119.89 E423.88849
G1 X118.419 Y119.766 E423.90454
G1 F518.4 X118.808 Y119.565 E423.9214
G1 F517.2 X119.146 Y119.309 E423.93776
G1 F519.5 X119.429 Y119.003 E423.95377
G1 F521.7 X119.653 Y118.657 E423.96954
G1 F520.6 X119.829 Y118.243 E423.98678
G1 F519.5 X119.921 Y117.834 E424.00288
G1 F520.6 X119.942 Y117.403 E424.01943
G1 F519.5 X119.885 Y116.968 E424.03628
G1 F518.4 X119.764 Y116.576 E424.05207
G1 X119.559 Y116.179 E424.06927
G1 F517.2 X119.308 Y115.848 E424.0853
G1 X118.998 Y115.564 E424.10152
G1 X118.631 Y115.326 E424.1184
G1 X118.282 Y115.181 E424.13298
G1 F554.3 X118.113 Y115.268 E424.13982
G1 F600 X118.056 Y115.368 E424.14365
G1 X118.066 Y115.742 E424.1561
G1 X115.884 Y116.684 E424.23514
G1 X115.605 Y116.387 E424.2487
G1 X115.495 Y116.356 E424.2525
G1 F547.9 X115.311 Y116.406 E424.25944
G1 F512.8 X115.158 Y116.752 E424.27416
G1 F518.4 X115.069 Y117.165 E424.29043
G1 X115.047 Y117.615 E424.30777
G1 F519.5 X115.101 Y118.027 E424.32374
G1 F517.2 X115.225 Y118.417 E424.33953
G1 X115.427 Y118.812 E424.35664
G1 X115.671 Y119.136 E424.37229
G1 F518.4 X115.991 Y119.432 E424.38907
G1 F519.5 X116.36 Y119.669 E424.40592
G1 F517.2 X116.748 Y119.833 E424.42217
G1 F519.5 X117.16 Y119.925 E424.43839
G1 F521.7 X117.5 Y119.942 E424.45141
G0 F9000 X117.514 Y119.653
G0 X117.32 Y116.348
G0 X117.138 Y115.924
G1 F600 X118.17 Y114.893 E424.49993
G0 F9000 X117.724 Y114.773
G1 F600 X116.142 Y116.354 E424.57432
G0 F9000 X115.712 Y116.219
G1 F600 X117.143 Y114.788 E424.64163
G0 F9000 X116.355 Y115.01
G1 F600 X115.133 Y116.233 E424.69913
G0 F9000 X115.721 Y116.944
G1 F2700 E419.69913
;MESH:NONMESH
G0 F300 X115.721 Y116.944 Z31
G0 F9000 X117.549 Y119.735
G0 X117.506 Y120.614
G0 X117.5 Y120.737
;TIME_ELAPSED:1431.670369
;LAYER:154
;note -- min layer time used
;TYPE:WALL-INNER
;MESH:FT09-Input Shaft.stl
G1 F2700 E424.69913
G1 F601.5 X117.623 Y120.742 E424.70321
G1 F600 X118.196 Y120.671 E424.72242
G1 X118.719 Y120.506 E424.74066
G1 X119.234 Y120.242 E424.75991
G1 X119.678 Y119.902 E424.77851
G1 X120.063 Y119.487 E424.79733
G1 X120.371 Y119.007 E424.8163
G1 X120.59 Y118.487 E424.83507
G1 X120.714 Y117.936 E424.85386
G1 X120.738 Y117.373 E424.8726
G1 X120.667 Y116.796 E424.89193
G1 X120.502 Y116.273 E424.91017
G1 X120.238 Y115.758 E424.92942
G1 X119.899 Y115.315 E424.94798
G1 X119.484 Y114.933 E424.96674
G1 X118.999 Y114.622 E424.9859
G1 X118.483 Y114.406 E425.0045
G1 X117.93 Y114.278 E425.02338
G1 X117.369 Y114.254 E425.04206
G1 X116.792 Y114.325 E425.06139
G1 X116.269 Y114.49 E425.07963
G1 X115.754 Y114.754 E425.09888
G1 X115.314 Y115.089 E425.11728
G1 X114.925 Y115.512 E425.13639
G1 X114.619 Y115.993 E425.15535
G1 X114.404 Y116.512 E425.17404
G1 X114.277 Y117.062 E425.19281
G1 X114.25 Y117.627 E425.21162
G1 X114.325 Y118.198 E425.23078
G1 X114.49 Y118.725 E425.24915
G1 X114.751 Y119.239 E425.26832
G1 X115.09 Y119.682 E425.28687
G1 X115.504 Y120.066 E425.30565
G1 X115.988 Y120.374 E425.32473
G1 X116.509 Y120.594 E425.34354
G1 X117.056 Y120.718 E425.3622
G1 F601.5 X117.5 Y120.737 E425.37694
G0 F9000 X117.5 Y121.137
;TYPE:WALL-OUTER
G1 F600 X117.639 Y121.143 E425.38157
G1 X118.281 Y121.063 E425.40309
G1 X118.871 Y120.878 E425.42365
G1 X119.448 Y120.582 E425.44522
G1 X119.948 Y120.199 E425.46617
G1 X120.381 Y119.733 E425.48733
G1 X120.726 Y119.194 E425.50861
G1 X120.972 Y118.61 E425.52969
G1 X121.112 Y117.989 E425.55086
G1 X121.139 Y117.357 E425.5719
G1 X121.059 Y116.711 E425.59355
G1 X120.874 Y116.121 E425.61412
G1 X120.578 Y115.544 E425.63569
G1 X120.195 Y115.044 E425.65664
G1 X119.729 Y114.615 E425.6777
G1 X119.186 Y114.266 E425.69917
G1 X118.606 Y114.024 E425.72008
G1 X117.984 Y113.88 E425.74131
G1 X117.353 Y113.853 E425.76232
G1 X116.707 Y113.933 E425.78397
G1 X116.117 Y114.118 E425.80453
G1 X115.54 Y114.414 E425.8261
G1 X115.044 Y114.793 E425.84686
G1 X114.607 Y115.267 E425.86831
G1 X114.263 Y115.806 E425.88957
G1 X114.02 Y116.39 E425.91061
G1 X113.879 Y117.008 E425.93169
G1 X113.849 Y117.643 E425.95284
G1 X113.933 Y118.284 E425.97434
G1 X114.118 Y118.876 E425.99497
G1 X114.411 Y119.453 E426.01649
G1 X114.793 Y119.952 E426.03739
G1 X115.259 Y120.384 E426.05853
G1 X115.802 Y120.73 E426.07994
G1 X116.386 Y120.976 E426.10102
G1 X117.003 Y121.116 E426.12206
G1 X117.5 Y121.137 E426.13861
G0 F9000 X118.179 Y120.593
;TYPE:FILL
G1 F600 X120.572 Y118.199 E426.25119
G0 F9000 X120.351 Y118.148
G0 X120.368 Y116.876
G0 X120.589 Y116.818
G1 F600 X118.194 Y114.422 E426.36387
G0 F9000 X118.241 Y114.628
G0 X119.576 Y115.437
G0 X119.731 Y115.269
G1 F600 X115.265 Y119.735 E426.57394
G0 F9000 X115.42 Y119.567
G0 X116.859 Y120.356
G0 X116.808 Y120.579
G1 F600 X114.402 Y118.174 E426.68708
G0 F9000 X114.625 Y118.123
G0 X114.64 Y116.862
G0 X114.418 Y116.811
G1 F600 X115.219 Y116.009 E426.72478
G0 F9000 X115.057 Y116.156
G0 X115.837 Y116.915
G0 X116.56 Y116.675
G0 X116.475 Y116.475
G1 F600 X119.73 Y119.73 E426.87789
G0 F9000 X119.563 Y119.574
G0 X115.99 Y116.922
G0 X115.888 Y116.683
;TYPE:SKIN
G1 F600 X115.115 Y115.836 E426.91603
G1 X115.56 Y115.353 E426.93787
G1 X115.944 Y115.062 E426.9539
G1 X116.409 Y114.822 E426.9713
G1 X116.863 Y114.677 E426.98715
G1 X117.384 Y114.613 E427.00461
G1 X117.876 Y114.635 E427.02099
G1 X118.021 Y114.669 E427.02595
G1 X118.063 Y115.742 E427.06166
G1 X115.888 Y116.683 E427.14048
G0 F9000 X116.291 Y116.291
G1 F600 X115.602 Y115.602 E427.17289
G0 F9000 X115.908 Y115.342
G1 F600 X116.686 Y116.12 E427.20949
G0 F9000 X117.081 Y115.949
G1 F600 X116.257 Y115.125 E427.24824
G0 F9000 X116.651 Y114.954
G1 F600 X117.475 Y115.778 E427.287
G0 F9000 X117.857 Y115.594
G1 F600 X117.111 Y114.848 E427.32209
G0 F9000 X117.653 Y114.825
G1 F600 X117.835 Y115.007 E427.33065
G0 F9000 X118.546 Y115.092
;MESH:NONMESH
G0 F300 X118.546 Y115.092 Z31.2
G0 F9000 X117.508 Y120.432
G0 X117.5 Y120.596
;TIME_ELAPSED:1441.480611
;LAYER:155
;note -- min layer time used
;TYPE:WALL-INNER
;MESH:FT09-Input Shaft.stl
G1 F600 X117.621 Y120.602 E427.33468
G1 X118.155 Y120.535 E427.35258
G1 X118.674 Y120.371 E427.37069
G1 X119.158 Y120.122 E427.38879
G1 X119.582 Y119.798 E427.40654
G1 X119.95 Y119.399 E427.42459
G1 X120.246 Y118.939 E427.44278
G1 X120.454 Y118.444 E427.46064
G1 X120.574 Y117.915 E427.47868
G1 X120.598 Y117.377 E427.4966
G1 X120.531 Y116.841 E427.51456
G1 X120.366 Y116.321 E427.53271
G1 X120.118 Y115.833 E427.55091
G1 X119.795 Y115.411 E427.56859
G1 X119.396 Y115.046 E427.58657
G1 X118.935 Y114.751 E427.60478
G1 X118.44 Y114.542 E427.62265
G1 X117.909 Y114.421 E427.64076
G1 X117.372 Y114.394 E427.65865
G1 X116.826 Y114.465 E427.67696
G1 X116.325 Y114.622 E427.69442
G1 X115.826 Y114.878 E427.71308
G1 X115.407 Y115.197 E427.73059
G1 X115.042 Y115.596 E427.74858
G1 X114.745 Y116.057 E427.76682
G1 X114.534 Y116.556 E427.78484
G1 X114.418 Y117.079 E427.80265
G1 X114.394 Y117.62 E427.82066
G1 X114.461 Y118.168 E427.83903
G1 X114.618 Y118.667 E427.85643
G1 X114.873 Y119.165 E427.87503
G1 X115.198 Y119.586 E427.89272
G1 X115.594 Y119.956 E427.91075
G1 X116.052 Y120.25 E427.92885
G1 X116.55 Y120.457 E427.94679
G1 X117.077 Y120.575 E427.96475
G1 X117.5 Y120.596 E427.97884
G0 F9000 X117.5 Y120.996
;TYPE:WALL-OUTER
G1 F600 X117.636 Y121.003 E427.98337
G1 X118.241 Y120.927 E428.00365
G1 X118.827 Y120.742 E428.02409
G1 X119.372 Y120.462 E428.04446
G1 X119.852 Y120.095 E428.06456
G1 X120.268 Y119.645 E428.08494
G1 X120.602 Y119.126 E428.10547
G1 X120.836 Y118.566 E428.12566
G1 X120.972 Y117.969 E428.14602
G1 X120.999 Y117.361 E428.16627
G1 X120.923 Y116.755 E428.18658
G1 X120.738 Y116.169 E428.20702
G1 X120.458 Y115.619 E428.22754
G1 X120.091 Y115.14 E428.24761
G1 X119.641 Y114.728 E428.26791
G1 X119.122 Y114.395 E428.28842
G1 X118.562 Y114.16 E428.30862
G1 X117.964 Y114.023 E428.32902
G1 X117.356 Y113.993 E428.34927
G1 X116.74 Y114.073 E428.36993
G1 X116.173 Y114.25 E428.38968
G1 X115.612 Y114.538 E428.41066
G1 X115.136 Y114.901 E428.43057
G1 X114.724 Y115.351 E428.45086
G1 X114.39 Y115.87 E428.47139
G1 X114.152 Y116.434 E428.49175
G1 X114.02 Y117.027 E428.51196
G1 X113.993 Y117.636 E428.53223
G1 X114.069 Y118.253 E428.55291
G1 X114.246 Y118.819 E428.57263
G1 X114.534 Y119.38 E428.59361
G1 X114.901 Y119.856 E428.6136
G1 X115.348 Y120.273 E428.63393
G1 X115.866 Y120.606 E428.65441
G1 X116.429 Y120.84 E428.67469
G1 X117.023 Y120.973 E428.69493
G1 X117.5 Y120.996 E428.71082
G0 F9000 X117.534 Y120.291
G0 X116.667 Y120.169
G0 X116.618 Y120.39
;TYPE:FILL
G1 F600 X114.613 Y118.385 E428.80513
G0 F9000 X114.834 Y118.318
G0 X115.521 Y119.467
G0 X115.366 Y119.634
G1 F600 X119.631 Y115.369 E429.00574
G0 F9000 X119.475 Y115.537
G0 X120.154 Y116.666
G0 X120.371 Y116.6
G1 F600 X118.382 Y114.611 E429.0993
G0 F9000 X118.332 Y114.833
G0 X118.264 Y115.868
G0 X116.561 Y116.676
G0 X116.475 Y116.475
G1 F600 X119.629 Y119.629 E429.24765
G0 F9000 X119.463 Y119.474
G0 X118.331 Y120.157
G0 X118.397 Y120.375
G1 F600 X120.385 Y118.387 E429.34116
G0 F9000 X120.164 Y118.338
G0 X115.837 Y116.916
G0 X115.057 Y116.155
G0 X115.22 Y116.008
G1 F600 X114.602 Y116.627 E429.37025
G0 F9000 X114.826 Y116.677
G0 X115.692 Y116.857
G0 X115.885 Y116.683
;TYPE:SKIN
G1 F600 X115.231 Y115.963 E429.4026
G1 X115.327 Y115.815 E429.40847
G1 X115.652 Y115.461 E429.42445
G1 X116.012 Y115.186 E429.43952
G1 X116.461 Y114.954 E429.45633
G1 X116.899 Y114.817 E429.4716
G1 X117.384 Y114.757 E429.48785
G1 X117.856 Y114.779 E429.50357
G1 X118.026 Y114.817 E429.50936
G1 X118.066 Y115.742 E429.54015
G1 X115.885 Y116.683 E429.61916
G0 F9000 X115.724 Y116.207
G1 F600 X116.907 Y115.024 E429.6748
G0 F9000 X117.532 Y114.964
G1 F600 X116.142 Y116.354 E429.74018
G0 F9000 X116.324 Y116.778
G0 X117.319 Y116.349
G0 X117.137 Y115.925
G1 F600 X117.843 Y115.22 E429.77337
G0 F9000 X118.576 Y115.258
;MESH:NONMESH
G0 F300 X118.576 Y115.258 Z31.4
G0 F9000 X117.508 Y120.29
G0 X117.5 Y120.456
;TIME_ELAPSED:1450.579100
;LAYER:156
;note -- min layer time used
;TYPE:WALL-INNER
;MESH:FT09-Input Shaft.stl
G1 F600 X117.612 Y120.462 E429.7771
G1 X118.124 Y120.395 E429.79427
G1 X118.618 Y120.242 E429.81147
G1 X119.083 Y120 E429.82891
G1 X119.486 Y119.689 E429.84584
G1 X119.841 Y119.309 E429.86314
G1 X120.122 Y118.875 E429.88033
G1 X120.317 Y118.402 E429.89735
G1 X120.431 Y117.898 E429.91454
G1 X120.457 Y117.38 E429.93179
G1 X120.391 Y116.868 E429.94896
G1 X120.239 Y116.374 E429.96615
G1 X119.996 Y115.912 E429.98351
G1 X119.685 Y115.505 E430.00055
G1 X119.311 Y115.157 E430.01754
G1 X118.867 Y114.873 E430.03507
G1 X118.395 Y114.674 E430.0521
G1 X117.895 Y114.562 E430.06915
G1 X117.376 Y114.538 E430.08643
G1 X116.863 Y114.601 E430.10362
G1 X116.369 Y114.754 E430.12082
G1 X115.903 Y114.997 E430.1383
G1 X115.503 Y115.301 E430.15501
G1 X115.15 Y115.687 E430.17241
G1 X114.869 Y116.125 E430.18971
G1 X114.67 Y116.596 E430.20672
G1 X114.558 Y117.1 E430.22389
G1 X114.534 Y117.616 E430.24107
G1 X114.597 Y118.128 E430.25823
G1 X114.753 Y118.622 E430.27546
G1 X114.993 Y119.089 E430.29292
G1 X115.302 Y119.49 E430.30976
G1 X115.681 Y119.843 E430.32699
G1 X116.12 Y120.121 E430.34427
G1 X116.592 Y120.321 E430.36132
G1 X117.098 Y120.435 E430.37857
G1 X117.5 Y120.456 E430.39196
G0 F9000 X117.5 Y120.856
;TYPE:WALL-OUTER
G1 F600 X117.628 Y120.863 E430.39622
G1 X118.209 Y120.787 E430.41571
G1 X118.771 Y120.614 E430.43527
G1 X119.299 Y120.338 E430.45509
G1 X119.756 Y119.987 E430.47425
G1 X120.157 Y119.556 E430.49383
G1 X120.478 Y119.062 E430.51343
G1 X120.7 Y118.523 E430.53282
G1 X120.829 Y117.952 E430.55229
G1 X120.859 Y117.364 E430.57187
G1 X120.783 Y116.783 E430.59136
G1 X120.61 Y116.221 E430.61092
G1 X120.334 Y115.696 E430.63064
G1 X119.983 Y115.235 E430.64991
G1 X119.557 Y114.839 E430.66926
G1 X119.054 Y114.518 E430.68911
G1 X118.518 Y114.292 E430.70845
G1 X117.949 Y114.164 E430.72785
G1 X117.36 Y114.137 E430.74746
G1 X116.779 Y114.209 E430.76693
G1 X116.217 Y114.382 E430.78649
G1 X115.688 Y114.658 E430.80634
G1 X115.232 Y115.005 E430.8254
G1 X114.832 Y115.443 E430.84512
G1 X114.514 Y115.938 E430.86469
G1 X114.288 Y116.474 E430.88404
G1 X114.16 Y117.047 E430.90357
G1 X114.133 Y117.632 E430.92305
G1 X114.205 Y118.213 E430.94252
G1 X114.382 Y118.775 E430.96211
G1 X114.654 Y119.304 E430.9819
G1 X115.005 Y119.76 E431.00104
G1 X115.435 Y120.161 E431.02059
G1 X115.934 Y120.477 E431.04024
G1 X116.47 Y120.704 E431.0596
G1 X117.044 Y120.833 E431.07917
G1 X117.5 Y120.856 E431.09435
G0 F9000 X117.535 Y120.15
G0 X118.518 Y119.949
G0 X118.62 Y120.152
;TYPE:FILL
G1 F600 X120.132 Y118.639 E431.1655
G0 F9000 X119.923 Y118.551
G0 X119.364 Y119.375
G0 X119.528 Y119.528
G1 F600 X116.475 Y116.475 E431.3091
G0 F9000 X116.561 Y116.676
G0 X115.837 Y116.915
G0 X115.145 Y116.196
G0 X115.219 Y116.009
G1 F600 X114.848 Y116.38 E431.32655
G0 F9000 X115.061 Y116.47
G0 X115.038 Y118.502
G0 X114.835 Y118.607
G1 F600 X116.366 Y120.138 E431.39856
G0 F9000 X116.454 Y119.929
G0 X115.621 Y119.367
G0 X115.466 Y119.534
G1 F600 X119.53 Y115.47 E431.58972
G0 F9000 X119.375 Y115.637
G0 X118.543 Y115.072
G0 X118.632 Y114.86
G1 F600 X120.151 Y116.379 E431.66117
G0 F9000 X119.948 Y116.483
G0 X115.837 Y116.915
G0 X115.885 Y116.683
;TYPE:SKIN
G1 F600 X115.331 Y116.071 E431.68863
G1 X115.436 Y115.907 E431.6951
G1 X115.745 Y115.569 E431.71034
G1 X116.097 Y115.298 E431.72511
G1 X116.501 Y115.086 E431.74029
G1 X116.937 Y114.953 E431.75545
G1 X117.388 Y114.901 E431.77055
G1 X117.849 Y114.919 E431.78589
G1 X118.034 Y114.961 E431.7922
G1 X118.066 Y115.743 E431.81823
G1 X115.885 Y116.683 E431.89722
G0 F9000 X116.29 Y116.29
G1 F600 X115.803 Y115.803 E431.92013
G0 F9000 X116.108 Y115.543
G1 F600 X116.685 Y116.12 E431.94727
G0 F9000 X117.081 Y115.949
G1 F600 X116.463 Y115.332 E431.97632
G0 F9000 X116.878 Y115.181
G1 F600 X117.477 Y115.78 E432.00449
G0 F9000 X117.861 Y115.599
G1 F600 X117.369 Y115.106 E432.02766
G0 F9000 X118.469 Y115.367
;MESH:NONMESH
G0 F300 X118.469 Y115.367 Z31.6
G0 F9000 X117.5 Y119.95
;TIME_ELAPSED:1459.051196
;LAYER:157
;note -- min layer time used
;TYPE:WALL-INNER
;MESH:FT09-Input Shaft.stl
G1 F600 X117.591 Y119.954 E432.03069
G1 X118.024 Y119.899 E432.0452
G1 X118.424 Y119.774 E432.05914
G1 X118.814 Y119.574 E432.07372
G1 X119.15 Y119.318 E432.08777
G1 X119.439 Y119.003 E432.10199
G1 X119.674 Y118.639 E432.1164
G1 X119.837 Y118.249 E432.13046
G1 X119.93 Y117.832 E432.14467
G1 X119.95 Y117.401 E432.15902
G1 X119.895 Y116.972 E432.1734
G1 X119.77 Y116.568 E432.18747
G1 X119.571 Y116.179 E432.202
G1 X119.315 Y115.846 E432.21597
G1 X119.003 Y115.557 E432.23012
G1 X118.636 Y115.322 E432.24461
G1 X118.243 Y115.158 E432.25878
G1 X118 Y115.101 E432.26708
G1 X118.008 Y115.329 E432.27466
G1 X117.961 Y115.565 E432.28267
G1 X117.726 Y115.846 E432.29485
G1 X116.191 Y116.506 E432.35043
G1 X115.955 Y116.505 E432.35827
G1 X115.806 Y116.46 E432.36345
G1 X115.453 Y116.146 E432.37917
G1 X115.318 Y116.356 E432.38747
G1 X115.153 Y116.749 E432.40165
G1 X115.057 Y117.166 E432.41588
G1 X115.038 Y117.594 E432.43013
G1 X115.093 Y118.02 E432.44441
G1 X115.219 Y118.429 E432.45865
G1 X115.417 Y118.817 E432.47314
G1 X115.673 Y119.15 E432.48711
G1 X115.99 Y119.444 E432.50149
G1 X116.352 Y119.678 E432.51582
G1 X116.746 Y119.841 E432.53
G1 X117.164 Y119.934 E432.54425
G1 X117.5 Y119.95 E432.55543
G0 F9000 X117.5 Y120.35
;TYPE:WALL-OUTER
G1 F600 X117.607 Y120.355 E432.559
G1 X118.109 Y120.291 E432.57583
G1 X118.576 Y120.146 E432.59209
G1 X119.028 Y119.914 E432.60899
G1 X119.42 Y119.615 E432.62539
G1 X119.757 Y119.249 E432.64194
G1 X120.03 Y118.826 E432.65868
G1 X120.22 Y118.371 E432.67508
G1 X120.328 Y117.885 E432.69164
G1 X120.351 Y117.385 E432.70829
G1 X120.287 Y116.887 E432.72499
G1 X120.142 Y116.416 E432.74138
G1 X119.91 Y115.964 E432.75828
G1 X119.611 Y115.576 E432.77457
G1 X119.249 Y115.239 E432.79102
G1 X118.822 Y114.966 E432.80788
G1 X118.366 Y114.776 E432.82431
G1 X117.88 Y114.664 E432.84089
G1 X117.581 Y114.65 E432.85085
G1 X117.61 Y115.388 E432.87541
G1 X117.507 Y115.503 E432.88055
G1 X116.117 Y116.102 E432.93089
G1 X116.019 Y116.11 E432.93416
G1 X115.904 Y116.048 E432.93851
G1 X115.432 Y115.53 E432.96182
G1 X115.231 Y115.751 E432.97175
G1 X114.962 Y116.17 E432.98831
G1 X114.771 Y116.626 E433.00476
G1 X114.659 Y117.112 E433.02134
G1 X114.637 Y117.611 E433.03796
G1 X114.701 Y118.105 E433.05452
G1 X114.847 Y118.58 E433.07105
G1 X115.078 Y119.032 E433.08794
G1 X115.377 Y119.42 E433.10423
G1 X115.744 Y119.761 E433.12089
G1 X116.166 Y120.034 E433.13761
G1 X116.625 Y120.224 E433.15413
G1 X117.111 Y120.332 E433.17069
G1 X117.5 Y120.35 E433.18364
G0 F9000 X117.534 Y119.645
G0 X119.007 Y119.02
G0 X119.174 Y119.174
;TYPE:FILL
G1 F600 X116.473 Y116.473 E433.31069
G0 F9000 X116.564 Y116.685
G0 X119.02 Y115.993
G0 X119.174 Y115.826
G1 F600 X115.821 Y119.179 E433.4684
G0 F9000 X116.182 Y118.792
;MESH:NONMESH
G0 F300 X116.182 Y118.792 Z31.8
G0 F9000 X117.515 Y119.644
G0 X117.5 Y119.95
;TIME_ELAPSED:1464.012585
;LAYER:158
;note -- min layer time used
;TYPE:WALL-INNER
;MESH:FT09-Input Shaft.stl
G1 F600 X117.591 Y119.954 E433.47143
G1 X118.024 Y119.899 E433.48595
G1 X118.424 Y119.774 E433.49989
G1 X118.814 Y119.574 E433.51446
G1 X119.15 Y119.318 E433.52851
G1 X119.439 Y119.003 E433.54273
G1 X119.674 Y118.639 E433.55714
G1 X119.837 Y118.249 E433.5712
G1 X119.93 Y117.832 E433.58541
G1 X119.95 Y117.401 E433.59976
G1 X119.895 Y116.972 E433.61415
G1 X119.77 Y116.568 E433.62821
G1 X119.571 Y116.179 E433.64275
G1 X119.315 Y115.846 E433.65672
G1 X118.999 Y115.553 E433.67105
G1 X118.636 Y115.322 E433.68536
G1 X118.243 Y115.158 E433.69952
G1 X118 Y115.101 E433.70783
G1 X118.008 Y115.329 E433.71541
G1 X117.96 Y115.565 E433.72342
G1 X117.726 Y115.846 E433.73559
G1 X116.186 Y116.506 E433.79131
G1 X115.953 Y116.504 E433.79906
G1 X115.806 Y116.46 E433.80417
G1 X115.453 Y116.146 E433.81988
G1 X115.318 Y116.356 E433.82818
G1 X115.154 Y116.75 E433.84238
G1 X115.057 Y117.163 E433.85649
G1 X115.038 Y117.591 E433.87074
G1 X115.093 Y118.024 E433.88525
G1 X115.218 Y118.426 E433.89926
G1 X115.422 Y118.818 E433.91395
G1 X115.675 Y119.155 E433.92797
G1 X115.989 Y119.443 E433.94214
G1 X116.352 Y119.678 E433.95652
G1 X116.746 Y119.841 E433.97071
G1 X117.164 Y119.934 E433.98495
G1 X117.5 Y119.95 E433.99614
G0 F9000 X117.5 Y120.35
;TYPE:WALL-OUTER
G1 F600 X117.607 Y120.355 E433.9997
G1 X118.109 Y120.291 E434.01653
G1 X118.576 Y120.146 E434.03279
G1 X119.028 Y119.914 E434.04969
G1 X119.42 Y119.615 E434.06609
G1 X119.757 Y119.249 E434.08264
G1 X120.03 Y118.826 E434.09938
G1 X120.22 Y118.371 E434.11578
G1 X120.328 Y117.885 E434.13234
G1 X120.351 Y117.385 E434.14899
G1 X120.287 Y116.887 E434.16569
G1 X120.142 Y116.416 E434.18208
G1 X119.91 Y115.964 E434.19898
G1 X119.611 Y115.576 E434.21527
G1 X119.245 Y115.235 E434.23191
G1 X118.822 Y114.966 E434.24858
G1 X118.366 Y114.776 E434.26501
G1 X117.884 Y114.664 E434.28147
G1 X117.581 Y114.65 E434.29156
G1 X117.61 Y115.386 E434.31606
G1 X117.507 Y115.503 E434.32124
G1 X116.118 Y116.102 E434.37155
G1 X116.019 Y116.11 E434.37486
G1 X115.904 Y116.048 E434.3792
G1 X115.432 Y115.53 E434.40251
G1 X115.231 Y115.751 E434.41245
G1 X114.962 Y116.17 E434.42901
G1 X114.772 Y116.626 E434.44544
G1 X114.659 Y117.108 E434.4619
G1 X114.637 Y117.607 E434.47852
G1 X114.701 Y118.109 E434.49535
G1 X114.846 Y118.579 E434.51171
G1 X115.082 Y119.032 E434.5287
G1 X115.377 Y119.425 E434.54504
G1 X115.743 Y119.761 E434.56157
G1 X116.166 Y120.034 E434.57831
G1 X116.625 Y120.224 E434.59483
G1 X117.111 Y120.332 E434.61139
G1 X117.5 Y120.35 E434.62434
G0 F9000 X117.534 Y119.645
G0 X119.007 Y119.02
G0 X119.174 Y119.174
;TYPE:FILL
G1 F600 X116.472 Y116.472 E434.75144
G0 F9000 X116.563 Y116.685
G0 X119.02 Y115.993
G0 X119.175 Y115.825
G1 F600 X115.821 Y119.179 E434.9092
G0 F9000 X116.18 Y118.791
;MESH:NONMESH
G0 F300 X116.18 Y118.791 Z32
G0 F9000 X117.515 Y119.644
G0 X117.5 Y119.95
;TIME_ELAPSED:1468.974320
;LAYER:159
;note -- min layer time used
;TYPE:WALL-INNER
;MESH:FT09-Input Shaft.stl
G1 F600 X117.591 Y119.954 E434.91223
G1 X118.024 Y119.899 E434.92675
G1 X118.424 Y119.774 E434.94068
G1 X118.814 Y119.574 E434.95526
G1 X119.15 Y119.318 E434.96931
G1 X119.439 Y119.003 E434.98353
G1 X119.674 Y118.639 E434.99794
G1 X119.837 Y118.249 E435.012
G1 X119.93 Y117.832 E435.02621
G1 X119.95 Y117.401 E435.04056
G1 X119.895 Y116.972 E435.05495
G1 X119.77 Y116.568 E435.06901
G1 X119.571 Y116.179 E435.08354
G1 X119.315 Y115.846 E435.09751
G1 X118.999 Y115.553 E435.11185
G1 X118.635 Y115.322 E435.12619
G1 X118.243 Y115.154 E435.14037
G1 X118.001 Y115.1 E435.14862
G1 X118.008 Y115.326 E435.15614
G1 X117.961 Y115.563 E435.16417
G1 X117.726 Y115.846 E435.17641
G1 X116.248 Y116.48 E435.2299
G1 X116.063 Y116.512 E435.23614
G1 X115.806 Y116.46 E435.24487
G1 X115.453 Y116.146 E435.26058
G1 X115.318 Y116.358 E435.26894
G1 X115.15 Y116.752 E435.28318
G1 X115.058 Y117.168 E435.29735
G1 X115.038 Y117.595 E435.31157
G1 X115.093 Y118.027 E435.32606
G1 X115.217 Y118.426 E435.33995
G1 X115.422 Y118.818 E435.35467
G1 X115.675 Y119.155 E435.36868
G1 X115.989 Y119.443 E435.38285
G1 X116.352 Y119.678 E435.39724
G1 X116.746 Y119.841 E435.41142
G1 X117.164 Y119.934 E435.42566
G1 X117.5 Y119.95 E435.43685
G0 F9000 X117.5 Y120.35
;TYPE:WALL-OUTER
G1 F600 X117.607 Y120.355 E435.44041
G1 X118.109 Y120.291 E435.45724
G1 X118.576 Y120.146 E435.47351
G1 X119.028 Y119.914 E435.49041
G1 X119.42 Y119.615 E435.5068
G1 X119.757 Y119.249 E435.52335
G1 X120.03 Y118.826 E435.5401
G1 X120.22 Y118.371 E435.5565
G1 X120.328 Y117.885 E435.57305
G1 X120.351 Y117.385 E435.5897
G1 X120.287 Y116.887 E435.6064
G1 X120.142 Y116.416 E435.62279
G1 X119.91 Y115.964 E435.63969
G1 X119.611 Y115.576 E435.65598
G1 X119.245 Y115.235 E435.67262
G1 X118.822 Y114.966 E435.68929
G1 X118.366 Y114.772 E435.70578
G1 X117.881 Y114.664 E435.7223
G1 X117.581 Y114.65 E435.73229
G1 X117.612 Y115.386 E435.75679
G1 X117.507 Y115.503 E435.76202
G1 X116.118 Y116.102 E435.81233
G1 X116.019 Y116.11 E435.81564
G1 X115.904 Y116.047 E435.82
G1 X115.432 Y115.53 E435.84328
G1 X115.231 Y115.751 E435.85322
G1 X114.962 Y116.17 E435.86978
G1 X114.768 Y116.63 E435.88638
G1 X114.66 Y117.115 E435.90291
G1 X114.637 Y117.611 E435.91942
G1 X114.701 Y118.113 E435.93626
G1 X114.846 Y118.579 E435.95249
G1 X115.082 Y119.032 E435.96948
G1 X115.377 Y119.425 E435.98582
G1 X115.743 Y119.761 E436.00235
G1 X116.166 Y120.034 E436.01909
G1 X116.625 Y120.224 E436.03561
G1 X117.111 Y120.332 E436.05217
G1 X117.5 Y120.35 E436.06512
G0 F9000 X117.534 Y119.645
G0 X119.007 Y119.02
G0 X119.174 Y119.174
;TYPE:FILL
G1 F600 X116.473 Y116.473 E436.19217
G0 F9000 X116.564 Y116.685
G0 X119.02 Y115.993
G0 X119.175 Y115.825
G1 F600 X115.821 Y119.179 E436.34993
G0 F9000 X116.18 Y118.791
;MESH:NONMESH
G0 F300 X116.18 Y118.791 Z32.2
G0 F9000 X117.515 Y119.644
G0 X117.5 Y119.95
;TIME_ELAPSED:1473.935722
;LAYER:160
;note -- min layer time used
;TYPE:WALL-INNER
;MESH:FT09-Input Shaft.stl
G1 F600 X117.591 Y119.954 E436.35296
G1 X118.024 Y119.899 E436.36748
G1 X118.424 Y119.774 E436.38142
G1 X118.814 Y119.574 E436.396
G1 X119.15 Y119.318 E436.41004
G1 X119.439 Y119.003 E436.42426
G1 X119.674 Y118.639 E436.43867
G1 X119.837 Y118.249 E436.45273
G1 X119.93 Y117.832 E436.46694
G1 X119.95 Y117.401 E436.48129
G1 X119.895 Y116.972 E436.49568
G1 X119.77 Y116.568 E436.50974
G1 X119.571 Y116.179 E436.52428
G1 X119.315 Y115.846 E436.53825
G1 X118.999 Y115.553 E436.55258
G1 X118.635 Y115.322 E436.56692
G1 X118.243 Y115.154 E436.5811
G1 X118.001 Y115.1 E436.58935
G1 X118.008 Y115.326 E436.59687
G1 X117.961 Y115.563 E436.60491
G1 X117.726 Y115.846 E436.61714
G1 X116.248 Y116.48 E436.67063
G1 X116.063 Y116.512 E436.67688
G1 X115.806 Y116.46 E436.6856
G1 X115.453 Y116.146 E436.70131
G1 X115.318 Y116.358 E436.70967
G1 X115.15 Y116.752 E436.72392
G1 X115.058 Y117.168 E436.73809
G1 X115.038 Y117.595 E436.75231
G1 X115.093 Y118.027 E436.76679
G1 X115.217 Y118.426 E436.78069
G1 X115.422 Y118.818 E436.7954
G1 X115.675 Y119.155 E436.80942
G1 X115.989 Y119.443 E436.82359
G1 X116.352 Y119.678 E436.83797
G1 X116.746 Y119.841 E436.85215
G1 X117.164 Y119.934 E436.86639
G1 X117.5 Y119.95 E436.87758
G0 F9000 X117.5 Y120.35
;TYPE:WALL-OUTER
G1 F600 X117.607 Y120.355 E436.88114
G1 X118.109 Y120.291 E436.89798
G1 X118.576 Y120.146 E436.91424
G1 X119.028 Y119.914 E436.93114
G1 X119.42 Y119.615 E436.94754
G1 X119.757 Y119.249 E436.96408
G1 X120.03 Y118.826 E436.98083
G1 X120.22 Y118.371 E436.99723
G1 X120.328 Y117.885 E437.01379
G1 X120.351 Y117.385 E437.03043
G1 X120.287 Y116.887 E437.04713
G1 X120.142 Y116.416 E437.06353
G1 X119.91 Y115.964 E437.08042
G1 X119.611 Y115.576 E437.09672
G1 X119.245 Y115.235 E437.11335
G1 X118.822 Y114.966 E437.13003
G1 X118.366 Y114.772 E437.14651
G1 X117.881 Y114.664 E437.16304
G1 X117.581 Y114.65 E437.17302
G1 X117.612 Y115.386 E437.19753
G1 X117.507 Y115.503 E437.20275
G1 X116.118 Y116.102 E437.25307
G1 X116.019 Y116.11 E437.25637
G1 X115.904 Y116.047 E437.26073
G1 X115.432 Y115.53 E437.28401
G1 X115.231 Y115.751 E437.29395
G1 X114.962 Y116.17 E437.31051
G1 X114.768 Y116.63 E437.32712
G1 X114.66 Y117.115 E437.34364
G1 X114.637 Y117.611 E437.36016
G1 X114.701 Y118.113 E437.37699
G1 X114.846 Y118.579 E437.39322
G1 X115.082 Y119.032 E437.41021
G1 X115.377 Y119.425 E437.42655
G1 X115.743 Y119.761 E437.44308
G1 X116.166 Y120.034 E437.45982
G1 X116.625 Y120.224 E437.47635
G1 X117.111 Y120.332 E437.4929
G1 X117.5 Y120.35 E437.50586
G0 F9000 X117.534 Y119.645
G0 X119.007 Y119.02
G0 X119.174 Y119.174
;TYPE:FILL
G1 F600 X116.473 Y116.473 E437.6329
G0 F9000 X116.564 Y116.685
G0 X119.02 Y115.993
G0 X119.175 Y115.825
G1 F600 X115.821 Y119.179 E437.79066
G0 F9000 X116.18 Y118.791
;MESH:NONMESH
G0 F300 X116.18 Y118.791 Z32.4
G0 F9000 X117.515 Y119.644
G0 X117.5 Y119.95
;TIME_ELAPSED:1478.897124
;LAYER:161
;note -- min layer time used
;TYPE:WALL-INNER
;MESH:FT09-Input Shaft.stl
G1 F600 X117.591 Y119.954 E437.79369
G1 X118.024 Y119.899 E437.80821
G1 X118.424 Y119.774 E437.82215
G1 X118.814 Y119.574 E437.83673
G1 X119.15 Y119.318 E437.85078
G1 X119.439 Y119.003 E437.865
G1 X119.674 Y118.639 E437.87941
G1 X119.837 Y118.249 E437.89347
G1 X119.93 Y117.832 E437.90768
G1 X119.95 Y117.401 E437.92203
G1 X119.895 Y116.972 E437.93641
G1 X119.77 Y116.568 E437.95048
G1 X119.571 Y116.179 E437.96501
G1 X119.315 Y115.846 E437.97898
G1 X118.999 Y115.553 E437.99331
G1 X118.635 Y115.322 E438.00765
G1 X118.243 Y115.154 E438.02184
G1 X118.001 Y115.1 E438.03008
G1 X118.008 Y115.326 E438.0376
G1 X117.961 Y115.563 E438.04564
G1 X117.726 Y115.846 E438.05787
G1 X116.248 Y116.48 E438.11137
G1 X116.063 Y116.512 E438.11761
G1 X115.806 Y116.46 E438.12633
G1 X115.453 Y116.146 E438.14204
G1 X115.318 Y116.358 E438.1504
G1 X115.15 Y116.752 E438.16465
G1 X115.058 Y117.168 E438.17882
G1 X115.038 Y117.595 E438.19304
G1 X115.093 Y118.027 E438.20752
G1 X115.217 Y118.426 E438.22142
G1 X115.422 Y118.818 E438.23613
G1 X115.675 Y119.155 E438.25015
G1 X115.989 Y119.443 E438.26432
G1 X116.352 Y119.678 E438.2787
G1 X116.746 Y119.841 E438.29288
G1 X117.164 Y119.934 E438.30713
G1 X117.5 Y119.95 E438.31831
G0 F9000 X117.5 Y120.35
;TYPE:WALL-OUTER
G1 F600 X117.607 Y120.355 E438.32188
G1 X118.109 Y120.291 E438.33871
G1 X118.576 Y120.146 E438.35497
G1 X119.028 Y119.914 E438.37187
G1 X119.42 Y119.615 E438.38827
G1 X119.757 Y119.249 E438.40482
G1 X120.03 Y118.826 E438.42156
G1 X120.22 Y118.371 E438.43796
G1 X120.328 Y117.885 E438.45452
G1 X120.351 Y117.385 E438.47117
G1 X120.287 Y116.887 E438.48787
G1 X120.142 Y116.416 E438.50426
G1 X119.91 Y115.964 E438.52116
G1 X119.611 Y115.576 E438.53745
G1 X119.245 Y115.235 E438.55409
G1 X118.822 Y114.966 E438.57076
G1 X118.366 Y114.772 E438.58724
G1 X117.881 Y114.664 E438.60377
G1 X117.581 Y114.65 E438.61376
G1 X117.612 Y115.386 E438.63826
G1 X117.507 Y115.503 E438.64349
G1 X116.118 Y116.102 E438.6938
G1 X116.019 Y116.11 E438.6971
G1 X115.904 Y116.047 E438.70146
G1 X115.432 Y115.53 E438.72475
G1 X115.231 Y115.751 E438.73468
G1 X114.962 Y116.17 E438.75124
G1 X114.768 Y116.63 E438.76785
G1 X114.66 Y117.115 E438.78437
G1 X114.637 Y117.611 E438.80089
G1 X114.701 Y118.113 E438.81772
G1 X114.846 Y118.579 E438.83395
G1 X115.082 Y119.032 E438.85094
G1 X115.377 Y119.425 E438.86729
G1 X115.743 Y119.761 E438.88381
G1 X116.166 Y120.034 E438.90056
G1 X116.625 Y120.224 E438.91708
G1 X117.111 Y120.332 E438.93364
G1 X117.5 Y120.35 E438.94659
G0 F9000 X117.534 Y119.645
G0 X119.007 Y119.02
G0 X119.174 Y119.174
;TYPE:FILL
G1 F600 X116.473 Y116.473 E439.07364
G0 F9000 X116.564 Y116.685
G0 X119.02 Y115.993
G0 X119.175 Y115.825
G1 F600 X115.821 Y119.179 E439.2314
G0 F9000 X116.18 Y118.791
;MESH:NONMESH
G0 F300 X116.18 Y118.791 Z32.6
G0 F9000 X117.515 Y119.644
G0 X117.5 Y119.95
;TIME_ELAPSED:1483.858526
;LAYER:162
;note -- min layer time used
;TYPE:WALL-INNER
;MESH:FT09-Input Shaft.stl
G1 F600 X117.591 Y119.954 E439.23443
G1 X118.024 Y119.899 E439.24894
G1 X118.424 Y119.774 E439.26288
G1 X118.814 Y119.574 E439.27746
G1 X119.15 Y119.318 E439.29151
G1 X119.439 Y119.003 E439.30573
G1 X119.674 Y118.639 E439.32014
G1 X119.837 Y118.249 E439.3342
G1 X119.93 Y117.832 E439.34841
G1 X119.95 Y117.401 E439.36276
G1 X119.895 Y116.972 E439.37714
G1 X119.77 Y116.568 E439.39121
G1 X119.571 Y116.179 E439.40574
G1 X119.315 Y115.846 E439.41971
G1 X118.999 Y115.553 E439.43405
G1 X118.635 Y115.322 E439.44838
G1 X118.243 Y115.154 E439.46257
G1 X118.001 Y115.1 E439.47082
G1 X118.008 Y115.326 E439.47834
G1 X117.961 Y115.563 E439.48637
G1 X117.726 Y115.846 E439.49861
G1 X116.248 Y116.48 E439.5521
G1 X116.063 Y116.512 E439.55834
G1 X115.806 Y116.46 E439.56706
G1 X115.453 Y116.146 E439.58278
G1 X115.318 Y116.358 E439.59114
G1 X115.15 Y116.752 E439.60538
G1 X115.058 Y117.168 E439.61955
G1 X115.038 Y117.595 E439.63377
G1 X115.093 Y118.027 E439.64826
G1 X115.217 Y118.426 E439.66215
G1 X115.422 Y118.818 E439.67687
G1 X115.675 Y119.155 E439.69088
G1 X115.989 Y119.443 E439.70505
G1 X116.352 Y119.678 E439.71943
G1 X116.746 Y119.841 E439.73362
G1 X117.164 Y119.934 E439.74786
G1 X117.5 Y119.95 E439.75905
G0 F9000 X117.5 Y120.35
;TYPE:WALL-OUTER
G1 F600 X117.607 Y120.355 E439.76261
G1 X118.109 Y120.291 E439.77944
G1 X118.576 Y120.146 E439.79571
G1 X119.028 Y119.914 E439.8126
G1 X119.42 Y119.615 E439.829
G1 X119.757 Y119.249 E439.84555
G1 X120.03 Y118.826 E439.86229
G1 X120.22 Y118.371 E439.87869
G1 X120.328 Y117.885 E439.89525
G1 X120.351 Y117.385 E439.9119
G1 X120.287 Y116.887 E439.9286
G1 X120.142 Y116.416 E439.94499
G1 X119.91 Y115.964 E439.96189
G1 X119.611 Y115.576 E439.97818
G1 X119.245 Y115.235 E439.99482
G1 X118.822 Y114.966 E440.01149
G1 X118.366 Y114.772 E440.02797
G1 X117.881 Y114.664 E440.0445
G1 X117.581 Y114.65 E440.05449
G1 X117.612 Y115.386 E440.07899
G1 X117.507 Y115.503 E440.08422
G1 X116.118 Y116.102 E440.13453
G1 X116.019 Y116.11 E440.13783
G1 X115.904 Y116.047 E440.1422
G1 X115.432 Y115.53 E440.16548
G1 X115.231 Y115.751 E440.17542
G1 X114.962 Y116.17 E440.19198
G1 X114.768 Y116.63 E440.20858
G1 X114.66 Y117.115 E440.22511
G1 X114.637 Y117.611 E440.24162
G1 X114.701 Y118.113 E440.25845
G1 X114.846 Y118.579 E440.27469
G1 X115.082 Y119.032 E440.29167
G1 X115.377 Y119.425 E440.30802
G1 X115.743 Y119.761 E440.32454
G1 X116.166 Y120.034 E440.34129
G1 X116.625 Y120.224 E440.35781
G1 X117.111 Y120.332 E440.37437
G1 X117.5 Y120.35 E440.38732
G0 F9000 X117.534 Y119.645
G0 X119.007 Y119.02
G0 X119.174 Y119.174
;TYPE:FILL
G1 F600 X116.473 Y116.473 E440.51437
G0 F9000 X116.564 Y116.685
G0 X119.02 Y115.993
G0 X119.175 Y115.825
G1 F600 X115.821 Y119.179 E440.67213
G0 F9000 X116.18 Y118.791
;MESH:NONMESH
G0 F300 X116.18 Y118.791 Z32.8
G0 F9000 X117.515 Y119.644
G0 X117.5 Y119.95
;TIME_ELAPSED:1488.819929
;LAYER:163
;note -- min layer time used
;TYPE:WALL-INNER
;MESH:FT09-Input Shaft.stl
G1 F600 X117.591 Y119.954 E440.67516
G1 X118.024 Y119.899 E440.68968
G1 X118.424 Y119.774 E440.70362
G1 X118.814 Y119.574 E440.71819
G1 X119.15 Y119.318 E440.73224
G1 X119.439 Y119.003 E440.74646
G1 X119.674 Y118.639 E440.76087
G1 X119.837 Y118.249 E440.77493
G1 X119.93 Y117.832 E440.78914
G1 X119.95 Y117.401 E440.80349
G1 X119.895 Y116.972 E440.81788
G1 X119.77 Y116.568 E440.83194
G1 X119.571 Y116.179 E440.84648
G1 X119.315 Y115.846 E440.86045
G1 X118.999 Y115.553 E440.87478
G1 X118.635 Y115.322 E440.88912
G1 X118.243 Y115.154 E440.9033
G1 X118.001 Y115.1 E440.91155
G1 X118.008 Y115.326 E440.91907
G1 X117.961 Y115.563 E440.92711
G1 X117.726 Y115.846 E440.93934
G1 X116.248 Y116.48 E440.99283
G1 X116.063 Y116.512 E440.99908
G1 X115.806 Y116.46 E441.0078
G1 X115.453 Y116.146 E441.02351
G1 X115.318 Y116.358 E441.03187
G1 X115.15 Y116.752 E441.04612
G1 X115.058 Y117.168 E441.06029
G1 X115.038 Y117.595 E441.0745
G1 X115.093 Y118.027 E441.08899
G1 X115.217 Y118.426 E441.10288
G1 X115.422 Y118.818 E441.1176
G1 X115.675 Y119.155 E441.13161
G1 X115.989 Y119.443 E441.14579
G1 X116.352 Y119.678 E441.16017
G1 X116.746 Y119.841 E441.17435
G1 X117.164 Y119.934 E441.18859
G1 X117.5 Y119.95 E441.19978
G0 F9000 X117.5 Y120.35
;TYPE:WALL-OUTER
G1 F600 X117.607 Y120.355 E441.20334
G1 X118.109 Y120.291 E441.22017
G1 X118.576 Y120.146 E441.23644
G1 X119.028 Y119.914 E441.25334
G1 X119.42 Y119.615 E441.26973
G1 X119.757 Y119.249 E441.28628
G1 X120.03 Y118.826 E441.30303
G1 X120.22 Y118.371 E441.31943
G1 X120.328 Y117.885 E441.33599
G1 X120.351 Y117.385 E441.35263
G1 X120.287 Y116.887 E441.36933
G1 X120.142 Y116.416 E441.38572
G1 X119.91 Y115.964 E441.40262
G1 X119.611 Y115.576 E441.41891
G1 X119.245 Y115.235 E441.43555
G1 X118.822 Y114.966 E441.45223
G1 X118.366 Y114.772 E441.46871
G1 X117.881 Y114.664 E441.48523
G1 X117.581 Y114.65 E441.49522
G1 X117.612 Y115.386 E441.51972
G1 X117.507 Y115.503 E441.52495
G1 X116.118 Y116.102 E441.57526
G1 X116.019 Y116.11 E441.57857
G1 X115.904 Y116.047 E441.58293
G1 X115.432 Y115.53 E441.60621
G1 X115.231 Y115.751 E441.61615
G1 X114.962 Y116.17 E441.63271
G1 X114.768 Y116.63 E441.64931
G1 X114.66 Y117.115 E441.66584
G1 X114.637 Y117.611 E441.68235
G1 X114.701 Y118.113 E441.69919
G1 X114.846 Y118.579 E441.71542
G1 X115.082 Y119.032 E441.73241
G1 X115.377 Y119.425 E441.74875
G1 X115.743 Y119.761 E441.76528
G1 X116.166 Y120.034 E441.78202
G1 X116.625 Y120.224 E441.79854
G1 X117.111 Y120.332 E441.8151
G1 X117.5 Y120.35 E441.82805
G0 F9000 X117.534 Y119.645
G0 X119.007 Y119.02
G0 X119.174 Y119.174
;TYPE:FILL
G1 F600 X116.473 Y116.473 E441.9551
G0 F9000 X116.564 Y116.685
G0 X119.02 Y115.993
G0 X119.175 Y115.825
G1 F600 X115.821 Y119.179 E442.11286
G0 F9000 X116.18 Y118.791
;MESH:NONMESH
G0 F300 X116.18 Y118.791 Z33
G0 F9000 X117.515 Y119.644
G0 X117.5 Y119.95
;TIME_ELAPSED:1493.781331
;LAYER:164
;note -- min layer time used
;TYPE:WALL-INNER
;MESH:FT09-Input Shaft.stl
G1 F600 X117.591 Y119.954 E442.11589
G1 X118.024 Y119.899 E442.13041
G1 X118.424 Y119.774 E442.14435
G1 X118.814 Y119.574 E442.15893
G1 X119.15 Y119.318 E442.17298
G1 X119.439 Y119.003 E442.18719
G1 X119.674 Y118.639 E442.2016
G1 X119.837 Y118.249 E442.21566
G1 X119.93 Y117.832 E442.22987
G1 X119.95 Y117.401 E442.24422
G1 X119.895 Y116.972 E442.25861
G1 X119.77 Y116.568 E442.27268
G1 X119.571 Y116.179 E442.28721
G1 X119.315 Y115.846 E442.30118
G1 X118.999 Y115.553 E442.31551
G1 X118.635 Y115.322 E442.32985
G1 X118.243 Y115.154 E442.34403
G1 X118.001 Y115.1 E442.35228
G1 X118.008 Y115.326 E442.3598
G1 X117.961 Y115.563 E442.36784
G1 X117.726 Y115.846 E442.38007
G1 X116.248 Y116.48 E442.43356
G1 X116.063 Y116.512 E442.43981
G1 X115.806 Y116.46 E442.44853
G1 X115.453 Y116.146 E442.46424
G1 X115.318 Y116.358 E442.4726
G1 X115.15 Y116.752 E442.48685
G1 X115.058 Y117.168 E442.50102
G1 X115.038 Y117.595 E442.51524
G1 X115.093 Y118.027 E442.52972
G1 X115.217 Y118.426 E442.54362
G1 X115.422 Y118.818 E442.55833
G1 X115.675 Y119.155 E442.57235
G1 X115.989 Y119.443 E442.58652
G1 X116.352 Y119.678 E442.6009
G1 X116.746 Y119.841 E442.61508
G1 X117.164 Y119.934 E442.62932
G1 X117.5 Y119.95 E442.64051
G0 F9000 X117.5 Y120.35
;TYPE:WALL-OUTER
G1 F600 X117.607 Y120.355 E442.64408
G1 X118.109 Y120.291 E442.66091
G1 X118.576 Y120.146 E442.67717
G1 X119.028 Y119.914 E442.69407
G1 X119.42 Y119.615 E442.71047
G1 X119.757 Y119.249 E442.72701
G1 X120.03 Y118.826 E442.74376
G1 X120.22 Y118.371 E442.76016
G1 X120.328 Y117.885 E442.77672
G1 X120.351 Y117.385 E442.79337
G1 X120.287 Y116.887 E442.81007
G1 X120.142 Y116.416 E442.82646
G1 X119.91 Y115.964 E442.84335
G1 X119.611 Y115.576 E442.85965
G1 X119.245 Y115.235 E442.87628
G1 X118.822 Y114.966 E442.89296
G1 X118.366 Y114.772 E442.90944
G1 X117.881 Y114.664 E442.92597
G1 X117.581 Y114.65 E442.93596
G1 X117.612 Y115.386 E442.96046
G1 X117.507 Y115.503 E442.96569
G1 X116.118 Y116.102 E443.016
G1 X116.019 Y116.11 E443.0193
G1 X115.904 Y116.047 E443.02366
G1 X115.432 Y115.53 E443.04694
G1 X115.231 Y115.751 E443.05688
G1 X114.962 Y116.17 E443.07344
G1 X114.768 Y116.63 E443.09005
G1 X114.66 Y117.115 E443.10657
G1 X114.637 Y117.611 E443.12309
G1 X114.701 Y118.113 E443.13992
G1 X114.846 Y118.579 E443.15615
G1 X115.082 Y119.032 E443.17314
G1 X115.377 Y119.425 E443.18948
G1 X115.743 Y119.761 E443.20601
G1 X116.166 Y120.034 E443.22275
G1 X116.625 Y120.224 E443.23928
G1 X117.111 Y120.332 E443.25584
G1 X117.5 Y120.35 E443.26879
G0 F9000 X117.534 Y119.645
G0 X119.007 Y119.02
G0 X119.174 Y119.174
;TYPE:FILL
G1 F600 X116.473 Y116.473 E443.39583
G0 F9000 X116.564 Y116.685
G0 X119.02 Y115.993
G0 X119.175 Y115.825
G1 F600 X115.821 Y119.179 E443.5536
G0 F9000 X116.18 Y118.791
;MESH:NONMESH
G0 F300 X116.18 Y118.791 Z33.2
G0 F9000 X117.515 Y119.644
G0 X117.5 Y119.95
;TIME_ELAPSED:1498.742733
;LAYER:165
;note -- min layer time used
;TYPE:WALL-INNER
;MESH:FT09-Input Shaft.stl
G1 F600 X117.591 Y119.954 E443.55663
G1 X118.024 Y119.899 E443.57114
G1 X118.424 Y119.774 E443.58508
G1 X118.814 Y119.574 E443.59966
G1 X119.15 Y119.318 E443.61371
G1 X119.439 Y119.003 E443.62793
G1 X119.674 Y118.639 E443.64234
G1 X119.837 Y118.249 E443.6564
G1 X119.93 Y117.832 E443.67061
G1 X119.95 Y117.401 E443.68496
G1 X119.895 Y116.972 E443.69934
G1 X119.77 Y116.568 E443.71341
G1 X119.571 Y116.179 E443.72794
G1 X119.315 Y115.846 E443.74191
G1 X118.999 Y115.553 E443.75624
G1 X118.635 Y115.322 E443.77058
G1 X118.243 Y115.154 E443.78477
G1 X118.001 Y115.1 E443.79301
G1 X118.008 Y115.326 E443.80053
G1 X117.961 Y115.563 E443.80857
G1 X117.726 Y115.846 E443.82081
G1 X116.248 Y116.48 E443.8743
G1 X116.063 Y116.512 E443.88054
G1 X115.806 Y116.46 E443.88926
G1 X115.453 Y116.146 E443.90498
G1 X115.318 Y116.358 E443.91333
G1 X115.15 Y116.752 E443.92758
G1 X115.058 Y117.168 E443.94175
G1 X115.038 Y117.595 E443.95597
G1 X115.093 Y118.027 E443.97045
G1 X115.217 Y118.426 E443.98435
G1 X115.422 Y118.818 E443.99906
G1 X115.675 Y119.155 E444.01308
G1 X115.989 Y119.443 E444.02725
G1 X116.352 Y119.678 E444.04163
G1 X116.746 Y119.841 E444.05581
G1 X117.164 Y119.934 E444.07006
G1 X117.5 Y119.95 E444.08125
G0 F9000 X117.5 Y120.35
;TYPE:WALL-OUTER
G1 F600 X117.607 Y120.355 E444.08481
G1 X118.109 Y120.291 E444.10164
G1 X118.576 Y120.146 E444.1179
G1 X119.028 Y119.914 E444.1348
G1 X119.42 Y119.615 E444.1512
G1 X119.757 Y119.249 E444.16775
G1 X120.03 Y118.826 E444.18449
G1 X120.22 Y118.371 E444.20089
G1 X120.328 Y117.885 E444.21745
G1 X120.351 Y117.385 E444.2341
G1 X120.287 Y116.887 E444.2508
G1 X120.142 Y116.416 E444.26719
G1 X119.91 Y115.964 E444.28409
G1 X119.611 Y115.576 E444.30038
G1 X119.245 Y115.235 E444.31702
G1 X118.822 Y114.966 E444.33369
G1 X118.366 Y114.772 E444.35017
G1 X117.881 Y114.664 E444.3667
G1 X117.581 Y114.65 E444.37669
G1 X117.612 Y115.386 E444.40119
G1 X117.507 Y115.503 E444.40642
G1 X116.118 Y116.102 E444.45673
G1 X116.019 Y116.11 E444.46003
G1 X115.904 Y116.047 E444.46439
G1 X115.432 Y115.53 E444.48768
G1 X115.231 Y115.751 E444.49761
G1 X114.962 Y116.17 E444.51417
G1 X114.768 Y116.63 E444.53078
G1 X114.66 Y117.115 E444.54731
G1 X114.637 Y117.611 E444.56382
G1 X114.701 Y118.113 E444.58065
G1 X114.846 Y118.579 E444.59688
G1 X115.082 Y119.032 E444.61387
G1 X115.377 Y119.425 E444.63022
G1 X115.743 Y119.761 E444.64674
G1 X116.166 Y120.034 E444.66349
G1 X116.625 Y120.224 E444.68001
G1 X117.111 Y120.332 E444.69657
G1 X117.5 Y120.35 E444.70952
G0 F9000 X117.534 Y119.645
G0 X119.007 Y119.02
G0 X119.174 Y119.174
;TYPE:FILL
G1 F600 X116.473 Y116.473 E444.83657
G0 F9000 X116.564 Y116.685
G0 X119.02 Y115.993
G0 X119.175 Y115.825
G1 F600 X115.821 Y119.179 E444.99433
G0 F9000 X116.18 Y118.791
;MESH:NONMESH
G0 F300 X116.18 Y118.791 Z33.4
G0 F9000 X117.515 Y119.644
G0 X117.5 Y119.95
;TIME_ELAPSED:1503.704135
;LAYER:166
;note -- min layer time used
;TYPE:WALL-INNER
;MESH:FT09-Input Shaft.stl
G1 F600 X117.591 Y119.954 E444.99736
G1 X118.024 Y119.899 E445.01188
G1 X118.424 Y119.774 E445.02581
G1 X118.814 Y119.574 E445.04039
G1 X119.15 Y119.318 E445.05444
G1 X119.439 Y119.003 E445.06866
G1 X119.674 Y118.639 E445.08307
G1 X119.837 Y118.249 E445.09713
G1 X119.93 Y117.832 E445.11134
G1 X119.95 Y117.401 E445.12569
G1 X119.895 Y116.972 E445.14007
G1 X119.77 Y116.568 E445.15414
G1 X119.571 Y116.179 E445.16867
G1 X119.315 Y115.846 E445.18264
G1 X118.999 Y115.553 E445.19698
G1 X118.635 Y115.322 E445.21132
G1 X118.243 Y115.154 E445.2255
G1 X118.001 Y115.1 E445.23375
G1 X118.008 Y115.326 E445.24127
G1 X117.961 Y115.563 E445.2493
G1 X117.726 Y115.846 E445.26154
G1 X116.248 Y116.48 E445.31503
G1 X116.063 Y116.512 E445.32127
G1 X115.806 Y116.46 E445.32999
G1 X115.453 Y116.146 E445.34571
G1 X115.318 Y116.358 E445.35407
G1 X115.15 Y116.752 E445.36831
G1 X115.058 Y117.168 E445.38248
G1 X115.038 Y117.595 E445.3967
G1 X115.093 Y118.027 E445.41119
G1 X115.217 Y118.426 E445.42508
G1 X115.422 Y118.818 E445.4398
G1 X115.675 Y119.155 E445.45381
G1 X115.989 Y119.443 E445.46798
G1 X116.352 Y119.678 E445.48237
G1 X116.746 Y119.841 E445.49655
G1 X117.164 Y119.934 E445.51079
G1 X117.5 Y119.95 E445.52198
G0 F9000 X117.5 Y120.35
;TYPE:WALL-OUTER
G1 F600 X117.607 Y120.355 E445.52554
G1 X118.109 Y120.291 E445.54237
G1 X118.576 Y120.146 E445.55864
G1 X119.028 Y119.914 E445.57553
G1 X119.42 Y119.615 E445.59193
G1 X119.757 Y119.249 E445.60848
G1 X120.03 Y118.826 E445.62522
G1 X120.22 Y118.371 E445.64162
G1 X120.328 Y117.885 E445.65818
G1 X120.351 Y117.385 E445.67483
G1 X120.287 Y116.887 E445.69153
G1 X120.142 Y116.416 E445.70792
G1 X119.91 Y115.964 E445.72482
G1 X119.611 Y115.576 E445.74111
G1 X119.245 Y115.235 E445.75775
G1 X118.822 Y114.966 E445.77442
G1 X118.366 Y114.772 E445.79091
G1 X117.881 Y114.664 E445.80743
G1 X117.581 Y114.65 E445.81742
G1 X117.612 Y115.386 E445.84192
G1 X117.507 Y115.503 E445.84715
G1 X116.118 Y116.102 E445.89746
G1 X116.019 Y116.11 E445.90077
G1 X115.904 Y116.047 E445.90513
G1 X115.432 Y115.53 E445.92841
G1 X115.231 Y115.751 E445.93835
G1 X114.962 Y116.17 E445.95491
G1 X114.768 Y116.63 E445.97151
G1 X114.66 Y117.115 E445.98804
G1 X114.637 Y117.611 E446.00455
G1 X114.701 Y118.113 E446.02138
G1 X114.846 Y118.579 E446.03762
G1 X115.082 Y119.032 E446.05461
G1 X115.377 Y119.425 E446.07095
G1 X115.743 Y119.761 E446.08747
G1 X116.166 Y120.034 E446.10422
G1 X116.625 Y120.224 E446.12074
G1 X117.111 Y120.332 E446.1373
G1 X117.5 Y120.35 E446.15025
G0 F9000 X117.534 Y119.645
G0 X119.007 Y119.02
G0 X119.174 Y119.174
;TYPE:FILL
G1 F600 X116.473 Y116.473 E446.2773
G0 F9000 X116.564 Y116.685
G0 X119.02 Y115.993
G0 X119.175 Y115.825
G1 F600 X115.821 Y119.179 E446.43506
G0 F9000 X116.18 Y118.791
;MESH:NONMESH
G0 F300 X116.18 Y118.791 Z33.6
G0 F9000 X117.515 Y119.644
G0 X117.5 Y119.95
;TIME_ELAPSED:1508.665538
;LAYER:167
;note -- min layer time used
;TYPE:WALL-INNER
;MESH:FT09-Input Shaft.stl
G1 F600 X117.591 Y119.954 E446.43809
G1 X118.024 Y119.899 E446.45261
G1 X118.424 Y119.774 E446.46655
G1 X118.814 Y119.574 E446.48112
G1 X119.15 Y119.318 E446.49517
G1 X119.439 Y119.003 E446.50939
G1 X119.674 Y118.639 E446.5238
G1 X119.837 Y118.249 E446.53786
G1 X119.93 Y117.832 E446.55207
G1 X119.95 Y117.401 E446.56642
G1 X119.895 Y116.972 E446.58081
G1 X119.77 Y116.568 E446.59487
G1 X119.571 Y116.179 E446.60941
G1 X119.315 Y115.846 E446.62338
G1 X118.999 Y115.553 E446.63771
G1 X118.635 Y115.322 E446.65205
G1 X118.243 Y115.154 E446.66623
G1 X118.001 Y115.1 E446.67448
G1 X118.008 Y115.326 E446.682
G1 X117.961 Y115.563 E446.69004
G1 X117.726 Y115.846 E446.70227
G1 X116.248 Y116.48 E446.75576
G1 X116.063 Y116.512 E446.76201
G1 X115.806 Y116.46 E446.77073
G1 X115.453 Y116.146 E446.78644
G1 X115.318 Y116.358 E446.7948
G1 X115.15 Y116.752 E446.80905
G1 X115.058 Y117.168 E446.82322
G1 X115.038 Y117.595 E446.83743
G1 X115.093 Y118.027 E446.85192
G1 X115.217 Y118.426 E446.86582
G1 X115.422 Y118.818 E446.88053
G1 X115.675 Y119.155 E446.89454
G1 X115.989 Y119.443 E446.90872
G1 X116.352 Y119.678 E446.9231
G1 X116.746 Y119.841 E446.93728
G1 X117.164 Y119.934 E446.95152
G1 X117.5 Y119.95 E446.96271
G0 F9000 X117.5 Y120.35
;TYPE:WALL-OUTER
G1 F600 X117.607 Y120.355 E446.96627
G1 X118.109 Y120.291 E446.98311
G1 X118.576 Y120.146 E446.99937
G1 X119.028 Y119.914 E447.01627
G1 X119.42 Y119.615 E447.03267
G1 X119.757 Y119.249 E447.04921
G1 X120.03 Y118.826 E447.06596
G1 X120.22 Y118.371 E447.08236
G1 X120.328 Y117.885 E447.09892
G1 X120.351 Y117.385 E447.11556
G1 X120.287 Y116.887 E447.13226
G1 X120.142 Y116.416 E447.14865
G1 X119.91 Y115.964 E447.16555
G1 X119.611 Y115.576 E447.18185
G1 X119.245 Y115.235 E447.19848
G1 X118.822 Y114.966 E447.21516
G1 X118.366 Y114.772 E447.23164
G1 X117.881 Y114.664 E447.24816
G1 X117.581 Y114.65 E447.25815
G1 X117.612 Y115.386 E447.28265
G1 X117.507 Y115.503 E447.28788
G1 X116.118 Y116.102 E447.33819
G1 X116.019 Y116.11 E447.3415
G1 X115.904 Y116.047 E447.34586
G1 X115.432 Y115.53 E447.36914
G1 X115.231 Y115.751 E447.37908
G1 X114.962 Y116.17 E447.39564
G1 X114.768 Y116.63 E447.41224
G1 X114.66 Y117.115 E447.42877
G1 X114.637 Y117.611 E447.44529
G1 X114.701 Y118.113 E447.46212
G1 X114.846 Y118.579 E447.47835
G1 X115.082 Y119.032 E447.49534
G1 X115.377 Y119.425 E447.51168
G1 X115.743 Y119.761 E447.52821
G1 X116.166 Y120.034 E447.54495
G1 X116.625 Y120.224 E447.56147
G1 X117.111 Y120.332 E447.57803
G1 X117.5 Y120.35 E447.59099
G0 F9000 X117.534 Y119.645
G0 X119.007 Y119.02
G0 X119.174 Y119.174
;TYPE:FILL
G1 F600 X116.473 Y116.473 E447.71803
G0 F9000 X116.564 Y116.685
G0 X119.02 Y115.993
G0 X119.175 Y115.825
G1 F600 X115.821 Y119.179 E447.87579
G0 F9000 X116.18 Y118.791
;MESH:NONMESH
G0 F300 X116.18 Y118.791 Z33.8
G0 F9000 X117.515 Y119.644
G0 X117.5 Y119.95
;TIME_ELAPSED:1513.626940
;LAYER:168
;note -- min layer time used
;TYPE:WALL-INNER
;MESH:FT09-Input Shaft.stl
G1 F600 X117.591 Y119.954 E447.87882
G1 X118.024 Y119.899 E447.89334
G1 X118.424 Y119.774 E447.90728
G1 X118.814 Y119.574 E447.92186
G1 X119.15 Y119.318 E447.93591
G1 X119.439 Y119.003 E447.95012
G1 X119.674 Y118.639 E447.96454
G1 X119.837 Y118.249 E447.97859
G1 X119.93 Y117.832 E447.9928
G1 X119.95 Y117.401 E448.00716
G1 X119.895 Y116.972 E448.02154
G1 X119.77 Y116.568 E448.03561
G1 X119.571 Y116.179 E448.05014
G1 X119.315 Y115.846 E448.06411
G1 X118.999 Y115.553 E448.07844
G1 X118.635 Y115.322 E448.09278
G1 X118.243 Y115.154 E448.10697
G1 X118.001 Y115.1 E448.11521
G1 X118.008 Y115.326 E448.12273
G1 X117.961 Y115.563 E448.13077
G1 X117.726 Y115.846 E448.143
G1 X116.248 Y116.48 E448.19649
G1 X116.063 Y116.512 E448.20274
G1 X115.806 Y116.46 E448.21146
G1 X115.453 Y116.146 E448.22717
G1 X115.318 Y116.358 E448.23553
G1 X115.15 Y116.752 E448.24978
G1 X115.058 Y117.168 E448.26395
G1 X115.038 Y117.595 E448.27817
G1 X115.093 Y118.027 E448.29265
G1 X115.217 Y118.426 E448.30655
G1 X115.422 Y118.818 E448.32126
G1 X115.675 Y119.155 E448.33528
G1 X115.989 Y119.443 E448.34945
G1 X116.352 Y119.678 E448.36383
G1 X116.746 Y119.841 E448.37801
G1 X117.164 Y119.934 E448.39226
G1 X117.5 Y119.95 E448.40344
G0 F9000 X117.5 Y120.35
;TYPE:WALL-OUTER
G1 F600 X117.607 Y120.355 E448.40701
G1 X118.109 Y120.291 E448.42384
G1 X118.576 Y120.146 E448.4401
G1 X119.028 Y119.914 E448.457
G1 X119.42 Y119.615 E448.4734
G1 X119.757 Y119.249 E448.48995
G1 X120.03 Y118.826 E448.50669
G1 X120.22 Y118.371 E448.52309
G1 X120.328 Y117.885 E448.53965
G1 X120.351 Y117.385 E448.5563
G1 X120.287 Y116.887 E448.573
G1 X120.142 Y116.416 E448.58939
G1 X119.91 Y115.964 E448.60629
G1 X119.611 Y115.576 E448.62258
G1 X119.245 Y115.235 E448.63922
G1 X118.822 Y114.966 E448.65589
G1 X118.366 Y114.772 E448.67237
G1 X117.881 Y114.664 E448.6889
G1 X117.581 Y114.65 E448.69889
G1 X117.612 Y115.386 E448.72339
G1 X117.507 Y115.503 E448.72862
G1 X116.118 Y116.102 E448.77893
G1 X116.019 Y116.11 E448.78223
G1 X115.904 Y116.047 E448.78659
G1 X115.432 Y115.53 E448.80988
G1 X115.231 Y115.751 E448.81981
G1 X114.962 Y116.17 E448.83637
G1 X114.768 Y116.63 E448.85298
G1 X114.66 Y117.115 E448.8695
G1 X114.637 Y117.611 E448.88602
G1 X114.701 Y118.113 E448.90285
G1 X114.846 Y118.579 E448.91908
G1 X115.082 Y119.032 E448.93607
G1 X115.377 Y119.425 E448.95241
G1 X115.743 Y119.761 E448.96894
G1 X116.166 Y120.034 E448.98568
G1 X116.625 Y120.224 E449.00221
G1 X117.111 Y120.332 E449.01877
G1 X117.5 Y120.35 E449.03172
G0 F9000 X117.534 Y119.645
G0 X119.007 Y119.02
G0 X119.174 Y119.174
;TYPE:FILL
G1 F600 X116.473 Y116.473 E449.15876
G0 F9000 X116.564 Y116.685
G0 X119.02 Y115.993
G0 X119.175 Y115.825
G1 F600 X115.821 Y119.179 E449.31653
G0 F9000 X116.18 Y118.791
;MESH:NONMESH
G0 F300 X116.18 Y118.791 Z34
G0 F9000 X117.515 Y119.644
G0 X117.5 Y119.95
;TIME_ELAPSED:1518.588342
;LAYER:169
;note -- min layer time used
;TYPE:WALL-INNER
;MESH:FT09-Input Shaft.stl
G1 F600 X117.591 Y119.954 E449.31956
G1 X118.024 Y119.899 E449.33407
G1 X118.424 Y119.774 E449.34801
G1 X118.814 Y119.574 E449.36259
G1 X119.15 Y119.318 E449.37664
G1 X119.439 Y119.003 E449.39086
G1 X119.674 Y118.639 E449.40527
G1 X119.837 Y118.249 E449.41933
G1 X119.93 Y117.832 E449.43354
G1 X119.95 Y117.401 E449.44789
G1 X119.895 Y116.972 E449.46227
G1 X119.77 Y116.568 E449.47634
G1 X119.571 Y116.179 E449.49087
G1 X119.315 Y115.846 E449.50484
G1 X118.999 Y115.553 E449.51917
G1 X118.635 Y115.322 E449.53351
G1 X118.243 Y115.154 E449.5477
G1 X118.001 Y115.1 E449.55595
G1 X118.008 Y115.326 E449.56347
G1 X117.961 Y115.563 E449.5715
G1 X117.726 Y115.846 E449.58374
G1 X116.248 Y116.48 E449.63723
G1 X116.063 Y116.512 E449.64347
G1 X115.806 Y116.46 E449.65219
G1 X115.453 Y116.146 E449.66791
G1 X115.318 Y116.358 E449.67627
G1 X115.15 Y116.752 E449.69051
G1 X115.058 Y117.168 E449.70468
G1 X115.038 Y117.595 E449.7189
G1 X115.093 Y118.027 E449.73338
G1 X115.217 Y118.426 E449.74728
G1 X115.422 Y118.818 E449.76199
G1 X115.675 Y119.155 E449.77601
G1 X115.989 Y119.443 E449.79018
G1 X116.352 Y119.678 E449.80456
G1 X116.746 Y119.841 E449.81875
G1 X117.164 Y119.934 E449.83299
G1 X117.5 Y119.95 E449.84418
G0 F9000 X117.5 Y120.35
;TYPE:WALL-OUTER
G1 F600 X117.607 Y120.355 E449.84774
G1 X118.109 Y120.291 E449.86457
G1 X118.576 Y120.146 E449.88083
G1 X119.028 Y119.914 E449.89773
G1 X119.42 Y119.615 E449.91413
G1 X119.757 Y119.249 E449.93068
G1 X120.03 Y118.826 E449.94742
G1 X120.22 Y118.371 E449.96382
G1 X120.328 Y117.885 E449.98038
G1 X120.351 Y117.385 E449.99703
G1 X120.287 Y116.887 E450.01373
G1 X120.142 Y116.416 E450.03012
G1 X119.91 Y115.964 E450.04702
G1 X119.611 Y115.576 E450.06331
G1 X119.245 Y115.235 E450.07995
G1 X118.822 Y114.966 E450.09662
G1 X118.366 Y114.772 E450.1131
G1 X117.881 Y114.664 E450.12963
G1 X117.581 Y114.65 E450.13962
G1 X117.612 Y115.386 E450.16412
G1 X117.507 Y115.503 E450.16935
G1 X116.118 Y116.102 E450.21966
G1 X116.019 Y116.11 E450.22296
G1 X115.904 Y116.047 E450.22732
G1 X115.432 Y115.53 E450.25061
G1 X115.231 Y115.751 E450.26054
G1 X114.962 Y116.17 E450.27711
G1 X114.768 Y116.63 E450.29371
G1 X114.66 Y117.115 E450.31024
G1 X114.637 Y117.611 E450.32675
G1 X114.701 Y118.113 E450.34358
G1 X114.846 Y118.579 E450.35981
G1 X115.082 Y119.032 E450.3768
G1 X115.377 Y119.425 E450.39315
G1 X115.743 Y119.761 E450.40967
G1 X116.166 Y120.034 E450.42642
G1 X116.625 Y120.224 E450.44294
G1 X117.111 Y120.332 E450.4595
G1 X117.5 Y120.35 E450.47245
G0 F9000 X117.534 Y119.645
G0 X119.007 Y119.02
G0 X119.174 Y119.174
;TYPE:FILL
G1 F600 X116.473 Y116.473 E450.5995
G0 F9000 X116.564 Y116.685
G0 X119.02 Y115.993
G0 X119.175 Y115.825
G1 F600 X115.821 Y119.179 E450.75726
G0 F9000 X116.18 Y118.791
;MESH:NONMESH
G0 F300 X116.18 Y118.791 Z34.2
G0 F9000 X117.515 Y119.644
G0 X117.5 Y119.95
;TIME_ELAPSED:1523.549744
;LAYER:170
;note -- min layer time used
;TYPE:WALL-INNER
;MESH:FT09-Input Shaft.stl
G1 F600 X117.591 Y119.954 E450.76029
G1 X118.024 Y119.899 E450.77481
G1 X118.424 Y119.774 E450.78874
G1 X118.814 Y119.574 E450.80332
G1 X119.15 Y119.318 E450.81737
G1 X119.439 Y119.003 E450.83159
G1 X119.674 Y118.639 E450.846
G1 X119.837 Y118.249 E450.86006
G1 X119.93 Y117.832 E450.87427
G1 X119.95 Y117.401 E450.88862
G1 X119.895 Y116.972 E450.90301
G1 X119.77 Y116.568 E450.91707
G1 X119.571 Y116.179 E450.9316
G1 X119.315 Y115.846 E450.94557
G1 X118.999 Y115.553 E450.95991
G1 X118.635 Y115.322 E450.97425
G1 X118.243 Y115.154 E450.98843
G1 X118.001 Y115.1 E450.99668
G1 X118.008 Y115.326 E451.0042
G1 X117.961 Y115.563 E451.01223
G1 X117.726 Y115.846 E451.02447
G1 X116.248 Y116.48 E451.07796
G1 X116.063 Y116.512 E451.0842
G1 X115.806 Y116.46 E451.09293
G1 X115.453 Y116.146 E451.10864
G1 X115.318 Y116.358 E451.117
G1 X115.15 Y116.752 E451.13124
G1 X115.058 Y117.168 E451.14541
G1 X115.038 Y117.595 E451.15963
G1 X115.093 Y118.027 E451.17412
G1 X115.217 Y118.426 E451.18801
G1 X115.422 Y118.818 E451.20273
G1 X115.675 Y119.155 E451.21674
G1 X115.989 Y119.443 E451.23091
G1 X116.352 Y119.678 E451.2453
G1 X116.746 Y119.841 E451.25948
G1 X117.164 Y119.934 E451.27372
G1 X117.5 Y119.95 E451.28491
G0 F9000 X117.5 Y120.35
;TYPE:WALL-OUTER
G1 F600 X117.607 Y120.355 E451.28847
G1 X118.109 Y120.291 E451.3053
G1 X118.576 Y120.146 E451.32157
G1 X119.028 Y119.914 E451.33847
G1 X119.42 Y119.615 E451.35486
G1 X119.757 Y119.249 E451.37141
G1 X120.03 Y118.826 E451.38816
G1 X120.22 Y118.371 E451.40456
G1 X120.328 Y117.885 E451.42111
G1 X120.351 Y117.385 E451.43776
G1 X120.287 Y116.887 E451.45446
G1 X120.142 Y116.416 E451.47085
G1 X119.91 Y115.964 E451.48775
G1 X119.611 Y115.576 E451.50404
G1 X119.245 Y115.235 E451.52068
G1 X118.822 Y114.966 E451.53735
G1 X118.366 Y114.772 E451.55384
G1 X117.881 Y114.664 E451.57036
G1 X117.581 Y114.65 E451.58035
G1 X117.612 Y115.386 E451.60485
G1 X117.507 Y115.503 E451.61008
G1 X116.118 Y116.102 E451.66039
G1 X116.019 Y116.11 E451.6637
G1 X115.904 Y116.047 E451.66806
G1 X115.432 Y115.53 E451.69134
G1 X115.231 Y115.751 E451.70128
G1 X114.962 Y116.17 E451.71784
G1 X114.768 Y116.63 E451.73444
G1 X114.66 Y117.115 E451.75097
G1 X114.637 Y117.611 E451.76748
G1 X114.701 Y118.113 E451.78432
G1 X114.846 Y118.579 E451.80055
G1 X115.082 Y119.032 E451.81754
G1 X115.377 Y119.425 E451.83388
G1 X115.743 Y119.761 E451.85041
G1 X116.166 Y120.034 E451.86715
G1 X116.625 Y120.224 E451.88367
G1 X117.111 Y120.332 E451.90023
G1 X117.5 Y120.35 E451.91318
G0 F9000 X117.534 Y119.645
G0 X119.007 Y119.02
G0 X119.174 Y119.174
;TYPE:FILL
G1 F600 X116.473 Y116.473 E452.04023
G0 F9000 X116.564 Y116.685
G0 X119.02 Y115.993
G0 X119.175 Y115.825
G1 F600 X115.821 Y119.179 E452.19799
G0 F9000 X116.18 Y118.791
;MESH:NONMESH
G0 F300 X116.18 Y118.791 Z34.4
G0 F9000 X117.515 Y119.644
G0 X117.5 Y119.95
;TIME_ELAPSED:1528.511146
;LAYER:171
;note -- min layer time used
;TYPE:WALL-INNER
;MESH:FT09-Input Shaft.stl
G1 F600 X117.591 Y119.954 E452.20102
G1 X118.024 Y119.899 E452.21554
G1 X118.424 Y119.774 E452.22948
G1 X118.814 Y119.574 E452.24406
G1 X119.15 Y119.318 E452.2581
G1 X119.439 Y119.003 E452.27232
G1 X119.674 Y118.639 E452.28673
G1 X119.837 Y118.249 E452.30079
G1 X119.93 Y117.832 E452.315
G1 X119.95 Y117.401 E452.32935
G1 X119.895 Y116.972 E452.34374
G1 X119.77 Y116.568 E452.3578
G1 X119.571 Y116.179 E452.37234
G1 X119.315 Y115.846 E452.38631
G1 X118.999 Y115.553 E452.40064
G1 X118.635 Y115.322 E452.41498
G1 X118.243 Y115.154 E452.42916
G1 X118.001 Y115.1 E452.43741
G1 X118.008 Y115.326 E452.44493
G1 X117.961 Y115.563 E452.45297
G1 X117.726 Y115.846 E452.4652
G1 X116.248 Y116.48 E452.51869
G1 X116.063 Y116.512 E452.52494
G1 X115.806 Y116.46 E452.53366
G1 X115.453 Y116.146 E452.54937
G1 X115.318 Y116.358 E452.55773
G1 X115.15 Y116.752 E452.57198
G1 X115.058 Y117.168 E452.58615
G1 X115.038 Y117.595 E452.60037
G1 X115.093 Y118.027 E452.61485
G1 X115.217 Y118.426 E452.62875
G1 X115.422 Y118.818 E452.64346
G1 X115.675 Y119.155 E452.65748
G1 X115.989 Y119.443 E452.67165
G1 X116.352 Y119.678 E452.68603
G1 X116.746 Y119.841 E452.70021
G1 X117.164 Y119.934 E452.71445
G1 X117.5 Y119.95 E452.72564
G0 F9000 X117.5 Y120.35
;TYPE:WALL-OUTER
G1 F600 X117.607 Y120.355 E452.7292
G1 X118.109 Y120.291 E452.74604
G1 X118.576 Y120.146 E452.7623
G1 X119.028 Y119.914 E452.7792
G1 X119.42 Y119.615 E452.7956
G1 X119.757 Y119.249 E452.81214
G1 X120.03 Y118.826 E452.82889
G1 X120.22 Y118.371 E452.84529
G1 X120.328 Y117.885 E452.86185
G1 X120.351 Y117.385 E452.87849
G1 X120.287 Y116.887 E452.89519
G1 X120.142 Y116.416 E452.91159
G1 X119.91 Y115.964 E452.92848
G1 X119.611 Y115.576 E452.94478
G1 X119.245 Y115.235 E452.96141
G1 X118.822 Y114.966 E452.97809
G1 X118.366 Y114.772 E452.99457
G1 X117.881 Y114.664 E453.0111
G1 X117.581 Y114.65 E453.02108
G1 X117.612 Y115.386 E453.04559
G1 X117.507 Y115.503 E453.05081
G1 X116.118 Y116.102 E453.10113
G1 X116.019 Y116.11 E453.10443
G1 X115.904 Y116.047 E453.10879
G1 X115.432 Y115.53 E453.13207
G1 X115.231 Y115.751 E453.14201
G1 X114.962 Y116.17 E453.15857
G1 X114.768 Y116.63 E453.17518
G1 X114.66 Y117.115 E453.1917
G1 X114.637 Y117.611 E453.20822
G1 X114.701 Y118.113 E453.22505
G1 X114.846 Y118.579 E453.24128
G1 X115.082 Y119.032 E453.25827
G1 X115.377 Y119.425 E453.27461
G1 X115.743 Y119.761 E453.29114
G1 X116.166 Y120.034 E453.30788
G1 X116.625 Y120.224 E453.32441
G1 X117.111 Y120.332 E453.34096
G1 X117.5 Y120.35 E453.35392
G0 F9000 X117.534 Y119.645
G0 X119.007 Y119.02
G0 X119.174 Y119.174
;TYPE:FILL
G1 F600 X116.473 Y116.473 E453.48096
G0 F9000 X116.564 Y116.685
G0 X119.02 Y115.993
G0 X119.175 Y115.825
G1 F600 X115.821 Y119.179 E453.63872
G0 F9000 X116.18 Y118.791
;MESH:NONMESH
G0 F300 X116.18 Y118.791 Z34.6
G0 F9000 X117.515 Y119.644
G0 X117.5 Y119.95
;TIME_ELAPSED:1533.472549
;LAYER:172
;note -- min layer time used
;TYPE:WALL-INNER
;MESH:FT09-Input Shaft.stl
G1 F600 X117.591 Y119.954 E453.64175
G1 X118.024 Y119.899 E453.65627
G1 X118.424 Y119.774 E453.67021
G1 X118.814 Y119.574 E453.68479
G1 X119.15 Y119.318 E453.69884
G1 X119.439 Y119.003 E453.71306
G1 X119.674 Y118.639 E453.72747
G1 X119.837 Y118.249 E453.74153
G1 X119.93 Y117.832 E453.75574
G1 X119.95 Y117.401 E453.77009
G1 X119.895 Y116.972 E453.78447
G1 X119.77 Y116.568 E453.79854
G1 X119.571 Y116.179 E453.81307
G1 X119.315 Y115.846 E453.82704
G1 X118.999 Y115.553 E453.84137
G1 X118.635 Y115.322 E453.85571
G1 X118.243 Y115.154 E453.8699
G1 X118.001 Y115.1 E453.87814
G1 X118.008 Y115.326 E453.88566
G1 X117.961 Y115.563 E453.8937
G1 X117.726 Y115.846 E453.90593
G1 X116.248 Y116.48 E453.95943
G1 X116.063 Y116.512 E453.96567
G1 X115.806 Y116.46 E453.97439
G1 X115.453 Y116.146 E453.9901
G1 X115.318 Y116.358 E453.99846
G1 X115.15 Y116.752 E454.01271
G1 X115.058 Y117.168 E454.02688
G1 X115.038 Y117.595 E454.0411
G1 X115.093 Y118.027 E454.05558
G1 X115.217 Y118.426 E454.06948
G1 X115.422 Y118.818 E454.08419
G1 X115.675 Y119.155 E454.09821
G1 X115.989 Y119.443 E454.11238
G1 X116.352 Y119.678 E454.12676
G1 X116.746 Y119.841 E454.14094
G1 X117.164 Y119.934 E454.15519
G1 X117.5 Y119.95 E454.16637
G0 F9000 X117.5 Y120.35
;TYPE:WALL-OUTER
G1 F600 X117.607 Y120.355 E454.16994
G1 X118.109 Y120.291 E454.18677
G1 X118.576 Y120.146 E454.20303
G1 X119.028 Y119.914 E454.21993
G1 X119.42 Y119.615 E454.23633
G1 X119.757 Y119.249 E454.25288
G1 X120.03 Y118.826 E454.26962
G1 X120.22 Y118.371 E454.28602
G1 X120.328 Y117.885 E454.30258
G1 X120.351 Y117.385 E454.31923
G1 X120.287 Y116.887 E454.33593
G1 X120.142 Y116.416 E454.35232
G1 X119.91 Y115.964 E454.36922
G1 X119.611 Y115.576 E454.38551
G1 X119.245 Y115.235 E454.40215
G1 X118.822 Y114.966 E454.41882
G1 X118.366 Y114.772 E454.4353
G1 X117.881 Y114.664 E454.45183
G1 X117.581 Y114.65 E454.46182
G1 X117.612 Y115.386 E454.48632
G1 X117.507 Y115.503 E454.49155
G1 X116.118 Y116.102 E454.54186
G1 X116.019 Y116.11 E454.54516
G1 X115.904 Y116.047 E454.54952
G1 X115.432 Y115.53 E454.57281
G1 X115.231 Y115.751 E454.58274
G1 X114.962 Y116.17 E454.5993
G1 X114.768 Y116.63 E454.61591
G1 X114.66 Y117.115 E454.63243
G1 X114.637 Y117.611 E454.64895
G1 X114.701 Y118.113 E454.66578
G1 X114.846 Y118.579 E454.68201
G1 X115.082 Y119.032 E454.699
G1 X115.377 Y119.425 E454.71535
G1 X115.743 Y119.761 E454.73187
G1 X116.166 Y120.034 E454.74862
G1 X116.625 Y120.224 E454.76514
G1 X117.111 Y120.332 E454.7817
G1 X117.5 Y120.35 E454.79465
G0 F9000 X117.534 Y119.645
G0 X119.007 Y119.02
G0 X119.174 Y119.174
;TYPE:FILL
G1 F600 X116.473 Y116.473 E454.9217
G0 F9000 X116.564 Y116.685
G0 X119.02 Y115.993
G0 X119.175 Y115.825
G1 F600 X115.821 Y119.179 E455.07946
G0 F9000 X116.18 Y118.791
;MESH:NONMESH
G0 F300 X116.18 Y118.791 Z34.8
G0 F9000 X117.515 Y119.644
G0 X117.5 Y119.95
;TIME_ELAPSED:1538.433951
;LAYER:173
;note -- min layer time used
;TYPE:WALL-INNER
;MESH:FT09-Input Shaft.stl
G1 F600 X117.591 Y119.954 E455.08249
G1 X118.024 Y119.899 E455.097
G1 X118.424 Y119.774 E455.11094
G1 X118.814 Y119.574 E455.12552
G1 X119.15 Y119.318 E455.13957
G1 X119.439 Y119.003 E455.15379
G1 X119.674 Y118.639 E455.1682
G1 X119.837 Y118.249 E455.18226
G1 X119.93 Y117.832 E455.19647
G1 X119.95 Y117.401 E455.21082
G1 X119.895 Y116.972 E455.2252
G1 X119.77 Y116.568 E455.23927
G1 X119.571 Y116.179 E455.2538
G1 X119.315 Y115.846 E455.26777
G1 X118.999 Y115.553 E455.28211
G1 X118.635 Y115.322 E455.29644
G1 X118.243 Y115.154 E455.31063
G1 X118.001 Y115.1 E455.31888
G1 X118.008 Y115.326 E455.3264
G1 X117.961 Y115.563 E455.33443
G1 X117.726 Y115.846 E455.34667
G1 X116.248 Y116.48 E455.40016
G1 X116.063 Y116.512 E455.4064
G1 X115.806 Y116.46 E455.41512
G1 X115.453 Y116.146 E455.43084
G1 X115.318 Y116.358 E455.4392
G1 X115.15 Y116.752 E455.45344
G1 X115.058 Y117.168 E455.46761
G1 X115.038 Y117.595 E455.48183
G1 X115.093 Y118.027 E455.49632
G1 X115.217 Y118.426 E455.51021
G1 X115.422 Y118.818 E455.52493
G1 X115.675 Y119.155 E455.53894
G1 X115.989 Y119.443 E455.55311
G1 X116.352 Y119.678 E455.5675
G1 X116.746 Y119.841 E455.58168
G1 X117.164 Y119.934 E455.59592
G1 X117.5 Y119.95 E455.60711
G0 F9000 X117.5 Y120.35
;TYPE:WALL-OUTER
G1 F600 X117.607 Y120.355 E455.61067
G1 X118.109 Y120.291 E455.6275
G1 X118.576 Y120.146 E455.64377
G1 X119.028 Y119.914 E455.66066
G1 X119.42 Y119.615 E455.67706
G1 X119.757 Y119.249 E455.69361
G1 X120.03 Y118.826 E455.71035
G1 X120.22 Y118.371 E455.72675
G1 X120.328 Y117.885 E455.74331
G1 X120.351 Y117.385 E455.75996
G1 X120.287 Y116.887 E455.77666
G1 X120.142 Y116.416 E455.79305
G1 X119.91 Y115.964 E455.80995
G1 X119.611 Y115.576 E455.82624
G1 X119.245 Y115.235 E455.84288
G1 X118.822 Y114.966 E455.85955
G1 X118.366 Y114.772 E455.87603
G1 X117.881 Y114.664 E455.89256
G1 X117.581 Y114.65 E455.90255
G1 X117.612 Y115.386 E455.92705
G1 X117.507 Y115.503 E455.93228
G1 X116.118 Y116.102 E455.98259
G1 X116.019 Y116.11 E455.98589
G1 X115.904 Y116.047 E455.99026
G1 X115.432 Y115.53 E456.01354
G1 X115.231 Y115.751 E456.02348
G1 X114.962 Y116.17 E456.04004
G1 X114.768 Y116.63 E456.05664
G1 X114.66 Y117.115 E456.07317
G1 X114.637 Y117.611 E456.08968
G1 X114.701 Y118.113 E456.10651
G1 X114.846 Y118.579 E456.12275
G1 X115.082 Y119.032 E456.13973
G1 X115.377 Y119.425 E456.15608
G1 X115.743 Y119.761 E456.1726
G1 X116.166 Y120.034 E456.18935
G1 X116.625 Y120.224 E456.20587
G1 X117.111 Y120.332 E456.22243
G1 X117.5 Y120.35 E456.23538
G0 F9000 X117.534 Y119.645
G0 X119.007 Y119.02
G0 X119.174 Y119.174
;TYPE:FILL
G1 F600 X116.473 Y116.473 E456.36243
G0 F9000 X116.564 Y116.685
G0 X119.02 Y115.993
G0 X119.175 Y115.825
G1 F600 X115.821 Y119.179 E456.52019
G0 F9000 X116.18 Y118.791
;MESH:NONMESH
G0 F300 X116.18 Y118.791 Z35
G0 F9000 X117.515 Y119.644
G0 X117.5 Y119.95
;TIME_ELAPSED:1543.395353
;LAYER:174
;note -- min layer time used
;TYPE:WALL-INNER
;MESH:FT09-Input Shaft.stl
G1 F600 X117.591 Y119.954 E456.52322
G1 X118.024 Y119.899 E456.53774
G1 X118.424 Y119.774 E456.55168
G1 X118.814 Y119.574 E456.56625
G1 X119.15 Y119.318 E456.5803
G1 X119.439 Y119.003 E456.59452
G1 X119.674 Y118.639 E456.60893
G1 X119.837 Y118.249 E456.62299
G1 X119.93 Y117.832 E456.6372
G1 X119.95 Y117.401 E456.65155
G1 X119.895 Y116.972 E456.66594
G1 X119.77 Y116.568 E456.68
G1 X119.571 Y116.179 E456.69454
G1 X119.315 Y115.846 E456.70851
G1 X118.999 Y115.553 E456.72284
G1 X118.635 Y115.322 E456.73718
G1 X118.243 Y115.154 E456.75136
G1 X118.001 Y115.1 E456.75961
G1 X118.008 Y115.326 E456.76713
G1 X117.961 Y115.563 E456.77517
G1 X117.726 Y115.846 E456.7874
G1 X116.248 Y116.48 E456.84089
G1 X116.063 Y116.512 E456.84714
G1 X115.806 Y116.46 E456.85586
G1 X115.453 Y116.146 E456.87157
G1 X115.318 Y116.358 E456.87993
G1 X115.15 Y116.752 E456.89418
G1 X115.058 Y117.168 E456.90835
G1 X115.038 Y117.595 E456.92256
G1 X115.093 Y118.027 E456.93705
G1 X115.217 Y118.426 E456.95094
G1 X115.422 Y118.818 E456.96566
G1 X115.675 Y119.155 E456.97967
G1 X115.989 Y119.443 E456.99385
G1 X116.352 Y119.678 E457.00823
G1 X116.746 Y119.841 E457.02241
G1 X117.164 Y119.934 E457.03665
G1 X117.5 Y119.95 E457.04784
G0 F9000 X117.5 Y120.35
;TYPE:WALL-OUTER
G1 F600 X117.607 Y120.355 E457.0514
G1 X118.109 Y120.291 E457.06823
G1 X118.576 Y120.146 E457.0845
G1 X119.028 Y119.914 E457.1014
G1 X119.42 Y119.615 E457.11779
G1 X119.757 Y119.249 E457.13434
G1 X120.03 Y118.826 E457.15109
G1 X120.22 Y118.371 E457.16749
G1 X120.328 Y117.885 E457.18405
G1 X120.351 Y117.385 E457.20069
G1 X120.287 Y116.887 E457.21739
G1 X120.142 Y116.416 E457.23378
G1 X119.91 Y115.964 E457.25068
G1 X119.611 Y115.576 E457.26697
G1 X119.245 Y115.235 E457.28361
G1 X118.822 Y114.966 E457.30029
G1 X118.366 Y114.772 E457.31677
G1 X117.881 Y114.664 E457.33329
G1 X117.581 Y114.65 E457.34328
G1 X117.612 Y115.386 E457.36778
G1 X117.507 Y115.503 E457.37301
G1 X116.118 Y116.102 E457.42332
G1 X116.019 Y116.11 E457.42663
G1 X115.904 Y116.047 E457.43099
G1 X115.432 Y115.53 E457.45427
G1 X115.231 Y115.751 E457.46421
G1 X114.962 Y116.17 E457.48077
G1 X114.768 Y116.63 E457.49737
G1 X114.66 Y117.115 E457.5139
G1 X114.637 Y117.611 E457.53041
G1 X114.701 Y118.113 E457.54725
G1 X114.846 Y118.579 E457.56348
G1 X115.082 Y119.032 E457.58047
G1 X115.377 Y119.425 E457.59681
G1 X115.743 Y119.761 E457.61334
G1 X116.166 Y120.034 E457.63008
G1 X116.625 Y120.224 E457.6466
G1 X117.111 Y120.332 E457.66316
G1 X117.5 Y120.35 E457.67611
G0 F9000 X117.534 Y119.645
G0 X119.007 Y119.02
G0 X119.174 Y119.174
;TYPE:FILL
G1 F600 X116.473 Y116.473 E457.80316
G0 F9000 X116.564 Y116.685
G0 X119.02 Y115.993
G0 X119.175 Y115.825
G1 F600 X115.821 Y119.179 E457.96092
G0 F9000 X116.18 Y118.791
;MESH:NONMESH
G0 F300 X116.18 Y118.791 Z35.2
G0 F9000 X117.515 Y119.644
G0 X117.5 Y119.95
;TIME_ELAPSED:1548.356755
;LAYER:175
;note -- min layer time used
;TYPE:WALL-INNER
;MESH:FT09-Input Shaft.stl
G1 F600 X117.591 Y119.954 E457.96395
G1 X118.024 Y119.899 E457.97847
G1 X118.424 Y119.774 E457.99241
G1 X118.814 Y119.574 E458.00699
G1 X119.15 Y119.318 E458.02104
G1 X119.439 Y119.003 E458.03525
G1 X119.674 Y118.639 E458.04966
G1 X119.837 Y118.249 E458.06372
G1 X119.93 Y117.832 E458.07793
G1 X119.95 Y117.401 E458.09228
G1 X119.895 Y116.972 E458.10667
G1 X119.77 Y116.568 E458.12074
G1 X119.571 Y116.179 E458.13527
G1 X119.315 Y115.846 E458.14924
G1 X118.999 Y115.553 E458.16357
G1 X118.635 Y115.322 E458.17791
G1 X118.243 Y115.154 E458.19209
G1 X118.001 Y115.1 E458.20034
G1 X118.008 Y115.326 E458.20786
G1 X117.961 Y115.563 E458.2159
G1 X117.726 Y115.846 E458.22813
G1 X116.248 Y116.48 E458.28162
G1 X116.063 Y116.512 E458.28787
G1 X115.806 Y116.46 E458.29659
G1 X115.453 Y116.146 E458.3123
G1 X115.318 Y116.358 E458.32066
G1 X115.15 Y116.752 E458.33491
G1 X115.058 Y117.168 E458.34908
G1 X115.038 Y117.595 E458.3633
G1 X115.093 Y118.027 E458.37778
G1 X115.217 Y118.426 E458.39168
G1 X115.422 Y118.818 E458.40639
G1 X115.675 Y119.155 E458.42041
G1 X115.989 Y119.443 E458.43458
G1 X116.352 Y119.678 E458.44896
G1 X116.746 Y119.841 E458.46314
G1 X117.164 Y119.934 E458.47738
G1 X117.5 Y119.95 E458.48857
G0 F9000 X117.5 Y120.35
;TYPE:WALL-OUTER
G1 F600 X117.607 Y120.355 E458.49214
G1 X118.109 Y120.291 E458.50897
G1 X118.576 Y120.146 E458.52523
G1 X119.028 Y119.914 E458.54213
G1 X119.42 Y119.615 E458.55853
G1 X119.757 Y119.249 E458.57507
G1 X120.03 Y118.826 E458.59182
G1 X120.22 Y118.371 E458.60822
G1 X120.328 Y117.885 E458.62478
G1 X120.351 Y117.385 E458.64143
G1 X120.287 Y116.887 E458.65813
G1 X120.142 Y116.416 E458.67452
G1 X119.91 Y115.964 E458.69141
G1 X119.611 Y115.576 E458.70771
G1 X119.245 Y115.235 E458.72435
G1 X118.822 Y114.966 E458.74102
G1 X118.366 Y114.772 E458.7575
G1 X117.881 Y114.664 E458.77403
G1 X117.581 Y114.65 E458.78402
G1 X117.612 Y115.386 E458.80852
G1 X117.507 Y115.503 E458.81375
G1 X116.118 Y116.102 E458.86406
G1 X116.019 Y116.11 E458.86736
G1 X115.904 Y116.047 E458.87172
G1 X115.432 Y115.53 E458.895
G1 X115.231 Y115.751 E458.90494
G1 X114.962 Y116.17 E458.9215
G1 X114.768 Y116.63 E458.93811
G1 X114.66 Y117.115 E458.95463
G1 X114.637 Y117.611 E458.97115
G1 X114.701 Y118.113 E458.98798
G1 X114.846 Y118.579 E459.00421
G1 X115.082 Y119.032 E459.0212
G1 X115.377 Y119.425 E459.03754
G1 X115.743 Y119.761 E459.05407
G1 X116.166 Y120.034 E459.07081
G1 X116.625 Y120.224 E459.08734
G1 X117.111 Y120.332 E459.1039
G1 X117.5 Y120.35 E459.11685
G0 F9000 X117.534 Y119.645
G0 X119.007 Y119.02
G0 X119.174 Y119.174
;TYPE:FILL
G1 F600 X116.473 Y116.473 E459.24389
G0 F9000 X116.564 Y116.685
G0 X119.02 Y115.993
G0 X119.175 Y115.825
G1 F600 X115.821 Y119.179 E459.40166
G0 F9000 X116.18 Y118.791
;MESH:NONMESH
G0 F300 X116.18 Y118.791 Z35.4
G0 F9000 X117.515 Y119.644
G0 X117.5 Y119.95
;TIME_ELAPSED:1553.318157
;LAYER:176
;note -- min layer time used
;TYPE:WALL-INNER
;MESH:FT09-Input Shaft.stl
G1 F600 X117.591 Y119.954 E459.40469
G1 X118.024 Y119.899 E459.4192
G1 X118.424 Y119.774 E459.43314
G1 X118.814 Y119.574 E459.44772
G1 X119.15 Y119.318 E459.46177
G1 X119.439 Y119.003 E459.47599
G1 X119.674 Y118.639 E459.4904
G1 X119.837 Y118.249 E459.50446
G1 X119.93 Y117.832 E459.51867
G1 X119.95 Y117.401 E459.53302
G1 X119.895 Y116.972 E459.5474
G1 X119.77 Y116.568 E459.56147
G1 X119.571 Y116.179 E459.576
G1 X119.315 Y115.846 E459.58997
G1 X118.999 Y115.553 E459.6043
G1 X118.635 Y115.322 E459.61864
G1 X118.243 Y115.154 E459.63283
G1 X118.001 Y115.1 E459.64107
G1 X118.008 Y115.326 E459.64859
G1 X117.961 Y115.563 E459.65663
G1 X117.726 Y115.846 E459.66887
G1 X116.248 Y116.48 E459.72236
G1 X116.063 Y116.512 E459.7286
G1 X115.806 Y116.46 E459.73732
G1 X115.453 Y116.146 E459.75304
G1 X115.318 Y116.358 E459.76139
G1 X115.15 Y116.752 E459.77564
G1 X115.058 Y117.168 E459.78981
G1 X115.038 Y117.595 E459.80403
G1 X115.093 Y118.027 E459.81851
G1 X115.217 Y118.426 E459.83241
G1 X115.422 Y118.818 E459.84712
G1 X115.675 Y119.155 E459.86114
G1 X115.989 Y119.443 E459.87531
G1 X116.352 Y119.678 E459.88969
G1 X116.746 Y119.841 E459.90387
G1 X117.164 Y119.934 E459.91812
G1 X117.5 Y119.95 E459.92931
G0 F9000 X117.5 Y120.35
;TYPE:WALL-OUTER
G1 F600 X117.607 Y120.355 E459.93287
G1 X118.109 Y120.291 E459.9497
G1 X118.576 Y120.146 E459.96596
G1 X119.028 Y119.914 E459.98286
G1 X119.42 Y119.615 E459.99926
G1 X119.757 Y119.249 E460.01581
G1 X120.03 Y118.826 E460.03255
G1 X120.22 Y118.371 E460.04895
G1 X120.328 Y117.885 E460.06551
G1 X120.351 Y117.385 E460.08216
G1 X120.287 Y116.887 E460.09886
G1 X120.142 Y116.416 E460.11525
G1 X119.91 Y115.964 E460.13215
G1 X119.611 Y115.576 E460.14844
G1 X119.245 Y115.235 E460.16508
G1 X118.822 Y114.966 E460.18175
G1 X118.366 Y114.772 E460.19823
G1 X117.881 Y114.664 E460.21476
G1 X117.581 Y114.65 E460.22475
G1 X117.612 Y115.386 E460.24925
G1 X117.507 Y115.503 E460.25448
G1 X116.118 Y116.102 E460.30479
G1 X116.019 Y116.11 E460.30809
G1 X115.904 Y116.047 E460.31245
G1 X115.432 Y115.53 E460.33574
G1 X115.231 Y115.751 E460.34567
G1 X114.962 Y116.17 E460.36223
G1 X114.768 Y116.63 E460.37884
G1 X114.66 Y117.115 E460.39537
G1 X114.637 Y117.611 E460.41188
G1 X114.701 Y118.113 E460.42871
G1 X114.846 Y118.579 E460.44494
G1 X115.082 Y119.032 E460.46193
G1 X115.377 Y119.425 E460.47828
G1 X115.743 Y119.761 E460.4948
G1 X116.166 Y120.034 E460.51155
G1 X116.625 Y120.224 E460.52807
G1 X117.111 Y120.332 E460.54463
G1 X117.5 Y120.35 E460.55758
G0 F9000 X117.534 Y119.645
G0 X119.007 Y119.02
G0 X119.174 Y119.174
;TYPE:FILL
G1 F600 X116.473 Y116.473 E460.68463
G0 F9000 X116.564 Y116.685
G0 X119.02 Y115.993
G0 X119.175 Y115.825
G1 F600 X115.821 Y119.179 E460.84239
G0 F9000 X116.18 Y118.791
;MESH:NONMESH
G0 F300 X116.18 Y118.791 Z35.6
G0 F9000 X117.515 Y119.644
G0 X117.5 Y119.95
;TIME_ELAPSED:1558.279560
;LAYER:177
;note -- min layer time used
;TYPE:WALL-INNER
;MESH:FT09-Input Shaft.stl
G1 F600 X117.591 Y119.954 E460.84542
G1 X118.024 Y119.899 E460.85994
G1 X118.424 Y119.774 E460.87387
G1 X118.814 Y119.574 E460.88845
G1 X119.15 Y119.318 E460.9025
G1 X119.439 Y119.003 E460.91672
G1 X119.674 Y118.639 E460.93113
G1 X119.837 Y118.249 E460.94519
G1 X119.93 Y117.832 E460.9594
G1 X119.95 Y117.401 E460.97375
G1 X119.895 Y116.972 E460.98814
G1 X119.77 Y116.568 E461.0022
G1 X119.571 Y116.179 E461.01673
G1 X119.315 Y115.846 E461.0307
G1 X118.999 Y115.553 E461.04504
G1 X118.635 Y115.322 E461.05938
G1 X118.243 Y115.154 E461.07356
G1 X118.001 Y115.1 E461.08181
G1 X118.008 Y115.326 E461.08933
G1 X117.961 Y115.563 E461.09736
G1 X117.726 Y115.846 E461.1096
G1 X116.248 Y116.48 E461.16309
G1 X116.063 Y116.512 E461.16933
G1 X115.806 Y116.46 E461.17805
G1 X115.453 Y116.146 E461.19377
G1 X115.318 Y116.358 E461.20213
G1 X115.15 Y116.752 E461.21637
G1 X115.058 Y117.168 E461.23054
G1 X115.038 Y117.595 E461.24476
G1 X115.093 Y118.027 E461.25925
G1 X115.217 Y118.426 E461.27314
G1 X115.422 Y118.818 E461.28786
G1 X115.675 Y119.155 E461.30187
G1 X115.989 Y119.443 E461.31604
G1 X116.352 Y119.678 E461.33043
G1 X116.746 Y119.841 E461.34461
G1 X117.164 Y119.934 E461.35885
G1 X117.5 Y119.95 E461.37004
G0 F9000 X117.5 Y120.35
;TYPE:WALL-OUTER
G1 F600 X117.607 Y120.355 E461.3736
G1 X118.109 Y120.291 E461.39043
G1 X118.576 Y120.146 E461.4067
G1 X119.028 Y119.914 E461.4236
G1 X119.42 Y119.615 E461.43999
G1 X119.757 Y119.249 E461.45654
G1 X120.03 Y118.826 E461.47329
G1 X120.22 Y118.371 E461.48968
G1 X120.328 Y117.885 E461.50624
G1 X120.351 Y117.385 E461.52289
G1 X120.287 Y116.887 E461.53959
G1 X120.142 Y116.416 E461.55598
G1 X119.91 Y115.964 E461.57288
G1 X119.611 Y115.576 E461.58917
G1 X119.245 Y115.235 E461.60581
G1 X118.822 Y114.966 E461.62248
G1 X118.366 Y114.772 E461.63897
G1 X117.881 Y114.664 E461.65549
G1 X117.581 Y114.65 E461.66548
G1 X117.612 Y115.386 E461.68998
G1 X117.507 Y115.503 E461.69521
G1 X116.118 Y116.102 E461.74552
G1 X116.019 Y116.11 E461.74883
G1 X115.904 Y116.047 E461.75319
G1 X115.432 Y115.53 E461.77647
G1 X115.231 Y115.751 E461.78641
G1 X114.962 Y116.17 E461.80297
G1 X114.768 Y116.63 E461.81957
G1 X114.66 Y117.115 E461.8361
G1 X114.637 Y117.611 E461.85261
G1 X114.701 Y118.113 E461.86944
G1 X114.846 Y118.579 E461.88568
G1 X115.082 Y119.032 E461.90267
G1 X115.377 Y119.425 E461.91901
G1 X115.743 Y119.761 E461.93553
G1 X116.166 Y120.034 E461.95228
G1 X116.625 Y120.224 E461.9688
G1 X117.111 Y120.332 E461.98536
G1 X117.5 Y120.35 E461.99831
G0 F9000 X117.534 Y119.645
G0 X119.007 Y119.02
G0 X119.174 Y119.174
;TYPE:FILL
G1 F600 X116.473 Y116.473 E462.12536
G0 F9000 X116.564 Y116.685
G0 X119.02 Y115.993
G0 X119.175 Y115.825
G1 F600 X115.821 Y119.179 E462.28312
G0 F9000 X116.18 Y118.791
;MESH:NONMESH
G0 F300 X116.18 Y118.791 Z35.8
G0 F9000 X117.515 Y119.644
G0 X117.5 Y119.95
;TIME_ELAPSED:1563.240962
;LAYER:178
;note -- min layer time used
;TYPE:WALL-INNER
;MESH:FT09-Input Shaft.stl
G1 F600 X117.591 Y119.954 E462.28615
G1 X118.024 Y119.899 E462.30067
G1 X118.424 Y119.774 E462.31461
G1 X118.814 Y119.574 E462.32918
G1 X119.15 Y119.318 E462.34323
G1 X119.439 Y119.003 E462.35745
G1 X119.674 Y118.639 E462.37186
G1 X119.837 Y118.249 E462.38592
G1 X119.93 Y117.832 E462.40013
G1 X119.95 Y117.401 E462.41448
G1 X119.895 Y116.972 E462.42887
G1 X119.77 Y116.568 E462.44293
G1 X119.571 Y116.179 E462.45747
G1 X119.315 Y115.846 E462.47144
G1 X118.999 Y115.553 E462.48577
G1 X118.635 Y115.322 E462.50011
G1 X118.243 Y115.154 E462.51429
G1 X118.001 Y115.1 E462.52254
G1 X118.008 Y115.326 E462.53006
G1 X117.961 Y115.563 E462.5381
G1 X117.726 Y115.846 E462.55033
G1 X116.248 Y116.48 E462.60382
G1 X116.063 Y116.512 E462.61007
G1 X115.806 Y116.46 E462.61879
G1 X115.453 Y116.146 E462.6345
G1 X115.318 Y116.358 E462.64286
G1 X115.15 Y116.752 E462.65711
G1 X115.058 Y117.168 E462.67128
G1 X115.038 Y117.595 E462.68549
G1 X115.093 Y118.027 E462.69998
G1 X115.217 Y118.426 E462.71388
G1 X115.422 Y118.818 E462.72859
G1 X115.675 Y119.155 E462.7426
G1 X115.989 Y119.443 E462.75678
G1 X116.352 Y119.678 E462.77116
G1 X116.746 Y119.841 E462.78534
G1 X117.164 Y119.934 E462.79958
G1 X117.5 Y119.95 E462.81077
G0 F9000 X117.5 Y120.35
;TYPE:WALL-OUTER
G1 F600 X117.607 Y120.355 E462.81433
G1 X118.109 Y120.291 E462.83117
G1 X118.576 Y120.146 E462.84743
G1 X119.028 Y119.914 E462.86433
G1 X119.42 Y119.615 E462.88073
G1 X119.757 Y119.249 E462.89727
G1 X120.03 Y118.826 E462.91402
G1 X120.22 Y118.371 E462.93042
G1 X120.328 Y117.885 E462.94698
G1 X120.351 Y117.385 E462.96362
G1 X120.287 Y116.887 E462.98032
G1 X120.142 Y116.416 E462.99671
G1 X119.91 Y115.964 E463.01361
G1 X119.611 Y115.576 E463.02991
G1 X119.245 Y115.235 E463.04654
G1 X118.822 Y114.966 E463.06322
G1 X118.366 Y114.772 E463.0797
G1 X117.881 Y114.664 E463.09622
G1 X117.581 Y114.65 E463.10621
G1 X117.612 Y115.386 E463.13071
G1 X117.507 Y115.503 E463.13594
G1 X116.118 Y116.102 E463.18625
G1 X116.019 Y116.11 E463.18956
G1 X115.904 Y116.047 E463.19392
G1 X115.432 Y115.53 E463.2172
G1 X115.231 Y115.751 E463.22714
G1 X114.962 Y116.17 E463.2437
G1 X114.768 Y116.63 E463.2603
G1 X114.66 Y117.115 E463.27683
G1 X114.637 Y117.611 E463.29335
G1 X114.701 Y118.113 E463.31018
G1 X114.846 Y118.579 E463.32641
G1 X115.082 Y119.032 E463.3434
G1 X115.377 Y119.425 E463.35974
G1 X115.743 Y119.761 E463.37627
G1 X116.166 Y120.034 E463.39301
G1 X116.625 Y120.224 E463.40953
G1 X117.111 Y120.332 E463.42609
G1 X117.5 Y120.35 E463.43905
G0 F9000 X117.534 Y119.645
G0 X119.007 Y119.02
G0 X119.174 Y119.174
;TYPE:FILL
G1 F600 X116.473 Y116.473 E463.56609
G0 F9000 X116.564 Y116.685
G0 X119.02 Y115.993
G0 X119.175 Y115.825
G1 F600 X115.821 Y119.179 E463.72385
G0 F9000 X116.18 Y118.791
;MESH:NONMESH
G0 F300 X116.18 Y118.791 Z36
G0 F9000 X117.515 Y119.644
G0 X117.5 Y119.95
;TIME_ELAPSED:1568.202364
;LAYER:179
;note -- min layer time used
;TYPE:WALL-INNER
;MESH:FT09-Input Shaft.stl
G1 F600 X117.591 Y119.954 E463.72688
G1 X118.024 Y119.899 E463.7414
G1 X118.424 Y119.774 E463.75534
G1 X118.814 Y119.574 E463.76992
G1 X119.15 Y119.318 E463.78397
G1 X119.439 Y119.003 E463.79818
G1 X119.674 Y118.639 E463.8126
G1 X119.837 Y118.249 E463.82665
G1 X119.93 Y117.832 E463.84086
G1 X119.95 Y117.401 E463.85522
G1 X119.895 Y116.972 E463.8696
G1 X119.77 Y116.568 E463.88367
G1 X119.571 Y116.179 E463.8982
G1 X119.315 Y115.846 E463.91217
G1 X118.999 Y115.553 E463.9265
G1 X118.635 Y115.322 E463.94084
G1 X118.243 Y115.154 E463.95503
G1 X118.001 Y115.1 E463.96327
G1 X118.008 Y115.326 E463.97079
G1 X117.961 Y115.563 E463.97883
G1 X117.726 Y115.846 E463.99106
G1 X116.248 Y116.48 E464.04455
G1 X116.063 Y116.512 E464.0508
G1 X115.806 Y116.46 E464.05952
G1 X115.453 Y116.146 E464.07523
G1 X115.318 Y116.358 E464.08359
G1 X115.15 Y116.752 E464.09784
G1 X115.058 Y117.168 E464.11201
G1 X115.038 Y117.595 E464.12623
G1 X115.093 Y118.027 E464.14071
G1 X115.217 Y118.426 E464.15461
G1 X115.422 Y118.818 E464.16932
G1 X115.675 Y119.155 E464.18334
G1 X115.989 Y119.443 E464.19751
G1 X116.352 Y119.678 E464.21189
G1 X116.746 Y119.841 E464.22607
G1 X117.164 Y119.934 E464.24032
G1 X117.5 Y119.95 E464.2515
G0 F9000 X117.5 Y120.35
;TYPE:WALL-OUTER
G1 F600 X117.607 Y120.355 E464.25507
G1 X118.109 Y120.291 E464.2719
G1 X118.576 Y120.146 E464.28816
G1 X119.028 Y119.914 E464.30506
G1 X119.42 Y119.615 E464.32146
G1 X119.757 Y119.249 E464.33801
G1 X120.03 Y118.826 E464.35475
G1 X120.22 Y118.371 E464.37115
G1 X120.328 Y117.885 E464.38771
G1 X120.351 Y117.385 E464.40436
G1 X120.287 Y116.887 E464.42106
G1 X120.142 Y116.416 E464.43745
G1 X119.91 Y115.964 E464.45435
G1 X119.611 Y115.576 E464.47064
G1 X119.245 Y115.235 E464.48728
G1 X118.822 Y114.966 E464.50395
G1 X118.366 Y114.772 E464.52043
G1 X117.881 Y114.664 E464.53696
G1 X117.581 Y114.65 E464.54695
G1 X117.612 Y115.386 E464.57145
G1 X117.507 Y115.503 E464.57668
G1 X116.118 Y116.102 E464.62699
G1 X116.019 Y116.11 E464.63029
G1 X115.904 Y116.047 E464.63465
G1 X115.432 Y115.53 E464.65794
G1 X115.231 Y115.751 E464.66787
G1 X114.962 Y116.17 E464.68443
G1 X114.768 Y116.63 E464.70104
G1 X114.66 Y117.115 E464.71756
G1 X114.637 Y117.611 E464.73408
G1 X114.701 Y118.113 E464.75091
G1 X114.846 Y118.579 E464.76714
G1 X115.082 Y119.032 E464.78413
G1 X115.377 Y119.425 E464.80048
G1 X115.743 Y119.761 E464.817
G1 X116.166 Y120.034 E464.83374
G1 X116.625 Y120.224 E464.85027
G1 X117.111 Y120.332 E464.86683
G1 X117.5 Y120.35 E464.87978
G0 F9000 X117.534 Y119.645
G0 X119.007 Y119.02
G0 X119.174 Y119.174
;TYPE:FILL
G1 F600 X116.473 Y116.473 E465.00682
G0 F9000 X116.564 Y116.685
G0 X119.02 Y115.993
G0 X119.175 Y115.825
G1 F600 X115.821 Y119.179 E465.16459
G0 F9000 X116.18 Y118.791
;MESH:NONMESH
G0 F300 X116.18 Y118.791 Z36.2
G0 F9000 X117.515 Y119.644
G0 X117.5 Y119.95
;TIME_ELAPSED:1573.163766
;LAYER:180
;note -- min layer time used
;TYPE:WALL-INNER
;MESH:FT09-Input Shaft.stl
G1 F600 X117.591 Y119.954 E465.16762
G1 X118.024 Y119.899 E465.18213
G1 X118.424 Y119.774 E465.19607
G1 X118.814 Y119.574 E465.21065
G1 X119.15 Y119.318 E465.2247
G1 X119.439 Y119.003 E465.23892
G1 X119.674 Y118.639 E465.25333
G1 X119.837 Y118.249 E465.26739
G1 X119.93 Y117.832 E465.2816
G1 X119.95 Y117.401 E465.29595
G1 X119.895 Y116.972 E465.31033
G1 X119.77 Y116.568 E465.3244
G1 X119.571 Y116.179 E465.33893
G1 X119.315 Y115.846 E465.3529
G1 X118.999 Y115.553 E465.36723
G1 X118.635 Y115.322 E465.38157
G1 X118.243 Y115.154 E465.39576
G1 X118.001 Y115.1 E465.40401
G1 X118.008 Y115.326 E465.41153
G1 X117.961 Y115.563 E465.41956
G1 X117.726 Y115.846 E465.4318
G1 X116.248 Y116.48 E465.48529
G1 X116.063 Y116.512 E465.49153
G1 X115.806 Y116.46 E465.50025
G1 X115.453 Y116.146 E465.51597
G1 X115.318 Y116.358 E465.52433
G1 X115.15 Y116.752 E465.53857
G1 X115.058 Y117.168 E465.55274
G1 X115.038 Y117.595 E465.56696
G1 X115.093 Y118.027 E465.58144
G1 X115.217 Y118.426 E465.59534
G1 X115.422 Y118.818 E465.61005
G1 X115.675 Y119.155 E465.62407
G1 X115.989 Y119.443 E465.63824
G1 X116.352 Y119.678 E465.65262
G1 X116.746 Y119.841 E465.66681
G1 X117.164 Y119.934 E465.68105
G1 X117.5 Y119.95 E465.69224
G0 F9000 X117.5 Y120.35
;TYPE:WALL-OUTER
G1 F600 X117.607 Y120.355 E465.6958
G1 X118.109 Y120.291 E465.71263
G1 X118.576 Y120.146 E465.7289
G1 X119.028 Y119.914 E465.74579
G1 X119.42 Y119.615 E465.76219
G1 X119.757 Y119.249 E465.77874
G1 X120.03 Y118.826 E465.79548
G1 X120.22 Y118.371 E465.81188
G1 X120.328 Y117.885 E465.82844
G1 X120.351 Y117.385 E465.84509
G1 X120.287 Y116.887 E465.86179
G1 X120.142 Y116.416 E465.87818
G1 X119.91 Y115.964 E465.89508
G1 X119.611 Y115.576 E465.91137
G1 X119.245 Y115.235 E465.92801
G1 X118.822 Y114.966 E465.94468
G1 X118.366 Y114.772 E465.96116
G1 X117.881 Y114.664 E465.97769
G1 X117.581 Y114.65 E465.98768
G1 X117.612 Y115.386 E466.01218
G1 X117.507 Y115.503 E466.01741
G1 X116.118 Y116.102 E466.06772
G1 X116.019 Y116.11 E466.07102
G1 X115.904 Y116.047 E466.07538
G1 X115.432 Y115.53 E466.09867
G1 X115.231 Y115.751 E466.1086
G1 X114.962 Y116.17 E466.12517
G1 X114.768 Y116.63 E466.14177
G1 X114.66 Y117.115 E466.1583
G1 X114.637 Y117.611 E466.17481
G1 X114.701 Y118.113 E466.19164
G1 X114.846 Y118.579 E466.20787
G1 X115.082 Y119.032 E466.22486
G1 X115.377 Y119.425 E466.24121
G1 X115.743 Y119.761 E466.25773
G1 X116.166 Y120.034 E466.27448
G1 X116.625 Y120.224 E466.291
G1 X117.111 Y120.332 E466.30756
G1 X117.5 Y120.35 E466.32051
G0 F9000 X117.534 Y119.645
G0 X119.007 Y119.02
G0 X119.174 Y119.174
;TYPE:FILL
G1 F600 X116.473 Y116.473 E466.44756
G0 F9000 X116.564 Y116.685
G0 X119.02 Y115.993
G0 X119.175 Y115.825
G1 F600 X115.821 Y119.179 E466.60532
G0 F9000 X116.18 Y118.791
;MESH:NONMESH
G0 F300 X116.18 Y118.791 Z36.4
G0 F9000 X117.515 Y119.644
G0 X117.5 Y119.95
;TIME_ELAPSED:1578.125169
;LAYER:181
;note -- min layer time used
;TYPE:WALL-INNER
;MESH:FT09-Input Shaft.stl
G1 F600 X117.591 Y119.954 E466.60835
G1 X118.024 Y119.899 E466.62287
G1 X118.424 Y119.774 E466.63681
G1 X118.814 Y119.574 E466.65138
G1 X119.15 Y119.318 E466.66543
G1 X119.439 Y119.003 E466.67965
G1 X119.674 Y118.639 E466.69406
G1 X119.837 Y118.249 E466.70812
G1 X119.93 Y117.832 E466.72233
G1 X119.95 Y117.401 E466.73668
G1 X119.895 Y116.972 E466.75107
G1 X119.77 Y116.568 E466.76513
G1 X119.571 Y116.179 E466.77966
G1 X119.315 Y115.846 E466.79363
G1 X118.999 Y115.553 E466.80797
G1 X118.635 Y115.322 E466.82231
G1 X118.243 Y115.154 E466.83649
G1 X118.001 Y115.1 E466.84474
G1 X118.008 Y115.326 E466.85226
G1 X117.961 Y115.563 E466.86029
G1 X117.726 Y115.846 E466.87253
G1 X116.248 Y116.48 E466.92602
G1 X116.063 Y116.512 E466.93226
G1 X115.806 Y116.46 E466.94099
G1 X115.453 Y116.146 E466.9567
G1 X115.318 Y116.358 E466.96506
G1 X115.15 Y116.752 E466.9793
G1 X115.058 Y117.168 E466.99348
G1 X115.038 Y117.595 E467.00769
G1 X115.093 Y118.027 E467.02218
G1 X115.217 Y118.426 E467.03607
G1 X115.422 Y118.818 E467.05079
G1 X115.675 Y119.155 E467.0648
G1 X115.989 Y119.443 E467.07897
G1 X116.352 Y119.678 E467.09336
G1 X116.746 Y119.841 E467.10754
G1 X117.164 Y119.934 E467.12178
G1 X117.5 Y119.95 E467.13297
G0 F9000 X117.5 Y120.35
;TYPE:WALL-OUTER
G1 F600 X117.607 Y120.355 E467.13653
G1 X118.109 Y120.291 E467.15336
G1 X118.576 Y120.146 E467.16963
G1 X119.028 Y119.914 E467.18653
G1 X119.42 Y119.615 E467.20292
G1 X119.757 Y119.249 E467.21947
G1 X120.03 Y118.826 E467.23622
G1 X120.22 Y118.371 E467.25262
G1 X120.328 Y117.885 E467.26917
G1 X120.351 Y117.385 E467.28582
G1 X120.287 Y116.887 E467.30252
G1 X120.142 Y116.416 E467.31891
G1 X119.91 Y115.964 E467.33581
G1 X119.611 Y115.576 E467.3521
G1 X119.245 Y115.235 E467.36874
G1 X118.822 Y114.966 E467.38541
G1 X118.366 Y114.772 E467.4019
G1 X117.881 Y114.664 E467.41842
G1 X117.581 Y114.65 E467.42841
G1 X117.612 Y115.386 E467.45291
G1 X117.507 Y115.503 E467.45814
G1 X116.118 Y116.102 E467.50845
G1 X116.019 Y116.11 E467.51176
G1 X115.904 Y116.047 E467.51612
G1 X115.432 Y115.53 E467.5394
G1 X115.231 Y115.751 E467.54934
G1 X114.962 Y116.17 E467.5659
G1 X114.768 Y116.63 E467.5825
G1 X114.66 Y117.115 E467.59903
G1 X114.637 Y117.611 E467.61554
G1 X114.701 Y118.113 E467.63238
G1 X114.846 Y118.579 E467.64861
G1 X115.082 Y119.032 E467.6656
G1 X115.377 Y119.425 E467.68194
G1 X115.743 Y119.761 E467.69847
G1 X116.166 Y120.034 E467.71521
G1 X116.625 Y120.224 E467.73173
G1 X117.111 Y120.332 E467.74829
G1 X117.5 Y120.35 E467.76124
G0 F9000 X117.534 Y119.645
G0 X119.007 Y119.02
G0 X119.174 Y119.174
;TYPE:FILL
G1 F600 X116.473 Y116.473 E467.88829
G0 F9000 X116.564 Y116.685
G0 X119.02 Y115.993
G0 X119.175 Y115.825
G1 F600 X115.821 Y119.179 E468.04605
G0 F9000 X116.18 Y118.791
;MESH:NONMESH
G0 F300 X116.18 Y118.791 Z36.6
G0 F9000 X117.515 Y119.644
G0 X117.5 Y119.95
;TIME_ELAPSED:1583.086571
;LAYER:182
;note -- min layer time used
;TYPE:WALL-INNER
;MESH:FT09-Input Shaft.stl
G1 F600 X117.591 Y119.954 E468.04908
G1 X118.024 Y119.899 E468.0636
G1 X118.424 Y119.774 E468.07754
G1 X118.814 Y119.574 E468.09212
G1 X119.15 Y119.318 E468.10616
G1 X119.439 Y119.003 E468.12038
G1 X119.674 Y118.639 E468.13479
G1 X119.837 Y118.249 E468.14885
G1 X119.93 Y117.832 E468.16306
G1 X119.95 Y117.401 E468.17741
G1 X119.895 Y116.972 E468.1918
G1 X119.77 Y116.568 E468.20586
G1 X119.571 Y116.179 E468.2204
G1 X119.315 Y115.846 E468.23437
G1 X118.999 Y115.553 E468.2487
G1 X118.635 Y115.322 E468.26304
G1 X118.243 Y115.154 E468.27722
G1 X118.001 Y115.1 E468.28547
G1 X118.008 Y115.326 E468.29299
G1 X117.961 Y115.563 E468.30103
G1 X117.726 Y115.846 E468.31326
G1 X116.248 Y116.48 E468.36675
G1 X116.063 Y116.512 E468.373
G1 X115.806 Y116.46 E468.38172
G1 X115.453 Y116.146 E468.39743
G1 X115.318 Y116.358 E468.40579
G1 X115.15 Y116.752 E468.42004
G1 X115.058 Y117.168 E468.43421
G1 X115.038 Y117.595 E468.44843
G1 X115.093 Y118.027 E468.46291
G1 X115.217 Y118.426 E468.47681
G1 X115.422 Y118.818 E468.49152
G1 X115.675 Y119.155 E468.50554
G1 X115.989 Y119.443 E468.51971
G1 X116.352 Y119.678 E468.53409
G1 X116.746 Y119.841 E468.54827
G1 X117.164 Y119.934 E468.56251
G1 X117.5 Y119.95 E468.5737
G0 F9000 X117.5 Y120.35
;TYPE:WALL-OUTER
G1 F600 X117.607 Y120.355 E468.57726
G1 X118.109 Y120.291 E468.5941
G1 X118.576 Y120.146 E468.61036
G1 X119.028 Y119.914 E468.62726
G1 X119.42 Y119.615 E468.64366
G1 X119.757 Y119.249 E468.6602
G1 X120.03 Y118.826 E468.67695
G1 X120.22 Y118.371 E468.69335
G1 X120.328 Y117.885 E468.70991
G1 X120.351 Y117.385 E468.72655
G1 X120.287 Y116.887 E468.74325
G1 X120.142 Y116.416 E468.75965
G1 X119.91 Y115.964 E468.77654
G1 X119.611 Y115.576 E468.79284
G1 X119.245 Y115.235 E468.80947
G1 X118.822 Y114.966 E468.82615
G1 X118.366 Y114.772 E468.84263
G1 X117.881 Y114.664 E468.85916
G1 X117.581 Y114.65 E468.86914
G1 X117.612 Y115.386 E468.89365
G1 X117.507 Y115.503 E468.89887
G1 X116.118 Y116.102 E468.94919
G1 X116.019 Y116.11 E468.95249
G1 X115.904 Y116.047 E468.95685
G1 X115.432 Y115.53 E468.98013
G1 X115.231 Y115.751 E468.99007
G1 X114.962 Y116.17 E469.00663
G1 X114.768 Y116.63 E469.02324
G1 X114.66 Y117.115 E469.03976
G1 X114.637 Y117.611 E469.05628
G1 X114.701 Y118.113 E469.07311
G1 X114.846 Y118.579 E469.08934
G1 X115.082 Y119.032 E469.10633
G1 X115.377 Y119.425 E469.12267
G1 X115.743 Y119.761 E469.1392
G1 X116.166 Y120.034 E469.15594
G1 X116.625 Y120.224 E469.17247
G1 X117.111 Y120.332 E469.18902
G1 X117.5 Y120.35 E469.20198
G0 F9000 X117.534 Y119.645
G0 X119.007 Y119.02
G0 X119.174 Y119.174
;TYPE:FILL
G1 F600 X116.473 Y116.473 E469.32902
G0 F9000 X116.564 Y116.685
G0 X119.02 Y115.993
G0 X119.175 Y115.825
G1 F600 X115.821 Y119.179 E469.48678
G0 F9000 X116.18 Y118.791
;MESH:NONMESH
G0 F300 X116.18 Y118.791 Z36.8
G0 F9000 X117.515 Y119.644
G0 X117.5 Y119.95
;TIME_ELAPSED:1588.047973
;LAYER:183
;note -- min layer time used
;TYPE:WALL-INNER
;MESH:FT09-Input Shaft.stl
G1 F600 X117.591 Y119.954 E469.48981
G1 X118.024 Y119.899 E469.50433
G1 X118.424 Y119.774 E469.51827
G1 X118.814 Y119.574 E469.53285
G1 X119.15 Y119.318 E469.5469
G1 X119.439 Y119.003 E469.56112
G1 X119.674 Y118.639 E469.57553
G1 X119.837 Y118.249 E469.58959
G1 X119.93 Y117.832 E469.6038
G1 X119.95 Y117.401 E469.61815
G1 X119.895 Y116.972 E469.63253
G1 X119.77 Y116.568 E469.6466
G1 X119.571 Y116.179 E469.66113
G1 X119.315 Y115.846 E469.6751
G1 X118.999 Y115.553 E469.68943
G1 X118.635 Y115.322 E469.70377
G1 X118.243 Y115.154 E469.71796
G1 X118.001 Y115.1 E469.7262
G1 X118.008 Y115.326 E469.73372
G1 X117.961 Y115.563 E469.74176
G1 X117.726 Y115.846 E469.754
G1 X116.248 Y116.48 E469.80749
G1 X116.063 Y116.512 E469.81373
G1 X115.806 Y116.46 E469.82245
G1 X115.453 Y116.146 E469.83816
G1 X115.318 Y116.358 E469.84652
G1 X115.15 Y116.752 E469.86077
G1 X115.058 Y117.168 E469.87494
G1 X115.038 Y117.595 E469.88916
G1 X115.093 Y118.027 E469.90364
G1 X115.217 Y118.426 E469.91754
G1 X115.422 Y118.818 E469.93225
G1 X115.675 Y119.155 E469.94627
G1 X115.989 Y119.443 E469.96044
G1 X116.352 Y119.678 E469.97482
G1 X116.746 Y119.841 E469.989
G1 X117.164 Y119.934 E470.00325
G1 X117.5 Y119.95 E470.01443
G0 F9000 X117.5 Y120.35
;TYPE:WALL-OUTER
G1 F600 X117.607 Y120.355 E470.018
G1 X118.109 Y120.291 E470.03483
G1 X118.576 Y120.146 E470.05109
G1 X119.028 Y119.914 E470.06799
G1 X119.42 Y119.615 E470.08439
G1 X119.757 Y119.249 E470.10094
G1 X120.03 Y118.826 E470.11768
G1 X120.22 Y118.371 E470.13408
G1 X120.328 Y117.885 E470.15064
G1 X120.351 Y117.385 E470.16729
G1 X120.287 Y116.887 E470.18399
G1 X120.142 Y116.416 E470.20038
G1 X119.91 Y115.964 E470.21728
G1 X119.611 Y115.576 E470.23357
G1 X119.245 Y115.235 E470.25021
G1 X118.822 Y114.966 E470.26688
G1 X118.366 Y114.772 E470.28336
G1 X117.881 Y114.664 E470.29989
G1 X117.581 Y114.65 E470.30988
G1 X117.612 Y115.386 E470.33438
G1 X117.507 Y115.503 E470.33961
G1 X116.118 Y116.102 E470.38992
G1 X116.019 Y116.11 E470.39322
G1 X115.904 Y116.047 E470.39758
G1 X115.432 Y115.53 E470.42087
G1 X115.231 Y115.751 E470.4308
G1 X114.962 Y116.17 E470.44736
G1 X114.768 Y116.63 E470.46397
G1 X114.66 Y117.115 E470.48049
G1 X114.637 Y117.611 E470.49701
G1 X114.701 Y118.113 E470.51384
G1 X114.846 Y118.579 E470.53007
G1 X115.082 Y119.032 E470.54706
G1 X115.377 Y119.425 E470.56341
G1 X115.743 Y119.761 E470.57993
G1 X116.166 Y120.034 E470.59668
G1 X116.625 Y120.224 E470.6132
G1 X117.111 Y120.332 E470.62976
G1 X117.5 Y120.35 E470.64271
G0 F9000 X117.534 Y119.645
G0 X119.007 Y119.02
G0 X119.174 Y119.174
;TYPE:FILL
G1 F600 X116.473 Y116.473 E470.76976
G0 F9000 X116.564 Y116.685
G0 X119.02 Y115.993
G0 X119.175 Y115.825
G1 F600 X115.821 Y119.179 E470.92752
G0 F9000 X116.18 Y118.791
;MESH:NONMESH
G0 F300 X116.18 Y118.791 Z37
G0 F9000 X117.515 Y119.644
G0 X117.5 Y119.95
;TIME_ELAPSED:1593.009375
;LAYER:184
;note -- min layer time used
;TYPE:WALL-INNER
;MESH:FT09-Input Shaft.stl
G1 F600 X117.591 Y119.954 E470.93055
G1 X118.024 Y119.899 E470.94506
G1 X118.424 Y119.774 E470.959
G1 X118.814 Y119.574 E470.97358
G1 X119.15 Y119.318 E470.98763
G1 X119.439 Y119.003 E471.00185
G1 X119.674 Y118.639 E471.01626
G1 X119.837 Y118.249 E471.03032
G1 X119.93 Y117.832 E471.04453
G1 X119.95 Y117.401 E471.05888
G1 X119.895 Y116.972 E471.07326
G1 X119.77 Y116.568 E471.08733
G1 X119.571 Y116.179 E471.10186
G1 X119.315 Y115.846 E471.11583
G1 X118.999 Y115.553 E471.13017
G1 X118.635 Y115.322 E471.1445
G1 X118.243 Y115.154 E471.15869
G1 X118.001 Y115.1 E471.16694
G1 X118.008 Y115.326 E471.17446
G1 X117.961 Y115.563 E471.18249
G1 X117.726 Y115.846 E471.19473
G1 X116.248 Y116.48 E471.24822
G1 X116.063 Y116.512 E471.25446
G1 X115.806 Y116.46 E471.26318
G1 X115.453 Y116.146 E471.2789
G1 X115.318 Y116.358 E471.28726
G1 X115.15 Y116.752 E471.3015
G1 X115.058 Y117.168 E471.31567
G1 X115.038 Y117.595 E471.32989
G1 X115.093 Y118.027 E471.34438
G1 X115.217 Y118.426 E471.35827
G1 X115.422 Y118.818 E471.37299
G1 X115.675 Y119.155 E471.387
G1 X115.989 Y119.443 E471.40117
G1 X116.352 Y119.678 E471.41556
G1 X116.746 Y119.841 E471.42974
G1 X117.164 Y119.934 E471.44398
G1 X117.5 Y119.95 E471.45517
G0 F9000 X117.5 Y120.35
;TYPE:WALL-OUTER
G1 F600 X117.607 Y120.355 E471.45873
G1 X118.109 Y120.291 E471.47556
G1 X118.576 Y120.146 E471.49183
G1 X119.028 Y119.914 E471.50872
G1 X119.42 Y119.615 E471.52512
G1 X119.757 Y119.249 E471.54167
G1 X120.03 Y118.826 E471.55841
G1 X120.22 Y118.371 E471.57481
G1 X120.328 Y117.885 E471.59137
G1 X120.351 Y117.385 E471.60802
G1 X120.287 Y116.887 E471.62472
G1 X120.142 Y116.416 E471.64111
G1 X119.91 Y115.964 E471.65801
G1 X119.611 Y115.576 E471.6743
G1 X119.245 Y115.235 E471.69094
G1 X118.822 Y114.966 E471.70761
G1 X118.366 Y114.772 E471.72409
G1 X117.881 Y114.664 E471.74062
G1 X117.581 Y114.65 E471.75061
G1 X117.612 Y115.386 E471.77511
G1 X117.507 Y115.503 E471.78034
G1 X116.118 Y116.102 E471.83065
G1 X116.019 Y116.11 E471.83395
G1 X115.904 Y116.047 E471.83832
G1 X115.432 Y115.53 E471.8616
G1 X115.231 Y115.751 E471.87154
G1 X114.962 Y116.17 E471.8881
G1 X114.768 Y116.63 E471.9047
G1 X114.66 Y117.115 E471.92123
G1 X114.637 Y117.611 E471.93774
G1 X114.701 Y118.113 E471.95457
G1 X114.846 Y118.579 E471.97081
G1 X115.082 Y119.032 E471.98779
G1 X115.377 Y119.425 E472.00414
G1 X115.743 Y119.761 E472.02066
G1 X116.166 Y120.034 E472.03741
G1 X116.625 Y120.224 E472.05393
G1 X117.111 Y120.332 E472.07049
G1 X117.5 Y120.35 E472.08344
G0 F9000 X117.534 Y119.645
G0 X119.007 Y119.02
G0 X119.174 Y119.174
;TYPE:FILL
G1 F600 X116.473 Y116.473 E472.21049
G0 F9000 X116.564 Y116.685
G0 X119.02 Y115.993
G0 X119.175 Y115.825
G1 F600 X115.821 Y119.179 E472.36825
G0 F9000 X116.18 Y118.791
;MESH:NONMESH
G0 F300 X116.18 Y118.791 Z37.2
G0 F9000 X117.515 Y119.644
G0 X117.5 Y119.95
;TIME_ELAPSED:1597.970777
;LAYER:185
;note -- min layer time used
;TYPE:WALL-INNER
;MESH:FT09-Input Shaft.stl
G1 F600 X117.591 Y119.954 E472.37128
G1 X118.024 Y119.899 E472.3858
G1 X118.424 Y119.774 E472.39974
G1 X118.814 Y119.574 E472.41431
G1 X119.15 Y119.318 E472.42836
G1 X119.439 Y119.003 E472.44258
G1 X119.674 Y118.639 E472.45699
G1 X119.837 Y118.249 E472.47105
G1 X119.93 Y117.832 E472.48526
G1 X119.95 Y117.401 E472.49961
G1 X119.895 Y116.972 E472.514
G1 X119.77 Y116.568 E472.52806
G1 X119.571 Y116.179 E472.5426
G1 X119.315 Y115.846 E472.55657
G1 X118.999 Y115.553 E472.5709
G1 X118.635 Y115.322 E472.58524
G1 X118.243 Y115.154 E472.59942
G1 X118.001 Y115.1 E472.60767
G1 X118.008 Y115.326 E472.61519
G1 X117.961 Y115.563 E472.62323
G1 X117.726 Y115.846 E472.63546
G1 X116.248 Y116.48 E472.68895
G1 X116.063 Y116.512 E472.6952
G1 X115.806 Y116.46 E472.70392
G1 X115.453 Y116.146 E472.71963
G1 X115.318 Y116.358 E472.72799
G1 X115.15 Y116.752 E472.74224
G1 X115.058 Y117.168 E472.75641
G1 X115.038 Y117.595 E472.77062
G1 X115.093 Y118.027 E472.78511
G1 X115.217 Y118.426 E472.799
G1 X115.422 Y118.818 E472.81372
G1 X115.675 Y119.155 E472.82773
G1 X115.989 Y119.443 E472.84191
G1 X116.352 Y119.678 E472.85629
G1 X116.746 Y119.841 E472.87047
G1 X117.164 Y119.934 E472.88471
G1 X117.5 Y119.95 E472.8959
G0 F9000 X117.5 Y120.35
;TYPE:WALL-OUTER
G1 F600 X117.607 Y120.355 E472.89946
G1 X118.109 Y120.291 E472.91629
G1 X118.576 Y120.146 E472.93256
G1 X119.028 Y119.914 E472.94946
G1 X119.42 Y119.615 E472.96585
G1 X119.757 Y119.249 E472.9824
G1 X120.03 Y118.826 E472.99915
G1 X120.22 Y118.371 E473.01555
G1 X120.328 Y117.885 E473.03211
G1 X120.351 Y117.385 E473.04875
G1 X120.287 Y116.887 E473.06545
G1 X120.142 Y116.416 E473.08184
G1 X119.91 Y115.964 E473.09874
G1 X119.611 Y115.576 E473.11503
G1 X119.245 Y115.235 E473.13167
G1 X118.822 Y114.966 E473.14835
G1 X118.366 Y114.772 E473.16483
G1 X117.881 Y114.664 E473.18135
G1 X117.581 Y114.65 E473.19134
G1 X117.612 Y115.386 E473.21584
G1 X117.507 Y115.503 E473.22107
G1 X116.118 Y116.102 E473.27138
G1 X116.019 Y116.11 E473.27469
G1 X115.904 Y116.047 E473.27905
G1 X115.432 Y115.53 E473.30233
G1 X115.231 Y115.751 E473.31227
G1 X114.962 Y116.17 E473.32883
G1 X114.768 Y116.63 E473.34543
G1 X114.66 Y117.115 E473.36196
G1 X114.637 Y117.611 E473.37847
G1 X114.701 Y118.113 E473.39531
G1 X114.846 Y118.579 E473.41154
G1 X115.082 Y119.032 E473.42853
G1 X115.377 Y119.425 E473.44487
G1 X115.743 Y119.761 E473.4614
G1 X116.166 Y120.034 E473.47814
G1 X116.625 Y120.224 E473.49466
G1 X117.111 Y120.332 E473.51122
G1 X117.5 Y120.35 E473.52417
G0 F9000 X117.534 Y119.645
G0 X119.007 Y119.02
G0 X119.174 Y119.174
;TYPE:FILL
G1 F600 X116.473 Y116.473 E473.65122
G0 F9000 X116.564 Y116.685
G0 X119.02 Y115.993
G0 X119.175 Y115.825
G1 F600 X115.821 Y119.179 E473.80898
G0 F9000 X116.18 Y118.791
;MESH:NONMESH
G0 F300 X116.18 Y118.791 Z37.4
G0 F9000 X117.515 Y119.644
G0 X117.5 Y119.95
;TIME_ELAPSED:1602.932180
;LAYER:186
;note -- min layer time used
;TYPE:WALL-INNER
;MESH:FT09-Input Shaft.stl
G1 F600 X117.591 Y119.954 E473.81201
G1 X118.024 Y119.899 E473.82653
G1 X118.424 Y119.774 E473.84047
G1 X118.814 Y119.574 E473.85505
G1 X119.15 Y119.318 E473.8691
G1 X119.439 Y119.003 E473.88331
G1 X119.674 Y118.639 E473.89772
G1 X119.837 Y118.249 E473.91178
G1 X119.93 Y117.832 E473.92599
G1 X119.95 Y117.401 E473.94034
G1 X119.895 Y116.972 E473.95473
G1 X119.77 Y116.568 E473.9688
G1 X119.571 Y116.179 E473.98333
G1 X119.315 Y115.846 E473.9973
G1 X118.999 Y115.553 E474.01163
G1 X118.635 Y115.322 E474.02597
G1 X118.243 Y115.154 E474.04016
G1 X118.001 Y115.1 E474.0484
G1 X118.008 Y115.326 E474.05592
G1 X117.961 Y115.563 E474.06396
G1 X117.726 Y115.846 E474.07619
G1 X116.248 Y116.48 E474.12968
G1 X116.063 Y116.512 E474.13593
G1 X115.806 Y116.46 E474.14465
G1 X115.453 Y116.146 E474.16036
G1 X115.318 Y116.358 E474.16872
G1 X115.15 Y116.752 E474.18297
G1 X115.058 Y117.168 E474.19714
G1 X115.038 Y117.595 E474.21136
G1 X115.093 Y118.027 E474.22584
G1 X115.217 Y118.426 E474.23974
G1 X115.422 Y118.818 E474.25445
G1 X115.675 Y119.155 E474.26847
G1 X115.989 Y119.443 E474.28264
G1 X116.352 Y119.678 E474.29702
G1 X116.746 Y119.841 E474.3112
G1 X117.164 Y119.934 E474.32544
G1 X117.5 Y119.95 E474.33663
G0 F9000 X117.5 Y120.35
;TYPE:WALL-OUTER
G1 F600 X117.607 Y120.355 E474.3402
G1 X118.109 Y120.291 E474.35703
G1 X118.576 Y120.146 E474.37329
G1 X119.028 Y119.914 E474.39019
G1 X119.42 Y119.615 E474.40659
G1 X119.757 Y119.249 E474.42313
G1 X120.03 Y118.826 E474.43988
G1 X120.22 Y118.371 E474.45628
G1 X120.328 Y117.885 E474.47284
G1 X120.351 Y117.385 E474.48949
G1 X120.287 Y116.887 E474.50619
G1 X120.142 Y116.416 E474.52258
G1 X119.91 Y115.964 E474.53947
G1 X119.611 Y115.576 E474.55577
G1 X119.245 Y115.235 E474.57241
G1 X118.822 Y114.966 E474.58908
G1 X118.366 Y114.772 E474.60556
G1 X117.881 Y114.664 E474.62209
G1 X117.581 Y114.65 E474.63208
G1 X117.612 Y115.386 E474.65658
G1 X117.507 Y115.503 E474.66181
G1 X116.118 Y116.102 E474.71212
G1 X116.019 Y116.11 E474.71542
G1 X115.904 Y116.047 E474.71978
G1 X115.432 Y115.53 E474.74306
G1 X115.231 Y115.751 E474.753
G1 X114.962 Y116.17 E474.76956
G1 X114.768 Y116.63 E474.78617
G1 X114.66 Y117.115 E474.80269
G1 X114.637 Y117.611 E474.81921
G1 X114.701 Y118.113 E474.83604
G1 X114.846 Y118.579 E474.85227
G1 X115.082 Y119.032 E474.86926
G1 X115.377 Y119.425 E474.8856
G1 X115.743 Y119.761 E474.90213
G1 X116.166 Y120.034 E474.91887
G1 X116.625 Y120.224 E474.9354
G1 X117.111 Y120.332 E474.95196
G1 X117.5 Y120.35 E474.96491
G0 F9000 X117.534 Y119.645
G0 X119.007 Y119.02
G0 X119.174 Y119.174
;TYPE:FILL
G1 F600 X116.473 Y116.473 E475.09195
G0 F9000 X116.564 Y116.685
G0 X119.02 Y115.993
G0 X119.175 Y115.825
G1 F600 X115.821 Y119.179 E475.24972
G0 F9000 X116.18 Y118.791
;MESH:NONMESH
G0 F300 X116.18 Y118.791 Z37.6
G0 F9000 X117.515 Y119.644
G0 X117.5 Y119.95
;TIME_ELAPSED:1607.893582
;LAYER:187
;note -- min layer time used
;TYPE:WALL-INNER
;MESH:FT09-Input Shaft.stl
G1 F600 X117.591 Y119.954 E475.25275
G1 X118.024 Y119.899 E475.26726
G1 X118.424 Y119.774 E475.2812
G1 X118.814 Y119.574 E475.29578
G1 X119.15 Y119.318 E475.30983
G1 X119.439 Y119.003 E475.32405
G1 X119.674 Y118.639 E475.33846
G1 X119.837 Y118.249 E475.35252
G1 X119.93 Y117.832 E475.36673
G1 X119.95 Y117.401 E475.38108
G1 X119.895 Y116.972 E475.39546
G1 X119.77 Y116.568 E475.40953
G1 X119.571 Y116.179 E475.42406
G1 X119.315 Y115.846 E475.43803
G1 X118.999 Y115.553 E475.45236
G1 X118.635 Y115.322 E475.4667
G1 X118.243 Y115.154 E475.48089
G1 X118.001 Y115.1 E475.48913
G1 X118.008 Y115.326 E475.49666
G1 X117.961 Y115.563 E475.50469
G1 X117.726 Y115.846 E475.51693
G1 X116.248 Y116.48 E475.57042
G1 X116.063 Y116.512 E475.57666
G1 X115.806 Y116.46 E475.58538
G1 X115.453 Y116.146 E475.6011
G1 X115.318 Y116.358 E475.60945
G1 X115.15 Y116.752 E475.6237
G1 X115.058 Y117.168 E475.63787
G1 X115.038 Y117.595 E475.65209
G1 X115.093 Y118.027 E475.66657
G1 X115.217 Y118.426 E475.68047
G1 X115.422 Y118.818 E475.69518
G1 X115.675 Y119.155 E475.7092
G1 X115.989 Y119.443 E475.72337
G1 X116.352 Y119.678 E475.73775
G1 X116.746 Y119.841 E475.75193
G1 X117.164 Y119.934 E475.76618
G1 X117.5 Y119.95 E475.77737
G0 F9000 X117.5 Y120.35
;TYPE:WALL-OUTER
G1 F600 X117.607 Y120.355 E475.78093
G1 X118.109 Y120.291 E475.79776
G1 X118.576 Y120.146 E475.81402
G1 X119.028 Y119.914 E475.83092
G1 X119.42 Y119.615 E475.84732
G1 X119.757 Y119.249 E475.86387
G1 X120.03 Y118.826 E475.88061
G1 X120.22 Y118.371 E475.89701
G1 X120.328 Y117.885 E475.91357
G1 X120.351 Y117.385 E475.93022
G1 X120.287 Y116.887 E475.94692
G1 X120.142 Y116.416 E475.96331
G1 X119.91 Y115.964 E475.98021
G1 X119.611 Y115.576 E475.9965
G1 X119.245 Y115.235 E476.01314
G1 X118.822 Y114.966 E476.02981
G1 X118.366 Y114.772 E476.04629
G1 X117.881 Y114.664 E476.06282
G1 X117.581 Y114.65 E476.07281
G1 X117.612 Y115.386 E476.09731
G1 X117.507 Y115.503 E476.10254
G1 X116.118 Y116.102 E476.15285
G1 X116.019 Y116.11 E476.15615
G1 X115.904 Y116.047 E476.16051
G1 X115.432 Y115.53 E476.1838
G1 X115.231 Y115.751 E476.19373
G1 X114.962 Y116.17 E476.21029
G1 X114.768 Y116.63 E476.2269
G1 X114.66 Y117.115 E476.24343
G1 X114.637 Y117.611 E476.25994
G1 X114.701 Y118.113 E476.27677
G1 X114.846 Y118.579 E476.293
G1 X115.082 Y119.032 E476.30999
G1 X115.377 Y119.425 E476.32634
G1 X115.743 Y119.761 E476.34286
G1 X116.166 Y120.034 E476.35961
G1 X116.625 Y120.224 E476.37613
G1 X117.111 Y120.332 E476.39269
G1 X117.5 Y120.35 E476.40564
G0 F9000 X117.534 Y119.645
G0 X119.007 Y119.02
G0 X119.174 Y119.174
;TYPE:FILL
G1 F600 X116.473 Y116.473 E476.53269
G0 F9000 X116.564 Y116.685
G0 X119.02 Y115.993
G0 X119.175 Y115.825
G1 F600 X115.821 Y119.179 E476.69045
G0 F9000 X116.18 Y118.791
;MESH:NONMESH
G0 F300 X116.18 Y118.791 Z37.8
G0 F9000 X117.515 Y119.644
G0 X117.5 Y119.95
;TIME_ELAPSED:1612.854984
;LAYER:188
;note -- min layer time used
;TYPE:WALL-INNER
;MESH:FT09-Input Shaft.stl
G1 F600 X117.591 Y119.954 E476.69348
G1 X118.024 Y119.899 E476.708
G1 X118.424 Y119.774 E476.72193
G1 X118.814 Y119.574 E476.73651
G1 X119.15 Y119.318 E476.75056
G1 X119.439 Y119.003 E476.76478
G1 X119.674 Y118.639 E476.77919
G1 X119.837 Y118.249 E476.79325
G1 X119.93 Y117.832 E476.80746
G1 X119.95 Y117.401 E476.82181
G1 X119.895 Y116.972 E476.8362
G1 X119.77 Y116.568 E476.85026
G1 X119.571 Y116.179 E476.86479
G1 X119.315 Y115.846 E476.87876
G1 X118.999 Y115.553 E476.8931
G1 X118.635 Y115.322 E476.90744
G1 X118.243 Y115.154 E476.92162
G1 X118.001 Y115.1 E476.92987
G1 X118.008 Y115.326 E476.93739
G1 X117.961 Y115.563 E476.94542
G1 X117.726 Y115.846 E476.95766
G1 X116.248 Y116.48 E477.01115
G1 X116.063 Y116.512 E477.01739
G1 X115.806 Y116.46 E477.02611
G1 X115.453 Y116.146 E477.04183
G1 X115.318 Y116.358 E477.05019
G1 X115.15 Y116.752 E477.06443
G1 X115.058 Y117.168 E477.0786
G1 X115.038 Y117.595 E477.09282
G1 X115.093 Y118.027 E477.10731
G1 X115.217 Y118.426 E477.1212
G1 X115.422 Y118.818 E477.13592
G1 X115.675 Y119.155 E477.14993
G1 X115.989 Y119.443 E477.1641
G1 X116.352 Y119.678 E477.17849
G1 X116.746 Y119.841 E477.19267
G1 X117.164 Y119.934 E477.20691
G1 X117.5 Y119.95 E477.2181
G0 F9000 X117.5 Y120.35
;TYPE:WALL-OUTER
G1 F600 X117.607 Y120.355 E477.22166
G1 X118.109 Y120.291 E477.23849
G1 X118.576 Y120.146 E477.25476
G1 X119.028 Y119.914 E477.27166
G1 X119.42 Y119.615 E477.28805
G1 X119.757 Y119.249 E477.3046
G1 X120.03 Y118.826 E477.32135
G1 X120.22 Y118.371 E477.33774
G1 X120.328 Y117.885 E477.3543
G1 X120.351 Y117.385 E477.37095
G1 X120.287 Y116.887 E477.38765
G1 X120.142 Y116.416 E477.40404
G1 X119.91 Y115.964 E477.42094
G1 X119.611 Y115.576 E477.43723
G1 X119.245 Y115.235 E477.45387
G1 X118.822 Y114.966 E477.47054
G1 X118.366 Y114.772 E477.48703
G1 X117.881 Y114.664 E477.50355
G1 X117.581 Y114.65 E477.51354
G1 X117.612 Y115.386 E477.53804
G1 X117.507 Y115.503 E477.54327
G1 X116.118 Y116.102 E477.59358
G1 X116.019 Y116.11 E477.59689
G1 X115.904 Y116.047 E477.60125
G1 X115.432 Y115.53 E477.62453
G1 X115.231 Y115.751 E477.63447
G1 X114.962 Y116.17 E477.65103
G1 X114.768 Y116.63 E477.66763
G1 X114.66 Y117.115 E477.68416
G1 X114.637 Y117.611 E477.70067
G1 X114.701 Y118.113 E477.7175
G1 X114.846 Y118.579 E477.73374
G1 X115.082 Y119.032 E477.75073
G1 X115.377 Y119.425 E477.76707
G1 X115.743 Y119.761 E477.78359
G1 X116.166 Y120.034 E477.80034
G1 X116.625 Y120.224 E477.81686
G1 X117.111 Y120.332 E477.83342
G1 X117.5 Y120.35 E477.84637
G0 F9000 X117.534 Y119.645
G0 X119.007 Y119.02
G0 X119.174 Y119.174
;TYPE:FILL
G1 F600 X116.473 Y116.473 E477.97342
G0 F9000 X116.564 Y116.685
G0 X119.02 Y115.993
G0 X119.175 Y115.825
G1 F600 X115.821 Y119.179 E478.13118
G0 F9000 X116.18 Y118.791
;MESH:NONMESH
G0 F300 X116.18 Y118.791 Z38
G0 F9000 X117.515 Y119.644
G0 X117.5 Y119.95
;TIME_ELAPSED:1617.816386
;LAYER:189
;note -- min layer time used
;TYPE:WALL-INNER
;MESH:FT09-Input Shaft.stl
G1 F600 X117.591 Y119.954 E478.13421
G1 X118.024 Y119.899 E478.14873
G1 X118.424 Y119.774 E478.16267
G1 X118.814 Y119.574 E478.17724
G1 X119.15 Y119.318 E478.19129
G1 X119.439 Y119.003 E478.20551
G1 X119.674 Y118.639 E478.21992
G1 X119.837 Y118.249 E478.23398
G1 X119.93 Y117.832 E478.24819
G1 X119.95 Y117.401 E478.26254
G1 X119.895 Y116.972 E478.27693
G1 X119.77 Y116.568 E478.29099
G1 X119.571 Y116.179 E478.30553
G1 X119.315 Y115.846 E478.3195
G1 X118.999 Y115.553 E478.33383
G1 X118.635 Y115.322 E478.34817
G1 X118.243 Y115.154 E478.36235
G1 X118.001 Y115.1 E478.3706
G1 X118.008 Y115.326 E478.37812
G1 X117.961 Y115.563 E478.38616
G1 X117.726 Y115.846 E478.39839
G1 X116.248 Y116.48 E478.45188
G1 X116.063 Y116.512 E478.45813
G1 X115.806 Y116.46 E478.46685
G1 X115.453 Y116.146 E478.48256
G1 X115.318 Y116.358 E478.49092
G1 X115.15 Y116.752 E478.50517
G1 X115.058 Y117.168 E478.51934
G1 X115.038 Y117.595 E478.53355
G1 X115.093 Y118.027 E478.54804
G1 X115.217 Y118.426 E478.56194
G1 X115.422 Y118.818 E478.57665
G1 X115.675 Y119.155 E478.59066
G1 X115.989 Y119.443 E478.60484
G1 X116.352 Y119.678 E478.61922
G1 X116.746 Y119.841 E478.6334
G1 X117.164 Y119.934 E478.64764
G1 X117.5 Y119.95 E478.65883
G0 F9000 X117.5 Y120.35
;TYPE:WALL-OUTER
G1 F600 X117.607 Y120.355 E478.66239
G1 X118.109 Y120.291 E478.67923
G1 X118.576 Y120.146 E478.69549
G1 X119.028 Y119.914 E478.71239
G1 X119.42 Y119.615 E478.72879
G1 X119.757 Y119.249 E478.74533
G1 X120.03 Y118.826 E478.76208
G1 X120.22 Y118.371 E478.77848
G1 X120.328 Y117.885 E478.79504
G1 X120.351 Y117.385 E478.81168
G1 X120.287 Y116.887 E478.82838
G1 X120.142 Y116.416 E478.84477
G1 X119.91 Y115.964 E478.86167
G1 X119.611 Y115.576 E478.87797
G1 X119.245 Y115.235 E478.8946
G1 X118.822 Y114.966 E478.91128
G1 X118.366 Y114.772 E478.92776
G1 X117.881 Y114.664 E478.94428
G1 X117.581 Y114.65 E478.95427
G1 X117.612 Y115.386 E478.97877
G1 X117.507 Y115.503 E478.984
G1 X116.118 Y116.102 E479.03431
G1 X116.019 Y116.11 E479.03762
G1 X115.904 Y116.047 E479.04198
G1 X115.432 Y115.53 E479.06526
G1 X115.231 Y115.751 E479.0752
G1 X114.962 Y116.17 E479.09176
G1 X114.768 Y116.63 E479.10836
G1 X114.66 Y117.115 E479.12489
G1 X114.637 Y117.611 E479.14141
G1 X114.701 Y118.113 E479.15824
G1 X114.846 Y118.579 E479.17447
G1 X115.082 Y119.032 E479.19146
G1 X115.377 Y119.425 E479.2078
G1 X115.743 Y119.761 E479.22433
G1 X116.166 Y120.034 E479.24107
G1 X116.625 Y120.224 E479.25759
G1 X117.111 Y120.332 E479.27415
G1 X117.5 Y120.35 E479.28711
G0 F9000 X117.534 Y119.645
G0 X119.007 Y119.02
G0 X119.174 Y119.174
;TYPE:FILL
G1 F600 X116.473 Y116.473 E479.41415
G0 F9000 X116.564 Y116.685
G0 X119.02 Y115.993
G0 X119.175 Y115.825
G1 F600 X115.821 Y119.179 E479.57191
G0 F9000 X116.18 Y118.791
;MESH:NONMESH
G0 F300 X116.18 Y118.791 Z38.2
G0 F9000 X117.515 Y119.644
G0 X117.5 Y119.95
;TIME_ELAPSED:1622.777788
;LAYER:190
;note -- min layer time used
;TYPE:WALL-INNER
;MESH:FT09-Input Shaft.stl
G1 F600 X117.591 Y119.954 E479.57494
G1 X118.024 Y119.899 E479.58946
G1 X118.424 Y119.774 E479.6034
G1 X118.814 Y119.574 E479.61798
G1 X119.15 Y119.318 E479.63203
G1 X119.439 Y119.003 E479.64625
G1 X119.674 Y118.639 E479.66066
G1 X119.837 Y118.249 E479.67471
G1 X119.93 Y117.832 E479.68892
G1 X119.95 Y117.401 E479.70328
G1 X119.895 Y116.972 E479.71766
G1 X119.77 Y116.568 E479.73173
G1 X119.571 Y116.179 E479.74626
G1 X119.315 Y115.846 E479.76023
G1 X118.999 Y115.553 E479.77456
G1 X118.635 Y115.322 E479.7889
G1 X118.243 Y115.154 E479.80309
G1 X118.001 Y115.1 E479.81133
G1 X118.008 Y115.326 E479.81885
G1 X117.961 Y115.563 E479.82689
G1 X117.726 Y115.846 E479.83912
G1 X116.248 Y116.48 E479.89261
G1 X116.063 Y116.512 E479.89886
G1 X115.806 Y116.46 E479.90758
G1 X115.453 Y116.146 E479.92329
G1 X115.318 Y116.358 E479.93165
G1 X115.15 Y116.752 E479.9459
G1 X115.058 Y117.168 E479.96007
G1 X115.038 Y117.595 E479.97429
G1 X115.093 Y118.027 E479.98877
G1 X115.217 Y118.426 E480.00267
G1 X115.422 Y118.818 E480.01738
G1 X115.675 Y119.155 E480.0314
G1 X115.989 Y119.443 E480.04557
G1 X116.352 Y119.678 E480.05995
G1 X116.746 Y119.841 E480.07413
G1 X117.164 Y119.934 E480.08838
G1 X117.5 Y119.95 E480.09956
G0 F9000 X117.5 Y120.35
;TYPE:WALL-OUTER
G1 F600 X117.607 Y120.355 E480.10313
G1 X118.109 Y120.291 E480.11996
G1 X118.576 Y120.146 E480.13622
G1 X119.028 Y119.914 E480.15312
G1 X119.42 Y119.615 E480.16952
G1 X119.757 Y119.249 E480.18607
G1 X120.03 Y118.826 E480.20281
G1 X120.22 Y118.371 E480.21921
G1 X120.328 Y117.885 E480.23577
G1 X120.351 Y117.385 E480.25242
G1 X120.287 Y116.887 E480.26912
G1 X120.142 Y116.416 E480.28551
G1 X119.91 Y115.964 E480.30241
G1 X119.611 Y115.576 E480.3187
G1 X119.245 Y115.235 E480.33534
G1 X118.822 Y114.966 E480.35201
G1 X118.366 Y114.772 E480.36849
G1 X117.881 Y114.664 E480.38502
G1 X117.581 Y114.65 E480.39501
G1 X117.612 Y115.386 E480.41951
G1 X117.507 Y115.503 E480.42474
G1 X116.118 Y116.102 E480.47505
G1 X116.019 Y116.11 E480.47835
G1 X115.904 Y116.047 E480.48271
G1 X115.432 Y115.53 E480.506
G1 X115.231 Y115.751 E480.51593
G1 X114.962 Y116.17 E480.53249
G1 X114.768 Y116.63 E480.5491
G1 X114.66 Y117.115 E480.56562
G1 X114.637 Y117.611 E480.58214
G1 X114.701 Y118.113 E480.59897
G1 X114.846 Y118.579 E480.6152
G1 X115.082 Y119.032 E480.63219
G1 X115.377 Y119.425 E480.64854
G1 X115.743 Y119.761 E480.66506
G1 X116.166 Y120.034 E480.6818
G1 X116.625 Y120.224 E480.69833
G1 X117.111 Y120.332 E480.71489
G1 X117.5 Y120.35 E480.72784
G0 F9000 X117.534 Y119.645
G0 X119.007 Y119.02
G0 X119.174 Y119.174
;TYPE:FILL
G1 F600 X116.473 Y116.473 E480.85488
G0 F9000 X116.564 Y116.685
G0 X119.02 Y115.993
G0 X119.175 Y115.825
G1 F600 X115.821 Y119.179 E481.01265
G0 F9000 X116.18 Y118.791
;MESH:NONMESH
G0 F300 X116.18 Y118.791 Z38.4
G0 F9000 X117.515 Y119.644
G0 X117.5 Y119.95
;TIME_ELAPSED:1627.739191
;LAYER:191
;note -- min layer time used
;TYPE:WALL-INNER
;MESH:FT09-Input Shaft.stl
G1 F600 X117.591 Y119.954 E481.01568
G1 X118.024 Y119.899 E481.03019
G1 X118.424 Y119.774 E481.04413
G1 X118.814 Y119.574 E481.05871
G1 X119.15 Y119.318 E481.07276
G1 X119.439 Y119.003 E481.08698
G1 X119.674 Y118.639 E481.10139
G1 X119.837 Y118.249 E481.11545
G1 X119.93 Y117.832 E481.12966
G1 X119.95 Y117.401 E481.14401
G1 X119.895 Y116.972 E481.15839
G1 X119.77 Y116.568 E481.17246
G1 X119.571 Y116.179 E481.18699
G1 X119.315 Y115.846 E481.20096
G1 X118.999 Y115.553 E481.21529
G1 X118.635 Y115.322 E481.22963
G1 X118.243 Y115.154 E481.24382
G1 X118.001 Y115.1 E481.25207
G1 X118.008 Y115.326 E481.25959
G1 X117.961 Y115.563 E481.26762
G1 X117.726 Y115.846 E481.27986
G1 X116.248 Y116.48 E481.33335
G1 X116.063 Y116.512 E481.33959
G1 X115.806 Y116.46 E481.34831
G1 X115.453 Y116.146 E481.36403
G1 X115.318 Y116.358 E481.37239
G1 X115.15 Y116.752 E481.38663
G1 X115.058 Y117.168 E481.4008
G1 X115.038 Y117.595 E481.41502
G1 X115.093 Y118.027 E481.4295
G1 X115.217 Y118.426 E481.4434
G1 X115.422 Y118.818 E481.45811
G1 X115.675 Y119.155 E481.47213
G1 X115.989 Y119.443 E481.4863
G1 X116.352 Y119.678 E481.50068
G1 X116.746 Y119.841 E481.51487
G1 X117.164 Y119.934 E481.52911
G1 X117.5 Y119.95 E481.5403
G0 F9000 X117.5 Y120.35
;TYPE:WALL-OUTER
G1 F600 X117.607 Y120.355 E481.54386
G1 X118.109 Y120.291 E481.56069
G1 X118.576 Y120.146 E481.57696
G1 X119.028 Y119.914 E481.59385
G1 X119.42 Y119.615 E481.61025
G1 X119.757 Y119.249 E481.6268
G1 X120.03 Y118.826 E481.64354
G1 X120.22 Y118.371 E481.65994
G1 X120.328 Y117.885 E481.6765
G1 X120.351 Y117.385 E481.69315
G1 X120.287 Y116.887 E481.70985
G1 X120.142 Y116.416 E481.72624
G1 X119.91 Y115.964 E481.74314
G1 X119.611 Y115.576 E481.75943
G1 X119.245 Y115.235 E481.77607
G1 X118.822 Y114.966 E481.79274
G1 X118.366 Y114.772 E481.80922
G1 X117.881 Y114.664 E481.82575
G1 X117.581 Y114.65 E481.83574
G1 X117.612 Y115.386 E481.86024
G1 X117.507 Y115.503 E481.86547
G1 X116.118 Y116.102 E481.91578
G1 X116.019 Y116.11 E481.91908
G1 X115.904 Y116.047 E481.92344
G1 X115.432 Y115.53 E481.94673
G1 X115.231 Y115.751 E481.95666
G1 X114.962 Y116.17 E481.97323
G1 X114.768 Y116.63 E481.98983
G1 X114.66 Y117.115 E482.00636
G1 X114.637 Y117.611 E482.02287
G1 X114.701 Y118.113 E482.0397
G1 X114.846 Y118.579 E482.05593
G1 X115.082 Y119.032 E482.07292
G1 X115.377 Y119.425 E482.08927
G1 X115.743 Y119.761 E482.10579
G1 X116.166 Y120.034 E482.12254
G1 X116.625 Y120.224 E482.13906
G1 X117.111 Y120.332 E482.15562
G1 X117.5 Y120.35 E482.16857
G0 F9000 X117.534 Y119.645
G0 X119.007 Y119.02
G0 X119.174 Y119.174
;TYPE:FILL
G1 F600 X116.473 Y116.473 E482.29562
G0 F9000 X116.564 Y116.685
G0 X119.02 Y115.993
G0 X119.175 Y115.825
G1 F600 X115.821 Y119.179 E482.45338
G0 F9000 X116.18 Y118.791
;MESH:NONMESH
G0 F300 X116.18 Y118.791 Z38.6
G0 F9000 X117.515 Y119.644
G0 X117.5 Y119.95
;TIME_ELAPSED:1632.700593
;LAYER:192
;note -- min layer time used
;TYPE:WALL-INNER
;MESH:FT09-Input Shaft.stl
G1 F600 X117.591 Y119.954 E482.45641
G1 X118.024 Y119.899 E482.47093
G1 X118.424 Y119.774 E482.48487
G1 X118.814 Y119.574 E482.49944
G1 X119.15 Y119.318 E482.51349
G1 X119.439 Y119.003 E482.52771
G1 X119.674 Y118.639 E482.54212
G1 X119.837 Y118.249 E482.55618
G1 X119.93 Y117.832 E482.57039
G1 X119.95 Y117.401 E482.58474
G1 X119.895 Y116.972 E482.59913
G1 X119.77 Y116.568 E482.61319
G1 X119.571 Y116.179 E482.62772
G1 X119.315 Y115.846 E482.64169
G1 X118.999 Y115.553 E482.65603
G1 X118.635 Y115.322 E482.67037
G1 X118.243 Y115.154 E482.68455
G1 X118.001 Y115.1 E482.6928
G1 X118.008 Y115.326 E482.70032
G1 X117.961 Y115.563 E482.70835
G1 X117.726 Y115.846 E482.72059
G1 X116.248 Y116.48 E482.77408
G1 X116.063 Y116.512 E482.78032
G1 X115.806 Y116.46 E482.78905
G1 X115.453 Y116.146 E482.80476
G1 X115.318 Y116.358 E482.81312
G1 X115.15 Y116.752 E482.82736
G1 X115.058 Y117.168 E482.84154
G1 X115.038 Y117.595 E482.85575
G1 X115.093 Y118.027 E482.87024
G1 X115.217 Y118.426 E482.88413
G1 X115.422 Y118.818 E482.89885
G1 X115.675 Y119.155 E482.91286
G1 X115.989 Y119.443 E482.92703
G1 X116.352 Y119.678 E482.94142
G1 X116.746 Y119.841 E482.9556
G1 X117.164 Y119.934 E482.96984
G1 X117.5 Y119.95 E482.98103
G0 F9000 X117.5 Y120.35
;TYPE:WALL-OUTER
G1 F600 X117.607 Y120.355 E482.98459
G1 X118.109 Y120.291 E483.00142
G1 X118.576 Y120.146 E483.01769
G1 X119.028 Y119.914 E483.03459
G1 X119.42 Y119.615 E483.05098
G1 X119.757 Y119.249 E483.06753
G1 X120.03 Y118.826 E483.08428
G1 X120.22 Y118.371 E483.10068
G1 X120.328 Y117.885 E483.11723
G1 X120.351 Y117.385 E483.13388
G1 X120.287 Y116.887 E483.15058
G1 X120.142 Y116.416 E483.16697
G1 X119.91 Y115.964 E483.18387
G1 X119.611 Y115.576 E483.20016
G1 X119.245 Y115.235 E483.2168
G1 X118.822 Y114.966 E483.23347
G1 X118.366 Y114.772 E483.24996
G1 X117.881 Y114.664 E483.26648
G1 X117.581 Y114.65 E483.27647
G1 X117.612 Y115.386 E483.30097
G1 X117.507 Y115.503 E483.3062
G1 X116.118 Y116.102 E483.35651
G1 X116.019 Y116.11 E483.35982
G1 X115.904 Y116.047 E483.36418
G1 X115.432 Y115.53 E483.38746
G1 X115.231 Y115.751 E483.3974
G1 X114.962 Y116.17 E483.41396
G1 X114.768 Y116.63 E483.43056
G1 X114.66 Y117.115 E483.44709
G1 X114.637 Y117.611 E483.4636
G1 X114.701 Y118.113 E483.48044
G1 X114.846 Y118.579 E483.49667
G1 X115.082 Y119.032 E483.51366
G1 X115.377 Y119.425 E483.53
G1 X115.743 Y119.761 E483.54653
G1 X116.166 Y120.034 E483.56327
G1 X116.625 Y120.224 E483.57979
G1 X117.111 Y120.332 E483.59635
G1 X117.5 Y120.35 E483.6093
G0 F9000 X117.534 Y119.645
G0 X119.007 Y119.02
G0 X119.174 Y119.174
;TYPE:FILL
G1 F600 X116.473 Y116.473 E483.73635
G0 F9000 X116.564 Y116.685
G0 X119.02 Y115.993
G0 X119.175 Y115.825
G1 F600 X115.821 Y119.179 E483.89411
G0 F9000 X116.18 Y118.791
;MESH:NONMESH
G0 F300 X116.18 Y118.791 Z38.8
G0 F9000 X117.515 Y119.644
G0 X117.5 Y119.95
;TIME_ELAPSED:1637.661995
;LAYER:193
;note -- min layer time used
;TYPE:WALL-INNER
;MESH:FT09-Input Shaft.stl
G1 F600 X117.591 Y119.954 E483.89714
G1 X118.024 Y119.899 E483.91166
G1 X118.424 Y119.774 E483.9256
G1 X118.814 Y119.574 E483.94018
G1 X119.15 Y119.318 E483.95422
G1 X119.439 Y119.003 E483.96844
G1 X119.674 Y118.639 E483.98285
G1 X119.837 Y118.249 E483.99691
G1 X119.93 Y117.832 E484.01112
G1 X119.95 Y117.401 E484.02547
G1 X119.895 Y116.972 E484.03986
G1 X119.77 Y116.568 E484.05392
G1 X119.571 Y116.179 E484.06846
G1 X119.315 Y115.846 E484.08243
G1 X118.999 Y115.553 E484.09676
G1 X118.635 Y115.322 E484.1111
G1 X118.243 Y115.154 E484.12528
G1 X118.001 Y115.1 E484.13353
G1 X118.008 Y115.326 E484.14105
G1 X117.961 Y115.563 E484.14909
G1 X117.726 Y115.846 E484.16132
G1 X116.248 Y116.48 E484.21481
G1 X116.063 Y116.512 E484.22106
G1 X115.806 Y116.46 E484.22978
G1 X115.453 Y116.146 E484.24549
G1 X115.318 Y116.358 E484.25385
G1 X115.15 Y116.752 E484.2681
G1 X115.058 Y117.168 E484.28227
G1 X115.038 Y117.595 E484.29649
G1 X115.093 Y118.027 E484.31097
G1 X115.217 Y118.426 E484.32487
G1 X115.422 Y118.818 E484.33958
G1 X115.675 Y119.155 E484.3536
G1 X115.989 Y119.443 E484.36777
G1 X116.352 Y119.678 E484.38215
G1 X116.746 Y119.841 E484.39633
G1 X117.164 Y119.934 E484.41057
G1 X117.5 Y119.95 E484.42176
G0 F9000 X117.5 Y120.35
;TYPE:WALL-OUTER
G1 F600 X117.607 Y120.355 E484.42532
G1 X118.109 Y120.291 E484.44216
G1 X118.576 Y120.146 E484.45842
G1 X119.028 Y119.914 E484.47532
G1 X119.42 Y119.615 E484.49172
G1 X119.757 Y119.249 E484.50826
G1 X120.03 Y118.826 E484.52501
G1 X120.22 Y118.371 E484.54141
G1 X120.328 Y117.885 E484.55797
G1 X120.351 Y117.385 E484.57462
G1 X120.287 Y116.887 E484.59131
G1 X120.142 Y116.416 E484.60771
G1 X119.91 Y115.964 E484.6246
G1 X119.611 Y115.576 E484.6409
G1 X119.245 Y115.235 E484.65753
G1 X118.822 Y114.966 E484.67421
G1 X118.366 Y114.772 E484.69069
G1 X117.881 Y114.664 E484.70722
G1 X117.581 Y114.65 E484.7172
G1 X117.612 Y115.386 E484.74171
G1 X117.507 Y115.503 E484.74693
G1 X116.118 Y116.102 E484.79725
G1 X116.019 Y116.11 E484.80055
G1 X115.904 Y116.047 E484.80491
G1 X115.432 Y115.53 E484.82819
G1 X115.231 Y115.751 E484.83813
G1 X114.962 Y116.17 E484.85469
G1 X114.768 Y116.63 E484.8713
G1 X114.66 Y117.115 E484.88782
G1 X114.637 Y117.611 E484.90434
G1 X114.701 Y118.113 E484.92117
G1 X114.846 Y118.579 E484.9374
G1 X115.082 Y119.032 E484.95439
G1 X115.377 Y119.425 E484.97073
G1 X115.743 Y119.761 E484.98726
G1 X116.166 Y120.034 E485.004
G1 X116.625 Y120.224 E485.02053
G1 X117.111 Y120.332 E485.03708
G1 X117.5 Y120.35 E485.05004
G0 F9000 X117.534 Y119.645
G0 X119.007 Y119.02
G0 X119.174 Y119.174
;TYPE:FILL
G1 F600 X116.473 Y116.473 E485.17708
G0 F9000 X116.564 Y116.685
G0 X119.02 Y115.993
G0 X119.175 Y115.825
G1 F600 X115.821 Y119.179 E485.33485
G0 F9000 X116.18 Y118.791
;MESH:NONMESH
G0 F300 X116.18 Y118.791 Z39
G0 F9000 X117.515 Y119.644
G0 X117.5 Y119.95
;TIME_ELAPSED:1642.623397
;LAYER:194
;note -- min layer time used
;TYPE:WALL-INNER
;MESH:FT09-Input Shaft.stl
G1 F600 X117.591 Y119.954 E485.33787
G1 X118.024 Y119.899 E485.35239
G1 X118.424 Y119.774 E485.36633
G1 X118.814 Y119.574 E485.38091
G1 X119.15 Y119.318 E485.39496
G1 X119.439 Y119.003 E485.40918
G1 X119.674 Y118.639 E485.42359
G1 X119.837 Y118.249 E485.43765
G1 X119.93 Y117.832 E485.45186
G1 X119.95 Y117.401 E485.46621
G1 X119.895 Y116.972 E485.48059
G1 X119.77 Y116.568 E485.49466
G1 X119.571 Y116.179 E485.50919
G1 X119.315 Y115.846 E485.52316
G1 X118.999 Y115.553 E485.53749
G1 X118.635 Y115.322 E485.55183
G1 X118.243 Y115.154 E485.56602
G1 X118.001 Y115.1 E485.57426
G1 X118.008 Y115.326 E485.58178
G1 X117.961 Y115.563 E485.58982
G1 X117.726 Y115.846 E485.60206
G1 X116.248 Y116.48 E485.65555
G1 X116.063 Y116.512 E485.66179
G1 X115.806 Y116.46 E485.67051
G1 X115.453 Y116.146 E485.68622
G1 X115.318 Y116.358 E485.69458
G1 X115.15 Y116.752 E485.70883
G1 X115.058 Y117.168 E485.723
G1 X115.038 Y117.595 E485.73722
G1 X115.093 Y118.027 E485.7517
G1 X115.217 Y118.426 E485.7656
G1 X115.422 Y118.818 E485.78031
G1 X115.675 Y119.155 E485.79433
G1 X115.989 Y119.443 E485.8085
G1 X116.352 Y119.678 E485.82288
G1 X116.746 Y119.841 E485.83706
G1 X117.164 Y119.934 E485.85131
G1 X117.5 Y119.95 E485.86249
G0 F9000 X117.5 Y120.35
;TYPE:WALL-OUTER
G1 F600 X117.607 Y120.355 E485.86606
G1 X118.109 Y120.291 E485.88289
G1 X118.576 Y120.146 E485.89915
G1 X119.028 Y119.914 E485.91605
G1 X119.42 Y119.615 E485.93245
G1 X119.757 Y119.249 E485.949
G1 X120.03 Y118.826 E485.96574
G1 X120.22 Y118.371 E485.98214
G1 X120.328 Y117.885 E485.9987
G1 X120.351 Y117.385 E486.01535
G1 X120.287 Y116.887 E486.03205
G1 X120.142 Y116.416 E486.04844
G1 X119.91 Y115.964 E486.06534
G1 X119.611 Y115.576 E486.08163
G1 X119.245 Y115.235 E486.09827
G1 X118.822 Y114.966 E486.11494
G1 X118.366 Y114.772 E486.13142
G1 X117.881 Y114.664 E486.14795
G1 X117.581 Y114.65 E486.15794
G1 X117.612 Y115.386 E486.18244
G1 X117.507 Y115.503 E486.18767
G1 X116.118 Y116.102 E486.23798
G1 X116.019 Y116.11 E486.24128
G1 X115.904 Y116.047 E486.24564
G1 X115.432 Y115.53 E486.26893
G1 X115.231 Y115.751 E486.27886
G1 X114.962 Y116.17 E486.29542
G1 X114.768 Y116.63 E486.31203
G1 X114.66 Y117.115 E486.32855
G1 X114.637 Y117.611 E486.34507
G1 X114.701 Y118.113 E486.3619
G1 X114.846 Y118.579 E486.37813
G1 X115.082 Y119.032 E486.39512
G1 X115.377 Y119.425 E486.41147
G1 X115.743 Y119.761 E486.42799
G1 X116.166 Y120.034 E486.44474
G1 X116.625 Y120.224 E486.46126
G1 X117.111 Y120.332 E486.47782
G1 X117.5 Y120.35 E486.49077
G0 F9000 X117.534 Y119.645
G0 X119.007 Y119.02
G0 X119.174 Y119.174
;TYPE:FILL
G1 F600 X116.473 Y116.473 E486.61782
G0 F9000 X116.564 Y116.685
G0 X119.02 Y115.993
G0 X119.175 Y115.825
G1 F600 X115.821 Y119.179 E486.77558
G0 F9000 X116.18 Y118.791
;MESH:NONMESH
G0 F300 X116.18 Y118.791 Z39.2
G0 F9000 X117.515 Y119.644
G0 X117.5 Y119.95
;TIME_ELAPSED:1647.584800
;LAYER:195
;note -- min layer time used
;TYPE:WALL-INNER
;MESH:FT09-Input Shaft.stl
G1 F600 X117.591 Y119.954 E486.77861
G1 X118.024 Y119.899 E486.79312
G1 X118.424 Y119.774 E486.80706
G1 X118.814 Y119.574 E486.82164
G1 X119.15 Y119.318 E486.83569
G1 X119.439 Y119.003 E486.84991
G1 X119.674 Y118.639 E486.86432
G1 X119.837 Y118.249 E486.87838
G1 X119.93 Y117.832 E486.89259
G1 X119.95 Y117.401 E486.90694
G1 X119.895 Y116.972 E486.92132
G1 X119.77 Y116.568 E486.93539
G1 X119.571 Y116.179 E486.94992
G1 X119.315 Y115.846 E486.96389
G1 X118.999 Y115.553 E486.97823
G1 X118.635 Y115.322 E486.99256
G1 X118.243 Y115.154 E487.00675
G1 X118.001 Y115.1 E487.015
G1 X118.008 Y115.326 E487.02252
G1 X117.961 Y115.563 E487.03055
G1 X117.726 Y115.846 E487.04279
G1 X116.248 Y116.48 E487.09628
G1 X116.063 Y116.512 E487.10252
G1 X115.806 Y116.46 E487.11124
G1 X115.453 Y116.146 E487.12696
G1 X115.318 Y116.358 E487.13532
G1 X115.15 Y116.752 E487.14956
G1 X115.058 Y117.168 E487.16373
G1 X115.038 Y117.595 E487.17795
G1 X115.093 Y118.027 E487.19244
G1 X115.217 Y118.426 E487.20633
G1 X115.422 Y118.818 E487.22105
G1 X115.675 Y119.155 E487.23506
G1 X115.989 Y119.443 E487.24923
G1 X116.352 Y119.678 E487.26362
G1 X116.746 Y119.841 E487.2778
G1 X117.164 Y119.934 E487.29204
G1 X117.5 Y119.95 E487.30323
G0 F9000 X117.5 Y120.35
;TYPE:WALL-OUTER
G1 F600 X117.607 Y120.355 E487.30679
G1 X118.109 Y120.291 E487.32362
G1 X118.576 Y120.146 E487.33989
G1 X119.028 Y119.914 E487.35678
G1 X119.42 Y119.615 E487.37318
G1 X119.757 Y119.249 E487.38973
G1 X120.03 Y118.826 E487.40647
G1 X120.22 Y118.371 E487.42287
G1 X120.328 Y117.885 E487.43943
G1 X120.351 Y117.385 E487.45608
G1 X120.287 Y116.887 E487.47278
G1 X120.142 Y116.416 E487.48917
G1 X119.91 Y115.964 E487.50607
G1 X119.611 Y115.576 E487.52236
G1 X119.245 Y115.235 E487.539
G1 X118.822 Y114.966 E487.55567
G1 X118.366 Y114.772 E487.57215
G1 X117.881 Y114.664 E487.58868
G1 X117.581 Y114.65 E487.59867
G1 X117.612 Y115.386 E487.62317
G1 X117.507 Y115.503 E487.6284
G1 X116.118 Y116.102 E487.67871
G1 X116.019 Y116.11 E487.68201
G1 X115.904 Y116.047 E487.68638
G1 X115.432 Y115.53 E487.70966
G1 X115.231 Y115.751 E487.7196
G1 X114.962 Y116.17 E487.73616
G1 X114.768 Y116.63 E487.75276
G1 X114.66 Y117.115 E487.76929
G1 X114.637 Y117.611 E487.7858
G1 X114.701 Y118.113 E487.80263
G1 X114.846 Y118.579 E487.81887
G1 X115.082 Y119.032 E487.83585
G1 X115.377 Y119.425 E487.8522
G1 X115.743 Y119.761 E487.86872
G1 X116.166 Y120.034 E487.88547
G1 X116.625 Y120.224 E487.90199
G1 X117.111 Y120.332 E487.91855
G1 X117.5 Y120.35 E487.9315
G0 F9000 X117.534 Y119.645
G0 X119.007 Y119.02
G0 X119.174 Y119.174
;TYPE:FILL
G1 F600 X116.473 Y116.473 E488.05855
G0 F9000 X116.564 Y116.685
G0 X119.02 Y115.993
G0 X119.175 Y115.825
G1 F600 X115.821 Y119.179 E488.21631
G0 F9000 X116.18 Y118.791
;MESH:NONMESH
G0 F300 X116.18 Y118.791 Z39.4
G0 F9000 X117.515 Y119.644
G0 X117.5 Y119.95
;TIME_ELAPSED:1652.546202
;LAYER:196
;note -- min layer time used
;TYPE:WALL-INNER
;MESH:FT09-Input Shaft.stl
G1 F600 X117.591 Y119.954 E488.21934
G1 X118.024 Y119.899 E488.23386
G1 X118.424 Y119.774 E488.2478
G1 X118.814 Y119.574 E488.26237
G1 X119.15 Y119.318 E488.27642
G1 X119.439 Y119.003 E488.29064
G1 X119.674 Y118.639 E488.30505
G1 X119.837 Y118.249 E488.31911
G1 X119.93 Y117.832 E488.33332
G1 X119.95 Y117.401 E488.34767
G1 X119.895 Y116.972 E488.36206
G1 X119.77 Y116.568 E488.37612
G1 X119.571 Y116.179 E488.39066
G1 X119.315 Y115.846 E488.40463
G1 X118.999 Y115.553 E488.41896
G1 X118.635 Y115.322 E488.4333
G1 X118.243 Y115.154 E488.44748
G1 X118.001 Y115.1 E488.45573
G1 X118.008 Y115.326 E488.46325
G1 X117.961 Y115.563 E488.47129
G1 X117.726 Y115.846 E488.48352
G1 X116.248 Y116.48 E488.53701
G1 X116.063 Y116.512 E488.54326
G1 X115.806 Y116.46 E488.55198
G1 X115.453 Y116.146 E488.56769
G1 X115.318 Y116.358 E488.57605
G1 X115.15 Y116.752 E488.5903
G1 X115.058 Y117.168 E488.60447
G1 X115.038 Y117.595 E488.61868
G1 X115.093 Y118.027 E488.63317
G1 X115.217 Y118.426 E488.64706
G1 X115.422 Y118.818 E488.66178
G1 X115.675 Y119.155 E488.67579
G1 X115.989 Y119.443 E488.68997
G1 X116.352 Y119.678 E488.70435
G1 X116.746 Y119.841 E488.71853
G1 X117.164 Y119.934 E488.73277
G1 X117.5 Y119.95 E488.74396
G0 F9000 X117.5 Y120.35
;TYPE:WALL-OUTER
G1 F600 X117.607 Y120.355 E488.74752
G1 X118.109 Y120.291 E488.76435
G1 X118.576 Y120.146 E488.78062
G1 X119.028 Y119.914 E488.79752
G1 X119.42 Y119.615 E488.81391
G1 X119.757 Y119.249 E488.83046
G1 X120.03 Y118.826 E488.84721
G1 X120.22 Y118.371 E488.86361
G1 X120.328 Y117.885 E488.88017
G1 X120.351 Y117.385 E488.89681
G1 X120.287 Y116.887 E488.91351
G1 X120.142 Y116.416 E488.9299
G1 X119.91 Y115.964 E488.9468
G1 X119.611 Y115.576 E488.96309
G1 X119.245 Y115.235 E488.97973
G1 X118.822 Y114.966 E488.99641
G1 X118.366 Y114.772 E489.01289
G1 X117.881 Y114.664 E489.02941
G1 X117.581 Y114.65 E489.0394
G1 X117.612 Y115.386 E489.0639
G1 X117.507 Y115.503 E489.06913
G1 X116.118 Y116.102 E489.11944
G1 X116.019 Y116.11 E489.12275
G1 X115.904 Y116.047 E489.12711
G1 X115.432 Y115.53 E489.15039
G1 X115.231 Y115.751 E489.16033
G1 X114.962 Y116.17 E489.17689
G1 X114.768 Y116.63 E489.19349
G1 X114.66 Y117.115 E489.21002
G1 X114.637 Y117.611 E489.22653
G1 X114.701 Y118.113 E489.24337
G1 X114.846 Y118.579 E489.2596
G1 X115.082 Y119.032 E489.27659
G1 X115.377 Y119.425 E489.29293
G1 X115.743 Y119.761 E489.30946
G1 X116.166 Y120.034 E489.3262
G1 X116.625 Y120.224 E489.34272
G1 X117.111 Y120.332 E489.35928
G1 X117.5 Y120.35 E489.37223
G0 F9000 X117.534 Y119.645
G0 X119.007 Y119.02
G0 X119.174 Y119.174
;TYPE:FILL
G1 F600 X116.473 Y116.473 E489.49928
G0 F9000 X116.564 Y116.685
G0 X119.02 Y115.993
G0 X119.175 Y115.825
G1 F600 X115.821 Y119.179 E489.65704
G0 F9000 X116.18 Y118.791
;MESH:NONMESH
G0 F300 X116.18 Y118.791 Z39.6
G0 F9000 X117.515 Y119.644
G0 X117.5 Y119.95
;TIME_ELAPSED:1657.507604
;LAYER:197
;note -- min layer time used
;TYPE:WALL-INNER
;MESH:FT09-Input Shaft.stl
G1 F600 X117.591 Y119.954 E489.66007
G1 X118.024 Y119.899 E489.67459
G1 X118.424 Y119.774 E489.68853
G1 X118.814 Y119.574 E489.70311
G1 X119.15 Y119.318 E489.71716
G1 X119.439 Y119.003 E489.73137
G1 X119.674 Y118.639 E489.74578
G1 X119.837 Y118.249 E489.75984
G1 X119.93 Y117.832 E489.77405
G1 X119.95 Y117.401 E489.7884
G1 X119.895 Y116.972 E489.80279
G1 X119.77 Y116.568 E489.81686
G1 X119.571 Y116.179 E489.83139
G1 X119.315 Y115.846 E489.84536
G1 X118.999 Y115.553 E489.85969
G1 X118.635 Y115.322 E489.87403
G1 X118.243 Y115.154 E489.88822
G1 X118.001 Y115.1 E489.89646
G1 X118.008 Y115.326 E489.90398
G1 X117.961 Y115.563 E489.91202
G1 X117.726 Y115.846 E489.92425
G1 X116.248 Y116.48 E489.97774
G1 X116.063 Y116.512 E489.98399
G1 X115.806 Y116.46 E489.99271
G1 X115.453 Y116.146 E490.00842
G1 X115.318 Y116.358 E490.01678
G1 X115.15 Y116.752 E490.03103
G1 X115.058 Y117.168 E490.0452
G1 X115.038 Y117.595 E490.05942
G1 X115.093 Y118.027 E490.0739
G1 X115.217 Y118.426 E490.0878
G1 X115.422 Y118.818 E490.10251
G1 X115.675 Y119.155 E490.11653
G1 X115.989 Y119.443 E490.1307
G1 X116.352 Y119.678 E490.14508
G1 X116.746 Y119.841 E490.15926
G1 X117.164 Y119.934 E490.17351
G1 X117.5 Y119.95 E490.18469
G0 F9000 X117.5 Y120.35
;TYPE:WALL-OUTER
G1 F600 X117.607 Y120.355 E490.18826
G1 X118.109 Y120.291 E490.20509
G1 X118.576 Y120.146 E490.22135
G1 X119.028 Y119.914 E490.23825
G1 X119.42 Y119.615 E490.25465
G1 X119.757 Y119.249 E490.2712
G1 X120.03 Y118.826 E490.28794
G1 X120.22 Y118.371 E490.30434
G1 X120.328 Y117.885 E490.3209
G1 X120.351 Y117.385 E490.33755
G1 X120.287 Y116.887 E490.35425
G1 X120.142 Y116.416 E490.37064
G1 X119.91 Y115.964 E490.38754
G1 X119.611 Y115.576 E490.40383
G1 X119.245 Y115.235 E490.42047
G1 X118.822 Y114.966 E490.43714
G1 X118.366 Y114.772 E490.45362
G1 X117.881 Y114.664 E490.47015
G1 X117.581 Y114.65 E490.48014
G1 X117.612 Y115.386 E490.50464
G1 X117.507 Y115.503 E490.50987
G1 X116.118 Y116.102 E490.56018
G1 X116.019 Y116.11 E490.56348
G1 X115.904 Y116.047 E490.56784
G1 X115.432 Y115.53 E490.59112
G1 X115.231 Y115.751 E490.60106
G1 X114.962 Y116.17 E490.61762
G1 X114.768 Y116.63 E490.63423
G1 X114.66 Y117.115 E490.65075
G1 X114.637 Y117.611 E490.66727
G1 X114.701 Y118.113 E490.6841
G1 X114.846 Y118.579 E490.70033
G1 X115.082 Y119.032 E490.71732
G1 X115.377 Y119.425 E490.73366
G1 X115.743 Y119.761 E490.75019
G1 X116.166 Y120.034 E490.76693
G1 X116.625 Y120.224 E490.78346
G1 X117.111 Y120.332 E490.80002
G1 X117.5 Y120.35 E490.81297
G0 F9000 X117.534 Y119.645
G0 X119.007 Y119.02
G0 X119.174 Y119.174
;TYPE:FILL
G1 F600 X116.473 Y116.473 E490.94001
G0 F9000 X116.564 Y116.685
G0 X119.02 Y115.993
G0 X119.175 Y115.825
G1 F600 X115.821 Y119.179 E491.09778
G0 F9000 X116.18 Y118.791
;MESH:NONMESH
G0 F300 X116.18 Y118.791 Z39.8
G0 F9000 X117.515 Y119.644
G0 X117.5 Y119.95
;TIME_ELAPSED:1662.469006
;LAYER:198
;note -- min layer time used
;TYPE:WALL-INNER
;MESH:FT09-Input Shaft.stl
G1 F600 X117.591 Y119.954 E491.10081
G1 X118.024 Y119.899 E491.11532
G1 X118.424 Y119.774 E491.12926
G1 X118.814 Y119.574 E491.14384
G1 X119.15 Y119.318 E491.15789
G1 X119.439 Y119.003 E491.17211
G1 X119.674 Y118.639 E491.18652
G1 X119.837 Y118.249 E491.20058
G1 X119.93 Y117.832 E491.21479
G1 X119.95 Y117.401 E491.22914
G1 X119.895 Y116.972 E491.24352
G1 X119.77 Y116.568 E491.25759
G1 X119.571 Y116.179 E491.27212
G1 X119.315 Y115.846 E491.28609
G1 X118.999 Y115.553 E491.30042
G1 X118.635 Y115.322 E491.31476
G1 X118.243 Y115.154 E491.32895
G1 X118.001 Y115.1 E491.33719
G1 X118.008 Y115.326 E491.34472
G1 X117.961 Y115.563 E491.35275
G1 X117.726 Y115.846 E491.36499
G1 X116.248 Y116.48 E491.41848
G1 X116.063 Y116.512 E491.42472
G1 X115.806 Y116.46 E491.43344
G1 X115.453 Y116.146 E491.44916
G1 X115.318 Y116.358 E491.45751
G1 X115.15 Y116.752 E491.47176
G1 X115.058 Y117.168 E491.48593
G1 X115.038 Y117.595 E491.50015
G1 X115.093 Y118.027 E491.51463
G1 X115.217 Y118.426 E491.52853
G1 X115.422 Y118.818 E491.54324
G1 X115.675 Y119.155 E491.55726
G1 X115.989 Y119.443 E491.57143
G1 X116.352 Y119.678 E491.58581
G1 X116.746 Y119.841 E491.6
G1 X117.164 Y119.934 E491.61424
G1 X117.5 Y119.95 E491.62543
G0 F9000 X117.5 Y120.35
;TYPE:WALL-OUTER
G1 F600 X117.607 Y120.355 E491.62899
G1 X118.109 Y120.291 E491.64582
G1 X118.576 Y120.146 E491.66208
G1 X119.028 Y119.914 E491.67898
G1 X119.42 Y119.615 E491.69538
G1 X119.757 Y119.249 E491.71193
G1 X120.03 Y118.826 E491.72867
G1 X120.22 Y118.371 E491.74507
G1 X120.328 Y117.885 E491.76163
G1 X120.351 Y117.385 E491.77828
G1 X120.287 Y116.887 E491.79498
G1 X120.142 Y116.416 E491.81137
G1 X119.91 Y115.964 E491.82827
G1 X119.611 Y115.576 E491.84456
G1 X119.245 Y115.235 E491.8612
G1 X118.822 Y114.966 E491.87787
G1 X118.366 Y114.772 E491.89435
G1 X117.881 Y114.664 E491.91088
G1 X117.581 Y114.65 E491.92087
G1 X117.612 Y115.386 E491.94537
G1 X117.507 Y115.503 E491.9506
G1 X116.118 Y116.102 E492.00091
G1 X116.019 Y116.11 E492.00421
G1 X115.904 Y116.047 E492.00857
G1 X115.432 Y115.53 E492.03186
G1 X115.231 Y115.751 E492.04179
G1 X114.962 Y116.17 E492.05835
G1 X114.768 Y116.63 E492.07496
G1 X114.66 Y117.115 E492.09149
G1 X114.637 Y117.611 E492.108
G1 X114.701 Y118.113 E492.12483
G1 X114.846 Y118.579 E492.14106
G1 X115.082 Y119.032 E492.15805
G1 X115.377 Y119.425 E492.1744
G1 X115.743 Y119.761 E492.19092
G1 X116.166 Y120.034 E492.20767
G1 X116.625 Y120.224 E492.22419
G1 X117.111 Y120.332 E492.24075
G1 X117.5 Y120.35 E492.2537
G0 F9000 X117.534 Y119.645
G0 X119.007 Y119.02
G0 X119.174 Y119.174
;TYPE:FILL
G1 F600 X116.473 Y116.473 E492.38075
G0 F9000 X116.564 Y116.685
G0 X119.02 Y115.993
G0 X119.175 Y115.825
G1 F600 X115.821 Y119.179 E492.53851
G0 F9000 X116.18 Y118.791
;MESH:NONMESH
G0 F300 X116.18 Y118.791 Z40
G0 F9000 X117.515 Y119.644
G0 X117.5 Y119.95
;TIME_ELAPSED:1667.430408
;LAYER:199
;note -- min layer time used
;TYPE:WALL-INNER
;MESH:FT09-Input Shaft.stl
G1 F600 X117.591 Y119.954 E492.54154
G1 X118.024 Y119.899 E492.55606
G1 X118.424 Y119.774 E492.56999
G1 X118.814 Y119.574 E492.58457
G1 X119.15 Y119.318 E492.59862
G1 X119.439 Y119.003 E492.61284
G1 X119.674 Y118.639 E492.62725
G1 X119.837 Y118.249 E492.64131
G1 X119.93 Y117.832 E492.65552
G1 X119.95 Y117.401 E492.66987
G1 X119.895 Y116.972 E492.68426
G1 X119.77 Y116.568 E492.69832
G1 X119.571 Y116.179 E492.71285
G1 X119.315 Y115.846 E492.72682
G1 X118.999 Y115.553 E492.74116
G1 X118.635 Y115.322 E492.7555
G1 X118.243 Y115.154 E492.76968
G1 X118.001 Y115.1 E492.77793
G1 X118.008 Y115.326 E492.78545
G1 X117.961 Y115.563 E492.79348
G1 X117.726 Y115.846 E492.80572
G1 X116.248 Y116.48 E492.85921
G1 X116.063 Y116.512 E492.86545
G1 X115.806 Y116.46 E492.87417
G1 X115.453 Y116.146 E492.88989
G1 X115.318 Y116.358 E492.89825
G1 X115.15 Y116.752 E492.91249
G1 X115.058 Y117.168 E492.92666
G1 X115.038 Y117.595 E492.94088
G1 X115.093 Y118.027 E492.95537
G1 X115.217 Y118.426 E492.96926
G1 X115.422 Y118.818 E492.98398
G1 X115.675 Y119.155 E492.99799
G1 X115.989 Y119.443 E493.01216
G1 X116.352 Y119.678 E493.02655
G1 X116.746 Y119.841 E493.04073
G1 X117.164 Y119.934 E493.05497
G1 X117.5 Y119.95 E493.06616
G0 F9000 X117.5 Y120.35
;TYPE:WALL-OUTER
G1 F600 X117.607 Y120.355 E493.06972
G1 X118.109 Y120.291 E493.08655
G1 X118.576 Y120.146 E493.10282
G1 X119.028 Y119.914 E493.11972
G1 X119.42 Y119.615 E493.13611
G1 X119.757 Y119.249 E493.15266
G1 X120.03 Y118.826 E493.16941
G1 X120.22 Y118.371 E493.18581
G1 X120.328 Y117.885 E493.20236
G1 X120.351 Y117.385 E493.21901
G1 X120.287 Y116.887 E493.23571
G1 X120.142 Y116.416 E493.2521
G1 X119.91 Y115.964 E493.269
G1 X119.611 Y115.576 E493.28529
G1 X119.245 Y115.235 E493.30193
G1 X118.822 Y114.966 E493.3186
G1 X118.366 Y114.772 E493.33509
G1 X117.881 Y114.664 E493.35161
G1 X117.581 Y114.65 E493.3616
G1 X117.612 Y115.386 E493.3861
G1 X117.507 Y115.503 E493.39133
G1 X116.118 Y116.102 E493.44164
G1 X116.019 Y116.11 E493.44495
G1 X115.904 Y116.047 E493.44931
G1 X115.432 Y115.53 E493.47259
G1 X115.231 Y115.751 E493.48253
G1 X114.962 Y116.17 E493.49909
G1 X114.768 Y116.63 E493.51569
G1 X114.66 Y117.115 E493.53222
G1 X114.637 Y117.611 E493.54873
G1 X114.701 Y118.113 E493.56556
G1 X114.846 Y118.579 E493.5818
G1 X115.082 Y119.032 E493.59879
G1 X115.377 Y119.425 E493.61513
G1 X115.743 Y119.761 E493.63165
G1 X116.166 Y120.034 E493.6484
G1 X116.625 Y120.224 E493.66492
G1 X117.111 Y120.332 E493.68148
G1 X117.5 Y120.35 E493.69443
G0 F9000 X117.534 Y119.645
G0 X119.007 Y119.02
G0 X119.174 Y119.174
;TYPE:FILL
G1 F600 X116.473 Y116.473 E493.82148
G0 F9000 X116.564 Y116.685
G0 X119.02 Y115.993
G0 X119.175 Y115.825
G1 F600 X115.821 Y119.179 E493.97924
G0 F9000 X116.18 Y118.791
;MESH:NONMESH
G0 F300 X116.18 Y118.791 Z40.2
G0 F9000 X117.515 Y119.644
G0 X117.5 Y119.95
;TIME_ELAPSED:1672.391811
;LAYER:200
;note -- min layer time used
;TYPE:WALL-INNER
;MESH:FT09-Input Shaft.stl
G1 F600 X117.591 Y119.954 E493.98227
G1 X118.024 Y119.899 E493.99679
G1 X118.424 Y119.774 E494.01073
G1 X118.814 Y119.574 E494.0253
G1 X119.15 Y119.318 E494.03935
G1 X119.439 Y119.003 E494.05357
G1 X119.674 Y118.639 E494.06798
G1 X119.837 Y118.249 E494.08204
G1 X119.93 Y117.832 E494.09625
G1 X119.95 Y117.401 E494.1106
G1 X119.895 Y116.972 E494.12499
G1 X119.77 Y116.568 E494.13905
G1 X119.571 Y116.179 E494.15359
G1 X119.315 Y115.846 E494.16756
G1 X118.999 Y115.553 E494.18189
G1 X118.635 Y115.322 E494.19623
G1 X118.243 Y115.154 E494.21041
G1 X118.001 Y115.1 E494.21866
G1 X118.008 Y115.326 E494.22618
G1 X117.961 Y115.563 E494.23422
G1 X117.726 Y115.846 E494.24645
G1 X116.248 Y116.48 E494.29994
G1 X116.063 Y116.512 E494.30619
G1 X115.806 Y116.46 E494.31491
G1 X115.453 Y116.146 E494.33062
G1 X115.318 Y116.358 E494.33898
G1 X115.15 Y116.752 E494.35323
G1 X115.058 Y117.168 E494.3674
G1 X115.038 Y117.595 E494.38161
G1 X115.093 Y118.027 E494.3961
G1 X115.217 Y118.426 E494.41
G1 X115.422 Y118.818 E494.42471
G1 X115.675 Y119.155 E494.43872
G1 X115.989 Y119.443 E494.4529
G1 X116.352 Y119.678 E494.46728
G1 X116.746 Y119.841 E494.48146
G1 X117.164 Y119.934 E494.4957
G1 X117.5 Y119.95 E494.50689
G0 F9000 X117.5 Y120.35
;TYPE:WALL-OUTER
G1 F600 X117.607 Y120.355 E494.51045
G1 X118.109 Y120.291 E494.52729
G1 X118.576 Y120.146 E494.54355
G1 X119.028 Y119.914 E494.56045
G1 X119.42 Y119.615 E494.57685
G1 X119.757 Y119.249 E494.59339
G1 X120.03 Y118.826 E494.61014
G1 X120.22 Y118.371 E494.62654
G1 X120.328 Y117.885 E494.6431
G1 X120.351 Y117.385 E494.65974
G1 X120.287 Y116.887 E494.67644
G1 X120.142 Y116.416 E494.69284
G1 X119.91 Y115.964 E494.70973
G1 X119.611 Y115.576 E494.72603
G1 X119.245 Y115.235 E494.74266
G1 X118.822 Y114.966 E494.75934
G1 X118.366 Y114.772 E494.77582
G1 X117.881 Y114.664 E494.79234
G1 X117.581 Y114.65 E494.80233
G1 X117.612 Y115.386 E494.82683
G1 X117.507 Y115.503 E494.83206
G1 X116.118 Y116.102 E494.88237
G1 X116.019 Y116.11 E494.88568
G1 X115.904 Y116.047 E494.89004
G1 X115.432 Y115.53 E494.91332
G1 X115.231 Y115.751 E494.92326
G1 X114.962 Y116.17 E494.93982
G1 X114.768 Y116.63 E494.95642
G1 X114.66 Y117.115 E494.97295
G1 X114.637 Y117.611 E494.98947
G1 X114.701 Y118.113 E495.0063
G1 X114.846 Y118.579 E495.02253
G1 X115.082 Y119.032 E495.03952
G1 X115.377 Y119.425 E495.05586
G1 X115.743 Y119.761 E495.07239
G1 X116.166 Y120.034 E495.08913
G1 X116.625 Y120.224 E495.10565
G1 X117.111 Y120.332 E495.12221
G1 X117.5 Y120.35 E495.13517
G0 F9000 X117.534 Y119.645
G0 X119.007 Y119.02
G0 X119.174 Y119.174
;TYPE:FILL
G1 F600 X116.473 Y116.473 E495.26221
G0 F9000 X116.564 Y116.685
G0 X119.02 Y115.993
G0 X119.175 Y115.825
G1 F600 X115.821 Y119.179 E495.41997
G0 F9000 X116.18 Y118.791
;MESH:NONMESH
G0 F300 X116.18 Y118.791 Z40.4
G0 F9000 X117.515 Y119.644
G0 X117.5 Y119.95
;TIME_ELAPSED:1677.353213
;LAYER:201
;note -- min layer time used
;TYPE:WALL-INNER
;MESH:FT09-Input Shaft.stl
G1 F600 X117.591 Y119.954 E495.423
G1 X118.024 Y119.899 E495.43752
G1 X118.424 Y119.774 E495.45146
G1 X118.814 Y119.574 E495.46604
G1 X119.15 Y119.318 E495.48009
G1 X119.439 Y119.003 E495.49431
G1 X119.674 Y118.639 E495.50872
G1 X119.837 Y118.249 E495.52277
G1 X119.93 Y117.832 E495.53698
G1 X119.95 Y117.401 E495.55134
G1 X119.895 Y116.972 E495.56572
G1 X119.77 Y116.568 E495.57979
G1 X119.571 Y116.179 E495.59432
G1 X119.315 Y115.846 E495.60829
G1 X118.999 Y115.553 E495.62262
G1 X118.635 Y115.322 E495.63696
G1 X118.243 Y115.154 E495.65115
G1 X118.001 Y115.1 E495.65939
G1 X118.008 Y115.326 E495.66691
G1 X117.961 Y115.563 E495.67495
G1 X117.726 Y115.846 E495.68718
G1 X116.248 Y116.48 E495.74067
G1 X116.063 Y116.512 E495.74692
G1 X115.806 Y116.46 E495.75564
G1 X115.453 Y116.146 E495.77135
G1 X115.318 Y116.358 E495.77971
G1 X115.15 Y116.752 E495.79396
G1 X115.058 Y117.168 E495.80813
G1 X115.038 Y117.595 E495.82235
G1 X115.093 Y118.027 E495.83683
G1 X115.217 Y118.426 E495.85073
G1 X115.422 Y118.818 E495.86544
G1 X115.675 Y119.155 E495.87946
G1 X115.989 Y119.443 E495.89363
G1 X116.352 Y119.678 E495.90801
G1 X116.746 Y119.841 E495.92219
G1 X117.164 Y119.934 E495.93644
G1 X117.5 Y119.95 E495.94762
G0 F9000 X117.5 Y120.35
;TYPE:WALL-OUTER
G1 F600 X117.607 Y120.355 E495.95119
G1 X118.109 Y120.291 E495.96802
G1 X118.576 Y120.146 E495.98428
G1 X119.028 Y119.914 E496.00118
G1 X119.42 Y119.615 E496.01758
G1 X119.757 Y119.249 E496.03413
G1 X120.03 Y118.826 E496.05087
G1 X120.22 Y118.371 E496.06727
G1 X120.328 Y117.885 E496.08383
G1 X120.351 Y117.385 E496.10048
G1 X120.287 Y116.887 E496.11718
G1 X120.142 Y116.416 E496.13357
G1 X119.91 Y115.964 E496.15047
G1 X119.611 Y115.576 E496.16676
G1 X119.245 Y115.235 E496.1834
G1 X118.822 Y114.966 E496.20007
G1 X118.366 Y114.772 E496.21655
G1 X117.881 Y114.664 E496.23308
G1 X117.581 Y114.65 E496.24307
G1 X117.612 Y115.386 E496.26757
G1 X117.507 Y115.503 E496.2728
G1 X116.118 Y116.102 E496.32311
G1 X116.019 Y116.11 E496.32641
G1 X115.904 Y116.047 E496.33077
G1 X115.432 Y115.53 E496.35406
G1 X115.231 Y115.751 E496.36399
G1 X114.962 Y116.17 E496.38055
G1 X114.768 Y116.63 E496.39716
G1 X114.66 Y117.115 E496.41368
G1 X114.637 Y117.611 E496.4302
G1 X114.701 Y118.113 E496.44703
G1 X114.846 Y118.579 E496.46326
G1 X115.082 Y119.032 E496.48025
G1 X115.377 Y119.425 E496.4966
G1 X115.743 Y119.761 E496.51312
G1 X116.166 Y120.034 E496.52986
G1 X116.625 Y120.224 E496.54639
G1 X117.111 Y120.332 E496.56295
G1 X117.5 Y120.35 E496.5759
G0 F9000 X117.534 Y119.645
G0 X119.007 Y119.02
G0 X119.174 Y119.174
;TYPE:FILL
G1 F600 X116.473 Y116.473 E496.70295
G0 F9000 X116.564 Y116.685
G0 X119.02 Y115.993
G0 X119.175 Y115.825
G1 F600 X115.821 Y119.179 E496.86071
G0 F9000 X116.18 Y118.791
;MESH:NONMESH
G0 F300 X116.18 Y118.791 Z40.6
G0 F9000 X117.515 Y119.644
G0 X117.5 Y119.95
;TIME_ELAPSED:1682.314615
;LAYER:202
;note -- min layer time used
;TYPE:WALL-INNER
;MESH:FT09-Input Shaft.stl
G1 F600 X117.591 Y119.954 E496.86374
G1 X118.024 Y119.899 E496.87825
G1 X118.424 Y119.774 E496.89219
G1 X118.814 Y119.574 E496.90677
G1 X119.15 Y119.318 E496.92082
G1 X119.439 Y119.003 E496.93504
G1 X119.674 Y118.639 E496.94945
G1 X119.837 Y118.249 E496.96351
G1 X119.93 Y117.832 E496.97772
G1 X119.95 Y117.401 E496.99207
G1 X119.895 Y116.972 E497.00645
G1 X119.77 Y116.568 E497.02052
G1 X119.571 Y116.179 E497.03505
G1 X119.315 Y115.846 E497.04902
G1 X118.999 Y115.553 E497.06336
G1 X118.635 Y115.322 E497.07769
G1 X118.243 Y115.154 E497.09188
G1 X118.001 Y115.1 E497.10013
G1 X118.008 Y115.326 E497.10765
G1 X117.961 Y115.563 E497.11568
G1 X117.726 Y115.846 E497.12792
G1 X116.248 Y116.48 E497.18141
G1 X116.063 Y116.512 E497.18765
G1 X115.806 Y116.46 E497.19637
G1 X115.453 Y116.146 E497.21209
G1 X115.318 Y116.358 E497.22045
G1 X115.15 Y116.752 E497.23469
G1 X115.058 Y117.168 E497.24886
G1 X115.038 Y117.595 E497.26308
G1 X115.093 Y118.027 E497.27756
G1 X115.217 Y118.426 E497.29146
G1 X115.422 Y118.818 E497.30617
G1 X115.675 Y119.155 E497.32019
G1 X115.989 Y119.443 E497.33436
G1 X116.352 Y119.678 E497.34874
G1 X116.746 Y119.841 E497.36293
G1 X117.164 Y119.934 E497.37717
G1 X117.5 Y119.95 E497.38836
G0 F9000 X117.5 Y120.35
;TYPE:WALL-OUTER
G1 F600 X117.607 Y120.355 E497.39192
G1 X118.109 Y120.291 E497.40875
G1 X118.576 Y120.146 E497.42502
G1 X119.028 Y119.914 E497.44191
G1 X119.42 Y119.615 E497.45831
G1 X119.757 Y119.249 E497.47486
G1 X120.03 Y118.826 E497.4916
G1 X120.22 Y118.371 E497.508
G1 X120.328 Y117.885 E497.52456
G1 X120.351 Y117.385 E497.54121
G1 X120.287 Y116.887 E497.55791
G1 X120.142 Y116.416 E497.5743
G1 X119.91 Y115.964 E497.5912
G1 X119.611 Y115.576 E497.60749
G1 X119.245 Y115.235 E497.62413
G1 X118.822 Y114.966 E497.6408
G1 X118.366 Y114.772 E497.65728
G1 X117.881 Y114.664 E497.67381
G1 X117.581 Y114.65 E497.6838
G1 X117.612 Y115.386 E497.7083
G1 X117.507 Y115.503 E497.71353
G1 X116.118 Y116.102 E497.76384
G1 X116.019 Y116.11 E497.76714
G1 X115.904 Y116.047 E497.7715
G1 X115.432 Y115.53 E497.79479
G1 X115.231 Y115.751 E497.80472
G1 X114.962 Y116.17 E497.82129
G1 X114.768 Y116.63 E497.83789
G1 X114.66 Y117.115 E497.85442
G1 X114.637 Y117.611 E497.87093
G1 X114.701 Y118.113 E497.88776
G1 X114.846 Y118.579 E497.90399
G1 X115.082 Y119.032 E497.92098
G1 X115.377 Y119.425 E497.93733
G1 X115.743 Y119.761 E497.95385
G1 X116.166 Y120.034 E497.9706
G1 X116.625 Y120.224 E497.98712
G1 X117.111 Y120.332 E498.00368
G1 X117.5 Y120.35 E498.01663
G0 F9000 X117.534 Y119.645
G0 X119.007 Y119.02
G0 X119.174 Y119.174
;TYPE:FILL
G1 F600 X116.473 Y116.473 E498.14368
G0 F9000 X116.564 Y116.685
G0 X119.02 Y115.993
G0 X119.175 Y115.825
G1 F600 X115.821 Y119.179 E498.30144
G0 F9000 X116.18 Y118.791
;MESH:NONMESH
G0 F300 X116.18 Y118.791 Z40.8
G0 F9000 X117.515 Y119.644
G0 X117.5 Y119.95
;TIME_ELAPSED:1687.276017
;LAYER:203
;note -- min layer time used
;TYPE:WALL-INNER
;MESH:FT09-Input Shaft.stl
G1 F600 X117.591 Y119.954 E498.30447
G1 X118.024 Y119.899 E498.31899
G1 X118.424 Y119.774 E498.33293
G1 X118.814 Y119.574 E498.3475
G1 X119.15 Y119.318 E498.36155
G1 X119.439 Y119.003 E498.37577
G1 X119.674 Y118.639 E498.39018
G1 X119.837 Y118.249 E498.40424
G1 X119.93 Y117.832 E498.41845
G1 X119.95 Y117.401 E498.4328
G1 X119.895 Y116.972 E498.44719
G1 X119.77 Y116.568 E498.46125
G1 X119.571 Y116.179 E498.47578
G1 X119.315 Y115.846 E498.48975
G1 X118.999 Y115.553 E498.50409
G1 X118.635 Y115.322 E498.51843
G1 X118.243 Y115.154 E498.53261
G1 X118.001 Y115.1 E498.54086
G1 X118.008 Y115.326 E498.54838
G1 X117.961 Y115.563 E498.55641
G1 X117.726 Y115.846 E498.56865
G1 X116.248 Y116.48 E498.62214
G1 X116.063 Y116.512 E498.62838
G1 X115.806 Y116.46 E498.63711
G1 X115.453 Y116.146 E498.65282
G1 X115.318 Y116.358 E498.66118
G1 X115.15 Y116.752 E498.67542
G1 X115.058 Y117.168 E498.6896
G1 X115.038 Y117.595 E498.70381
G1 X115.093 Y118.027 E498.7183
G1 X115.217 Y118.426 E498.73219
G1 X115.422 Y118.818 E498.74691
G1 X115.675 Y119.155 E498.76092
G1 X115.989 Y119.443 E498.77509
G1 X116.352 Y119.678 E498.78948
G1 X116.746 Y119.841 E498.80366
G1 X117.164 Y119.934 E498.8179
G1 X117.5 Y119.95 E498.82909
G0 F9000 X117.5 Y120.35
;TYPE:WALL-OUTER
G1 F600 X117.607 Y120.355 E498.83265
G1 X118.109 Y120.291 E498.84948
G1 X118.576 Y120.146 E498.86575
G1 X119.028 Y119.914 E498.88265
G1 X119.42 Y119.615 E498.89904
G1 X119.757 Y119.249 E498.91559
G1 X120.03 Y118.826 E498.93234
G1 X120.22 Y118.371 E498.94874
G1 X120.328 Y117.885 E498.96529
G1 X120.351 Y117.385 E498.98194
G1 X120.287 Y116.887 E498.99864
G1 X120.142 Y116.416 E499.01503
G1 X119.91 Y115.964 E499.03193
G1 X119.611 Y115.576 E499.04822
G1 X119.245 Y115.235 E499.06486
G1 X118.822 Y114.966 E499.08153
G1 X118.366 Y114.772 E499.09802
G1 X117.881 Y114.664 E499.11454
G1 X117.581 Y114.65 E499.12453
G1 X117.612 Y115.386 E499.14903
G1 X117.507 Y115.503 E499.15426
G1 X116.118 Y116.102 E499.20457
G1 X116.019 Y116.11 E499.20788
G1 X115.904 Y116.047 E499.21224
G1 X115.432 Y115.53 E499.23552
G1 X115.231 Y115.751 E499.24546
G1 X114.962 Y116.17 E499.26202
G1 X114.768 Y116.63 E499.27862
G1 X114.66 Y117.115 E499.29515
G1 X114.637 Y117.611 E499.31166
G1 X114.701 Y118.113 E499.3285
G1 X114.846 Y118.579 E499.34473
G1 X115.082 Y119.032 E499.36172
G1 X115.377 Y119.425 E499.37806
G1 X115.743 Y119.761 E499.39459
G1 X116.166 Y120.034 E499.41133
G1 X116.625 Y120.224 E499.42785
G1 X117.111 Y120.332 E499.44441
G1 X117.5 Y120.35 E499.45736
G0 F9000 X117.534 Y119.645
G0 X119.007 Y119.02
G0 X119.174 Y119.174
;TYPE:FILL
G1 F600 X116.473 Y116.473 E499.58441
G0 F9000 X116.564 Y116.685
G0 X119.02 Y115.993
G0 X119.175 Y115.825
G1 F600 X115.821 Y119.179 E499.74217
G0 F9000 X116.18 Y118.791
;MESH:NONMESH
G0 F300 X116.18 Y118.791 Z41
G0 F9000 X117.515 Y119.644
G0 X117.5 Y119.95
;TIME_ELAPSED:1692.237419
;LAYER:204
;note -- min layer time used
;TYPE:WALL-INNER
;MESH:FT09-Input Shaft.stl
G1 F600 X117.591 Y119.954 E499.7452
G1 X118.024 Y119.899 E499.75972
G1 X118.424 Y119.774 E499.77366
G1 X118.814 Y119.574 E499.78824
G1 X119.15 Y119.318 E499.80229
G1 X119.439 Y119.003 E499.8165
G1 X119.674 Y118.639 E499.83091
G1 X119.837 Y118.249 E499.84497
G1 X119.93 Y117.832 E499.85918
G1 X119.95 Y117.401 E499.87353
G1 X119.895 Y116.972 E499.88792
G1 X119.77 Y116.568 E499.90198
G1 X119.571 Y116.179 E499.91652
G1 X119.315 Y115.846 E499.93049
G1 X118.999 Y115.553 E499.94482
G1 X118.635 Y115.322 E499.95916
G1 X118.243 Y115.154 E499.97334
G1 X118.001 Y115.1 E499.98159
G1 X118.008 Y115.326 E499.98911
G1 X117.961 Y115.563 E499.99715
G1 X117.726 Y115.846 E500.00938
G1 X116.248 Y116.48 E500.06287
G1 X116.063 Y116.512 E500.06912
G1 X115.806 Y116.46 E500.07784
G1 X115.453 Y116.146 E500.09355
G1 X115.318 Y116.358 E500.10191
G1 X115.15 Y116.752 E500.11616
G1 X115.058 Y117.168 E500.13033
G1 X115.038 Y117.595 E500.14455
G1 X115.093 Y118.027 E500.15903
G1 X115.217 Y118.426 E500.17293
G1 X115.422 Y118.818 E500.18764
G1 X115.675 Y119.155 E500.20166
G1 X115.989 Y119.443 E500.21583
G1 X116.352 Y119.678 E500.23021
G1 X116.746 Y119.841 E500.24439
G1 X117.164 Y119.934 E500.25863
G1 X117.5 Y119.95 E500.26982
G0 F9000 X117.5 Y120.35
;TYPE:WALL-OUTER
G1 F600 X117.607 Y120.355 E500.27338
G1 X118.109 Y120.291 E500.29022
G1 X118.576 Y120.146 E500.30648
G1 X119.028 Y119.914 E500.32338
G1 X119.42 Y119.615 E500.33978
G1 X119.757 Y119.249 E500.35632
G1 X120.03 Y118.826 E500.37307
G1 X120.22 Y118.371 E500.38947
G1 X120.328 Y117.885 E500.40603
G1 X120.351 Y117.385 E500.42268
G1 X120.287 Y116.887 E500.43937
G1 X120.142 Y116.416 E500.45577
G1 X119.91 Y115.964 E500.47266
G1 X119.611 Y115.576 E500.48896
G1 X119.245 Y115.235 E500.50559
G1 X118.822 Y114.966 E500.52227
G1 X118.366 Y114.772 E500.53875
G1 X117.881 Y114.664 E500.55528
G1 X117.581 Y114.65 E500.56526
G1 X117.612 Y115.386 E500.58977
G1 X117.507 Y115.503 E500.59499
G1 X116.118 Y116.102 E500.64531
G1 X116.019 Y116.11 E500.64861
G1 X115.904 Y116.047 E500.65297
G1 X115.432 Y115.53 E500.67625
G1 X115.231 Y115.751 E500.68619
G1 X114.962 Y116.17 E500.70275
G1 X114.768 Y116.63 E500.71936
G1 X114.66 Y117.115 E500.73588
G1 X114.637 Y117.611 E500.7524
G1 X114.701 Y118.113 E500.76923
G1 X114.846 Y118.579 E500.78546
G1 X115.082 Y119.032 E500.80245
G1 X115.377 Y119.425 E500.81879
G1 X115.743 Y119.761 E500.83532
G1 X116.166 Y120.034 E500.85206
G1 X116.625 Y120.224 E500.86859
G1 X117.111 Y120.332 E500.88514
G1 X117.5 Y120.35 E500.8981
G0 F9000 X117.534 Y119.645
G0 X119.007 Y119.02
G0 X119.174 Y119.174
;TYPE:FILL
G1 F600 X116.473 Y116.473 E501.02514
G0 F9000 X116.564 Y116.685
G0 X119.02 Y115.993
G0 X119.175 Y115.825
G1 F600 X115.821 Y119.179 E501.18291
G0 F9000 X116.18 Y118.791
;MESH:NONMESH
G0 F300 X116.18 Y118.791 Z41.2
G0 F9000 X117.515 Y119.644
G0 X117.5 Y119.95
;TIME_ELAPSED:1697.198822
;LAYER:205
;note -- min layer time used
;TYPE:WALL-INNER
;MESH:FT09-Input Shaft.stl
G1 F600 X117.591 Y119.954 E501.18593
G1 X118.024 Y119.899 E501.20045
G1 X118.424 Y119.774 E501.21439
G1 X118.814 Y119.574 E501.22897
G1 X119.15 Y119.318 E501.24302
G1 X119.439 Y119.003 E501.25724
G1 X119.674 Y118.639 E501.27165
G1 X119.837 Y118.249 E501.28571
G1 X119.93 Y117.832 E501.29992
G1 X119.95 Y117.401 E501.31427
G1 X119.895 Y116.972 E501.32865
G1 X119.77 Y116.568 E501.34272
G1 X119.571 Y116.179 E501.35725
G1 X119.315 Y115.846 E501.37122
G1 X118.999 Y115.553 E501.38555
G1 X118.635 Y115.322 E501.39989
G1 X118.243 Y115.154 E501.41408
G1 X118.001 Y115.1 E501.42232
G1 X118.008 Y115.326 E501.42984
G1 X117.961 Y115.563 E501.43788
G1 X117.726 Y115.846 E501.45012
G1 X116.248 Y116.48 E501.50361
G1 X116.063 Y116.512 E501.50985
G1 X115.806 Y116.46 E501.51857
G1 X115.453 Y116.146 E501.53428
G1 X115.318 Y116.358 E501.54264
G1 X115.15 Y116.752 E501.55689
G1 X115.058 Y117.168 E501.57106
G1 X115.038 Y117.595 E501.58528
G1 X115.093 Y118.027 E501.59976
G1 X115.217 Y118.426 E501.61366
G1 X115.422 Y118.818 E501.62837
G1 X115.675 Y119.155 E501.64239
G1 X115.989 Y119.443 E501.65656
G1 X116.352 Y119.678 E501.67094
G1 X116.746 Y119.841 E501.68512
G1 X117.164 Y119.934 E501.69937
G1 X117.5 Y119.95 E501.71055
G0 F9000 X117.5 Y120.35
;TYPE:WALL-OUTER
G1 F600 X117.607 Y120.355 E501.71412
G1 X118.109 Y120.291 E501.73095
G1 X118.576 Y120.146 E501.74721
G1 X119.028 Y119.914 E501.76411
G1 X119.42 Y119.615 E501.78051
G1 X119.757 Y119.249 E501.79706
G1 X120.03 Y118.826 E501.8138
G1 X120.22 Y118.371 E501.8302
G1 X120.328 Y117.885 E501.84676
G1 X120.351 Y117.385 E501.86341
G1 X120.287 Y116.887 E501.88011
G1 X120.142 Y116.416 E501.8965
G1 X119.91 Y115.964 E501.9134
G1 X119.611 Y115.576 E501.92969
G1 X119.245 Y115.235 E501.94633
G1 X118.822 Y114.966 E501.963
G1 X118.366 Y114.772 E501.97948
G1 X117.881 Y114.664 E501.99601
G1 X117.581 Y114.65 E502.006
G1 X117.612 Y115.386 E502.0305
G1 X117.507 Y115.503 E502.03573
G1 X116.118 Y116.102 E502.08604
G1 X116.019 Y116.11 E502.08934
G1 X115.904 Y116.047 E502.0937
G1 X115.432 Y115.53 E502.11699
G1 X115.231 Y115.751 E502.12692
G1 X114.962 Y116.17 E502.14348
G1 X114.768 Y116.63 E502.16009
G1 X114.66 Y117.115 E502.17661
G1 X114.637 Y117.611 E502.19313
G1 X114.701 Y118.113 E502.20996
G1 X114.846 Y118.579 E502.22619
G1 X115.082 Y119.032 E502.24318
G1 X115.377 Y119.425 E502.25953
G1 X115.743 Y119.761 E502.27605
G1 X116.166 Y120.034 E502.2928
G1 X116.625 Y120.224 E502.30932
G1 X117.111 Y120.332 E502.32588
G1 X117.5 Y120.35 E502.33883
G0 F9000 X117.534 Y119.645
G0 X119.007 Y119.02
G0 X119.174 Y119.174
;TYPE:FILL
G1 F600 X116.473 Y116.473 E502.46588
G0 F9000 X116.564 Y116.685
G0 X119.02 Y115.993
G0 X119.175 Y115.825
G1 F600 X115.821 Y119.179 E502.62364
G0 F9000 X116.18 Y118.791
;MESH:NONMESH
G0 F300 X116.18 Y118.791 Z41.4
G0 F9000 X117.515 Y119.644
G0 X117.5 Y119.95
;TIME_ELAPSED:1702.160224
;LAYER:206
;note -- min layer time used
;TYPE:WALL-INNER
;MESH:FT09-Input Shaft.stl
G1 F600 X117.591 Y119.954 E502.62667
G1 X118.024 Y119.899 E502.64118
G1 X118.424 Y119.774 E502.65512
G1 X118.814 Y119.574 E502.6697
G1 X119.15 Y119.318 E502.68375
G1 X119.439 Y119.003 E502.69797
G1 X119.674 Y118.639 E502.71238
G1 X119.837 Y118.249 E502.72644
G1 X119.93 Y117.832 E502.74065
G1 X119.95 Y117.401 E502.755
G1 X119.895 Y116.972 E502.76938
G1 X119.77 Y116.568 E502.78345
G1 X119.571 Y116.179 E502.79798
G1 X119.315 Y115.846 E502.81195
G1 X118.999 Y115.553 E502.82629
G1 X118.635 Y115.322 E502.84062
G1 X118.243 Y115.154 E502.85481
G1 X118.001 Y115.1 E502.86306
G1 X118.008 Y115.326 E502.87058
G1 X117.961 Y115.563 E502.87861
G1 X117.726 Y115.846 E502.89085
G1 X116.248 Y116.48 E502.94434
G1 X116.063 Y116.512 E502.95058
G1 X115.806 Y116.46 E502.9593
G1 X115.453 Y116.146 E502.97502
G1 X115.318 Y116.358 E502.98338
G1 X115.15 Y116.752 E502.99762
G1 X115.058 Y117.168 E503.01179
G1 X115.038 Y117.595 E503.02601
G1 X115.093 Y118.027 E503.0405
G1 X115.217 Y118.426 E503.05439
G1 X115.422 Y118.818 E503.06911
G1 X115.675 Y119.155 E503.08312
G1 X115.989 Y119.443 E503.09729
G1 X116.352 Y119.678 E503.11168
G1 X116.746 Y119.841 E503.12586
G1 X117.164 Y119.934 E503.1401
G1 X117.5 Y119.95 E503.15129
G0 F9000 X117.5 Y120.35
;TYPE:WALL-OUTER
G1 F600 X117.607 Y120.355 E503.15485
G1 X118.109 Y120.291 E503.17168
G1 X118.576 Y120.146 E503.18795
G1 X119.028 Y119.914 E503.20484
G1 X119.42 Y119.615 E503.22124
G1 X119.757 Y119.249 E503.23779
G1 X120.03 Y118.826 E503.25453
G1 X120.22 Y118.371 E503.27093
G1 X120.328 Y117.885 E503.28749
G1 X120.351 Y117.385 E503.30414
G1 X120.287 Y116.887 E503.32084
G1 X120.142 Y116.416 E503.33723
G1 X119.91 Y115.964 E503.35413
G1 X119.611 Y115.576 E503.37042
G1 X119.245 Y115.235 E503.38706
G1 X118.822 Y114.966 E503.40373
G1 X118.366 Y114.772 E503.42021
G1 X117.881 Y114.664 E503.43674
G1 X117.581 Y114.65 E503.44673
G1 X117.612 Y115.386 E503.47123
G1 X117.507 Y115.503 E503.47646
G1 X116.118 Y116.102 E503.52677
G1 X116.019 Y116.11 E503.53007
G1 X115.904 Y116.047 E503.53444
G1 X115.432 Y115.53 E503.55772
G1 X115.231 Y115.751 E503.56766
G1 X114.962 Y116.17 E503.58422
G1 X114.768 Y116.63 E503.60082
G1 X114.66 Y117.115 E503.61735
G1 X114.637 Y117.611 E503.63386
G1 X114.701 Y118.113 E503.65069
G1 X114.846 Y118.579 E503.66693
G1 X115.082 Y119.032 E503.68391
G1 X115.377 Y119.425 E503.70026
G1 X115.743 Y119.761 E503.71678
G1 X116.166 Y120.034 E503.73353
G1 X116.625 Y120.224 E503.75005
G1 X117.111 Y120.332 E503.76661
G1 X117.5 Y120.35 E503.77956
G0 F9000 X117.534 Y119.645
G0 X119.007 Y119.02
G0 X119.174 Y119.174
;TYPE:FILL
G1 F600 X116.473 Y116.473 E503.90661
G0 F9000 X116.564 Y116.685
G0 X119.02 Y115.993
G0 X119.175 Y115.825
G1 F600 X115.821 Y119.179 E504.06437
G0 F9000 X116.18 Y118.791
;MESH:NONMESH
G0 F300 X116.18 Y118.791 Z41.6
G0 F9000 X117.515 Y119.644
G0 X117.5 Y119.95
;TIME_ELAPSED:1707.121626
;LAYER:207
;note -- min layer time used
;TYPE:WALL-INNER
;MESH:FT09-Input Shaft.stl
G1 F600 X117.591 Y119.954 E504.0674
G1 X118.024 Y119.899 E504.08192
G1 X118.424 Y119.774 E504.09586
G1 X118.814 Y119.574 E504.11043
G1 X119.15 Y119.318 E504.12448
G1 X119.439 Y119.003 E504.1387
G1 X119.674 Y118.639 E504.15311
G1 X119.837 Y118.249 E504.16717
G1 X119.93 Y117.832 E504.18138
G1 X119.95 Y117.401 E504.19573
G1 X119.895 Y116.972 E504.21012
G1 X119.77 Y116.568 E504.22418
G1 X119.571 Y116.179 E504.23872
G1 X119.315 Y115.846 E504.25269
G1 X118.999 Y115.553 E504.26702
G1 X118.635 Y115.322 E504.28136
G1 X118.243 Y115.154 E504.29554
G1 X118.001 Y115.1 E504.30379
G1 X118.008 Y115.326 E504.31131
G1 X117.961 Y115.563 E504.31935
G1 X117.726 Y115.846 E504.33158
G1 X116.248 Y116.48 E504.38507
G1 X116.063 Y116.512 E504.39132
G1 X115.806 Y116.46 E504.40004
G1 X115.453 Y116.146 E504.41575
G1 X115.318 Y116.358 E504.42411
G1 X115.15 Y116.752 E504.43836
G1 X115.058 Y117.168 E504.45253
G1 X115.038 Y117.595 E504.46674
G1 X115.093 Y118.027 E504.48123
G1 X115.217 Y118.426 E504.49513
G1 X115.422 Y118.818 E504.50984
G1 X115.675 Y119.155 E504.52385
G1 X115.989 Y119.443 E504.53803
G1 X116.352 Y119.678 E504.55241
G1 X116.746 Y119.841 E504.56659
G1 X117.164 Y119.934 E504.58083
G1 X117.5 Y119.95 E504.59202
G0 F9000 X117.5 Y120.35
;TYPE:WALL-OUTER
G1 F600 X117.607 Y120.355 E504.59558
G1 X118.109 Y120.291 E504.61241
G1 X118.576 Y120.146 E504.62868
G1 X119.028 Y119.914 E504.64558
G1 X119.42 Y119.615 E504.66197
G1 X119.757 Y119.249 E504.67852
G1 X120.03 Y118.826 E504.69527
G1 X120.22 Y118.371 E504.71167
G1 X120.328 Y117.885 E504.72823
G1 X120.351 Y117.385 E504.74487
G1 X120.287 Y116.887 E504.76157
G1 X120.142 Y116.416 E504.77796
G1 X119.91 Y115.964 E504.79486
G1 X119.611 Y115.576 E504.81115
G1 X119.245 Y115.235 E504.82779
G1 X118.822 Y114.966 E504.84447
G1 X118.366 Y114.772 E504.86095
G1 X117.881 Y114.664 E504.87747
G1 X117.581 Y114.65 E504.88746
G1 X117.612 Y115.386 E504.91196
G1 X117.507 Y115.503 E504.91719
G1 X116.118 Y116.102 E504.9675
G1 X116.019 Y116.11 E504.97081
G1 X115.904 Y116.047 E504.97517
G1 X115.432 Y115.53 E504.99845
G1 X115.231 Y115.751 E505.00839
G1 X114.962 Y116.17 E505.02495
G1 X114.768 Y116.63 E505.04155
G1 X114.66 Y117.115 E505.05808
G1 X114.637 Y117.611 E505.07459
G1 X114.701 Y118.113 E505.09143
G1 X114.846 Y118.579 E505.10766
G1 X115.082 Y119.032 E505.12465
G1 X115.377 Y119.425 E505.14099
G1 X115.743 Y119.761 E505.15752
G1 X116.166 Y120.034 E505.17426
G1 X116.625 Y120.224 E505.19078
G1 X117.111 Y120.332 E505.20734
G1 X117.5 Y120.35 E505.22029
G0 F9000 X117.534 Y119.645
G0 X119.007 Y119.02
G0 X119.174 Y119.174
;TYPE:FILL
G1 F600 X116.473 Y116.473 E505.34734
G0 F9000 X116.564 Y116.685
G0 X119.02 Y115.993
G0 X119.175 Y115.825
G1 F600 X115.821 Y119.179 E505.5051
G0 F9000 X116.18 Y118.791
;MESH:NONMESH
G0 F300 X116.18 Y118.791 Z41.8
G0 F9000 X117.515 Y119.644
G0 X117.5 Y119.95
;TIME_ELAPSED:1712.083028
;LAYER:208
;note -- min layer time used
;TYPE:WALL-INNER
;MESH:FT09-Input Shaft.stl
G1 F600 X117.591 Y119.954 E505.50813
G1 X118.024 Y119.899 E505.52265
G1 X118.424 Y119.774 E505.53659
G1 X118.814 Y119.574 E505.55117
G1 X119.15 Y119.318 E505.56522
G1 X119.439 Y119.003 E505.57943
G1 X119.674 Y118.639 E505.59384
G1 X119.837 Y118.249 E505.6079
G1 X119.93 Y117.832 E505.62211
G1 X119.95 Y117.401 E505.63646
G1 X119.895 Y116.972 E505.65085
G1 X119.77 Y116.568 E505.66492
G1 X119.571 Y116.179 E505.67945
G1 X119.315 Y115.846 E505.69342
G1 X118.999 Y115.553 E505.70775
G1 X118.635 Y115.322 E505.72209
G1 X118.243 Y115.154 E505.73628
G1 X118.001 Y115.1 E505.74452
G1 X118.008 Y115.326 E505.75204
G1 X117.961 Y115.563 E505.76008
G1 X117.726 Y115.846 E505.77231
G1 X116.248 Y116.48 E505.8258
G1 X116.063 Y116.512 E505.83205
G1 X115.806 Y116.46 E505.84077
G1 X115.453 Y116.146 E505.85648
G1 X115.318 Y116.358 E505.86484
G1 X115.15 Y116.752 E505.87909
G1 X115.058 Y117.168 E505.89326
G1 X115.038 Y117.595 E505.90748
G1 X115.093 Y118.027 E505.92196
G1 X115.217 Y118.426 E505.93586
G1 X115.422 Y118.818 E505.95057
G1 X115.675 Y119.155 E505.96459
G1 X115.989 Y119.443 E505.97876
G1 X116.352 Y119.678 E505.99314
G1 X116.746 Y119.841 E506.00732
G1 X117.164 Y119.934 E506.02157
G1 X117.5 Y119.95 E506.03275
G0 F9000 X117.5 Y120.35
;TYPE:WALL-OUTER
G1 F600 X117.607 Y120.355 E506.03632
G1 X118.109 Y120.291 E506.05315
G1 X118.576 Y120.146 E506.06941
G1 X119.028 Y119.914 E506.08631
G1 X119.42 Y119.615 E506.10271
G1 X119.757 Y119.249 E506.11926
G1 X120.03 Y118.826 E506.136
G1 X120.22 Y118.371 E506.1524
G1 X120.328 Y117.885 E506.16896
G1 X120.351 Y117.385 E506.18561
G1 X120.287 Y116.887 E506.20231
G1 X120.142 Y116.416 E506.2187
G1 X119.91 Y115.964 E506.2356
G1 X119.611 Y115.576 E506.25189
G1 X119.245 Y115.235 E506.26853
G1 X118.822 Y114.966 E506.2852
G1 X118.366 Y114.772 E506.30168
G1 X117.881 Y114.664 E506.31821
G1 X117.581 Y114.65 E506.3282
G1 X117.612 Y115.386 E506.3527
G1 X117.507 Y115.503 E506.35793
G1 X116.118 Y116.102 E506.40824
G1 X116.019 Y116.11 E506.41154
G1 X115.904 Y116.047 E506.4159
G1 X115.432 Y115.53 E506.43919
G1 X115.231 Y115.751 E506.44912
G1 X114.962 Y116.17 E506.46568
G1 X114.768 Y116.63 E506.48229
G1 X114.66 Y117.115 E506.49881
G1 X114.637 Y117.611 E506.51533
G1 X114.701 Y118.113 E506.53216
G1 X114.846 Y118.579 E506.54839
G1 X115.082 Y119.032 E506.56538
G1 X115.377 Y119.425 E506.58172
G1 X115.743 Y119.761 E506.59825
G1 X116.166 Y120.034 E506.61499
G1 X116.625 Y120.224 E506.63152
G1 X117.111 Y120.332 E506.64808
G1 X117.5 Y120.35 E506.66103
G0 F9000 X117.534 Y119.645
G0 X119.007 Y119.02
G0 X119.174 Y119.174
;TYPE:FILL
G1 F600 X116.473 Y116.473 E506.78807
G0 F9000 X116.564 Y116.685
G0 X119.02 Y115.993
G0 X119.175 Y115.825
G1 F600 X115.821 Y119.179 E506.94584
G0 F9000 X116.18 Y118.791
;MESH:NONMESH
G0 F300 X116.18 Y118.791 Z42
G0 F9000 X117.515 Y119.644
G0 X117.5 Y119.95
;TIME_ELAPSED:1717.044430
;LAYER:209
;note -- min layer time used
;TYPE:WALL-INNER
;MESH:FT09-Input Shaft.stl
G1 F600 X117.591 Y119.954 E506.94887
G1 X118.024 Y119.899 E506.96338
G1 X118.424 Y119.774 E506.97732
G1 X118.814 Y119.574 E506.9919
G1 X119.15 Y119.318 E507.00595
G1 X119.439 Y119.003 E507.02017
G1 X119.674 Y118.639 E507.03458
G1 X119.837 Y118.249 E507.04864
G1 X119.93 Y117.832 E507.06285
G1 X119.95 Y117.401 E507.0772
G1 X119.895 Y116.972 E507.09158
G1 X119.77 Y116.568 E507.10565
G1 X119.571 Y116.179 E507.12018
G1 X119.315 Y115.846 E507.13415
G1 X118.999 Y115.553 E507.14848
G1 X118.635 Y115.322 E507.16282
G1 X118.243 Y115.154 E507.17701
G1 X118.001 Y115.1 E507.18525
G1 X118.008 Y115.326 E507.19278
G1 X117.961 Y115.563 E507.20081
G1 X117.726 Y115.846 E507.21305
G1 X116.248 Y116.48 E507.26654
G1 X116.063 Y116.512 E507.27278
G1 X115.806 Y116.46 E507.2815
G1 X115.453 Y116.146 E507.29722
G1 X115.318 Y116.358 E507.30558
G1 X115.15 Y116.752 E507.31982
G1 X115.058 Y117.168 E507.33399
G1 X115.038 Y117.595 E507.34821
G1 X115.093 Y118.027 E507.36269
G1 X115.217 Y118.426 E507.37659
G1 X115.422 Y118.818 E507.3913
G1 X115.675 Y119.155 E507.40532
G1 X115.989 Y119.443 E507.41949
G1 X116.352 Y119.678 E507.43387
G1 X116.746 Y119.841 E507.44806
G1 X117.164 Y119.934 E507.4623
G1 X117.5 Y119.95 E507.47349
G0 F9000 X117.5 Y120.35
;TYPE:WALL-OUTER
G1 F600 X117.607 Y120.355 E507.47705
G1 X118.109 Y120.291 E507.49388
G1 X118.576 Y120.146 E507.51014
G1 X119.028 Y119.914 E507.52704
G1 X119.42 Y119.615 E507.54344
G1 X119.757 Y119.249 E507.55999
G1 X120.03 Y118.826 E507.57673
G1 X120.22 Y118.371 E507.59313
G1 X120.328 Y117.885 E507.60969
G1 X120.351 Y117.385 E507.62634
G1 X120.287 Y116.887 E507.64304
G1 X120.142 Y116.416 E507.65943
G1 X119.91 Y115.964 E507.67633
G1 X119.611 Y115.576 E507.69262
G1 X119.245 Y115.235 E507.70926
G1 X118.822 Y114.966 E507.72593
G1 X118.366 Y114.772 E507.74241
G1 X117.881 Y114.664 E507.75894
G1 X117.581 Y114.65 E507.76893
G1 X117.612 Y115.386 E507.79343
G1 X117.507 Y115.503 E507.79866
G1 X116.118 Y116.102 E507.84897
G1 X116.019 Y116.11 E507.85227
G1 X115.904 Y116.047 E507.85663
G1 X115.432 Y115.53 E507.87992
G1 X115.231 Y115.751 E507.88985
G1 X114.962 Y116.17 E507.90641
G1 X114.768 Y116.63 E507.92302
G1 X114.66 Y117.115 E507.93955
G1 X114.637 Y117.611 E507.95606
G1 X114.701 Y118.113 E507.97289
G1 X114.846 Y118.579 E507.98912
G1 X115.082 Y119.032 E508.00611
G1 X115.377 Y119.425 E508.02246
G1 X115.743 Y119.761 E508.03898
G1 X116.166 Y120.034 E508.05573
G1 X116.625 Y120.224 E508.07225
G1 X117.111 Y120.332 E508.08881
G1 X117.5 Y120.35 E508.10176
G0 F9000 X117.534 Y119.645
G0 X119.007 Y119.02
G0 X119.174 Y119.174
;TYPE:FILL
G1 F600 X116.473 Y116.473 E508.22881
G0 F9000 X116.564 Y116.685
G0 X119.02 Y115.993
G0 X119.175 Y115.825
G1 F600 X115.821 Y119.179 E508.38657
G0 F9000 X116.18 Y118.791
;MESH:NONMESH
G0 F300 X116.18 Y118.791 Z42.2
G0 F9000 X117.515 Y119.644
G0 X117.5 Y119.95
;TIME_ELAPSED:1722.005833
;LAYER:210
;note -- min layer time used
;TYPE:WALL-INNER
;MESH:FT09-Input Shaft.stl
G1 F600 X117.591 Y119.954 E508.3896
G1 X118.024 Y119.899 E508.40412
G1 X118.424 Y119.774 E508.41805
G1 X118.814 Y119.574 E508.43263
G1 X119.15 Y119.318 E508.44668
G1 X119.439 Y119.003 E508.4609
G1 X119.674 Y118.639 E508.47531
G1 X119.837 Y118.249 E508.48937
G1 X119.93 Y117.832 E508.50358
G1 X119.95 Y117.401 E508.51793
G1 X119.895 Y116.972 E508.53232
G1 X119.77 Y116.568 E508.54638
G1 X119.571 Y116.179 E508.56091
G1 X119.315 Y115.846 E508.57488
G1 X118.999 Y115.553 E508.58922
G1 X118.635 Y115.322 E508.60356
G1 X118.243 Y115.154 E508.61774
G1 X118.001 Y115.1 E508.62599
G1 X118.008 Y115.326 E508.63351
G1 X117.961 Y115.563 E508.64154
G1 X117.726 Y115.846 E508.65378
G1 X116.248 Y116.48 E508.70727
G1 X116.063 Y116.512 E508.71351
G1 X115.806 Y116.46 E508.72223
G1 X115.453 Y116.146 E508.73795
G1 X115.318 Y116.358 E508.74631
G1 X115.15 Y116.752 E508.76055
G1 X115.058 Y117.168 E508.77472
G1 X115.038 Y117.595 E508.78894
G1 X115.093 Y118.027 E508.80343
G1 X115.217 Y118.426 E508.81732
G1 X115.422 Y118.818 E508.83204
G1 X115.675 Y119.155 E508.84605
G1 X115.989 Y119.443 E508.86022
G1 X116.352 Y119.678 E508.87461
G1 X116.746 Y119.841 E508.88879
G1 X117.164 Y119.934 E508.90303
G1 X117.5 Y119.95 E508.91422
G0 F9000 X117.5 Y120.35
;TYPE:WALL-OUTER
G1 F600 X117.607 Y120.355 E508.91778
G1 X118.109 Y120.291 E508.93461
G1 X118.576 Y120.146 E508.95088
G1 X119.028 Y119.914 E508.96778
G1 X119.42 Y119.615 E508.98417
G1 X119.757 Y119.249 E509.00072
G1 X120.03 Y118.826 E509.01747
G1 X120.22 Y118.371 E509.03387
G1 X120.328 Y117.885 E509.05042
G1 X120.351 Y117.385 E509.06707
G1 X120.287 Y116.887 E509.08377
G1 X120.142 Y116.416 E509.10016
G1 X119.91 Y115.964 E509.11706
G1 X119.611 Y115.576 E509.13335
G1 X119.245 Y115.235 E509.14999
G1 X118.822 Y114.966 E509.16666
G1 X118.366 Y114.772 E509.18315
G1 X117.881 Y114.664 E509.19967
G1 X117.581 Y114.65 E509.20966
G1 X117.612 Y115.386 E509.23416
G1 X117.507 Y115.503 E509.23939
G1 X116.118 Y116.102 E509.2897
G1 X116.019 Y116.11 E509.29301
G1 X115.904 Y116.047 E509.29737
G1 X115.432 Y115.53 E509.32065
G1 X115.231 Y115.751 E509.33059
G1 X114.962 Y116.17 E509.34715
G1 X114.768 Y116.63 E509.36375
G1 X114.66 Y117.115 E509.38028
G1 X114.637 Y117.611 E509.39679
G1 X114.701 Y118.113 E509.41362
G1 X114.846 Y118.579 E509.42986
G1 X115.082 Y119.032 E509.44685
G1 X115.377 Y119.425 E509.46319
G1 X115.743 Y119.761 E509.47971
G1 X116.166 Y120.034 E509.49646
G1 X116.625 Y120.224 E509.51298
G1 X117.111 Y120.332 E509.52954
G1 X117.5 Y120.35 E509.54249
G0 F9000 X117.534 Y119.645
G0 X119.007 Y119.02
G0 X119.174 Y119.174
;TYPE:FILL
G1 F600 X116.473 Y116.473 E509.66954
G0 F9000 X116.564 Y116.685
G0 X119.02 Y115.993
G0 X119.175 Y115.825
G1 F600 X115.821 Y119.179 E509.8273
G0 F9000 X116.18 Y118.791
;MESH:NONMESH
G0 F300 X116.18 Y118.791 Z42.4
G0 F9000 X117.515 Y119.644
G0 X117.5 Y119.95
;TIME_ELAPSED:1726.967235
;LAYER:211
;note -- min layer time used
;TYPE:WALL-INNER
;MESH:FT09-Input Shaft.stl
G1 F600 X117.591 Y119.954 E509.83033
G1 X118.024 Y119.899 E509.84485
G1 X118.424 Y119.774 E509.85879
G1 X118.814 Y119.574 E509.87336
G1 X119.15 Y119.318 E509.88741
G1 X119.439 Y119.003 E509.90163
G1 X119.674 Y118.639 E509.91604
G1 X119.837 Y118.249 E509.9301
G1 X119.93 Y117.832 E509.94431
G1 X119.95 Y117.401 E509.95866
G1 X119.895 Y116.972 E509.97305
G1 X119.77 Y116.568 E509.98711
G1 X119.571 Y116.179 E510.00165
G1 X119.315 Y115.846 E510.01562
G1 X118.999 Y115.553 E510.02995
G1 X118.635 Y115.322 E510.04429
G1 X118.243 Y115.154 E510.05847
G1 X118.001 Y115.1 E510.06672
G1 X118.008 Y115.326 E510.07424
G1 X117.961 Y115.563 E510.08228
G1 X117.726 Y115.846 E510.09451
G1 X116.248 Y116.48 E510.148
G1 X116.063 Y116.512 E510.15425
G1 X115.806 Y116.46 E510.16297
G1 X115.453 Y116.146 E510.17868
G1 X115.318 Y116.358 E510.18704
G1 X115.15 Y116.752 E510.20129
G1 X115.058 Y117.168 E510.21546
G1 X115.038 Y117.595 E510.22967
G1 X115.093 Y118.027 E510.24416
G1 X115.217 Y118.426 E510.25806
G1 X115.422 Y118.818 E510.27277
G1 X115.675 Y119.155 E510.28679
G1 X115.989 Y119.443 E510.30096
G1 X116.352 Y119.678 E510.31534
G1 X116.746 Y119.841 E510.32952
G1 X117.164 Y119.934 E510.34376
G1 X117.5 Y119.95 E510.35495
G0 F9000 X117.5 Y120.35
;TYPE:WALL-OUTER
G1 F600 X117.607 Y120.355 E510.35851
G1 X118.109 Y120.291 E510.37535
G1 X118.576 Y120.146 E510.39161
G1 X119.028 Y119.914 E510.40851
G1 X119.42 Y119.615 E510.42491
G1 X119.757 Y119.249 E510.44145
G1 X120.03 Y118.826 E510.4582
G1 X120.22 Y118.371 E510.4746
G1 X120.328 Y117.885 E510.49116
G1 X120.351 Y117.385 E510.5078
G1 X120.287 Y116.887 E510.5245
G1 X120.142 Y116.416 E510.5409
G1 X119.91 Y115.964 E510.55779
G1 X119.611 Y115.576 E510.57409
G1 X119.245 Y115.235 E510.59072
G1 X118.822 Y114.966 E510.6074
G1 X118.366 Y114.772 E510.62388
G1 X117.881 Y114.664 E510.6404
G1 X117.581 Y114.65 E510.65039
G1 X117.612 Y115.386 E510.67489
G1 X117.507 Y115.503 E510.68012
G1 X116.118 Y116.102 E510.73043
G1 X116.019 Y116.11 E510.73374
G1 X115.904 Y116.047 E510.7381
G1 X115.432 Y115.53 E510.76138
G1 X115.231 Y115.751 E510.77132
G1 X114.962 Y116.17 E510.78788
G1 X114.768 Y116.63 E510.80448
G1 X114.66 Y117.115 E510.82101
G1 X114.637 Y117.611 E510.83753
G1 X114.701 Y118.113 E510.85436
G1 X114.846 Y118.579 E510.87059
G1 X115.082 Y119.032 E510.88758
G1 X115.377 Y119.425 E510.90392
G1 X115.743 Y119.761 E510.92045
G1 X116.166 Y120.034 E510.93719
G1 X116.625 Y120.224 E510.95371
G1 X117.111 Y120.332 E510.97027
G1 X117.5 Y120.35 E510.98323
G0 F9000 X117.534 Y119.645
G0 X119.007 Y119.02
G0 X119.174 Y119.174
;TYPE:FILL
G1 F600 X116.473 Y116.473 E511.11027
G0 F9000 X116.564 Y116.685
G0 X119.02 Y115.993
G0 X119.175 Y115.825
G1 F600 X115.821 Y119.179 E511.26803
G0 F9000 X116.18 Y118.791
;MESH:NONMESH
G0 F300 X116.18 Y118.791 Z42.6
G0 F9000 X117.515 Y119.644
G0 X117.5 Y119.95
;TIME_ELAPSED:1731.928637
;LAYER:212
;note -- min layer time used
;TYPE:WALL-INNER
;MESH:FT09-Input Shaft.stl
G1 F600 X117.591 Y119.954 E511.27106
G1 X118.024 Y119.899 E511.28558
G1 X118.424 Y119.774 E511.29952
G1 X118.814 Y119.574 E511.3141
G1 X119.15 Y119.318 E511.32815
G1 X119.439 Y119.003 E511.34237
G1 X119.674 Y118.639 E511.35678
G1 X119.837 Y118.249 E511.37083
G1 X119.93 Y117.832 E511.38504
G1 X119.95 Y117.401 E511.3994
G1 X119.895 Y116.972 E511.41378
G1 X119.77 Y116.568 E511.42785
G1 X119.571 Y116.179 E511.44238
G1 X119.315 Y115.846 E511.45635
G1 X118.999 Y115.553 E511.47068
G1 X118.635 Y115.322 E511.48502
G1 X118.243 Y115.154 E511.49921
G1 X118.001 Y115.1 E511.50745
G1 X118.008 Y115.326 E511.51497
G1 X117.961 Y115.563 E511.52301
G1 X117.726 Y115.846 E511.53524
G1 X116.248 Y116.48 E511.58873
G1 X116.063 Y116.512 E511.59498
G1 X115.806 Y116.46 E511.6037
G1 X115.453 Y116.146 E511.61941
G1 X115.318 Y116.358 E511.62777
G1 X115.15 Y116.752 E511.64202
G1 X115.058 Y117.168 E511.65619
G1 X115.038 Y117.595 E511.67041
G1 X115.093 Y118.027 E511.68489
G1 X115.217 Y118.426 E511.69879
G1 X115.422 Y118.818 E511.7135
G1 X115.675 Y119.155 E511.72752
G1 X115.989 Y119.443 E511.74169
G1 X116.352 Y119.678 E511.75607
G1 X116.746 Y119.841 E511.77025
G1 X117.164 Y119.934 E511.7845
G1 X117.5 Y119.95 E511.79568
G0 F9000 X117.5 Y120.35
;TYPE:WALL-OUTER
G1 F600 X117.607 Y120.355 E511.79925
G1 X118.109 Y120.291 E511.81608
G1 X118.576 Y120.146 E511.83234
G1 X119.028 Y119.914 E511.84924
G1 X119.42 Y119.615 E511.86564
G1 X119.757 Y119.249 E511.88219
G1 X120.03 Y118.826 E511.89893
G1 X120.22 Y118.371 E511.91533
G1 X120.328 Y117.885 E511.93189
G1 X120.351 Y117.385 E511.94854
G1 X120.287 Y116.887 E511.96524
G1 X120.142 Y116.416 E511.98163
G1 X119.91 Y115.964 E511.99853
G1 X119.611 Y115.576 E512.01482
G1 X119.245 Y115.235 E512.03146
G1 X118.822 Y114.966 E512.04813
G1 X118.366 Y114.772 E512.06461
G1 X117.881 Y114.664 E512.08114
G1 X117.581 Y114.65 E512.09113
G1 X117.612 Y115.386 E512.11563
G1 X117.507 Y115.503 E512.12086
G1 X116.118 Y116.102 E512.17117
G1 X116.019 Y116.11 E512.17447
G1 X115.904 Y116.047 E512.17883
G1 X115.432 Y115.53 E512.20212
G1 X115.231 Y115.751 E512.21205
G1 X114.962 Y116.17 E512.22861
G1 X114.768 Y116.63 E512.24522
G1 X114.66 Y117.115 E512.26174
G1 X114.637 Y117.611 E512.27826
G1 X114.701 Y118.113 E512.29509
G1 X114.846 Y118.579 E512.31132
G1 X115.082 Y119.032 E512.32831
G1 X115.377 Y119.425 E512.34466
G1 X115.743 Y119.761 E512.36118
G1 X116.166 Y120.034 E512.37792
G1 X116.625 Y120.224 E512.39445
G1 X117.111 Y120.332 E512.41101
G1 X117.5 Y120.35 E512.42396
G0 F9000 X117.534 Y119.645
G0 X119.007 Y119.02
G0 X119.174 Y119.174
;TYPE:FILL
G1 F600 X116.473 Y116.473 E512.55101
G0 F9000 X116.564 Y116.685
G0 X119.02 Y115.993
G0 X119.175 Y115.825
G1 F600 X115.821 Y119.179 E512.70877
G0 F9000 X116.18 Y118.791
;MESH:NONMESH
G0 F300 X116.18 Y118.791 Z42.8
G0 F9000 X117.515 Y119.644
G0 X117.5 Y119.95
;TIME_ELAPSED:1736.890039
;LAYER:213
;note -- min layer time used
;TYPE:WALL-INNER
;MESH:FT09-Input Shaft.stl
G1 F600 X117.591 Y119.954 E512.7118
G1 X118.024 Y119.899 E512.72631
G1 X118.424 Y119.774 E512.74025
G1 X118.814 Y119.574 E512.75483
G1 X119.15 Y119.318 E512.76888
G1 X119.439 Y119.003 E512.7831
G1 X119.674 Y118.639 E512.79751
G1 X119.837 Y118.249 E512.81157
G1 X119.93 Y117.832 E512.82578
G1 X119.95 Y117.401 E512.84013
G1 X119.895 Y116.972 E512.85451
G1 X119.77 Y116.568 E512.86858
G1 X119.571 Y116.179 E512.88311
G1 X119.315 Y115.846 E512.89708
G1 X118.999 Y115.553 E512.91142
G1 X118.635 Y115.322 E512.92575
G1 X118.243 Y115.154 E512.93994
G1 X118.001 Y115.1 E512.94819
G1 X118.008 Y115.326 E512.95571
G1 X117.961 Y115.563 E512.96374
G1 X117.726 Y115.846 E512.97598
G1 X116.248 Y116.48 E513.02947
G1 X116.063 Y116.512 E513.03571
G1 X115.806 Y116.46 E513.04443
G1 X115.453 Y116.146 E513.06015
G1 X115.318 Y116.358 E513.06851
G1 X115.15 Y116.752 E513.08275
G1 X115.058 Y117.168 E513.09692
G1 X115.038 Y117.595 E513.11114
G1 X115.093 Y118.027 E513.12562
G1 X115.217 Y118.426 E513.13952
G1 X115.422 Y118.818 E513.15423
G1 X115.675 Y119.155 E513.16825
G1 X115.989 Y119.443 E513.18242
G1 X116.352 Y119.678 E513.1968
G1 X116.746 Y119.841 E513.21099
G1 X117.164 Y119.934 E513.22523
G1 X117.5 Y119.95 E513.23642
G0 F9000 X117.5 Y120.35
;TYPE:WALL-OUTER
G1 F600 X117.607 Y120.355 E513.23998
G1 X118.109 Y120.291 E513.25681
G1 X118.576 Y120.146 E513.27308
G1 X119.028 Y119.914 E513.28997
G1 X119.42 Y119.615 E513.30637
G1 X119.757 Y119.249 E513.32292
G1 X120.03 Y118.826 E513.33966
G1 X120.22 Y118.371 E513.35606
G1 X120.328 Y117.885 E513.37262
G1 X120.351 Y117.385 E513.38927
G1 X120.287 Y116.887 E513.40597
G1 X120.142 Y116.416 E513.42236
G1 X119.91 Y115.964 E513.43926
G1 X119.611 Y115.576 E513.45555
G1 X119.245 Y115.235 E513.47219
G1 X118.822 Y114.966 E513.48886
G1 X118.366 Y114.772 E513.50534
G1 X117.881 Y114.664 E513.52187
G1 X117.581 Y114.65 E513.53186
G1 X117.612 Y115.386 E513.55636
G1 X117.507 Y115.503 E513.56159
G1 X116.118 Y116.102 E513.6119
G1 X116.019 Y116.11 E513.6152
G1 X115.904 Y116.047 E513.61956
G1 X115.432 Y115.53 E513.64285
G1 X115.231 Y115.751 E513.65278
G1 X114.962 Y116.17 E513.66935
G1 X114.768 Y116.63 E513.68595
G1 X114.66 Y117.115 E513.70248
G1 X114.637 Y117.611 E513.71899
G1 X114.701 Y118.113 E513.73582
G1 X114.846 Y118.579 E513.75206
G1 X115.082 Y119.032 E513.76904
G1 X115.377 Y119.425 E513.78539
G1 X115.743 Y119.761 E513.80191
G1 X116.166 Y120.034 E513.81866
G1 X116.625 Y120.224 E513.83518
G1 X117.111 Y120.332 E513.85174
G1 X117.5 Y120.35 E513.86469
G0 F9000 X117.534 Y119.645
G0 X119.007 Y119.02
G0 X119.174 Y119.174
;TYPE:FILL
G1 F600 X116.473 Y116.473 E513.99174
G0 F9000 X116.564 Y116.685
G0 X119.02 Y115.993
G0 X119.175 Y115.825
G1 F600 X115.821 Y119.179 E514.1495
G0 F9000 X116.18 Y118.791
;MESH:NONMESH
G0 F300 X116.18 Y118.791 Z43
G0 F9000 X117.515 Y119.644
G0 X117.5 Y119.95
;TIME_ELAPSED:1741.851442
;LAYER:214
;note -- min layer time used
;TYPE:WALL-INNER
;MESH:FT09-Input Shaft.stl
G1 F600 X117.591 Y119.954 E514.15253
G1 X118.024 Y119.899 E514.16705
G1 X118.424 Y119.774 E514.18099
G1 X118.814 Y119.574 E514.19556
G1 X119.15 Y119.318 E514.20961
G1 X119.439 Y119.003 E514.22383
G1 X119.674 Y118.639 E514.23824
G1 X119.837 Y118.249 E514.2523
G1 X119.93 Y117.832 E514.26651
G1 X119.95 Y117.401 E514.28086
G1 X119.895 Y116.972 E514.29525
G1 X119.77 Y116.568 E514.30931
G1 X119.571 Y116.179 E514.32384
G1 X119.315 Y115.846 E514.33781
G1 X118.999 Y115.553 E514.35215
G1 X118.635 Y115.322 E514.36649
G1 X118.243 Y115.154 E514.38067
G1 X118.001 Y115.1 E514.38892
G1 X118.008 Y115.326 E514.39644
G1 X117.961 Y115.563 E514.40448
G1 X117.726 Y115.846 E514.41671
G1 X116.248 Y116.48 E514.4702
G1 X116.063 Y116.512 E514.47644
G1 X115.806 Y116.46 E514.48517
G1 X115.453 Y116.146 E514.50088
G1 X115.318 Y116.358 E514.50924
G1 X115.15 Y116.752 E514.52348
G1 X115.058 Y117.168 E514.53766
G1 X115.038 Y117.595 E514.55187
G1 X115.093 Y118.027 E514.56636
G1 X115.217 Y118.426 E514.58025
G1 X115.422 Y118.818 E514.59497
G1 X115.675 Y119.155 E514.60898
G1 X115.989 Y119.443 E514.62315
G1 X116.352 Y119.678 E514.63754
G1 X116.746 Y119.841 E514.65172
G1 X117.164 Y119.934 E514.66596
G1 X117.5 Y119.95 E514.67715
G0 F9000 X117.5 Y120.35
;TYPE:WALL-OUTER
G1 F600 X117.607 Y120.355 E514.68071
G1 X118.109 Y120.291 E514.69754
G1 X118.576 Y120.146 E514.71381
G1 X119.028 Y119.914 E514.73071
G1 X119.42 Y119.615 E514.7471
G1 X119.757 Y119.249 E514.76365
G1 X120.03 Y118.826 E514.7804
G1 X120.22 Y118.371 E514.7968
G1 X120.328 Y117.885 E514.81335
G1 X120.351 Y117.385 E514.83
G1 X120.287 Y116.887 E514.8467
G1 X120.142 Y116.416 E514.86309
G1 X119.91 Y115.964 E514.87999
G1 X119.611 Y115.576 E514.89628
G1 X119.245 Y115.235 E514.91292
G1 X118.822 Y114.966 E514.92959
G1 X118.366 Y114.772 E514.94608
G1 X117.881 Y114.664 E514.9626
G1 X117.581 Y114.65 E514.97259
G1 X117.612 Y115.386 E514.99709
G1 X117.507 Y115.503 E515.00232
G1 X116.118 Y116.102 E515.05263
G1 X116.019 Y116.11 E515.05594
G1 X115.904 Y116.047 E515.0603
G1 X115.432 Y115.53 E515.08358
G1 X115.231 Y115.751 E515.09352
G1 X114.962 Y116.17 E515.11008
G1 X114.768 Y116.63 E515.12668
G1 X114.66 Y117.115 E515.14321
G1 X114.637 Y117.611 E515.15972
G1 X114.701 Y118.113 E515.17656
G1 X114.846 Y118.579 E515.19279
G1 X115.082 Y119.032 E515.20978
G1 X115.377 Y119.425 E515.22612
G1 X115.743 Y119.761 E515.24265
G1 X116.166 Y120.034 E515.25939
G1 X116.625 Y120.224 E515.27591
G1 X117.111 Y120.332 E515.29247
G1 X117.5 Y120.35 E515.30542
G0 F9000 X117.534 Y119.645
G0 X119.007 Y119.02
G0 X119.174 Y119.174
;TYPE:FILL
G1 F600 X116.473 Y116.473 E515.43247
G0 F9000 X116.564 Y116.685
G0 X119.02 Y115.993
G0 X119.175 Y115.825
G1 F600 X115.821 Y119.179 E515.59023
G0 F9000 X116.18 Y118.791
;MESH:NONMESH
G0 F300 X116.18 Y118.791 Z43.2
G0 F9000 X117.515 Y119.644
G0 X117.5 Y119.95
;TIME_ELAPSED:1746.812844
;LAYER:215
;note -- min layer time used
;TYPE:WALL-INNER
;MESH:FT09-Input Shaft.stl
G1 F600 X117.591 Y119.954 E515.59326
G1 X118.024 Y119.899 E515.60778
G1 X118.424 Y119.774 E515.62172
G1 X118.814 Y119.574 E515.6363
G1 X119.15 Y119.318 E515.65035
G1 X119.439 Y119.003 E515.66456
G1 X119.674 Y118.639 E515.67897
G1 X119.837 Y118.249 E515.69303
G1 X119.93 Y117.832 E515.70724
G1 X119.95 Y117.401 E515.72159
G1 X119.895 Y116.972 E515.73598
G1 X119.77 Y116.568 E515.75004
G1 X119.571 Y116.179 E515.76458
G1 X119.315 Y115.846 E515.77855
G1 X118.999 Y115.553 E515.79288
G1 X118.635 Y115.322 E515.80722
G1 X118.243 Y115.154 E515.8214
G1 X118.001 Y115.1 E515.82965
G1 X118.008 Y115.326 E515.83717
G1 X117.961 Y115.563 E515.84521
G1 X117.726 Y115.846 E515.85744
G1 X116.248 Y116.48 E515.91093
G1 X116.063 Y116.512 E515.91718
G1 X115.806 Y116.46 E515.9259
G1 X115.453 Y116.146 E515.94161
G1 X115.318 Y116.358 E515.94997
G1 X115.15 Y116.752 E515.96422
G1 X115.058 Y117.168 E515.97839
G1 X115.038 Y117.595 E515.99261
G1 X115.093 Y118.027 E516.00709
G1 X115.217 Y118.426 E516.02099
G1 X115.422 Y118.818 E516.0357
G1 X115.675 Y119.155 E516.04972
G1 X115.989 Y119.443 E516.06389
G1 X116.352 Y119.678 E516.07827
G1 X116.746 Y119.841 E516.09245
G1 X117.164 Y119.934 E516.10669
G1 X117.5 Y119.95 E516.11788
G0 F9000 X117.5 Y120.35
;TYPE:WALL-OUTER
G1 F600 X117.607 Y120.355 E516.12145
G1 X118.109 Y120.291 E516.13828
G1 X118.576 Y120.146 E516.15454
G1 X119.028 Y119.914 E516.17144
G1 X119.42 Y119.615 E516.18784
G1 X119.757 Y119.249 E516.20438
G1 X120.03 Y118.826 E516.22113
G1 X120.22 Y118.371 E516.23753
G1 X120.328 Y117.885 E516.25409
G1 X120.351 Y117.385 E516.27074
G1 X120.287 Y116.887 E516.28743
G1 X120.142 Y116.416 E516.30383
G1 X119.91 Y115.964 E516.32072
G1 X119.611 Y115.576 E516.33702
G1 X119.245 Y115.235 E516.35365
G1 X118.822 Y114.966 E516.37033
G1 X118.366 Y114.772 E516.38681
G1 X117.881 Y114.664 E516.40334
G1 X117.581 Y114.65 E516.41332
G1 X117.612 Y115.386 E516.43783
G1 X117.507 Y115.503 E516.44305
G1 X116.118 Y116.102 E516.49337
G1 X116.019 Y116.11 E516.49667
G1 X115.904 Y116.047 E516.50103
G1 X115.432 Y115.53 E516.52431
G1 X115.231 Y115.751 E516.53425
G1 X114.962 Y116.17 E516.55081
G1 X114.768 Y116.63 E516.56742
G1 X114.66 Y117.115 E516.58394
G1 X114.637 Y117.611 E516.60046
G1 X114.701 Y118.113 E516.61729
G1 X114.846 Y118.579 E516.63352
G1 X115.082 Y119.032 E516.65051
G1 X115.377 Y119.425 E516.66685
G1 X115.743 Y119.761 E516.68338
G1 X116.166 Y120.034 E516.70012
G1 X116.625 Y120.224 E516.71665
G1 X117.111 Y120.332 E516.7332
G1 X117.5 Y120.35 E516.74616
G0 F9000 X117.534 Y119.645
G0 X119.007 Y119.02
G0 X119.174 Y119.174
;TYPE:FILL
G1 F600 X116.473 Y116.473 E516.8732
G0 F9000 X116.564 Y116.685
G0 X119.02 Y115.993
G0 X119.175 Y115.825
G1 F600 X115.821 Y119.179 E517.03097
G0 F9000 X116.18 Y118.791
;MESH:NONMESH
G0 F300 X116.18 Y118.791 Z43.4
G0 F9000 X117.515 Y119.644
G0 X117.5 Y119.95
;TIME_ELAPSED:1751.774246
;LAYER:216
;note -- min layer time used
;TYPE:WALL-INNER
;MESH:FT09-Input Shaft.stl
G1 F600 X117.591 Y119.954 E517.03399
G1 X118.024 Y119.899 E517.04851
G1 X118.424 Y119.774 E517.06245
G1 X118.814 Y119.574 E517.07703
G1 X119.15 Y119.318 E517.09108
G1 X119.439 Y119.003 E517.1053
G1 X119.674 Y118.639 E517.11971
G1 X119.837 Y118.249 E517.13377
G1 X119.93 Y117.832 E517.14798
G1 X119.95 Y117.401 E517.16233
G1 X119.895 Y116.972 E517.17671
G1 X119.77 Y116.568 E517.19078
G1 X119.571 Y116.179 E517.20531
G1 X119.315 Y115.846 E517.21928
G1 X118.999 Y115.553 E517.23361
G1 X118.635 Y115.322 E517.24795
G1 X118.243 Y115.154 E517.26214
G1 X118.001 Y115.1 E517.27038
G1 X118.008 Y115.326 E517.2779
G1 X117.961 Y115.563 E517.28594
G1 X117.726 Y115.846 E517.29818
G1 X116.248 Y116.48 E517.35167
G1 X116.063 Y116.512 E517.35791
G1 X115.806 Y116.46 E517.36663
G1 X115.453 Y116.146 E517.38234
G1 X115.318 Y116.358 E517.3907
G1 X115.15 Y116.752 E517.40495
G1 X115.058 Y117.168 E517.41912
G1 X115.038 Y117.595 E517.43334
G1 X115.093 Y118.027 E517.44782
G1 X115.217 Y118.426 E517.46172
G1 X115.422 Y118.818 E517.47643
G1 X115.675 Y119.155 E517.49045
G1 X115.989 Y119.443 E517.50462
G1 X116.352 Y119.678 E517.519
G1 X116.746 Y119.841 E517.53318
G1 X117.164 Y119.934 E517.54743
G1 X117.5 Y119.95 E517.55862
G0 F9000 X117.5 Y120.35
;TYPE:WALL-OUTER
G1 F600 X117.607 Y120.355 E517.56218
G1 X118.109 Y120.291 E517.57901
G1 X118.576 Y120.146 E517.59527
G1 X119.028 Y119.914 E517.61217
G1 X119.42 Y119.615 E517.62857
G1 X119.757 Y119.249 E517.64512
G1 X120.03 Y118.826 E517.66186
G1 X120.22 Y118.371 E517.67826
G1 X120.328 Y117.885 E517.69482
G1 X120.351 Y117.385 E517.71147
G1 X120.287 Y116.887 E517.72817
G1 X120.142 Y116.416 E517.74456
G1 X119.91 Y115.964 E517.76146
G1 X119.611 Y115.576 E517.77775
G1 X119.245 Y115.235 E517.79439
G1 X118.822 Y114.966 E517.81106
G1 X118.366 Y114.772 E517.82754
G1 X117.881 Y114.664 E517.84407
G1 X117.581 Y114.65 E517.85406
G1 X117.612 Y115.386 E517.87856
G1 X117.507 Y115.503 E517.88379
G1 X116.118 Y116.102 E517.9341
G1 X116.019 Y116.11 E517.9374
G1 X115.904 Y116.047 E517.94176
G1 X115.432 Y115.53 E517.96505
G1 X115.231 Y115.751 E517.97498
G1 X114.962 Y116.17 E517.99154
G1 X114.768 Y116.63 E518.00815
G1 X114.66 Y117.115 E518.02467
G1 X114.637 Y117.611 E518.04119
G1 X114.701 Y118.113 E518.05802
G1 X114.846 Y118.579 E518.07425
G1 X115.082 Y119.032 E518.09124
G1 X115.377 Y119.425 E518.10759
G1 X115.743 Y119.761 E518.12411
G1 X116.166 Y120.034 E518.14086
G1 X116.625 Y120.224 E518.15738
G1 X117.111 Y120.332 E518.17394
G1 X117.5 Y120.35 E518.18689
G0 F9000 X117.534 Y119.645
G0 X119.007 Y119.02
G0 X119.174 Y119.174
;TYPE:FILL
G1 F600 X116.473 Y116.473 E518.31394
G0 F9000 X116.564 Y116.685
G0 X119.02 Y115.993
G0 X119.175 Y115.825
G1 F600 X115.821 Y119.179 E518.4717
G0 F9000 X116.18 Y118.791
;MESH:NONMESH
G0 F300 X116.18 Y118.791 Z43.6
G0 F9000 X117.515 Y119.644
G0 X117.5 Y119.95
;TIME_ELAPSED:1756.735648
;LAYER:217
;note -- min layer time used
;TYPE:WALL-INNER
;MESH:FT09-Input Shaft.stl
G1 F600 X117.591 Y119.954 E518.47473
G1 X118.024 Y119.899 E518.48924
G1 X118.424 Y119.774 E518.50318
G1 X118.814 Y119.574 E518.51776
G1 X119.15 Y119.318 E518.53181
G1 X119.439 Y119.003 E518.54603
G1 X119.674 Y118.639 E518.56044
G1 X119.837 Y118.249 E518.5745
G1 X119.93 Y117.832 E518.58871
G1 X119.95 Y117.401 E518.60306
G1 X119.895 Y116.972 E518.61744
G1 X119.77 Y116.568 E518.63151
G1 X119.571 Y116.179 E518.64604
G1 X119.315 Y115.846 E518.66001
G1 X118.999 Y115.553 E518.67435
G1 X118.635 Y115.322 E518.68868
G1 X118.243 Y115.154 E518.70287
G1 X118.001 Y115.1 E518.71112
G1 X118.008 Y115.326 E518.71864
G1 X117.961 Y115.563 E518.72667
G1 X117.726 Y115.846 E518.73891
G1 X116.248 Y116.48 E518.7924
G1 X116.063 Y116.512 E518.79864
G1 X115.806 Y116.46 E518.80736
G1 X115.453 Y116.146 E518.82308
G1 X115.318 Y116.358 E518.83144
G1 X115.15 Y116.752 E518.84568
G1 X115.058 Y117.168 E518.85985
G1 X115.038 Y117.595 E518.87407
G1 X115.093 Y118.027 E518.88856
G1 X115.217 Y118.426 E518.90245
G1 X115.422 Y118.818 E518.91717
G1 X115.675 Y119.155 E518.93118
G1 X115.989 Y119.443 E518.94535
G1 X116.352 Y119.678 E518.95974
G1 X116.746 Y119.841 E518.97392
G1 X117.164 Y119.934 E518.98816
G1 X117.5 Y119.95 E518.99935
G0 F9000 X117.5 Y120.35
;TYPE:WALL-OUTER
G1 F600 X117.607 Y120.355 E519.00291
G1 X118.109 Y120.291 E519.01974
G1 X118.576 Y120.146 E519.03601
G1 X119.028 Y119.914 E519.0529
G1 X119.42 Y119.615 E519.0693
G1 X119.757 Y119.249 E519.08585
G1 X120.03 Y118.826 E519.10259
G1 X120.22 Y118.371 E519.11899
G1 X120.328 Y117.885 E519.13555
G1 X120.351 Y117.385 E519.1522
G1 X120.287 Y116.887 E519.1689
G1 X120.142 Y116.416 E519.18529
G1 X119.91 Y115.964 E519.20219
G1 X119.611 Y115.576 E519.21848
G1 X119.245 Y115.235 E519.23512
G1 X118.822 Y114.966 E519.25179
G1 X118.366 Y114.772 E519.26827
G1 X117.881 Y114.664 E519.2848
G1 X117.581 Y114.65 E519.29479
G1 X117.612 Y115.386 E519.31929
G1 X117.507 Y115.503 E519.32452
G1 X116.118 Y116.102 E519.37483
G1 X116.019 Y116.11 E519.37813
G1 X115.904 Y116.047 E519.3825
G1 X115.432 Y115.53 E519.40578
G1 X115.231 Y115.751 E519.41572
G1 X114.962 Y116.17 E519.43228
G1 X114.768 Y116.63 E519.44888
G1 X114.66 Y117.115 E519.46541
G1 X114.637 Y117.611 E519.48192
G1 X114.701 Y118.113 E519.49875
G1 X114.846 Y118.579 E519.51499
G1 X115.082 Y119.032 E519.53197
G1 X115.377 Y119.425 E519.54832
G1 X115.743 Y119.761 E519.56484
G1 X116.166 Y120.034 E519.58159
G1 X116.625 Y120.224 E519.59811
G1 X117.111 Y120.332 E519.61467
G1 X117.5 Y120.35 E519.62762
G0 F9000 X117.534 Y119.645
G0 X119.007 Y119.02
G0 X119.174 Y119.174
;TYPE:FILL
G1 F600 X116.473 Y116.473 E519.75467
G0 F9000 X116.564 Y116.685
G0 X119.02 Y115.993
G0 X119.175 Y115.825
G1 F600 X115.821 Y119.179 E519.91243
G0 F9000 X116.18 Y118.791
;MESH:NONMESH
G0 F300 X116.18 Y118.791 Z43.8
G0 F9000 X117.515 Y119.644
G0 X117.5 Y119.95
;TIME_ELAPSED:1761.697050
;LAYER:218
;note -- min layer time used
;TYPE:WALL-INNER
;MESH:FT09-Input Shaft.stl
G1 F600 X117.591 Y119.954 E519.91546
G1 X118.024 Y119.899 E519.92998
G1 X118.424 Y119.774 E519.94392
G1 X118.814 Y119.574 E519.95849
G1 X119.15 Y119.318 E519.97254
G1 X119.439 Y119.003 E519.98676
G1 X119.674 Y118.639 E520.00117
G1 X119.837 Y118.249 E520.01523
G1 X119.93 Y117.832 E520.02944
G1 X119.95 Y117.401 E520.04379
G1 X119.895 Y116.972 E520.05818
G1 X119.77 Y116.568 E520.07224
G1 X119.571 Y116.179 E520.08678
G1 X119.315 Y115.846 E520.10075
G1 X118.999 Y115.553 E520.11508
G1 X118.635 Y115.322 E520.12942
G1 X118.243 Y115.154 E520.1436
G1 X118.001 Y115.1 E520.15185
G1 X118.008 Y115.326 E520.15937
G1 X117.961 Y115.563 E520.16741
G1 X117.726 Y115.846 E520.17964
G1 X116.248 Y116.48 E520.23313
G1 X116.063 Y116.512 E520.23938
G1 X115.806 Y116.46 E520.2481
G1 X115.453 Y116.146 E520.26381
G1 X115.318 Y116.358 E520.27217
G1 X115.15 Y116.752 E520.28642
G1 X115.058 Y117.168 E520.30059
G1 X115.038 Y117.595 E520.3148
G1 X115.093 Y118.027 E520.32929
G1 X115.217 Y118.426 E520.34319
G1 X115.422 Y118.818 E520.3579
G1 X115.675 Y119.155 E520.37191
G1 X115.989 Y119.443 E520.38609
G1 X116.352 Y119.678 E520.40047
G1 X116.746 Y119.841 E520.41465
G1 X117.164 Y119.934 E520.42889
G1 X117.5 Y119.95 E520.44008
G0 F9000 X117.5 Y120.35
;TYPE:WALL-OUTER
G1 F600 X117.607 Y120.355 E520.44364
G1 X118.109 Y120.291 E520.46047
G1 X118.576 Y120.146 E520.47674
G1 X119.028 Y119.914 E520.49364
G1 X119.42 Y119.615 E520.51003
G1 X119.757 Y119.249 E520.52658
G1 X120.03 Y118.826 E520.54333
G1 X120.22 Y118.371 E520.55973
G1 X120.328 Y117.885 E520.57629
G1 X120.351 Y117.385 E520.59293
G1 X120.287 Y116.887 E520.60963
G1 X120.142 Y116.416 E520.62602
G1 X119.91 Y115.964 E520.64292
G1 X119.611 Y115.576 E520.65921
G1 X119.245 Y115.235 E520.67585
G1 X118.822 Y114.966 E520.69253
G1 X118.366 Y114.772 E520.70901
G1 X117.881 Y114.664 E520.72553
G1 X117.581 Y114.65 E520.73552
G1 X117.612 Y115.386 E520.76002
G1 X117.507 Y115.503 E520.76525
G1 X116.118 Y116.102 E520.81556
G1 X116.019 Y116.11 E520.81887
G1 X115.904 Y116.047 E520.82323
G1 X115.432 Y115.53 E520.84651
G1 X115.231 Y115.751 E520.85645
G1 X114.962 Y116.17 E520.87301
G1 X114.768 Y116.63 E520.88961
G1 X114.66 Y117.115 E520.90614
G1 X114.637 Y117.611 E520.92265
G1 X114.701 Y118.113 E520.93949
G1 X114.846 Y118.579 E520.95572
G1 X115.082 Y119.032 E520.97271
G1 X115.377 Y119.425 E520.98905
G1 X115.743 Y119.761 E521.00558
G1 X116.166 Y120.034 E521.02232
G1 X116.625 Y120.224 E521.03884
G1 X117.111 Y120.332 E521.0554
G1 X117.5 Y120.35 E521.06835
G0 F9000 X117.534 Y119.645
G0 X119.007 Y119.02
G0 X119.174 Y119.174
;TYPE:FILL
G1 F600 X116.473 Y116.473 E521.1954
G0 F9000 X116.564 Y116.685
G0 X119.02 Y115.993
G0 X119.175 Y115.825
G1 F600 X115.821 Y119.179 E521.35316
G0 F9000 X116.18 Y118.791
;MESH:NONMESH
G0 F300 X116.18 Y118.791 Z44
G0 F9000 X117.515 Y119.644
G0 X117.5 Y119.95
;TIME_ELAPSED:1766.658453
;LAYER:219
;note -- min layer time used
;TYPE:WALL-INNER
;MESH:FT09-Input Shaft.stl
G1 F600 X117.591 Y119.954 E521.35619
G1 X118.024 Y119.899 E521.37071
G1 X118.424 Y119.774 E521.38465
G1 X118.814 Y119.574 E521.39923
G1 X119.15 Y119.318 E521.41328
G1 X119.439 Y119.003 E521.42749
G1 X119.674 Y118.639 E521.4419
G1 X119.837 Y118.249 E521.45596
G1 X119.93 Y117.832 E521.47017
G1 X119.95 Y117.401 E521.48452
G1 X119.895 Y116.972 E521.49891
G1 X119.77 Y116.568 E521.51298
G1 X119.571 Y116.179 E521.52751
G1 X119.315 Y115.846 E521.54148
G1 X118.999 Y115.553 E521.55581
G1 X118.635 Y115.322 E521.57015
G1 X118.243 Y115.154 E521.58434
G1 X118.001 Y115.1 E521.59258
G1 X118.008 Y115.326 E521.6001
G1 X117.961 Y115.563 E521.60814
G1 X117.726 Y115.846 E521.62037
G1 X116.248 Y116.48 E521.67386
G1 X116.063 Y116.512 E521.68011
G1 X115.806 Y116.46 E521.68883
G1 X115.453 Y116.146 E521.70454
G1 X115.318 Y116.358 E521.7129
G1 X115.15 Y116.752 E521.72715
G1 X115.058 Y117.168 E521.74132
G1 X115.038 Y117.595 E521.75554
G1 X115.093 Y118.027 E521.77002
G1 X115.217 Y118.426 E521.78392
G1 X115.422 Y118.818 E521.79863
G1 X115.675 Y119.155 E521.81265
G1 X115.989 Y119.443 E521.82682
G1 X116.352 Y119.678 E521.8412
G1 X116.746 Y119.841 E521.85538
G1 X117.164 Y119.934 E521.86963
G1 X117.5 Y119.95 E521.88081
G0 F9000 X117.5 Y120.35
;TYPE:WALL-OUTER
G1 F600 X117.607 Y120.355 E521.88438
G1 X118.109 Y120.291 E521.90121
G1 X118.576 Y120.146 E521.91747
G1 X119.028 Y119.914 E521.93437
G1 X119.42 Y119.615 E521.95077
G1 X119.757 Y119.249 E521.96732
G1 X120.03 Y118.826 E521.98406
G1 X120.22 Y118.371 E522.00046
G1 X120.328 Y117.885 E522.01702
G1 X120.351 Y117.385 E522.03367
G1 X120.287 Y116.887 E522.05037
G1 X120.142 Y116.416 E522.06676
G1 X119.91 Y115.964 E522.08366
G1 X119.611 Y115.576 E522.09995
G1 X119.245 Y115.235 E522.11659
G1 X118.822 Y114.966 E522.13326
G1 X118.366 Y114.772 E522.14974
G1 X117.881 Y114.664 E522.16627
G1 X117.581 Y114.65 E522.17626
G1 X117.612 Y115.386 E522.20076
G1 X117.507 Y115.503 E522.20599
G1 X116.118 Y116.102 E522.2563
G1 X116.019 Y116.11 E522.2596
G1 X115.904 Y116.047 E522.26396
G1 X115.432 Y115.53 E522.28725
G1 X115.231 Y115.751 E522.29718
G1 X114.962 Y116.17 E522.31374
G1 X114.768 Y116.63 E522.33035
G1 X114.66 Y117.115 E522.34687
G1 X114.637 Y117.611 E522.36339
G1 X114.701 Y118.113 E522.38022
G1 X114.846 Y118.579 E522.39645
G1 X115.082 Y119.032 E522.41344
G1 X115.377 Y119.425 E522.42978
G1 X115.743 Y119.761 E522.44631
G1 X116.166 Y120.034 E522.46305
G1 X116.625 Y120.224 E522.47958
G1 X117.111 Y120.332 E522.49614
G1 X117.5 Y120.35 E522.50909
G0 F9000 X117.534 Y119.645
G0 X119.007 Y119.02
G0 X119.174 Y119.174
;TYPE:FILL
G1 F600 X116.473 Y116.473 E522.63613
G0 F9000 X116.564 Y116.685
G0 X119.02 Y115.993
G0 X119.175 Y115.825
G1 F600 X115.821 Y119.179 E522.7939
G0 F9000 X116.18 Y118.791
;MESH:NONMESH
G0 F300 X116.18 Y118.791 Z44.2
G0 F9000 X117.515 Y119.644
G0 X117.5 Y119.95
;TIME_ELAPSED:1771.619855
;LAYER:220
;note -- min layer time used
;TYPE:WALL-INNER
;MESH:FT09-Input Shaft.stl
G1 F600 X117.591 Y119.954 E522.79693
G1 X118.024 Y119.899 E522.81144
G1 X118.424 Y119.774 E522.82538
G1 X118.814 Y119.574 E522.83996
G1 X119.15 Y119.318 E522.85401
G1 X119.439 Y119.003 E522.86823
G1 X119.674 Y118.639 E522.88264
G1 X119.837 Y118.249 E522.8967
G1 X119.93 Y117.832 E522.91091
G1 X119.95 Y117.401 E522.92526
G1 X119.895 Y116.972 E522.93964
G1 X119.77 Y116.568 E522.95371
G1 X119.571 Y116.179 E522.96824
G1 X119.315 Y115.846 E522.98221
G1 X118.999 Y115.553 E522.99654
G1 X118.635 Y115.322 E523.01088
G1 X118.243 Y115.154 E523.02507
G1 X118.001 Y115.1 E523.03331
G1 X118.008 Y115.326 E523.04084
G1 X117.961 Y115.563 E523.04887
G1 X117.726 Y115.846 E523.06111
G1 X116.248 Y116.48 E523.1146
G1 X116.063 Y116.512 E523.12084
G1 X115.806 Y116.46 E523.12956
G1 X115.453 Y116.146 E523.14528
G1 X115.318 Y116.358 E523.15364
G1 X115.15 Y116.752 E523.16788
G1 X115.058 Y117.168 E523.18205
G1 X115.038 Y117.595 E523.19627
G1 X115.093 Y118.027 E523.21075
G1 X115.217 Y118.426 E523.22465
G1 X115.422 Y118.818 E523.23936
G1 X115.675 Y119.155 E523.25338
G1 X115.989 Y119.443 E523.26755
G1 X116.352 Y119.678 E523.28193
G1 X116.746 Y119.841 E523.29612
G1 X117.164 Y119.934 E523.31036
G1 X117.5 Y119.95 E523.32155
G0 F9000 X117.5 Y120.35
;TYPE:WALL-OUTER
G1 F600 X117.607 Y120.355 E523.32511
G1 X118.109 Y120.291 E523.34194
G1 X118.576 Y120.146 E523.3582
G1 X119.028 Y119.914 E523.3751
G1 X119.42 Y119.615 E523.3915
G1 X119.757 Y119.249 E523.40805
G1 X120.03 Y118.826 E523.42479
G1 X120.22 Y118.371 E523.44119
G1 X120.328 Y117.885 E523.45775
G1 X120.351 Y117.385 E523.4744
G1 X120.287 Y116.887 E523.4911
G1 X120.142 Y116.416 E523.50749
G1 X119.91 Y115.964 E523.52439
G1 X119.611 Y115.576 E523.54068
G1 X119.245 Y115.235 E523.55732
G1 X118.822 Y114.966 E523.57399
G1 X118.366 Y114.772 E523.59047
G1 X117.881 Y114.664 E523.607
G1 X117.581 Y114.65 E523.61699
G1 X117.612 Y115.386 E523.64149
G1 X117.507 Y115.503 E523.64672
G1 X116.118 Y116.102 E523.69703
G1 X116.019 Y116.11 E523.70033
G1 X115.904 Y116.047 E523.70469
G1 X115.432 Y115.53 E523.72798
G1 X115.231 Y115.751 E523.73791
G1 X114.962 Y116.17 E523.75447
G1 X114.768 Y116.63 E523.77108
G1 X114.66 Y117.115 E523.78761
G1 X114.637 Y117.611 E523.80412
G1 X114.701 Y118.113 E523.82095
G1 X114.846 Y118.579 E523.83718
G1 X115.082 Y119.032 E523.85417
G1 X115.377 Y119.425 E523.87052
G1 X115.743 Y119.761 E523.88704
G1 X116.166 Y120.034 E523.90379
G1 X116.625 Y120.224 E523.92031
G1 X117.111 Y120.332 E523.93687
G1 X117.5 Y120.35 E523.94982
G0 F9000 X117.534 Y119.645
G0 X119.007 Y119.02
G0 X119.174 Y119.174
;TYPE:FILL
G1 F600 X116.473 Y116.473 E524.07687
G0 F9000 X116.564 Y116.685
G0 X119.02 Y115.993
G0 X119.175 Y115.825
G1 F600 X115.821 Y119.179 E524.23463
G0 F9000 X116.18 Y118.791
;MESH:NONMESH
G0 F300 X116.18 Y118.791 Z44.4
G0 F9000 X117.515 Y119.644
G0 X117.5 Y119.95
;TIME_ELAPSED:1776.581257
;LAYER:221
;note -- min layer time used
;TYPE:WALL-INNER
;MESH:FT09-Input Shaft.stl
G1 F600 X117.591 Y119.954 E524.23766
G1 X118.024 Y119.899 E524.25218
G1 X118.424 Y119.774 E524.26611
G1 X118.814 Y119.574 E524.28069
G1 X119.15 Y119.318 E524.29474
G1 X119.439 Y119.003 E524.30896
G1 X119.674 Y118.639 E524.32337
G1 X119.837 Y118.249 E524.33743
G1 X119.93 Y117.832 E524.35164
G1 X119.95 Y117.401 E524.36599
G1 X119.895 Y116.972 E524.38038
G1 X119.77 Y116.568 E524.39444
G1 X119.571 Y116.179 E524.40897
G1 X119.315 Y115.846 E524.42294
G1 X118.999 Y115.553 E524.43728
G1 X118.635 Y115.322 E524.45162
G1 X118.243 Y115.154 E524.4658
G1 X118.001 Y115.1 E524.47405
G1 X118.008 Y115.326 E524.48157
G1 X117.961 Y115.563 E524.4896
G1 X117.726 Y115.846 E524.50184
G1 X116.248 Y116.48 E524.55533
G1 X116.063 Y116.512 E524.56157
G1 X115.806 Y116.46 E524.57029
G1 X115.453 Y116.146 E524.58601
G1 X115.326 Y116.344 E524.59383
G1 X115.15 Y116.752 E524.60861
G1 X115.058 Y117.168 E524.62278
G1 X115.038 Y117.595 E524.637
G1 X115.093 Y118.027 E524.65148
G1 X115.217 Y118.426 E524.66538
G1 X115.422 Y118.818 E524.68009
G1 X115.675 Y119.155 E524.69411
G1 X115.989 Y119.443 E524.70828
G1 X116.352 Y119.678 E524.72266
G1 X116.746 Y119.841 E524.73685
G1 X117.164 Y119.934 E524.75109
G1 X117.5 Y119.95 E524.76228
G0 F9000 X117.5 Y120.35
;TYPE:WALL-OUTER
G1 F600 X117.607 Y120.355 E524.76584
G1 X118.109 Y120.291 E524.78267
G1 X118.576 Y120.146 E524.79893
G1 X119.028 Y119.914 E524.81583
G1 X119.42 Y119.615 E524.83223
G1 X119.757 Y119.249 E524.84878
G1 X120.03 Y118.826 E524.86552
G1 X120.22 Y118.371 E524.88192
G1 X120.328 Y117.885 E524.89848
G1 X120.351 Y117.385 E524.91513
G1 X120.287 Y116.887 E524.93183
G1 X120.142 Y116.416 E524.94822
G1 X119.91 Y115.964 E524.96512
G1 X119.611 Y115.576 E524.98141
G1 X119.245 Y115.235 E524.99805
G1 X118.822 Y114.966 E525.01472
G1 X118.366 Y114.772 E525.0312
G1 X117.881 Y114.664 E525.04773
G1 X117.581 Y114.65 E525.05772
G1 X117.612 Y115.386 E525.08222
G1 X117.507 Y115.503 E525.08745
G1 X116.118 Y116.102 E525.13776
G1 X116.019 Y116.11 E525.14106
G1 X115.904 Y116.047 E525.14542
G1 X115.432 Y115.53 E525.16871
G1 X115.231 Y115.751 E525.17864
G1 X114.962 Y116.17 E525.1952
G1 X114.768 Y116.63 E525.21181
G1 X114.66 Y117.115 E525.22834
G1 X114.637 Y117.611 E525.24485
G1 X114.701 Y118.113 E525.26168
G1 X114.846 Y118.579 E525.27791
G1 X115.082 Y119.032 E525.2949
G1 X115.377 Y119.425 E525.31125
G1 X115.743 Y119.761 E525.32777
G1 X116.166 Y120.034 E525.34452
G1 X116.625 Y120.224 E525.36104
G1 X117.111 Y120.332 E525.3776
G1 X117.5 Y120.35 E525.39055
G0 F9000 X117.534 Y119.645
G0 X119.007 Y119.02
G0 X119.174 Y119.174
;TYPE:FILL
G1 F600 X116.473 Y116.473 E525.5176
G0 F9000 X116.564 Y116.685
G0 X119.02 Y115.993
G0 X119.175 Y115.825
G1 F600 X115.821 Y119.179 E525.67536
G0 F9000 X116.18 Y118.791
;MESH:NONMESH
G0 F300 X116.18 Y118.791 Z44.6
G0 F9000 X117.515 Y119.644
G0 X117.5 Y119.95
;TIME_ELAPSED:1781.542638
;LAYER:222
;note -- min layer time used
;TYPE:WALL-INNER
;MESH:FT09-Input Shaft.stl
G1 F600 X117.591 Y119.954 E525.67839
G1 X118.024 Y119.899 E525.69291
G1 X118.424 Y119.774 E525.70684
G1 X118.814 Y119.574 E525.72142
G1 X119.15 Y119.318 E525.73547
G1 X119.439 Y119.003 E525.74969
G1 X119.674 Y118.639 E525.7641
G1 X119.837 Y118.249 E525.77816
G1 X119.93 Y117.832 E525.79237
G1 X119.95 Y117.401 E525.80672
G1 X119.895 Y116.972 E525.82111
G1 X119.77 Y116.568 E525.83517
G1 X119.571 Y116.179 E525.8497
G1 X119.315 Y115.846 E525.86367
G1 X118.999 Y115.553 E525.87801
G1 X118.635 Y115.322 E525.89235
G1 X118.243 Y115.154 E525.90653
G1 X118.001 Y115.1 E525.91478
G1 X118.008 Y115.326 E525.9223
G1 X117.961 Y115.563 E525.93033
G1 X117.726 Y115.846 E525.94257
G1 X116.248 Y116.48 E525.99606
G1 X116.063 Y116.512 E526.0023
G1 X115.806 Y116.46 E526.01102
G1 X115.453 Y116.146 E526.02674
G1 X115.318 Y116.358 E526.0351
G1 X115.15 Y116.752 E526.04934
G1 X115.058 Y117.168 E526.06351
G1 X115.038 Y117.595 E526.07773
G1 X115.093 Y118.027 E526.09222
G1 X115.217 Y118.426 E526.10611
G1 X115.422 Y118.818 E526.12083
G1 X115.675 Y119.155 E526.13484
G1 X115.989 Y119.443 E526.14901
G1 X116.352 Y119.678 E526.1634
G1 X116.746 Y119.841 E526.17758
G1 X117.164 Y119.934 E526.19182
G1 X117.5 Y119.95 E526.20301
G0 F9000 X117.5 Y120.35
;TYPE:WALL-OUTER
G1 F600 X117.607 Y120.355 E526.20657
G1 X118.109 Y120.291 E526.2234
G1 X118.576 Y120.146 E526.23967
G1 X119.028 Y119.914 E526.25657
G1 X119.42 Y119.615 E526.27296
G1 X119.757 Y119.249 E526.28951
G1 X120.03 Y118.826 E526.30626
G1 X120.22 Y118.371 E526.32266
G1 X120.328 Y117.885 E526.33921
G1 X120.351 Y117.385 E526.35586
G1 X120.287 Y116.887 E526.37256
G1 X120.142 Y116.416 E526.38895
G1 X119.91 Y115.964 E526.40585
G1 X119.611 Y115.576 E526.42214
G1 X119.245 Y115.235 E526.43878
G1 X118.822 Y114.966 E526.45545
G1 X118.366 Y114.772 E526.47194
G1 X117.881 Y114.664 E526.48846
G1 X117.581 Y114.65 E526.49845
G1 X117.612 Y115.386 E526.52295
G1 X117.507 Y115.503 E526.52818
G1 X116.118 Y116.102 E526.57849
G1 X116.019 Y116.11 E526.5818
G1 X115.904 Y116.047 E526.58616
G1 X115.432 Y115.53 E526.60944
G1 X115.231 Y115.751 E526.61938
G1 X114.962 Y116.17 E526.63594
G1 X114.768 Y116.63 E526.65254
G1 X114.66 Y117.115 E526.66907
G1 X114.637 Y117.611 E526.68558
G1 X114.701 Y118.113 E526.70241
G1 X114.846 Y118.579 E526.71865
G1 X115.082 Y119.032 E526.73564
G1 X115.377 Y119.425 E526.75198
G1 X115.743 Y119.761 E526.7685
G1 X116.166 Y120.034 E526.78525
G1 X116.625 Y120.224 E526.80177
G1 X117.111 Y120.332 E526.81833
G1 X117.5 Y120.35 E526.83128
G0 F9000 X117.534 Y119.645
G0 X119.007 Y119.02
G0 X119.174 Y119.174
;TYPE:FILL
G1 F600 X116.473 Y116.473 E526.95833
G0 F9000 X116.564 Y116.685
G0 X119.02 Y115.993
G0 X119.175 Y115.825
G1 F600 X115.821 Y119.179 E527.11609
G0 F9000 X116.18 Y118.791
;MESH:NONMESH
G0 F300 X116.18 Y118.791 Z44.8
G0 F9000 X117.515 Y119.644
G0 X117.5 Y119.95
;TIME_ELAPSED:1786.504040
;LAYER:223
;note -- min layer time used
;TYPE:WALL-INNER
;MESH:FT09-Input Shaft.stl
G1 F600 X117.591 Y119.954 E527.11912
G1 X118.024 Y119.899 E527.13364
G1 X118.424 Y119.774 E527.14758
G1 X118.814 Y119.574 E527.16215
G1 X119.15 Y119.318 E527.1762
G1 X119.439 Y119.003 E527.19042
G1 X119.674 Y118.639 E527.20483
G1 X119.837 Y118.249 E527.21889
G1 X119.93 Y117.832 E527.2331
G1 X119.95 Y117.401 E527.24745
G1 X119.895 Y116.972 E527.26184
G1 X119.77 Y116.568 E527.2759
G1 X119.571 Y116.179 E527.29044
G1 X119.315 Y115.846 E527.30441
G1 X118.999 Y115.553 E527.31874
G1 X118.635 Y115.322 E527.33308
G1 X118.243 Y115.154 E527.34726
G1 X118.001 Y115.1 E527.35551
G1 X118.008 Y115.326 E527.36303
G1 X117.961 Y115.563 E527.37107
G1 X117.726 Y115.845 E527.38328
G1 X116.225 Y116.491 E527.43763
G1 X115.955 Y116.505 E527.44662
G1 X115.806 Y116.46 E527.4518
G1 X115.453 Y116.146 E527.46751
G1 X115.318 Y116.358 E527.47587
G1 X115.15 Y116.752 E527.49011
G1 X115.058 Y117.168 E527.50429
G1 X115.038 Y117.595 E527.5185
G1 X115.093 Y118.027 E527.53299
G1 X115.217 Y118.426 E527.54688
G1 X115.422 Y118.818 E527.5616
G1 X115.675 Y119.155 E527.57561
G1 X115.989 Y119.443 E527.58978
G1 X116.352 Y119.678 E527.60417
G1 X116.746 Y119.841 E527.61835
G1 X117.164 Y119.934 E527.63259
G1 X117.5 Y119.95 E527.64378
G0 F9000 X117.5 Y120.35
;TYPE:WALL-OUTER
G1 F600 X117.607 Y120.355 E527.64734
G1 X118.109 Y120.291 E527.66417
G1 X118.576 Y120.146 E527.68044
G1 X119.028 Y119.914 E527.69734
G1 X119.42 Y119.615 E527.71373
G1 X119.757 Y119.249 E527.73028
G1 X120.03 Y118.826 E527.74703
G1 X120.22 Y118.371 E527.76343
G1 X120.328 Y117.885 E527.77999
G1 X120.351 Y117.385 E527.79663
G1 X120.287 Y116.887 E527.81333
G1 X120.142 Y116.416 E527.82972
G1 X119.91 Y115.964 E527.84662
G1 X119.611 Y115.576 E527.86291
G1 X119.245 Y115.235 E527.87955
G1 X118.822 Y114.966 E527.89622
G1 X118.366 Y114.772 E527.91271
G1 X117.881 Y114.664 E527.92923
G1 X117.581 Y114.65 E527.93922
G1 X117.612 Y115.386 E527.96372
G1 X117.507 Y115.503 E527.96895
G1 X116.118 Y116.102 E528.01926
G1 X116.019 Y116.11 E528.02257
G1 X115.904 Y116.047 E528.02693
G1 X115.432 Y115.53 E528.05021
G1 X115.231 Y115.751 E528.06015
G1 X114.962 Y116.17 E528.07671
G1 X114.768 Y116.63 E528.09331
G1 X114.66 Y117.115 E528.10984
G1 X114.637 Y117.611 E528.12635
G1 X114.701 Y118.113 E528.14319
G1 X114.846 Y118.579 E528.15942
G1 X115.082 Y119.032 E528.17641
G1 X115.377 Y119.425 E528.19275
G1 X115.743 Y119.761 E528.20928
G1 X116.166 Y120.034 E528.22602
G1 X116.625 Y120.224 E528.24254
G1 X117.111 Y120.332 E528.2591
G1 X117.5 Y120.35 E528.27205
G0 F9000 X117.534 Y119.645
G0 X119.007 Y119.02
G0 X119.174 Y119.174
;TYPE:FILL
G1 F600 X116.473 Y116.473 E528.3991
G0 F9000 X116.564 Y116.685
G0 X119.02 Y115.993
G0 X119.175 Y115.825
G1 F600 X115.821 Y119.179 E528.55686
G0 F9000 X116.18 Y118.791
;MESH:NONMESH
G0 F300 X116.18 Y118.791 Z45
G0 F9000 X117.515 Y119.644
G0 X117.5 Y119.95
;TIME_ELAPSED:1791.465558
;LAYER:224
;note -- min layer time used
;TYPE:WALL-INNER
;MESH:FT09-Input Shaft.stl
G1 F600 X117.591 Y119.954 E528.55989
G1 X118.024 Y119.899 E528.57441
G1 X118.424 Y119.774 E528.58835
G1 X118.814 Y119.574 E528.60293
G1 X119.15 Y119.318 E528.61698
G1 X119.439 Y119.003 E528.63119
G1 X119.674 Y118.639 E528.6456
G1 X119.837 Y118.249 E528.65966
G1 X119.93 Y117.832 E528.67387
G1 X119.95 Y117.401 E528.68822
G1 X119.895 Y116.972 E528.70261
G1 X119.77 Y116.568 E528.71667
G1 X119.571 Y116.179 E528.73121
G1 X119.315 Y115.846 E528.74518
G1 X118.999 Y115.553 E528.75951
G1 X118.635 Y115.322 E528.77385
G1 X118.243 Y115.154 E528.78803
G1 X118.001 Y115.1 E528.79628
G1 X118.008 Y115.326 E528.8038
G1 X117.961 Y115.563 E528.81184
G1 X117.726 Y115.846 E528.82407
G1 X116.248 Y116.48 E528.87756
G1 X116.063 Y116.512 E528.88381
G1 X115.806 Y116.46 E528.89253
G1 X115.453 Y116.146 E528.90824
G1 X115.318 Y116.358 E528.9166
G1 X115.15 Y116.752 E528.93085
G1 X115.058 Y117.168 E528.94502
G1 X115.038 Y117.595 E528.95924
G1 X115.093 Y118.027 E528.97372
G1 X115.217 Y118.426 E528.98762
G1 X115.422 Y118.818 E529.00233
G1 X115.675 Y119.155 E529.01635
G1 X115.989 Y119.443 E529.03052
G1 X116.352 Y119.678 E529.0449
G1 X116.746 Y119.841 E529.05908
G1 X117.164 Y119.934 E529.07332
G1 X117.5 Y119.95 E529.08451
G0 F9000 X117.5 Y120.35
;TYPE:WALL-OUTER
G1 F600 X117.607 Y120.355 E529.08808
G1 X118.109 Y120.291 E529.10491
G1 X118.576 Y120.146 E529.12117
G1 X119.028 Y119.914 E529.13807
G1 X119.42 Y119.615 E529.15447
G1 X119.757 Y119.249 E529.17101
G1 X120.03 Y118.826 E529.18776
G1 X120.22 Y118.371 E529.20416
G1 X120.328 Y117.885 E529.22072
G1 X120.351 Y117.385 E529.23737
G1 X120.287 Y116.887 E529.25407
G1 X120.142 Y116.416 E529.27046
G1 X119.91 Y115.964 E529.28735
G1 X119.611 Y115.576 E529.30365
G1 X119.245 Y115.235 E529.32028
G1 X118.822 Y114.966 E529.33696
G1 X118.366 Y114.772 E529.35344
G1 X117.881 Y114.664 E529.36997
G1 X117.581 Y114.65 E529.37995
G1 X117.612 Y115.386 E529.40446
G1 X117.507 Y115.503 E529.40968
G1 X116.118 Y116.102 E529.46
G1 X116.019 Y116.11 E529.4633
G1 X115.904 Y116.047 E529.46766
G1 X115.432 Y115.53 E529.49094
G1 X115.231 Y115.751 E529.50088
G1 X114.962 Y116.17 E529.51744
G1 X114.768 Y116.63 E529.53405
G1 X114.66 Y117.115 E529.55057
G1 X114.637 Y117.611 E529.56709
G1 X114.701 Y118.113 E529.58392
G1 X114.846 Y118.579 E529.60015
G1 X115.082 Y119.032 E529.61714
G1 X115.377 Y119.425 E529.63348
G1 X115.743 Y119.761 E529.65001
G1 X116.166 Y120.034 E529.66675
G1 X116.625 Y120.224 E529.68328
G1 X117.111 Y120.332 E529.69983
G1 X117.5 Y120.35 E529.71279
G0 F9000 X117.534 Y119.645
G0 X119.007 Y119.02
G0 X119.174 Y119.174
;TYPE:FILL
G1 F600 X116.473 Y116.473 E529.83983
G0 F9000 X116.564 Y116.685
G0 X119.02 Y115.993
G0 X119.175 Y115.825
G1 F600 X115.821 Y119.179 E529.9976
G0 F9000 X116.18 Y118.791
;MESH:NONMESH
G0 F300 X116.18 Y118.791 Z45.2
G0 F9000 X117.515 Y119.644
G0 X117.5 Y119.95
;TIME_ELAPSED:1796.426960
;LAYER:225
;note -- min layer time used
;TYPE:WALL-INNER
;MESH:FT09-Input Shaft.stl
G1 F600 X117.591 Y119.954 E530.00063
G1 X118.024 Y119.899 E530.01514
G1 X118.424 Y119.774 E530.02908
G1 X118.814 Y119.574 E530.04366
G1 X119.15 Y119.318 E530.05771
G1 X119.439 Y119.003 E530.07193
G1 X119.674 Y118.639 E530.08634
G1 X119.837 Y118.249 E530.1004
G1 X119.93 Y117.832 E530.11461
G1 X119.95 Y117.401 E530.12896
G1 X119.895 Y116.972 E530.14334
G1 X119.77 Y116.568 E530.15741
G1 X119.571 Y116.179 E530.17194
G1 X119.315 Y115.846 E530.18591
G1 X118.999 Y115.553 E530.20024
G1 X118.635 Y115.322 E530.21458
G1 X118.243 Y115.154 E530.22877
G1 X118.001 Y115.1 E530.23701
G1 X118.008 Y115.326 E530.24453
G1 X117.961 Y115.563 E530.25257
G1 X117.726 Y115.846 E530.26481
G1 X116.248 Y116.48 E530.3183
G1 X116.063 Y116.512 E530.32454
G1 X115.806 Y116.46 E530.33326
G1 X115.453 Y116.146 E530.34897
G1 X115.318 Y116.358 E530.35733
G1 X115.15 Y116.752 E530.37158
G1 X115.058 Y117.168 E530.38575
G1 X115.038 Y117.595 E530.39997
G1 X115.093 Y118.027 E530.41445
G1 X115.217 Y118.426 E530.42835
G1 X115.422 Y118.818 E530.44306
G1 X115.675 Y119.155 E530.45708
G1 X115.989 Y119.443 E530.47125
G1 X116.352 Y119.678 E530.48563
G1 X116.746 Y119.841 E530.49981
G1 X117.164 Y119.934 E530.51406
G1 X117.5 Y119.95 E530.52525
G0 F9000 X117.5 Y120.35
;TYPE:WALL-OUTER
G1 F600 X117.607 Y120.355 E530.52881
G1 X118.109 Y120.291 E530.54564
G1 X118.576 Y120.146 E530.5619
G1 X119.028 Y119.914 E530.5788
G1 X119.42 Y119.615 E530.5952
G1 X119.757 Y119.249 E530.61175
G1 X120.03 Y118.826 E530.62849
G1 X120.22 Y118.371 E530.64489
G1 X120.328 Y117.885 E530.66145
G1 X120.351 Y117.385 E530.6781
G1 X120.287 Y116.887 E530.6948
G1 X120.142 Y116.416 E530.71119
G1 X119.91 Y115.964 E530.72809
G1 X119.611 Y115.576 E530.74438
G1 X119.245 Y115.235 E530.76102
G1 X118.822 Y114.966 E530.77769
G1 X118.366 Y114.772 E530.79417
G1 X117.881 Y114.664 E530.8107
G1 X117.581 Y114.65 E530.82069
G1 X117.612 Y115.386 E530.84519
G1 X117.507 Y115.503 E530.85042
G1 X116.118 Y116.102 E530.90073
G1 X116.019 Y116.11 E530.90403
G1 X115.904 Y116.047 E530.90839
G1 X115.432 Y115.53 E530.93168
G1 X115.231 Y115.751 E530.94161
G1 X114.962 Y116.17 E530.95817
G1 X114.768 Y116.63 E530.97478
G1 X114.66 Y117.115 E530.9913
G1 X114.637 Y117.611 E531.00782
G1 X114.701 Y118.113 E531.02465
G1 X114.846 Y118.579 E531.04088
G1 X115.082 Y119.032 E531.05787
G1 X115.377 Y119.425 E531.07422
G1 X115.743 Y119.761 E531.09074
G1 X116.166 Y120.034 E531.10749
G1 X116.625 Y120.224 E531.12401
G1 X117.111 Y120.332 E531.14057
G1 X117.5 Y120.35 E531.15352
G0 F9000 X117.534 Y119.645
G0 X119.007 Y119.02
G0 X119.174 Y119.174
;TYPE:FILL
G1 F600 X116.473 Y116.473 E531.28057
G0 F9000 X116.564 Y116.685
G0 X119.02 Y115.993
G0 X119.175 Y115.825
G1 F600 X115.821 Y119.179 E531.43833
G0 F9000 X116.18 Y118.791
;MESH:NONMESH
G0 F300 X116.18 Y118.791 Z45.4
G0 F9000 X117.515 Y119.644
G0 X117.5 Y119.95
;TIME_ELAPSED:1801.388362
;LAYER:226
;note -- min layer time used
;TYPE:WALL-INNER
;MESH:FT09-Input Shaft.stl
G1 F600 X117.591 Y119.954 E531.44136
G1 X118.024 Y119.899 E531.45588
G1 X118.424 Y119.774 E531.46981
G1 X118.814 Y119.574 E531.48439
G1 X119.15 Y119.318 E531.49844
G1 X119.439 Y119.003 E531.51266
G1 X119.674 Y118.639 E531.52707
G1 X119.837 Y118.249 E531.54113
G1 X119.93 Y117.832 E531.55534
G1 X119.95 Y117.401 E531.56969
G1 X119.895 Y116.972 E531.58407
G1 X119.77 Y116.568 E531.59814
G1 X119.571 Y116.179 E531.61267
G1 X119.315 Y115.846 E531.62664
G1 X118.999 Y115.553 E531.64098
G1 X118.635 Y115.322 E531.65532
G1 X118.243 Y115.154 E531.6695
G1 X118.001 Y115.1 E531.67775
G1 X118.008 Y115.326 E531.68527
G1 X117.961 Y115.563 E531.6933
G1 X117.726 Y115.846 E531.70554
G1 X116.248 Y116.48 E531.75903
G1 X116.063 Y116.512 E531.76527
G1 X115.806 Y116.46 E531.77399
G1 X115.453 Y116.146 E531.78971
G1 X115.318 Y116.358 E531.79807
G1 X115.15 Y116.752 E531.81231
G1 X115.058 Y117.168 E531.82648
G1 X115.038 Y117.595 E531.8407
G1 X115.093 Y118.027 E531.85519
G1 X115.217 Y118.426 E531.86908
G1 X115.422 Y118.818 E531.8838
G1 X115.675 Y119.155 E531.89781
G1 X115.989 Y119.443 E531.91198
G1 X116.352 Y119.678 E531.92637
G1 X116.746 Y119.841 E531.94055
G1 X117.164 Y119.934 E531.95479
G1 X117.5 Y119.95 E531.96598
G0 F9000 X117.5 Y120.35
;TYPE:WALL-OUTER
G1 F600 X117.607 Y120.355 E531.96954
G1 X118.109 Y120.291 E531.98637
G1 X118.576 Y120.146 E532.00264
G1 X119.028 Y119.914 E532.01953
G1 X119.42 Y119.615 E532.03593
G1 X119.757 Y119.249 E532.05248
G1 X120.03 Y118.826 E532.06922
G1 X120.22 Y118.371 E532.08562
G1 X120.328 Y117.885 E532.10218
G1 X120.351 Y117.385 E532.11883
G1 X120.287 Y116.887 E532.13553
G1 X120.142 Y116.416 E532.15192
G1 X119.91 Y115.964 E532.16882
G1 X119.611 Y115.576 E532.18511
G1 X119.245 Y115.235 E532.20175
G1 X118.822 Y114.966 E532.21842
G1 X118.366 Y114.772 E532.23491
G1 X117.881 Y114.664 E532.25143
G1 X117.581 Y114.65 E532.26142
G1 X117.612 Y115.386 E532.28592
G1 X117.507 Y115.503 E532.29115
G1 X116.118 Y116.102 E532.34146
G1 X116.019 Y116.11 E532.34476
G1 X115.904 Y116.047 E532.34913
G1 X115.432 Y115.53 E532.37241
G1 X115.231 Y115.751 E532.38235
G1 X114.962 Y116.17 E532.39891
G1 X114.768 Y116.63 E532.41551
G1 X114.66 Y117.115 E532.43204
G1 X114.637 Y117.611 E532.44855
G1 X114.701 Y118.113 E532.46538
G1 X114.846 Y118.579 E532.48162
G1 X115.082 Y119.032 E532.49861
G1 X115.377 Y119.425 E532.51495
G1 X115.743 Y119.761 E532.53147
G1 X116.166 Y120.034 E532.54822
G1 X116.625 Y120.224 E532.56474
G1 X117.111 Y120.332 E532.5813
G1 X117.5 Y120.35 E532.59425
G0 F9000 X117.534 Y119.645
G0 X119.007 Y119.02
G0 X119.174 Y119.174
;TYPE:FILL
G1 F600 X116.473 Y116.473 E532.7213
G0 F9000 X116.564 Y116.685
G0 X119.02 Y115.993
G0 X119.175 Y115.825
G1 F600 X115.821 Y119.179 E532.87906
G0 F9000 X116.18 Y118.791
;MESH:NONMESH
G0 F300 X116.18 Y118.791 Z45.6
G0 F9000 X117.515 Y119.644
G0 X117.5 Y119.95
;TIME_ELAPSED:1806.349765
;LAYER:227
;note -- min layer time used
;TYPE:WALL-INNER
;MESH:FT09-Input Shaft.stl
G1 F600 X117.591 Y119.954 E532.88209
G1 X118.024 Y119.899 E532.89661
G1 X118.424 Y119.774 E532.91055
G1 X118.814 Y119.574 E532.92512
G1 X119.15 Y119.318 E532.93917
G1 X119.439 Y119.003 E532.95339
G1 X119.674 Y118.639 E532.9678
G1 X119.837 Y118.249 E532.98186
G1 X119.93 Y117.832 E532.99607
G1 X119.95 Y117.401 E533.01042
G1 X119.895 Y116.972 E533.02481
G1 X119.77 Y116.568 E533.03887
G1 X119.571 Y116.179 E533.05341
G1 X119.315 Y115.846 E533.06738
G1 X118.999 Y115.553 E533.08171
G1 X118.635 Y115.322 E533.09605
G1 X118.243 Y115.154 E533.11023
G1 X118.001 Y115.1 E533.11848
G1 X118.008 Y115.326 E533.126
G1 X117.961 Y115.563 E533.13404
G1 X117.726 Y115.846 E533.14627
G1 X116.248 Y116.48 E533.19976
G1 X116.063 Y116.512 E533.20601
G1 X115.806 Y116.46 E533.21473
G1 X115.453 Y116.146 E533.23044
G1 X115.318 Y116.358 E533.2388
G1 X115.15 Y116.752 E533.25305
G1 X115.058 Y117.168 E533.26722
G1 X115.038 Y117.595 E533.28143
G1 X115.093 Y118.027 E533.29592
G1 X115.217 Y118.426 E533.30982
G1 X115.422 Y118.818 E533.32453
G1 X115.675 Y119.155 E533.33854
G1 X115.989 Y119.443 E533.35272
G1 X116.352 Y119.678 E533.3671
G1 X116.746 Y119.841 E533.38128
G1 X117.164 Y119.934 E533.39552
G1 X117.5 Y119.95 E533.40671
G0 F9000 X117.5 Y120.35
;TYPE:WALL-OUTER
G1 F600 X117.607 Y120.355 E533.41027
G1 X118.109 Y120.291 E533.42711
G1 X118.576 Y120.146 E533.44337
G1 X119.028 Y119.914 E533.46027
G1 X119.42 Y119.615 E533.47667
G1 X119.757 Y119.249 E533.49321
G1 X120.03 Y118.826 E533.50996
G1 X120.22 Y118.371 E533.52636
G1 X120.328 Y117.885 E533.54292
G1 X120.351 Y117.385 E533.55956
G1 X120.287 Y116.887 E533.57626
G1 X120.142 Y116.416 E533.59265
G1 X119.91 Y115.964 E533.60955
G1 X119.611 Y115.576 E533.62584
G1 X119.245 Y115.235 E533.64248
G1 X118.822 Y114.966 E533.65916
G1 X118.366 Y114.772 E533.67564
G1 X117.881 Y114.664 E533.69216
G1 X117.581 Y114.65 E533.70215
G1 X117.612 Y115.386 E533.72665
G1 X117.507 Y115.503 E533.73188
G1 X116.118 Y116.102 E533.78219
G1 X116.019 Y116.11 E533.7855
G1 X115.904 Y116.047 E533.78986
G1 X115.432 Y115.53 E533.81314
G1 X115.231 Y115.751 E533.82308
G1 X114.962 Y116.17 E533.83964
G1 X114.768 Y116.63 E533.85624
G1 X114.66 Y117.115 E533.87277
G1 X114.637 Y117.611 E533.88929
G1 X114.701 Y118.113 E533.90612
G1 X114.846 Y118.579 E533.92235
G1 X115.082 Y119.032 E533.93934
G1 X115.377 Y119.425 E533.95568
G1 X115.743 Y119.761 E533.97221
G1 X116.166 Y120.034 E533.98895
G1 X116.625 Y120.224 E534.00547
G1 X117.111 Y120.332 E534.02203
G1 X117.5 Y120.35 E534.03499
G0 F9000 X117.534 Y119.645
G0 X119.007 Y119.02
G0 X119.174 Y119.174
;TYPE:FILL
G1 F600 X116.473 Y116.473 E534.16203
G0 F9000 X116.564 Y116.685
G0 X119.02 Y115.993
G0 X119.175 Y115.825
G1 F600 X115.821 Y119.179 E534.31979
G0 F9000 X116.18 Y118.791
;MESH:NONMESH
G0 F300 X116.18 Y118.791 Z45.8
G0 F9000 X117.515 Y119.644
G0 X117.5 Y119.95
;TIME_ELAPSED:1811.311167
;LAYER:228
;note -- min layer time used
;TYPE:WALL-INNER
;MESH:FT09-Input Shaft.stl
G1 F600 X117.591 Y119.954 E534.32282
G1 X118.024 Y119.899 E534.33734
G1 X118.424 Y119.774 E534.35128
G1 X118.814 Y119.574 E534.36586
G1 X119.15 Y119.318 E534.37991
G1 X119.439 Y119.003 E534.39412
G1 X119.674 Y118.639 E534.40854
G1 X119.837 Y118.249 E534.42259
G1 X119.93 Y117.832 E534.4368
G1 X119.95 Y117.401 E534.45115
G1 X119.895 Y116.972 E534.46554
G1 X119.77 Y116.568 E534.47961
G1 X119.571 Y116.179 E534.49414
G1 X119.315 Y115.846 E534.50811
G1 X118.999 Y115.553 E534.52244
G1 X118.635 Y115.322 E534.53678
G1 X118.243 Y115.154 E534.55097
G1 X118.001 Y115.1 E534.55921
G1 X118.008 Y115.326 E534.56673
G1 X117.961 Y115.563 E534.57477
G1 X117.726 Y115.846 E534.587
G1 X116.248 Y116.48 E534.64049
G1 X116.063 Y116.512 E534.64674
G1 X115.806 Y116.46 E534.65546
G1 X115.453 Y116.146 E534.67117
G1 X115.318 Y116.358 E534.67953
G1 X115.15 Y116.752 E534.69378
G1 X115.058 Y117.168 E534.70795
G1 X115.038 Y117.595 E534.72217
G1 X115.093 Y118.027 E534.73665
G1 X115.217 Y118.426 E534.75055
G1 X115.422 Y118.818 E534.76526
G1 X115.675 Y119.155 E534.77928
G1 X115.989 Y119.443 E534.79345
G1 X116.352 Y119.678 E534.80783
G1 X116.746 Y119.841 E534.82201
G1 X117.164 Y119.934 E534.83626
G1 X117.5 Y119.95 E534.84744
G0 F9000 X117.5 Y120.35
;TYPE:WALL-OUTER
G1 F600 X117.607 Y120.355 E534.85101
G1 X118.109 Y120.291 E534.86784
G1 X118.576 Y120.146 E534.8841
G1 X119.028 Y119.914 E534.901
G1 X119.42 Y119.615 E534.9174
G1 X119.757 Y119.249 E534.93395
G1 X120.03 Y118.826 E534.95069
G1 X120.22 Y118.371 E534.96709
G1 X120.328 Y117.885 E534.98365
G1 X120.351 Y117.385 E535.0003
G1 X120.287 Y116.887 E535.017
G1 X120.142 Y116.416 E535.03339
G1 X119.91 Y115.964 E535.05029
G1 X119.611 Y115.576 E535.06658
G1 X119.245 Y115.235 E535.08322
G1 X118.822 Y114.966 E535.09989
G1 X118.366 Y114.772 E535.11637
G1 X117.881 Y114.664 E535.1329
G1 X117.581 Y114.65 E535.14289
G1 X117.612 Y115.386 E535.16739
G1 X117.507 Y115.503 E535.17262
G1 X116.118 Y116.102 E535.22293
G1 X116.019 Y116.11 E535.22623
G1 X115.904 Y116.047 E535.23059
G1 X115.432 Y115.53 E535.25388
G1 X115.231 Y115.751 E535.26381
G1 X114.962 Y116.17 E535.28037
G1 X114.768 Y116.63 E535.29698
G1 X114.66 Y117.115 E535.3135
G1 X114.637 Y117.611 E535.33002
G1 X114.701 Y118.113 E535.34685
G1 X114.846 Y118.579 E535.36308
G1 X115.082 Y119.032 E535.38007
G1 X115.377 Y119.425 E535.39641
G1 X115.743 Y119.761 E535.41294
G1 X116.166 Y120.034 E535.42968
G1 X116.625 Y120.224 E535.44621
G1 X117.111 Y120.332 E535.46277
G1 X117.5 Y120.35 E535.47572
G0 F9000 X117.534 Y119.645
G0 X119.007 Y119.02
G0 X119.174 Y119.174
;TYPE:FILL
G1 F600 X116.473 Y116.473 E535.60276
G0 F9000 X116.564 Y116.685
G0 X119.02 Y115.993
G0 X119.175 Y115.825
G1 F600 X115.821 Y119.179 E535.76053
G0 F9000 X116.18 Y118.791
;MESH:NONMESH
G0 F300 X116.18 Y118.791 Z46
G0 F9000 X117.515 Y119.644
G0 X117.5 Y119.95
;TIME_ELAPSED:1816.272569
;LAYER:229
;note -- min layer time used
;TYPE:WALL-INNER
;MESH:FT09-Input Shaft.stl
G1 F600 X117.591 Y119.954 E535.76356
G1 X118.024 Y119.899 E535.77807
G1 X118.424 Y119.774 E535.79201
G1 X118.814 Y119.574 E535.80659
G1 X119.15 Y119.318 E535.82064
G1 X119.439 Y119.003 E535.83486
G1 X119.674 Y118.639 E535.84927
G1 X119.837 Y118.249 E535.86333
G1 X119.93 Y117.832 E535.87754
G1 X119.95 Y117.401 E535.89189
G1 X119.895 Y116.972 E535.90627
G1 X119.77 Y116.568 E535.92034
G1 X119.571 Y116.179 E535.93487
G1 X119.315 Y115.846 E535.94884
G1 X118.999 Y115.553 E535.96317
G1 X118.635 Y115.322 E535.97751
G1 X118.243 Y115.154 E535.9917
G1 X118.001 Y115.1 E535.99995
G1 X118.008 Y115.326 E536.00747
G1 X117.961 Y115.563 E536.0155
G1 X117.726 Y115.846 E536.02774
G1 X116.248 Y116.48 E536.08123
G1 X116.063 Y116.512 E536.08747
G1 X115.806 Y116.46 E536.09619
G1 X115.453 Y116.146 E536.11191
G1 X115.318 Y116.358 E536.12027
G1 X115.15 Y116.752 E536.13451
G1 X115.058 Y117.168 E536.14868
G1 X115.038 Y117.595 E536.1629
G1 X115.093 Y118.027 E536.17738
G1 X115.217 Y118.426 E536.19128
G1 X115.422 Y118.818 E536.20599
G1 X115.675 Y119.155 E536.22001
G1 X115.989 Y119.443 E536.23418
G1 X116.352 Y119.678 E536.24856
G1 X116.746 Y119.841 E536.26275
G1 X117.164 Y119.934 E536.27699
G1 X117.5 Y119.95 E536.28818
G0 F9000 X117.5 Y120.35
;TYPE:WALL-OUTER
G1 F600 X117.607 Y120.355 E536.29174
G1 X118.109 Y120.291 E536.30857
G1 X118.576 Y120.146 E536.32483
G1 X119.028 Y119.914 E536.34173
G1 X119.42 Y119.615 E536.35813
G1 X119.757 Y119.249 E536.37468
G1 X120.03 Y118.826 E536.39142
G1 X120.22 Y118.371 E536.40782
G1 X120.328 Y117.885 E536.42438
G1 X120.351 Y117.385 E536.44103
G1 X120.287 Y116.887 E536.45773
G1 X120.142 Y116.416 E536.47412
G1 X119.91 Y115.964 E536.49102
G1 X119.611 Y115.576 E536.50731
G1 X119.245 Y115.235 E536.52395
G1 X118.822 Y114.966 E536.54062
G1 X118.366 Y114.772 E536.5571
G1 X117.881 Y114.664 E536.57363
G1 X117.581 Y114.65 E536.58362
G1 X117.612 Y115.386 E536.60812
G1 X117.507 Y115.503 E536.61335
G1 X116.118 Y116.102 E536.66366
G1 X116.019 Y116.11 E536.66696
G1 X115.904 Y116.047 E536.67132
G1 X115.432 Y115.53 E536.69461
G1 X115.231 Y115.751 E536.70454
G1 X114.962 Y116.17 E536.7211
G1 X114.768 Y116.63 E536.73771
G1 X114.66 Y117.115 E536.75424
G1 X114.637 Y117.611 E536.77075
G1 X114.701 Y118.113 E536.78758
G1 X114.846 Y118.579 E536.80381
G1 X115.082 Y119.032 E536.8208
G1 X115.377 Y119.425 E536.83715
G1 X115.743 Y119.761 E536.85367
G1 X116.166 Y120.034 E536.87042
G1 X116.625 Y120.224 E536.88694
G1 X117.111 Y120.332 E536.9035
G1 X117.5 Y120.35 E536.91645
G0 F9000 X117.534 Y119.645
G0 X119.007 Y119.02
G0 X119.174 Y119.174
;TYPE:FILL
G1 F600 X116.473 Y116.473 E537.0435
G0 F9000 X116.564 Y116.685
G0 X119.02 Y115.993
G0 X119.175 Y115.825
G1 F600 X115.821 Y119.179 E537.20126
G0 F9000 X116.18 Y118.791
;MESH:NONMESH
G0 F300 X116.18 Y118.791 Z46.2
G0 F9000 X117.515 Y119.644
G0 X117.5 Y119.95
;TIME_ELAPSED:1821.233971
;LAYER:230
;note -- min layer time used
;TYPE:WALL-INNER
;MESH:FT09-Input Shaft.stl
G1 F600 X117.591 Y119.954 E537.20429
G1 X118.024 Y119.899 E537.21881
G1 X118.424 Y119.774 E537.23274
G1 X118.814 Y119.574 E537.24732
G1 X119.15 Y119.318 E537.26137
G1 X119.439 Y119.003 E537.27559
G1 X119.674 Y118.639 E537.29
G1 X119.837 Y118.249 E537.30406
G1 X119.93 Y117.832 E537.31827
G1 X119.95 Y117.401 E537.33262
G1 X119.895 Y116.972 E537.34701
G1 X119.77 Y116.568 E537.36107
G1 X119.571 Y116.179 E537.3756
G1 X119.315 Y115.846 E537.38957
G1 X118.999 Y115.553 E537.40391
G1 X118.635 Y115.322 E537.41825
G1 X118.243 Y115.154 E537.43243
G1 X118.001 Y115.1 E537.44068
G1 X118.008 Y115.326 E537.4482
G1 X117.961 Y115.563 E537.45623
G1 X117.726 Y115.846 E537.46847
G1 X116.248 Y116.48 E537.52196
G1 X116.063 Y116.512 E537.5282
G1 X115.806 Y116.46 E537.53693
G1 X115.453 Y116.146 E537.55264
G1 X115.318 Y116.358 E537.561
G1 X115.15 Y116.752 E537.57524
G1 X115.058 Y117.168 E537.58941
G1 X115.038 Y117.595 E537.60363
G1 X115.093 Y118.027 E537.61812
G1 X115.217 Y118.426 E537.63201
G1 X115.422 Y118.818 E537.64673
G1 X115.675 Y119.155 E537.66074
G1 X115.989 Y119.443 E537.67491
G1 X116.352 Y119.678 E537.6893
G1 X116.746 Y119.841 E537.70348
G1 X117.164 Y119.934 E537.71772
G1 X117.5 Y119.95 E537.72891
G0 F9000 X117.5 Y120.35
;TYPE:WALL-OUTER
G1 F600 X117.607 Y120.355 E537.73247
G1 X118.109 Y120.291 E537.7493
G1 X118.576 Y120.146 E537.76557
G1 X119.028 Y119.914 E537.78247
G1 X119.42 Y119.615 E537.79886
G1 X119.757 Y119.249 E537.81541
G1 X120.03 Y118.826 E537.83216
G1 X120.22 Y118.371 E537.84856
G1 X120.328 Y117.885 E537.86511
G1 X120.351 Y117.385 E537.88176
G1 X120.287 Y116.887 E537.89846
G1 X120.142 Y116.416 E537.91485
G1 X119.91 Y115.964 E537.93175
G1 X119.611 Y115.576 E537.94804
G1 X119.245 Y115.235 E537.96468
G1 X118.822 Y114.966 E537.98135
G1 X118.366 Y114.772 E537.99784
G1 X117.881 Y114.664 E538.01436
G1 X117.581 Y114.65 E538.02435
G1 X117.612 Y115.386 E538.04885
G1 X117.507 Y115.503 E538.05408
G1 X116.118 Y116.102 E538.10439
G1 X116.019 Y116.11 E538.1077
G1 X115.904 Y116.047 E538.11206
G1 X115.432 Y115.53 E538.13534
G1 X115.231 Y115.751 E538.14528
G1 X114.962 Y116.17 E538.16184
G1 X114.768 Y116.63 E538.17844
G1 X114.66 Y117.115 E538.19497
G1 X114.637 Y117.611 E538.21148
G1 X114.701 Y118.113 E538.22831
G1 X114.846 Y118.579 E538.24455
G1 X115.082 Y119.032 E538.26154
G1 X115.377 Y119.425 E538.27788
G1 X115.743 Y119.761 E538.29441
G1 X116.166 Y120.034 E538.31115
G1 X116.625 Y120.224 E538.32767
G1 X117.111 Y120.332 E538.34423
G1 X117.5 Y120.35 E538.35718
G0 F9000 X117.534 Y119.645
G0 X119.007 Y119.02
G0 X119.174 Y119.174
;TYPE:FILL
G1 F600 X116.473 Y116.473 E538.48423
G0 F9000 X116.564 Y116.685
G0 X119.02 Y115.993
G0 X119.175 Y115.825
G1 F600 X115.821 Y119.179 E538.64199
G0 F9000 X116.18 Y118.791
;MESH:NONMESH
G0 F300 X116.18 Y118.791 Z46.4
G0 F9000 X117.515 Y119.644
G0 X117.5 Y119.95
;TIME_ELAPSED:1826.195374
;LAYER:231
;note -- min layer time used
;TYPE:WALL-INNER
;MESH:FT09-Input Shaft.stl
G1 F600 X117.591 Y119.954 E538.64502
G1 X118.024 Y119.899 E538.65954
G1 X118.424 Y119.774 E538.67348
G1 X118.814 Y119.574 E538.68806
G1 X119.15 Y119.318 E538.7021
G1 X119.439 Y119.003 E538.71632
G1 X119.674 Y118.639 E538.73073
G1 X119.837 Y118.249 E538.74479
G1 X119.93 Y117.832 E538.759
G1 X119.95 Y117.401 E538.77335
G1 X119.895 Y116.972 E538.78774
G1 X119.77 Y116.568 E538.8018
G1 X119.571 Y116.179 E538.81634
G1 X119.315 Y115.846 E538.83031
G1 X118.999 Y115.553 E538.84464
G1 X118.635 Y115.322 E538.85898
G1 X118.243 Y115.154 E538.87316
G1 X118.001 Y115.1 E538.88141
G1 X118.008 Y115.326 E538.88893
G1 X117.961 Y115.563 E538.89697
G1 X117.726 Y115.846 E538.9092
G1 X116.248 Y116.48 E538.96269
G1 X116.063 Y116.512 E538.96894
G1 X115.806 Y116.46 E538.97766
G1 X115.453 Y116.146 E538.99337
G1 X115.318 Y116.358 E539.00173
G1 X115.15 Y116.752 E539.01598
G1 X115.058 Y117.168 E539.03015
G1 X115.038 Y117.595 E539.04437
G1 X115.093 Y118.027 E539.05885
G1 X115.217 Y118.426 E539.07275
G1 X115.422 Y118.818 E539.08746
G1 X115.675 Y119.155 E539.10148
G1 X115.989 Y119.443 E539.11565
G1 X116.352 Y119.678 E539.13003
G1 X116.746 Y119.841 E539.14421
G1 X117.164 Y119.934 E539.15845
G1 X117.5 Y119.95 E539.16964
G0 F9000 X117.5 Y120.35
;TYPE:WALL-OUTER
G1 F600 X117.607 Y120.355 E539.1732
G1 X118.109 Y120.291 E539.19004
G1 X118.576 Y120.146 E539.2063
G1 X119.028 Y119.914 E539.2232
G1 X119.42 Y119.615 E539.2396
G1 X119.757 Y119.249 E539.25614
G1 X120.03 Y118.826 E539.27289
G1 X120.22 Y118.371 E539.28929
G1 X120.328 Y117.885 E539.30585
G1 X120.351 Y117.385 E539.32249
G1 X120.287 Y116.887 E539.33919
G1 X120.142 Y116.416 E539.35559
G1 X119.91 Y115.964 E539.37248
G1 X119.611 Y115.576 E539.38878
G1 X119.245 Y115.235 E539.40541
G1 X118.822 Y114.966 E539.42209
G1 X118.366 Y114.772 E539.43857
G1 X117.881 Y114.664 E539.4551
G1 X117.581 Y114.65 E539.46508
G1 X117.612 Y115.386 E539.48959
G1 X117.507 Y115.503 E539.49481
G1 X116.118 Y116.102 E539.54512
G1 X116.019 Y116.11 E539.54843
G1 X115.904 Y116.047 E539.55279
G1 X115.432 Y115.53 E539.57607
G1 X115.231 Y115.751 E539.58601
G1 X114.962 Y116.17 E539.60257
G1 X114.768 Y116.63 E539.61917
G1 X114.66 Y117.115 E539.6357
G1 X114.637 Y117.611 E539.65222
G1 X114.701 Y118.113 E539.66905
G1 X114.846 Y118.579 E539.68528
G1 X115.082 Y119.032 E539.70227
G1 X115.377 Y119.425 E539.71861
G1 X115.743 Y119.761 E539.73514
G1 X116.166 Y120.034 E539.75188
G1 X116.625 Y120.224 E539.76841
G1 X117.111 Y120.332 E539.78496
G1 X117.5 Y120.35 E539.79792
G0 F9000 X117.534 Y119.645
G0 X119.007 Y119.02
G0 X119.174 Y119.174
;TYPE:FILL
G1 F600 X116.473 Y116.473 E539.92496
G0 F9000 X116.564 Y116.685
G0 X119.02 Y115.993
G0 X119.175 Y115.825
G1 F600 X115.821 Y119.179 E540.08272
G0 F9000 X116.18 Y118.791
;MESH:NONMESH
G0 F300 X116.18 Y118.791 Z46.6
G0 F9000 X117.515 Y119.644
G0 X117.5 Y119.95
;TIME_ELAPSED:1831.156776
;LAYER:232
;note -- min layer time used
;TYPE:WALL-INNER
;MESH:FT09-Input Shaft.stl
G1 F600 X117.591 Y119.954 E540.08575
G1 X118.024 Y119.899 E540.10027
G1 X118.424 Y119.774 E540.11421
G1 X118.814 Y119.574 E540.12879
G1 X119.15 Y119.318 E540.14284
G1 X119.439 Y119.003 E540.15706
G1 X119.674 Y118.639 E540.17147
G1 X119.837 Y118.249 E540.18552
G1 X119.93 Y117.832 E540.19974
G1 X119.95 Y117.401 E540.21409
G1 X119.895 Y116.972 E540.22847
G1 X119.77 Y116.568 E540.24254
G1 X119.571 Y116.179 E540.25707
G1 X119.315 Y115.846 E540.27104
G1 X118.999 Y115.553 E540.28537
G1 X118.635 Y115.322 E540.29971
G1 X118.243 Y115.154 E540.3139
G1 X118.001 Y115.1 E540.32214
G1 X118.008 Y115.326 E540.32966
G1 X117.961 Y115.563 E540.3377
G1 X117.726 Y115.846 E540.34993
G1 X116.248 Y116.48 E540.40342
G1 X116.063 Y116.512 E540.40967
G1 X115.806 Y116.46 E540.41839
G1 X115.453 Y116.146 E540.4341
G1 X115.318 Y116.358 E540.44246
G1 X115.15 Y116.752 E540.45671
G1 X115.058 Y117.168 E540.47088
G1 X115.038 Y117.595 E540.4851
G1 X115.093 Y118.027 E540.49958
G1 X115.217 Y118.426 E540.51348
G1 X115.422 Y118.818 E540.52819
G1 X115.675 Y119.155 E540.54221
G1 X115.989 Y119.443 E540.55638
G1 X116.352 Y119.678 E540.57076
G1 X116.746 Y119.841 E540.58494
G1 X117.164 Y119.934 E540.59919
G1 X117.5 Y119.95 E540.61037
G0 F9000 X117.5 Y120.35
;TYPE:WALL-OUTER
G1 F600 X117.607 Y120.355 E540.61394
G1 X118.109 Y120.291 E540.63077
G1 X118.576 Y120.146 E540.64703
G1 X119.028 Y119.914 E540.66393
G1 X119.42 Y119.615 E540.68033
G1 X119.757 Y119.249 E540.69688
G1 X120.03 Y118.826 E540.71362
G1 X120.22 Y118.371 E540.73002
G1 X120.328 Y117.885 E540.74658
G1 X120.351 Y117.385 E540.76323
G1 X120.287 Y116.887 E540.77993
G1 X120.142 Y116.416 E540.79632
G1 X119.91 Y115.964 E540.81322
G1 X119.611 Y115.576 E540.82951
G1 X119.245 Y115.235 E540.84615
G1 X118.822 Y114.966 E540.86282
G1 X118.366 Y114.772 E540.8793
G1 X117.881 Y114.664 E540.89583
G1 X117.581 Y114.65 E540.90582
G1 X117.612 Y115.386 E540.93032
G1 X117.507 Y115.503 E540.93555
G1 X116.118 Y116.102 E540.98586
G1 X116.019 Y116.11 E540.98916
G1 X115.904 Y116.047 E540.99352
G1 X115.432 Y115.53 E541.01681
G1 X115.231 Y115.751 E541.02674
G1 X114.962 Y116.17 E541.0433
G1 X114.768 Y116.63 E541.05991
G1 X114.66 Y117.115 E541.07643
G1 X114.637 Y117.611 E541.09295
G1 X114.701 Y118.113 E541.10978
G1 X114.846 Y118.579 E541.12601
G1 X115.082 Y119.032 E541.143
G1 X115.377 Y119.425 E541.15935
G1 X115.743 Y119.761 E541.17587
G1 X116.166 Y120.034 E541.19262
G1 X116.625 Y120.224 E541.20914
G1 X117.111 Y120.332 E541.2257
G1 X117.5 Y120.35 E541.23865
G0 F9000 X117.534 Y119.645
G0 X119.007 Y119.02
G0 X119.174 Y119.174
;TYPE:FILL
G1 F600 X116.473 Y116.473 E541.3657
G0 F9000 X116.564 Y116.685
G0 X119.02 Y115.993
G0 X119.175 Y115.825
G1 F600 X115.821 Y119.179 E541.52346
G0 F9000 X116.18 Y118.791
;MESH:NONMESH
G0 F300 X116.18 Y118.791 Z46.8
G0 F9000 X117.515 Y119.644
G0 X117.5 Y119.95
;TIME_ELAPSED:1836.118178
;LAYER:233
;note -- min layer time used
;TYPE:WALL-INNER
;MESH:FT09-Input Shaft.stl
G1 F600 X117.591 Y119.954 E541.52649
G1 X118.024 Y119.899 E541.541
G1 X118.424 Y119.774 E541.55494
G1 X118.814 Y119.574 E541.56952
G1 X119.15 Y119.318 E541.58357
G1 X119.439 Y119.003 E541.59779
G1 X119.674 Y118.639 E541.6122
G1 X119.837 Y118.249 E541.62626
G1 X119.93 Y117.832 E541.64047
G1 X119.95 Y117.401 E541.65482
G1 X119.895 Y116.972 E541.6692
G1 X119.77 Y116.568 E541.68327
G1 X119.571 Y116.179 E541.6978
G1 X119.315 Y115.846 E541.71177
G1 X118.999 Y115.553 E541.72611
G1 X118.635 Y115.322 E541.74044
G1 X118.243 Y115.154 E541.75463
G1 X118.001 Y115.1 E541.76288
G1 X118.008 Y115.326 E541.7704
G1 X117.961 Y115.563 E541.77843
G1 X117.726 Y115.846 E541.79067
G1 X116.248 Y116.48 E541.84416
G1 X116.063 Y116.512 E541.8504
G1 X115.806 Y116.46 E541.85912
G1 X115.453 Y116.146 E541.87484
G1 X115.318 Y116.358 E541.8832
G1 X115.15 Y116.752 E541.89744
G1 X115.058 Y117.168 E541.91161
G1 X115.038 Y117.595 E541.92583
G1 X115.093 Y118.027 E541.94031
G1 X115.217 Y118.426 E541.95421
G1 X115.422 Y118.818 E541.96892
G1 X115.675 Y119.155 E541.98294
G1 X115.989 Y119.443 E541.99711
G1 X116.352 Y119.678 E542.01149
G1 X116.746 Y119.841 E542.02568
G1 X117.164 Y119.934 E542.03992
G1 X117.5 Y119.95 E542.05111
G0 F9000 X117.5 Y120.35
;TYPE:WALL-OUTER
G1 F600 X117.607 Y120.355 E542.05467
G1 X118.109 Y120.291 E542.0715
G1 X118.576 Y120.146 E542.08777
G1 X119.028 Y119.914 E542.10466
G1 X119.42 Y119.615 E542.12106
G1 X119.757 Y119.249 E542.13761
G1 X120.03 Y118.826 E542.15435
G1 X120.22 Y118.371 E542.17075
G1 X120.328 Y117.885 E542.18731
G1 X120.351 Y117.385 E542.20396
G1 X120.287 Y116.887 E542.22066
G1 X120.142 Y116.416 E542.23705
G1 X119.91 Y115.964 E542.25395
G1 X119.611 Y115.576 E542.27024
G1 X119.245 Y115.235 E542.28688
G1 X118.822 Y114.966 E542.30355
G1 X118.366 Y114.772 E542.32003
G1 X117.881 Y114.664 E542.33656
G1 X117.581 Y114.65 E542.34655
G1 X117.612 Y115.386 E542.37105
G1 X117.507 Y115.503 E542.37628
G1 X116.118 Y116.102 E542.42659
G1 X116.019 Y116.11 E542.42989
G1 X115.904 Y116.047 E542.43426
G1 X115.432 Y115.53 E542.45754
G1 X115.231 Y115.751 E542.46747
G1 X114.962 Y116.17 E542.48404
G1 X114.768 Y116.63 E542.50064
G1 X114.66 Y117.115 E542.51717
G1 X114.637 Y117.611 E542.53368
G1 X114.701 Y118.113 E542.55051
G1 X114.846 Y118.579 E542.56675
G1 X115.082 Y119.032 E542.58373
G1 X115.377 Y119.425 E542.60008
G1 X115.743 Y119.761 E542.6166
G1 X116.166 Y120.034 E542.63335
G1 X116.625 Y120.224 E542.64987
G1 X117.111 Y120.332 E542.66643
G1 X117.5 Y120.35 E542.67938
G0 F9000 X117.534 Y119.645
G0 X119.007 Y119.02
G0 X119.174 Y119.174
;TYPE:FILL
G1 F600 X116.473 Y116.473 E542.80643
G0 F9000 X116.564 Y116.685
G0 X119.02 Y115.993
G0 X119.175 Y115.825
G1 F600 X115.821 Y119.179 E542.96419
G0 F9000 X116.18 Y118.791
;MESH:NONMESH
G0 F300 X116.18 Y118.791 Z47
G0 F9000 X117.515 Y119.644
G0 X117.5 Y119.95
;TIME_ELAPSED:1841.079580
;LAYER:234
;note -- min layer time used
;TYPE:WALL-INNER
;MESH:FT09-Input Shaft.stl
G1 F600 X117.591 Y119.954 E542.96722
G1 X118.024 Y119.899 E542.98174
G1 X118.424 Y119.774 E542.99568
G1 X118.814 Y119.574 E543.01025
G1 X119.15 Y119.318 E543.0243
G1 X119.439 Y119.003 E543.03852
G1 X119.674 Y118.639 E543.05293
G1 X119.837 Y118.249 E543.06699
G1 X119.93 Y117.832 E543.0812
G1 X119.95 Y117.401 E543.09555
G1 X119.895 Y116.972 E543.10994
G1 X119.77 Y116.568 E543.124
G1 X119.571 Y116.179 E543.13853
G1 X119.315 Y115.846 E543.15251
G1 X118.999 Y115.553 E543.16684
G1 X118.635 Y115.322 E543.18118
G1 X118.243 Y115.154 E543.19536
G1 X118.001 Y115.1 E543.20361
G1 X118.008 Y115.326 E543.21113
G1 X117.961 Y115.563 E543.21917
G1 X117.726 Y115.846 E543.2314
G1 X116.248 Y116.48 E543.28489
G1 X116.063 Y116.512 E543.29113
G1 X115.806 Y116.46 E543.29986
G1 X115.453 Y116.146 E543.31557
G1 X115.318 Y116.358 E543.32393
G1 X115.15 Y116.752 E543.33818
G1 X115.058 Y117.168 E543.35235
G1 X115.038 Y117.595 E543.36656
G1 X115.093 Y118.027 E543.38105
G1 X115.217 Y118.426 E543.39494
G1 X115.422 Y118.818 E543.40966
G1 X115.675 Y119.155 E543.42367
G1 X115.989 Y119.443 E543.43784
G1 X116.352 Y119.678 E543.45223
G1 X116.746 Y119.841 E543.46641
G1 X117.164 Y119.934 E543.48065
G1 X117.5 Y119.95 E543.49184
G0 F9000 X117.5 Y120.35
;TYPE:WALL-OUTER
G1 F600 X117.607 Y120.355 E543.4954
G1 X118.109 Y120.291 E543.51223
G1 X118.576 Y120.146 E543.5285
G1 X119.028 Y119.914 E543.5454
G1 X119.42 Y119.615 E543.56179
G1 X119.757 Y119.249 E543.57834
G1 X120.03 Y118.826 E543.59509
G1 X120.22 Y118.371 E543.61149
G1 X120.328 Y117.885 E543.62805
G1 X120.351 Y117.385 E543.64469
G1 X120.287 Y116.887 E543.66139
G1 X120.142 Y116.416 E543.67778
G1 X119.91 Y115.964 E543.69468
G1 X119.611 Y115.576 E543.71097
G1 X119.245 Y115.235 E543.72761
G1 X118.822 Y114.966 E543.74428
G1 X118.366 Y114.772 E543.76077
G1 X117.881 Y114.664 E543.77729
G1 X117.581 Y114.65 E543.78728
G1 X117.612 Y115.386 E543.81178
G1 X117.507 Y115.503 E543.81701
G1 X116.118 Y116.102 E543.86732
G1 X116.019 Y116.11 E543.87063
G1 X115.904 Y116.047 E543.87499
G1 X115.432 Y115.53 E543.89827
G1 X115.231 Y115.751 E543.90821
G1 X114.962 Y116.17 E543.92477
G1 X114.768 Y116.63 E543.94137
G1 X114.66 Y117.115 E543.9579
G1 X114.637 Y117.611 E543.97441
G1 X114.701 Y118.113 E543.99125
G1 X114.846 Y118.579 E544.00748
G1 X115.082 Y119.032 E544.02447
G1 X115.377 Y119.425 E544.04081
G1 X115.743 Y119.761 E544.05734
G1 X116.166 Y120.034 E544.07408
G1 X116.625 Y120.224 E544.0906
G1 X117.111 Y120.332 E544.10716
G1 X117.5 Y120.35 E544.12011
G0 F9000 X117.534 Y119.645
G0 X119.007 Y119.02
G0 X119.174 Y119.174
;TYPE:FILL
G1 F600 X116.473 Y116.473 E544.24716
G0 F9000 X116.564 Y116.685
G0 X119.02 Y115.993
G0 X119.175 Y115.825
G1 F600 X115.821 Y119.179 E544.40492
G0 F9000 X116.18 Y118.791
;MESH:NONMESH
G0 F300 X116.18 Y118.791 Z47.2
G0 F9000 X117.515 Y119.644
G0 X117.5 Y119.95
;TIME_ELAPSED:1846.040982
;LAYER:235
;note -- min layer time used
;TYPE:WALL-INNER
;MESH:FT09-Input Shaft.stl
G1 F600 X117.591 Y119.954 E544.40795
G1 X118.024 Y119.899 E544.42247
G1 X118.424 Y119.774 E544.43641
G1 X118.814 Y119.574 E544.45099
G1 X119.15 Y119.318 E544.46504
G1 X119.439 Y119.003 E544.47925
G1 X119.674 Y118.639 E544.49366
G1 X119.837 Y118.249 E544.50772
G1 X119.93 Y117.832 E544.52193
G1 X119.95 Y117.401 E544.53628
G1 X119.895 Y116.972 E544.55067
G1 X119.77 Y116.568 E544.56473
G1 X119.571 Y116.179 E544.57927
G1 X119.315 Y115.846 E544.59324
G1 X118.999 Y115.553 E544.60757
G1 X118.635 Y115.322 E544.62191
G1 X118.243 Y115.154 E544.63609
G1 X118.001 Y115.1 E544.64434
G1 X118.008 Y115.326 E544.65186
G1 X117.961 Y115.563 E544.6599
G1 X117.726 Y115.846 E544.67213
G1 X116.248 Y116.48 E544.72562
G1 X116.063 Y116.512 E544.73187
G1 X115.806 Y116.46 E544.74059
G1 X115.453 Y116.146 E544.7563
G1 X115.318 Y116.358 E544.76466
G1 X115.15 Y116.752 E544.77891
G1 X115.058 Y117.168 E544.79308
G1 X115.038 Y117.595 E544.8073
G1 X115.093 Y118.027 E544.82178
G1 X115.217 Y118.426 E544.83568
G1 X115.422 Y118.818 E544.85039
G1 X115.675 Y119.155 E544.86441
G1 X115.989 Y119.443 E544.87858
G1 X116.352 Y119.678 E544.89296
G1 X116.746 Y119.841 E544.90714
G1 X117.164 Y119.934 E544.92138
G1 X117.5 Y119.95 E544.93257
G0 F9000 X117.5 Y120.35
;TYPE:WALL-OUTER
G1 F600 X117.607 Y120.355 E544.93614
G1 X118.109 Y120.291 E544.95297
G1 X118.576 Y120.146 E544.96923
G1 X119.028 Y119.914 E544.98613
G1 X119.42 Y119.615 E545.00253
G1 X119.757 Y119.249 E545.01907
G1 X120.03 Y118.826 E545.03582
G1 X120.22 Y118.371 E545.05222
G1 X120.328 Y117.885 E545.06878
G1 X120.351 Y117.385 E545.08543
G1 X120.287 Y116.887 E545.10213
G1 X120.142 Y116.416 E545.11852
G1 X119.91 Y115.964 E545.13541
G1 X119.611 Y115.576 E545.15171
G1 X119.245 Y115.235 E545.16834
G1 X118.822 Y114.966 E545.18502
G1 X118.366 Y114.772 E545.2015
G1 X117.881 Y114.664 E545.21803
G1 X117.581 Y114.65 E545.22801
G1 X117.612 Y115.386 E545.25252
G1 X117.507 Y115.503 E545.25774
G1 X116.118 Y116.102 E545.30806
G1 X116.019 Y116.11 E545.31136
G1 X115.904 Y116.047 E545.31572
G1 X115.432 Y115.53 E545.339
G1 X115.231 Y115.751 E545.34894
G1 X114.962 Y116.17 E545.3655
G1 X114.768 Y116.63 E545.38211
G1 X114.66 Y117.115 E545.39863
G1 X114.637 Y117.611 E545.41515
G1 X114.701 Y118.113 E545.43198
G1 X114.846 Y118.579 E545.44821
G1 X115.082 Y119.032 E545.4652
G1 X115.377 Y119.425 E545.48154
G1 X115.743 Y119.761 E545.49807
G1 X116.166 Y120.034 E545.51481
G1 X116.625 Y120.224 E545.53134
G1 X117.111 Y120.332 E545.54789
G1 X117.5 Y120.35 E545.56085
G0 F9000 X117.534 Y119.645
G0 X119.007 Y119.02
G0 X119.174 Y119.174
;TYPE:FILL
G1 F600 X116.473 Y116.473 E545.68789
G0 F9000 X116.564 Y116.685
G0 X119.02 Y115.993
G0 X119.175 Y115.825
G1 F600 X115.821 Y119.179 E545.84566
G0 F9000 X116.18 Y118.791
;MESH:NONMESH
G0 F300 X116.18 Y118.791 Z47.4
G0 F9000 X117.515 Y119.644
G0 X117.5 Y119.95
;TIME_ELAPSED:1851.002385
;LAYER:236
;note -- min layer time used
;TYPE:WALL-INNER
;MESH:FT09-Input Shaft.stl
G1 F600 X117.591 Y119.954 E545.84869
G1 X118.024 Y119.899 E545.8632
G1 X118.424 Y119.774 E545.87714
G1 X118.814 Y119.574 E545.89172
G1 X119.15 Y119.318 E545.90577
G1 X119.439 Y119.003 E545.91999
G1 X119.674 Y118.639 E545.9344
G1 X119.837 Y118.249 E545.94846
G1 X119.93 Y117.832 E545.96267
G1 X119.95 Y117.401 E545.97702
G1 X119.895 Y116.972 E545.9914
G1 X119.77 Y116.568 E546.00547
G1 X119.571 Y116.179 E546.02
G1 X119.315 Y115.846 E546.03397
G1 X118.999 Y115.553 E546.0483
G1 X118.635 Y115.322 E546.06264
G1 X118.243 Y115.154 E546.07683
G1 X118.001 Y115.1 E546.08507
G1 X118.008 Y115.326 E546.09259
G1 X117.961 Y115.563 E546.10063
G1 X117.726 Y115.846 E546.11287
G1 X116.248 Y116.48 E546.16636
G1 X116.063 Y116.512 E546.1726
G1 X115.806 Y116.46 E546.18132
G1 X115.453 Y116.146 E546.19704
G1 X115.318 Y116.358 E546.20539
G1 X115.15 Y116.752 E546.21964
G1 X115.058 Y117.168 E546.23381
G1 X115.038 Y117.595 E546.24803
G1 X115.093 Y118.027 E546.26251
G1 X115.217 Y118.426 E546.27641
G1 X115.422 Y118.818 E546.29112
G1 X115.675 Y119.155 E546.30514
G1 X115.989 Y119.443 E546.31931
G1 X116.352 Y119.678 E546.33369
G1 X116.746 Y119.841 E546.34787
G1 X117.164 Y119.934 E546.36212
G1 X117.5 Y119.95 E546.37331
G0 F9000 X117.5 Y120.35
;TYPE:WALL-OUTER
G1 F600 X117.607 Y120.355 E546.37687
G1 X118.109 Y120.291 E546.3937
G1 X118.576 Y120.146 E546.40996
G1 X119.028 Y119.914 E546.42686
G1 X119.42 Y119.615 E546.44326
G1 X119.757 Y119.249 E546.45981
G1 X120.03 Y118.826 E546.47655
G1 X120.22 Y118.371 E546.49295
G1 X120.328 Y117.885 E546.50951
G1 X120.351 Y117.385 E546.52616
G1 X120.287 Y116.887 E546.54286
G1 X120.142 Y116.416 E546.55925
G1 X119.91 Y115.964 E546.57615
G1 X119.611 Y115.576 E546.59244
G1 X119.245 Y115.235 E546.60908
G1 X118.822 Y114.966 E546.62575
G1 X118.366 Y114.772 E546.64223
G1 X117.881 Y114.664 E546.65876
G1 X117.581 Y114.65 E546.66875
G1 X117.612 Y115.386 E546.69325
G1 X117.507 Y115.503 E546.69848
G1 X116.118 Y116.102 E546.74879
G1 X116.019 Y116.11 E546.75209
G1 X115.904 Y116.047 E546.75645
G1 X115.432 Y115.53 E546.77974
G1 X115.231 Y115.751 E546.78967
G1 X114.962 Y116.17 E546.80623
G1 X114.768 Y116.63 E546.82284
G1 X114.66 Y117.115 E546.83936
G1 X114.637 Y117.611 E546.85588
G1 X114.701 Y118.113 E546.87271
G1 X114.846 Y118.579 E546.88894
G1 X115.082 Y119.032 E546.90593
G1 X115.377 Y119.425 E546.92228
G1 X115.743 Y119.761 E546.9388
G1 X116.166 Y120.034 E546.95555
G1 X116.625 Y120.224 E546.97207
G1 X117.111 Y120.332 E546.98863
G1 X117.5 Y120.35 E547.00158
G0 F9000 X117.534 Y119.645
G0 X119.007 Y119.02
G0 X119.174 Y119.174
;TYPE:FILL
G1 F600 X116.473 Y116.473 E547.12863
G0 F9000 X116.564 Y116.685
G0 X119.02 Y115.993
G0 X119.175 Y115.825
G1 F600 X115.821 Y119.179 E547.28639
G0 F9000 X116.18 Y118.791
;MESH:NONMESH
G0 F300 X116.18 Y118.791 Z47.6
G0 F9000 X117.515 Y119.644
G0 X117.5 Y119.95
;TIME_ELAPSED:1855.963787
;LAYER:237
;note -- min layer time used
;TYPE:WALL-INNER
;MESH:FT09-Input Shaft.stl
G1 F600 X117.591 Y119.954 E547.28942
G1 X118.024 Y119.899 E547.30394
G1 X118.424 Y119.774 E547.31787
G1 X118.814 Y119.574 E547.33245
G1 X119.15 Y119.318 E547.3465
G1 X119.439 Y119.003 E547.36072
G1 X119.674 Y118.639 E547.37513
G1 X119.837 Y118.249 E547.38919
G1 X119.93 Y117.832 E547.4034
G1 X119.95 Y117.401 E547.41775
G1 X119.895 Y116.972 E547.43213
G1 X119.77 Y116.568 E547.4462
G1 X119.571 Y116.179 E547.46073
G1 X119.315 Y115.846 E547.4747
G1 X118.999 Y115.553 E547.48904
G1 X118.635 Y115.322 E547.50338
G1 X118.243 Y115.154 E547.51756
G1 X118.001 Y115.1 E547.52581
G1 X118.008 Y115.326 E547.53333
G1 X117.961 Y115.563 E547.54136
G1 X117.726 Y115.846 E547.5536
G1 X116.248 Y116.48 E547.60709
G1 X116.063 Y116.512 E547.61333
G1 X115.806 Y116.46 E547.62205
G1 X115.453 Y116.146 E547.63777
G1 X115.318 Y116.358 E547.64613
G1 X115.15 Y116.752 E547.66037
G1 X115.058 Y117.168 E547.67454
G1 X115.038 Y117.595 E547.68876
G1 X115.093 Y118.027 E547.70325
G1 X115.217 Y118.426 E547.71714
G1 X115.422 Y118.818 E547.73186
G1 X115.675 Y119.155 E547.74587
G1 X115.989 Y119.443 E547.76004
G1 X116.352 Y119.678 E547.77443
G1 X116.746 Y119.841 E547.78861
G1 X117.164 Y119.934 E547.80285
G1 X117.5 Y119.95 E547.81404
G0 F9000 X117.5 Y120.35
;TYPE:WALL-OUTER
G1 F600 X117.607 Y120.355 E547.8176
G1 X118.109 Y120.291 E547.83443
G1 X118.576 Y120.146 E547.8507
G1 X119.028 Y119.914 E547.86759
G1 X119.42 Y119.615 E547.88399
G1 X119.757 Y119.249 E547.90054
G1 X120.03 Y118.826 E547.91728
G1 X120.22 Y118.371 E547.93368
G1 X120.328 Y117.885 E547.95024
G1 X120.351 Y117.385 E547.96689
G1 X120.287 Y116.887 E547.98359
G1 X120.142 Y116.416 E547.99998
G1 X119.91 Y115.964 E548.01688
G1 X119.611 Y115.576 E548.03317
G1 X119.245 Y115.235 E548.04981
G1 X118.822 Y114.966 E548.06648
G1 X118.366 Y114.772 E548.08297
G1 X117.881 Y114.664 E548.09949
G1 X117.581 Y114.65 E548.10948
G1 X117.612 Y115.386 E548.13398
G1 X117.507 Y115.503 E548.13921
G1 X116.118 Y116.102 E548.18952
G1 X116.019 Y116.11 E548.19282
G1 X115.904 Y116.047 E548.19719
G1 X115.432 Y115.53 E548.22047
G1 X115.231 Y115.751 E548.23041
G1 X114.962 Y116.17 E548.24697
G1 X114.768 Y116.63 E548.26357
G1 X114.66 Y117.115 E548.2801
G1 X114.637 Y117.611 E548.29661
G1 X114.701 Y118.113 E548.31344
G1 X114.846 Y118.579 E548.32968
G1 X115.082 Y119.032 E548.34667
G1 X115.377 Y119.425 E548.36301
G1 X115.743 Y119.761 E548.37953
G1 X116.166 Y120.034 E548.39628
G1 X116.625 Y120.224 E548.4128
G1 X117.111 Y120.332 E548.42936
G1 X117.5 Y120.35 E548.44231
G0 F9000 X117.534 Y119.645
G0 X119.007 Y119.02
G0 X119.174 Y119.174
;TYPE:FILL
G1 F600 X116.473 Y116.473 E548.56936
G0 F9000 X116.564 Y116.685
G0 X119.02 Y115.993
G0 X119.175 Y115.825
G1 F600 X115.821 Y119.179 E548.72712
G0 F9000 X116.18 Y118.791
;MESH:NONMESH
G0 F300 X116.18 Y118.791 Z47.8
G0 F9000 X117.515 Y119.644
G0 X117.5 Y119.95
;TIME_ELAPSED:1860.925189
;LAYER:238
;note -- min layer time used
;TYPE:WALL-INNER
;MESH:FT09-Input Shaft.stl
G1 F600 X117.591 Y119.954 E548.73015
G1 X118.024 Y119.899 E548.74467
G1 X118.424 Y119.774 E548.75861
G1 X118.814 Y119.574 E548.77318
G1 X119.15 Y119.318 E548.78723
G1 X119.439 Y119.003 E548.80145
G1 X119.674 Y118.639 E548.81586
G1 X119.837 Y118.249 E548.82992
G1 X119.93 Y117.832 E548.84413
G1 X119.95 Y117.401 E548.85848
G1 X119.895 Y116.972 E548.87287
G1 X119.77 Y116.568 E548.88693
G1 X119.571 Y116.179 E548.90147
G1 X119.315 Y115.846 E548.91544
G1 X118.999 Y115.553 E548.92977
G1 X118.635 Y115.322 E548.94411
G1 X118.243 Y115.154 E548.95829
G1 X118.001 Y115.1 E548.96654
G1 X118.008 Y115.326 E548.97406
G1 X117.961 Y115.563 E548.9821
G1 X117.726 Y115.846 E548.99433
G1 X116.248 Y116.48 E549.04782
G1 X116.063 Y116.512 E549.05407
G1 X115.806 Y116.46 E549.06279
G1 X115.453 Y116.146 E549.0785
G1 X115.318 Y116.358 E549.08686
G1 X115.15 Y116.752 E549.10111
G1 X115.058 Y117.168 E549.11528
G1 X115.038 Y117.595 E549.12949
G1 X115.093 Y118.027 E549.14398
G1 X115.217 Y118.426 E549.15788
G1 X115.422 Y118.818 E549.17259
G1 X115.675 Y119.155 E549.1866
G1 X115.989 Y119.443 E549.20078
G1 X116.352 Y119.678 E549.21516
G1 X116.746 Y119.841 E549.22934
G1 X117.164 Y119.934 E549.24358
G1 X117.5 Y119.95 E549.25477
G0 F9000 X117.5 Y120.35
;TYPE:WALL-OUTER
G1 F600 X117.607 Y120.355 E549.25833
G1 X118.109 Y120.291 E549.27517
G1 X118.576 Y120.146 E549.29143
G1 X119.028 Y119.914 E549.30833
G1 X119.42 Y119.615 E549.32473
G1 X119.757 Y119.249 E549.34127
G1 X120.03 Y118.826 E549.35802
G1 X120.22 Y118.371 E549.37442
G1 X120.328 Y117.885 E549.39098
G1 X120.351 Y117.385 E549.40762
G1 X120.287 Y116.887 E549.42432
G1 X120.142 Y116.416 E549.44071
G1 X119.91 Y115.964 E549.45761
G1 X119.611 Y115.576 E549.4739
G1 X119.245 Y115.235 E549.49054
G1 X118.822 Y114.966 E549.50722
G1 X118.366 Y114.772 E549.5237
G1 X117.881 Y114.664 E549.54022
G1 X117.581 Y114.65 E549.55021
G1 X117.612 Y115.386 E549.57471
G1 X117.507 Y115.503 E549.57994
G1 X116.118 Y116.102 E549.63025
G1 X116.019 Y116.11 E549.63356
G1 X115.904 Y116.047 E549.63792
G1 X115.432 Y115.53 E549.6612
G1 X115.231 Y115.751 E549.67114
G1 X114.962 Y116.17 E549.6877
G1 X114.768 Y116.63 E549.7043
G1 X114.66 Y117.115 E549.72083
G1 X114.637 Y117.611 E549.73735
G1 X114.701 Y118.113 E549.75418
G1 X114.846 Y118.579 E549.77041
G1 X115.082 Y119.032 E549.7874
G1 X115.377 Y119.425 E549.80374
G1 X115.743 Y119.761 E549.82027
G1 X116.166 Y120.034 E549.83701
G1 X116.625 Y120.224 E549.85353
G1 X117.111 Y120.332 E549.87009
G1 X117.5 Y120.35 E549.88305
G0 F9000 X117.534 Y119.645
G0 X119.007 Y119.02
G0 X119.174 Y119.174
;TYPE:FILL
G1 F600 X116.473 Y116.473 E550.01009
G0 F9000 X116.564 Y116.685
G0 X119.02 Y115.993
G0 X119.175 Y115.825
G1 F600 X115.821 Y119.179 E550.16785
G0 F9000 X116.18 Y118.791
;MESH:NONMESH
G0 F300 X116.18 Y118.791 Z48
G0 F9000 X117.515 Y119.644
G0 X117.5 Y119.95
;TIME_ELAPSED:1865.886591
;LAYER:239
;note -- min layer time used
;TYPE:WALL-INNER
;MESH:FT09-Input Shaft.stl
G1 F600 X117.591 Y119.954 E550.17088
G1 X118.024 Y119.899 E550.1854
G1 X118.424 Y119.774 E550.19934
G1 X118.814 Y119.574 E550.21392
G1 X119.15 Y119.318 E550.22797
G1 X119.439 Y119.003 E550.24218
G1 X119.674 Y118.639 E550.2566
G1 X119.837 Y118.249 E550.27065
G1 X119.93 Y117.832 E550.28486
G1 X119.95 Y117.401 E550.29921
G1 X119.895 Y116.972 E550.3136
G1 X119.77 Y116.568 E550.32767
G1 X119.571 Y116.179 E550.3422
G1 X119.315 Y115.846 E550.35617
G1 X118.999 Y115.553 E550.3705
G1 X118.635 Y115.322 E550.38484
G1 X118.243 Y115.154 E550.39903
G1 X118.001 Y115.1 E550.40727
G1 X118.008 Y115.326 E550.41479
G1 X117.961 Y115.563 E550.42283
G1 X117.726 Y115.846 E550.43506
G1 X116.248 Y116.48 E550.48855
G1 X116.063 Y116.512 E550.4948
G1 X115.806 Y116.46 E550.50352
G1 X115.453 Y116.146 E550.51923
G1 X115.318 Y116.358 E550.52759
G1 X115.15 Y116.752 E550.54184
G1 X115.058 Y117.168 E550.55601
G1 X115.038 Y117.595 E550.57023
G1 X115.093 Y118.027 E550.58471
G1 X115.217 Y118.426 E550.59861
G1 X115.422 Y118.818 E550.61332
G1 X115.675 Y119.155 E550.62734
G1 X115.989 Y119.443 E550.64151
G1 X116.352 Y119.678 E550.65589
G1 X116.746 Y119.841 E550.67007
G1 X117.164 Y119.934 E550.68432
G1 X117.5 Y119.95 E550.6955
G0 F9000 X117.5 Y120.35
;TYPE:WALL-OUTER
G1 F600 X117.607 Y120.355 E550.69907
G1 X118.109 Y120.291 E550.7159
G1 X118.576 Y120.146 E550.73216
G1 X119.028 Y119.914 E550.74906
G1 X119.42 Y119.615 E550.76546
G1 X119.757 Y119.249 E550.78201
G1 X120.03 Y118.826 E550.79875
G1 X120.22 Y118.371 E550.81515
G1 X120.328 Y117.885 E550.83171
G1 X120.351 Y117.385 E550.84836
G1 X120.287 Y116.887 E550.86506
G1 X120.142 Y116.416 E550.88145
G1 X119.91 Y115.964 E550.89835
G1 X119.611 Y115.576 E550.91464
G1 X119.245 Y115.235 E550.93128
G1 X118.822 Y114.966 E550.94795
G1 X118.366 Y114.772 E550.96443
G1 X117.881 Y114.664 E550.98096
G1 X117.581 Y114.65 E550.99095
G1 X117.612 Y115.386 E551.01545
G1 X117.507 Y115.503 E551.02068
G1 X116.118 Y116.102 E551.07099
G1 X116.019 Y116.11 E551.07429
G1 X115.904 Y116.047 E551.07865
G1 X115.432 Y115.53 E551.10194
G1 X115.231 Y115.751 E551.11187
G1 X114.962 Y116.17 E551.12843
G1 X114.768 Y116.63 E551.14504
G1 X114.66 Y117.115 E551.16156
G1 X114.637 Y117.611 E551.17808
G1 X114.701 Y118.113 E551.19491
G1 X114.846 Y118.579 E551.21114
G1 X115.082 Y119.032 E551.22813
G1 X115.377 Y119.425 E551.24447
G1 X115.743 Y119.761 E551.261
G1 X116.166 Y120.034 E551.27774
G1 X116.625 Y120.224 E551.29427
G1 X117.111 Y120.332 E551.31083
G1 X117.5 Y120.35 E551.32378
G0 F9000 X117.534 Y119.645
G0 X119.007 Y119.02
G0 X119.174 Y119.174
;TYPE:FILL
G1 F600 X116.473 Y116.473 E551.45082
G0 F9000 X116.564 Y116.685
G0 X119.02 Y115.993
G0 X119.175 Y115.825
G1 F600 X115.821 Y119.179 E551.60859
G0 F9000 X116.18 Y118.791
;MESH:NONMESH
G0 F300 X116.18 Y118.791 Z48.2
G0 F9000 X117.515 Y119.644
G0 X117.5 Y119.95
;TIME_ELAPSED:1870.847993
;LAYER:240
;note -- min layer time used
;TYPE:WALL-INNER
;MESH:FT09-Input Shaft.stl
G1 F600 X117.591 Y119.954 E551.61162
G1 X118.024 Y119.899 E551.62613
G1 X118.424 Y119.774 E551.64007
G1 X118.814 Y119.574 E551.65465
G1 X119.15 Y119.318 E551.6687
G1 X119.439 Y119.003 E551.68292
G1 X119.674 Y118.639 E551.69733
G1 X119.837 Y118.249 E551.71139
G1 X119.93 Y117.832 E551.7256
G1 X119.95 Y117.401 E551.73995
G1 X119.895 Y116.972 E551.75433
G1 X119.77 Y116.568 E551.7684
G1 X119.571 Y116.179 E551.78293
G1 X119.315 Y115.846 E551.7969
G1 X118.999 Y115.553 E551.81123
G1 X118.635 Y115.322 E551.82557
G1 X118.243 Y115.154 E551.83976
G1 X118.001 Y115.1 E551.84801
G1 X118.008 Y115.326 E551.85553
G1 X117.961 Y115.563 E551.86356
G1 X117.726 Y115.846 E551.8758
G1 X116.248 Y116.48 E551.92929
G1 X116.063 Y116.512 E551.93553
G1 X115.806 Y116.46 E551.94425
G1 X115.453 Y116.146 E551.95997
G1 X115.318 Y116.358 E551.96833
G1 X115.15 Y116.752 E551.98257
G1 X115.058 Y117.168 E551.99674
G1 X115.038 Y117.595 E552.01096
G1 X115.093 Y118.027 E552.02544
G1 X115.217 Y118.426 E552.03934
G1 X115.422 Y118.818 E552.05405
G1 X115.675 Y119.155 E552.06807
G1 X115.989 Y119.443 E552.08224
G1 X116.352 Y119.678 E552.09662
G1 X116.746 Y119.841 E552.11081
G1 X117.164 Y119.934 E552.12505
G1 X117.5 Y119.95 E552.13624
G0 F9000 X117.5 Y120.35
;TYPE:WALL-OUTER
G1 F600 X117.607 Y120.355 E552.1398
G1 X118.109 Y120.291 E552.15663
G1 X118.576 Y120.146 E552.17289
G1 X119.028 Y119.914 E552.18979
G1 X119.42 Y119.615 E552.20619
G1 X119.757 Y119.249 E552.22274
G1 X120.03 Y118.826 E552.23948
G1 X120.22 Y118.371 E552.25588
G1 X120.328 Y117.885 E552.27244
G1 X120.351 Y117.385 E552.28909
G1 X120.287 Y116.887 E552.30579
G1 X120.142 Y116.416 E552.32218
G1 X119.91 Y115.964 E552.33908
G1 X119.611 Y115.576 E552.35537
G1 X119.245 Y115.235 E552.37201
G1 X118.822 Y114.966 E552.38868
G1 X118.366 Y114.772 E552.40516
G1 X117.881 Y114.664 E552.42169
G1 X117.581 Y114.65 E552.43168
G1 X117.612 Y115.386 E552.45618
G1 X117.507 Y115.503 E552.46141
G1 X116.118 Y116.102 E552.51172
G1 X116.019 Y116.11 E552.51502
G1 X115.904 Y116.047 E552.51938
G1 X115.432 Y115.53 E552.54267
G1 X115.231 Y115.751 E552.5526
G1 X114.962 Y116.17 E552.56916
G1 X114.768 Y116.63 E552.58577
G1 X114.66 Y117.115 E552.6023
G1 X114.637 Y117.611 E552.61881
G1 X114.701 Y118.113 E552.63564
G1 X114.846 Y118.579 E552.65187
G1 X115.082 Y119.032 E552.66886
G1 X115.377 Y119.425 E552.68521
G1 X115.743 Y119.761 E552.70173
G1 X116.166 Y120.034 E552.71848
G1 X116.625 Y120.224 E552.735
G1 X117.111 Y120.332 E552.75156
G1 X117.5 Y120.35 E552.76451
G0 F9000 X117.534 Y119.645
G0 X119.007 Y119.02
G0 X119.174 Y119.174
;TYPE:FILL
G1 F600 X116.473 Y116.473 E552.89156
G0 F9000 X116.564 Y116.685
G0 X119.02 Y115.993
G0 X119.175 Y115.825
G1 F600 X115.821 Y119.179 E553.04932
G0 F9000 X116.18 Y118.791
;MESH:NONMESH
G0 F300 X116.18 Y118.791 Z48.4
G0 F9000 X117.515 Y119.644
G0 X117.5 Y119.95
;TIME_ELAPSED:1875.809396
;LAYER:241
;note -- min layer time used
;TYPE:WALL-INNER
;MESH:FT09-Input Shaft.stl
G1 F600 X117.591 Y119.954 E553.05235
G1 X118.024 Y119.899 E553.06687
G1 X118.424 Y119.774 E553.0808
G1 X118.814 Y119.574 E553.09538
G1 X119.15 Y119.318 E553.10943
G1 X119.439 Y119.003 E553.12365
G1 X119.674 Y118.639 E553.13806
G1 X119.837 Y118.249 E553.15212
G1 X119.93 Y117.832 E553.16633
G1 X119.95 Y117.401 E553.18068
G1 X119.895 Y116.972 E553.19507
G1 X119.77 Y116.568 E553.20913
G1 X119.571 Y116.179 E553.22366
G1 X119.315 Y115.846 E553.23763
G1 X118.999 Y115.553 E553.25197
G1 X118.635 Y115.322 E553.26631
G1 X118.243 Y115.154 E553.28049
G1 X118.001 Y115.1 E553.28874
G1 X118.008 Y115.326 E553.29626
G1 X117.961 Y115.563 E553.30429
G1 X117.726 Y115.846 E553.31653
G1 X116.248 Y116.48 E553.37002
G1 X116.063 Y116.512 E553.37626
G1 X115.806 Y116.46 E553.38499
G1 X115.453 Y116.146 E553.4007
G1 X115.318 Y116.358 E553.40906
G1 X115.15 Y116.752 E553.4233
G1 X115.058 Y117.168 E553.43747
G1 X115.038 Y117.595 E553.45169
G1 X115.093 Y118.027 E553.46618
G1 X115.217 Y118.426 E553.48007
G1 X115.422 Y118.818 E553.49479
G1 X115.675 Y119.155 E553.5088
G1 X115.989 Y119.443 E553.52297
G1 X116.352 Y119.678 E553.53736
G1 X116.746 Y119.841 E553.55154
G1 X117.164 Y119.934 E553.56578
G1 X117.5 Y119.95 E553.57697
G0 F9000 X117.5 Y120.35
;TYPE:WALL-OUTER
G1 F600 X117.607 Y120.355 E553.58053
G1 X118.109 Y120.291 E553.59736
G1 X118.576 Y120.146 E553.61363
G1 X119.028 Y119.914 E553.63053
G1 X119.42 Y119.615 E553.64692
G1 X119.757 Y119.249 E553.66347
G1 X120.03 Y118.826 E553.68022
G1 X120.22 Y118.371 E553.69662
G1 X120.328 Y117.885 E553.71317
G1 X120.351 Y117.385 E553.72982
G1 X120.287 Y116.887 E553.74652
G1 X120.142 Y116.416 E553.76291
G1 X119.91 Y115.964 E553.77981
G1 X119.611 Y115.576 E553.7961
G1 X119.245 Y115.235 E553.81274
G1 X118.822 Y114.966 E553.82941
G1 X118.366 Y114.772 E553.8459
G1 X117.881 Y114.664 E553.86242
G1 X117.581 Y114.65 E553.87241
G1 X117.612 Y115.386 E553.89691
G1 X117.507 Y115.503 E553.90214
G1 X116.118 Y116.102 E553.95245
G1 X116.019 Y116.11 E553.95576
G1 X115.904 Y116.047 E553.96012
G1 X115.432 Y115.53 E553.9834
G1 X115.231 Y115.751 E553.99334
G1 X114.962 Y116.17 E554.0099
G1 X114.768 Y116.63 E554.0265
G1 X114.66 Y117.115 E554.04303
G1 X114.637 Y117.611 E554.05954
G1 X114.701 Y118.113 E554.07638
G1 X114.846 Y118.579 E554.09261
G1 X115.082 Y119.032 E554.1096
G1 X115.377 Y119.425 E554.12594
G1 X115.743 Y119.761 E554.14247
G1 X116.166 Y120.034 E554.15921
G1 X116.625 Y120.224 E554.17573
G1 X117.111 Y120.332 E554.19229
G1 X117.5 Y120.35 E554.20524
G0 F9000 X117.534 Y119.645
G0 X119.007 Y119.02
G0 X119.174 Y119.174
;TYPE:FILL
G1 F600 X116.473 Y116.473 E554.33229
G0 F9000 X116.564 Y116.685
G0 X119.02 Y115.993
G0 X119.175 Y115.825
G1 F600 X115.821 Y119.179 E554.49005
G0 F9000 X116.18 Y118.791
;MESH:NONMESH
G0 F300 X116.18 Y118.791 Z48.6
G0 F9000 X117.515 Y119.644
G0 X117.5 Y119.95
;TIME_ELAPSED:1880.770798
;LAYER:242
;note -- min layer time used
;TYPE:WALL-INNER
;MESH:FT09-Input Shaft.stl
G1 F600 X117.591 Y119.954 E554.49308
G1 X118.024 Y119.899 E554.5076
G1 X118.424 Y119.774 E554.52154
G1 X118.814 Y119.574 E554.53612
G1 X119.15 Y119.318 E554.55016
G1 X119.439 Y119.003 E554.56438
G1 X119.674 Y118.639 E554.57879
G1 X119.837 Y118.249 E554.59285
G1 X119.93 Y117.832 E554.60706
G1 X119.95 Y117.401 E554.62141
G1 X119.895 Y116.972 E554.6358
G1 X119.77 Y116.568 E554.64986
G1 X119.571 Y116.179 E554.6644
G1 X119.315 Y115.846 E554.67837
G1 X118.999 Y115.553 E554.6927
G1 X118.635 Y115.322 E554.70704
G1 X118.243 Y115.154 E554.72122
G1 X118.001 Y115.1 E554.72947
G1 X118.008 Y115.326 E554.73699
G1 X117.961 Y115.563 E554.74503
G1 X117.726 Y115.846 E554.75726
G1 X116.248 Y116.48 E554.81075
G1 X116.063 Y116.512 E554.817
G1 X115.806 Y116.46 E554.82572
G1 X115.453 Y116.146 E554.84143
G1 X115.318 Y116.358 E554.84979
G1 X115.15 Y116.752 E554.86404
G1 X115.058 Y117.168 E554.87821
G1 X115.038 Y117.595 E554.89243
G1 X115.093 Y118.027 E554.90691
G1 X115.217 Y118.426 E554.92081
G1 X115.422 Y118.818 E554.93552
G1 X115.675 Y119.155 E554.94954
G1 X115.989 Y119.443 E554.96371
G1 X116.352 Y119.678 E554.97809
G1 X116.746 Y119.841 E554.99227
G1 X117.164 Y119.934 E555.00651
G1 X117.5 Y119.95 E555.0177
G0 F9000 X117.5 Y120.35
;TYPE:WALL-OUTER
G1 F600 X117.607 Y120.355 E555.02126
G1 X118.109 Y120.291 E555.0381
G1 X118.576 Y120.146 E555.05436
G1 X119.028 Y119.914 E555.07126
G1 X119.42 Y119.615 E555.08766
G1 X119.757 Y119.249 E555.1042
G1 X120.03 Y118.826 E555.12095
G1 X120.22 Y118.371 E555.13735
G1 X120.328 Y117.885 E555.15391
G1 X120.351 Y117.385 E555.17055
G1 X120.287 Y116.887 E555.18725
G1 X120.142 Y116.416 E555.20365
G1 X119.91 Y115.964 E555.22054
G1 X119.611 Y115.576 E555.23684
G1 X119.245 Y115.235 E555.25347
G1 X118.822 Y114.966 E555.27015
G1 X118.366 Y114.772 E555.28663
G1 X117.881 Y114.664 E555.30316
G1 X117.581 Y114.65 E555.31314
G1 X117.612 Y115.386 E555.33765
G1 X117.507 Y115.503 E555.34287
G1 X116.118 Y116.102 E555.39319
G1 X116.019 Y116.11 E555.39649
G1 X115.904 Y116.047 E555.40085
G1 X115.432 Y115.53 E555.42413
G1 X115.231 Y115.751 E555.43407
G1 X114.962 Y116.17 E555.45063
G1 X114.768 Y116.63 E555.46723
G1 X114.66 Y117.115 E555.48376
G1 X114.637 Y117.611 E555.50028
G1 X114.701 Y118.113 E555.51711
G1 X114.846 Y118.579 E555.53334
G1 X115.082 Y119.032 E555.55033
G1 X115.377 Y119.425 E555.56667
G1 X115.743 Y119.761 E555.5832
G1 X116.166 Y120.034 E555.59994
G1 X116.625 Y120.224 E555.61647
G1 X117.111 Y120.332 E555.63302
G1 X117.5 Y120.35 E555.64598
G0 F9000 X117.534 Y119.645
G0 X119.007 Y119.02
G0 X119.174 Y119.174
;TYPE:FILL
G1 F600 X116.473 Y116.473 E555.77302
G0 F9000 X116.564 Y116.685
G0 X119.02 Y115.993
G0 X119.175 Y115.825
G1 F600 X115.821 Y119.179 E555.93078
G0 F9000 X116.18 Y118.791
;MESH:NONMESH
G0 F300 X116.18 Y118.791 Z48.8
G0 F9000 X117.515 Y119.644
G0 X117.5 Y119.95
;TIME_ELAPSED:1885.732200
;LAYER:243
;note -- min layer time used
;TYPE:WALL-INNER
;MESH:FT09-Input Shaft.stl
G1 F600 X117.591 Y119.954 E555.93381
G1 X118.024 Y119.899 E555.94833
G1 X118.424 Y119.774 E555.96227
G1 X118.814 Y119.574 E555.97685
G1 X119.15 Y119.318 E555.9909
G1 X119.439 Y119.003 E556.00512
G1 X119.674 Y118.639 E556.01953
G1 X119.837 Y118.249 E556.03358
G1 X119.93 Y117.832 E556.0478
G1 X119.95 Y117.401 E556.06215
G1 X119.895 Y116.972 E556.07653
G1 X119.77 Y116.568 E556.0906
G1 X119.571 Y116.179 E556.10513
G1 X119.315 Y115.846 E556.1191
G1 X118.999 Y115.553 E556.13343
G1 X118.635 Y115.322 E556.14777
G1 X118.243 Y115.154 E556.16196
G1 X118.001 Y115.1 E556.1702
G1 X118.008 Y115.326 E556.17772
G1 X117.961 Y115.563 E556.18576
G1 X117.726 Y115.846 E556.19799
G1 X116.248 Y116.48 E556.25149
G1 X116.063 Y116.512 E556.25773
G1 X115.806 Y116.46 E556.26645
G1 X115.453 Y116.146 E556.28216
G1 X115.318 Y116.358 E556.29052
G1 X115.15 Y116.752 E556.30477
G1 X115.058 Y117.168 E556.31894
G1 X115.038 Y117.595 E556.33316
G1 X115.093 Y118.027 E556.34764
G1 X115.217 Y118.426 E556.36154
G1 X115.422 Y118.818 E556.37625
G1 X115.675 Y119.155 E556.39027
G1 X115.989 Y119.443 E556.40444
G1 X116.352 Y119.678 E556.41882
G1 X116.746 Y119.841 E556.433
G1 X117.164 Y119.934 E556.44725
G1 X117.5 Y119.95 E556.45843
G0 F9000 X117.5 Y120.35
;TYPE:WALL-OUTER
G1 F600 X117.607 Y120.355 E556.462
G1 X118.109 Y120.291 E556.47883
G1 X118.576 Y120.146 E556.49509
G1 X119.028 Y119.914 E556.51199
G1 X119.42 Y119.615 E556.52839
G1 X119.757 Y119.249 E556.54494
G1 X120.03 Y118.826 E556.56168
G1 X120.22 Y118.371 E556.57808
G1 X120.328 Y117.885 E556.59464
G1 X120.351 Y117.385 E556.61129
G1 X120.287 Y116.887 E556.62799
G1 X120.142 Y116.416 E556.64438
G1 X119.91 Y115.964 E556.66128
G1 X119.611 Y115.576 E556.67757
G1 X119.245 Y115.235 E556.69421
G1 X118.822 Y114.966 E556.71088
G1 X118.366 Y114.772 E556.72736
G1 X117.881 Y114.664 E556.74389
G1 X117.581 Y114.65 E556.75388
G1 X117.612 Y115.386 E556.77838
G1 X117.507 Y115.503 E556.78361
G1 X116.118 Y116.102 E556.83392
G1 X116.019 Y116.11 E556.83722
G1 X115.904 Y116.047 E556.84158
G1 X115.432 Y115.53 E556.86487
G1 X115.231 Y115.751 E556.8748
G1 X114.962 Y116.17 E556.89136
G1 X114.768 Y116.63 E556.90797
G1 X114.66 Y117.115 E556.92449
G1 X114.637 Y117.611 E556.94101
G1 X114.701 Y118.113 E556.95784
G1 X114.846 Y118.579 E556.97407
G1 X115.082 Y119.032 E556.99106
G1 X115.377 Y119.425 E557.00741
G1 X115.743 Y119.761 E557.02393
G1 X116.166 Y120.034 E557.04068
G1 X116.625 Y120.224 E557.0572
G1 X117.111 Y120.332 E557.07376
G1 X117.5 Y120.35 E557.08671
G0 F9000 X117.534 Y119.645
G0 X119.007 Y119.02
G0 X119.174 Y119.174
;TYPE:FILL
G1 F600 X116.473 Y116.473 E557.21376
G0 F9000 X116.564 Y116.685
G0 X119.02 Y115.993
G0 X119.175 Y115.825
G1 F600 X115.821 Y119.179 E557.37152
G0 F9000 X116.18 Y118.791
;MESH:NONMESH
G0 F300 X116.18 Y118.791 Z49
G0 F9000 X117.515 Y119.644
G0 X117.5 Y119.95
;TIME_ELAPSED:1890.693602
;LAYER:244
;note -- min layer time used
;TYPE:WALL-INNER
;MESH:FT09-Input Shaft.stl
G1 F600 X117.591 Y119.954 E557.37455
G1 X118.024 Y119.899 E557.38906
G1 X118.424 Y119.774 E557.403
G1 X118.814 Y119.574 E557.41758
G1 X119.15 Y119.318 E557.43163
G1 X119.439 Y119.003 E557.44585
G1 X119.674 Y118.639 E557.46026
G1 X119.837 Y118.249 E557.47432
G1 X119.93 Y117.832 E557.48853
G1 X119.95 Y117.401 E557.50288
G1 X119.895 Y116.972 E557.51726
G1 X119.77 Y116.568 E557.53133
G1 X119.571 Y116.179 E557.54586
G1 X119.315 Y115.846 E557.55983
G1 X118.999 Y115.553 E557.57417
G1 X118.635 Y115.322 E557.5885
G1 X118.243 Y115.154 E557.60269
G1 X118.001 Y115.1 E557.61094
G1 X118.008 Y115.326 E557.61846
G1 X117.961 Y115.563 E557.62649
G1 X117.726 Y115.846 E557.63873
G1 X116.248 Y116.48 E557.69222
G1 X116.063 Y116.512 E557.69846
G1 X115.806 Y116.46 E557.70718
G1 X115.453 Y116.146 E557.7229
G1 X115.318 Y116.358 E557.73126
G1 X115.15 Y116.752 E557.7455
G1 X115.058 Y117.168 E557.75967
G1 X115.038 Y117.595 E557.77389
G1 X115.093 Y118.027 E557.78837
G1 X115.217 Y118.426 E557.80227
G1 X115.422 Y118.818 E557.81699
G1 X115.675 Y119.155 E557.831
G1 X115.989 Y119.443 E557.84517
G1 X116.352 Y119.678 E557.85955
G1 X116.746 Y119.841 E557.87374
G1 X117.164 Y119.934 E557.88798
G1 X117.5 Y119.95 E557.89917
G0 F9000 X117.5 Y120.35
;TYPE:WALL-OUTER
G1 F600 X117.607 Y120.355 E557.90273
G1 X118.109 Y120.291 E557.91956
G1 X118.576 Y120.146 E557.93583
G1 X119.028 Y119.914 E557.95272
G1 X119.42 Y119.615 E557.96912
G1 X119.757 Y119.249 E557.98567
G1 X120.03 Y118.826 E558.00241
G1 X120.22 Y118.371 E558.01881
G1 X120.328 Y117.885 E558.03537
G1 X120.351 Y117.385 E558.05202
G1 X120.287 Y116.887 E558.06872
G1 X120.142 Y116.416 E558.08511
G1 X119.91 Y115.964 E558.10201
G1 X119.611 Y115.576 E558.1183
G1 X119.245 Y115.235 E558.13494
G1 X118.822 Y114.966 E558.15161
G1 X118.366 Y114.772 E558.16809
G1 X117.881 Y114.664 E558.18462
G1 X117.581 Y114.65 E558.19461
G1 X117.612 Y115.386 E558.21911
G1 X117.507 Y115.503 E558.22434
G1 X116.118 Y116.102 E558.27465
G1 X116.019 Y116.11 E558.27795
G1 X115.904 Y116.047 E558.28232
G1 X115.432 Y115.53 E558.3056
G1 X115.231 Y115.751 E558.31554
G1 X114.962 Y116.17 E558.3321
G1 X114.768 Y116.63 E558.3487
G1 X114.66 Y117.115 E558.36523
G1 X114.637 Y117.611 E558.38174
G1 X114.701 Y118.113 E558.39857
G1 X114.846 Y118.579 E558.41481
G1 X115.082 Y119.032 E558.43179
G1 X115.377 Y119.425 E558.44814
G1 X115.743 Y119.761 E558.46466
G1 X116.166 Y120.034 E558.48141
G1 X116.625 Y120.224 E558.49793
G1 X117.111 Y120.332 E558.51449
G1 X117.5 Y120.35 E558.52744
G0 F9000 X117.534 Y119.645
G0 X119.007 Y119.02
G0 X119.174 Y119.174
;TYPE:FILL
G1 F600 X116.473 Y116.473 E558.65449
G0 F9000 X116.564 Y116.685
G0 X119.02 Y115.993
G0 X119.175 Y115.825
G1 F600 X115.821 Y119.179 E558.81225
G0 F9000 X116.18 Y118.791
;MESH:NONMESH
G0 F300 X116.18 Y118.791 Z49.2
G0 F9000 X117.515 Y119.644
G0 X117.5 Y119.95
;TIME_ELAPSED:1895.655005
;LAYER:245
;note -- min layer time used
;TYPE:WALL-INNER
;MESH:FT09-Input Shaft.stl
G1 F600 X117.591 Y119.954 E558.81528
G1 X118.024 Y119.899 E558.8298
G1 X118.424 Y119.774 E558.84374
G1 X118.814 Y119.574 E558.85831
G1 X119.15 Y119.318 E558.87236
G1 X119.439 Y119.003 E558.88658
G1 X119.674 Y118.639 E558.90099
G1 X119.837 Y118.249 E558.91505
G1 X119.93 Y117.832 E558.92926
G1 X119.95 Y117.401 E558.94361
G1 X119.895 Y116.972 E558.958
G1 X119.77 Y116.568 E558.97206
G1 X119.571 Y116.179 E558.9866
G1 X119.315 Y115.846 E559.00057
G1 X118.999 Y115.553 E559.0149
G1 X118.635 Y115.322 E559.02924
G1 X118.243 Y115.154 E559.04342
G1 X118.001 Y115.1 E559.05167
G1 X118.008 Y115.326 E559.05919
G1 X117.961 Y115.563 E559.06723
G1 X117.726 Y115.846 E559.07946
G1 X116.248 Y116.48 E559.13295
G1 X116.063 Y116.512 E559.1392
G1 X115.806 Y116.46 E559.14792
G1 X115.453 Y116.146 E559.16363
G1 X115.318 Y116.358 E559.17199
G1 X115.15 Y116.752 E559.18624
G1 X115.058 Y117.168 E559.20041
G1 X115.038 Y117.595 E559.21462
G1 X115.093 Y118.027 E559.22911
G1 X115.217 Y118.426 E559.243
G1 X115.422 Y118.818 E559.25772
G1 X115.675 Y119.155 E559.27173
G1 X115.989 Y119.443 E559.2859
G1 X116.352 Y119.678 E559.30029
G1 X116.746 Y119.841 E559.31447
G1 X117.164 Y119.934 E559.32871
G1 X117.5 Y119.95 E559.3399
G0 F9000 X117.5 Y120.35
;TYPE:WALL-OUTER
G1 F600 X117.607 Y120.355 E559.34346
G1 X118.109 Y120.291 E559.36029
G1 X118.576 Y120.146 E559.37656
G1 X119.028 Y119.914 E559.39346
G1 X119.42 Y119.615 E559.40985
G1 X119.757 Y119.249 E559.4264
G1 X120.03 Y118.826 E559.44315
G1 X120.22 Y118.371 E559.45955
G1 X120.328 Y117.885 E559.47611
G1 X120.351 Y117.385 E559.49275
G1 X120.287 Y116.887 E559.50945
G1 X120.142 Y116.416 E559.52584
G1 X119.91 Y115.964 E559.54274
G1 X119.611 Y115.576 E559.55903
G1 X119.245 Y115.235 E559.57567
G1 X118.822 Y114.966 E559.59234
G1 X118.366 Y114.772 E559.60883
G1 X117.881 Y114.664 E559.62535
G1 X117.581 Y114.65 E559.63534
G1 X117.612 Y115.386 E559.65984
G1 X117.507 Y115.503 E559.66507
G1 X116.118 Y116.102 E559.71538
G1 X116.019 Y116.11 E559.71869
G1 X115.904 Y116.047 E559.72305
G1 X115.432 Y115.53 E559.74633
G1 X115.231 Y115.751 E559.75627
G1 X114.962 Y116.17 E559.77283
G1 X114.768 Y116.63 E559.78943
G1 X114.66 Y117.115 E559.80596
G1 X114.637 Y117.611 E559.82247
G1 X114.701 Y118.113 E559.83931
G1 X114.846 Y118.579 E559.85554
G1 X115.082 Y119.032 E559.87253
G1 X115.377 Y119.425 E559.88887
G1 X115.743 Y119.761 E559.9054
G1 X116.166 Y120.034 E559.92214
G1 X116.625 Y120.224 E559.93866
G1 X117.111 Y120.332 E559.95522
G1 X117.5 Y120.35 E559.96817
G0 F9000 X117.534 Y119.645
G0 X119.007 Y119.02
G0 X119.174 Y119.174
;TYPE:FILL
G1 F600 X116.473 Y116.473 E560.09522
G0 F9000 X116.564 Y116.685
G0 X119.02 Y115.993
G0 X119.175 Y115.825
G1 F600 X115.821 Y119.179 E560.25298
G0 F9000 X116.18 Y118.791
;MESH:NONMESH
G0 F300 X116.18 Y118.791 Z49.4
G0 F9000 X117.515 Y119.644
G0 X117.5 Y119.95
;TIME_ELAPSED:1900.616407
;LAYER:246
;note -- min layer time used
;TYPE:WALL-INNER
;MESH:FT09-Input Shaft.stl
G1 F600 X117.591 Y119.954 E560.25601
G1 X118.024 Y119.899 E560.27053
G1 X118.424 Y119.774 E560.28447
G1 X118.814 Y119.574 E560.29905
G1 X119.15 Y119.318 E560.3131
G1 X119.439 Y119.003 E560.32731
G1 X119.674 Y118.639 E560.34172
G1 X119.837 Y118.249 E560.35578
G1 X119.93 Y117.832 E560.36999
G1 X119.95 Y117.401 E560.38434
G1 X119.895 Y116.972 E560.39873
G1 X119.77 Y116.568 E560.41279
G1 X119.571 Y116.179 E560.42733
G1 X119.315 Y115.846 E560.4413
G1 X118.999 Y115.553 E560.45563
G1 X118.635 Y115.322 E560.46997
G1 X118.243 Y115.154 E560.48415
G1 X118.001 Y115.1 E560.4924
G1 X118.008 Y115.326 E560.49992
G1 X117.961 Y115.563 E560.50796
G1 X117.726 Y115.846 E560.52019
G1 X116.248 Y116.48 E560.57368
G1 X116.063 Y116.512 E560.57993
G1 X115.806 Y116.46 E560.58865
G1 X115.453 Y116.146 E560.60436
G1 X115.318 Y116.358 E560.61272
G1 X115.15 Y116.752 E560.62697
G1 X115.058 Y117.168 E560.64114
G1 X115.038 Y117.595 E560.65536
G1 X115.093 Y118.027 E560.66984
G1 X115.217 Y118.426 E560.68374
G1 X115.422 Y118.818 E560.69845
G1 X115.675 Y119.155 E560.71247
G1 X115.989 Y119.443 E560.72664
G1 X116.352 Y119.678 E560.74102
G1 X116.746 Y119.841 E560.7552
G1 X117.164 Y119.934 E560.76944
G1 X117.5 Y119.95 E560.78063
G0 F9000 X117.5 Y120.35
;TYPE:WALL-OUTER
G1 F600 X117.607 Y120.355 E560.7842
G1 X118.109 Y120.291 E560.80103
G1 X118.576 Y120.146 E560.81729
G1 X119.028 Y119.914 E560.83419
G1 X119.42 Y119.615 E560.85059
G1 X119.757 Y119.249 E560.86713
G1 X120.03 Y118.826 E560.88388
G1 X120.22 Y118.371 E560.90028
G1 X120.328 Y117.885 E560.91684
G1 X120.351 Y117.385 E560.93349
G1 X120.287 Y116.887 E560.95019
G1 X120.142 Y116.416 E560.96658
G1 X119.91 Y115.964 E560.98347
G1 X119.611 Y115.576 E560.99977
G1 X119.245 Y115.235 E561.0164
G1 X118.822 Y114.966 E561.03308
G1 X118.366 Y114.772 E561.04956
G1 X117.881 Y114.664 E561.06609
G1 X117.581 Y114.65 E561.07608
G1 X117.612 Y115.386 E561.10058
G1 X117.507 Y115.503 E561.1058
G1 X116.118 Y116.102 E561.15612
G1 X116.019 Y116.11 E561.15942
G1 X115.904 Y116.047 E561.16378
G1 X115.432 Y115.53 E561.18706
G1 X115.231 Y115.751 E561.197
G1 X114.962 Y116.17 E561.21356
G1 X114.768 Y116.63 E561.23017
G1 X114.66 Y117.115 E561.24669
G1 X114.637 Y117.611 E561.26321
G1 X114.701 Y118.113 E561.28004
G1 X114.846 Y118.579 E561.29627
G1 X115.082 Y119.032 E561.31326
G1 X115.377 Y119.425 E561.3296
G1 X115.743 Y119.761 E561.34613
G1 X116.166 Y120.034 E561.36287
G1 X116.625 Y120.224 E561.3794
G1 X117.111 Y120.332 E561.39595
G1 X117.5 Y120.35 E561.40891
G0 F9000 X117.534 Y119.645
G0 X119.007 Y119.02
G0 X119.174 Y119.174
;TYPE:FILL
G1 F600 X116.473 Y116.473 E561.53595
G0 F9000 X116.564 Y116.685
G0 X119.02 Y115.993
G0 X119.175 Y115.825
G1 F600 X115.821 Y119.179 E561.69372
G0 F9000 X116.18 Y118.791
;MESH:NONMESH
G0 F300 X116.18 Y118.791 Z49.6
G0 F9000 X117.515 Y119.644
G0 X117.5 Y119.95
;TIME_ELAPSED:1905.577809
;LAYER:247
;note -- min layer time used
;TYPE:WALL-INNER
;MESH:FT09-Input Shaft.stl
G1 F600 X117.591 Y119.954 E561.69675
G1 X118.024 Y119.899 E561.71126
G1 X118.424 Y119.774 E561.7252
G1 X118.814 Y119.574 E561.73978
G1 X119.15 Y119.318 E561.75383
G1 X119.439 Y119.003 E561.76805
G1 X119.674 Y118.639 E561.78246
G1 X119.837 Y118.249 E561.79652
G1 X119.93 Y117.832 E561.81073
G1 X119.95 Y117.401 E561.82508
G1 X119.895 Y116.972 E561.83946
G1 X119.77 Y116.568 E561.85353
G1 X119.571 Y116.179 E561.86806
G1 X119.315 Y115.846 E561.88203
G1 X118.999 Y115.553 E561.89636
G1 X118.635 Y115.322 E561.9107
G1 X118.243 Y115.154 E561.92489
G1 X118.001 Y115.1 E561.93313
G1 X118.008 Y115.326 E561.94065
G1 X117.961 Y115.563 E561.94869
G1 X117.726 Y115.846 E561.96093
G1 X116.248 Y116.48 E562.01442
G1 X116.063 Y116.512 E562.02066
G1 X115.806 Y116.46 E562.02938
G1 X115.453 Y116.146 E562.0451
G1 X115.318 Y116.358 E562.05345
G1 X115.15 Y116.752 E562.0677
G1 X115.058 Y117.168 E562.08187
G1 X115.038 Y117.595 E562.09609
G1 X115.093 Y118.027 E562.11057
G1 X115.217 Y118.426 E562.12447
G1 X115.422 Y118.818 E562.13918
G1 X115.675 Y119.155 E562.1532
G1 X115.989 Y119.443 E562.16737
G1 X116.352 Y119.678 E562.18175
G1 X116.746 Y119.841 E562.19593
G1 X117.164 Y119.934 E562.21018
G1 X117.5 Y119.95 E562.22137
G0 F9000 X117.5 Y120.35
;TYPE:WALL-OUTER
G1 F600 X117.607 Y120.355 E562.22493
G1 X118.109 Y120.291 E562.24176
G1 X118.576 Y120.146 E562.25802
G1 X119.028 Y119.914 E562.27492
G1 X119.42 Y119.615 E562.29132
G1 X119.757 Y119.249 E562.30787
G1 X120.03 Y118.826 E562.32461
G1 X120.22 Y118.371 E562.34101
G1 X120.328 Y117.885 E562.35757
G1 X120.351 Y117.385 E562.37422
G1 X120.287 Y116.887 E562.39092
G1 X120.142 Y116.416 E562.40731
G1 X119.91 Y115.964 E562.42421
G1 X119.611 Y115.576 E562.4405
G1 X119.245 Y115.235 E562.45714
G1 X118.822 Y114.966 E562.47381
G1 X118.366 Y114.772 E562.49029
G1 X117.881 Y114.664 E562.50682
G1 X117.581 Y114.65 E562.51681
G1 X117.612 Y115.386 E562.54131
G1 X117.507 Y115.503 E562.54654
G1 X116.118 Y116.102 E562.59685
G1 X116.019 Y116.11 E562.60015
G1 X115.904 Y116.047 E562.60451
G1 X115.432 Y115.53 E562.6278
G1 X115.231 Y115.751 E562.63773
G1 X114.962 Y116.17 E562.65429
G1 X114.768 Y116.63 E562.6709
G1 X114.66 Y117.115 E562.68742
G1 X114.637 Y117.611 E562.70394
G1 X114.701 Y118.113 E562.72077
G1 X114.846 Y118.579 E562.737
G1 X115.082 Y119.032 E562.75399
G1 X115.377 Y119.425 E562.77034
G1 X115.743 Y119.761 E562.78686
G1 X116.166 Y120.034 E562.80361
G1 X116.625 Y120.224 E562.82013
G1 X117.111 Y120.332 E562.83669
G1 X117.5 Y120.35 E562.84964
G0 F9000 X117.534 Y119.645
G0 X119.007 Y119.02
G0 X119.174 Y119.174
;TYPE:FILL
G1 F600 X116.473 Y116.473 E562.97669
G0 F9000 X116.564 Y116.685
G0 X119.02 Y115.993
G0 X119.175 Y115.825
G1 F600 X115.821 Y119.179 E563.13445
G0 F9000 X116.18 Y118.791
;MESH:NONMESH
G0 F300 X116.18 Y118.791 Z49.8
G0 F9000 X117.515 Y119.644
G0 X117.5 Y119.95
;TIME_ELAPSED:1910.539211
;LAYER:248
;note -- min layer time used
;TYPE:WALL-INNER
;MESH:FT09-Input Shaft.stl
G1 F600 X117.591 Y119.954 E563.13748
G1 X118.024 Y119.899 E563.152
G1 X118.424 Y119.774 E563.16593
G1 X118.814 Y119.574 E563.18051
G1 X119.15 Y119.318 E563.19456
G1 X119.439 Y119.003 E563.20878
G1 X119.674 Y118.639 E563.22319
G1 X119.837 Y118.249 E563.23725
G1 X119.93 Y117.832 E563.25146
G1 X119.95 Y117.401 E563.26581
G1 X119.895 Y116.972 E563.28019
G1 X119.77 Y116.568 E563.29426
G1 X119.571 Y116.179 E563.30879
G1 X119.315 Y115.846 E563.32276
G1 X118.999 Y115.553 E563.3371
G1 X118.635 Y115.322 E563.35144
G1 X118.243 Y115.154 E563.36562
G1 X118.001 Y115.1 E563.37387
G1 X118.008 Y115.326 E563.38139
G1 X117.961 Y115.563 E563.38942
G1 X117.726 Y115.846 E563.40166
G1 X116.248 Y116.48 E563.45515
G1 X116.063 Y116.512 E563.46139
G1 X115.806 Y116.46 E563.47011
G1 X115.453 Y116.146 E563.48583
G1 X115.318 Y116.358 E563.49419
G1 X115.15 Y116.752 E563.50843
G1 X115.058 Y117.168 E563.5226
G1 X115.038 Y117.595 E563.53682
G1 X115.093 Y118.027 E563.55131
G1 X115.217 Y118.426 E563.5652
G1 X115.422 Y118.818 E563.57992
G1 X115.675 Y119.155 E563.59393
G1 X115.989 Y119.443 E563.6081
G1 X116.352 Y119.678 E563.62249
G1 X116.746 Y119.841 E563.63667
G1 X117.164 Y119.934 E563.65091
G1 X117.5 Y119.95 E563.6621
G0 F9000 X117.5 Y120.35
;TYPE:WALL-OUTER
G1 F600 X117.607 Y120.355 E563.66566
G1 X118.109 Y120.291 E563.68249
G1 X118.576 Y120.146 E563.69876
G1 X119.028 Y119.914 E563.71565
G1 X119.42 Y119.615 E563.73205
G1 X119.757 Y119.249 E563.7486
G1 X120.03 Y118.826 E563.76534
G1 X120.22 Y118.371 E563.78174
G1 X120.328 Y117.885 E563.7983
G1 X120.351 Y117.385 E563.81495
G1 X120.287 Y116.887 E563.83165
G1 X120.142 Y116.416 E563.84804
G1 X119.91 Y115.964 E563.86494
G1 X119.611 Y115.576 E563.88123
G1 X119.245 Y115.235 E563.89787
G1 X118.822 Y114.966 E563.91454
G1 X118.366 Y114.772 E563.93103
G1 X117.881 Y114.664 E563.94755
G1 X117.581 Y114.65 E563.95754
G1 X117.612 Y115.386 E563.98204
G1 X117.507 Y115.503 E563.98727
G1 X116.118 Y116.102 E564.03758
G1 X116.019 Y116.11 E564.04088
G1 X115.904 Y116.047 E564.04525
G1 X115.432 Y115.53 E564.06853
G1 X115.231 Y115.751 E564.07847
G1 X114.962 Y116.17 E564.09503
G1 X114.768 Y116.63 E564.11163
G1 X114.66 Y117.115 E564.12816
G1 X114.637 Y117.611 E564.14467
G1 X114.701 Y118.113 E564.1615
G1 X114.846 Y118.579 E564.17774
G1 X115.082 Y119.032 E564.19473
G1 X115.377 Y119.425 E564.21107
G1 X115.743 Y119.761 E564.22759
G1 X116.166 Y120.034 E564.24434
G1 X116.625 Y120.224 E564.26086
G1 X117.111 Y120.332 E564.27742
G1 X117.5 Y120.35 E564.29037
G0 F9000 X117.534 Y119.645
G0 X119.007 Y119.02
G0 X119.174 Y119.174
;TYPE:FILL
G1 F600 X116.473 Y116.473 E564.41742
G0 F9000 X116.564 Y116.685
G0 X119.02 Y115.993
G0 X119.175 Y115.825
G1 F600 X115.821 Y119.179 E564.57518
G0 F9000 X116.18 Y118.791
;MESH:NONMESH
G0 F300 X116.18 Y118.791 Z50
G0 F9000 X117.515 Y119.644
G0 X117.5 Y119.95
;TIME_ELAPSED:1915.500613
;LAYER:249
;note -- min layer time used
;TYPE:WALL-INNER
;MESH:FT09-Input Shaft.stl
G1 F600 X117.591 Y119.954 E564.57821
G1 X118.024 Y119.899 E564.59273
G1 X118.424 Y119.774 E564.60667
G1 X118.814 Y119.574 E564.62124
G1 X119.15 Y119.318 E564.63529
G1 X119.439 Y119.003 E564.64951
G1 X119.674 Y118.639 E564.66392
G1 X119.837 Y118.249 E564.67798
G1 X119.93 Y117.832 E564.69219
G1 X119.95 Y117.401 E564.70654
G1 X119.895 Y116.972 E564.72093
G1 X119.77 Y116.568 E564.73499
G1 X119.571 Y116.179 E564.74953
G1 X119.315 Y115.846 E564.7635
G1 X118.999 Y115.553 E564.77783
G1 X118.635 Y115.322 E564.79217
G1 X118.243 Y115.154 E564.80635
G1 X118.001 Y115.1 E564.8146
G1 X118.008 Y115.326 E564.82212
G1 X117.961 Y115.563 E564.83016
G1 X117.726 Y115.846 E564.84239
G1 X116.248 Y116.48 E564.89588
G1 X116.063 Y116.512 E564.90213
G1 X115.806 Y116.46 E564.91085
G1 X115.453 Y116.146 E564.92656
G1 X115.318 Y116.358 E564.93492
G1 X115.15 Y116.752 E564.94917
G1 X115.058 Y117.168 E564.96334
G1 X115.038 Y117.595 E564.97755
G1 X115.093 Y118.027 E564.99204
G1 X115.217 Y118.426 E565.00594
G1 X115.422 Y118.818 E565.02065
G1 X115.675 Y119.155 E565.03466
G1 X115.989 Y119.443 E565.04884
G1 X116.352 Y119.678 E565.06322
G1 X116.746 Y119.841 E565.0774
G1 X117.164 Y119.934 E565.09164
G1 X117.5 Y119.95 E565.10283
G0 F9000 X117.5 Y120.35
;TYPE:WALL-OUTER
G1 F600 X117.607 Y120.355 E565.10639
G1 X118.109 Y120.291 E565.12323
G1 X118.576 Y120.146 E565.13949
G1 X119.028 Y119.914 E565.15639
G1 X119.42 Y119.615 E565.17279
G1 X119.757 Y119.249 E565.18933
G1 X120.03 Y118.826 E565.20608
G1 X120.22 Y118.371 E565.22248
G1 X120.328 Y117.885 E565.23904
G1 X120.351 Y117.385 E565.25568
G1 X120.287 Y116.887 E565.27238
G1 X120.142 Y116.416 E565.28877
G1 X119.91 Y115.964 E565.30567
G1 X119.611 Y115.576 E565.32197
G1 X119.245 Y115.235 E565.3386
G1 X118.822 Y114.966 E565.35528
G1 X118.366 Y114.772 E565.37176
G1 X117.881 Y114.664 E565.38828
G1 X117.581 Y114.65 E565.39827
G1 X117.612 Y115.386 E565.42277
G1 X117.507 Y115.503 E565.428
G1 X116.118 Y116.102 E565.47831
G1 X116.019 Y116.11 E565.48162
G1 X115.904 Y116.047 E565.48598
G1 X115.432 Y115.53 E565.50926
G1 X115.231 Y115.751 E565.5192
G1 X114.962 Y116.17 E565.53576
G1 X114.768 Y116.63 E565.55236
G1 X114.66 Y117.115 E565.56889
G1 X114.637 Y117.611 E565.58541
G1 X114.701 Y118.113 E565.60224
G1 X114.846 Y118.579 E565.61847
G1 X115.082 Y119.032 E565.63546
G1 X115.377 Y119.425 E565.6518
G1 X115.743 Y119.761 E565.66833
G1 X116.166 Y120.034 E565.68507
G1 X116.625 Y120.224 E565.70159
G1 X117.111 Y120.332 E565.71815
G1 X117.5 Y120.35 E565.73111
G0 F9000 X117.534 Y119.645
G0 X119.007 Y119.02
G0 X119.174 Y119.174
;TYPE:FILL
G1 F600 X116.473 Y116.473 E565.85815
G0 F9000 X116.564 Y116.685
G0 X119.02 Y115.993
G0 X119.175 Y115.825
G1 F600 X115.821 Y119.179 E566.01591
G0 F9000 X116.18 Y118.791
;MESH:NONMESH
G0 F300 X116.18 Y118.791 Z50.2
G0 F9000 X117.515 Y119.644
G0 X117.5 Y119.95
;TIME_ELAPSED:1920.462016
;LAYER:250
;note -- min layer time used
;TYPE:WALL-INNER
;MESH:FT09-Input Shaft.stl
G1 F600 X117.591 Y119.954 E566.01894
G1 X118.024 Y119.899 E566.03346
G1 X118.424 Y119.774 E566.0474
G1 X118.814 Y119.574 E566.06198
G1 X119.15 Y119.318 E566.07603
G1 X119.439 Y119.003 E566.09024
G1 X119.674 Y118.639 E566.10466
G1 X119.837 Y118.249 E566.11871
G1 X119.93 Y117.832 E566.13292
G1 X119.95 Y117.401 E566.14727
G1 X119.895 Y116.972 E566.16166
G1 X119.77 Y116.568 E566.17573
G1 X119.571 Y116.179 E566.19026
G1 X119.315 Y115.846 E566.20423
G1 X118.999 Y115.553 E566.21856
G1 X118.635 Y115.322 E566.2329
G1 X118.243 Y115.154 E566.24709
G1 X118.001 Y115.1 E566.25533
G1 X118.008 Y115.326 E566.26285
G1 X117.961 Y115.563 E566.27089
G1 X117.726 Y115.846 E566.28312
G1 X116.248 Y116.48 E566.33661
G1 X116.063 Y116.512 E566.34286
G1 X115.806 Y116.46 E566.35158
G1 X115.453 Y116.146 E566.36729
G1 X115.318 Y116.358 E566.37565
G1 X115.15 Y116.752 E566.3899
G1 X115.058 Y117.168 E566.40407
G1 X115.038 Y117.595 E566.41829
G1 X115.093 Y118.027 E566.43277
G1 X115.217 Y118.426 E566.44667
G1 X115.422 Y118.818 E566.46138
G1 X115.675 Y119.155 E566.4754
G1 X115.989 Y119.443 E566.48957
G1 X116.352 Y119.678 E566.50395
G1 X116.746 Y119.841 E566.51813
G1 X117.164 Y119.934 E566.53238
G1 X117.5 Y119.95 E566.54356
G0 F9000 X117.5 Y120.35
;TYPE:WALL-OUTER
G1 F600 X117.607 Y120.355 E566.54713
G1 X118.109 Y120.291 E566.56396
G1 X118.576 Y120.146 E566.58022
G1 X119.028 Y119.914 E566.59712
G1 X119.42 Y119.615 E566.61352
G1 X119.757 Y119.249 E566.63007
G1 X120.03 Y118.826 E566.64681
G1 X120.22 Y118.371 E566.66321
G1 X120.328 Y117.885 E566.67977
G1 X120.351 Y117.385 E566.69642
G1 X120.287 Y116.887 E566.71312
G1 X120.142 Y116.416 E566.72951
G1 X119.91 Y115.964 E566.74641
G1 X119.611 Y115.576 E566.7627
G1 X119.245 Y115.235 E566.77934
G1 X118.822 Y114.966 E566.79601
G1 X118.366 Y114.772 E566.81249
G1 X117.881 Y114.664 E566.82902
G1 X117.581 Y114.65 E566.83901
G1 X117.612 Y115.386 E566.86351
G1 X117.507 Y115.503 E566.86874
G1 X116.118 Y116.102 E566.91905
G1 X116.019 Y116.11 E566.92235
G1 X115.904 Y116.047 E566.92671
G1 X115.432 Y115.53 E566.95
G1 X115.231 Y115.751 E566.95993
G1 X114.962 Y116.17 E566.97649
G1 X114.768 Y116.63 E566.9931
G1 X114.66 Y117.115 E567.00962
G1 X114.637 Y117.611 E567.02614
G1 X114.701 Y118.113 E567.04297
G1 X114.846 Y118.579 E567.0592
G1 X115.082 Y119.032 E567.07619
G1 X115.377 Y119.425 E567.09253
G1 X115.743 Y119.761 E567.10906
G1 X116.166 Y120.034 E567.1258
G1 X116.625 Y120.224 E567.14233
G1 X117.111 Y120.332 E567.15889
G1 X117.5 Y120.35 E567.17184
G0 F9000 X117.534 Y119.645
G0 X119.007 Y119.02
G0 X119.174 Y119.174
;TYPE:FILL
G1 F600 X116.473 Y116.473 E567.29888
G0 F9000 X116.564 Y116.685
G0 X119.02 Y115.993
G0 X119.175 Y115.825
G1 F600 X115.821 Y119.179 E567.45665
G0 F9000 X116.18 Y118.791
;MESH:NONMESH
G0 F300 X116.18 Y118.791 Z50.4
G0 F9000 X117.515 Y119.644
G0 X117.5 Y119.95
;TIME_ELAPSED:1925.423418
;LAYER:251
;note -- min layer time used
;TYPE:WALL-INNER
;MESH:FT09-Input Shaft.stl
G1 F600 X117.591 Y119.954 E567.45968
G1 X118.024 Y119.899 E567.47419
G1 X118.424 Y119.774 E567.48813
G1 X118.814 Y119.574 E567.50271
G1 X119.15 Y119.318 E567.51676
G1 X119.439 Y119.003 E567.53098
G1 X119.674 Y118.639 E567.54539
G1 X119.837 Y118.249 E567.55945
G1 X119.93 Y117.832 E567.57366
G1 X119.95 Y117.401 E567.58801
G1 X119.895 Y116.972 E567.60239
G1 X119.77 Y116.568 E567.61646
G1 X119.571 Y116.179 E567.63099
G1 X119.315 Y115.846 E567.64496
G1 X118.999 Y115.553 E567.65929
G1 X118.635 Y115.322 E567.67363
G1 X118.243 Y115.154 E567.68782
G1 X118.001 Y115.1 E567.69607
G1 X118.008 Y115.326 E567.70359
G1 X117.961 Y115.563 E567.71162
G1 X117.726 Y115.846 E567.72386
G1 X116.248 Y116.48 E567.77735
G1 X116.063 Y116.512 E567.78359
G1 X115.806 Y116.46 E567.79231
G1 X115.453 Y116.146 E567.80803
G1 X115.318 Y116.358 E567.81639
G1 X115.15 Y116.752 E567.83063
G1 X115.058 Y117.168 E567.8448
G1 X115.038 Y117.595 E567.85902
G1 X115.093 Y118.027 E567.8735
G1 X115.217 Y118.426 E567.8874
G1 X115.422 Y118.818 E567.90211
G1 X115.675 Y119.155 E567.91613
G1 X115.989 Y119.443 E567.9303
G1 X116.352 Y119.678 E567.94468
G1 X116.746 Y119.841 E567.95887
G1 X117.164 Y119.934 E567.97311
G1 X117.5 Y119.95 E567.9843
G0 F9000 X117.5 Y120.35
;TYPE:WALL-OUTER
G1 F600 X117.607 Y120.355 E567.98786
G1 X118.109 Y120.291 E568.00469
G1 X118.576 Y120.146 E568.02095
G1 X119.028 Y119.914 E568.03785
G1 X119.42 Y119.615 E568.05425
G1 X119.757 Y119.249 E568.0708
G1 X120.03 Y118.826 E568.08754
G1 X120.22 Y118.371 E568.10394
G1 X120.328 Y117.885 E568.1205
G1 X120.351 Y117.385 E568.13715
G1 X120.287 Y116.887 E568.15385
G1 X120.142 Y116.416 E568.17024
G1 X119.91 Y115.964 E568.18714
G1 X119.611 Y115.576 E568.20343
G1 X119.245 Y115.235 E568.22007
G1 X118.822 Y114.966 E568.23674
G1 X118.366 Y114.772 E568.25322
G1 X117.881 Y114.664 E568.26975
G1 X117.581 Y114.65 E568.27974
G1 X117.612 Y115.386 E568.30424
G1 X117.507 Y115.503 E568.30947
G1 X116.118 Y116.102 E568.35978
G1 X116.019 Y116.11 E568.36308
G1 X115.904 Y116.047 E568.36744
G1 X115.432 Y115.53 E568.39073
G1 X115.231 Y115.751 E568.40066
G1 X114.962 Y116.17 E568.41722
G1 X114.768 Y116.63 E568.43383
G1 X114.66 Y117.115 E568.45036
G1 X114.637 Y117.611 E568.46687
G1 X114.701 Y118.113 E568.4837
G1 X114.846 Y118.579 E568.49993
G1 X115.082 Y119.032 E568.51692
G1 X115.377 Y119.425 E568.53327
G1 X115.743 Y119.761 E568.54979
G1 X116.166 Y120.034 E568.56654
G1 X116.625 Y120.224 E568.58306
G1 X117.111 Y120.332 E568.59962
G1 X117.5 Y120.35 E568.61257
G0 F9000 X117.534 Y119.645
G0 X119.007 Y119.02
G0 X119.174 Y119.174
;TYPE:FILL
G1 F600 X116.473 Y116.473 E568.73962
G0 F9000 X116.564 Y116.685
G0 X119.02 Y115.993
G0 X119.175 Y115.825
G1 F600 X115.821 Y119.179 E568.89738
G0 F9000 X116.18 Y118.791
;MESH:NONMESH
G0 F300 X116.18 Y118.791 Z50.6
G0 F9000 X117.515 Y119.644
G0 X117.5 Y119.95
;TIME_ELAPSED:1930.384820
;LAYER:252
;note -- min layer time used
;TYPE:WALL-INNER
;MESH:FT09-Input Shaft.stl
G1 F600 X117.591 Y119.954 E568.90041
G1 X118.024 Y119.899 E568.91493
G1 X118.424 Y119.774 E568.92886
G1 X118.814 Y119.574 E568.94344
G1 X119.15 Y119.318 E568.95749
G1 X119.439 Y119.003 E568.97171
G1 X119.674 Y118.639 E568.98612
G1 X119.837 Y118.249 E569.00018
G1 X119.93 Y117.832 E569.01439
G1 X119.95 Y117.401 E569.02874
G1 X119.895 Y116.972 E569.04313
G1 X119.77 Y116.568 E569.05719
G1 X119.571 Y116.179 E569.07172
G1 X119.315 Y115.846 E569.08569
G1 X118.999 Y115.553 E569.10003
G1 X118.635 Y115.322 E569.11437
G1 X118.243 Y115.154 E569.12855
G1 X118.001 Y115.1 E569.1368
G1 X118.008 Y115.326 E569.14432
G1 X117.961 Y115.563 E569.15235
G1 X117.726 Y115.846 E569.16459
G1 X116.248 Y116.48 E569.21808
G1 X116.063 Y116.512 E569.22432
G1 X115.806 Y116.46 E569.23305
G1 X115.453 Y116.146 E569.24876
G1 X115.318 Y116.358 E569.25712
G1 X115.15 Y116.752 E569.27136
G1 X115.058 Y117.168 E569.28553
G1 X115.038 Y117.595 E569.29975
G1 X115.093 Y118.027 E569.31424
G1 X115.217 Y118.426 E569.32813
G1 X115.422 Y118.818 E569.34285
G1 X115.675 Y119.155 E569.35686
G1 X115.989 Y119.443 E569.37103
G1 X116.352 Y119.678 E569.38542
G1 X116.746 Y119.841 E569.3996
G1 X117.164 Y119.934 E569.41384
G1 X117.5 Y119.95 E569.42503
G0 F9000 X117.5 Y120.35
;TYPE:WALL-OUTER
G1 F600 X117.607 Y120.355 E569.42859
G1 X118.109 Y120.291 E569.44542
G1 X118.576 Y120.146 E569.46169
G1 X119.028 Y119.914 E569.47859
G1 X119.42 Y119.615 E569.49498
G1 X119.757 Y119.249 E569.51153
G1 X120.03 Y118.826 E569.52828
G1 X120.22 Y118.371 E569.54468
G1 X120.328 Y117.885 E569.56123
G1 X120.351 Y117.385 E569.57788
G1 X120.287 Y116.887 E569.59458
G1 X120.142 Y116.416 E569.61097
G1 X119.91 Y115.964 E569.62787
G1 X119.611 Y115.576 E569.64416
G1 X119.245 Y115.235 E569.6608
G1 X118.822 Y114.966 E569.67747
G1 X118.366 Y114.772 E569.69396
G1 X117.881 Y114.664 E569.71048
G1 X117.581 Y114.65 E569.72047
G1 X117.612 Y115.386 E569.74497
G1 X117.507 Y115.503 E569.7502
G1 X116.118 Y116.102 E569.80051
G1 X116.019 Y116.11 E569.80382
G1 X115.904 Y116.047 E569.80818
G1 X115.432 Y115.53 E569.83146
G1 X115.231 Y115.751 E569.8414
G1 X114.962 Y116.17 E569.85796
G1 X114.768 Y116.63 E569.87456
G1 X114.66 Y117.115 E569.89109
G1 X114.637 Y117.611 E569.9076
G1 X114.701 Y118.113 E569.92444
G1 X114.846 Y118.579 E569.94067
G1 X115.082 Y119.032 E569.95766
G1 X115.377 Y119.425 E569.974
G1 X115.743 Y119.761 E569.99053
G1 X116.166 Y120.034 E570.00727
G1 X116.625 Y120.224 E570.02379
G1 X117.111 Y120.332 E570.04035
G1 X117.5 Y120.35 E570.0533
G0 F9000 X117.534 Y119.645
G0 X119.007 Y119.02
G0 X119.174 Y119.174
;TYPE:FILL
G1 F600 X116.473 Y116.473 E570.18035
G0 F9000 X116.564 Y116.685
G0 X119.02 Y115.993
G0 X119.175 Y115.825
G1 F600 X115.821 Y119.179 E570.33811
G0 F9000 X116.18 Y118.791
;MESH:NONMESH
G0 F300 X116.18 Y118.791 Z50.8
G0 F9000 X117.515 Y119.644
G0 X117.5 Y119.95
;TIME_ELAPSED:1935.346222
;LAYER:253
;note -- min layer time used
;TYPE:WALL-INNER
;MESH:FT09-Input Shaft.stl
G1 F600 X117.591 Y119.954 E570.34114
G1 X118.024 Y119.899 E570.35566
G1 X118.424 Y119.774 E570.3696
G1 X118.814 Y119.574 E570.38418
G1 X119.15 Y119.318 E570.39822
G1 X119.439 Y119.003 E570.41244
G1 X119.674 Y118.639 E570.42685
G1 X119.837 Y118.249 E570.44091
G1 X119.93 Y117.832 E570.45512
G1 X119.95 Y117.401 E570.46947
G1 X119.895 Y116.972 E570.48386
G1 X119.77 Y116.568 E570.49792
G1 X119.571 Y116.179 E570.51246
G1 X119.315 Y115.846 E570.52643
G1 X118.999 Y115.553 E570.54076
G1 X118.635 Y115.322 E570.5551
G1 X118.243 Y115.154 E570.56928
G1 X118.001 Y115.1 E570.57753
G1 X118.008 Y115.326 E570.58505
G1 X117.961 Y115.563 E570.59309
G1 X117.726 Y115.846 E570.60532
G1 X116.248 Y116.48 E570.65881
G1 X116.063 Y116.512 E570.66506
G1 X115.806 Y116.46 E570.67378
G1 X115.453 Y116.146 E570.68949
G1 X115.318 Y116.358 E570.69785
G1 X115.15 Y116.752 E570.7121
G1 X115.058 Y117.168 E570.72627
G1 X115.038 Y117.595 E570.74049
G1 X115.093 Y118.027 E570.75497
G1 X115.217 Y118.426 E570.76887
G1 X115.422 Y118.818 E570.78358
G1 X115.675 Y119.155 E570.7976
G1 X115.989 Y119.443 E570.81177
G1 X116.352 Y119.678 E570.82615
G1 X116.746 Y119.841 E570.84033
G1 X117.164 Y119.934 E570.85457
G1 X117.5 Y119.95 E570.86576
G0 F9000 X117.5 Y120.35
;TYPE:WALL-OUTER
G1 F600 X117.607 Y120.355 E570.86932
G1 X118.109 Y120.291 E570.88616
G1 X118.576 Y120.146 E570.90242
G1 X119.028 Y119.914 E570.91932
G1 X119.42 Y119.615 E570.93572
G1 X119.757 Y119.249 E570.95226
G1 X120.03 Y118.826 E570.96901
G1 X120.22 Y118.371 E570.98541
G1 X120.328 Y117.885 E571.00197
G1 X120.351 Y117.385 E571.01861
G1 X120.287 Y116.887 E571.03531
G1 X120.142 Y116.416 E571.05171
G1 X119.91 Y115.964 E571.0686
G1 X119.611 Y115.576 E571.0849
G1 X119.245 Y115.235 E571.10153
G1 X118.822 Y114.966 E571.11821
G1 X118.366 Y114.772 E571.13469
G1 X117.881 Y114.664 E571.15122
G1 X117.581 Y114.65 E571.1612
G1 X117.612 Y115.386 E571.18571
G1 X117.507 Y115.503 E571.19093
G1 X116.118 Y116.102 E571.24125
G1 X116.019 Y116.11 E571.24455
G1 X115.904 Y116.047 E571.24891
G1 X115.432 Y115.53 E571.27219
G1 X115.231 Y115.751 E571.28213
G1 X114.962 Y116.17 E571.29869
G1 X114.768 Y116.63 E571.3153
G1 X114.66 Y117.115 E571.33182
G1 X114.637 Y117.611 E571.34834
G1 X114.701 Y118.113 E571.36517
G1 X114.846 Y118.579 E571.3814
G1 X115.082 Y119.032 E571.39839
G1 X115.377 Y119.425 E571.41473
G1 X115.743 Y119.761 E571.43126
G1 X116.166 Y120.034 E571.448
G1 X116.625 Y120.224 E571.46453
G1 X117.111 Y120.332 E571.48108
G1 X117.5 Y120.35 E571.49404
G0 F9000 X117.534 Y119.645
G0 X119.007 Y119.02
G0 X119.174 Y119.174
;TYPE:FILL
G1 F600 X116.473 Y116.473 E571.62108
G0 F9000 X116.564 Y116.685
G0 X119.02 Y115.993
G0 X119.175 Y115.825
G1 F600 X115.821 Y119.179 E571.77884
G0 F9000 X116.18 Y118.791
;MESH:NONMESH
G0 F300 X116.18 Y118.791 Z51
G0 F9000 X117.515 Y119.644
G0 X117.5 Y119.95
;TIME_ELAPSED:1940.307624
;LAYER:254
;note -- min layer time used
;TYPE:WALL-INNER
;MESH:FT09-Input Shaft.stl
G1 F600 X117.591 Y119.954 E571.78187
G1 X118.024 Y119.899 E571.79639
G1 X118.424 Y119.774 E571.81033
G1 X118.814 Y119.574 E571.82491
G1 X119.15 Y119.318 E571.83896
G1 X119.439 Y119.003 E571.85318
G1 X119.674 Y118.639 E571.86759
G1 X119.837 Y118.249 E571.88165
G1 X119.93 Y117.832 E571.89586
G1 X119.95 Y117.401 E571.91021
G1 X119.895 Y116.972 E571.92459
G1 X119.77 Y116.568 E571.93866
G1 X119.571 Y116.179 E571.95319
G1 X119.315 Y115.846 E571.96716
G1 X118.999 Y115.553 E571.98149
G1 X118.635 Y115.322 E571.99583
G1 X118.243 Y115.154 E572.01002
G1 X118.001 Y115.1 E572.01826
G1 X118.008 Y115.326 E572.02578
G1 X117.961 Y115.563 E572.03382
G1 X117.726 Y115.846 E572.04605
G1 X116.248 Y116.48 E572.09955
G1 X116.063 Y116.512 E572.10579
G1 X115.806 Y116.46 E572.11451
G1 X115.453 Y116.146 E572.13022
G1 X115.318 Y116.358 E572.13858
G1 X115.15 Y116.752 E572.15283
G1 X115.058 Y117.168 E572.167
G1 X115.038 Y117.595 E572.18122
G1 X115.093 Y118.027 E572.1957
G1 X115.217 Y118.426 E572.2096
G1 X115.422 Y118.818 E572.22431
G1 X115.675 Y119.155 E572.23833
G1 X115.989 Y119.443 E572.2525
G1 X116.352 Y119.678 E572.26688
G1 X116.746 Y119.841 E572.28106
G1 X117.164 Y119.934 E572.29531
G1 X117.5 Y119.95 E572.30649
G0 F9000 X117.5 Y120.35
;TYPE:WALL-OUTER
G1 F600 X117.607 Y120.355 E572.31006
G1 X118.109 Y120.291 E572.32689
G1 X118.576 Y120.146 E572.34315
G1 X119.028 Y119.914 E572.36005
G1 X119.42 Y119.615 E572.37645
G1 X119.757 Y119.249 E572.393
G1 X120.03 Y118.826 E572.40974
G1 X120.22 Y118.371 E572.42614
G1 X120.328 Y117.885 E572.4427
G1 X120.351 Y117.385 E572.45935
G1 X120.287 Y116.887 E572.47605
G1 X120.142 Y116.416 E572.49244
G1 X119.91 Y115.964 E572.50934
G1 X119.611 Y115.576 E572.52563
G1 X119.245 Y115.235 E572.54227
G1 X118.822 Y114.966 E572.55894
G1 X118.366 Y114.772 E572.57542
G1 X117.881 Y114.664 E572.59195
G1 X117.581 Y114.65 E572.60194
G1 X117.612 Y115.386 E572.62644
G1 X117.507 Y115.503 E572.63167
G1 X116.118 Y116.102 E572.68198
G1 X116.019 Y116.11 E572.68528
G1 X115.904 Y116.047 E572.68964
G1 X115.432 Y115.53 E572.71293
G1 X115.231 Y115.751 E572.72286
G1 X114.962 Y116.17 E572.73942
G1 X114.768 Y116.63 E572.75603
G1 X114.66 Y117.115 E572.77255
G1 X114.637 Y117.611 E572.78907
G1 X114.701 Y118.113 E572.8059
G1 X114.846 Y118.579 E572.82213
G1 X115.082 Y119.032 E572.83912
G1 X115.377 Y119.425 E572.85547
G1 X115.743 Y119.761 E572.87199
G1 X116.166 Y120.034 E572.88874
G1 X116.625 Y120.224 E572.90526
G1 X117.111 Y120.332 E572.92182
G1 X117.5 Y120.35 E572.93477
G0 F9000 X117.534 Y119.645
G0 X119.007 Y119.02
G0 X119.174 Y119.174
;TYPE:FILL
G1 F600 X116.473 Y116.473 E573.06182
G0 F9000 X116.564 Y116.685
G0 X119.02 Y115.993
G0 X119.175 Y115.825
G1 F600 X115.821 Y119.179 E573.21958
G0 F9000 X116.18 Y118.791
;MESH:NONMESH
G0 F300 X116.18 Y118.791 Z51.2
G0 F9000 X117.515 Y119.644
G0 X117.5 Y119.95
;TIME_ELAPSED:1945.269027
;LAYER:255
;note -- min layer time used
;TYPE:WALL-INNER
;MESH:FT09-Input Shaft.stl
G1 F600 X117.591 Y119.954 E573.22261
G1 X118.024 Y119.899 E573.23712
G1 X118.424 Y119.774 E573.25106
G1 X118.814 Y119.574 E573.26564
G1 X119.15 Y119.318 E573.27969
G1 X119.439 Y119.003 E573.29391
G1 X119.674 Y118.639 E573.30832
G1 X119.837 Y118.249 E573.32238
G1 X119.93 Y117.832 E573.33659
G1 X119.95 Y117.401 E573.35094
G1 X119.895 Y116.972 E573.36532
G1 X119.77 Y116.568 E573.37939
G1 X119.571 Y116.179 E573.39392
G1 X119.315 Y115.846 E573.40789
G1 X118.999 Y115.553 E573.42223
G1 X118.635 Y115.322 E573.43656
G1 X118.243 Y115.154 E573.45075
G1 X118.001 Y115.1 E573.459
G1 X118.008 Y115.326 E573.46652
G1 X117.961 Y115.563 E573.47455
G1 X117.726 Y115.846 E573.48679
G1 X116.248 Y116.48 E573.54028
G1 X116.063 Y116.512 E573.54652
G1 X115.806 Y116.46 E573.55524
G1 X115.453 Y116.146 E573.57096
G1 X115.318 Y116.358 E573.57932
G1 X115.15 Y116.752 E573.59356
G1 X115.058 Y117.168 E573.60773
G1 X115.038 Y117.595 E573.62195
G1 X115.093 Y118.027 E573.63644
G1 X115.217 Y118.426 E573.65033
G1 X115.422 Y118.818 E573.66505
G1 X115.675 Y119.155 E573.67906
G1 X115.989 Y119.443 E573.69323
G1 X116.352 Y119.678 E573.70761
G1 X116.746 Y119.841 E573.7218
G1 X117.164 Y119.934 E573.73604
G1 X117.5 Y119.95 E573.74723
G0 F9000 X117.5 Y120.35
;TYPE:WALL-OUTER
G1 F600 X117.607 Y120.355 E573.75079
G1 X118.109 Y120.291 E573.76762
G1 X118.576 Y120.146 E573.78389
G1 X119.028 Y119.914 E573.80078
G1 X119.42 Y119.615 E573.81718
G1 X119.757 Y119.249 E573.83373
G1 X120.03 Y118.826 E573.85047
G1 X120.22 Y118.371 E573.86687
G1 X120.328 Y117.885 E573.88343
G1 X120.351 Y117.385 E573.90008
G1 X120.287 Y116.887 E573.91678
G1 X120.142 Y116.416 E573.93317
G1 X119.91 Y115.964 E573.95007
G1 X119.611 Y115.576 E573.96636
G1 X119.245 Y115.235 E573.983
G1 X118.822 Y114.966 E573.99967
G1 X118.366 Y114.772 E574.01615
G1 X117.881 Y114.664 E574.03268
G1 X117.581 Y114.65 E574.04267
G1 X117.612 Y115.386 E574.06717
G1 X117.507 Y115.503 E574.0724
G1 X116.118 Y116.102 E574.12271
G1 X116.019 Y116.11 E574.12601
G1 X115.904 Y116.047 E574.13038
G1 X115.432 Y115.53 E574.15366
G1 X115.231 Y115.751 E574.1636
G1 X114.962 Y116.17 E574.18016
G1 X114.768 Y116.63 E574.19676
G1 X114.66 Y117.115 E574.21329
G1 X114.637 Y117.611 E574.2298
G1 X114.701 Y118.113 E574.24663
G1 X114.846 Y118.579 E574.26287
G1 X115.082 Y119.032 E574.27985
G1 X115.377 Y119.425 E574.2962
G1 X115.743 Y119.761 E574.31272
G1 X116.166 Y120.034 E574.32947
G1 X116.625 Y120.224 E574.34599
G1 X117.111 Y120.332 E574.36255
G1 X117.5 Y120.35 E574.3755
G0 F9000 X117.534 Y119.645
G0 X119.007 Y119.02
G0 X119.174 Y119.174
;TYPE:FILL
G1 F600 X116.473 Y116.473 E574.50255
G0 F9000 X116.564 Y116.685
G0 X119.02 Y115.993
G0 X119.175 Y115.825
G1 F600 X115.821 Y119.179 E574.66031
G0 F9000 X116.18 Y118.791
;MESH:NONMESH
G0 F300 X116.18 Y118.791 Z51.4
G0 F9000 X117.515 Y119.644
G0 X117.5 Y119.95
;TIME_ELAPSED:1950.230429
;LAYER:256
;note -- min layer time used
;TYPE:WALL-INNER
;MESH:FT09-Input Shaft.stl
G1 F600 X117.591 Y119.954 E574.66334
G1 X118.024 Y119.899 E574.67786
G1 X118.424 Y119.774 E574.6918
G1 X118.814 Y119.574 E574.70637
G1 X119.15 Y119.318 E574.72042
G1 X119.439 Y119.003 E574.73464
G1 X119.674 Y118.639 E574.74905
G1 X119.837 Y118.249 E574.76311
G1 X119.93 Y117.832 E574.77732
G1 X119.95 Y117.401 E574.79167
G1 X119.895 Y116.972 E574.80606
G1 X119.77 Y116.568 E574.82012
G1 X119.571 Y116.179 E574.83466
G1 X119.315 Y115.846 E574.84863
G1 X118.999 Y115.553 E574.86296
G1 X118.635 Y115.322 E574.8773
G1 X118.243 Y115.154 E574.89148
G1 X118.001 Y115.1 E574.89973
G1 X118.008 Y115.326 E574.90725
G1 X117.961 Y115.563 E574.91529
G1 X117.726 Y115.846 E574.92752
G1 X116.248 Y116.48 E574.98101
G1 X116.063 Y116.512 E574.98726
G1 X115.806 Y116.46 E574.99598
G1 X115.453 Y116.146 E575.01169
G1 X115.318 Y116.358 E575.02005
G1 X115.15 Y116.752 E575.0343
G1 X115.058 Y117.168 E575.04847
G1 X115.038 Y117.595 E575.06268
G1 X115.093 Y118.027 E575.07717
G1 X115.217 Y118.426 E575.09106
G1 X115.422 Y118.818 E575.10578
G1 X115.675 Y119.155 E575.11979
G1 X115.989 Y119.443 E575.13397
G1 X116.352 Y119.678 E575.14835
G1 X116.746 Y119.841 E575.16253
G1 X117.164 Y119.934 E575.17677
G1 X117.5 Y119.95 E575.18796
G0 F9000 X117.5 Y120.35
;TYPE:WALL-OUTER
G1 F600 X117.607 Y120.355 E575.19152
G1 X118.109 Y120.291 E575.20835
G1 X118.576 Y120.146 E575.22462
G1 X119.028 Y119.914 E575.24152
G1 X119.42 Y119.615 E575.25791
G1 X119.757 Y119.249 E575.27446
G1 X120.03 Y118.826 E575.29121
G1 X120.22 Y118.371 E575.30761
G1 X120.328 Y117.885 E575.32417
G1 X120.351 Y117.385 E575.34081
G1 X120.287 Y116.887 E575.35751
G1 X120.142 Y116.416 E575.3739
G1 X119.91 Y115.964 E575.3908
G1 X119.611 Y115.576 E575.40709
G1 X119.245 Y115.235 E575.42373
G1 X118.822 Y114.966 E575.44041
G1 X118.366 Y114.772 E575.45689
G1 X117.881 Y114.664 E575.47341
G1 X117.581 Y114.65 E575.4834
G1 X117.612 Y115.386 E575.5079
G1 X117.507 Y115.503 E575.51313
G1 X116.118 Y116.102 E575.56344
G1 X116.019 Y116.11 E575.56675
G1 X115.904 Y116.047 E575.57111
G1 X115.432 Y115.53 E575.59439
G1 X115.231 Y115.751 E575.60433
G1 X114.962 Y116.17 E575.62089
G1 X114.768 Y116.63 E575.63749
G1 X114.66 Y117.115 E575.65402
G1 X114.637 Y117.611 E575.67053
G1 X114.701 Y118.113 E575.68737
G1 X114.846 Y118.579 E575.7036
G1 X115.082 Y119.032 E575.72059
G1 X115.377 Y119.425 E575.73693
G1 X115.743 Y119.761 E575.75346
G1 X116.166 Y120.034 E575.7702
G1 X116.625 Y120.224 E575.78672
G1 X117.111 Y120.332 E575.80328
G1 X117.5 Y120.35 E575.81623
G0 F9000 X117.534 Y119.645
G0 X119.007 Y119.02
G0 X119.174 Y119.174
;TYPE:FILL
G1 F600 X116.473 Y116.473 E575.94328
G0 F9000 X116.564 Y116.685
G0 X119.02 Y115.993
G0 X119.175 Y115.825
G1 F600 X115.821 Y119.179 E576.10104
G0 F9000 X116.18 Y118.791
;MESH:NONMESH
G0 F300 X116.18 Y118.791 Z51.6
G0 F9000 X117.515 Y119.644
G0 X117.5 Y119.95
;TIME_ELAPSED:1955.191831
;LAYER:257
;note -- min layer time used
;TYPE:WALL-INNER
;MESH:FT09-Input Shaft.stl
G1 F600 X117.591 Y119.954 E576.10407
G1 X118.024 Y119.899 E576.11859
G1 X118.424 Y119.774 E576.13253
G1 X118.814 Y119.574 E576.14711
G1 X119.15 Y119.318 E576.16116
G1 X119.439 Y119.003 E576.17537
G1 X119.674 Y118.639 E576.18978
G1 X119.837 Y118.249 E576.20384
G1 X119.93 Y117.832 E576.21805
G1 X119.95 Y117.401 E576.2324
G1 X119.895 Y116.972 E576.24679
G1 X119.77 Y116.568 E576.26085
G1 X119.571 Y116.179 E576.27539
G1 X119.315 Y115.846 E576.28936
G1 X118.999 Y115.553 E576.30369
G1 X118.635 Y115.322 E576.31803
G1 X118.243 Y115.154 E576.33221
G1 X118.001 Y115.1 E576.34046
G1 X118.008 Y115.326 E576.34798
G1 X117.961 Y115.563 E576.35602
G1 X117.726 Y115.846 E576.36825
G1 X116.248 Y116.48 E576.42174
G1 X116.063 Y116.512 E576.42799
G1 X115.806 Y116.46 E576.43671
G1 X115.453 Y116.146 E576.45242
G1 X115.318 Y116.358 E576.46078
G1 X115.15 Y116.752 E576.47503
G1 X115.058 Y117.168 E576.4892
G1 X115.038 Y117.595 E576.50342
G1 X115.093 Y118.027 E576.5179
G1 X115.217 Y118.426 E576.5318
G1 X115.422 Y118.818 E576.54651
G1 X115.675 Y119.155 E576.56053
G1 X115.989 Y119.443 E576.5747
G1 X116.352 Y119.678 E576.58908
G1 X116.746 Y119.841 E576.60326
G1 X117.164 Y119.934 E576.6175
G1 X117.5 Y119.95 E576.62869
G0 F9000 X117.5 Y120.35
;TYPE:WALL-OUTER
G1 F600 X117.607 Y120.355 E576.63226
G1 X118.109 Y120.291 E576.64909
G1 X118.576 Y120.146 E576.66535
G1 X119.028 Y119.914 E576.68225
G1 X119.42 Y119.615 E576.69865
G1 X119.757 Y119.249 E576.71519
G1 X120.03 Y118.826 E576.73194
G1 X120.22 Y118.371 E576.74834
G1 X120.328 Y117.885 E576.7649
G1 X120.351 Y117.385 E576.78155
G1 X120.287 Y116.887 E576.79825
G1 X120.142 Y116.416 E576.81464
G1 X119.91 Y115.964 E576.83153
G1 X119.611 Y115.576 E576.84783
G1 X119.245 Y115.235 E576.86446
G1 X118.822 Y114.966 E576.88114
G1 X118.366 Y114.772 E576.89762
G1 X117.881 Y114.664 E576.91415
G1 X117.581 Y114.65 E576.92414
G1 X117.612 Y115.386 E576.94864
G1 X117.507 Y115.503 E576.95386
G1 X116.118 Y116.102 E577.00418
G1 X116.019 Y116.11 E577.00748
G1 X115.904 Y116.047 E577.01184
G1 X115.432 Y115.53 E577.03512
G1 X115.231 Y115.751 E577.04506
G1 X114.962 Y116.17 E577.06162
G1 X114.768 Y116.63 E577.07823
G1 X114.66 Y117.115 E577.09475
G1 X114.637 Y117.611 E577.11127
G1 X114.701 Y118.113 E577.1281
G1 X114.846 Y118.579 E577.14433
G1 X115.082 Y119.032 E577.16132
G1 X115.377 Y119.425 E577.17766
G1 X115.743 Y119.761 E577.19419
G1 X116.166 Y120.034 E577.21093
G1 X116.625 Y120.224 E577.22746
G1 X117.111 Y120.332 E577.24402
G1 X117.5 Y120.35 E577.25697
G0 F9000 X117.534 Y119.645
G0 X119.007 Y119.02
G0 X119.174 Y119.174
;TYPE:FILL
G1 F600 X116.473 Y116.473 E577.38401
G0 F9000 X116.564 Y116.685
G0 X119.02 Y115.993
G0 X119.175 Y115.825
G1 F600 X115.821 Y119.179 E577.54178
G0 F9000 X116.18 Y118.791
;MESH:NONMESH
G0 F300 X116.18 Y118.791 Z51.8
G0 F9000 X117.515 Y119.644
G0 X117.5 Y119.95
;TIME_ELAPSED:1960.153233
;LAYER:258
;note -- min layer time used
;TYPE:WALL-INNER
;MESH:FT09-Input Shaft.stl
G1 F600 X117.591 Y119.954 E577.54481
G1 X118.024 Y119.899 E577.55932
G1 X118.424 Y119.774 E577.57326
G1 X118.814 Y119.574 E577.58784
G1 X119.15 Y119.318 E577.60189
G1 X119.439 Y119.003 E577.61611
G1 X119.674 Y118.639 E577.63052
G1 X119.837 Y118.249 E577.64458
G1 X119.93 Y117.832 E577.65879
G1 X119.95 Y117.401 E577.67314
G1 X119.895 Y116.972 E577.68752
G1 X119.77 Y116.568 E577.70159
G1 X119.571 Y116.179 E577.71612
G1 X119.315 Y115.846 E577.73009
G1 X118.999 Y115.553 E577.74442
G1 X118.635 Y115.322 E577.75876
G1 X118.243 Y115.154 E577.77295
G1 X118.001 Y115.1 E577.78119
G1 X118.008 Y115.326 E577.78871
G1 X117.961 Y115.563 E577.79675
G1 X117.726 Y115.846 E577.80899
G1 X116.248 Y116.48 E577.86248
G1 X116.063 Y116.512 E577.86872
G1 X115.806 Y116.46 E577.87744
G1 X115.453 Y116.146 E577.89316
G1 X115.318 Y116.358 E577.90151
G1 X115.15 Y116.752 E577.91576
G1 X115.058 Y117.168 E577.92993
G1 X115.038 Y117.595 E577.94415
G1 X115.093 Y118.027 E577.95863
G1 X115.217 Y118.426 E577.97253
G1 X115.422 Y118.818 E577.98724
G1 X115.675 Y119.155 E578.00126
G1 X115.989 Y119.443 E578.01543
G1 X116.352 Y119.678 E578.02981
G1 X116.746 Y119.841 E578.04399
G1 X117.164 Y119.934 E578.05824
G1 X117.5 Y119.95 E578.06943
G0 F9000 X117.5 Y120.35
;TYPE:WALL-OUTER
G1 F600 X117.607 Y120.355 E578.07299
G1 X118.109 Y120.291 E578.08982
G1 X118.576 Y120.146 E578.10608
G1 X119.028 Y119.914 E578.12298
G1 X119.42 Y119.615 E578.13938
G1 X119.757 Y119.249 E578.15593
G1 X120.03 Y118.826 E578.17267
G1 X120.22 Y118.371 E578.18907
G1 X120.328 Y117.885 E578.20563
G1 X120.351 Y117.385 E578.22228
G1 X120.287 Y116.887 E578.23898
G1 X120.142 Y116.416 E578.25537
G1 X119.91 Y115.964 E578.27227
G1 X119.611 Y115.576 E578.28856
G1 X119.245 Y115.235 E578.3052
G1 X118.822 Y114.966 E578.32187
G1 X118.366 Y114.772 E578.33835
G1 X117.881 Y114.664 E578.35488
G1 X117.581 Y114.65 E578.36487
G1 X117.612 Y115.386 E578.38937
G1 X117.507 Y115.503 E578.3946
G1 X116.118 Y116.102 E578.44491
G1 X116.019 Y116.11 E578.44821
G1 X115.904 Y116.047 E578.45257
G1 X115.432 Y115.53 E578.47586
G1 X115.231 Y115.751 E578.48579
G1 X114.962 Y116.17 E578.50235
G1 X114.768 Y116.63 E578.51896
G1 X114.66 Y117.115 E578.53549
G1 X114.637 Y117.611 E578.552
G1 X114.701 Y118.113 E578.56883
G1 X114.846 Y118.579 E578.58506
G1 X115.082 Y119.032 E578.60205
G1 X115.377 Y119.425 E578.6184
G1 X115.743 Y119.761 E578.63492
G1 X116.166 Y120.034 E578.65167
G1 X116.625 Y120.224 E578.66819
G1 X117.111 Y120.332 E578.68475
G1 X117.5 Y120.35 E578.6977
G0 F9000 X117.534 Y119.645
G0 X119.007 Y119.02
G0 X119.174 Y119.174
;TYPE:FILL
G1 F600 X116.473 Y116.473 E578.82475
G0 F9000 X116.564 Y116.685
G0 X119.02 Y115.993
G0 X119.175 Y115.825
G1 F600 X115.821 Y119.179 E578.98251
G0 F9000 X116.18 Y118.791
;MESH:NONMESH
G0 F300 X116.18 Y118.791 Z52
G0 F9000 X117.515 Y119.644
G0 X117.5 Y119.95
;TIME_ELAPSED:1965.114636
;LAYER:259
;note -- min layer time used
;TYPE:WALL-INNER
;MESH:FT09-Input Shaft.stl
G1 F600 X117.591 Y119.954 E578.98554
G1 X118.024 Y119.899 E579.00006
G1 X118.424 Y119.774 E579.01399
G1 X118.814 Y119.574 E579.02857
G1 X119.15 Y119.318 E579.04262
G1 X119.439 Y119.003 E579.05684
G1 X119.674 Y118.639 E579.07125
G1 X119.837 Y118.249 E579.08531
G1 X119.93 Y117.832 E579.09952
G1 X119.95 Y117.401 E579.11387
G1 X119.895 Y116.972 E579.12825
G1 X119.77 Y116.568 E579.14232
G1 X119.571 Y116.179 E579.15685
G1 X119.315 Y115.846 E579.17082
G1 X118.999 Y115.553 E579.18516
G1 X118.635 Y115.322 E579.1995
G1 X118.243 Y115.154 E579.21368
G1 X118.001 Y115.1 E579.22193
G1 X118.008 Y115.326 E579.22945
G1 X117.961 Y115.563 E579.23748
G1 X117.726 Y115.846 E579.24972
G1 X116.248 Y116.48 E579.30321
G1 X116.063 Y116.512 E579.30945
G1 X115.806 Y116.46 E579.31817
G1 X115.453 Y116.146 E579.33389
G1 X115.318 Y116.358 E579.34225
G1 X115.15 Y116.752 E579.35649
G1 X115.058 Y117.168 E579.37066
G1 X115.038 Y117.595 E579.38488
G1 X115.093 Y118.027 E579.39937
G1 X115.217 Y118.426 E579.41326
G1 X115.422 Y118.818 E579.42798
G1 X115.675 Y119.155 E579.44199
G1 X115.989 Y119.443 E579.45616
G1 X116.352 Y119.678 E579.47055
G1 X116.746 Y119.841 E579.48473
G1 X117.164 Y119.934 E579.49897
G1 X117.5 Y119.95 E579.51016
G0 F9000 X117.5 Y120.35
;TYPE:WALL-OUTER
G1 F600 X117.607 Y120.355 E579.51372
G1 X118.109 Y120.291 E579.53055
G1 X118.576 Y120.146 E579.54682
G1 X119.028 Y119.914 E579.56371
G1 X119.42 Y119.615 E579.58011
G1 X119.757 Y119.249 E579.59666
G1 X120.03 Y118.826 E579.6134
G1 X120.22 Y118.371 E579.6298
G1 X120.328 Y117.885 E579.64636
G1 X120.351 Y117.385 E579.66301
G1 X120.287 Y116.887 E579.67971
G1 X120.142 Y116.416 E579.6961
G1 X119.91 Y115.964 E579.713
G1 X119.611 Y115.576 E579.72929
G1 X119.245 Y115.235 E579.74593
G1 X118.822 Y114.966 E579.7626
G1 X118.366 Y114.772 E579.77909
G1 X117.881 Y114.664 E579.79561
G1 X117.581 Y114.65 E579.8056
G1 X117.612 Y115.386 E579.8301
G1 X117.507 Y115.503 E579.83533
G1 X116.118 Y116.102 E579.88564
G1 X116.019 Y116.11 E579.88895
G1 X115.904 Y116.047 E579.89331
G1 X115.432 Y115.53 E579.91659
G1 X115.231 Y115.751 E579.92653
G1 X114.962 Y116.17 E579.94309
G1 X114.768 Y116.63 E579.95969
G1 X114.66 Y117.115 E579.97622
G1 X114.637 Y117.611 E579.99273
G1 X114.701 Y118.113 E580.00956
G1 X114.846 Y118.579 E580.0258
G1 X115.082 Y119.032 E580.04279
G1 X115.377 Y119.425 E580.05913
G1 X115.743 Y119.761 E580.07565
G1 X116.166 Y120.034 E580.0924
G1 X116.625 Y120.224 E580.10892
G1 X117.111 Y120.332 E580.12548
G1 X117.5 Y120.35 E580.13843
G0 F9000 X117.534 Y119.645
G0 X119.007 Y119.02
G0 X119.174 Y119.174
;TYPE:FILL
G1 F600 X116.473 Y116.473 E580.26548
G0 F9000 X116.564 Y116.685
G0 X119.02 Y115.993
G0 X119.175 Y115.825
G1 F600 X115.821 Y119.179 E580.42324
G0 F9000 X116.18 Y118.791
;MESH:NONMESH
G0 F300 X116.18 Y118.791 Z52.2
G0 F9000 X117.515 Y119.644
G0 X117.5 Y119.95
;TIME_ELAPSED:1970.076038
;LAYER:260
;note -- min layer time used
;TYPE:WALL-INNER
;MESH:FT09-Input Shaft.stl
G1 F600 X117.591 Y119.954 E580.42627
G1 X118.024 Y119.899 E580.44079
G1 X118.424 Y119.774 E580.45473
G1 X118.814 Y119.574 E580.4693
G1 X119.15 Y119.318 E580.48335
G1 X119.439 Y119.003 E580.49757
G1 X119.674 Y118.639 E580.51198
G1 X119.837 Y118.249 E580.52604
G1 X119.93 Y117.832 E580.54025
G1 X119.95 Y117.401 E580.5546
G1 X119.895 Y116.972 E580.56899
G1 X119.77 Y116.568 E580.58305
G1 X119.571 Y116.179 E580.59759
G1 X119.315 Y115.846 E580.61156
G1 X118.999 Y115.553 E580.62589
G1 X118.635 Y115.322 E580.64023
G1 X118.243 Y115.154 E580.65441
G1 X118.001 Y115.1 E580.66266
G1 X118.008 Y115.326 E580.67018
G1 X117.961 Y115.563 E580.67822
G1 X117.726 Y115.846 E580.69045
G1 X116.248 Y116.48 E580.74394
G1 X116.063 Y116.512 E580.75019
G1 X115.806 Y116.46 E580.75891
G1 X115.453 Y116.146 E580.77462
G1 X115.318 Y116.358 E580.78298
G1 X115.15 Y116.752 E580.79723
G1 X115.058 Y117.168 E580.8114
G1 X115.038 Y117.595 E580.82561
G1 X115.093 Y118.027 E580.8401
G1 X115.217 Y118.426 E580.854
G1 X115.422 Y118.818 E580.86871
G1 X115.675 Y119.155 E580.88272
G1 X115.989 Y119.443 E580.8969
G1 X116.352 Y119.678 E580.91128
G1 X116.746 Y119.841 E580.92546
G1 X117.164 Y119.934 E580.9397
G1 X117.5 Y119.95 E580.95089
G0 F9000 X117.5 Y120.35
;TYPE:WALL-OUTER
G1 F600 X117.607 Y120.355 E580.95445
G1 X118.109 Y120.291 E580.97129
G1 X118.576 Y120.146 E580.98755
G1 X119.028 Y119.914 E581.00445
G1 X119.42 Y119.615 E581.02085
G1 X119.757 Y119.249 E581.03739
G1 X120.03 Y118.826 E581.05414
G1 X120.22 Y118.371 E581.07054
G1 X120.328 Y117.885 E581.0871
G1 X120.351 Y117.385 E581.10374
G1 X120.287 Y116.887 E581.12044
G1 X120.142 Y116.416 E581.13683
G1 X119.91 Y115.964 E581.15373
G1 X119.611 Y115.576 E581.17003
G1 X119.245 Y115.235 E581.18666
G1 X118.822 Y114.966 E581.20334
G1 X118.366 Y114.772 E581.21982
G1 X117.881 Y114.664 E581.23634
G1 X117.581 Y114.65 E581.24633
G1 X117.612 Y115.386 E581.27083
G1 X117.507 Y115.503 E581.27606
G1 X116.118 Y116.102 E581.32637
G1 X116.019 Y116.11 E581.32968
G1 X115.904 Y116.047 E581.33404
G1 X115.432 Y115.53 E581.35732
G1 X115.231 Y115.751 E581.36726
G1 X114.962 Y116.17 E581.38382
G1 X114.768 Y116.63 E581.40042
G1 X114.66 Y117.115 E581.41695
G1 X114.637 Y117.611 E581.43347
G1 X114.701 Y118.113 E581.4503
G1 X114.846 Y118.579 E581.46653
G1 X115.082 Y119.032 E581.48352
G1 X115.377 Y119.425 E581.49986
G1 X115.743 Y119.761 E581.51639
G1 X116.166 Y120.034 E581.53313
G1 X116.625 Y120.224 E581.54965
G1 X117.111 Y120.332 E581.56621
G1 X117.5 Y120.35 E581.57917
G0 F9000 X117.534 Y119.645
G0 X119.007 Y119.02
G0 X119.174 Y119.174
;TYPE:FILL
G1 F600 X116.473 Y116.473 E581.70621
G0 F9000 X116.564 Y116.685
G0 X119.02 Y115.993
G0 X119.175 Y115.825
G1 F600 X115.821 Y119.179 E581.86397
G0 F9000 X116.18 Y118.791
;MESH:NONMESH
G0 F300 X116.18 Y118.791 Z52.4
G0 F9000 X117.515 Y119.644
G0 X117.5 Y119.95
;TIME_ELAPSED:1975.037440
;LAYER:261
;note -- min layer time used
;TYPE:WALL-INNER
;MESH:FT09-Input Shaft.stl
G1 F600 X117.591 Y119.954 E581.867
G1 X118.024 Y119.899 E581.88152
G1 X118.424 Y119.774 E581.89546
G1 X118.814 Y119.574 E581.91004
G1 X119.15 Y119.318 E581.92409
G1 X119.439 Y119.003 E581.9383
G1 X119.674 Y118.639 E581.95272
G1 X119.837 Y118.249 E581.96677
G1 X119.93 Y117.832 E581.98098
G1 X119.95 Y117.401 E581.99533
G1 X119.895 Y116.972 E582.00972
G1 X119.77 Y116.568 E582.02379
G1 X119.571 Y116.179 E582.03832
G1 X119.315 Y115.846 E582.05229
G1 X118.999 Y115.553 E582.06662
G1 X118.635 Y115.322 E582.08096
G1 X118.243 Y115.154 E582.09515
G1 X118.001 Y115.1 E582.10339
G1 X118.008 Y115.326 E582.11091
G1 X117.961 Y115.563 E582.11895
G1 X117.726 Y115.846 E582.13118
G1 X116.248 Y116.48 E582.18467
G1 X116.063 Y116.512 E582.19092
G1 X115.806 Y116.46 E582.19964
G1 X115.453 Y116.146 E582.21535
G1 X115.318 Y116.358 E582.22371
G1 X115.15 Y116.752 E582.23796
G1 X115.058 Y117.168 E582.25213
G1 X115.038 Y117.595 E582.26635
G1 X115.093 Y118.027 E582.28083
G1 X115.217 Y118.426 E582.29473
G1 X115.422 Y118.818 E582.30944
G1 X115.675 Y119.155 E582.32346
G1 X115.989 Y119.443 E582.33763
G1 X116.352 Y119.678 E582.35201
G1 X116.746 Y119.841 E582.36619
G1 X117.164 Y119.934 E582.38044
G1 X117.5 Y119.95 E582.39162
G0 F9000 X117.5 Y120.35
;TYPE:WALL-OUTER
G1 F600 X117.607 Y120.355 E582.39519
G1 X118.109 Y120.291 E582.41202
G1 X118.576 Y120.146 E582.42828
G1 X119.028 Y119.914 E582.44518
G1 X119.42 Y119.615 E582.46158
G1 X119.757 Y119.249 E582.47813
G1 X120.03 Y118.826 E582.49487
G1 X120.22 Y118.371 E582.51127
G1 X120.328 Y117.885 E582.52783
G1 X120.351 Y117.385 E582.54448
G1 X120.287 Y116.887 E582.56118
G1 X120.142 Y116.416 E582.57757
G1 X119.91 Y115.964 E582.59447
G1 X119.611 Y115.576 E582.61076
G1 X119.245 Y115.235 E582.6274
G1 X118.822 Y114.966 E582.64407
G1 X118.366 Y114.772 E582.66055
G1 X117.881 Y114.664 E582.67708
G1 X117.581 Y114.65 E582.68707
G1 X117.612 Y115.386 E582.71157
G1 X117.507 Y115.503 E582.7168
G1 X116.118 Y116.102 E582.76711
G1 X116.019 Y116.11 E582.77041
G1 X115.904 Y116.047 E582.77477
G1 X115.432 Y115.53 E582.79806
G1 X115.231 Y115.751 E582.80799
G1 X114.962 Y116.17 E582.82455
G1 X114.768 Y116.63 E582.84116
G1 X114.66 Y117.115 E582.85768
G1 X114.637 Y117.611 E582.8742
G1 X114.701 Y118.113 E582.89103
G1 X114.846 Y118.579 E582.90726
G1 X115.082 Y119.032 E582.92425
G1 X115.377 Y119.425 E582.94059
G1 X115.743 Y119.761 E582.95712
G1 X116.166 Y120.034 E582.97386
G1 X116.625 Y120.224 E582.99039
G1 X117.111 Y120.332 E583.00695
G1 X117.5 Y120.35 E583.0199
G0 F9000 X117.534 Y119.645
G0 X119.007 Y119.02
G0 X119.174 Y119.174
;TYPE:FILL
G1 F600 X116.473 Y116.473 E583.14694
G0 F9000 X116.564 Y116.685
G0 X119.02 Y115.993
G0 X119.175 Y115.825
G1 F600 X115.821 Y119.179 E583.30471
G0 F9000 X116.18 Y118.791
;MESH:NONMESH
G0 F300 X116.18 Y118.791 Z52.6
G0 F9000 X117.515 Y119.644
G0 X117.5 Y119.95
;TIME_ELAPSED:1979.998842
;LAYER:262
;note -- min layer time used
;TYPE:WALL-INNER
;MESH:FT09-Input Shaft.stl
G1 F600 X117.591 Y119.954 E583.30774
G1 X118.024 Y119.899 E583.32225
G1 X118.424 Y119.774 E583.33619
G1 X118.814 Y119.574 E583.35077
G1 X119.15 Y119.318 E583.36482
G1 X119.439 Y119.003 E583.37904
G1 X119.674 Y118.639 E583.39345
G1 X119.837 Y118.249 E583.40751
G1 X119.93 Y117.832 E583.42172
G1 X119.95 Y117.401 E583.43607
G1 X119.895 Y116.972 E583.45045
G1 X119.77 Y116.568 E583.46452
G1 X119.571 Y116.179 E583.47905
G1 X119.315 Y115.846 E583.49302
G1 X118.999 Y115.553 E583.50735
G1 X118.635 Y115.322 E583.52169
G1 X118.243 Y115.154 E583.53588
G1 X118.001 Y115.1 E583.54413
G1 X118.008 Y115.326 E583.55165
G1 X117.961 Y115.563 E583.55968
G1 X117.726 Y115.846 E583.57192
G1 X116.248 Y116.48 E583.62541
G1 X116.063 Y116.512 E583.63165
G1 X115.806 Y116.46 E583.64037
G1 X115.453 Y116.146 E583.65609
G1 X115.318 Y116.358 E583.66445
G1 X115.15 Y116.752 E583.67869
G1 X115.058 Y117.168 E583.69286
G1 X115.038 Y117.595 E583.70708
G1 X115.093 Y118.027 E583.72156
G1 X115.217 Y118.426 E583.73546
G1 X115.422 Y118.818 E583.75017
G1 X115.675 Y119.155 E583.76419
G1 X115.989 Y119.443 E583.77836
G1 X116.352 Y119.678 E583.79274
G1 X116.746 Y119.841 E583.80693
G1 X117.164 Y119.934 E583.82117
G1 X117.5 Y119.95 E583.83236
G0 F9000 X117.5 Y120.35
;TYPE:WALL-OUTER
G1 F600 X117.607 Y120.355 E583.83592
G1 X118.109 Y120.291 E583.85275
G1 X118.576 Y120.146 E583.86901
G1 X119.028 Y119.914 E583.88591
G1 X119.42 Y119.615 E583.90231
G1 X119.757 Y119.249 E583.91886
G1 X120.03 Y118.826 E583.9356
G1 X120.22 Y118.371 E583.952
G1 X120.328 Y117.885 E583.96856
G1 X120.351 Y117.385 E583.98521
G1 X120.287 Y116.887 E584.00191
G1 X120.142 Y116.416 E584.0183
G1 X119.91 Y115.964 E584.0352
G1 X119.611 Y115.576 E584.05149
G1 X119.245 Y115.235 E584.06813
G1 X118.822 Y114.966 E584.0848
G1 X118.366 Y114.772 E584.10128
G1 X117.881 Y114.664 E584.11781
G1 X117.581 Y114.65 E584.1278
G1 X117.612 Y115.386 E584.1523
G1 X117.507 Y115.503 E584.15753
G1 X116.118 Y116.102 E584.20784
G1 X116.019 Y116.11 E584.21114
G1 X115.904 Y116.047 E584.2155
G1 X115.432 Y115.53 E584.23879
G1 X115.231 Y115.751 E584.24872
G1 X114.962 Y116.17 E584.26529
G1 X114.768 Y116.63 E584.28189
G1 X114.66 Y117.115 E584.29842
G1 X114.637 Y117.611 E584.31493
G1 X114.701 Y118.113 E584.33176
G1 X114.846 Y118.579 E584.34799
G1 X115.082 Y119.032 E584.36498
G1 X115.377 Y119.425 E584.38133
G1 X115.743 Y119.761 E584.39785
G1 X116.166 Y120.034 E584.4146
G1 X116.625 Y120.224 E584.43112
G1 X117.111 Y120.332 E584.44768
G1 X117.5 Y120.35 E584.46063
G0 F9000 X117.534 Y119.645
G0 X119.007 Y119.02
G0 X119.174 Y119.174
;TYPE:FILL
G1 F600 X116.473 Y116.473 E584.58768
G0 F9000 X116.564 Y116.685
G0 X119.02 Y115.993
G0 X119.175 Y115.825
G1 F600 X115.821 Y119.179 E584.74544
G0 F9000 X116.18 Y118.791
;MESH:NONMESH
G0 F300 X116.18 Y118.791 Z52.8
G0 F9000 X117.515 Y119.644
G0 X117.5 Y119.95
;TIME_ELAPSED:1984.960244
;LAYER:263
;note -- min layer time used
;TYPE:WALL-INNER
;MESH:FT09-Input Shaft.stl
G1 F600 X117.591 Y119.954 E584.74847
G1 X118.024 Y119.899 E584.76299
G1 X118.424 Y119.774 E584.77692
G1 X118.814 Y119.574 E584.7915
G1 X119.15 Y119.318 E584.80555
G1 X119.439 Y119.003 E584.81977
G1 X119.674 Y118.639 E584.83418
G1 X119.837 Y118.249 E584.84824
G1 X119.93 Y117.832 E584.86245
G1 X119.95 Y117.401 E584.8768
G1 X119.895 Y116.972 E584.89119
G1 X119.77 Y116.568 E584.90525
G1 X119.571 Y116.179 E584.91978
G1 X119.315 Y115.846 E584.93375
G1 X118.999 Y115.553 E584.94809
G1 X118.635 Y115.322 E584.96243
G1 X118.243 Y115.154 E584.97661
G1 X118.001 Y115.1 E584.98486
G1 X118.008 Y115.326 E584.99238
G1 X117.961 Y115.563 E585.00041
G1 X117.726 Y115.846 E585.01265
G1 X116.248 Y116.48 E585.06614
G1 X116.063 Y116.512 E585.07238
G1 X115.806 Y116.46 E585.08111
G1 X115.453 Y116.146 E585.09682
G1 X115.318 Y116.358 E585.10518
G1 X115.15 Y116.752 E585.11942
G1 X115.058 Y117.168 E585.13359
G1 X115.038 Y117.595 E585.14781
G1 X115.093 Y118.027 E585.1623
G1 X115.217 Y118.426 E585.17619
G1 X115.422 Y118.818 E585.19091
G1 X115.675 Y119.155 E585.20492
G1 X115.989 Y119.443 E585.21909
G1 X116.352 Y119.678 E585.23348
G1 X116.746 Y119.841 E585.24766
G1 X117.164 Y119.934 E585.2619
G1 X117.5 Y119.95 E585.27309
G0 F9000 X117.5 Y120.35
;TYPE:WALL-OUTER
G1 F600 X117.607 Y120.355 E585.27665
G1 X118.109 Y120.291 E585.29348
G1 X118.576 Y120.146 E585.30975
G1 X119.028 Y119.914 E585.32665
G1 X119.42 Y119.615 E585.34304
G1 X119.757 Y119.249 E585.35959
G1 X120.03 Y118.826 E585.37634
G1 X120.22 Y118.371 E585.39274
G1 X120.328 Y117.885 E585.40929
G1 X120.351 Y117.385 E585.42594
G1 X120.287 Y116.887 E585.44264
G1 X120.142 Y116.416 E585.45903
G1 X119.91 Y115.964 E585.47593
G1 X119.611 Y115.576 E585.49222
G1 X119.245 Y115.235 E585.50886
G1 X118.822 Y114.966 E585.52553
G1 X118.366 Y114.772 E585.54202
G1 X117.881 Y114.664 E585.55854
G1 X117.581 Y114.65 E585.56853
G1 X117.612 Y115.386 E585.59303
G1 X117.507 Y115.503 E585.59826
G1 X116.118 Y116.102 E585.64857
G1 X116.019 Y116.11 E585.65188
G1 X115.904 Y116.047 E585.65624
G1 X115.432 Y115.53 E585.67952
G1 X115.231 Y115.751 E585.68946
G1 X114.962 Y116.17 E585.70602
G1 X114.768 Y116.63 E585.72262
G1 X114.66 Y117.115 E585.73915
G1 X114.637 Y117.611 E585.75566
G1 X114.701 Y118.113 E585.7725
G1 X114.846 Y118.579 E585.78873
G1 X115.082 Y119.032 E585.80572
G1 X115.377 Y119.425 E585.82206
G1 X115.743 Y119.761 E585.83859
G1 X116.166 Y120.034 E585.85533
G1 X116.625 Y120.224 E585.87185
G1 X117.111 Y120.332 E585.88841
G1 X117.5 Y120.35 E585.90136
G0 F9000 X117.534 Y119.645
G0 X119.007 Y119.02
G0 X119.174 Y119.174
;TYPE:FILL
G1 F600 X116.473 Y116.473 E586.02841
G0 F9000 X116.564 Y116.685
G0 X119.02 Y115.993
G0 X119.175 Y115.825
G1 F600 X115.821 Y119.179 E586.18617
G0 F9000 X116.18 Y118.791
;MESH:NONMESH
G0 F300 X116.18 Y118.791 Z53
G0 F9000 X117.515 Y119.644
G0 X117.5 Y119.95
;TIME_ELAPSED:1989.921647
;LAYER:264
;note -- min layer time used
;TYPE:WALL-INNER
;MESH:FT09-Input Shaft.stl
G1 F600 X117.591 Y119.954 E586.1892
G1 X118.024 Y119.899 E586.20372
G1 X118.424 Y119.774 E586.21766
G1 X118.814 Y119.574 E586.23224
G1 X119.15 Y119.318 E586.24628
G1 X119.439 Y119.003 E586.2605
G1 X119.674 Y118.639 E586.27491
G1 X119.837 Y118.249 E586.28897
G1 X119.93 Y117.832 E586.30318
G1 X119.95 Y117.401 E586.31753
G1 X119.895 Y116.972 E586.33192
G1 X119.77 Y116.568 E586.34598
G1 X119.571 Y116.179 E586.36052
G1 X119.315 Y115.846 E586.37449
G1 X118.999 Y115.553 E586.38882
G1 X118.635 Y115.322 E586.40316
G1 X118.243 Y115.154 E586.41734
G1 X118.001 Y115.1 E586.42559
G1 X118.008 Y115.326 E586.43311
G1 X117.961 Y115.563 E586.44115
G1 X117.726 Y115.846 E586.45338
G1 X116.248 Y116.48 E586.50687
G1 X116.063 Y116.512 E586.51312
G1 X115.806 Y116.46 E586.52184
G1 X115.453 Y116.146 E586.53755
G1 X115.318 Y116.358 E586.54591
G1 X115.15 Y116.752 E586.56016
G1 X115.058 Y117.168 E586.57433
G1 X115.038 Y117.595 E586.58855
G1 X115.093 Y118.027 E586.60303
G1 X115.217 Y118.426 E586.61693
G1 X115.422 Y118.818 E586.63164
G1 X115.675 Y119.155 E586.64566
G1 X115.989 Y119.443 E586.65983
G1 X116.352 Y119.678 E586.67421
G1 X116.746 Y119.841 E586.68839
G1 X117.164 Y119.934 E586.70263
G1 X117.5 Y119.95 E586.71382
G0 F9000 X117.5 Y120.35
;TYPE:WALL-OUTER
G1 F600 X117.607 Y120.355 E586.71738
G1 X118.109 Y120.291 E586.73422
G1 X118.576 Y120.146 E586.75048
G1 X119.028 Y119.914 E586.76738
G1 X119.42 Y119.615 E586.78378
G1 X119.757 Y119.249 E586.80032
G1 X120.03 Y118.826 E586.81707
G1 X120.22 Y118.371 E586.83347
G1 X120.328 Y117.885 E586.85003
G1 X120.351 Y117.385 E586.86667
G1 X120.287 Y116.887 E586.88337
G1 X120.142 Y116.416 E586.89977
G1 X119.91 Y115.964 E586.91666
G1 X119.611 Y115.576 E586.93296
G1 X119.245 Y115.235 E586.94959
G1 X118.822 Y114.966 E586.96627
G1 X118.366 Y114.772 E586.98275
G1 X117.881 Y114.664 E586.99928
G1 X117.581 Y114.65 E587.00926
G1 X117.612 Y115.386 E587.03377
G1 X117.507 Y115.503 E587.03899
G1 X116.118 Y116.102 E587.08931
G1 X116.019 Y116.11 E587.09261
G1 X115.904 Y116.047 E587.09697
G1 X115.432 Y115.53 E587.12025
G1 X115.231 Y115.751 E587.13019
G1 X114.962 Y116.17 E587.14675
G1 X114.768 Y116.63 E587.16336
G1 X114.66 Y117.115 E587.17988
G1 X114.637 Y117.611 E587.1964
G1 X114.701 Y118.113 E587.21323
G1 X114.846 Y118.579 E587.22946
G1 X115.082 Y119.032 E587.24645
G1 X115.377 Y119.425 E587.26279
G1 X115.743 Y119.761 E587.27932
G1 X116.166 Y120.034 E587.29606
G1 X116.625 Y120.224 E587.31259
G1 X117.111 Y120.332 E587.32914
G1 X117.5 Y120.35 E587.3421
G0 F9000 X117.534 Y119.645
G0 X119.007 Y119.02
G0 X119.174 Y119.174
;TYPE:FILL
G1 F600 X116.473 Y116.473 E587.46914
G0 F9000 X116.564 Y116.685
G0 X119.02 Y115.993
G0 X119.175 Y115.825
G1 F600 X115.821 Y119.179 E587.6269
G0 F9000 X116.18 Y118.791
;MESH:NONMESH
G0 F300 X116.18 Y118.791 Z53.2
G0 F9000 X117.515 Y119.644
G0 X117.5 Y119.95
;TIME_ELAPSED:1994.883049
;LAYER:265
;note -- min layer time used
;TYPE:WALL-INNER
;MESH:FT09-Input Shaft.stl
G1 F600 X117.591 Y119.954 E587.62993
G1 X118.024 Y119.899 E587.64445
G1 X118.424 Y119.774 E587.65839
G1 X118.814 Y119.574 E587.67297
G1 X119.15 Y119.318 E587.68702
G1 X119.439 Y119.003 E587.70124
G1 X119.674 Y118.639 E587.71565
G1 X119.837 Y118.249 E587.72971
G1 X119.93 Y117.832 E587.74392
G1 X119.95 Y117.401 E587.75827
G1 X119.895 Y116.972 E587.77265
G1 X119.77 Y116.568 E587.78672
G1 X119.571 Y116.179 E587.80125
G1 X119.315 Y115.846 E587.81522
G1 X118.999 Y115.553 E587.82955
G1 X118.635 Y115.322 E587.84389
G1 X118.243 Y115.154 E587.85808
G1 X118.001 Y115.1 E587.86632
G1 X118.008 Y115.326 E587.87384
G1 X117.961 Y115.563 E587.88188
G1 X117.726 Y115.846 E587.89411
G1 X116.248 Y116.48 E587.94761
G1 X116.063 Y116.512 E587.95385
G1 X115.806 Y116.46 E587.96257
G1 X115.453 Y116.146 E587.97828
G1 X115.318 Y116.358 E587.98664
G1 X115.15 Y116.752 E588.00089
G1 X115.058 Y117.168 E588.01506
G1 X115.038 Y117.595 E588.02928
G1 X115.093 Y118.027 E588.04376
G1 X115.217 Y118.426 E588.05766
G1 X115.422 Y118.818 E588.07237
G1 X115.675 Y119.155 E588.08639
G1 X115.989 Y119.443 E588.10056
G1 X116.352 Y119.678 E588.11494
G1 X116.746 Y119.841 E588.12912
G1 X117.164 Y119.934 E588.14337
G1 X117.5 Y119.95 E588.15455
G0 F9000 X117.5 Y120.35
;TYPE:WALL-OUTER
G1 F600 X117.607 Y120.355 E588.15812
G1 X118.109 Y120.291 E588.17495
G1 X118.576 Y120.146 E588.19121
G1 X119.028 Y119.914 E588.20811
G1 X119.42 Y119.615 E588.22451
G1 X119.757 Y119.249 E588.24106
G1 X120.03 Y118.826 E588.2578
G1 X120.22 Y118.371 E588.2742
G1 X120.328 Y117.885 E588.29076
G1 X120.351 Y117.385 E588.30741
G1 X120.287 Y116.887 E588.32411
G1 X120.142 Y116.416 E588.3405
G1 X119.91 Y115.964 E588.3574
G1 X119.611 Y115.576 E588.37369
G1 X119.245 Y115.235 E588.39033
G1 X118.822 Y114.966 E588.407
G1 X118.366 Y114.772 E588.42348
G1 X117.881 Y114.664 E588.44001
G1 X117.581 Y114.65 E588.45
G1 X117.612 Y115.386 E588.4745
G1 X117.507 Y115.503 E588.47973
G1 X116.118 Y116.102 E588.53004
G1 X116.019 Y116.11 E588.53334
G1 X115.904 Y116.047 E588.5377
G1 X115.432 Y115.53 E588.56099
G1 X115.231 Y115.751 E588.57092
G1 X114.962 Y116.17 E588.58748
G1 X114.768 Y116.63 E588.60409
G1 X114.66 Y117.115 E588.62061
G1 X114.637 Y117.611 E588.63713
G1 X114.701 Y118.113 E588.65396
G1 X114.846 Y118.579 E588.67019
G1 X115.082 Y119.032 E588.68718
G1 X115.377 Y119.425 E588.70353
G1 X115.743 Y119.761 E588.72005
G1 X116.166 Y120.034 E588.7368
G1 X116.625 Y120.224 E588.75332
G1 X117.111 Y120.332 E588.76988
G1 X117.5 Y120.35 E588.78283
G0 F9000 X117.534 Y119.645
G0 X119.007 Y119.02
G0 X119.174 Y119.174
;TYPE:FILL
G1 F600 X116.473 Y116.473 E588.90988
G0 F9000 X116.564 Y116.685
G0 X119.02 Y115.993
G0 X119.175 Y115.825
G1 F600 X115.821 Y119.179 E589.06764
G0 F9000 X116.18 Y118.791
;MESH:NONMESH
G0 F300 X116.18 Y118.791 Z53.4
G0 F9000 X117.515 Y119.644
G0 X117.5 Y119.95
;TIME_ELAPSED:1999.844451
;LAYER:266
;note -- min layer time used
;TYPE:WALL-INNER
;MESH:FT09-Input Shaft.stl
G1 F600 X117.591 Y119.954 E589.07067
G1 X118.024 Y119.899 E589.08518
G1 X118.424 Y119.774 E589.09912
G1 X118.814 Y119.574 E589.1137
G1 X119.15 Y119.318 E589.12775
G1 X119.439 Y119.003 E589.14197
G1 X119.674 Y118.639 E589.15638
G1 X119.837 Y118.249 E589.17044
G1 X119.93 Y117.832 E589.18465
G1 X119.95 Y117.401 E589.199
G1 X119.895 Y116.972 E589.21338
G1 X119.77 Y116.568 E589.22745
G1 X119.571 Y116.179 E589.24198
G1 X119.315 Y115.846 E589.25595
G1 X118.999 Y115.553 E589.27029
G1 X118.635 Y115.322 E589.28462
G1 X118.243 Y115.154 E589.29881
G1 X118.001 Y115.1 E589.30706
G1 X118.008 Y115.326 E589.31458
G1 X117.961 Y115.563 E589.32261
G1 X117.726 Y115.846 E589.33485
G1 X116.248 Y116.48 E589.38834
G1 X116.063 Y116.512 E589.39458
G1 X115.806 Y116.46 E589.4033
G1 X115.453 Y116.146 E589.41902
G1 X115.318 Y116.358 E589.42738
G1 X115.15 Y116.752 E589.44162
G1 X115.058 Y117.168 E589.45579
G1 X115.038 Y117.595 E589.47001
G1 X115.093 Y118.027 E589.4845
G1 X115.217 Y118.426 E589.49839
G1 X115.422 Y118.818 E589.51311
G1 X115.675 Y119.155 E589.52712
G1 X115.989 Y119.443 E589.54129
G1 X116.352 Y119.678 E589.55567
G1 X116.746 Y119.841 E589.56986
G1 X117.164 Y119.934 E589.5841
G1 X117.5 Y119.95 E589.59529
G0 F9000 X117.5 Y120.35
;TYPE:WALL-OUTER
G1 F600 X117.607 Y120.355 E589.59885
G1 X118.109 Y120.291 E589.61568
G1 X118.576 Y120.146 E589.63195
G1 X119.028 Y119.914 E589.64884
G1 X119.42 Y119.615 E589.66524
G1 X119.757 Y119.249 E589.68179
G1 X120.03 Y118.826 E589.69853
G1 X120.22 Y118.371 E589.71493
G1 X120.328 Y117.885 E589.73149
G1 X120.351 Y117.385 E589.74814
G1 X120.287 Y116.887 E589.76484
G1 X120.142 Y116.416 E589.78123
G1 X119.91 Y115.964 E589.79813
G1 X119.611 Y115.576 E589.81442
G1 X119.245 Y115.235 E589.83106
G1 X118.822 Y114.966 E589.84773
G1 X118.366 Y114.772 E589.86421
G1 X117.881 Y114.664 E589.88074
G1 X117.581 Y114.65 E589.89073
G1 X117.612 Y115.386 E589.91523
G1 X117.507 Y115.503 E589.92046
G1 X116.118 Y116.102 E589.97077
G1 X116.019 Y116.11 E589.97407
G1 X115.904 Y116.047 E589.97844
G1 X115.432 Y115.53 E590.00172
G1 X115.231 Y115.751 E590.01166
G1 X114.962 Y116.17 E590.02822
G1 X114.768 Y116.63 E590.04482
G1 X114.66 Y117.115 E590.06135
G1 X114.637 Y117.611 E590.07786
G1 X114.701 Y118.113 E590.09469
G1 X114.846 Y118.579 E590.11093
G1 X115.082 Y119.032 E590.12791
G1 X115.377 Y119.425 E590.14426
G1 X115.743 Y119.761 E590.16078
G1 X116.166 Y120.034 E590.17753
G1 X116.625 Y120.224 E590.19405
G1 X117.111 Y120.332 E590.21061
G1 X117.5 Y120.35 E590.22356
G0 F9000 X117.534 Y119.645
G0 X119.007 Y119.02
G0 X119.174 Y119.174
;TYPE:FILL
G1 F600 X116.473 Y116.473 E590.35061
G0 F9000 X116.564 Y116.685
G0 X119.02 Y115.993
G0 X119.175 Y115.825
G1 F600 X115.821 Y119.179 E590.50837
G0 F9000 X116.18 Y118.791
;MESH:NONMESH
G0 F300 X116.18 Y118.791 Z53.6
G0 F9000 X117.515 Y119.644
G0 X117.5 Y119.95
;TIME_ELAPSED:2004.805853
;LAYER:267
;note -- min layer time used
;TYPE:WALL-INNER
;MESH:FT09-Input Shaft.stl
G1 F600 X117.591 Y119.954 E590.5114
G1 X118.024 Y119.899 E590.52592
G1 X118.424 Y119.774 E590.53986
G1 X118.814 Y119.574 E590.55443
G1 X119.15 Y119.318 E590.56848
G1 X119.439 Y119.003 E590.5827
G1 X119.674 Y118.639 E590.59711
G1 X119.837 Y118.249 E590.61117
G1 X119.93 Y117.832 E590.62538
G1 X119.95 Y117.401 E590.63973
G1 X119.895 Y116.972 E590.65412
G1 X119.77 Y116.568 E590.66818
G1 X119.571 Y116.179 E590.68272
G1 X119.315 Y115.846 E590.69669
G1 X118.999 Y115.553 E590.71102
G1 X118.635 Y115.322 E590.72536
G1 X118.243 Y115.154 E590.73954
G1 X118.001 Y115.1 E590.74779
G1 X118.008 Y115.326 E590.75531
G1 X117.961 Y115.563 E590.76335
G1 X117.726 Y115.846 E590.77558
G1 X116.248 Y116.48 E590.82907
G1 X116.063 Y116.512 E590.83532
G1 X115.806 Y116.46 E590.84404
G1 X115.453 Y116.146 E590.85975
G1 X115.318 Y116.358 E590.86811
G1 X115.15 Y116.752 E590.88236
G1 X115.058 Y117.168 E590.89653
G1 X115.038 Y117.595 E590.91074
G1 X115.093 Y118.027 E590.92523
G1 X115.217 Y118.426 E590.93912
G1 X115.422 Y118.818 E590.95384
G1 X115.675 Y119.155 E590.96785
G1 X115.989 Y119.443 E590.98203
G1 X116.352 Y119.678 E590.99641
G1 X116.746 Y119.841 E591.01059
G1 X117.164 Y119.934 E591.02483
G1 X117.5 Y119.95 E591.03602
G0 F9000 X117.5 Y120.35
;TYPE:WALL-OUTER
G1 F600 X117.607 Y120.355 E591.03958
G1 X118.109 Y120.291 E591.05641
G1 X118.576 Y120.146 E591.07268
G1 X119.028 Y119.914 E591.08958
G1 X119.42 Y119.615 E591.10597
G1 X119.757 Y119.249 E591.12252
G1 X120.03 Y118.826 E591.13927
G1 X120.22 Y118.371 E591.15567
G1 X120.328 Y117.885 E591.17223
G1 X120.351 Y117.385 E591.18887
G1 X120.287 Y116.887 E591.20557
G1 X120.142 Y116.416 E591.22196
G1 X119.91 Y115.964 E591.23886
G1 X119.611 Y115.576 E591.25515
G1 X119.245 Y115.235 E591.27179
G1 X118.822 Y114.966 E591.28847
G1 X118.366 Y114.772 E591.30495
G1 X117.881 Y114.664 E591.32147
G1 X117.581 Y114.65 E591.33146
G1 X117.612 Y115.386 E591.35596
G1 X117.507 Y115.503 E591.36119
G1 X116.118 Y116.102 E591.4115
G1 X116.019 Y116.11 E591.41481
G1 X115.904 Y116.047 E591.41917
G1 X115.432 Y115.53 E591.44245
G1 X115.231 Y115.751 E591.45239
G1 X114.962 Y116.17 E591.46895
G1 X114.768 Y116.63 E591.48555
G1 X114.66 Y117.115 E591.50208
G1 X114.637 Y117.611 E591.51859
G1 X114.701 Y118.113 E591.53543
G1 X114.846 Y118.579 E591.55166
G1 X115.082 Y119.032 E591.56865
G1 X115.377 Y119.425 E591.58499
G1 X115.743 Y119.761 E591.60152
G1 X116.166 Y120.034 E591.61826
G1 X116.625 Y120.224 E591.63478
G1 X117.111 Y120.332 E591.65134
G1 X117.5 Y120.35 E591.66429
G0 F9000 X116.832 Y119.656
;TYPE:FILL
G1 F600 X118.765 Y119.359 E591.72934
G0 F9000 X119.174 Y119.174
G1 F600 X116.95 Y116.95 E591.83395
G1 X118.875 Y116.123 E591.90364
G1 X115.821 Y119.179 E592.04733
G0 F9000 X116.209 Y119.347
G1 F600 X118.928 Y118.929 E592.13883
G1 X118.896 Y118.894
G1 X119.407 Y116.297 E592.22686
G0 F9000 X119.175 Y115.825
G1 F600 X118.875 Y116.123 E592.24093
G0 F9000 X117.112 Y117.112
G1 F600 X115.44 Y118.42 E592.31153
G0 F9000 X115.3 Y118.021
G1 F600 X116.827 Y116.827 E592.376
G1 X116.95 Y116.95
G1 X116.473 Y116.473 E592.39844
G0 F9000 X116.682 Y116.961
;MESH:NONMESH
G0 F300 X116.682 Y116.961 Z53.8
G0 F9000 X117.515 Y119.644
G0 X117.5 Y119.95
;TIME_ELAPSED:2011.266169
;LAYER:268
;note -- min layer time used
;TYPE:WALL-INNER
;MESH:FT09-Input Shaft.stl
G1 F600 X117.591 Y119.954 E592.40147
G1 X118.024 Y119.899 E592.41599
G1 X118.424 Y119.774 E592.42993
G1 X118.814 Y119.574 E592.4445
G1 X119.15 Y119.318 E592.45855
G1 X119.439 Y119.003 E592.47277
G1 X119.674 Y118.639 E592.48718
G1 X119.837 Y118.249 E592.50124
G1 X119.93 Y117.832 E592.51545
G1 X119.95 Y117.401 E592.5298
G1 X119.895 Y116.972 E592.54419
G1 X119.77 Y116.568 E592.55825
G1 X119.571 Y116.179 E592.57279
G1 X119.315 Y115.846 E592.58676
G1 X118.999 Y115.553 E592.60109
G1 X118.635 Y115.322 E592.61543
G1 X118.243 Y115.154 E592.62961
G1 X118.001 Y115.1 E592.63786
G1 X118.008 Y115.326 E592.64538
G1 X117.961 Y115.563 E592.65342
G1 X117.726 Y115.846 E592.66565
G1 X116.248 Y116.48 E592.71914
G1 X116.063 Y116.512 E592.72539
G1 X115.806 Y116.46 E592.73411
G1 X115.453 Y116.146 E592.74982
G1 X115.318 Y116.358 E592.75818
G1 X115.15 Y116.752 E592.77243
G1 X115.058 Y117.168 E592.7866
G1 X115.038 Y117.595 E592.80081
G1 X115.093 Y118.027 E592.8153
G1 X115.217 Y118.426 E592.82919
G1 X115.422 Y118.818 E592.84391
G1 X115.675 Y119.155 E592.85792
G1 X115.989 Y119.443 E592.8721
G1 X116.352 Y119.678 E592.88648
G1 X116.746 Y119.841 E592.90066
G1 X117.164 Y119.934 E592.9149
G1 X117.5 Y119.95 E592.92609
G0 F9000 X117.5 Y120.35
;TYPE:WALL-OUTER
G1 F600 X117.607 Y120.355 E592.92965
G1 X118.109 Y120.291 E592.94648
G1 X118.576 Y120.146 E592.96275
G1 X119.028 Y119.914 E592.97965
G1 X119.42 Y119.615 E592.99604
G1 X119.757 Y119.249 E593.01259
G1 X120.03 Y118.826 E593.02934
G1 X120.22 Y118.371 E593.04574
G1 X120.328 Y117.885 E593.0623
G1 X120.351 Y117.385 E593.07894
G1 X120.287 Y116.887 E593.09564
G1 X120.142 Y116.416 E593.11203
G1 X119.91 Y115.964 E593.12893
G1 X119.611 Y115.576 E593.14522
G1 X119.245 Y115.235 E593.16186
G1 X118.822 Y114.966 E593.17854
G1 X118.366 Y114.772 E593.19502
G1 X117.881 Y114.664 E593.21154
G1 X117.581 Y114.65 E593.22153
G1 X117.612 Y115.386 E593.24603
G1 X117.507 Y115.503 E593.25126
G1 X116.118 Y116.102 E593.30157
G1 X116.019 Y116.11 E593.30488
G1 X115.904 Y116.047 E593.30924
G1 X115.432 Y115.53 E593.33252
G1 X115.231 Y115.751 E593.34246
G1 X114.962 Y116.17 E593.35902
G1 X114.768 Y116.63 E593.37562
G1 X114.66 Y117.115 E593.39215
G1 X114.637 Y117.611 E593.40866
G1 X114.701 Y118.113 E593.4255
G1 X114.846 Y118.579 E593.44173
G1 X115.082 Y119.032 E593.45872
G1 X115.377 Y119.425 E593.47506
G1 X115.743 Y119.761 E593.49159
G1 X116.166 Y120.034 E593.50833
G1 X116.625 Y120.224 E593.52485
G1 X117.111 Y120.332 E593.54141
G1 X117.5 Y120.35 E593.55436
G0 F9000 X117.5 Y119.587
;TYPE:SKIN
G1 F600 X117.207 Y119.573 E593.56412
G1 X116.853 Y119.496 E593.57617
G1 X116.526 Y119.358 E593.58798
G1 X116.207 Y119.153 E593.60059
G1 X115.942 Y118.909 E593.61257
G1 X115.726 Y118.621 E593.62454
G1 X115.55 Y118.283 E593.63722
G1 X115.449 Y117.961 E593.64844
G1 X115.401 Y117.575 E593.66138
G1 X115.416 Y117.211 E593.67349
G1 X115.496 Y116.858 E593.68553
G1 X115.555 Y116.718 E593.69059
G1 X115.888 Y116.858 E593.7026
G1 X116.323 Y116.838 E593.71708
G1 X117.933 Y116.14 E593.77545
G1 X118.167 Y115.915 E593.78625
G1 X118.319 Y115.578 E593.79854
G1 X118.473 Y115.646 E593.80414
G1 X118.773 Y115.835 E593.81593
G1 X119.039 Y116.084 E593.82805
G1 X119.266 Y116.376 E593.84035
G1 X119.43 Y116.696 E593.85231
G1 X119.539 Y117.051 E593.86467
G1 X119.587 Y117.417 E593.87694
G1 X119.568 Y117.785 E593.8892
G1 X119.492 Y118.138 E593.90121
G1 X119.354 Y118.462 E593.91292
G1 X119.152 Y118.781 E593.92548
G1 X118.901 Y119.051 E593.93774
G1 X118.624 Y119.262 E593.94932
G1 X118.287 Y119.438 E593.96197
G1 X117.941 Y119.543 E593.97399
G1 X117.572 Y119.591 E593.98637
G1 X117.5 Y119.587 E593.98877
G0 F9000 X117.488 Y119.848
G0 X116.794 Y119.688
G0 X116.088 Y119.315
G0 X115.66 Y118.843
G0 X115.203 Y118.043
G0 X115.643 Y117.906
G1 F600 X117.076 Y119.339 E594.05617
G0 F9000 X117.678 Y119.375
G1 F600 X115.611 Y117.308 E594.1534
G0 F9000 X115.929 Y117.06
G1 F600 X118.141 Y119.273 E594.25747
G0 F9000 X118.522 Y119.088
G1 F600 X116.44 Y117.006 E594.3554
G0 F9000 X116.836 Y116.836
G1 F600 X118.832 Y118.832 E594.44928
G0 F9000 X119.083 Y118.517
G1 F600 X117.231 Y116.666 E594.53637
G0 F9000 X117.627 Y116.496
G1 F600 X119.273 Y118.142 E594.6138
G0 F9000 X119.374 Y117.677
G1 F600 X118.022 Y116.325 E594.67739
G0 F9000 X118.312 Y116.05
G1 F600 X119.337 Y117.074 E594.72558
;MESH:NONMESH
G0 F300 X119.337 Y117.074 Z54
G0 F9000 X119.78 Y116.938
G0 X119.77 Y117.811
G0 X119.532 Y118.563
G0 X119.04 Y119.199
G0 X118.492 Y119.545
G0 X117.5 Y119.95
;TIME_ELAPSED:2019.341096
;LAYER:269
;note -- min layer time used
;TYPE:WALL-INNER
;MESH:FT09-Input Shaft.stl
G1 F600 X117.591 Y119.954 E594.72861
G1 X118.024 Y119.899 E594.74313
G1 X118.424 Y119.774 E594.75706
G1 X118.814 Y119.574 E594.77164
G1 X119.15 Y119.318 E594.78569
G1 X119.44 Y119.003 E594.79993
G1 X119.671 Y118.646 E594.81408
G1 X119.838 Y118.248 E594.82843
G1 X119.93 Y117.839 E594.84237
G1 X119.95 Y117.402 E594.85692
G1 X119.895 Y116.972 E594.87134
G1 X119.77 Y116.568 E594.88541
G1 X119.571 Y116.179 E594.89994
G1 X119.315 Y115.846 E594.91391
G1 X118.999 Y115.553 E594.92824
G1 X118.635 Y115.322 E594.94258
G1 X118.243 Y115.154 E594.95677
G1 X118.001 Y115.1 E594.96502
G1 X118.008 Y115.326 E594.97254
G1 X117.961 Y115.563 E594.98057
G1 X117.726 Y115.846 E594.99281
G1 X116.248 Y116.48 E595.0463
G1 X116.063 Y116.512 E595.05254
G1 X115.806 Y116.46 E595.06126
G1 X115.453 Y116.146 E595.07698
G1 X115.318 Y116.358 E595.08534
G1 X115.15 Y116.752 E595.09958
G1 X115.058 Y117.168 E595.11375
G1 X115.038 Y117.595 E595.12797
G1 X115.093 Y118.027 E595.14245
G1 X115.217 Y118.426 E595.15635
G1 X115.422 Y118.818 E595.17106
G1 X115.675 Y119.155 E595.18508
G1 X115.988 Y119.443 E595.19923
G1 X116.35 Y119.675 E595.21353
G1 X116.745 Y119.842 E595.22779
G1 X117.156 Y119.934 E595.2418
G1 X117.5 Y119.95 E595.25325
G0 F9000 X117.5 Y120.35
;TYPE:WALL-OUTER
G1 F601.5 X117.607 Y120.355 E595.25681
G1 F600 X118.109 Y120.291 E595.27364
G1 X118.576 Y120.146 E595.2899
G1 X119.028 Y119.914 E595.3068
G1 X119.42 Y119.615 E595.3232
G1 X119.757 Y119.249 E595.33975
G1 X120.026 Y118.834 E595.3562
G1 X120.22 Y118.37 E595.37292
G1 X120.328 Y117.893 E595.38919
G1 X120.351 Y117.385 E595.4061
G1 X120.287 Y116.887 E595.4228
G1 X120.142 Y116.416 E595.43919
G1 X119.91 Y115.964 E595.45609
G1 X119.611 Y115.576 E595.47238
G1 X119.245 Y115.235 E595.48902
G1 X118.822 Y114.966 E595.50569
G1 X118.366 Y114.772 E595.52218
G1 X117.881 Y114.664 E595.5387
G1 X117.581 Y114.65 E595.54869
G1 X117.612 Y115.386 E595.57319
G1 X117.507 Y115.503 E595.57842
G1 X116.118 Y116.102 E595.62873
G1 X116.019 Y116.11 E595.63204
G1 X115.904 Y116.047 E595.6364
G1 X115.432 Y115.53 E595.65968
G1 X115.231 Y115.751 E595.66962
G1 X114.962 Y116.17 E595.68618
G1 X114.768 Y116.63 E595.70278
G1 X114.66 Y117.115 E595.71931
G1 X114.637 Y117.611 E595.73582
G1 X114.701 Y118.113 E595.75266
G1 X114.846 Y118.579 E595.76889
G1 X115.082 Y119.032 E595.78588
G1 X115.377 Y119.425 E595.80222
G1 X115.743 Y119.761 E595.81875
G1 X116.162 Y120.03 E595.83531
G1 X116.622 Y120.224 E595.85191
G1 X117.103 Y120.332 E595.86831
G1 F601.5 X117.5 Y120.35 E595.88149
G0 F9000 X117.5 Y119.587
;TYPE:SKIN
G1 F600 X117.203 Y119.573 E595.89138
G1 X116.849 Y119.496 E595.90343
G1 X116.522 Y119.358 E595.91524
G1 X116.204 Y119.153 E595.92782
G1 X115.942 Y118.909 E595.93973
G1 X115.726 Y118.621 E595.9517
G1 X115.55 Y118.283 E595.96438
G1 X115.449 Y117.961 E595.9756
G1 X115.401 Y117.575 E595.98854
G1 X115.416 Y117.211 E596.00065
G1 X115.496 Y116.858 E596.01269
G1 X115.555 Y116.718 E596.01775
G1 X115.888 Y116.858 E596.02976
G1 X116.323 Y116.838 E596.04424
G1 X117.933 Y116.14 E596.10261
G1 X118.167 Y115.915 E596.11341
G1 X118.319 Y115.578 E596.1257
G1 X118.473 Y115.646 E596.1313
G1 X118.773 Y115.835 E596.14309
G1 X119.039 Y116.084 E596.15521
G1 X119.266 Y116.376 E596.16751
G1 X119.43 Y116.696 E596.17947
G1 X119.539 Y117.051 E596.19183
G1 X119.587 Y117.417 E596.2041
G1 X119.568 Y117.788 E596.21646
G1 X119.488 Y118.143 E596.22856
G1 X119.354 Y118.466 E596.24019
G1 X119.145 Y118.789 E596.25299
G1 X118.905 Y119.051 E596.26481
G1 X118.624 Y119.262 E596.27649
G1 X118.287 Y119.438 E596.28914
G1 X117.941 Y119.543 E596.30117
G1 X117.575 Y119.591 E596.31344
G1 X117.5 Y119.587 E596.31594
G0 F9000 X117.488 Y119.848
G0 X118.683 Y119.528
G0 X118.472 Y119.116
G1 F600 X119.103 Y118.485 E596.34562
G0 F9000 X119.374 Y117.648
G1 F600 X117.641 Y119.381 E596.42714
G0 F9000 X117.108 Y119.348
G1 F600 X119.345 Y117.112 E596.53233
G0 F9000 X119.201 Y116.69
G1 F600 X116.683 Y119.208 E596.65077
G0 F9000 X116.328 Y118.997
G1 F600 X118.985 Y116.34 E596.77575
G0 F9000 X118.71 Y116.05
G1 F600 X116.046 Y118.713 E596.90103
G0 F9000 X115.822 Y118.372
G1 F600 X117.753 Y116.441 E596.99186
G0 F9000 X117.572 Y116.02
G0 X116.581 Y116.448
G0 X116.761 Y116.867
G1 F600 X115.661 Y117.967 E597.0436
G0 F9000 X115.606 Y117.457
G1 F600 X116.007 Y117.055 E597.06249
;MESH:NONMESH
G0 F300 X116.007 Y117.055 Z54.2
G0 F9000 X115.986 Y116.598
G0 X115.477 Y116.433
G0 X115.304 Y116.801
G0 X115.2 Y117.588
G0 X115.367 Y118.364
G0 X115.795 Y119.046
G0 X116.305 Y119.44
G0 X117.5 Y119.95
;TIME_ELAPSED:2027.571898
;LAYER:270
;note -- min layer time used
;TYPE:WALL-INNER
;MESH:FT09-Input Shaft.stl
G1 F600 X117.587 Y119.954 E597.06538
G1 X118.019 Y119.899 E597.07987
G1 X118.421 Y119.774 E597.09387
G1 X118.816 Y119.573 E597.10861
G1 X119.146 Y119.322 E597.1224
G1 X119.435 Y119.007 E597.13662
G1 X119.67 Y118.643 E597.15103
G1 X119.834 Y118.251 E597.16516
G1 X119.931 Y117.83 E597.17953
G1 X119.95 Y117.405 E597.19368
G1 X119.895 Y116.973 E597.20817
G1 X119.77 Y116.571 E597.22217
G1 X119.569 Y116.176 E597.23691
G1 X119.318 Y115.846 E597.2507
G1 X119 Y115.554 E597.26506
G1 X118.635 Y115.322 E597.27944
G1 X118.243 Y115.154 E597.29363
G1 X118.001 Y115.1 E597.30188
G1 X118.008 Y115.326 E597.3094
G1 X117.961 Y115.563 E597.31743
G1 X117.728 Y115.845 E597.3296
G1 X116.248 Y116.48 E597.38316
G1 X116.063 Y116.512 E597.38941
G1 X115.806 Y116.46 E597.39813
G1 X115.453 Y116.146 E597.41384
G1 X115.318 Y116.358 E597.4222
G1 X115.15 Y116.752 E597.43645
G1 X115.058 Y117.168 E597.45062
G1 X115.038 Y117.595 E597.46484
G1 X115.093 Y118.027 E597.47932
G1 X115.217 Y118.426 E597.49322
G1 X115.422 Y118.818 E597.50793
G1 X115.675 Y119.155 E597.52195
G1 X115.984 Y119.439 E597.53591
G1 X116.353 Y119.675 E597.55047
G1 X116.741 Y119.838 E597.56447
G1 X117.162 Y119.935 E597.57884
G1 X117.5 Y119.95 E597.59009
G0 F9000 X117.5 Y120.35
;TYPE:WALL-OUTER
G1 F600 X117.603 Y120.355 E597.59352
G1 X118.105 Y120.291 E597.61036
G1 X118.572 Y120.146 E597.62662
G1 X119.029 Y119.913 E597.64368
G1 X119.416 Y119.619 E597.65985
G1 X119.753 Y119.253 E597.67639
G1 X120.026 Y118.83 E597.69314
G1 X120.216 Y118.374 E597.70957
G1 X120.329 Y117.884 E597.72629
G1 X120.351 Y117.389 E597.74277
G1 X120.287 Y116.887 E597.75961
G1 X120.142 Y116.42 E597.77587
G1 X119.909 Y115.963 E597.79293
G1 X119.615 Y115.576 E597.8091
G1 X119.245 Y115.236 E597.82581
G1 X118.822 Y114.966 E597.8425
G1 X118.366 Y114.772 E597.85898
G1 X117.881 Y114.664 E597.87551
G1 X117.581 Y114.65 E597.8855
G1 X117.612 Y115.384 E597.90993
G1 X117.524 Y115.492 E597.91456
G1 X116.118 Y116.102 E597.96554
G1 X116.019 Y116.11 E597.96884
G1 X115.904 Y116.047 E597.9732
G1 X115.432 Y115.53 E597.99649
G1 X115.231 Y115.751 E598.00642
G1 X114.962 Y116.17 E598.02299
G1 X114.768 Y116.63 E598.03959
G1 X114.66 Y117.115 E598.05612
G1 X114.637 Y117.611 E598.07263
G1 X114.701 Y118.113 E598.08946
G1 X114.846 Y118.579 E598.10569
G1 X115.082 Y119.032 E598.12268
G1 X115.377 Y119.425 E598.13903
G1 X115.739 Y119.757 E598.15536
G1 X116.166 Y120.03 E598.17222
G1 X116.618 Y120.22 E598.18853
G1 X117.108 Y120.333 E598.20525
G1 X117.5 Y120.35 E598.2183
G0 F9000 X117.5 Y119.588
;TYPE:SKIN
G1 F600 X117.211 Y119.576 E598.22793
G1 X116.847 Y119.493 E598.24034
G1 X116.522 Y119.354 E598.2521
G1 X116.206 Y119.152 E598.26457
G1 X115.938 Y118.909 E598.27661
G1 X115.727 Y118.621 E598.28848
G1 X115.55 Y118.283 E598.30117
G1 X115.449 Y117.961 E598.31239
G1 X115.401 Y117.575 E598.32533
G1 X115.416 Y117.211 E598.33745
G1 X115.496 Y116.858 E598.34949
G1 X115.555 Y116.718 E598.35454
G1 X115.888 Y116.858 E598.36656
G1 X116.321 Y116.839 E598.38097
G1 X117.874 Y116.163 E598.4373
G1 X118.166 Y115.915 E598.45005
G1 X118.318 Y115.577 E598.46237
G1 X118.47 Y115.642 E598.46787
G1 X118.773 Y115.835 E598.47982
G1 X119.043 Y116.084 E598.49204
G1 X119.265 Y116.375 E598.50421
G1 X119.434 Y116.708 E598.51663
G1 X119.539 Y117.043 E598.52831
G1 X119.587 Y117.421 E598.54098
G1 X119.572 Y117.776 E598.5528
G1 X119.485 Y118.146 E598.56544
G1 X119.354 Y118.466 E598.57694
G1 X119.145 Y118.785 E598.58962
G1 X118.904 Y119.052 E598.60159
G1 X118.617 Y119.269 E598.61356
G1 X118.284 Y119.438 E598.62598
G1 X117.945 Y119.543 E598.63778
G1 X117.567 Y119.591 E598.65045
G1 X117.5 Y119.588 E598.65268
G0 F9000 X117.488 Y119.849
G0 X116.791 Y119.685
G0 X116.082 Y119.311
G0 X115.658 Y118.842
G0 X115.203 Y118.043
G0 X115.643 Y117.906
G1 F600 X117.077 Y119.34 E598.72013
G0 F9000 X117.678 Y119.375
G1 F600 X115.611 Y117.308 E598.81736
G0 F9000 X115.929 Y117.06
G1 F600 X118.141 Y119.273 E598.92143
G0 F9000 X118.524 Y119.09
G1 F600 X116.439 Y117.005 E599.0195
G0 F9000 X116.833 Y116.833
G1 F600 X118.833 Y118.833 E599.11357
G0 F9000 X119.082 Y118.517
G1 F600 X117.228 Y116.662 E599.2008
G0 F9000 X117.622 Y116.49
G1 F600 X119.272 Y118.141 E599.27844
G0 F9000 X119.376 Y117.679
G1 F600 X118.006 Y116.309 E599.34288
G0 F9000 X118.315 Y116.052
G1 F600 X119.34 Y117.077 E599.39109
;MESH:NONMESH
G0 F300 X119.34 Y117.077 Z54.4
G0 F9000 X119.78 Y116.941
G0 X119.771 Y117.808
G0 X119.528 Y118.567
G0 X119.037 Y119.203
G0 X118.489 Y119.545
G0 X117.5 Y119.95
;TIME_ELAPSED:2035.651006
;LAYER:271
;note -- min layer time used
;TYPE:WALL-INNER
;MESH:FT09-Input Shaft.stl
G1 F600 X117.591 Y119.954 E599.39412
G1 X118.024 Y119.899 E599.40864
G1 X118.424 Y119.774 E599.42258
G1 X118.814 Y119.574 E599.43716
G1 X119.15 Y119.318 E599.4512
G1 X119.439 Y119.003 E599.46542
G1 X119.674 Y118.639 E599.47983
G1 X119.837 Y118.249 E599.49389
G1 X119.93 Y117.832 E599.5081
G1 X119.95 Y117.401 E599.52245
G1 X119.895 Y116.972 E599.53684
G1 X119.77 Y116.568 E599.5509
G1 X119.571 Y116.179 E599.56544
G1 X119.315 Y115.846 E599.57941
G1 X118.999 Y115.553 E599.59374
G1 X118.635 Y115.322 E599.60808
G1 X118.243 Y115.154 E599.62226
G1 X118.001 Y115.1 E599.63051
G1 X118.008 Y115.326 E599.63803
G1 X117.961 Y115.563 E599.64607
G1 X117.726 Y115.846 E599.6583
G1 X116.248 Y116.48 E599.71179
G1 X116.063 Y116.512 E599.71804
G1 X115.806 Y116.46 E599.72676
G1 X115.453 Y116.146 E599.74247
G1 X115.318 Y116.358 E599.75083
G1 X115.15 Y116.752 E599.76508
G1 X115.058 Y117.168 E599.77925
G1 X115.038 Y117.595 E599.79347
G1 X115.093 Y118.027 E599.80795
G1 X115.217 Y118.426 E599.82185
G1 X115.422 Y118.818 E599.83656
G1 X115.675 Y119.155 E599.85058
G1 X115.989 Y119.443 E599.86475
G1 X116.352 Y119.678 E599.87913
G1 X116.746 Y119.841 E599.89331
G1 X117.164 Y119.934 E599.90755
G1 X117.5 Y119.95 E599.91874
G0 F9000 X117.5 Y120.35
;TYPE:WALL-OUTER
G1 F600 X117.607 Y120.355 E599.9223
G1 X118.109 Y120.291 E599.93914
G1 X118.576 Y120.146 E599.9554
G1 X119.028 Y119.914 E599.9723
G1 X119.42 Y119.615 E599.9887
G1 X119.757 Y119.249 E600.00524
G1 X120.03 Y118.826 E600.02199
G1 X120.22 Y118.371 E600.03839
G1 X120.328 Y117.885 E600.05495
G1 X120.351 Y117.385 E600.07159
G1 X120.287 Y116.887 E600.08829
G1 X120.142 Y116.416 E600.10469
G1 X119.91 Y115.964 E600.12158
G1 X119.611 Y115.576 E600.13788
G1 X119.245 Y115.235 E600.15451
G1 X118.822 Y114.966 E600.17119
G1 X118.366 Y114.772 E600.18767
G1 X117.881 Y114.664 E600.2042
G1 X117.581 Y114.65 E600.21418
G1 X117.612 Y115.386 E600.23869
G1 X117.507 Y115.503 E600.24391
G1 X116.118 Y116.102 E600.29423
G1 X116.019 Y116.11 E600.29753
G1 X115.904 Y116.047 E600.30189
G1 X115.432 Y115.53 E600.32517
G1 X115.231 Y115.751 E600.33511
G1 X114.962 Y116.17 E600.35167
G1 X114.768 Y116.63 E600.36828
G1 X114.66 Y117.115 E600.3848
G1 X114.637 Y117.611 E600.40132
G1 X114.701 Y118.113 E600.41815
G1 X114.846 Y118.579 E600.43438
G1 X115.082 Y119.032 E600.45137
G1 X115.377 Y119.425 E600.46771
G1 X115.743 Y119.761 E600.48424
G1 X116.166 Y120.034 E600.50098
G1 X116.625 Y120.224 E600.51751
G1 X117.111 Y120.332 E600.53406
G1 X117.5 Y120.35 E600.54702
G0 F9000 X117.5 Y119.587
;TYPE:SKIN
G1 F600 X117.207 Y119.573 E600.55677
G1 X116.853 Y119.496 E600.56882
G1 X116.526 Y119.358 E600.58063
G1 X116.207 Y119.153 E600.59324
G1 X115.942 Y118.909 E600.60522
G1 X115.726 Y118.621 E600.61719
G1 X115.55 Y118.283 E600.62987
G1 X115.449 Y117.961 E600.64109
G1 X115.401 Y117.575 E600.65403
G1 X115.416 Y117.211 E600.66615
G1 X115.496 Y116.858 E600.67819
G1 X115.555 Y116.718 E600.68324
G1 X115.888 Y116.858 E600.69525
G1 X116.323 Y116.838 E600.70974
G1 X117.933 Y116.14 E600.7681
G1 X118.167 Y115.915 E600.7789
G1 X118.319 Y115.578 E600.79119
G1 X118.473 Y115.646 E600.79679
G1 X118.773 Y115.835 E600.80859
G1 X119.039 Y116.084 E600.82071
G1 X119.266 Y116.376 E600.83301
G1 X119.43 Y116.696 E600.84497
G1 X119.539 Y117.051 E600.85732
G1 X119.587 Y117.417 E600.8696
G1 X119.568 Y117.785 E600.88185
G1 X119.492 Y118.138 E600.89386
G1 X119.354 Y118.462 E600.90557
G1 X119.152 Y118.781 E600.91813
G1 X118.901 Y119.051 E600.93039
G1 X118.624 Y119.262 E600.94198
G1 X118.287 Y119.438 E600.95462
G1 X117.941 Y119.543 E600.96665
G1 X117.572 Y119.591 E600.97902
G1 X117.5 Y119.587 E600.98142
G0 F9000 X117.488 Y119.848
G0 X118.682 Y119.528
G0 X118.471 Y119.116
G1 F600 X119.103 Y118.485 E601.01113
G0 F9000 X119.374 Y117.648
G1 F600 X117.642 Y119.38 E601.09259
G0 F9000 X117.11 Y119.347
G1 F600 X119.345 Y117.112 E601.19772
G0 F9000 X119.201 Y116.69
G1 F600 X116.684 Y119.207 E601.31611
G0 F9000 X116.33 Y118.995
G1 F600 X118.985 Y116.34 E601.441
G0 F9000 X118.71 Y116.05
G1 F600 X116.046 Y118.713 E601.56628
G0 F9000 X115.822 Y118.372
G1 F600 X117.753 Y116.441 E601.65711
G0 F9000 X117.572 Y116.02
G0 X116.581 Y116.448
G0 X116.761 Y116.867
G1 F600 X115.661 Y117.967 E601.70885
G0 F9000 X115.606 Y117.456
G1 F600 X116.007 Y117.055 E601.72771
;TIME_ELAPSED:2043.542780
G1 F2700 E596.72771
M140 S0
M107
G91 ;Relative positioning
G1 E-2 F2700 ;Retract a bit
G1 E-2 Z0.2 F2400 ;Retract and raise Z
G1 X5 Y5 F3000 ;Wipe out
G1 Z10 ;Raise Z more
G90 ;Absolute positioning

G1 X0 Y235 ;Present print
M106 S0 ;Turn-off fan
M104 S0 ;Turn-off hotend
M140 S0 ;Turn-off bed

M84 X Y E ;Disable all steppers but Z

M82 ;absolute extrusion mode
M104 S0
;End of Gcode
;SETTING_3 {"global_quality": "[general]\\nversion = 4\\nname = Standard Quality
;SETTING_3  #2\\ndefinition = creality_ender3\\n\\n[metadata]\\ntype = quality_c
;SETTING_3 hanges\\nquality_type = standard\\nsetting_version = 25\\n\\n[values]
;SETTING_3 \\nadhesion_type = brim\\nsupport_enable = True\\nsupport_structure =
;SETTING_3  tree\\n\\n", "extruder_quality": ["[general]\\nversion = 4\\nname = 
;SETTING_3 Standard Quality #2\\ndefinition = creality_ender3\\n\\n[metadata]\\n
;SETTING_3 type = quality_changes\\nquality_type = standard\\nsetting_version = 
;SETTING_3 25\\nposition = 0\\n\\n[values]\\ninfill_pattern = grid\\ninfill_spar
;SETTING_3 se_density = 30\\nsupport_type = buildplate\\n\\n"]}
