;FLAVOR:Marlin
;TIME:2569
;Filament used: 1.61362m
;Layer height: 0.2
;MINX:81.959
;MINY:86.542
;MINZ:0.2
;MAXX:153.041
;MAXY:148.341
;MAXZ:4.4
;TARGET_MACHINE.NAME:Creality Ender-3
;Generated with Cura_SteamEngine 5.10.2
M140 S50
M105
M190 S50
M104 S200
M105
M109 S200
; Ender 3 Custom Start G-code
G92 E0 ; Reset Extruder
G28 ; Home all axes
G1 Z2.0 F3000 ; Move Z Axis up little to prevent scratching of Heat Bed
G1 X0.1 Y20 Z0.3 F5000.0 ; Move to start position
G1 X0.1 Y200.0 Z0.3 F1500.0 E15 ; Draw the first line
G1 X0.4 Y200.0 Z0.3 F5000.0 ; Move to side a little
G1 X0.4 Y20 Z0.3 F1500.0 E30 ; Draw the second line
G92 E0 ; Reset Extruder
G1 Z2.0 F3000 ; Move Z Axis up little to prevent scratching of Heat Bed
G1 X5 Y20 Z0.3 F5000.0 ; Move over to prevent blob squish
M82 ;absolute extrusion mode
G92 E0
G92 E0
G1 F2700 E-5
;LAYER_COUNT:22
;LAYER:0
M107
G0 F6000 X86.858 Y101.572 Z0.2
;TYPE:SKIRT
G1 F2700 E0
G1 F1200 X88.336 Y100.323 E0.06436
G1 X89.429 Y99.586 E0.10821
G1 X92.13 Y98.265 E0.20821
G1 X93.622 Y97.787 E0.26032
G1 X95.695 Y97.38 E0.33058
G1 X97.684 Y97.238 E0.39691
G1 X103.206 Y97.238 E0.58057
G1 X103.201 Y93.48 E0.70556
G1 X103.65 Y91.614 E0.7694
G1 X104.733 Y89.527 E0.8476
G1 X106.321 Y88.088 E0.91888
G1 X108.159 Y86.98 E0.99026
G1 X110.353 Y86.542 E1.06467
G1 X114.974 Y86.542 E1.21836
G1 X116.659 Y86.973 E1.27621
G1 X117.554 Y87.319 E1.30813
G1 X118.194 Y86.96 E1.33253
G1 X120.235 Y86.542 E1.40183
G1 X124.852 Y86.542 E1.55539
G1 X126.748 Y87.008 E1.62033
G1 X128.782 Y88.063 E1.69654
G1 X130.243 Y89.628 E1.76775
G1 X131.123 Y91.155 E1.82636
G1 X131.537 Y92.124 E1.86141
G1 X131.8 Y94.357 E1.93619
G1 X131.796 Y97.246 E2.03228
G1 X137.893 Y97.258 E2.23507
G1 X139.143 Y97.355 E2.27677
G1 X141.939 Y97.944 E2.37181
G1 X143.31 Y98.438 E2.42028
G1 X145.143 Y99.345 E2.4883
G1 X147.244 Y100.794 E2.57318
G1 X148.81 Y102.254 E2.64439
G1 X150.154 Y103.887 E2.71474
G1 X150.873 Y104.995 E2.75867
G1 X151.908 Y107.116 E2.83717
G1 X152.61 Y109.276 E2.91271
G1 X152.877 Y110.637 E2.95884
G1 X153.041 Y113.486 E3.05375
G1 X152.883 Y115.287 E3.11388
G1 X152.484 Y117.192 E3.17862
G1 X151.951 Y118.776 E3.23421
G1 X150.674 Y121.308 E3.32852
G1 X149.833 Y122.523 E3.37767
G1 X148.039 Y124.523 E3.46703
G1 X147.073 Y125.349 E3.50931
G1 X144.984 Y126.731 E3.59261
G1 X144.988 Y137.681 E3.95681
G1 X144.876 Y138.136 E3.9724
G1 X144.995 Y138.556 E3.98692
G1 X144.991 Y141.511 E4.0852
G1 X144.332 Y143.488 E4.15451
G1 X143.806 Y144.619 E4.196
G1 X142.04 Y146.678 E4.28622
G1 X139.471 Y148.057 E4.3832
G1 X137.97 Y148.278 E4.43366
G1 X96.849 Y148.341 E5.80135
G1 X94.68 Y147.607 E5.87751
G1 X93.733 Y147.153 E5.91244
G1 X91.712 Y145.447 E6.00041
G1 X90.544 Y143.271 E6.08255
G1 X90.011 Y141.529 E6.14314
G1 X90.005 Y138.906 E6.23038
G1 X90.15 Y138.168 E6.2554
G1 X90.074 Y137.662 E6.27241
G1 X90.025 Y126.714 E6.63655
G1 X89.601 Y126.491 E6.65248
G1 X87.927 Y125.331 E6.72022
G1 X86.151 Y123.692 E6.8006
G1 X84.878 Y122.142 E6.86731
G1 X84.103 Y120.948 E6.91466
G1 X83.111 Y118.914 E6.98993
G1 X82.391 Y116.692 E7.06761
G1 X82.117 Y115.279 E7.11549
G1 X81.959 Y112.499 E7.2081
G1 X82.117 Y110.699 E7.2682
G1 X82.516 Y108.794 E7.33293
G1 X83.027 Y107.265 E7.38655
G1 X84.322 Y104.683 E7.48263
G1 X85.127 Y103.512 E7.52989
G1 X86.858 Y101.572 E7.61636
G0 F6000 X87.117 Y101.877
G1 F1200 X88.56 Y100.655 E7.67926
G1 X89.653 Y99.918 E7.7231
G1 X92.253 Y98.646 E7.81937
G1 X93.699 Y98.18 E7.8699
G1 X95.772 Y97.773 E7.94017
G1 X97.684 Y97.638 E8.00392
G1 X103.606 Y97.638 E8.20089
G1 X103.601 Y93.528 E8.33758
G1 X104.028 Y91.754 E8.39827
G1 X105.055 Y89.775 E8.47243
G1 X106.558 Y88.413 E8.53989
G1 X108.308 Y87.358 E8.60786
G1 X110.391 Y86.942 E8.67851
G1 X114.922 Y86.942 E8.82921
G1 X116.56 Y87.361 E8.88544
G1 X117.584 Y87.76 E8.92199
G1 X118.334 Y87.34 E8.95058
G1 X120.276 Y86.942 E9.01652
G1 X124.806 Y86.942 E9.16719
G1 X126.605 Y87.384 E9.2288
G1 X128.537 Y88.386 E9.30119
G1 X129.917 Y89.865 E9.36847
G1 X130.776 Y91.355 E9.42567
G1 X131.147 Y92.228 E9.45722
G1 X131.4 Y94.357 E9.52853
G1 X131.396 Y97.645 E9.63789
G1 X137.862 Y97.657 E9.85295
G1 X139.112 Y97.754 E9.89465
G1 X141.804 Y98.32 E9.98614
G1 X143.133 Y98.797 E10.03311
G1 X144.966 Y99.704 E10.10113
G1 X146.972 Y101.087 E10.18217
G1 X148.501 Y102.509 E10.25162
G1 X149.818 Y104.105 E10.32044
G1 X150.537 Y105.213 E10.36437
G1 X151.528 Y107.24 E10.43941
G1 X152.217 Y109.353 E10.51333
G1 X152.484 Y110.714 E10.55946
G1 X152.642 Y113.452 E10.65068
G1 X152.491 Y115.205 E10.7092
G1 X152.092 Y117.11 E10.77394
G1 X151.594 Y118.596 E10.82606
G1 X150.345 Y121.08 E10.91854
G1 X149.504 Y122.295 E10.96769
G1 X147.779 Y124.219 E11.05363
G1 X146.813 Y125.045 E11.09591
G1 X144.584 Y126.516 E11.18473
G1 X144.588 Y137.635 E11.55455
G1 X144.463 Y138.144 E11.57198
G1 X144.595 Y138.612 E11.58816
G1 X144.591 Y141.445 E11.68238
G1 X143.969 Y143.319 E11.74806
G1 X143.466 Y144.401 E11.78774
G1 X141.784 Y146.362 E11.87367
G1 X139.345 Y147.671 E11.96574
G1 X137.912 Y147.882 E12.01391
G1 X96.915 Y147.941 E13.37748
G1 X94.853 Y147.246 E13.44985
G1 X93.952 Y146.814 E13.48309
G1 X92.027 Y145.189 E13.56688
G1 X90.917 Y143.121 E13.64494
G1 X90.411 Y141.467 E13.70247
G1 X90.405 Y138.947 E13.78628
G1 X90.556 Y138.178 E13.81235
G1 X90.47 Y137.603 E13.83169
G1 X90.424 Y126.47 E14.20197
G1 X89.829 Y126.162 E14.22426
G1 X88.155 Y125.002 E14.292
G1 X86.46 Y123.438 E14.36871
G1 X85.214 Y121.924 E14.43392
G1 X84.439 Y120.73 E14.48127
G1 X83.491 Y118.79 E14.55308
G1 X82.784 Y116.616 E14.62912
G1 X82.51 Y115.203 E14.67699
G1 X82.358 Y112.533 E14.76594
G1 X82.509 Y110.781 E14.82443
G1 X82.908 Y108.876 E14.88916
G1 X83.406 Y107.392 E14.94123
G1 X84.652 Y104.91 E15.0336
G1 X85.457 Y103.739 E15.08086
G1 X87.117 Y101.877 E15.16383
G0 F6000 X87.376 Y102.182
G1 F1200 X88.784 Y100.987 E15.22525
G1 X89.877 Y100.25 E15.2691
G1 X92.428 Y99.006 E15.36349
G1 X93.776 Y98.573 E15.41058
G1 X95.849 Y98.166 E15.48085
G1 X97.684 Y98.038 E15.54203
G1 X104.007 Y98.038 E15.75233
G1 X104.001 Y93.576 E15.90074
G1 X104.406 Y91.894 E15.95828
G1 X105.377 Y90.023 E16.02839
G1 X106.797 Y88.736 E16.09213
G1 X108.456 Y87.736 E16.15656
G1 X110.429 Y87.342 E16.22348
G1 X114.871 Y87.342 E16.37122
G1 X116.415 Y87.734 E16.4242
G1 X117.35 Y88.098 E16.45758
G1 X117.557 Y88.234 E16.46581
G1 X118.476 Y87.719 E16.50085
G1 X120.317 Y87.342 E16.56335
G1 X124.759 Y87.342 E16.7111
G1 X126.463 Y87.761 E16.76946
G1 X128.29 Y88.708 E16.8379
G1 X129.593 Y90.105 E16.90144
G1 X130.429 Y91.555 E16.95711
G1 X130.757 Y92.333 E16.98519
G1 X131 Y94.356 E17.05296
G1 X130.995 Y98.044 E17.17563
G1 X137.831 Y98.056 E17.40299
G1 X139.081 Y98.153 E17.44469
G1 X141.67 Y98.697 E17.53268
G1 X142.956 Y99.156 E17.5781
G1 X144.789 Y100.063 E17.64612
G1 X146.7 Y101.38 E17.72331
G1 X148.193 Y102.764 E17.79102
G1 X149.482 Y104.323 E17.8583
G1 X150.201 Y105.431 E17.90224
G1 X151.168 Y107.415 E17.97564
G1 X151.824 Y109.43 E18.04613
G1 X152.091 Y110.791 E18.09226
G1 X152.243 Y113.475 E18.18167
G1 X152.099 Y115.123 E18.23669
G1 X151.7 Y117.028 E18.30143
G1 X151.215 Y118.468 E18.35196
G1 X150.016 Y120.852 E18.44072
G1 X149.175 Y122.067 E18.48987
G1 X147.518 Y123.916 E18.57245
G1 X146.593 Y124.711 E18.61301
G1 X144.517 Y126.081 E18.69574
G1 X144.184 Y126.24 E18.70802
G1 X144.188 Y137.589 E19.08548
G1 X144.05 Y138.152 E19.10476
G1 X144.195 Y138.667 E19.12256
G1 X144.191 Y141.379 E19.21276
G1 X143.589 Y143.193 E19.27633
G1 X143.128 Y144.181 E19.31259
G1 X141.528 Y146.046 E19.39432
G1 X139.219 Y147.285 E19.48148
G1 X137.854 Y147.486 E19.52737
G1 X96.979 Y147.541 E20.88688
G1 X95.026 Y146.885 E20.9554
G1 X94.171 Y146.475 E20.98694
G1 X92.342 Y144.931 E21.06655
G1 X91.29 Y142.971 E21.14053
G1 X90.811 Y141.405 E21.195
G1 X90.805 Y138.983 E21.27556
G1 X90.962 Y138.185 E21.30261
G1 X90.866 Y137.544 E21.32417
G1 X90.823 Y126.225 E21.70064
G1 X90.057 Y125.833 E21.72926
G1 X88.383 Y124.673 E21.797
G1 X86.769 Y123.183 E21.87006
G1 X85.55 Y121.706 E21.93375
G1 X84.775 Y120.512 E21.9811
G1 X83.851 Y118.615 E22.05128
G1 X83.177 Y116.54 E22.12384
G1 X82.903 Y115.127 E22.17172
G1 X82.757 Y112.511 E22.25886
G1 X82.901 Y110.863 E22.31388
G1 X83.3 Y108.958 E22.37862
G1 X83.785 Y107.52 E22.42909
G1 X84.982 Y105.137 E22.51779
G1 X85.787 Y103.966 E22.56505
G1 X87.376 Y102.182 E22.64451
G0 F6000 X87.635 Y102.487
G1 F1200 X89.008 Y101.319 E22.70447
G1 X90.101 Y100.582 E22.74831
G1 X92.551 Y99.387 E22.83898
G1 X93.853 Y98.966 E22.88449
G1 X95.926 Y98.559 E22.95475
G1 X97.684 Y98.438 E23.01336
G1 X104.407 Y98.438 E23.23697
G1 X104.401 Y93.624 E23.39708
G1 X104.784 Y92.034 E23.45148
G1 X105.699 Y90.271 E23.51754
G1 X107.034 Y89.061 E23.57747
G1 X108.605 Y88.114 E23.63848
G1 X110.467 Y87.742 E23.70164
G1 X114.82 Y87.742 E23.84642
G1 X116.317 Y88.122 E23.89779
G1 X117.204 Y88.47 E23.92948
G1 X117.526 Y88.71 E23.94284
G1 X118.618 Y88.098 E23.98447
G1 X120.358 Y87.742 E24.04354
G1 X124.713 Y87.742 E24.18839
G1 X126.32 Y88.137 E24.24343
G1 X128.043 Y89.03 E24.30798
G1 X129.271 Y90.347 E24.36787
G1 X130.06 Y91.71 E24.42025
G1 X130.367 Y92.438 E24.44653
G1 X130.6 Y94.356 E24.51079
G1 X130.595 Y98.443 E24.64672
G1 X137.8 Y98.455 E24.88636
G1 X139.05 Y98.552 E24.92806
G1 X141.536 Y99.074 E25.01255
G1 X142.779 Y99.515 E25.05642
G1 X144.612 Y100.422 E25.12444
G1 X146.429 Y101.674 E25.19783
G1 X147.885 Y103.019 E25.26376
G1 X149.146 Y104.541 E25.3295
G1 X149.865 Y105.649 E25.37343
G1 X150.788 Y107.539 E25.44339
G1 X151.431 Y109.507 E25.51225
G1 X151.698 Y110.868 E25.55838
G1 X151.844 Y113.497 E25.64595
G1 X151.707 Y115.041 E25.69751
G1 X151.308 Y116.946 E25.76224
G1 X150.836 Y118.34 E25.81119
G1 X149.687 Y120.625 E25.89626
G1 X148.877 Y121.8 E25.94373
G1 X147.256 Y123.613 E26.02462
G1 X146.372 Y124.377 E26.06348
G1 X144.344 Y125.72 E26.14438
G1 X143.784 Y125.988 E26.16503
G1 X143.788 Y137.542 E26.54931
G1 X143.636 Y138.16 E26.57048
G1 X143.795 Y138.722 E26.58991
G1 X143.791 Y141.314 E26.67612
G1 X143.226 Y143.024 E26.73602
G1 X142.788 Y143.963 E26.77048
G1 X141.272 Y145.73 E26.84791
G1 X139.093 Y146.899 E26.93016
G1 X137.796 Y147.09 E26.97376
G1 X97.043 Y147.141 E28.32921
G1 X95.199 Y146.524 E28.39389
G1 X94.39 Y146.136 E28.42373
G1 X92.657 Y144.673 E28.49916
G1 X91.663 Y142.821 E28.56907
G1 X91.211 Y141.343 E28.62048
G1 X91.205 Y139.019 E28.69778
G1 X91.368 Y138.192 E28.72581
G1 X91.262 Y137.485 E28.74959
G1 X91.222 Y125.979 E29.13228
G1 X90.285 Y125.504 E29.16722
G1 X88.611 Y124.344 E29.23496
G1 X87.077 Y122.928 E29.3044
G1 X85.886 Y121.488 E29.36655
G1 X85.111 Y120.294 E29.41389
G1 X84.231 Y118.491 E29.48062
G1 X83.57 Y116.464 E29.55154
G1 X83.296 Y115.051 E29.59941
G1 X83.156 Y112.489 E29.68475
G1 X83.293 Y110.945 E29.7363
G1 X83.692 Y109.04 E29.80104
G1 X84.164 Y107.648 E29.84993
G1 X85.312 Y105.363 E29.93498
G1 X86.086 Y104.232 E29.98056
G1 X87.635 Y102.487 E30.05817
G0 F6000 X87.895 Y102.791
G1 F1200 X89.232 Y101.651 E30.11661
G1 X90.325 Y100.914 E30.16045
G1 X92.675 Y99.767 E30.24743
G1 X93.93 Y99.359 E30.29132
G1 X96.003 Y98.952 E30.36158
G1 X97.684 Y98.838 E30.41762
G1 X104.807 Y98.838 E30.65453
G1 X104.801 Y93.672 E30.82636
G1 X105.162 Y92.174 E30.87761
G1 X106.021 Y90.519 E30.93962
G1 X107.271 Y89.386 E30.99574
G1 X108.754 Y88.492 E31.05333
G1 X110.505 Y88.142 E31.11272
G1 X114.769 Y88.142 E31.25454
G1 X116.219 Y88.51 E31.3043
G1 X117.007 Y88.822 E31.33249
G1 X117.495 Y89.186 E31.35274
G1 X118.76 Y88.477 E31.40097
G1 X120.399 Y88.142 E31.45661
G1 X124.667 Y88.142 E31.59856
G1 X126.177 Y88.513 E31.65028
G1 X127.796 Y89.352 E31.71093
G1 X128.948 Y90.588 E31.76712
G1 X129.691 Y91.865 E31.81626
G1 X129.977 Y92.543 E31.84074
G1 X130.2 Y94.355 E31.90146
G1 X130.194 Y98.842 E32.0507
G1 X137.769 Y98.854 E32.30264
G1 X139.019 Y98.951 E32.34434
G1 X141.403 Y99.451 E32.42536
G1 X142.602 Y99.874 E32.46765
G1 X144.435 Y100.781 E32.53567
G1 X146.158 Y101.968 E32.60526
G1 X147.577 Y103.275 E32.66943
G1 X148.81 Y104.759 E32.7336
G1 X149.529 Y105.867 E32.77753
G1 X150.428 Y107.714 E32.84585
G1 X151.038 Y109.584 E32.91127
G1 X151.305 Y110.945 E32.9574
G1 X151.445 Y113.462 E33.04125
G1 X151.315 Y114.959 E33.09123
G1 X150.916 Y116.864 E33.15596
G1 X150.457 Y118.211 E33.20329
G1 X149.357 Y120.399 E33.28475
G1 X148.578 Y121.534 E33.33053
G1 X146.994 Y123.31 E33.40968
G1 X146.11 Y124.074 E33.44854
G1 X144.171 Y125.359 E33.52591
G1 X143.384 Y125.736 E33.55494
G1 X143.388 Y137.495 E33.94604
G1 X143.222 Y138.168 E33.9691
G1 X143.395 Y138.778 E33.99019
G1 X143.391 Y141.249 E34.07237
G1 X142.863 Y142.855 E34.1286
G1 X142.448 Y143.745 E34.16126
G1 X141.018 Y145.412 E34.23431
G1 X138.965 Y146.513 E34.31179
G1 X137.738 Y146.694 E34.35305
G1 X97.109 Y146.741 E35.70437
G1 X95.372 Y146.163 E35.76526
G1 X94.609 Y145.797 E35.79341
G1 X92.972 Y144.415 E35.86466
G1 X92.036 Y142.671 E35.93049
G1 X91.611 Y141.281 E35.97884
G1 X91.605 Y139.055 E36.05287
G1 X91.774 Y138.199 E36.08189
G1 X91.662 Y137.484 E36.10597
G1 X91.621 Y125.732 E36.49684
G1 X90.513 Y125.175 E36.53809
G1 X88.839 Y124.015 E36.60583
G1 X87.385 Y122.673 E36.67164
G1 X86.222 Y121.27 E36.73225
G1 X85.447 Y120.076 E36.77959
G1 X84.611 Y118.367 E36.84287
G1 X83.963 Y116.388 E36.91213
G1 X83.689 Y114.975 E36.96
G1 X83.555 Y112.524 E37.04165
G1 X83.685 Y111.027 E37.09162
G1 X84.084 Y109.122 E37.15636
G1 X84.522 Y107.827 E37.20183
G1 X85.642 Y105.589 E37.28507
G1 X86.416 Y104.458 E37.33065
G1 X87.895 Y102.791 E37.40477
G0 F6000 X88.155 Y103.095
G1 F1200 X89.456 Y101.983 E37.46169
G1 X90.549 Y101.246 E37.50554
G1 X92.799 Y100.147 E37.58882
G1 X94.007 Y99.752 E37.6311
G1 X96.08 Y99.345 E37.70136
G1 X97.684 Y99.238 E37.75483
G1 X105.208 Y99.238 E38.00508
G1 X105.201 Y93.72 E38.18861
G1 X105.54 Y92.314 E38.23671
G1 X106.343 Y90.767 E38.29468
G1 X107.508 Y89.711 E38.34698
G1 X108.903 Y88.87 E38.40116
G1 X110.543 Y88.542 E38.45678
G1 X114.718 Y88.542 E38.59565
G1 X116.121 Y88.898 E38.64379
G1 X116.809 Y89.174 E38.66844
G1 X117.493 Y89.683 E38.6968
G1 X117.652 Y89.556 E38.70357
G1 X118.9 Y88.857 E38.75115
G1 X120.44 Y88.542 E38.80343
G1 X124.62 Y88.542 E38.94245
G1 X126.035 Y88.89 E38.99092
G1 X127.549 Y89.674 E39.04763
G1 X128.625 Y90.829 E39.10013
G1 X129.345 Y92.066 E39.14773
G1 X129.587 Y92.647 E39.16867
G1 X129.8 Y94.355 E39.22592
G1 X129.794 Y99.241 E39.38842
G1 X137.738 Y99.253 E39.65264
G1 X138.988 Y99.35 E39.69434
G1 X141.271 Y99.829 E39.77193
G1 X142.425 Y100.233 E39.8126
G1 X144.258 Y101.14 E39.88062
G1 X145.888 Y102.263 E39.94645
G1 X147.27 Y103.531 E40.00883
G1 X148.474 Y104.977 E40.07142
G1 X149.193 Y106.085 E40.11535
G1 X150.048 Y107.839 E40.18025
G1 X150.645 Y109.661 E40.24402
G1 X150.912 Y111.022 E40.29015
G1 X151.046 Y113.428 E40.3703
G1 X150.923 Y114.877 E40.41866
G1 X150.524 Y116.782 E40.4834
G1 X150.099 Y118.032 E40.52731
G1 X149.027 Y120.173 E40.60695
G1 X148.248 Y121.308 E40.65274
G1 X146.732 Y123.007 E40.72847
G1 X145.848 Y123.771 E40.76733
G1 X143.998 Y124.998 E40.84117
G1 X142.984 Y125.484 E40.87857
G1 X142.988 Y137.448 E41.27649
G1 X142.808 Y138.176 E41.30143
G1 X142.995 Y138.834 E41.32418
G1 X142.991 Y141.186 E41.40241
G1 X142.5 Y142.686 E41.45491
G1 X142.108 Y143.527 E41.48577
G1 X140.764 Y145.094 E41.55443
G1 X138.837 Y146.127 E41.62715
G1 X137.68 Y146.298 E41.66605
G1 X97.175 Y146.341 E43.01325
G1 X95.545 Y145.802 E43.07035
G1 X94.828 Y145.458 E43.09681
G1 X93.287 Y144.157 E43.16388
G1 X92.409 Y142.521 E43.22564
G1 X92.011 Y141.219 E43.27092
G1 X92.005 Y139.092 E43.34166
G1 X92.181 Y138.204 E43.37177
G1 X92.062 Y137.483 E43.39608
G1 X92.02 Y125.484 E43.79517
G1 X90.74 Y124.846 E43.84274
G1 X89.11 Y123.721 E43.90861
G1 X87.693 Y122.417 E43.97266
G1 X86.558 Y121.052 E44.0317
G1 X85.783 Y119.858 E44.07905
G1 X84.971 Y118.192 E44.14069
G1 X84.356 Y116.312 E44.20648
G1 X84.082 Y114.899 E44.25435
G1 X83.954 Y112.558 E44.33233
G1 X84.077 Y111.109 E44.3807
G1 X84.476 Y109.204 E44.44543
G1 X84.88 Y108.005 E44.48752
G1 X85.972 Y105.815 E44.56891
G1 X86.746 Y104.684 E44.61449
G1 X88.155 Y103.095 E44.68513
G0 F6000 X88.415 Y103.399
G1 F1200 X89.68 Y102.315 E44.74054
G1 X90.773 Y101.578 E44.78438
G1 X92.924 Y100.527 E44.86401
G1 X94.084 Y100.145 E44.90463
G1 X96.157 Y99.738 E44.97489
G1 X97.684 Y99.638 E45.02579
G1 X105.608 Y99.638 E45.28934
G1 X105.601 Y93.768 E45.48458
G1 X105.918 Y92.454 E45.52954
G1 X106.665 Y91.015 E45.58346
G1 X107.747 Y90.034 E45.63204
G1 X109.051 Y89.248 E45.68268
G1 X110.581 Y88.942 E45.73458
G1 X114.667 Y88.942 E45.87048
G1 X116.023 Y89.286 E45.91701
G1 X116.612 Y89.526 E45.93816
G1 X117.513 Y90.195 E45.97548
G1 X117.847 Y89.905 E45.9902
G1 X119.04 Y89.237 E46.03567
G1 X120.481 Y88.942 E46.08459
G1 X124.574 Y88.942 E46.22073
G1 X125.892 Y89.266 E46.26587
G1 X127.302 Y89.996 E46.31868
G1 X128.302 Y91.07 E46.36749
G1 X128.999 Y92.267 E46.41356
G1 X129.196 Y92.749 E46.43088
G1 X129.4 Y94.354 E46.48469
G1 X129.393 Y99.64 E46.6605
G1 X137.707 Y99.652 E46.93703
G1 X138.957 Y99.749 E46.97873
G1 X141.139 Y100.207 E47.05288
G1 X142.293 Y100.611 E47.09355
G1 X144.08 Y101.498 E47.1599
G1 X145.618 Y102.558 E47.22203
G1 X146.963 Y103.787 E47.28263
G1 X148.138 Y105.195 E47.34362
G1 X148.857 Y106.303 E47.38755
G1 X149.688 Y108.014 E47.45082
G1 X150.252 Y109.738 E47.51115
G1 X150.519 Y111.099 E47.55728
G1 X150.647 Y113.395 E47.63376
G1 X150.531 Y114.795 E47.68049
G1 X150.132 Y116.7 E47.74522
G1 X149.741 Y117.853 E47.78572
G1 X148.669 Y119.994 E47.86535
G1 X147.919 Y121.081 E47.90928
G1 X146.47 Y122.704 E47.98164
G1 X145.586 Y123.468 E48.0205
G1 X143.825 Y124.637 E48.09081
G1 X142.584 Y125.232 E48.13658
G1 X142.588 Y137.401 E48.54132
G1 X142.394 Y138.185 E48.56819
G1 X142.595 Y138.891 E48.5926
G1 X142.591 Y141.123 E48.66684
G1 X142.137 Y142.517 E48.7156
G1 X141.768 Y143.309 E48.74466
G1 X140.51 Y144.776 E48.80894
G1 X138.709 Y145.741 E48.87689
G1 X137.621 Y145.902 E48.91348
G1 X97.239 Y145.941 E50.25659
G1 X95.718 Y145.441 E50.30984
G1 X95.047 Y145.119 E50.33459
G1 X93.602 Y143.899 E50.39749
G1 X92.782 Y142.371 E50.45517
G1 X92.411 Y141.157 E50.49739
G1 X92.405 Y139.129 E50.56484
G1 X92.588 Y138.209 E50.59604
G1 X92.457 Y137.418 E50.62271
G1 X92.419 Y125.236 E51.02789
G1 X90.919 Y124.488 E51.08364
G1 X89.38 Y123.426 E51.14583
G1 X88 Y122.161 E51.20809
G1 X86.894 Y120.834 E51.26555
G1 X86.119 Y119.64 E51.31289
G1 X85.331 Y118.017 E51.3729
G1 X84.749 Y116.236 E51.43522
G1 X84.475 Y114.823 E51.48309
G1 X84.353 Y112.591 E51.55744
G1 X84.469 Y111.191 E51.60416
G1 X84.868 Y109.286 E51.6689
G1 X85.259 Y108.134 E51.70936
G1 X86.302 Y106.041 E51.78714
G1 X87.076 Y104.91 E51.83272
G1 X88.415 Y103.399 E51.89987
G0 F6000 X88.676 Y103.702
G1 F1200 X89.904 Y102.647 E51.95372
G1 X90.997 Y101.91 E51.99756
G1 X93.05 Y100.907 E52.07356
G1 X94.161 Y100.538 E52.1125
G1 X96.234 Y100.131 E52.18276
G1 X97.684 Y100.038 E52.23109
G1 X106.009 Y100.038 E52.50798
G1 X106.001 Y93.816 E52.71492
G1 X106.296 Y92.594 E52.75673
G1 X106.987 Y91.263 E52.80661
G1 X107.986 Y90.357 E52.85147
G1 X109.199 Y89.626 E52.89857
G1 X110.619 Y89.342 E52.94674
G1 X114.616 Y89.342 E53.07968
G1 X115.925 Y89.674 E53.1246
G1 X116.414 Y89.877 E53.14221
G1 X117.533 Y90.708 E53.18856
G1 X118.078 Y90.234 E53.21259
G1 X119.18 Y89.617 E53.25459
G1 X120.522 Y89.342 E53.30016
G1 X124.528 Y89.342 E53.4334
G1 X125.749 Y89.642 E53.47521
G1 X127.057 Y90.319 E53.5242
G1 X127.978 Y91.309 E53.56917
G1 X128.653 Y92.468 E53.61378
G1 X128.806 Y92.852 E53.62753
G1 X129 Y94.354 E53.6779
G1 X128.993 Y100.039 E53.86699
G1 X137.676 Y100.051 E54.15579
G1 X138.926 Y100.148 E54.19749
G1 X141.007 Y100.585 E54.26821
G1 X142.161 Y100.989 E54.30888
G1 X143.902 Y101.856 E54.37356
G1 X145.349 Y102.854 E54.43203
G1 X146.656 Y104.044 E54.49082
G1 X147.802 Y105.413 E54.5502
G1 X148.521 Y106.521 E54.59413
G1 X149.308 Y108.139 E54.65397
G1 X149.859 Y109.815 E54.71265
G1 X150.126 Y111.176 E54.75878
G1 X150.248 Y113.363 E54.83164
G1 X150.139 Y114.713 E54.87668
G1 X149.74 Y116.618 E54.94142
G1 X149.383 Y117.675 E54.97853
G1 X148.34 Y119.767 E55.05627
G1 X147.59 Y120.854 E55.1002
G1 X146.208 Y122.401 E55.16919
G1 X145.324 Y123.165 E55.20806
G1 X143.652 Y124.276 E55.27482
G1 X142.184 Y124.98 E55.32897
G1 X142.188 Y137.354 E55.74053
G1 X141.98 Y138.193 E55.76928
G1 X142.195 Y138.948 E55.79539
G1 X142.191 Y141.058 E55.86557
G1 X141.774 Y142.348 E55.91067
G1 X141.428 Y143.091 E55.93793
G1 X140.256 Y144.458 E55.99781
G1 X138.581 Y145.355 E56.06101
G1 X137.562 Y145.506 E56.09527
G1 X97.302 Y145.541 E57.43433
G1 X95.891 Y145.08 E57.4837
G1 X95.266 Y144.78 E57.50676
G1 X93.917 Y143.641 E57.56548
G1 X93.155 Y142.221 E57.61908
G1 X92.811 Y141.095 E57.65824
G1 X92.805 Y139.166 E57.7224
G1 X92.995 Y138.213 E57.75472
G1 X92.852 Y137.352 E57.78375
G1 X92.818 Y124.988 E58.19498
G1 X91.098 Y124.13 E58.25891
G1 X89.65 Y123.131 E58.31742
G1 X88.307 Y121.905 E58.3779
G1 X87.23 Y120.616 E58.43377
G1 X86.455 Y119.422 E58.48111
G1 X85.711 Y117.892 E58.5377
G1 X85.142 Y116.16 E58.59833
G1 X84.868 Y114.747 E58.6462
G1 X84.752 Y112.623 E58.71695
G1 X84.861 Y111.273 E58.762
G1 X85.26 Y109.368 E58.82674
G1 X85.617 Y108.312 E58.86381
G1 X86.66 Y106.219 E58.94159
G1 X87.405 Y105.137 E58.98528
G1 X88.676 Y103.702 E59.04904
G0 F6000 X88.937 Y104.005
G1 F1200 X90.128 Y102.979 E59.10133
G1 X91.221 Y102.242 E59.14517
G1 X93.177 Y101.286 E59.21758
G1 X94.238 Y100.931 E59.2548
G1 X96.311 Y100.524 E59.32506
G1 X97.684 Y100.438 E59.37082
G1 X106.409 Y100.438 E59.66101
G1 X106.401 Y93.864 E59.87966
G1 X106.674 Y92.734 E59.91833
G1 X107.309 Y91.511 E59.96416
G1 X108.225 Y90.68 E60.0053
G1 X109.347 Y90.004 E60.04886
G1 X110.657 Y89.742 E60.0933
G1 X114.566 Y89.742 E60.22331
G1 X115.772 Y90.044 E60.26466
G1 X116.216 Y90.228 E60.28065
G1 X117.177 Y90.942 E60.32047
G1 X117.479 Y91.286 E60.33569
G1 X118.31 Y90.563 E60.37233
G1 X119.322 Y89.996 E60.41091
G1 X120.563 Y89.742 E60.45304
G1 X124.482 Y89.742 E60.58339
G1 X125.606 Y90.018 E60.62188
G1 X126.812 Y90.642 E60.66705
G1 X127.655 Y91.549 E60.70823
G1 X128.281 Y92.616 E60.74938
G1 X128.415 Y92.953 E60.76144
G1 X128.6 Y94.353 E60.80841
G1 X128.592 Y100.438 E61.0108
G1 X137.645 Y100.45 E61.3119
G1 X138.895 Y100.547 E61.3536
G1 X140.875 Y100.963 E61.42089
G1 X142.029 Y101.367 E61.46156
G1 X143.676 Y102.186 E61.52274
G1 X145.08 Y103.15 E61.57938
G1 X146.35 Y104.301 E61.63639
G1 X147.466 Y105.631 E61.69414
G1 X148.185 Y106.739 E61.73807
G1 X148.928 Y108.265 E61.79452
G1 X149.466 Y109.892 E61.85151
G1 X149.733 Y111.253 E61.89764
G1 X149.849 Y113.332 E61.9669
G1 X149.747 Y114.631 E62.01024
G1 X149.348 Y116.536 E62.07497
G1 X149.004 Y117.546 E62.11046
G1 X148.01 Y119.541 E62.18459
G1 X147.291 Y120.588 E62.22684
G1 X145.946 Y122.098 E62.2941
G1 X145.062 Y122.862 E62.33296
G1 X143.479 Y123.915 E62.39619
G1 X141.784 Y124.728 E62.45872
G1 X141.788 Y137.306 E62.87706
G1 X141.566 Y138.201 E62.90773
G1 X141.795 Y139.005 E62.93554
G1 X141.791 Y140.994 E63.00169
G1 X141.411 Y142.179 E63.04308
G1 X141.088 Y142.874 E63.06857
G1 X140.002 Y144.14 E63.12405
G1 X138.453 Y144.969 E63.18248
G1 X137.503 Y145.11 E63.21443
G1 X97.367 Y145.141 E64.54936
G1 X96.064 Y144.719 E64.59491
G1 X95.485 Y144.441 E64.61627
G1 X94.232 Y143.383 E64.67082
G1 X93.528 Y142.071 E64.72034
G1 X93.211 Y141.033 E64.75644
G1 X93.205 Y139.203 E64.8173
G1 X93.402 Y138.217 E64.85075
G1 X93.247 Y137.286 E64.88214
G1 X93.217 Y124.705 E65.30059
G1 X92.971 Y124.619 E65.30925
G1 X91.324 Y123.8 E65.37043
G1 X89.919 Y122.835 E65.42712
G1 X88.614 Y121.648 E65.4858
G1 X87.566 Y120.398 E65.54005
G1 X86.791 Y119.204 E65.5874
G1 X86.091 Y117.766 E65.64059
G1 X85.535 Y116.084 E65.69951
G1 X85.261 Y114.671 E65.74738
G1 X85.151 Y112.654 E65.81457
G1 X85.253 Y111.355 E65.85791
G1 X85.652 Y109.45 E65.92264
G1 X85.996 Y108.441 E65.9581
G1 X86.99 Y106.445 E66.03226
G1 X87.705 Y105.402 E66.07432
G1 X88.937 Y104.005 E66.13627
G0 F6000 X89.199 Y104.308
G1 F1200 X90.352 Y103.311 E66.18697
G1 X91.445 Y102.574 E66.23081
G1 X93.305 Y101.665 E66.29967
G1 X94.315 Y101.324 E66.33513
G1 X96.388 Y100.917 E66.40539
G1 X97.684 Y100.838 E66.44858
G1 X106.81 Y100.838 E66.75211
G1 X106.801 Y93.912 E66.98247
G1 X107.052 Y92.874 E67.01799
G1 X107.631 Y91.759 E67.05977
G1 X108.464 Y91.003 E67.09719
G1 X109.495 Y90.382 E67.13722
G1 X110.695 Y90.142 E67.17792
G1 X114.518 Y90.142 E67.30508
G1 X115.619 Y90.414 E67.3428
G1 X116.02 Y90.58 E67.35723
G1 X116.905 Y91.237 E67.39389
G1 X117.516 Y91.932 E67.42467
G1 X117.828 Y91.512 E67.44207
G1 X118.54 Y90.893 E67.47345
G1 X119.464 Y90.375 E67.50868
G1 X120.604 Y90.142 E67.54738
G1 X124.436 Y90.142 E67.67484
G1 X125.463 Y90.394 E67.71001
G1 X126.567 Y90.965 E67.75135
G1 X127.332 Y91.789 E67.78874
G1 X127.909 Y92.763 E67.8264
G1 X128.025 Y93.056 E67.83688
G1 X128.2 Y94.352 E67.88037
G1 X128.191 Y100.838 E68.0961
G1 X137.614 Y100.849 E68.40951
G1 X138.864 Y100.946 E68.45121
G1 X140.743 Y101.341 E68.51507
G1 X141.897 Y101.745 E68.55574
G1 X143.45 Y102.516 E68.61341
G1 X144.812 Y103.447 E68.66828
G1 X146.044 Y104.559 E68.72348
G1 X147.13 Y105.849 E68.77956
G1 X147.849 Y106.957 E68.8235
G1 X148.548 Y108.391 E68.87656
G1 X149.073 Y109.969 E68.93187
G1 X149.34 Y111.33 E68.978
G1 X149.45 Y113.301 E69.04366
G1 X149.348 Y114.6 E69.08699
G1 X148.969 Y116.407 E69.1484
G1 X148.625 Y117.417 E69.18389
G1 X147.68 Y119.315 E69.25441
G1 X146.992 Y120.322 E69.29497
G1 X145.684 Y121.795 E69.36049
G1 X144.8 Y122.559 E69.39935
G1 X143.306 Y123.554 E69.45906
G1 X141.776 Y124.288 E69.5155
G1 X141.384 Y124.422 E69.52928
G1 X141.388 Y137.258 E69.9562
G1 X141.152 Y138.21 E69.98883
G1 X141.395 Y139.062 E70.01829
G1 X141.391 Y140.931 E70.08046
G1 X141.03 Y142.057 E70.11979
G1 X140.749 Y142.655 E70.14176
G1 X139.748 Y143.822 E70.1929
G1 X138.325 Y144.583 E70.24657
G1 X137.444 Y144.714 E70.2762
G1 X97.43 Y144.741 E71.60707
G1 X96.237 Y144.358 E71.64874
G1 X95.704 Y144.102 E71.66841
G1 X94.547 Y143.125 E71.71877
G1 X93.901 Y141.921 E71.76422
G1 X93.611 Y140.971 E71.79726
G1 X93.605 Y139.243 E71.85473
G1 X93.78 Y138.339 E71.88535
G1 X93.83 Y138.195 E71.89042
G1 X93.78 Y138.047 E71.89562
G1 X93.642 Y137.22 E71.92351
G1 X93.616 Y124.42 E72.34924
G1 X93.103 Y124.241 E72.36731
G1 X91.55 Y123.47 E72.42498
G1 X90.188 Y122.539 E72.47985
G1 X88.92 Y121.39 E72.53676
G1 X87.902 Y120.18 E72.58936
G1 X87.127 Y118.986 E72.6367
G1 X86.471 Y117.64 E72.6865
G1 X85.928 Y116.008 E72.74371
G1 X85.654 Y114.595 E72.79158
G1 X85.55 Y112.685 E72.8552
G1 X85.652 Y111.386 E72.89854
G1 X86.031 Y109.579 E72.95995
G1 X86.375 Y108.57 E72.9954
G1 X87.32 Y106.671 E73.06595
G1 X88.006 Y105.666 E73.10642
G1 X89.199 Y104.308 E73.16655
G0 F6000 X89.5 Y104.572
G1 F1200 X90.576 Y103.643 E73.21383
G1 X91.669 Y102.906 E73.25767
G1 X93.433 Y102.044 E73.32297
G1 X94.443 Y101.703 E73.35843
G1 X96.412 Y101.316 E73.42517
G1 X97.684 Y101.238 E73.46756
G1 X107.21 Y101.238 E73.78439
G1 X107.201 Y93.96 E74.02646
G1 X107.43 Y93.014 E74.05883
G1 X107.953 Y92.007 E74.09658
G1 X108.703 Y91.326 E74.13027
G1 X109.643 Y90.76 E74.16676
G1 X110.733 Y90.542 E74.20374
G1 X114.469 Y90.542 E74.328
G1 X115.466 Y90.784 E74.36212
G1 X115.822 Y90.931 E74.37493
G1 X116.635 Y91.535 E74.40861
G1 X117.281 Y92.27 E74.44116
G1 X117.459 Y92.678 E74.45597
G1 X118.123 Y91.787 E74.49293
G1 X118.772 Y91.222 E74.52155
G1 X119.606 Y90.754 E74.55335
G1 X120.645 Y90.542 E74.58862
G1 X124.39 Y90.542 E74.71318
G1 X125.32 Y90.77 E74.74503
G1 X126.322 Y91.288 E74.78255
G1 X127.01 Y92.03 E74.8162
G1 X127.537 Y92.911 E74.85035
G1 X127.636 Y93.16 E74.85926
G1 X127.8 Y94.351 E74.89924
G1 X127.79 Y101.238 E75.12831
G1 X137.583 Y101.248 E75.45402
G1 X138.833 Y101.345 E75.49572
G1 X140.611 Y101.719 E75.55616
G1 X141.765 Y102.123 E75.59682
G1 X143.271 Y102.874 E75.65279
G1 X144.544 Y103.744 E75.70408
G1 X145.776 Y104.856 E75.75928
G1 X146.794 Y106.067 E75.8119
G1 X147.513 Y107.175 E75.85583
G1 X148.169 Y108.518 E75.90554
G1 X148.68 Y110.046 E75.95913
G1 X148.947 Y111.407 E76.00526
G1 X149.051 Y113.27 E76.06732
G1 X148.949 Y114.569 E76.11066
G1 X148.59 Y116.278 E76.16874
G1 X148.246 Y117.288 E76.20423
G1 X147.349 Y119.09 E76.27118
G1 X146.692 Y120.057 E76.31006
G1 X145.422 Y121.492 E76.37379
G1 X144.538 Y122.256 E76.41266
G1 X143.133 Y123.193 E76.46882
G1 X141.603 Y123.927 E76.52527
G1 X140.984 Y124.134 E76.54697
G1 X140.988 Y137.208 E76.98182
G1 X140.784 Y138.054 E77.01076
G1 X140.73 Y138.189 E77.0156
G1 X140.995 Y139.119 E77.04776
G1 X140.991 Y140.869 E77.10597
G1 X140.668 Y141.887 E77.14149
G1 X140.41 Y142.436 E77.16166
G1 X139.494 Y143.504 E77.20846
G1 X138.197 Y144.197 E77.25737
G1 X137.385 Y144.318 E77.28468
G1 X97.492 Y144.341 E78.61152
G1 X96.41 Y143.997 E78.64929
G1 X95.923 Y143.763 E78.66726
G1 X94.862 Y142.867 E78.71345
G1 X94.274 Y141.771 E78.75481
G1 X94.011 Y140.909 E78.78479
G1 X94.005 Y139.282 E78.8389
G1 X94.173 Y138.415 E78.86828
G1 X94.262 Y138.196 E78.87614
G1 X94.175 Y137.981 E78.88385
G1 X94.037 Y137.154 E78.91174
G1 X94.016 Y124.136 E79.34472
G1 X93.235 Y123.863 E79.37224
G1 X91.729 Y123.112 E79.42821
G1 X90.456 Y122.242 E79.47949
G1 X89.226 Y121.132 E79.5346
G1 X88.238 Y119.962 E79.58553
G1 X87.463 Y118.768 E79.63288
G1 X86.85 Y117.513 E79.67933
G1 X86.321 Y115.932 E79.73478
G1 X86.047 Y114.519 E79.78265
G1 X85.949 Y112.716 E79.84271
G1 X86.051 Y111.417 E79.88605
G1 X86.41 Y109.708 E79.94413
G1 X86.754 Y108.699 E79.97959
G1 X87.651 Y106.896 E80.04657
G1 X88.307 Y105.93 E80.0854
G1 X89.5 Y104.572 E80.14552
G0 F6000 X89.801 Y104.836
G1 F1200 X90.8 Y103.975 E80.18939
G1 X91.893 Y103.238 E80.23323
G1 X93.561 Y102.423 E80.29498
G1 X94.571 Y102.082 E80.33044
G1 X96.437 Y101.715 E80.39369
G1 X97.684 Y101.638 E80.43524
G1 X107.611 Y101.638 E80.76542
G1 X107.601 Y94.008 E81.01919
G1 X107.808 Y93.154 E81.04842
G1 X108.275 Y92.255 E81.08211
G1 X108.942 Y91.649 E81.11209
G1 X109.791 Y91.138 E81.14504
G1 X110.771 Y90.942 E81.17828
G1 X114.42 Y90.942 E81.29965
G1 X115.372 Y91.173 E81.33223
G1 X115.623 Y91.281 E81.34132
G1 X116.36 Y91.828 E81.37185
G1 X116.941 Y92.49 E81.40114
G1 X117.322 Y93.361 E81.43276
G1 X117.496 Y94.199 E81.46123
G1 X117.429 Y94.799 E81.48131
G1 X117.564 Y94.8 E81.4858
G1 X117.517 Y94.076 E81.50993
G1 X117.835 Y92.843 E81.55228
G1 X118.419 Y92.059 E81.5848
G1 X119.002 Y91.552 E81.6105
G1 X119.748 Y91.133 E81.63895
G1 X120.686 Y90.942 E81.67079
G1 X124.344 Y90.942 E81.79246
G1 X125.179 Y91.147 E81.82105
G1 X126.076 Y91.61 E81.85463
G1 X126.689 Y92.272 E81.88464
G1 X127.194 Y93.116 E81.91735
G1 X127.247 Y93.264 E81.92258
G1 X127.4 Y94.35 E81.95906
G1 X127.389 Y101.638 E82.20146
G1 X137.552 Y101.647 E82.53948
G1 X138.802 Y101.744 E82.58118
G1 X140.479 Y102.097 E82.63818
G1 X141.633 Y102.501 E82.67884
G1 X143.046 Y103.205 E82.73135
G1 X144.277 Y104.042 E82.78086
G1 X145.47 Y105.114 E82.83421
G1 X146.458 Y106.285 E82.88517
G1 X147.177 Y107.393 E82.9291
G1 X147.79 Y108.646 E82.97549
G1 X148.287 Y110.123 E83.02732
G1 X148.554 Y111.484 E83.07345
G1 X148.652 Y113.239 E83.13192
G1 X148.55 Y114.538 E83.17525
G1 X148.211 Y116.149 E83.23001
G1 X147.867 Y117.159 E83.2655
G1 X147.017 Y118.866 E83.32892
G1 X146.392 Y119.792 E83.36608
G1 X145.16 Y121.189 E83.42803
G1 X144.276 Y121.953 E83.46689
G1 X142.96 Y122.832 E83.51953
G1 X141.43 Y123.566 E83.57597
G1 X140.584 Y123.844 E83.60559
G1 X140.588 Y137.16 E84.04848
G1 X140.395 Y137.96 E84.07585
G1 X140.29 Y138.187 E84.08417
G1 X140.36 Y138.338 E84.08971
G1 X140.595 Y139.174 E84.11859
G1 X140.591 Y140.806 E84.17287
G1 X140.306 Y141.717 E84.20462
G1 X140.071 Y142.216 E84.22296
G1 X139.239 Y143.187 E84.26549
G1 X138.071 Y143.811 E84.30954
G1 X137.326 Y143.922 E84.33459
G1 X97.555 Y143.941 E85.65738
G1 X96.583 Y143.636 E85.69126
G1 X96.142 Y143.424 E85.70754
G1 X95.177 Y142.609 E85.74955
G1 X94.647 Y141.621 E85.78684
G1 X94.411 Y140.847 E85.81375
G1 X94.405 Y139.321 E85.86451
G1 X94.566 Y138.491 E85.89263
G1 X94.704 Y138.192 E85.90358
G1 X94.57 Y137.915 E85.91381
G1 X94.432 Y137.088 E85.9417
G1 X94.416 Y123.852 E86.38193
G1 X93.367 Y123.485 E86.4189
G1 X91.954 Y122.781 E86.4714
G1 X90.723 Y121.944 E86.52091
G1 X89.531 Y120.873 E86.57421
G1 X88.574 Y119.744 E86.62344
G1 X87.799 Y118.55 E86.67078
G1 X87.21 Y117.338 E86.7156
G1 X86.714 Y115.856 E86.76758
G1 X86.44 Y114.443 E86.81545
G1 X86.348 Y112.747 E86.87194
G1 X86.45 Y111.448 E86.91528
G1 X86.789 Y109.837 E86.97004
G1 X87.133 Y108.828 E87.00549
G1 X87.983 Y107.12 E87.06895
G1 X88.608 Y106.194 E87.10611
G1 X89.801 Y104.836 E87.16623
G0 F6000 X90.102 Y105.1
G1 F1200 X91.024 Y104.307 E87.20668
G1 X92.117 Y103.57 E87.25052
G1 X93.689 Y102.802 E87.30871
G1 X94.699 Y102.461 E87.34417
G1 X96.462 Y102.114 E87.40393
G1 X97.684 Y102.038 E87.44465
G1 X108.012 Y102.038 E87.78816
G1 X108.001 Y94.056 E88.05365
G1 X108.185 Y93.296 E88.07965
G1 X108.598 Y92.502 E88.10942
G1 X109.181 Y91.972 E88.13563
G1 X109.939 Y91.516 E88.16505
G1 X110.809 Y91.342 E88.19456
G1 X114.371 Y91.342 E88.31303
G1 X115.278 Y91.562 E88.34407
G1 X115.422 Y91.63 E88.34937
G1 X116.087 Y92.124 E88.37692
G1 X116.599 Y92.707 E88.40273
G1 X116.938 Y93.483 E88.43089
G1 X117.091 Y94.218 E88.45586
G1 X117.007 Y94.974 E88.48116
G1 X116.946 Y95.199 E88.48892
G1 X118.051 Y95.2 E88.52567
G1 X117.972 Y94.913 E88.53557
G1 X117.92 Y94.113 E88.56223
G1 X118.202 Y93.02 E88.59978
G1 X118.713 Y92.334 E88.62823
G1 X119.235 Y91.88 E88.65124
G1 X119.89 Y91.512 E88.67623
G1 X120.727 Y91.342 E88.70463
G1 X124.298 Y91.342 E88.82341
G1 X125.036 Y91.523 E88.84868
G1 X125.83 Y91.933 E88.8784
G1 X126.368 Y92.514 E88.90474
G1 X126.851 Y93.321 E88.93602
G1 X127 Y94.349 E88.97057
G1 X126.988 Y102.038 E89.22631
G1 X137.521 Y102.046 E89.57663
G1 X138.771 Y102.143 E89.61833
G1 X140.347 Y102.475 E89.6719
G1 X141.501 Y102.879 E89.71257
G1 X142.822 Y103.536 E89.76164
G1 X144.01 Y104.34 E89.80935
G1 X145.165 Y105.373 E89.86089
G1 X146.122 Y106.503 E89.91014
G1 X146.841 Y107.611 E89.95407
G1 X147.43 Y108.821 E89.99883
G1 X147.894 Y110.2 E90.04722
G1 X148.161 Y111.561 E90.09335
G1 X148.253 Y113.208 E90.14822
G1 X148.151 Y114.507 E90.19156
G1 X147.832 Y116.02 E90.24299
G1 X147.488 Y117.03 E90.27847
G1 X146.685 Y118.643 E90.3384
G1 X146.091 Y119.528 E90.37385
G1 X144.898 Y120.886 E90.43397
G1 X144.014 Y121.65 E90.47284
G1 X142.786 Y122.472 E90.52198
G1 X141.305 Y123.186 E90.57667
G1 X140.184 Y123.555 E90.61592
G1 X140.188 Y137.112 E91.06683
G1 X140.006 Y137.866 E91.09263
G1 X139.839 Y138.187 E91.10466
G1 X139.975 Y138.446 E91.11439
G1 X140.195 Y139.228 E91.14141
G1 X140.191 Y140.745 E91.19187
G1 X139.944 Y141.546 E91.21975
G1 X139.731 Y141.998 E91.23637
G1 X138.984 Y142.87 E91.27456
G1 X137.945 Y143.425 E91.31373
G1 X137.267 Y143.526 E91.33653
G1 X97.618 Y143.541 E92.65526
G1 X96.703 Y143.254 E92.68716
G1 X96.361 Y143.085 E92.69985
G1 X95.492 Y142.351 E92.73768
G1 X95.02 Y141.471 E92.77089
G1 X94.811 Y140.785 E92.79475
G1 X94.805 Y139.36 E92.84214
G1 X94.959 Y138.567 E92.86901
G1 X95.162 Y138.179 E92.88357
G1 X94.965 Y137.849 E92.89636
G1 X94.827 Y137.022 E92.92424
G1 X94.816 Y123.568 E93.37173
G1 X93.499 Y123.107 E93.41814
G1 X92.178 Y122.45 E93.46721
G1 X90.99 Y121.646 E93.51492
G1 X89.798 Y120.575 E93.56822
G1 X88.909 Y119.525 E93.61397
G1 X88.159 Y118.375 E93.65964
G1 X87.57 Y117.163 E93.70446
G1 X87.107 Y115.78 E93.75297
G1 X86.833 Y114.367 E93.80084
G1 X86.747 Y112.778 E93.85377
G1 X86.849 Y111.479 E93.8971
G1 X87.168 Y109.966 E93.94853
G1 X87.512 Y108.957 E93.98399
G1 X88.315 Y107.343 E94.04395
G1 X88.909 Y106.458 E94.0794
G1 X90.102 Y105.1 E94.13952
G0 F6000 X90.364 Y105.403
G1 F1200 X91.248 Y104.639 E94.17838
G1 X92.341 Y103.902 E94.22223
G1 X93.817 Y103.181 E94.27686
G1 X94.827 Y102.84 E94.31232
G1 X96.487 Y102.513 E94.36859
G1 X97.684 Y102.438 E94.40848
G1 X108.413 Y102.438 E94.76533
G1 X108.401 Y94.104 E95.04252
G1 X108.562 Y93.438 E95.06531
G1 X108.921 Y92.749 E95.09115
G1 X109.42 Y92.295 E95.11359
G1 X110.087 Y91.894 E95.13947
G1 X110.847 Y91.742 E95.16525
G1 X114.322 Y91.742 E95.28083
G1 X115.184 Y91.951 E95.31033
G1 X115.812 Y92.417 E95.33634
G1 X116.259 Y92.927 E95.3589
G1 X116.554 Y93.601 E95.38337
G1 X116.686 Y94.237 E95.40497
G1 X116.609 Y94.93 E95.42816
G1 X116.405 Y95.599 E95.45143
G1 X118.596 Y95.6 E95.5243
G1 X118.371 Y94.887 E95.54917
G1 X118.323 Y94.15 E95.57373
G1 X118.569 Y93.197 E95.60647
G1 X119.007 Y92.609 E95.63085
G1 X119.468 Y92.208 E95.65117
G1 X120.032 Y91.891 E95.67269
G1 X120.767 Y91.742 E95.69764
G1 X124.248 Y91.742 E95.81342
G1 X124.897 Y91.901 E95.83564
G1 X125.584 Y92.256 E95.86136
G1 X126.047 Y92.756 E95.88402
G1 X126.466 Y93.456 E95.91116
G1 X126.6 Y94.348 E95.94116
G1 X126.587 Y102.438 E96.21023
G1 X137.49 Y102.445 E96.57287
G1 X138.74 Y102.542 E96.61457
G1 X140.215 Y102.853 E96.66471
G1 X141.369 Y103.257 E96.70537
G1 X142.599 Y103.868 E96.75105
G1 X143.743 Y104.638 E96.79692
G1 X144.898 Y105.671 E96.84846
G1 X145.787 Y106.721 E96.89422
G1 X146.481 Y107.786 E96.9365
G1 X147.07 Y108.996 E96.98125
G1 X147.501 Y110.277 E97.02621
G1 X147.768 Y111.638 E97.07234
G1 X147.854 Y113.177 E97.12361
G1 X147.752 Y114.476 E97.16694
G1 X147.453 Y115.891 E97.21505
G1 X147.109 Y116.901 E97.25053
G1 X146.353 Y118.42 E97.30697
G1 X145.759 Y119.305 E97.34242
G1 X144.636 Y120.583 E97.399
G1 X143.752 Y121.347 E97.43786
G1 X142.611 Y122.112 E97.48355
G1 X141.18 Y122.806 E97.53645
G1 X140.029 Y123.185 E97.57676
G1 X139.784 Y123.235 E97.58507
G1 X139.788 Y137.064 E98.04503
G1 X139.629 Y137.724 E98.06761
G1 X139.388 Y138.187 E98.08497
G1 X139.602 Y138.597 E98.10035
G1 X139.795 Y139.282 E98.12402
G1 X139.791 Y140.685 E98.17068
G1 X139.562 Y141.428 E98.19654
G1 X139.393 Y141.778 E98.20947
G1 X138.729 Y142.553 E98.24341
G1 X137.819 Y143.039 E98.27773
G1 X137.208 Y143.13 E98.29827
G1 X97.678 Y143.141 E99.61305
G1 X96.88 Y142.896 E99.64081
G1 X96.585 Y142.75 E99.65176
G1 X95.809 Y142.095 E99.68553
G1 X95.392 Y141.317 E99.71489
G1 X95.211 Y140.723 E99.73555
G1 X95.205 Y139.399 E99.77958
G1 X95.341 Y138.701 E99.80323
G1 X95.62 Y138.166 E99.8233
G1 X95.348 Y137.711 E99.84093
G1 X95.222 Y136.956 E99.86639
G1 X95.216 Y123.227 E100.32302
G1 X94.785 Y123.133 E100.33769
G1 X93.631 Y122.729 E100.37836
G1 X92.401 Y122.118 E100.42404
G1 X91.257 Y121.348 E100.4699
G1 X90.103 Y120.316 E100.5214
G1 X89.244 Y119.306 E100.5655
G1 X88.494 Y118.156 E100.61116
G1 X87.93 Y116.989 E100.65427
G1 X87.5 Y115.704 E100.69934
G1 X87.226 Y114.291 E100.74721
G1 X87.146 Y112.809 E100.79657
G1 X87.248 Y111.51 E100.83991
G1 X87.547 Y110.095 E100.88801
G1 X87.891 Y109.086 E100.92347
G1 X88.647 Y107.566 E100.97993
G1 X89.241 Y106.681 E101.01538
G1 X90.364 Y105.403 E101.07197
G0 F6000 X90.626 Y105.706
G1 F1200 X91.51 Y104.942 E101.11083
G1 X92.564 Y104.234 E101.15306
G1 X93.945 Y103.56 E101.20417
G1 X94.955 Y103.219 E101.23963
G1 X96.512 Y102.912 E101.29241
G1 X97.684 Y102.838 E101.33147
G1 X108.814 Y102.838 E101.70165
G1 X108.801 Y94.152 E101.99055
G1 X108.939 Y93.58 E102.01012
G1 X109.244 Y92.996 E102.03204
G1 X109.659 Y92.618 E102.05071
G1 X110.235 Y92.272 E102.07306
G1 X110.885 Y92.142 E102.0951
G1 X114.273 Y92.142 E102.20779
G1 X115.012 Y92.321 E102.23308
G1 X115.537 Y92.71 E102.25481
G1 X115.917 Y93.144 E102.274
G1 X116.17 Y93.723 E102.29501
G1 X116.281 Y94.256 E102.31312
G1 X116.211 Y94.886 E102.3342
G1 X115.86 Y95.999 E102.37302
G1 X119.141 Y96 E102.48215
G1 X118.767 Y94.814 E102.52351
G1 X118.726 Y94.187 E102.54441
G1 X118.936 Y93.374 E102.57233
G1 X119.301 Y92.884 E102.59266
G1 X119.701 Y92.536 E102.61029
G1 X120.174 Y92.27 E102.62834
G1 X120.806 Y92.142 E102.64979
G1 X124.198 Y92.142 E102.7626
G1 X124.758 Y92.279 E102.78178
G1 X125.338 Y92.579 E102.8035
G1 X125.726 Y92.998 E102.82249
G1 X126.082 Y93.593 E102.84555
G1 X126.2 Y94.347 E102.87094
G1 X126.186 Y102.838 E103.15335
G1 X137.459 Y102.844 E103.52829
G1 X138.709 Y102.941 E103.56999
G1 X140.083 Y103.231 E103.6167
G1 X141.237 Y103.635 E103.65736
G1 X142.376 Y104.2 E103.69965
G1 X143.477 Y104.937 E103.74372
G1 X144.593 Y105.93 E103.7934
G1 X145.452 Y106.94 E103.8375
G1 X146.121 Y107.961 E103.8781
G1 X146.71 Y109.171 E103.92286
G1 X147.108 Y110.354 E103.96437
G1 X147.375 Y111.715 E104.0105
G1 X147.455 Y113.146 E104.05817
G1 X147.353 Y114.445 E104.10151
G1 X147.074 Y115.762 E104.14629
G1 X146.73 Y116.772 E104.18178
G1 X146.021 Y118.197 E104.23471
G1 X145.427 Y119.082 E104.27016
G1 X144.374 Y120.28 E104.32321
G1 X143.49 Y121.044 E104.36207
G1 X142.436 Y121.752 E104.40431
G1 X141.054 Y122.426 E104.45545
G1 X139.949 Y122.793 E104.49417
G1 X139.384 Y122.908 E104.51335
G1 X139.388 Y137.016 E104.98258
G1 X139.251 Y137.584 E105.00202
G1 X139.024 Y138.021 E105.0184
G1 X138.921 Y138.156 E105.02404
G1 X139.228 Y138.743 E105.04608
G1 X139.395 Y139.336 E105.06657
G1 X139.391 Y140.625 E105.10944
G1 X139.18 Y141.31 E105.13328
G1 X139.056 Y141.556 E105.14244
G1 X138.474 Y142.236 E105.17221
G1 X137.693 Y142.653 E105.20166
G1 X137.149 Y142.734 E105.21995
G1 X97.738 Y142.741 E106.53077
G1 X97.057 Y142.537 E106.55441
G1 X96.806 Y142.413 E106.56372
G1 X96.124 Y141.837 E106.59341
G1 X95.764 Y141.166 E106.61874
G1 X95.611 Y140.662 E106.63626
G1 X95.605 Y139.439 E106.67694
G1 X95.723 Y138.834 E106.69744
G1 X96.078 Y138.154 E106.72295
G1 X95.731 Y137.573 E106.74546
G1 X95.617 Y136.89 E106.76849
G1 X95.616 Y122.904 E107.23367
G1 X94.917 Y122.755 E107.25744
G1 X93.763 Y122.351 E107.2981
G1 X92.624 Y121.786 E107.34039
G1 X91.523 Y121.049 E107.38446
G1 X90.407 Y120.056 E107.43414
G1 X89.579 Y119.087 E107.47654
G1 X88.829 Y117.937 E107.5222
G1 X88.309 Y116.861 E107.56195
G1 X87.893 Y115.628 E107.60523
G1 X87.619 Y114.215 E107.6531
G1 X87.545 Y112.84 E107.6989
G1 X87.647 Y111.541 E107.74224
G1 X87.926 Y110.224 E107.78701
G1 X88.27 Y109.215 E107.82247
G1 X88.979 Y107.789 E107.87544
G1 X89.573 Y106.904 E107.91089
G1 X90.626 Y105.706 E107.96394
G0 F6000 X90.888 Y106.009
G1 F1200 X91.772 Y105.245 E108.0028
G1 X92.786 Y104.567 E108.04337
G1 X94.073 Y103.939 E108.091
G1 X95.083 Y103.598 E108.12646
G1 X96.537 Y103.311 E108.17575
G1 X97.684 Y103.238 E108.21398
G1 X109.215 Y103.238 E108.5975
G1 X109.201 Y94.2 E108.8981
G1 X109.316 Y93.722 E108.91446
G1 X109.566 Y93.243 E108.93243
G1 X109.9 Y92.939 E108.94745
G1 X110.381 Y92.651 E108.96609
G1 X110.924 Y92.542 E108.98452
G1 X114.224 Y92.542 E109.09427
G1 X114.838 Y92.691 E109.11529
G1 X115.267 Y93.008 E109.13303
G1 X115.576 Y93.361 E109.14863
G1 X115.786 Y93.841 E109.16606
G1 X115.876 Y94.275 E109.1808
G1 X115.817 Y94.803 E109.19847
G1 X115.314 Y96.399 E109.25413
G1 X119.686 Y96.4 E109.39954
G1 X119.163 Y94.741 E109.4574
G1 X119.129 Y94.224 E109.47463
G1 X119.303 Y93.551 E109.49775
G1 X119.595 Y93.159 E109.51401
G1 X119.934 Y92.864 E109.52895
G1 X120.316 Y92.649 E109.54353
G1 X120.845 Y92.542 E109.56149
G1 X124.148 Y92.542 E109.67134
G1 X124.619 Y92.657 E109.68747
G1 X125.092 Y92.902 E109.70519
G1 X125.405 Y93.24 E109.72051
G1 X125.698 Y93.73 E109.7395
G1 X125.8 Y94.346 E109.76026
G1 X125.785 Y103.238 E110.05601
G1 X137.428 Y103.243 E110.44326
G1 X138.678 Y103.34 E110.48496
G1 X139.951 Y103.609 E110.52824
G1 X141.105 Y104.013 E110.5689
G1 X142.154 Y104.533 E110.60784
G1 X143.212 Y105.237 E110.65011
G1 X144.289 Y106.19 E110.69794
G1 X145.117 Y107.159 E110.74034
G1 X145.786 Y108.18 E110.78094
G1 X146.35 Y109.345 E110.82399
G1 X146.715 Y110.431 E110.86209
G1 X146.982 Y111.792 E110.90822
G1 X147.056 Y113.116 E110.95233
G1 X146.961 Y114.363 E110.99392
G1 X146.695 Y115.633 E111.03708
G1 X146.351 Y116.643 E111.07257
G1 X145.689 Y117.974 E111.12201
G1 X145.095 Y118.859 E111.15746
G1 X144.112 Y119.977 E111.20697
G1 X143.228 Y120.741 E111.24584
G1 X142.214 Y121.419 E111.28641
G1 X140.927 Y122.047 E111.33404
G1 X139.869 Y122.401 E111.37114
G1 X138.984 Y122.581 E111.40118
G1 X138.988 Y136.968 E111.87969
G1 X138.873 Y137.444 E111.89598
G1 X138.669 Y137.837 E111.91071
G1 X138.439 Y138.097 E111.92225
G1 X138.853 Y138.888 E111.95195
G1 X138.995 Y139.391 E111.96933
G1 X138.991 Y140.565 E112.00838
G1 X138.798 Y141.192 E112.0302
G1 X138.72 Y141.334 E112.03559
G1 X138.219 Y141.919 E112.06121
G1 X137.567 Y142.267 E112.08579
G1 X137.09 Y142.338 E112.10183
G1 X97.796 Y142.341 E113.40875
G1 X97.172 Y142.154 E113.43042
G1 X97.029 Y142.077 E113.43582
G1 X96.439 Y141.579 E113.4615
G1 X96.136 Y141.015 E113.48279
G1 X96.011 Y140.601 E113.49718
G1 X96.005 Y139.479 E113.53449
G1 X96.105 Y138.967 E113.55184
G1 X96.561 Y138.094 E113.5846
G1 X96.422 Y137.951 E113.59124
G1 X96.114 Y137.435 E113.61122
G1 X96.012 Y136.824 E113.63183
G1 X96.016 Y122.578 E114.10565
G1 X95.049 Y122.377 E114.1385
G1 X93.895 Y121.973 E114.17917
G1 X92.846 Y121.453 E114.21811
G1 X91.788 Y120.749 E114.26038
G1 X90.711 Y119.796 E114.30821
G1 X89.883 Y118.827 E114.3506
G1 X89.189 Y117.762 E114.39288
G1 X88.688 Y116.732 E114.43097
G1 X88.286 Y115.552 E114.47244
G1 X88.012 Y114.139 E114.52031
G1 X87.944 Y112.87 E114.56258
G1 X88.039 Y111.623 E114.60417
G1 X88.305 Y110.353 E114.64733
G1 X88.649 Y109.344 E114.68279
G1 X89.311 Y108.012 E114.73226
G1 X89.905 Y107.127 E114.76771
G1 X90.888 Y106.009 E114.81722
G0 F6000 X91.15 Y106.312
G1 F1200 X92.034 Y105.548 E114.85608
G1 X92.962 Y104.926 E114.89324
G1 X94.201 Y104.318 E114.93914
G1 X95.211 Y103.977 E114.9746
G1 X96.563 Y103.71 E115.02044
G1 X97.684 Y103.638 E115.0578
G1 X109.616 Y103.638 E115.45466
G1 X109.601 Y94.247 E115.767
G1 X109.693 Y93.863 E115.78014
G1 X109.888 Y93.491 E115.79411
G1 X110.141 Y93.26 E115.8055
G1 X110.527 Y93.029 E115.82046
G1 X110.962 Y92.942 E115.83522
G1 X114.175 Y92.942 E115.94208
G1 X114.665 Y93.061 E115.95885
G1 X114.997 Y93.306 E115.97258
G1 X115.233 Y93.576 E115.9845
G1 X115.402 Y93.963 E115.99855
G1 X115.471 Y94.294 E116.0098
G1 X115.423 Y94.725 E116.02422
G1 X114.768 Y96.8 E116.09659
G1 X117.503 Y96.794 E116.18756
G1 X120.232 Y96.801 E116.27832
G1 X119.559 Y94.668 E116.35272
G1 X119.532 Y94.261 E116.36628
G1 X119.67 Y93.728 E116.3846
G1 X119.891 Y93.431 E116.39691
G1 X120.165 Y93.193 E116.40898
G1 X120.457 Y93.028 E116.42013
G1 X120.884 Y92.942 E116.43462
G1 X124.098 Y92.942 E116.54152
G1 X124.48 Y93.035 E116.5546
G1 X124.846 Y93.225 E116.56831
G1 X125.084 Y93.482 E116.57996
G1 X125.315 Y93.869 E116.59495
G1 X125.4 Y94.345 E116.61104
G1 X125.384 Y103.638 E116.92012
G1 X137.398 Y103.642 E117.31971
G1 X138.596 Y103.732 E117.35967
G1 X139.819 Y103.987 E117.40122
G1 X140.973 Y104.391 E117.44189
G1 X141.975 Y104.891 E117.47913
G1 X142.948 Y105.537 E117.51798
G1 X143.986 Y106.451 E117.56398
G1 X144.782 Y107.378 E117.60462
G1 X145.451 Y108.399 E117.64522
G1 X145.971 Y109.474 E117.68493
G1 X146.322 Y110.508 E117.72125
G1 X146.589 Y111.869 E117.76738
G1 X146.657 Y113.087 E117.80796
G1 X146.569 Y114.282 E117.84781
G1 X146.316 Y115.504 E117.88931
G1 X145.972 Y116.514 E117.9248
G1 X145.357 Y117.751 E117.97075
G1 X144.763 Y118.636 E118.0062
G1 X143.85 Y119.674 E118.05218
G1 X142.966 Y120.438 E118.09104
G1 X142.038 Y121.06 E118.1282
G1 X140.799 Y121.668 E118.1741
G1 X139.789 Y122.009 E118.20956
G1 X138.584 Y122.254 E118.25045
G1 X138.588 Y136.92 E118.73825
G1 X138.495 Y137.304 E118.75139
G1 X138.336 Y137.61 E118.76286
G1 X138.127 Y137.846 E118.77334
G1 X137.927 Y137.98 E118.78135
G1 X138.478 Y139.034 E118.82091
G1 X138.595 Y139.446 E118.83515
G1 X138.591 Y140.505 E118.87038
G1 X138.416 Y141.074 E118.89018
G1 X137.964 Y141.602 E118.91329
G1 X137.441 Y141.881 E118.93301
G1 X137.031 Y141.942 E118.9468
G1 X97.854 Y141.941 E120.24983
G1 X97.287 Y141.771 E120.26952
G1 X96.755 Y141.322 E120.29267
G1 X96.507 Y140.861 E120.31008
G1 X96.411 Y140.541 E120.32119
G1 X96.405 Y139.519 E120.35518
G1 X96.487 Y139.1 E120.36939
G1 X97.069 Y137.985 E120.41122
G1 X96.765 Y137.746 E120.42408
G1 X96.497 Y137.297 E120.44147
G1 X96.412 Y136.824 E120.45746
G1 X96.416 Y122.252 E120.94212
G1 X95.181 Y121.999 E120.98405
G1 X94.027 Y121.595 E121.02472
G1 X93.025 Y121.095 E121.06196
G1 X92.052 Y120.449 E121.10081
G1 X91.014 Y119.535 E121.14681
G1 X90.218 Y118.608 E121.18745
G1 X89.549 Y117.587 E121.22805
G1 X89.048 Y116.557 E121.26614
G1 X88.678 Y115.475 E121.30418
G1 X88.411 Y114.117 E121.35021
G1 X88.343 Y112.899 E121.39078
G1 X88.431 Y111.704 E121.43064
G1 X88.684 Y110.482 E121.47214
G1 X89.028 Y109.473 E121.5076
G1 X89.643 Y108.235 E121.55358
G1 X90.237 Y107.35 E121.58903
G1 X91.15 Y106.312 E121.635
G0 F6000 X91.412 Y106.615
G1 F1200 X92.296 Y105.851 E121.67387
G1 X93.184 Y105.259 E121.70936
G1 X94.329 Y104.697 E121.75179
G1 X95.339 Y104.356 E121.78724
G1 X96.589 Y104.109 E121.82962
G1 X97.684 Y104.038 E121.86612
G1 X110.017 Y104.038 E122.27631
G1 X110.001 Y94.295 E122.60037
G1 X110.071 Y94.004 E122.61032
G1 X110.21 Y93.739 E122.62028
G1 X110.346 Y93.603 E122.62667
G1 X110.672 Y93.408 E122.63931
G1 X111.001 Y93.342 E122.65047
G1 X114.126 Y93.342 E122.75441
G1 X114.493 Y93.431 E122.76697
G1 X114.76 Y93.628 E122.778
G1 X114.89 Y93.79 E122.78491
G1 X115.035 Y94.123 E122.79699
G1 X115.067 Y94.315 E122.80346
G1 X115.03 Y94.642 E122.81441
G1 X114.223 Y97.201 E122.90365
G1 X117.502 Y97.194 E123.01271
G1 X120.778 Y97.202 E123.12167
G1 X119.955 Y94.595 E123.2126
G1 X119.935 Y94.298 E123.2225
G1 X120.037 Y93.905 E123.23601
G1 X120.153 Y93.733 E123.24291
G1 X120.427 Y93.495 E123.25498
G1 X120.597 Y93.408 E123.26133
G1 X120.923 Y93.342 E123.27239
G1 X124.049 Y93.342 E123.37636
G1 X124.338 Y93.412 E123.38625
G1 X124.601 Y93.549 E123.39612
G1 X124.74 Y93.687 E123.40263
G1 X124.935 Y94.014 E123.41529
G1 X125 Y94.344 E123.42648
G1 X124.983 Y104.038 E123.74891
G1 X137.369 Y104.041 E124.16087
G1 X138.515 Y104.124 E124.19908
G1 X139.688 Y104.365 E124.23891
G1 X140.794 Y104.749 E124.27785
G1 X141.796 Y105.249 E124.3151
G1 X142.726 Y105.87 E124.35229
G1 X143.683 Y106.712 E124.39469
G1 X144.448 Y107.598 E124.43362
G1 X145.091 Y108.574 E124.47249
G1 X145.592 Y109.603 E124.51056
G1 X145.943 Y110.637 E124.54688
G1 X146.19 Y111.892 E124.58942
G1 X146.258 Y113.059 E124.6283
G1 X146.177 Y114.202 E124.66641
G1 X145.937 Y115.375 E124.70623
G1 X145.593 Y116.385 E124.74172
G1 X145.025 Y117.528 E124.78417
G1 X144.431 Y118.413 E124.81962
G1 X143.588 Y119.371 E124.86207
G1 X142.704 Y120.135 E124.90093
G1 X141.816 Y120.727 E124.93642
G1 X140.671 Y121.289 E124.97885
G1 X139.661 Y121.63 E125.0143
G1 X138.463 Y121.87 E125.05494
G1 X138.184 Y121.892 E125.06425
G1 X138.188 Y136.872 E125.56249
G1 X138.118 Y137.162 E125.57241
G1 X137.981 Y137.425 E125.58227
G1 X137.843 Y137.564 E125.58879
G1 X137.573 Y137.725 E125.59924
G1 X137.376 Y137.79 E125.60614
G1 X138.104 Y139.183 E125.65842
G1 X138.195 Y139.502 E125.66945
G1 X138.191 Y140.445 E125.70082
G1 X138.058 Y140.877 E125.71585
G1 X137.709 Y141.285 E125.73371
G1 X137.315 Y141.495 E125.74856
G1 X137.031 Y141.542 E125.75813
G1 X97.912 Y141.541 E127.05923
G1 X97.482 Y141.412 E127.07417
G1 X97.071 Y141.065 E127.09206
G1 X96.859 Y140.671 E127.10694
G1 X96.811 Y140.484 E127.11336
G1 X96.805 Y139.559 E127.14413
G1 X96.869 Y139.233 E127.15518
G1 X97.623 Y137.79 E127.20933
G1 X97.363 Y137.708 E127.21839
G1 X97.072 Y137.479 E127.23071
G1 X96.877 Y137.152 E127.24337
G1 X96.812 Y136.824 E127.25449
G1 X96.816 Y121.891 E127.75117
G1 X96.537 Y121.869 E127.76048
G1 X95.312 Y121.621 E127.80205
G1 X94.206 Y121.237 E127.84099
G1 X93.204 Y120.737 E127.87823
G1 X92.274 Y120.116 E127.91543
G1 X91.317 Y119.274 E127.95782
G1 X90.552 Y118.388 E127.99676
G1 X89.909 Y117.412 E128.03563
G1 X89.408 Y116.382 E128.07372
G1 X89.057 Y115.347 E128.11007
G1 X88.81 Y114.094 E128.15255
G1 X88.742 Y112.927 E128.19143
G1 X88.823 Y111.784 E128.22954
G1 X89.063 Y110.611 E128.26937
G1 X89.407 Y109.602 E128.30482
G1 X89.975 Y108.458 E128.3473
G1 X90.569 Y107.573 E128.38275
G1 X91.412 Y106.615 E128.4252
G0 F6000 X91.937 Y107.218
G1 F1200 X92.74 Y106.517 E128.46065
G1 X93.628 Y105.925 E128.49615
G1 X94.585 Y105.455 E128.53161
G1 X95.595 Y105.114 E128.56706
G1 X96.641 Y104.907 E128.60253
G1 X97.684 Y104.838 E128.6373
G1 X110.819 Y104.838 E129.07417
G1 X110.801 Y94.342 E129.42327
G1 X110.84 Y94.224 E129.4274
G1 X111.001 Y94.142 E129.43341
G1 X114.077 Y94.142 E129.53572
G1 X114.196 Y94.181 E129.53988
G1 X114.268 Y94.283 E129.54403
G1 X114.268 Y94.402 E129.54799
G1 X113.133 Y98.003 E129.67357
G1 X117.5 Y97.994 E129.81882
G1 X121.869 Y98.004 E129.96413
G1 X120.732 Y94.402 E130.08976
G1 X120.734 Y94.277 E130.09392
G1 X120.809 Y94.178 E130.09805
G1 X120.923 Y94.142 E130.10203
G1 X124 Y94.142 E130.20437
G1 X124.119 Y94.181 E130.20853
G1 X124.2 Y94.342 E130.21453
G1 X124.181 Y104.838 E130.56363
G1 X137.315 Y104.839 E131.00047
G1 X138.358 Y104.908 E131.03523
G1 X139.429 Y105.122 E131.07156
G1 X140.438 Y105.466 E131.10701
G1 X141.394 Y105.939 E131.14249
G1 X142.28 Y106.534 E131.17799
G1 X143.08 Y107.237 E131.21341
G1 X143.782 Y108.041 E131.24891
G1 X144.373 Y108.927 E131.28433
G1 X144.834 Y109.861 E131.31897
G1 X145.185 Y110.895 E131.35529
G1 X145.392 Y111.942 E131.39079
G1 X145.46 Y113.006 E131.42625
G1 X145.393 Y114.045 E131.46088
G1 X145.179 Y115.117 E131.49724
G1 X144.835 Y116.127 E131.53273
G1 X144.361 Y117.082 E131.56819
G1 X143.767 Y117.967 E131.60364
G1 X143.063 Y118.768 E131.63911
G1 X142.26 Y119.469 E131.67456
G1 X141.372 Y120.061 E131.71006
G1 X140.415 Y120.531 E131.74552
G1 X139.405 Y120.872 E131.78097
G1 X138.359 Y121.079 E131.81644
G1 X137.384 Y121.143 E131.84894
G1 X137.388 Y136.824 E132.37049
G1 X137.349 Y136.943 E132.37465
G1 X137.188 Y137.024 E132.38065
G1 X136.073 Y137.025 E132.41773
G1 X137.395 Y139.553 E132.51262
G1 X137.391 Y140.384 E132.54026
G1 X137.332 Y140.525 E132.54534
G1 X137.172 Y140.684 E132.55284
G1 X137.031 Y140.742 E132.55791
G1 X97.97 Y140.741 E133.85709
G1 X97.829 Y140.683 E133.86216
G1 X97.669 Y140.524 E133.86966
G1 X97.61 Y140.383 E133.87474
G1 X97.605 Y139.554 E133.90232
G1 X98.926 Y137.025 E133.99722
G1 X97.812 Y137.024 E134.03427
G1 X97.693 Y136.985 E134.03843
G1 X97.612 Y136.824 E134.04443
G1 X97.616 Y121.143 E134.56598
G1 X96.642 Y121.078 E134.59845
G1 X95.571 Y120.864 E134.63477
G1 X94.562 Y120.52 E134.67023
G1 X93.606 Y120.047 E134.70571
G1 X92.72 Y119.452 E134.7412
G1 X91.92 Y118.749 E134.77662
G1 X91.218 Y117.945 E134.81212
G1 X90.627 Y117.059 E134.84755
G1 X90.166 Y116.126 E134.88216
G1 X89.815 Y115.091 E134.91851
G1 X89.608 Y114.044 E134.95401
G1 X89.54 Y112.98 E134.98947
G1 X89.607 Y111.941 E135.0241
G1 X89.821 Y110.869 E135.06046
G1 X90.165 Y109.86 E135.09591
G1 X90.639 Y108.904 E135.1314
G1 X91.233 Y108.019 E135.16685
G1 X91.937 Y107.218 E135.20232
G0 F6000 X91.674 Y106.917
G1 F1200 X92.518 Y106.184 E135.2395
G1 X93.406 Y105.592 E135.275
G1 X94.457 Y105.076 E135.31394
G1 X95.467 Y104.735 E135.3494
G1 X96.615 Y104.508 E135.38832
G1 X97.684 Y104.438 E135.42395
G1 X110.418 Y104.438 E135.84748
G1 X110.401 Y94.343 E136.18325
G1 X110.46 Y94.098 E136.19163
G1 X110.552 Y93.946 E136.19754
G1 X110.819 Y93.786 E136.20789
G1 X111.001 Y93.742 E136.21412
G1 X114.077 Y93.742 E136.31643
G1 X114.321 Y93.801 E136.32478
G1 X114.523 Y93.95 E136.33312
G1 X114.668 Y94.283 E136.3452
G1 X114.649 Y94.522 E136.35318
G1 X113.678 Y97.602 E136.46059
G1 X117.501 Y97.594 E136.58774
G1 X121.323 Y97.603 E136.71486
G1 X120.351 Y94.522 E136.82232
G1 X120.334 Y94.271 E136.83068
G1 X120.415 Y94.035 E136.83898
G1 X120.689 Y93.797 E136.85105
G1 X120.923 Y93.742 E136.85905
G1 X124 Y93.742 E136.96139
G1 X124.244 Y93.801 E136.96974
G1 X124.396 Y93.892 E136.97563
G1 X124.557 Y94.162 E136.98609
G1 X124.6 Y94.343 E136.99228
G1 X124.582 Y104.438 E137.32804
G1 X137.341 Y104.44 E137.7524
G1 X138.436 Y104.516 E137.78891
G1 X139.558 Y104.743 E137.82698
G1 X140.615 Y105.107 E137.86417
G1 X141.617 Y105.607 E137.90141
G1 X142.503 Y106.202 E137.93691
G1 X143.381 Y106.974 E137.97579
G1 X144.115 Y107.819 E138.01302
G1 X144.732 Y108.75 E138.05017
G1 X145.213 Y109.732 E138.08654
G1 X145.564 Y110.766 E138.12286
G1 X145.791 Y111.916 E138.16184
G1 X145.859 Y113.032 E138.19903
G1 X145.785 Y114.123 E138.2354
G1 X145.558 Y115.246 E138.27351
G1 X145.214 Y116.256 E138.309
G1 X144.693 Y117.305 E138.34795
G1 X144.099 Y118.19 E138.3834
G1 X143.326 Y119.069 E138.42234
G1 X142.482 Y119.802 E138.45952
G1 X141.594 Y120.394 E138.49501
G1 X140.543 Y120.91 E138.53395
G1 X139.533 Y121.251 E138.56941
G1 X138.385 Y121.478 E138.60833
G1 X137.784 Y121.517 E138.62836
G1 X137.788 Y136.824 E139.13748
G1 X137.729 Y137.068 E139.14583
G1 X137.638 Y137.22 E139.15172
G1 X137.368 Y137.381 E139.16217
G1 X137.188 Y137.424 E139.16833
G1 X136.733 Y137.424 E139.18346
G1 X137.749 Y139.368 E139.25642
G1 X137.795 Y139.555 E139.26282
G1 X137.791 Y140.386 E139.29046
G1 X137.701 Y140.679 E139.30066
G1 X137.454 Y140.968 E139.3133
G1 X137.183 Y141.112 E139.32351
G1 X137.031 Y141.142 E139.32866
G1 X97.97 Y141.141 E140.62784
G1 X97.677 Y141.053 E140.63801
G1 X97.387 Y140.808 E140.65064
G1 X97.211 Y140.481 E140.66299
G1 X97.205 Y139.556 E140.69376
G1 X97.25 Y139.369 E140.70015
G1 X98.266 Y137.424 E140.77314
G1 X97.812 Y137.424 E140.78824
G1 X97.568 Y137.365 E140.79659
G1 X97.416 Y137.274 E140.80248
G1 X97.255 Y137.004 E140.81294
G1 X97.212 Y136.824 E140.81909
G1 X97.216 Y121.517 E141.3282
G1 X96.615 Y121.477 E141.34824
G1 X95.442 Y121.243 E141.38802
G1 X94.385 Y120.879 E141.4252
G1 X93.383 Y120.379 E141.46245
G1 X92.497 Y119.784 E141.49794
G1 X91.619 Y119.012 E141.53683
G1 X90.885 Y118.167 E141.57406
G1 X90.268 Y117.236 E141.61121
G1 X89.787 Y116.254 E141.64757
G1 X89.436 Y115.219 E141.68392
G1 X89.209 Y114.07 E141.72288
G1 X89.141 Y112.954 E141.76007
G1 X89.215 Y111.863 E141.79644
G1 X89.442 Y110.74 E141.83454
G1 X89.786 Y109.731 E141.87
G1 X90.307 Y108.681 E141.90899
G1 X90.901 Y107.796 E141.94444
G1 X91.674 Y106.917 E141.98337
G1 F2700 E136.98337
;MESH:FT05-Frame Part B.stl
G0 F6000 X94.581 Y110.356
G0 X97.693 Y116.891
;TYPE:WALL-INNER
G1 F2700 E141.98337
G1 F1200 X97.002 Y116.825 E142.00646
G1 X96.37 Y116.656 E142.02821
G1 X95.744 Y116.365 E142.05118
G1 X95.177 Y115.969 E142.07418
G1 X94.715 Y115.503 E142.096
G1 X94.337 Y114.971 E142.11771
G1 X94.026 Y114.325 E142.14156
G1 X93.855 Y113.686 E142.16356
G1 X93.793 Y112.992 E142.18673
G1 X93.855 Y112.302 E142.20977
G1 X94.029 Y111.652 E142.23215
G1 X94.316 Y111.039 E142.25467
G1 X94.716 Y110.476 E142.27764
G1 X95.176 Y110.016 E142.29927
G1 X95.743 Y109.613 E142.32241
G1 X96.37 Y109.324 E142.34537
G1 X97.002 Y109.159 E142.3671
G1 X97.716 Y109.096 E142.39094
G1 X98.365 Y109.154 E142.41261
G1 X99.028 Y109.326 E142.43539
G1 X99.644 Y109.618 E142.45806
G1 X100.199 Y110.005 E142.48057
G1 X100.678 Y110.488 E142.50319
G1 X101.066 Y111.047 E142.52583
G1 X101.353 Y111.655 E142.54819
G1 X101.53 Y112.317 E142.57098
G1 X101.588 Y112.995 E142.59361
G1 X101.53 Y113.668 E142.61608
G1 X101.353 Y114.324 E142.63868
G1 X101.067 Y114.941 E142.6613
G1 X100.677 Y115.498 E142.68391
G1 X100.196 Y115.978 E142.70651
G1 X99.645 Y116.362 E142.72885
G1 X99.021 Y116.655 E142.75178
G1 X98.371 Y116.827 E142.77414
G1 X97.693 Y116.891 E142.79679
G1 F2700 E137.79679
G0 F6000 X97.909 Y117.071
G0 X97.871 Y120.158
G0 X99.784 Y136.824
G1 F2700 E142.79679
G1 F916 X99.78 Y137.198 E142.81309
G0 F6000 X98.6 Y139.76
G0 X117.5 Y139.94
G1 F1200 X136.59 Y139.94 E143.44803
G1 X136.591 Y139.747 E143.45445
G1 X135.812 Y138.262 E143.51022
G1 F1030 X135.216 Y137.198 E143.55748
G1 F967.7 X135.182 Y137.409 E143.56629
G1 F1116.3 X135.152 Y138.424 E143.6026
G1 F1200 X135.015 Y138.807 E143.61613
G1 X134.656 Y139.015 E143.62993
G1 X134.177 Y139.03 E143.64586
G1 X131.061 Y138.2 E143.75312
G1 X103.939 Y138.2 E144.6552
G1 X100.822 Y139.028 E144.76247
G1 X100.444 Y139.028 E144.77504
G1 X99.98 Y138.81 E144.79209
G1 X99.844 Y138.428 E144.80558
G1 F1116.3 X99.815 Y137.409 E144.84202
G1 F971.7 X99.78 Y137.198 E144.85081
G1 F1034.5 X99.183 Y138.265 E144.89798
G1 F1200 X98.405 Y139.747 E144.95365
G1 X98.406 Y139.94 E144.96007
G1 X117.5 Y139.94 E145.59514
G1 F2700 E140.59514
G0 F6000 X98.6 Y139.76
G0 X99.653 Y137.777
G0 X99.855 Y138.911
G0 X100.84 Y139.189
G0 X103.96 Y138.361
G0 X131.08 Y138.049
G0 X134.189 Y138.878
G0 X134.993 Y138.865
G0 X134.993 Y131.771
G0 X134.189 Y131.758
G0 X131.572 Y132.471
G0 X131.588 Y128.885
G0 X131.539 Y128.316
G0 X131.382 Y127.725
G0 X131.127 Y127.179
G0 X130.782 Y126.685
G0 X130.356 Y126.261
G0 X129.865 Y125.916
G0 X129.319 Y125.661
G0 X128.736 Y125.505
G0 X117.5 Y125.305
G1 F2700 E145.59514
G1 F1200 X128.187 Y125.306 E145.95059
G1 X128.755 Y125.355 E145.96955
G1 X129.342 Y125.51 E145.98975
G1 X129.942 Y125.786 E146.01171
G1 X130.45 Y126.136 E146.03223
G1 X130.897 Y126.583 E146.05326
G1 X131.258 Y127.103 E146.07431
G1 X131.521 Y127.668 E146.09504
G1 X131.685 Y128.284 E146.11624
G1 X131.734 Y128.852 E146.1352
G1 X131.736 Y132.254 E146.24835
G1 X134.17 Y131.603 E146.33216
G1 X134.56 Y131.608 E146.34513
G1 X134.789 Y131.657 E146.35292
G1 X135.035 Y131.851 E146.36334
G1 X135.152 Y132.208 E146.37583
G1 X135.152 Y136.16 E146.50728
G1 F1039 X135.214 Y136.814 E146.53251
G1 X135.517 Y136.343 E146.55403
G1 F1200 X135.876 Y136.224 E146.56661
G1 X136.588 Y136.224 E146.59029
G1 X136.585 Y120.91 E147.09963
G1 X136.645 Y120.686 E147.10735
G1 X136.732 Y120.557 E147.11252
G1 X136.924 Y120.41 E147.12056
G1 X137.144 Y120.353 E147.12812
G1 X138.269 Y120.28 E147.16562
G1 X139.217 Y120.091 E147.19777
G1 X140.117 Y119.788 E147.22936
G1 X140.978 Y119.359 E147.26135
G1 X141.781 Y118.822 E147.29348
G1 X142.502 Y118.19 E147.32537
G1 X143.138 Y117.466 E147.35742
G1 X143.671 Y116.667 E147.38937
G1 X144.1 Y115.801 E147.42151
G1 X144.407 Y114.9 E147.45317
G1 X144.595 Y113.954 E147.48525
G1 X144.654 Y112.992 E147.51731
G1 X144.595 Y112.03 E147.54936
G1 X144.407 Y111.084 E147.58144
G1 X144.101 Y110.183 E147.61309
G1 X143.671 Y109.317 E147.64525
G1 X143.138 Y108.518 E147.67719
G1 X142.503 Y107.794 E147.70922
G1 X141.778 Y107.162 E147.74121
G1 X140.978 Y106.625 E147.77326
G1 X140.114 Y106.196 E147.80534
G1 X139.213 Y105.893 E147.83696
G1 X138.268 Y105.705 E147.86901
G1 X137.267 Y105.636 E147.90238
G1 X123.924 Y105.634 E148.34617
G1 X123.712 Y105.574 E148.3535
G1 X123.574 Y105.479 E148.35907
G1 X123.439 Y105.298 E148.36658
G1 X123.38 Y105.035 E148.37554
G1 X123.39 Y99.169 E148.57065
G1 F983.6 X123.304 Y98.369 E148.6033
G1 F837.7 X123.308 Y97.928 E148.62431
G1 F824.7 X123.297 Y97.629 E148.63879
G1 F880.7 X123.347 Y96.636 E148.68385
G1 F1071.4 X123.397 Y95.642 E148.72092
G1 F1200 X123.398 Y94.941 E148.74424
G1 X121.74 Y94.941 E148.79938
G1 X122.027 Y95.852 E148.83115
G1 F1076.2 X122.384 Y96.817 E148.86931
G1 F892.2 X122.74 Y97.782 E148.91532
G1 F827.6 X122.732 Y98.32 E148.94127
G1 F983.6 X122.415 Y98.681 E148.96076
G1 F1200 X122.052 Y98.8 E148.97347
G1 X112.944 Y98.8 E149.2764
G1 X112.583 Y98.68 E149.28906
G1 F983.6 X112.266 Y98.32 E149.30852
G1 F826.2 X112.258 Y97.783 E149.33447
G1 F890.5 X112.614 Y96.818 E149.38056
G1 F1076.2 X112.97 Y95.852 E149.41874
G1 F1200 X113.257 Y94.941 E149.45051
G1 X111.602 Y94.941 E149.50556
G1 X111.602 Y95.641 E149.52884
G1 F1071.4 X111.651 Y96.638 E149.56602
G1 F880.7 X111.7 Y97.635 E149.61126
G1 F826.2 X111.69 Y97.932 E149.62562
G1 F837.7 X111.694 Y98.369 E149.64644
G1 F983.6 X111.607 Y99.168 E149.67905
G1 F1200 X111.612 Y105.108 E149.87662
G1 X111.581 Y105.241 E149.88116
G1 X111.422 Y105.479 E149.89068
G1 X111.284 Y105.574 E149.89625
G1 X111.072 Y105.634 E149.90358
G1 X97.728 Y105.636 E150.3474
G1 X96.727 Y105.7 E150.38076
G1 X95.785 Y105.889 E150.41272
G1 X94.883 Y106.196 E150.44441
G1 X94.017 Y106.625 E150.47655
G1 X93.218 Y107.158 E150.5085
G1 X92.494 Y107.794 E150.54055
G1 X91.858 Y108.518 E150.5726
G1 X91.325 Y109.317 E150.60455
G1 X90.896 Y110.184 E150.63672
G1 X90.589 Y111.081 E150.66825
G1 X90.401 Y112.026 E150.7003
G1 X90.342 Y112.99 E150.73242
G1 X90.404 Y113.953 E150.76452
G1 X90.593 Y114.9 E150.79664
G1 X90.9 Y115.802 E150.82833
G1 X91.325 Y116.666 E150.86035
G1 X91.861 Y117.466 E150.89238
G1 X92.494 Y118.19 E150.92437
G1 X93.218 Y118.823 E150.95635
G1 X94.017 Y119.359 E150.98835
G1 X94.883 Y119.784 E151.02044
G1 X95.784 Y120.091 E151.0521
G1 X96.732 Y120.279 E151.08424
G1 X97.858 Y120.357 E151.12178
G1 X98.078 Y120.415 E151.12935
G1 X98.264 Y120.555 E151.13709
G1 X98.374 Y120.733 E151.14405
G1 X98.415 Y120.914 E151.15023
G1 X98.412 Y136.224 E151.65944
G1 X99.126 Y136.224 E151.68319
G1 X99.486 Y136.344 E151.69581
G1 F1043.5 X99.784 Y136.824 E151.71742
G1 X99.844 Y136.166 E151.74269
G1 F1200 X99.844 Y132.208 E151.87433
G1 X99.961 Y131.851 E151.88683
G1 X100.206 Y131.657 E151.89722
G1 X100.436 Y131.608 E151.90504
G1 X100.831 Y131.603 E151.91818
G1 X103.26 Y132.254 E152.00182
G1 X103.262 Y128.853 E152.11494
G1 X103.315 Y128.274 E152.13428
G1 X103.472 Y127.674 E152.15491
G1 X103.739 Y127.101 E152.17593
G1 X104.104 Y126.582 E152.19704
G1 X104.547 Y126.139 E152.21787
G1 X105.055 Y125.786 E152.23845
G1 X105.654 Y125.51 E152.26038
G1 X106.248 Y125.354 E152.28081
G1 X106.843 Y125.304 E152.30067
G1 X117.5 Y125.305 E152.65512
G0 F6000 X128.158 Y125.455
G0 X128.736 Y125.505
G0 X129.319 Y125.661
G0 X129.865 Y125.916
G0 X130.356 Y126.261
G0 X130.782 Y126.685
G0 X131.127 Y127.179
G0 X131.382 Y127.725
G0 X131.539 Y128.316
G0 X131.588 Y128.885
G0 X131.572 Y132.471
G0 X134.189 Y131.758
G0 X134.993 Y131.771
G0 X135.214 Y136.814
G1 F909.1 X135.216 Y137.198 E152.67198
G1 F2700 E147.67198
G0 F6000 X135.423 Y136.213
G0 X136.416 Y136.052
G0 X136.745 Y120.544
G0 X137.077 Y120.511
G0 X137.117 Y120.154
G0 X137.307 Y117.072
G0 X137.303 Y116.891
G1 F2700 E152.67198
G1 F1200 X136.627 Y116.829 E152.69456
G1 X135.97 Y116.655 E152.71717
G1 X135.348 Y116.358 E152.74009
G1 X134.785 Y115.966 E152.76291
G1 X134.321 Y115.496 E152.78488
G1 X133.94 Y114.95 E152.80702
G1 X133.643 Y114.325 E152.83004
G1 X133.468 Y113.664 E152.85278
G1 X133.408 Y112.995 E152.87512
G1 X133.466 Y112.314 E152.89785
G1 X133.641 Y111.655 E152.92053
G1 X133.93 Y111.042 E152.94307
G1 X134.314 Y110.487 E152.96552
G1 X134.8 Y110.006 E152.98826
G1 X135.36 Y109.617 E153.01094
G1 X135.972 Y109.33 E153.03342
G1 X136.626 Y109.155 E153.05594
G1 X137.282 Y109.096 E153.07784
G1 X137.998 Y109.159 E153.10175
G1 X138.624 Y109.322 E153.12327
G1 X139.252 Y109.615 E153.14631
G1 X139.819 Y110.015 E153.16939
G1 X140.279 Y110.48 E153.19115
G1 X140.681 Y111.041 E153.2141
G1 X140.968 Y111.666 E153.23698
G1 X141.141 Y112.302 E153.2589
G1 X141.205 Y112.992 E153.28195
G1 X141.145 Y113.674 E153.30472
G1 X140.969 Y114.318 E153.32692
G1 X140.681 Y114.944 E153.34984
G1 X140.284 Y115.504 E153.37267
G1 X139.82 Y115.968 E153.3945
G1 X139.251 Y116.369 E153.41765
G1 X138.639 Y116.661 E153.4402
G1 X137.998 Y116.825 E153.46221
G1 X137.303 Y116.891 E153.48543
G0 F6000 X137.285 Y116.488
;TYPE:WALL-OUTER
G1 F1200 X136.681 Y116.43 E153.50561
G1 X136.11 Y116.28 E153.52525
G1 X135.55 Y116.013 E153.54588
G1 X135.053 Y115.669 E153.56599
G1 X134.615 Y115.223 E153.58678
G1 X134.281 Y114.741 E153.60628
G1 X134.019 Y114.189 E153.6266
G1 X133.862 Y113.598 E153.64694
G1 X133.808 Y112.973 E153.66781
G1 X133.866 Y112.368 E153.68802
G1 X134.014 Y111.808 E153.70729
G1 X134.287 Y111.23 E153.72855
G1 X134.635 Y110.733 E153.74873
G1 X135.073 Y110.303 E153.76914
G1 X135.575 Y109.958 E153.7894
G1 X136.128 Y109.702 E153.80967
G1 X136.714 Y109.548 E153.82982
G1 X137.327 Y109.496 E153.85028
G1 X137.931 Y109.554 E153.87047
G1 X138.518 Y109.71 E153.89067
G1 X139.052 Y109.962 E153.91031
G1 X139.54 Y110.304 E153.93013
G1 X139.992 Y110.76 E153.95148
G1 X140.334 Y111.244 E153.97119
G1 X140.59 Y111.795 E153.9914
G1 X140.749 Y112.38 E154.01156
G1 X140.805 Y112.992 E154.032
G1 X140.746 Y113.617 E154.05288
G1 X140.59 Y114.189 E154.0726
G1 X140.334 Y114.74 E154.09281
G1 X139.983 Y115.24 E154.11313
G1 X139.556 Y115.667 E154.13321
G1 X139.042 Y116.028 E154.15411
G1 X138.487 Y116.286 E154.17446
G1 X137.92 Y116.433 E154.19394
G1 X137.285 Y116.488 E154.21514
G1 F2700 E149.21514
G0 F6000 X137.258 Y116.796
G0 X135.907 Y116.824
G0 X130.037 Y125.609
G0 X117.5 Y137.8
G1 F2700 E154.21514
G1 F1200 X103.887 Y137.8 E154.66791
G1 X100.787 Y138.625 E154.77461
G1 X100.444 Y138.628 E154.78602
G1 X100.289 Y138.556 E154.7917
G1 X100.244 Y138.428 E154.79621
G1 X100.244 Y132.208 E155.00309
G1 X100.283 Y132.089 E155.00726
G1 X100.384 Y132.008 E155.01156
G1 X100.804 Y132.01 E155.02553
G1 X103.66 Y132.775 E155.12387
G1 X103.66 Y128.889 E155.25312
G1 X103.714 Y128.329 E155.27183
G1 X103.858 Y127.791 E155.29036
G1 X104.078 Y127.319 E155.30768
G1 X104.4 Y126.856 E155.32644
G1 X104.821 Y126.435 E155.34624
G1 X105.241 Y126.143 E155.36325
G1 X105.772 Y125.892 E155.38279
G1 X106.319 Y125.75 E155.40158
G1 X106.86 Y125.704 E155.41964
G1 X128.153 Y125.704 E156.12785
G1 X128.713 Y125.754 E156.14655
G1 X129.224 Y125.892 E156.16415
G1 X129.754 Y126.143 E156.18366
G1 X130.206 Y126.458 E156.20198
G1 X130.601 Y126.857 E156.22066
G1 X130.918 Y127.319 E156.23929
G1 X131.138 Y127.791 E156.25661
G1 X131.292 Y128.374 E156.27667
G1 X131.336 Y128.886 E156.29376
G1 X131.336 Y132.775 E156.42311
G1 X134.196 Y132.01 E156.52158
G1 X134.61 Y132.008 E156.53535
G1 X134.713 Y132.089 E156.53971
G1 X134.752 Y132.208 E156.54387
G1 X134.752 Y138.424 E156.75062
G1 X134.707 Y138.552 E156.75513
G1 X134.587 Y138.621 E156.75973
G1 X134.221 Y138.629 E156.77191
G1 X131.113 Y137.8 E156.87889
G1 X117.5 Y137.8 E157.33167
G1 F2700 E152.33167
G0 F6000 X117.5 Y138.11
G0 X131.04 Y138.361
G0 X134.663 Y139.185
G0 X135.139 Y138.909
G0 X135.343 Y137.777
G0 X136.396 Y139.76
G0 X117.501 Y140.032
G0 X117.5 Y140.34
G1 F2700 E157.33167
G1 F1200 X136.944 Y140.34 E157.97838
G1 X136.988 Y140.296 E157.98044
G1 X136.991 Y139.649 E158.00196
G1 X135.675 Y137.141 E158.09617
G1 X135.676 Y136.82 E158.10684
G1 X135.756 Y136.663 E158.1127
G1 X135.876 Y136.624 E158.1169
G1 X136.988 Y136.624 E158.15389
G1 X136.984 Y120.938 E158.6756
G1 X137.012 Y120.848 E158.67874
G1 X137.128 Y120.759 E158.6836
G1 X138.321 Y120.677 E158.72338
G1 X139.32 Y120.478 E158.75726
G1 X140.271 Y120.158 E158.79063
G1 X141.179 Y119.706 E158.82436
G1 X142.025 Y119.14 E158.85822
G1 X142.786 Y118.474 E158.89185
G1 X143.456 Y117.71 E158.92565
G1 X144.018 Y116.867 E158.95935
G1 X144.47 Y115.955 E158.9932
G1 X144.794 Y115.004 E159.02662
G1 X144.993 Y114.006 E159.06047
G1 X145.055 Y112.992 E159.09425
G1 X144.993 Y111.978 E159.12804
G1 X144.794 Y110.98 E159.16189
G1 X144.471 Y110.029 E159.1953
G1 X144.018 Y109.117 E159.22916
G1 X143.456 Y108.274 E159.26286
G1 X142.786 Y107.51 E159.29666
G1 X142.022 Y106.844 E159.33037
G1 X141.179 Y106.278 E159.36414
G1 X140.267 Y105.826 E159.398
G1 X139.316 Y105.506 E159.43137
G1 X138.321 Y105.307 E159.46512
G1 X137.281 Y105.236 E159.49979
G1 X123.91 Y105.236 E159.94451
G1 X123.78 Y105.105 E159.95065
G1 X123.799 Y94.541 E160.30201
G1 X121.194 Y94.541 E160.38865
G1 X122.253 Y97.9 E160.50579
G1 X122.25 Y98.235 E160.51694
G1 X122.173 Y98.361 E160.52185
G1 X122.052 Y98.4 E160.52608
G1 X112.944 Y98.4 E160.82901
G1 X112.823 Y98.36 E160.83325
G1 X112.747 Y98.235 E160.83811
G1 X112.744 Y97.901 E160.84922
G1 X113.803 Y94.541 E160.9664
G1 X111.201 Y94.541 E161.05294
G1 X111.216 Y105.054 E161.4026
G1 X111.144 Y105.191 E161.40775
G1 X111.035 Y105.236 E161.41167
G1 X97.715 Y105.236 E161.8547
G1 X96.675 Y105.303 E161.88936
G1 X95.681 Y105.502 E161.92308
G1 X94.729 Y105.826 E161.95653
G1 X93.817 Y106.278 E161.99038
G1 X92.974 Y106.84 E162.02408
G1 X92.21 Y107.51 E162.05788
G1 X91.54 Y108.274 E162.09167
G1 X90.978 Y109.117 E162.12537
G1 X90.526 Y110.03 E162.15925
G1 X90.202 Y110.977 E162.19254
G1 X90.003 Y111.974 E162.22636
G1 X89.941 Y112.991 E162.26025
G1 X90.007 Y114.005 E162.29404
G1 X90.206 Y115.004 E162.32792
G1 X90.53 Y115.955 E162.36134
G1 X90.978 Y116.867 E162.39514
G1 X91.543 Y117.71 E162.42889
G1 X92.21 Y118.474 E162.46262
G1 X92.974 Y119.141 E162.49635
G1 X93.817 Y119.706 E162.53011
G1 X94.729 Y120.154 E162.5639
G1 X95.68 Y120.478 E162.59732
G1 X96.679 Y120.677 E162.6312
G1 X97.872 Y120.763 E162.67098
G1 X97.966 Y120.822 E162.67467
G1 X98.015 Y120.929 E162.67859
G1 X98.012 Y136.624 E163.2006
G1 X99.125 Y136.624 E163.23762
G1 X99.245 Y136.664 E163.24183
G1 X99.324 Y136.824 E163.24776
G1 X99.322 Y137.139 E163.25824
G1 X98.005 Y139.649 E163.35252
G1 X98.008 Y140.296 E163.37404
G1 X98.052 Y140.34 E163.37611
G1 X117.5 Y140.34 E164.02295
G1 F2700 E159.02295
G0 F6000 X117.501 Y140.032
G0 X98.6 Y139.76
G0 X99.653 Y137.777
G0 X100.007 Y131.771
G0 X100.811 Y131.758
G0 X103.428 Y132.471
G0 X103.412 Y128.885
G0 X103.463 Y128.305
G0 X103.618 Y127.724
G0 X103.873 Y127.178
G0 X104.218 Y126.685
G0 X104.664 Y126.246
G0 X104.42 Y125.984
G0 X98.403 Y117.005
G0 X97.673 Y116.488
G1 F2700 E164.02295
G1 F1200 X97.068 Y116.43 E164.04316
G1 X96.499 Y116.278 E164.06275
G1 X95.929 Y116.009 E164.08372
G1 X95.457 Y115.681 E164.10283
G1 X95.004 Y115.224 E164.12424
G1 X94.662 Y114.737 E164.14403
G1 X94.398 Y114.169 E164.16486
G1 X94.247 Y113.608 E164.18418
G1 X94.196 Y112.975 E164.20531
G1 X94.25 Y112.367 E164.22561
G1 X94.406 Y111.795 E164.24533
G1 X94.654 Y111.259 E164.26497
G1 X95.004 Y110.756 E164.28535
G1 X95.44 Y110.317 E164.30593
G1 X95.944 Y109.962 E164.32643
G1 X96.479 Y109.71 E164.3461
G1 X97.08 Y109.551 E164.36678
G1 X97.711 Y109.496 E164.38785
G1 X98.315 Y109.554 E164.40803
G1 X98.906 Y109.711 E164.42837
G1 X99.459 Y109.976 E164.44876
G1 X99.951 Y110.323 E164.46879
G1 X100.381 Y110.761 E164.4892
G1 X100.709 Y111.233 E164.50832
G1 X100.982 Y111.812 E164.52961
G1 X101.136 Y112.401 E164.54986
G1 X101.188 Y113.011 E164.57022
G1 X101.133 Y113.601 E164.58993
G1 X100.977 Y114.188 E164.61013
G1 X100.709 Y114.754 E164.63096
G1 X100.373 Y115.238 E164.65056
G1 X99.943 Y115.665 E164.67071
G1 X99.442 Y116.017 E164.69108
G1 X98.886 Y116.276 E164.71148
G1 X98.283 Y116.436 E164.73223
G1 X97.673 Y116.488 E164.75259
G1 F2700 E159.75259
G0 F6000 X97.646 Y116.795
G0 X98.399 Y116.635
G0 X100.305 Y116.123
G0 X134.69 Y116.126
G0 X137.294 Y117.252
;TYPE:SKIN
G1 F2700 E164.75259
G1 F1200 X138.068 Y117.177 E164.77845
G1 X138.765 Y116.994 E164.80242
G1 X139.432 Y116.682 E164.82691
G1 X140.06 Y116.231 E164.85263
G1 X140.537 Y115.759 E164.87495
G1 X140.997 Y115.118 E164.90119
G1 X141.31 Y114.433 E164.92624
G1 X141.49 Y113.764 E164.94928
G1 X141.565 Y112.989 E164.97518
G1 X141.493 Y112.232 E165.00047
G1 X141.306 Y111.543 E165.02422
G1 X140.993 Y110.866 E165.04902
G1 X140.56 Y110.252 E165.07401
G1 X140.06 Y109.744 E165.09772
G1 X139.432 Y109.298 E165.12334
G1 X138.736 Y108.978 E165.14882
G1 X138.048 Y108.8 E165.17245
G1 X137.336 Y108.732 E165.19624
G1 X136.561 Y108.798 E165.22211
G1 X135.86 Y108.986 E165.24625
G1 X135.196 Y109.29 E165.27054
G1 X134.581 Y109.716 E165.29542
G1 X134.027 Y110.266 E165.32139
G1 X133.623 Y110.85 E165.34501
G1 X133.307 Y111.505 E165.3692
G1 X133.114 Y112.237 E165.39437
G1 X133.044 Y112.977 E165.4191
G1 X133.108 Y113.719 E165.44387
G1 X133.298 Y114.433 E165.46844
G1 X133.63 Y115.131 E165.49415
G1 X134.035 Y115.715 E165.51779
G1 X134.574 Y116.264 E165.54338
G1 X135.167 Y116.669 E165.56726
G1 X135.855 Y116.994 E165.59257
G1 X136.547 Y117.182 E165.61642
G1 X137.294 Y117.252 E165.64137
G1 F2700 E160.64137
G0 F6000 X137.307 Y116.992
G0 X135.907 Y116.824
G0 X128.203 Y125.106
G0 X117.5 Y124.944
G1 F2700 E165.64137
G1 F1200 X106.796 Y124.944 E165.99739
G1 X106.19 Y124.998 E166.01762
G1 X105.489 Y125.18 E166.04171
G1 X104.89 Y125.463 E166.06375
G1 X104.303 Y125.873 E166.08756
G1 X103.812 Y126.364 E166.11066
G1 X103.432 Y126.904 E166.13262
G1 X103.13 Y127.557 E166.15655
G1 X102.962 Y128.197 E166.17856
G1 X102.9 Y128.821 E166.19941
G1 X102.9 Y131.783 E166.29793
G1 X100.9 Y131.25 E166.36677
G1 X100.434 Y131.248 E166.38227
G1 F1142.9 X100.057 Y131.321 E166.39568
G1 F1043.5 X99.68 Y131.62 E166.41408
G1 F919.5 X99.406 Y132.137 E166.43948
G1 F857.1 X99.406 Y135.865 E166.61307
G1 F863.3 X99.17 Y135.786 E166.62458
G1 X98.85 Y135.786 E166.63937
G1 X98.85 Y132.212 E166.8046
G1 F852.6 X98.857 Y132.036 E166.81285
G1 F989.7 X98.773 Y131.557 E166.83246
G1 F1200 X98.771 Y120.875 E167.18775
G1 X98.705 Y120.598 E167.19722
G1 X98.532 Y120.311 E167.20836
G1 X98.224 Y120.088 E167.22101
G1 X97.878 Y119.996 E167.23292
G1 X96.775 Y119.921 E167.26969
G1 X95.873 Y119.738 E167.3003
G1 X95.021 Y119.45 E167.33021
G1 X94.197 Y119.046 E167.36074
G1 X93.434 Y118.533 E167.39132
G1 X92.746 Y117.934 E167.42166
G1 X92.148 Y117.246 E167.45198
G1 X91.638 Y116.483 E167.4825
G1 X91.23 Y115.659 E167.51308
G1 X90.942 Y114.811 E167.54287
G1 X90.759 Y113.905 E167.57361
G1 X90.701 Y112.988 E167.60417
G1 X90.759 Y112.07 E167.63477
G1 X90.938 Y111.168 E167.66535
G1 X91.226 Y110.325 E167.69498
G1 X91.634 Y109.497 E167.72568
G1 X92.143 Y108.739 E167.75605
G1 X92.75 Y108.05 E167.78659
G1 X93.439 Y107.443 E167.81713
G1 X94.197 Y106.934 E167.8475
G1 X95.025 Y106.526 E167.8782
G1 X95.873 Y106.238 E167.90799
G1 X96.771 Y106.055 E167.93847
G1 X97.787 Y105.995 E167.97232
G1 X111.102 Y105.992 E168.41518
G1 X111.568 Y105.847 E168.43141
G1 X111.846 Y105.514 E168.44584
G1 X111.968 Y105.142 E168.45886
G1 X111.964 Y99.182 E168.65709
G1 X112.074 Y98.683 E168.67409
G1 X112.38 Y98.976 E168.68818
G1 X112.913 Y99.16 E168.70693
G1 X122.079 Y99.16 E169.01179
G1 X122.614 Y98.978 E169.03059
G1 X122.919 Y98.687 E169.04461
G1 X123.027 Y99.186 E169.06159
G1 X123.024 Y105.142 E169.25969
G1 X123.152 Y105.532 E169.27334
G1 X123.356 Y105.764 E169.28362
G1 X123.628 Y105.926 E169.29415
G1 X123.889 Y105.992 E169.3031
G1 X137.241 Y105.996 E169.74719
G1 X138.221 Y106.059 E169.77985
G1 X139.124 Y106.242 E169.8105
G1 X139.971 Y106.526 E169.84021
G1 X140.795 Y106.934 E169.87079
G1 X141.553 Y107.447 E169.90123
G1 X142.246 Y108.05 E169.93179
G1 X142.852 Y108.742 E169.96238
G1 X143.35 Y109.489 E169.99224
G1 X143.767 Y110.325 E170.02331
G1 X144.054 Y111.173 E170.05309
G1 X144.237 Y112.074 E170.08367
G1 X144.291 Y112.992 E170.11425
G1 X144.237 Y113.906 E170.14471
G1 X144.054 Y114.811 E170.17542
G1 X143.766 Y115.659 E170.2052
G1 X143.354 Y116.491 E170.23608
G1 X142.856 Y117.238 E170.26594
G1 X142.246 Y117.934 E170.29673
G1 X141.558 Y118.532 E170.32704
G1 X140.799 Y119.042 E170.35746
G1 X139.967 Y119.458 E170.3884
G1 X139.128 Y119.738 E170.41781
G1 X138.221 Y119.921 E170.44859
G1 X137.072 Y119.998 E170.48689
G1 X136.774 Y120.081 E170.49718
G1 X136.585 Y120.2 E170.50461
G1 X136.355 Y120.452 E170.51596
G1 X136.224 Y120.884 E170.53097
G1 X136.227 Y131.55 E170.88572
G1 F987.7 X136.141 Y132.038 E170.90575
G1 F849.6 X136.148 Y132.216 E170.91412
G1 F860.2 X136.149 Y135.785 E171.07971
G1 X135.876 Y135.785 E171.09238
G1 X135.591 Y135.865 E171.10611
G1 F854.1 X135.591 Y132.14 E171.28018
G1 F916 X135.311 Y131.615 E171.30611
G1 F1088.4 X134.94 Y131.322 E171.32344
G1 F1200 X134.596 Y131.252 E171.33512
G1 X134.12 Y131.243 E171.35095
G1 X132.096 Y131.783 E171.42063
G1 X132.096 Y128.886 E171.51698
G1 X132.04 Y128.242 E171.53848
G1 X131.854 Y127.527 E171.56305
G1 X131.561 Y126.905 E171.58592
G1 X131.185 Y126.365 E171.60781
G1 X130.698 Y125.874 E171.63081
G1 X130.126 Y125.475 E171.65401
G1 X129.463 Y125.168 E171.67831
G1 X128.812 Y124.998 E171.70068
G1 X128.21 Y124.944 E171.72079
G1 X117.5 Y124.944 E172.077
G1 F2700 E167.077
G0 F6000 X117.5 Y125.206
G0 X106.79 Y125.106
G0 X98.403 Y117.005
G0 X97.708 Y117.252
G1 F2700 E172.077
G1 F1200 X98.412 Y117.184 E172.10053
G1 X99.154 Y116.988 E172.12605
G1 X99.839 Y116.665 E172.15124
G1 X100.415 Y116.263 E172.1746
G1 X100.945 Y115.734 E172.19951
G1 X101.374 Y115.118 E172.22448
G1 X101.682 Y114.462 E172.24858
G1 X101.881 Y113.737 E172.27359
G1 X101.948 Y113.015 E172.2977
G1 X101.884 Y112.27 E172.32257
G1 X101.698 Y111.541 E172.3476
G1 X101.389 Y110.885 E172.37172
G1 X100.961 Y110.265 E172.39677
G1 X100.419 Y109.72 E172.42234
G1 X99.831 Y109.308 E172.44622
G1 X99.17 Y108.991 E172.4706
G1 X98.418 Y108.796 E172.49644
G1 X97.698 Y108.732 E172.52048
G1 X96.928 Y108.803 E172.5462
G1 X96.264 Y108.978 E172.56904
G1 X95.583 Y109.29 E172.59395
G1 X94.927 Y109.749 E172.62058
G1 X94.445 Y110.231 E172.64325
G1 X94.002 Y110.86 E172.66884
G1 X93.686 Y111.547 E172.69399
G1 X93.495 Y112.249 E172.71819
G1 X93.432 Y112.974 E172.74239
G1 X93.499 Y113.752 E172.76837
G1 X93.678 Y114.417 E172.79127
G1 X94.009 Y115.124 E172.81724
G1 X94.432 Y115.724 E172.84165
G1 X94.925 Y116.229 E172.86513
G1 X95.564 Y116.678 E172.8911
G1 X96.252 Y116.994 E172.91628
G1 X96.932 Y117.177 E172.9397
G1 X97.708 Y117.252 E172.96564
G1 F2700 E167.96564
G0 F6000 X97.69 Y116.992
G0 X98.32 Y117.032
G0 X98.165 Y120.235
G0 X99.179 Y131.989
G1 F2700 E172.96564
G1 F1200 X99.095 Y131.905 E172.96959
G0 F6000 X99.424 Y131.668
G1 F1200 X98.972 Y131.216 E172.99085
G0 F6000 X98.972 Y130.651
G1 F1200 X99.684 Y131.362 E173.02431
G0 F6000 X100.022 Y131.134
G1 F1200 X98.972 Y130.085 E173.07368
G0 F6000 X98.972 Y129.519
G1 F1200 X100.5 Y131.047 E173.14555
G0 F6000 X101.121 Y131.103
G1 F1200 X98.972 Y128.953 E173.24666
G0 F6000 X98.972 Y128.387
G1 F1200 X101.892 Y131.308 E173.38403
G0 F6000 X102.663 Y131.513
G1 F1200 X98.971 Y127.821 E173.55769
G0 F6000 X98.971 Y127.255
G1 F1200 X102.701 Y130.985 E173.73314
G0 F6000 X102.701 Y130.419
G1 F1200 X98.971 Y126.689 E173.90858
G0 F6000 X98.97 Y126.123
G1 F1200 X102.701 Y129.854 E174.08408
G0 F6000 X102.701 Y129.288
G1 F1200 X98.97 Y125.557 E174.25957
G0 F6000 X98.97 Y124.992
G1 F1200 X102.708 Y128.729 E174.43537
G0 F6000 X102.757 Y128.213
G1 F1200 X98.97 Y124.426 E174.6135
G0 F6000 X98.969 Y123.86
G1 F1200 X102.875 Y127.765 E174.79721
G0 F6000 X103.01 Y127.334
G1 F1200 X98.969 Y123.294 E174.98726
G0 F6000 X98.969 Y122.728
G1 F1200 X103.192 Y126.95 E175.18587
G0 F6000 X103.405 Y126.598
G1 F1200 X98.969 Y122.162 E175.39453
G0 F6000 X98.969 Y121.596
G1 F1200 X103.641 Y126.269 E175.61431
G0 F6000 X103.914 Y125.976
G1 F1200 X98.969 Y121.031 E175.84691
G0 F6000 X98.689 Y120.186
G1 F1200 X104.205 Y125.701 E176.10634
G0 F6000 X104.538 Y125.468
G1 F1200 X96.278 Y117.208 E176.49486
G0 F6000 X97.021 Y117.386
G1 F1200 X104.881 Y125.246 E176.86457
G0 F6000 X105.267 Y125.066
G1 F1200 X97.651 Y117.45 E177.22281
G0 F6000 X98.175 Y117.408
G1 F1200 X105.687 Y124.92 E177.57615
G0 F6000 X106.137 Y124.805
G1 F1200 X98.657 Y117.325 E177.92798
G0 F6000 X99.105 Y117.207
G1 F1200 X106.654 Y124.756 E178.28307
G0 F6000 X107.208 Y124.744
G1 F1200 X99.507 Y117.043 E178.6453
G0 F6000 X99.892 Y116.862
G1 F1200 X107.774 Y124.744 E179.01604
G0 F6000 X108.339 Y124.744
G1 F1200 X100.23 Y116.634 E179.39749
G0 F6000 X100.562 Y116.401
G1 F1200 X108.905 Y124.744 E179.78992
G0 F6000 X109.471 Y124.744
G1 F1200 X100.844 Y116.118 E180.19568
G0 F6000 X101.121 Y115.829
G1 F1200 X110.036 Y124.744 E180.61502
G0 F6000 X110.602 Y124.744
G1 F1200 X101.355 Y115.497 E181.04997
G0 F6000 X101.575 Y115.152
G1 F1200 X111.168 Y124.744 E181.50117
G0 F6000 X111.733 Y124.744
G1 F1200 X101.756 Y114.767 E181.97046
G0 F6000 X101.917 Y114.363
G1 F1200 X112.299 Y124.744 E182.45877
G0 F6000 X112.865 Y124.744
G1 F1200 X102.038 Y113.918 E182.96802
G0 F6000 X102.11 Y113.424
G1 F1200 X113.431 Y124.744 E183.5005
G0 F6000 X113.996 Y124.744
G1 F1200 X102.14 Y112.888 E184.05817
G0 F6000 X102.079 Y112.262
G1 F1200 X114.562 Y124.744 E184.64531
G0 F6000 X115.128 Y124.744
G1 F1200 X101.898 Y111.515 E185.26758
G0 F6000 X101.452 Y111.632
G0 X100.805 Y110.496
G0 X101.183 Y110.234
G1 F1200 X115.693 Y124.744 E185.95009
G0 F6000 X116.259 Y124.744
G1 F1200 X97.714 Y106.2 E186.82236
G0 F6000 X97.181 Y106.231
G1 F1200 X100.442 Y109.493 E186.97577
G0 F6000 X100.179 Y109.867
G0 X99.044 Y109.226
G0 X99.161 Y108.778
G1 F1200 X96.665 Y106.282 E187.09318
G0 F6000 X96.194 Y106.376
G1 F1200 X98.412 Y108.595 E187.19753
G0 F6000 X97.795 Y108.543
G1 F1200 X95.744 Y106.492 E187.294
G0 F6000 X95.322 Y106.636
G1 F1200 X97.257 Y108.571 E187.38502
G0 F6000 X96.761 Y108.641
G1 F1200 X94.921 Y106.8 E187.47159
G0 F6000 X94.542 Y106.987
G1 F1200 X96.313 Y108.758 E187.55489
G0 F6000 X95.913 Y108.923
G1 F1200 X94.177 Y107.188 E187.63653
G0 F6000 X93.839 Y107.416
G1 F1200 X95.526 Y109.102 E187.71585
G0 F6000 X95.182 Y109.324
G1 F1200 X93.508 Y107.65 E187.79459
G0 F6000 X93.207 Y107.915
G1 F1200 X94.851 Y109.558 E187.8719
G0 F6000 X94.56 Y109.833
G1 F1200 X92.907 Y108.18 E187.94965
G0 F6000 X92.639 Y108.478
G1 F1200 X94.281 Y110.12 E188.02688
G0 F6000 X94.047 Y110.451
G1 F1200 X92.374 Y108.779 E188.10555
G0 F6000 X92.137 Y109.107
G1 F1200 X93.817 Y110.787 E188.18458
G0 F6000 X93.639 Y111.175
G1 F1200 X91.909 Y109.445 E188.26595
G0 F6000 X91.704 Y109.806
G1 F1200 X93.472 Y111.574 E188.34911
G0 F6000 X93.352 Y112.019
G1 F1200 X91.517 Y110.185 E188.4354
G0 F6000 X91.349 Y110.582
G1 F1200 X93.275 Y112.508 E188.52599
G0 F6000 X93.233 Y113.032
G1 F1200 X91.205 Y111.004 E188.62138
G0 F6000 X91.086 Y111.451
G1 F1200 X93.291 Y113.655 E188.72508
G0 F6000 X93.465 Y114.396
G1 F1200 X90.992 Y111.922 E188.84142
G0 F6000 X90.937 Y112.433
G1 F1200 X94.103 Y115.599 E188.99034
G0 F6000 X94.476 Y115.337
G0 X95.368 Y116.224
G0 X95.104 Y116.6
G1 F1200 X98.674 Y120.17 E189.15826
G0 F6000 X98.34 Y120.489
G0 X97.692 Y120.245
G0 X97.723 Y119.785
G1 F1200 X90.904 Y112.965 E189.47903
G0 F6000 X90.938 Y113.566
G1 F1200 X97.116 Y119.744 E189.76963
G0 F6000 X96.459 Y119.652
G1 F1200 X91.027 Y114.22 E190.02513
G0 F6000 X91.205 Y114.964
G1 F1200 X95.714 Y119.473 E190.23722
G0 F6000 X94.788 Y119.113
G1 F1200 X91.568 Y115.893 E190.38868
G0 F6000 X91.156 Y116.095
G0 X92.447 Y117.985
G0 X92.794 Y117.684
G1 F1200 X92.997 Y117.887 E190.39823
G0 F6000 X92.695 Y118.233
G0 X91.989 Y117.368
G0 X91.465 Y116.586
G0 X91.049 Y115.74
G0 X90.749 Y114.858
G0 X90.564 Y113.932
G0 X90.502 Y112.99
G0 X90.561 Y112.047
G0 X90.745 Y111.123
G0 X91.045 Y110.246
G0 X91.464 Y109.398
G0 X91.986 Y108.616
G0 X92.608 Y107.908
G0 X93.316 Y107.286
G0 X94.098 Y106.764
G0 X94.945 Y106.345
G0 X95.827 Y106.044
G0 X96.349 Y105.94
G0 X98.275 Y105.735
G0 X98.275 Y106.195
G1 F1200 X116.825 Y124.744 E191.27074
G0 F6000 X117.39 Y124.744
G1 F1200 X98.841 Y106.195 E192.14323
G0 F6000 X99.406 Y106.195
G1 F1200 X117.956 Y124.744 E193.01574
G0 F6000 X118.522 Y124.744
G1 F1200 X99.972 Y106.195 E193.88825
G0 F6000 X100.537 Y106.194
G1 F1200 X119.087 Y124.744 E194.76079
G0 F6000 X119.653 Y124.744
G1 F1200 X101.103 Y106.194 E195.63332
G0 F6000 X101.669 Y106.194
G1 F1200 X120.219 Y124.744 E196.50586
G0 F6000 X120.784 Y124.744
G1 F1200 X102.234 Y106.194 E197.37839
G0 F6000 X102.8 Y106.194
G1 F1200 X121.35 Y124.744 E198.25093
G0 F6000 X121.916 Y124.744
G1 F1200 X103.365 Y106.193 E199.12351
G0 F6000 X103.931 Y106.193
G1 F1200 X122.482 Y124.744 E199.99609
G0 F6000 X123.047 Y124.744
G1 F1200 X104.496 Y106.193 E200.86867
G0 F6000 X105.062 Y106.193
G1 F1200 X123.613 Y124.744 E201.74126
G0 F6000 X124.179 Y124.744
G1 F1200 X105.628 Y106.193 E202.61384
G0 F6000 X106.193 Y106.193
G1 F1200 X124.744 Y124.744 E203.48642
G0 F6000 X125.31 Y124.744
G1 F1200 X106.758 Y106.193 E204.35903
G0 F6000 X107.324 Y106.193
G1 F1200 X125.876 Y124.744 E205.23163
G0 F6000 X126.441 Y124.744
G1 F1200 X107.89 Y106.193 E206.10421
G0 F6000 X108.455 Y106.193
G1 F1200 X127.007 Y124.744 E206.97682
G0 F6000 X127.573 Y124.744
G1 F1200 X109.02 Y106.192 E207.84947
G0 F6000 X109.586 Y106.192
G1 F1200 X128.138 Y124.744 E208.7221
G0 F6000 X128.751 Y124.791
G1 F1200 X110.152 Y106.192 E209.59694
G0 F6000 X110.717 Y106.192
G1 F1200 X129.497 Y124.971 E210.48027
G0 F6000 X129.369 Y125.413
G0 X130.499 Y126.049
G0 X130.761 Y125.67
G1 F1200 X111.25 Y106.159 E211.39801
G0 F6000 X111.677 Y106.02
G1 F1200 X136.028 Y130.371 E212.54341
G0 F6000 X136.028 Y130.936
G1 F1200 X131.364 Y126.273 E212.76276
G0 F6000 X130.986 Y126.533
G0 X131.623 Y127.658
G0 X132.068 Y127.542
G1 F1200 X136.028 Y131.502 E212.94903
G0 F6000 X135.892 Y131.933
G1 F1200 X135.434 Y131.474 E212.97059
G1 X135.354 Y131.394
G1 X132.239 Y128.279 E213.11711
G0 F6000 X132.295 Y128.901
G1 F1200 X134.441 Y131.047 E213.21806
G0 F6000 X133.918 Y131.09
G1 F1200 X132.295 Y129.467 E213.2944
G0 F6000 X132.295 Y130.033
G1 F1200 X133.472 Y131.209 E213.34974
G0 F6000 X133.025 Y131.328
G1 F1200 X132.295 Y130.598 E213.38407
G0 F6000 X132.295 Y131.164
G1 F1200 X132.578 Y131.447 E213.39738
G0 F6000 X132.696 Y131.894
G0 X134.851 Y131.509
G0 X135.313 Y132.214
G0 X135.343 Y136.311
G0 X136.416 Y136.052
G0 X136.487 Y129.805
G0 X136.028 Y129.805
G1 F1200 X111.941 Y105.719 E214.53034
G0 F6000 X112.12 Y105.331
G1 F1200 X136.028 Y129.239 E215.6549
G0 F6000 X136.028 Y128.674
G1 F1200 X112.166 Y104.812 E216.77729
G0 F6000 X112.166 Y104.247
G1 F1200 X136.028 Y128.108 E217.89967
G0 F6000 X136.028 Y127.542
G1 F1200 X112.166 Y103.68 E219.02206
G0 F6000 X112.166 Y103.115
G1 F1200 X136.028 Y126.977 E220.14446
G0 F6000 X136.028 Y126.411
G1 F1200 X112.166 Y102.549 E221.26685
G0 F6000 X112.165 Y101.982
G1 F1200 X136.028 Y125.845 E222.38929
G0 F6000 X136.028 Y125.28
G1 F1200 X112.165 Y101.417 E223.51174
G0 F6000 X112.165 Y100.851
G1 F1200 X136.028 Y124.714 E224.63418
G0 F6000 X136.028 Y124.148
G1 F1200 X112.164 Y100.285 E225.75664
G0 F6000 X112.164 Y99.719
G1 F1200 X136.028 Y123.582 E226.87911
G0 F6000 X136.028 Y123.017
G1 F1200 X112.173 Y99.162 E228.00118
G0 F6000 X112.937 Y99.361
G1 F1200 X136.028 Y122.451 E229.08728
G0 F6000 X136.028 Y121.885
G1 F1200 X113.503 Y99.361 E230.14677
G0 F6000 X114.068 Y99.361
G1 F1200 X136.028 Y121.32 E231.17967
G0 F6000 X136.048 Y120.775
G1 F1200 X114.634 Y99.361 E232.18692
G0 F6000 X115.2 Y99.361
G1 F1200 X136.183 Y120.344 E233.1739
G0 F6000 X136.454 Y120.049
G1 F1200 X115.765 Y99.361 E234.14702
G0 F6000 X116.331 Y99.361
G1 F1200 X136.829 Y119.859 E235.11119
G0 F6000 X137.314 Y119.778
G1 F1200 X123.679 Y106.142 E235.75256
G0 F6000 X124.294 Y106.192
G1 F1200 X133.741 Y115.64 E236.19694
G0 F6000 X134.116 Y115.378
G0 X134.935 Y116.197
G0 X134.676 Y116.574
G1 F1200 X137.846 Y119.744 E236.34605
G0 F6000 X138.357 Y119.689
G1 F1200 X135.866 Y117.199 E236.46319
G0 F6000 X136.62 Y117.387
G1 F1200 X138.827 Y119.594 E236.567
G0 F6000 X139.276 Y119.477
G1 F1200 X137.242 Y117.443 E236.66267
G0 F6000 X137.772 Y117.407
G1 F1200 X139.7 Y119.336 E236.75339
G0 F6000 X140.099 Y119.169
G1 F1200 X138.263 Y117.333 E236.83975
G0 F6000 X138.713 Y117.217
G1 F1200 X140.476 Y118.98 E236.92267
G0 F6000 X140.837 Y118.776
G1 F1200 X139.113 Y117.052 E237.00376
G0 F6000 X139.499 Y116.872
G1 F1200 X141.175 Y118.548 E237.0826
G0 F6000 X141.506 Y118.312
G1 F1200 X139.831 Y116.638 E237.16136
G0 F6000 X140.162 Y116.403
G1 F1200 X141.808 Y118.049 E237.23878
G0 F6000 X142.111 Y117.786
G1 F1200 X140.45 Y116.126 E237.31689
G0 F6000 X140.728 Y115.838
G1 F1200 X142.375 Y117.485 E237.39436
G0 F6000 X142.639 Y117.183
G1 F1200 X140.962 Y115.506 E237.47324
G0 F6000 X141.193 Y115.171
G1 F1200 X142.874 Y116.852 E237.55231
G0 F6000 X143.099 Y116.512
G1 F1200 X141.37 Y114.783 E237.63363
G0 F6000 X141.531 Y114.378
G1 F1200 X143.301 Y116.148 E237.71689
G0 F6000 X143.488 Y115.77
G1 F1200 X141.65 Y113.932 E237.80334
G0 F6000 X141.722 Y113.438
G1 F1200 X143.654 Y115.369 E237.8942
G0 F6000 X143.797 Y114.947
G1 F1200 X141.757 Y112.907 E237.99015
G0 F6000 X141.698 Y112.282
G1 F1200 X143.913 Y114.498 E238.09436
G0 F6000 X144.009 Y114.027
G1 F1200 X141.508 Y111.527 E238.21198
G0 F6000 X141.065 Y111.636
G0 X140.439 Y110.533
G0 X140.814 Y110.267
G1 F1200 X144.06 Y113.513 E238.36466
G0 F6000 X144.09 Y112.977
G1 F1200 X137.314 Y106.202 E238.68336
G0 F6000 X136.743 Y106.196
G1 F1200 X140.012 Y109.465 E238.83712
G0 F6000 X139.745 Y109.839
G0 X138.641 Y109.222
G0 X138.758 Y108.776
G1 F1200 X136.177 Y106.196 E238.9585
G0 F6000 X135.612 Y106.196
G1 F1200 X138.013 Y108.597 E239.07144
G0 F6000 X137.386 Y108.536
G1 F1200 X135.045 Y106.195 E239.18155
G0 F6000 X134.48 Y106.195
G1 F1200 X136.857 Y108.573 E239.29338
G0 F6000 X136.363 Y108.644
G1 F1200 X133.914 Y106.195 E239.40857
G0 F6000 X133.348 Y106.195
G1 F1200 X135.917 Y108.764 E239.52941
G0 F6000 X135.513 Y108.926
G1 F1200 X132.782 Y106.195 E239.65787
G0 F6000 X132.216 Y106.195
G1 F1200 X135.124 Y109.102 E239.79463
G0 F6000 X134.787 Y109.331
G1 F1200 X131.651 Y106.195 E239.94214
G0 F6000 X131.084 Y106.194
G1 F1200 X134.454 Y109.563 E240.10063
G0 F6000 X134.168 Y109.843
G1 F1200 X130.518 Y106.194 E240.27229
G0 F6000 X129.953 Y106.194
G1 F1200 X133.883 Y110.124 E240.45714
G0 F6000 X133.652 Y110.459
G1 F1200 X129.386 Y106.193 E240.6578
G0 F6000 X128.821 Y106.193
G1 F1200 X133.428 Y110.801 E240.87453
G0 F6000 X133.243 Y111.181
G1 F1200 X128.255 Y106.193 E241.10915
G0 F6000 X127.689 Y106.193
G1 F1200 X133.077 Y111.581 E241.36258
G0 F6000 X132.961 Y112.03
G1 F1200 X127.123 Y106.193 E241.63716
G0 F6000 X126.557 Y106.193
G1 F1200 X132.887 Y112.523 E241.9349
G0 F6000 X132.846 Y113.047
G1 F1200 X125.992 Y106.193 E242.25729
G0 F6000 X125.425 Y106.192
G1 F1200 X132.904 Y113.671 E242.60908
G0 F6000 X133.09 Y114.423
G1 F1200 X124.86 Y106.192 E242.99622
G0 F6000 X124.861 Y105.734
G0 X123.542 Y105.476
G0 X123.31 Y105.189
G0 X122.875 Y105.338
G1 F1200 X116.897 Y99.361 E243.27738
G0 F6000 X117.462 Y99.361
G1 F1200 X122.826 Y104.724 E243.52967
G0 F6000 X122.826 Y104.158
G1 F1200 X118.028 Y99.361 E243.75533
G0 F6000 X118.594 Y99.361
G1 F1200 X122.826 Y103.593 E243.95439
G0 F6000 X122.827 Y103.028
G1 F1200 X119.16 Y99.361 E244.12687
G0 F6000 X119.725 Y99.361
G1 F1200 X122.827 Y102.462 E244.27276
G0 F6000 X122.827 Y101.896
G1 F1200 X120.291 Y99.361 E244.39202
G0 F6000 X120.857 Y99.361
G1 F1200 X122.827 Y101.331 E244.48468
G0 F6000 X122.827 Y100.766
G1 F1200 X121.422 Y99.361 E244.55077
G0 F6000 X121.988 Y99.361
G1 F1200 X122.827 Y100.2 E244.59023
G0 F6000 X122.827 Y99.634
G1 F1200 X122.444 Y99.251 E244.60825
G0 F6000 X123.181 Y98.659
G0 X123.542 Y105.476
G0 X137.949 Y105.784
G0 X137.918 Y106.24
G1 F1200 X144.055 Y112.376 E244.89689
G0 F6000 X143.961 Y111.717
G1 F1200 X138.58 Y106.336 E245.15
G0 F6000 X139.333 Y106.524
G1 F1200 X143.772 Y110.963 E245.35879
G0 F6000 X144.209 Y110.815
G0 X143.802 Y109.808
G0 X143.389 Y110.013
G1 F1200 X140.275 Y106.9 E245.50524
G1 F2700 E240.50524
G0 F6000 X140.479 Y106.49
G0 X141.68 Y107.29
G0 X142.389 Y107.908
G0 X143.01 Y108.616
G0 X143.531 Y109.398
G0 X143.952 Y110.245
G0 X144.251 Y111.126
G0 X144.435 Y112.051
G0 X144.494 Y112.992
G0 X144.435 Y113.933
G0 X144.251 Y114.858
G0 X143.951 Y115.739
G0 X143.531 Y116.586
G0 X143.01 Y117.368
G0 X142.389 Y118.076
G0 X141.683 Y118.694
G0 X140.897 Y119.22
G0 X140.056 Y119.639
G0 X139.175 Y119.935
G0 X136.533 Y120.557
G0 X136.416 Y136.052
G0 X135.343 Y136.311
G0 X135.164 Y131.754
G0 X134.149 Y131.442
G0 X131.912 Y132.025
G0 X131.397 Y127.021
G0 X128.781 Y125.197
G0 X106.843 Y125.455
G0 X106.275 Y125.503
G0 X105.681 Y125.661
G0 X105.135 Y125.916
G0 X104.644 Y126.261
G0 X104.218 Y126.685
G0 X103.873 Y127.178
G0 X103.618 Y127.724
G0 X103.463 Y128.305
G0 X103.412 Y128.885
G0 X103.428 Y132.471
G0 X100.811 Y131.758
G0 X100.007 Y131.771
G0 X99.653 Y137.777
G0 X98.6 Y139.76
G0 X99.658 Y139.84
G0 X99.658 Y139.514
G1 F2700 E245.50524
G1 F902.3 X99.009 Y139.513 E245.53395
G1 X99.474 Y138.624 E245.57833
G1 F888.9 X99.641 Y139.094 E245.60073
G1 F866.4 X100.407 Y139.486 E245.64037
G1 F877.5 X99.658 Y139.514 E245.67446
G0 F6000 X100.452 Y139.484
G1 F808.1 X100.887 Y139.482 E245.69594
G0 F6000 X100.833 Y139.129
G0 X99.855 Y138.911
G0 X99.653 Y137.777
G0 X98.6 Y139.76
G0 X117.5 Y139.84
G0 X117.5 Y139.58
G1 F1200 X104.045 Y139.58 E246.14346
G1 F1132.1 X102.456 Y139.534 E246.1995
G1 F1012.7 X100.868 Y139.488 E246.26212
G1 X102.424 Y139.024 E246.32611
G1 F1132.1 X103.979 Y138.56 E246.38332
G1 F1200 X131.013 Y138.56 E247.28248
G1 F1129.4 X131.777 Y138.79 E247.31067
G1 F1008.4 X132.542 Y139.02 E247.34229
G1 F912.5 X133.306 Y139.249 E247.37718
G1 F831.9 X134.07 Y139.479 E247.41546
G1 X133.289 Y139.504 E247.45295
G1 F912.5 X132.509 Y139.529 E247.48708
G1 F1008.4 X131.728 Y139.555 E247.51801
G1 F1129.4 X130.948 Y139.58 E247.54558
G1 F1200 X117.5 Y139.58 E247.99287
G0 F6000 X117.5 Y139.84
G0 X136.396 Y139.76
G0 X135.343 Y137.777
G0 X135.159 Y138.796
G0 X134.163 Y139.132
G0 X134.07 Y139.479
G1 F794.7 X134.712 Y139.478 E248.02511
G0 F6000 X135.372 Y139.513
G1 F860.2 X134.737 Y139.479 E248.05462
G1 F849.6 X135.358 Y139.08 E248.08929
G1 F888.9 X135.52 Y138.628 E248.11085
G1 F898.9 X135.986 Y139.513 E248.15526
G1 X135.372 Y139.513 E248.18253
G0 F6000 X135.372 Y139.84
G0 X133.157 Y139.84
G0 X133.157 Y139.38
G1 F1200 X133.101 Y139.323 E248.18518
G0 F6000 X132.592 Y139.38
G1 F1200 X132.329 Y139.118 E248.19753
G0 F6000 X132.026 Y139.38
G1 F1200 X131.559 Y138.913 E248.2195
G0 F6000 X131.46 Y139.38
G1 F1200 X130.84 Y138.76 E248.24866
G0 F6000 X130.275 Y138.76
G1 F1200 X130.895 Y139.38 E248.27782
G0 F6000 X130.329 Y139.38
G1 F1200 X129.709 Y138.76 E248.30699
G0 F6000 X129.143 Y138.76
G1 F1200 X129.763 Y139.38 E248.33615
G0 F6000 X129.198 Y139.38
G1 F1200 X128.577 Y138.76 E248.36534
G0 F6000 X128.012 Y138.76
G1 F1200 X128.632 Y139.38 E248.3945
G0 F6000 X128.066 Y139.38
G1 F1200 X127.446 Y138.76 E248.42366
G0 F6000 X126.88 Y138.76
G1 F1200 X127.501 Y139.38 E248.45285
G0 F6000 X126.935 Y139.38
G1 F1200 X126.315 Y138.76 E248.48201
G0 F6000 X125.749 Y138.76
G1 F1200 X126.369 Y139.38 E248.51117
G0 F6000 X125.803 Y139.38
G1 F1200 X125.183 Y138.76 E248.54034
G0 F6000 X124.618 Y138.76
G1 F1200 X125.238 Y139.38 E248.5695
G0 F6000 X124.672 Y139.38
G1 F1200 X124.052 Y138.76 E248.59866
G0 F6000 X123.486 Y138.76
G1 F1200 X124.106 Y139.38 E248.62782
G0 F6000 X123.541 Y139.38
G1 F1200 X122.921 Y138.76 E248.65699
G0 F6000 X122.355 Y138.76
G1 F1200 X122.975 Y139.38 E248.68615
G0 F6000 X122.409 Y139.38
G1 F1200 X121.789 Y138.76 E248.71531
G0 F6000 X121.224 Y138.76
G1 F1200 X121.844 Y139.38 E248.74448
G0 F6000 X121.278 Y139.38
G1 F1200 X120.658 Y138.76 E248.77364
G0 F6000 X120.092 Y138.76
G1 F1200 X120.712 Y139.38 E248.8028
G0 F6000 X120.147 Y139.38
G1 F1200 X119.527 Y138.76 E248.83196
G0 F6000 X118.961 Y138.76
G1 F1200 X119.581 Y139.38 E248.86113
G0 F6000 X119.015 Y139.38
G1 F1200 X118.395 Y138.76 E248.89029
G0 F6000 X117.829 Y138.76
G1 F1200 X118.45 Y139.38 E248.91948
G0 F6000 X117.884 Y139.38
G1 F1200 X117.264 Y138.76 E248.94864
G0 F6000 X116.698 Y138.76
G1 F1200 X117.318 Y139.38 E248.9778
G0 F6000 X116.753 Y139.38
G1 F1200 X116.132 Y138.76 E249.00699
G0 F6000 X115.567 Y138.76
G1 F1200 X116.187 Y139.38 E249.03615
G0 F6000 X115.621 Y139.38
G1 F1200 X115.001 Y138.76 E249.06532
G0 F6000 X114.435 Y138.76
G1 F1200 X115.055 Y139.38 E249.09448
G0 F6000 X114.49 Y139.38
G1 F1200 X113.87 Y138.76 E249.12364
G0 F6000 X113.304 Y138.76
G1 F1200 X113.924 Y139.38 E249.1528
G0 F6000 X113.358 Y139.38
G1 F1200 X112.738 Y138.76 E249.18197
G0 F6000 X112.173 Y138.76
G1 F1200 X112.793 Y139.38 E249.21113
G0 F6000 X112.227 Y139.38
G1 F1200 X111.607 Y138.76 E249.24029
G0 F6000 X111.041 Y138.76
G1 F1200 X111.661 Y139.38 E249.26946
G0 F6000 X111.096 Y139.38
G1 F1200 X110.476 Y138.76 E249.29862
G0 F6000 X109.91 Y138.76
G1 F1200 X110.53 Y139.38 E249.32778
G0 F6000 X109.964 Y139.38
G1 F1200 X109.344 Y138.76 E249.35694
G0 F6000 X108.778 Y138.76
G1 F1200 X109.399 Y139.38 E249.38613
G0 F6000 X108.833 Y139.38
G1 F1200 X108.213 Y138.76 E249.41529
G0 F6000 X107.647 Y138.76
G1 F1200 X108.267 Y139.38 E249.44446
G0 F6000 X107.702 Y139.38
G1 F1200 X107.081 Y138.76 E249.47364
G0 F6000 X106.516 Y138.76
G1 F1200 X107.136 Y139.38 E249.50281
G0 F6000 X106.57 Y139.38
G1 F1200 X105.95 Y138.76 E249.53197
G0 F6000 X105.384 Y138.76
G1 F1200 X106.004 Y139.38 E249.56113
G0 F6000 X105.439 Y139.38
G1 F1200 X104.819 Y138.76 E249.59029
G0 F6000 X104.253 Y138.76
G1 F1200 X104.873 Y139.38 E249.61946
G0 F6000 X104.307 Y139.38
G1 F1200 X103.754 Y138.827 E249.64547
G0 F6000 X103.308 Y138.946
G1 F1200 X103.742 Y139.38 E249.66588
G0 F6000 X103.176 Y139.38
G1 F1200 X102.861 Y139.065 E249.6807
G0 F6000 X102.61 Y139.38
G1 F1200 X102.414 Y139.183 E249.68994
G0 F6000 X102.045 Y139.38
G1 F1200 X101.968 Y139.303 E249.69356
G1 F2700 E244.69356
G0 F6000 X101.851 Y138.858
G0 X100.006 Y138.867
G0 X99.58 Y136.215
G0 X98.584 Y136.052
G0 X98.384 Y120.448
G0 X95.826 Y119.935
G0 X94.944 Y119.635
G0 X94.098 Y119.219
G0 X93.316 Y118.695
G0 X92.607 Y118.077
G0 X91.989 Y117.368
G0 X91.465 Y116.586
G0 X91.049 Y115.74
G0 X90.749 Y114.858
G0 X90.564 Y113.932
G0 X90.502 Y112.99
G0 X90.561 Y112.047
G0 X90.745 Y111.123
G0 X91.045 Y110.246
G0 X91.464 Y109.398
G0 X91.986 Y108.616
G0 X92.608 Y107.908
G0 X93.316 Y107.286
G0 X94.098 Y106.764
G0 X94.945 Y106.345
G0 X95.827 Y106.044
G0 X96.748 Y105.86
G0 X111.458 Y105.476
G0 X111.811 Y96.758
G0 X112.136 Y96.72
G1 F2700 E249.69356
G1 F892.2 X112.03 Y95.642 E249.74202
G1 X112.029 Y95.369 E249.75423
G1 X112.669 Y95.369 E249.78286
G1 X112.563 Y95.706 E249.79867
G1 X112.136 Y96.72 E249.84789
G0 F6000 X111.811 Y96.758
G0 X111.937 Y98.029
G0 X112.508 Y98.642
G0 X122.493 Y98.643
G0 X122.561 Y96.852
G0 X122.86 Y96.716
G1 F890.5 X122.429 Y95.705 E249.89714
G1 X122.323 Y95.369 E249.91293
G1 X122.967 Y95.369 E249.9418
G1 X122.967 Y95.634 E249.95367
G1 X122.86 Y96.716 E250.0024
G1 F2700 E245.0024
;MESH:NONMESH
G0 F300 X122.86 Y96.716 Z0.4
G0 F6000 X122.561 Y96.852
G0 X97.734 Y105.836
G0 X97.686 Y108.913
G0 X97.688 Y116.791
;TIME_ELAPSED:425.529927
;LAYER:1
M106 S85
;TYPE:WALL-INNER
;MESH:FT05-Frame Part B.stl
G1 F2700 E250.0024
G1 F1350 X97.018 Y116.725 E250.0248
G1 X96.407 Y116.565 E250.0458
G1 X95.793 Y116.277 E250.06836
G1 X95.256 Y115.906 E250.09007
G1 X94.792 Y115.444 E250.11185
G1 X94.4 Y114.887 E250.1345
G1 X94.119 Y114.277 E250.15684
G1 X93.955 Y113.662 E250.17801
G1 X93.893 Y112.991 E250.20042
G1 X93.955 Y112.318 E250.2229
G1 X94.119 Y111.703 E250.24407
G1 X94.403 Y111.089 E250.26657
G1 X94.783 Y110.547 E250.28859
G1 X95.244 Y110.088 E250.31022
G1 X95.793 Y109.703 E250.33252
G1 X96.403 Y109.419 E250.3549
G1 X97.018 Y109.255 E250.37607
G1 X97.716 Y109.196 E250.39937
G1 X98.354 Y109.251 E250.42067
G1 X98.992 Y109.422 E250.44264
G1 X99.591 Y109.702 E250.46463
G1 X100.133 Y110.083 E250.48667
G1 X100.599 Y110.549 E250.50859
G1 X100.979 Y111.093 E250.53066
G1 X101.258 Y111.687 E250.55248
G1 X101.429 Y112.331 E250.57465
G1 X101.491 Y112.988 E250.5966
G1 X101.434 Y113.635 E250.6182
G1 X101.257 Y114.293 E250.64086
G1 X100.964 Y114.916 E250.66376
G1 X100.596 Y115.438 E250.685
G1 X100.141 Y115.891 E250.70636
G1 X99.598 Y116.273 E250.72844
G1 X98.992 Y116.559 E250.75073
G1 X98.354 Y116.727 E250.77267
G1 X97.688 Y116.791 E250.79492
G1 F2700 E245.79492
G0 F7500 X99.056 Y116.729
G0 X104.957 Y125.611
G0 X117.5 Y140.056
G1 F2700 E250.79492
G1 F1350 X136.708 Y140.055 E251.43378
G1 X136.71 Y139.719 E251.44496
G1 X135.876 Y138.126 E251.50476
G1 F1388.2 X135.41 Y137.214 E251.53789
G1 F1504.2 X135.362 Y136.94 E251.5462
G1 F1459.5 X135.468 Y136.558 E251.55839
G1 F1350 X135.909 Y136.34 E251.57475
G1 X136.704 Y136.34 E251.6012
G1 X136.706 Y121.013 E252.11097
G1 X136.764 Y120.804 E252.11819
G1 X136.926 Y120.601 E252.12683
G1 X137.156 Y120.476 E252.13553
G1 X138.285 Y120.403 E252.17316
G1 X139.244 Y120.211 E252.20569
G1 X140.162 Y119.9 E252.23793
G1 X141.043 Y119.467 E252.27058
G1 X141.854 Y118.923 E252.30306
G1 X142.59 Y118.278 E252.33561
G1 X143.234 Y117.542 E252.36814
G1 X143.779 Y116.727 E252.40074
G1 X144.212 Y115.849 E252.43331
G1 X144.53 Y114.913 E252.46618
G1 X144.715 Y113.97 E252.49815
G1 X144.778 Y112.992 E252.53074
G1 X144.715 Y112.014 E252.56334
G1 X144.527 Y111.052 E252.59594
G1 X144.212 Y110.135 E252.62819
G1 X143.779 Y109.253 E252.66087
G1 X143.235 Y108.443 E252.69332
G1 X142.59 Y107.706 E252.7259
G1 X141.854 Y107.061 E252.75845
G1 X141.043 Y106.517 E252.79093
G1 X140.162 Y106.084 E252.82358
G1 X139.244 Y105.773 E252.85581
G1 X138.284 Y105.581 E252.88838
G1 X137.275 Y105.512 E252.92201
G1 X123.997 Y105.512 E253.36364
G1 X123.795 Y105.427 E253.37093
G1 X123.588 Y105.22 E253.38067
G1 X123.508 Y104.984 E253.38895
G1 X123.504 Y94.94 E253.72302
G1 X121.618 Y94.94 E253.78575
G1 X122.568 Y97.98 E253.89168
G1 X122.568 Y98.188 E253.8986
G1 X122.516 Y98.348 E253.90419
G1 X122.247 Y98.62 E253.91692
G1 X121.976 Y98.684 E253.92618
G1 X113.02 Y98.684 E254.22406
G1 X112.749 Y98.62 E254.23332
G1 X112.48 Y98.347 E254.24607
G1 X112.428 Y98.188 E254.25163
G1 X112.428 Y97.98 E254.25855
G1 X113.381 Y94.941 E254.36448
G1 X111.497 Y94.941 E254.42714
G1 X111.492 Y104.984 E254.76117
G1 X111.357 Y105.297 E254.77251
G1 X111.168 Y105.448 E254.78056
G1 X110.957 Y105.509 E254.78786
G1 X97.725 Y105.512 E255.22796
G1 X96.716 Y105.58 E255.2616
G1 X95.752 Y105.773 E255.29429
G1 X94.835 Y106.084 E255.3265
G1 X93.957 Y106.517 E255.35906
G1 X93.142 Y107.062 E255.39167
G1 X92.406 Y107.706 E255.4242
G1 X91.762 Y108.443 E255.45675
G1 X91.217 Y109.253 E255.48922
G1 X90.784 Y110.134 E255.52187
G1 X90.473 Y111.052 E255.55411
G1 X90.281 Y112.015 E255.58677
G1 X90.218 Y112.992 E255.61933
G1 X90.281 Y113.969 E255.65189
G1 X90.473 Y114.932 E255.68455
G1 X90.784 Y115.849 E255.71676
G1 X91.217 Y116.727 E255.74932
G1 X91.762 Y117.542 E255.78193
G1 X92.406 Y118.278 E255.81446
G1 X93.142 Y118.922 E255.84699
G1 X93.957 Y119.467 E255.87959
G1 X94.835 Y119.9 E255.91216
G1 X95.752 Y120.211 E255.94436
G1 X96.715 Y120.403 E255.97702
G1 X97.748 Y120.47 E256.01145
G1 X97.97 Y120.535 E256.01914
G1 X98.206 Y120.757 E256.02992
G1 X98.286 Y120.978 E256.03774
G1 X98.292 Y136.34 E256.54868
G1 X99.09 Y136.34 E256.57522
G1 X99.532 Y136.557 E256.5916
G1 F1003.7 X99.806 Y136.94 E256.61267
G1 X99.944 Y136.409 E256.63721
G1 F1350 X99.944 Y132.304 E256.77374
G1 X100.014 Y132.021 E256.78344
G1 X100.183 Y131.824 E256.79207
G1 X100.433 Y131.698 E256.80138
G1 X100.895 Y131.724 E256.81677
G1 X103.26 Y132.355 E256.89818
G1 X103.262 Y128.853 E257.01466
G1 X103.315 Y128.274 E257.034
G1 X103.473 Y127.672 E257.0547
G1 X103.739 Y127.101 E257.07565
G1 X104.104 Y126.582 E257.09676
G1 X104.547 Y126.139 E257.11759
G1 X105.055 Y125.786 E257.13817
G1 X105.644 Y125.513 E257.15976
G1 X106.233 Y125.355 E257.18004
G1 X106.842 Y125.304 E257.20037
G1 X128.187 Y125.306 E257.91031
G1 X128.758 Y125.355 E257.92937
G1 X129.385 Y125.525 E257.95098
G1 X129.944 Y125.788 E257.97152
G1 X130.45 Y126.136 E257.99195
G1 X130.897 Y126.583 E258.01297
G1 X131.258 Y127.103 E258.03403
G1 X131.523 Y127.672 E258.0549
G1 X131.687 Y128.277 E258.07575
G1 X131.735 Y128.858 E258.09514
G1 X131.736 Y132.358 E258.21155
G1 X134.104 Y131.724 E258.29309
G1 X134.562 Y131.698 E258.30835
G1 X134.813 Y131.823 E258.31767
G1 X134.982 Y132.021 E258.32633
G1 X135.052 Y132.304 E258.33603
G1 X135.052 Y136.409 E258.47256
G1 F1459.5 X135.022 Y136.94 E258.48892
G1 F1504.2 X135.041 Y137.304 E258.4998
G1 F1388.2 X135.052 Y138.328 E258.53293
G1 F1350 X134.912 Y138.714 E258.54658
G1 X134.556 Y138.919 E258.56025
G1 X134.188 Y138.93 E258.57249
G1 X131.061 Y138.096 E258.68013
G1 X103.939 Y138.096 E259.58221
G1 X100.844 Y138.919 E259.68873
G1 X100.544 Y138.928 E259.69871
G1 X100.084 Y138.714 E259.71559
G1 X99.944 Y138.328 E259.72924
G1 F1179 X99.887 Y137.304 E259.7683
G1 F900 X99.801 Y137.068 E259.78083
G1 X99.65 Y137.246 E259.79248
G1 F1179 X99.123 Y138.125 E259.83151
G1 F1350 X98.286 Y139.718 E259.89136
G1 X98.289 Y140.056 E259.9026
G1 X117.5 Y140.056 E260.54156
G1 F2700 E255.54156
G0 F7500 X98.459 Y139.884
G0 X99.753 Y137.335
G0 X99.96 Y138.816
G0 X100.873 Y139.077
G0 X103.96 Y138.257
G0 X131.08 Y137.945
G0 X134.202 Y138.778
G0 X134.893 Y138.764
G0 X134.893 Y131.872
G0 X134.202 Y131.858
G0 X131.572 Y132.574
G0 X131.588 Y128.885
G0 X131.537 Y128.305
G0 X131.382 Y127.724
G0 X131.127 Y127.178
G0 X130.782 Y126.685
G0 X130.335 Y126.245
G0 X130.579 Y125.983
G0 X136.61 Y116.905
G0 X137.3 Y116.791
G1 F2700 E260.54156
G1 F1350 X136.642 Y116.729 E260.56354
G1 X136.003 Y116.559 E260.58554
G1 X135.404 Y116.276 E260.60757
G1 X134.875 Y115.907 E260.62902
G1 X134.398 Y115.436 E260.65132
G1 X134.036 Y114.919 E260.67231
G1 X133.739 Y114.292 E260.69539
G1 X133.566 Y113.635 E260.71798
G1 X133.508 Y112.995 E260.73936
G1 X133.566 Y112.333 E260.76146
G1 X133.738 Y111.687 E260.78369
G1 X134.016 Y111.098 E260.80536
G1 X134.4 Y110.541 E260.82786
G1 X134.863 Y110.084 E260.8495
G1 X135.403 Y109.706 E260.87142
G1 X136.005 Y109.421 E260.89357
G1 X136.648 Y109.256 E260.91565
G1 X137.281 Y109.196 E260.9368
G1 X137.978 Y109.259 E260.96008
G1 X138.593 Y109.419 E260.98121
G1 X139.204 Y109.707 E261.00368
G1 X139.746 Y110.08 E261.02556
G1 X140.204 Y110.541 E261.04718
G1 X140.594 Y111.094 E261.06968
G1 X140.876 Y111.705 E261.09207
G1 X141.042 Y112.32 E261.11325
G1 X141.1 Y113.031 E261.13698
G1 X141.047 Y113.65 E261.15764
G1 X140.876 Y114.277 E261.17926
G1 X140.611 Y114.854 E261.20038
G1 X140.214 Y115.436 E261.22381
G1 X139.751 Y115.896 E261.24552
G1 X139.211 Y116.278 E261.26752
G1 X138.593 Y116.565 E261.29018
G1 X137.979 Y116.729 E261.31132
G1 X137.3 Y116.791 E261.33399
G0 F7500 X137.285 Y116.388
;TYPE:WALL-OUTER
G1 F1350 X136.697 Y116.33 E261.35365
G1 X136.142 Y116.184 E261.37273
G1 X135.606 Y115.929 E261.39248
G1 X135.115 Y115.587 E261.41238
G1 X134.714 Y115.186 E261.43124
G1 X134.368 Y114.695 E261.45122
G1 X134.115 Y114.156 E261.47102
G1 X133.96 Y113.563 E261.49141
G1 X133.908 Y112.973 E261.51111
G1 X133.966 Y112.384 E261.53079
G1 X134.11 Y111.844 E261.54938
G1 X134.375 Y111.282 E261.57005
G1 X134.719 Y110.789 E261.59004
G1 X135.111 Y110.401 E261.60838
G1 X135.618 Y110.047 E261.62895
G1 X136.161 Y109.794 E261.64888
G1 X136.717 Y109.65 E261.66798
G1 X137.323 Y109.596 E261.68821
G1 X137.9 Y109.651 E261.70749
G1 X138.465 Y109.798 E261.72691
G1 X139.004 Y110.054 E261.74676
G1 X139.498 Y110.398 E261.76678
G1 X139.903 Y110.804 E261.78585
G1 X140.246 Y111.295 E261.80577
G1 X140.502 Y111.848 E261.82604
G1 X140.649 Y112.397 E261.84494
G1 X140.7 Y113.01 E261.8654
G1 X140.646 Y113.6 E261.88511
G1 X140.498 Y114.149 E261.90402
G1 X140.237 Y114.703 E261.92439
G1 X139.917 Y115.163 E261.94303
G1 X139.488 Y115.595 E261.96328
G1 X139.02 Y115.923 E261.98228
G1 X138.465 Y116.186 E262.00271
G1 X137.9 Y116.337 E262.02216
G1 X137.285 Y116.388 E262.04269
G1 F2700 E257.04269
G0 F7500 X137.258 Y116.696
G0 X136.61 Y116.905
G0 X130.039 Y125.611
G0 X117.5 Y137.696
G1 F2700 E262.04269
G1 F1350 X103.887 Y137.696 E262.49546
G1 X100.775 Y138.525 E262.60257
G1 X100.544 Y138.528 E262.61026
G1 X100.39 Y138.457 E262.6159
G1 X100.344 Y138.328 E262.62045
G1 X100.344 Y132.228 E262.82334
G1 X100.487 Y132.111 E262.82948
G1 X100.792 Y132.11 E262.83963
G1 X103.66 Y132.875 E262.93835
G1 X103.66 Y128.889 E263.07093
G1 X103.714 Y128.329 E263.08964
G1 X103.858 Y127.791 E263.10816
G1 X104.078 Y127.319 E263.12548
G1 X104.4 Y126.856 E263.14424
G1 X104.821 Y126.435 E263.16404
G1 X105.241 Y126.143 E263.18106
G1 X105.758 Y125.897 E263.2001
G1 X106.307 Y125.75 E263.219
G1 X106.864 Y125.704 E263.23759
G1 X128.153 Y125.704 E263.94567
G1 X128.693 Y125.75 E263.96369
G1 X129.238 Y125.897 E263.98247
G1 X129.754 Y126.143 E264.00148
G1 X130.206 Y126.458 E264.01981
G1 X130.601 Y126.857 E264.03848
G1 X130.918 Y127.319 E264.05711
G1 X131.15 Y127.823 E264.07557
G1 X131.286 Y128.327 E264.09293
G1 X131.336 Y128.891 E264.11176
G1 X131.336 Y132.879 E264.2444
G1 X134.208 Y132.11 E264.34329
G1 X134.509 Y132.111 E264.3533
G1 X134.652 Y132.228 E264.35945
G1 X134.652 Y138.328 E264.56234
G1 X134.606 Y138.457 E264.56689
G1 X134.487 Y138.525 E264.57145
G1 X134.208 Y138.522 E264.58073
G1 X131.113 Y137.696 E264.68727
G1 X117.5 Y137.696 E265.14004
G1 F2700 E260.14004
G0 F7500 X117.5 Y138.006
G0 X103.96 Y138.257
G0 X100.551 Y139.089
G0 X99.96 Y138.816
G0 X99.753 Y137.335
G0 X98.448 Y139.758
G0 X117.5 Y140.149
G0 X117.5 Y140.455
G1 F2700 E265.14004
G1 F1350 X136.996 Y140.455 E265.78848
G1 X137.108 Y140.344 E265.79373
G1 X137.111 Y139.621 E265.81777
G1 X135.721 Y136.971 E265.9173
G1 X135.777 Y136.812 E265.92291
G1 X135.924 Y136.74 E265.92835
G1 X137.104 Y136.74 E265.9676
G1 X137.104 Y121.049 E266.48949
G1 X137.132 Y120.964 E266.49246
G1 X137.239 Y120.871 E266.49718
G1 X138.337 Y120.801 E266.53377
G1 X139.348 Y120.598 E266.56807
G1 X140.315 Y120.27 E266.60203
G1 X141.243 Y119.814 E266.63642
G1 X142.098 Y119.241 E266.67065
G1 X142.874 Y118.562 E266.70495
G1 X143.552 Y117.786 E266.73922
G1 X144.126 Y116.927 E266.77359
G1 X144.582 Y116.003 E266.80786
G1 X144.918 Y115.016 E266.84253
G1 X145.113 Y114.022 E266.87622
G1 X145.179 Y112.992 E266.91055
G1 X145.113 Y111.962 E266.94488
G1 X144.914 Y110.948 E266.97925
G1 X144.582 Y109.981 E267.01326
G1 X144.126 Y109.053 E267.04765
G1 X143.553 Y108.199 E267.08185
G1 X142.874 Y107.422 E267.11617
G1 X142.098 Y106.743 E267.15047
G1 X141.243 Y106.17 E267.1847
G1 X140.315 Y105.714 E267.21909
G1 X139.348 Y105.386 E267.25305
G1 X138.337 Y105.183 E267.28735
G1 X137.289 Y105.112 E267.32229
G1 X124.083 Y105.111 E267.76152
G1 X123.967 Y105.059 E267.76575
G1 X123.904 Y104.93 E267.77052
G1 X123.904 Y94.54 E268.1161
G1 X121.073 Y94.54 E268.21026
G1 X122.174 Y98.049 E268.33258
G1 X122.156 Y98.172 E268.33671
G1 X122.046 Y98.284 E268.34193
G1 X112.95 Y98.284 E268.64447
G1 X112.84 Y98.172 E268.64969
G1 X112.822 Y98.049 E268.65382
G1 X113.927 Y94.541 E268.77615
G1 X111.097 Y94.541 E268.87028
G1 X111.095 Y104.936 E269.21601
G1 X111.018 Y105.072 E269.22121
G1 X110.917 Y105.111 E269.22481
G1 X97.711 Y105.112 E269.66405
G1 X96.663 Y105.183 E269.69898
G1 X95.648 Y105.386 E269.73341
G1 X94.681 Y105.714 E269.76737
G1 X93.757 Y106.17 E269.80164
G1 X92.898 Y106.744 E269.83601
G1 X92.122 Y107.422 E269.87028
G1 X91.444 Y108.199 E269.90458
G1 X90.87 Y109.053 E269.9388
G1 X90.414 Y109.981 E269.97319
G1 X90.086 Y110.948 E270.00716
G1 X89.883 Y111.963 E270.04158
G1 X89.817 Y112.992 E270.07588
G1 X89.883 Y114.021 E270.11017
G1 X90.086 Y115.036 E270.1446
G1 X90.414 Y116.003 E270.17856
G1 X90.87 Y116.927 E270.21283
G1 X91.444 Y117.786 E270.2472
G1 X92.122 Y118.562 E270.28147
G1 X92.898 Y119.24 E270.31574
G1 X93.757 Y119.814 E270.3501
G1 X94.681 Y120.27 E270.38438
G1 X95.648 Y120.598 E270.41834
G1 X96.663 Y120.801 E270.45277
G1 X97.755 Y120.871 E270.48916
G1 X97.845 Y120.938 E270.49289
G1 X97.892 Y121.049 E270.4969
G1 X97.892 Y136.74 E271.01879
G1 X99.076 Y136.74 E271.05817
G1 X99.223 Y136.812 E271.06361
G1 X99.279 Y136.971 E271.06922
G1 X97.885 Y139.621 E271.16881
G1 X97.892 Y140.347 E271.19296
G1 X98.002 Y140.456 E271.19811
G1 X117.5 Y140.455 E271.84661
G1 F2700 E266.84661
G0 F7500 X117.5 Y140.149
G0 X98.459 Y139.884
G0 X99.753 Y137.335
G0 X100.107 Y131.872
G0 X100.798 Y131.858
G0 X103.428 Y132.574
G0 X103.412 Y128.885
G0 X103.463 Y128.305
G0 X103.618 Y127.724
G0 X103.873 Y127.178
G0 X104.218 Y126.685
G0 X104.644 Y126.261
G0 X105.197 Y125.889
G0 X104.957 Y125.611
G0 X99.056 Y116.729
G0 X97.673 Y116.388
G1 F2700 E271.84661
G1 F1350 X97.096 Y116.333 E271.86589
G1 X96.535 Y116.186 E271.88518
G1 X95.992 Y115.93 E271.90515
G1 X95.508 Y115.591 E271.9248
G1 X95.093 Y115.18 E271.94423
G1 X94.757 Y114.7 E271.96371
G1 X94.506 Y114.169 E271.98325
G1 X94.347 Y113.584 E272.00341
G1 X94.296 Y112.974 E272.02377
G1 X94.35 Y112.384 E272.04348
G1 X94.498 Y111.831 E272.06252
G1 X94.75 Y111.292 E272.08231
G1 X95.093 Y110.804 E272.10215
G1 X95.508 Y110.389 E272.12167
G1 X95.98 Y110.057 E272.14086
G1 X96.511 Y109.806 E272.16039
G1 X97.096 Y109.647 E272.18056
G1 X97.71 Y109.596 E272.20105
G1 X98.3 Y109.65 E272.22075
G1 X98.869 Y109.806 E272.24038
G1 X99.373 Y110.042 E272.25889
G1 X99.886 Y110.402 E272.27973
G1 X100.282 Y110.798 E272.29836
G1 X100.638 Y111.307 E272.31902
G1 X100.886 Y111.844 E272.33869
G1 X101.036 Y112.417 E272.35839
G1 X101.088 Y113.01 E272.37819
G1 X101.037 Y113.58 E272.39722
G1 X100.881 Y114.157 E272.41711
G1 X100.628 Y114.698 E272.43697
G1 X100.278 Y115.19 E272.45705
G1 X99.877 Y115.591 E272.47591
G1 X99.394 Y115.929 E272.49552
G1 X98.854 Y116.184 E272.51538
G1 X98.267 Y116.336 E272.53555
G1 X97.673 Y116.388 E272.55538
G1 F2700 E267.55538
G0 F7500 X97.646 Y116.695
G0 X98.939 Y116.419
G0 X99.516 Y116.149
G0 X100.035 Y115.786
G0 X100.487 Y115.337
G0 X100.851 Y114.815
G0 X101.119 Y114.24
G0 X101.284 Y113.626
G0 X101.33 Y113.113
G0 X101.135 Y111.001
G0 X101.135 Y105.712
G0 X111.967 Y97.929
;TYPE:SKIN
G1 F2700 E272.55538
G1 F1003.7 X111.938 Y97.825 E272.56021
G1 F1026.6 X111.897 Y96.781 E272.60591
G1 F1221.7 X111.856 Y95.737 E272.64431
G1 F1350 X111.856 Y95.301 E272.65881
G1 X112.887 Y95.301 E272.6931
G1 X112.707 Y95.869 E272.71292
G1 F1264.6 X112.337 Y96.899 E272.75178
G1 F1120.3 X111.967 Y97.93 E272.79568
G0 F7500 X111.962 Y98.269
G1 F871 X111.963 Y97.916 E272.81388
G0 F7500 X112.333 Y97.919
G0 X112.963 Y95.93
G0 X112.35 Y95.736
G1 F1144.1 X112.321 Y95.787 E272.81618
G1 X112.262 Y95.787 E272.81849
G1 X112.232 Y95.736 E272.82082
G1 X112.261 Y95.685 E272.82312
G1 X112.32 Y95.685 E272.82544
G1 X112.35 Y95.736 E272.82776
G0 F7500 X112.963 Y95.93
G0 X112.616 Y97.878
G0 X112.623 Y98.523
G0 X122.377 Y98.523
G0 X122.384 Y97.878
G0 X121.858 Y95.117
G0 X123.332 Y95.112
G0 X123.405 Y95.74
G0 X122.764 Y95.74
G1 F1125 X122.734 Y95.792 E272.83015
G1 X122.674 Y95.792 E272.83255
G1 X122.644 Y95.74 E272.83494
G1 X122.674 Y95.688 E272.83734
G1 X122.734 Y95.688 E272.83973
G1 X122.764 Y95.74 E272.84213
G0 F7500 X123.405 Y95.74
G0 X123.332 Y95.112
G0 X121.858 Y95.117
G0 X122.663 Y97.931
G0 X123.025 Y97.824
G1 F897 X122.778 Y97.173 E272.87698
G1 F1036.5 X122.531 Y96.523 E272.90711
G1 F1227.3 X122.284 Y95.872 E272.93258
G1 F1350 X122.105 Y95.3 E272.95252
G1 X123.144 Y95.3 E272.98707
G1 X123.145 Y95.74 E273.00171
G1 F1227.3 X123.105 Y96.435 E273.02718
G1 F1036.5 X123.065 Y97.13 E273.05734
G1 F897 X123.025 Y97.825 E273.09218
G0 F7500 X123.025 Y97.824
G1 F851.7 X123.033 Y97.916 E273.09705
G1 F862.6 X123.033 Y98.27 E273.11548
G1 F2700 E268.11548
G0 F7500 X122.664 Y98.208
G0 X121.858 Y95.117
G0 X123.332 Y95.112
G0 X123.666 Y105.353
G0 X136.551 Y105.344
G0 X137.269 Y105.712
G0 X137.312 Y109.012
G0 X137.276 Y117.152
G1 F2700 E273.11548
G1 F1350 X138.052 Y117.081 E273.1414
G1 X138.709 Y116.902 E273.16404
G1 X139.4 Y116.583 E273.18936
G1 X139.992 Y116.163 E273.2135
G1 X140.462 Y115.694 E273.23558
G1 X140.899 Y115.084 E273.26054
G1 X141.214 Y114.397 E273.28568
G1 X141.39 Y113.744 E273.30817
G1 X141.464 Y113.008 E273.33278
G1 X141.393 Y112.252 E273.35803
G1 X141.218 Y111.592 E273.38074
G1 X140.914 Y110.935 E273.40482
G1 X140.471 Y110.3 E273.43057
G1 X139.992 Y109.816 E273.45322
G1 X139.38 Y109.386 E273.4781
G1 X138.705 Y109.078 E273.50277
G1 X138.06 Y108.906 E273.52498
G1 X137.295 Y108.828 E273.55055
G1 X136.604 Y108.896 E273.57365
G1 X135.857 Y109.087 E273.59929
G1 X135.241 Y109.383 E273.62202
G1 X134.615 Y109.817 E273.64736
G1 X134.111 Y110.322 E273.67109
G1 X133.711 Y110.902 E273.69452
G1 X133.394 Y111.569 E273.71908
G1 X133.208 Y112.286 E273.74372
G1 X133.148 Y113.01 E273.76788
G1 X133.21 Y113.691 E273.79063
G1 X133.395 Y114.42 E273.81564
G1 X133.717 Y115.089 E273.84034
G1 X134.123 Y115.666 E273.8638
G1 X134.634 Y116.174 E273.88777
G1 X135.239 Y116.596 E273.9123
G1 X135.882 Y116.9 E273.93596
G1 X136.574 Y117.08 E273.95974
G1 X137.276 Y117.152 E273.98321
G1 F2700 E268.98321
G0 F7500 X137.301 Y116.893
G0 X137.109 Y120.278
G0 X135.609 Y139.242
G1 F2700 E273.98321
G1 F1084.3 X135.578 Y139.296 E273.98579
G1 X135.516 Y139.296 E273.98836
G1 X135.485 Y139.242 E273.99093
G1 X135.516 Y139.188 E273.99351
G1 X135.578 Y139.188 E273.99608
G1 X135.609 Y139.242 E273.99866
G1 F2700 E268.99866
G0 F7500 X136.189 Y138.939
G0 X135.543 Y137.164
G0 X135.553 Y136.503
G0 X135.937 Y136.492
G0 X135.901 Y136.14
G0 X135.878 Y135.514
G1 F2700 E273.99866
G1 F1015 X135.878 Y132.252 E274.14296
G1 F990.8 X135.865 Y132.119 E274.14901
G1 F2700 E269.14901
G0 F7500 X134.053 Y131.531
G0 X117.5 Y124.944
G1 F2700 E274.14901
G1 F1350 X106.836 Y124.944 E274.5037
G1 X106.175 Y124.998 E274.52576
G1 X105.53 Y125.169 E274.54795
G1 X104.892 Y125.462 E274.5713
G1 X104.303 Y125.873 E274.59519
G1 X103.835 Y126.337 E274.61711
G1 X103.431 Y126.914 E274.64054
G1 X103.142 Y127.523 E274.66296
G1 X102.962 Y128.201 E274.68629
G1 X102.9 Y128.821 E274.70701
G1 X102.9 Y131.883 E274.80885
G1 X100.988 Y131.374 E274.87466
G1 X100.559 Y131.34 E274.88898
G1 X100.266 Y131.378 E274.8988
G1 X99.958 Y131.535 E274.9103
G1 X99.689 Y131.848 E274.92403
G1 X99.589 Y132.26 E274.93813
G1 X99.584 Y136.2 E275.06917
G1 X99.131 Y135.98 E275.08592
G1 X98.652 Y135.98 E275.10186
G1 X98.652 Y120.964 E275.60129
G1 X98.576 Y120.699 E275.61046
G1 X98.422 Y120.443 E275.6204
G1 X98.134 Y120.21 E275.63272
G1 X97.769 Y120.108 E275.64532
G1 X96.759 Y120.045 E275.67898
G1 X95.837 Y119.858 E275.71027
G1 X94.973 Y119.566 E275.7406
G1 X94.137 Y119.154 E275.7716
G1 X93.362 Y118.636 E275.80261
G1 X92.655 Y118.018 E275.83384
G1 X92.052 Y117.322 E275.86447
G1 X91.53 Y116.543 E275.89566
G1 X91.114 Y115.707 E275.92671
G1 X90.822 Y114.844 E275.95702
G1 X90.639 Y113.921 E275.98831
G1 X90.577 Y112.988 E276.01941
G1 X90.639 Y112.059 E276.05038
G1 X90.822 Y111.14 E276.08155
G1 X91.114 Y110.277 E276.11185
G1 X91.53 Y109.433 E276.14314
G1 X92.052 Y108.654 E276.17433
G1 X92.65 Y107.966 E276.20465
G1 X93.362 Y107.348 E276.23601
G1 X94.137 Y106.83 E276.26701
G1 X94.973 Y106.414 E276.29807
G1 X95.837 Y106.122 E276.3284
G1 X96.759 Y105.935 E276.3597
G1 X97.747 Y105.872 E276.39262
G1 X110.927 Y105.87 E276.83099
G1 X111.387 Y105.743 E276.84686
G1 X111.722 Y105.41 E276.86257
G1 X111.846 Y105.029 E276.8759
G1 X111.854 Y98.693 E277.08664
G1 F1056.8 X111.962 Y98.269 E277.10523
G1 F978.3 X112.103 Y98.487 E277.11714
G1 F1227.3 X112.19 Y98.554 E277.12116
G1 F1350 X112.578 Y98.942 E277.13941
G1 X112.976 Y99.039 E277.15304
G1 X122.015 Y99.039 E277.45368
G1 X122.418 Y98.942 E277.46746
G1 X122.802 Y98.558 E277.48552
G1 F1227.3 X122.888 Y98.489 E277.48956
G1 F974.7 X123.033 Y98.27 E277.50166
G1 F947.4 X123.146 Y98.662 E277.52099
G1 F1082.2 X123.147 Y100.254 E277.58705
G1 F1146.5 X123.148 Y101.846 E277.6494
G1 F1221.7 X123.149 Y103.438 E277.70791
G1 F1304.3 X123.15 Y105.03 E277.76271
G1 F1350 X123.269 Y105.387 E277.77523
G1 X123.458 Y105.625 E277.78533
G1 X123.782 Y105.817 E277.79786
G1 X124.048 Y105.869 E277.80688
G1 X137.249 Y105.873 E278.24594
G1 X138.233 Y105.935 E278.27874
G1 X139.155 Y106.122 E278.31003
G1 X140.019 Y106.414 E278.34036
G1 X140.859 Y106.83 E278.37154
G1 X141.63 Y107.348 E278.40243
G1 X142.338 Y107.962 E278.4336
G1 X142.945 Y108.658 E278.46432
G1 X143.466 Y109.432 E278.49535
G1 X143.874 Y110.273 E278.52644
G1 X144.174 Y111.145 E278.55711
G1 X144.357 Y112.059 E278.58811
G1 X144.415 Y112.988 E278.61907
G1 X144.357 Y113.926 E278.65033
G1 X144.182 Y114.824 E278.68076
G1 X143.878 Y115.706 E278.71179
G1 X143.466 Y116.543 E278.74282
G1 X142.944 Y117.322 E278.774
G1 X142.338 Y118.018 E278.8047
G1 X141.63 Y118.637 E278.83598
G1 X140.859 Y119.154 E278.86685
G1 X140.019 Y119.566 E278.89797
G1 X139.155 Y119.858 E278.9283
G1 X138.237 Y120.045 E278.95946
G1 X137.061 Y120.119 E278.99866
G1 X136.622 Y120.361 E279.01533
G1 X136.417 Y120.694 E279.02833
G1 X136.344 Y120.961 E279.03754
G1 X136.344 Y135.98 E279.53707
G1 X135.859 Y135.98 E279.55321
G1 X135.412 Y136.202 E279.56981
G1 X135.407 Y132.258 E279.70098
G1 X135.302 Y131.846 E279.71513
G1 X135.036 Y131.536 E279.72871
G1 X134.726 Y131.378 E279.74028
G1 X134.433 Y131.34 E279.75011
G1 X134.045 Y131.368 E279.76305
G1 X132.096 Y131.887 E279.83013
G1 X132.092 Y128.823 E279.93204
G1 X132.044 Y128.235 E279.95166
G1 X131.862 Y127.551 E279.9752
G1 X131.568 Y126.912 E279.9986
G1 X131.158 Y126.334 E280.02217
G1 X130.698 Y125.874 E280.04381
G1 X130.13 Y125.479 E280.06682
G1 X129.521 Y125.189 E280.08925
G1 X128.814 Y124.998 E280.11361
G1 X128.21 Y124.944 E280.13378
G1 X117.5 Y124.944 E280.49
G1 F2700 E275.49
G0 F7500 X117.499 Y125.204
G0 X128.736 Y125.505
G0 X129.319 Y125.661
G0 X129.865 Y125.916
G0 X130.356 Y126.261
G0 X130.782 Y126.685
G0 X131.127 Y127.178
G0 X131.382 Y127.724
G0 X131.537 Y128.305
G0 X131.588 Y128.885
G0 X131.572 Y132.574
G0 X134.202 Y131.858
G0 X134.893 Y131.872
G0 X134.893 Y138.764
G0 X134.202 Y138.778
G0 X131.08 Y137.945
G0 X103.96 Y138.257
G0 X100.551 Y139.089
G0 X99.96 Y138.816
G0 X99.753 Y137.335
G0 X98.448 Y139.758
G0 X117.5 Y139.956
G0 X117.5 Y139.692
G1 F2700 E280.49
G1 F1340 X104.059 Y139.696 E280.9404
G1 F1323.5 X100.943 Y139.689 E281.04611
G1 X98.703 Y139.696 E281.1221
G1 F1350 X99.584 Y138.021 E281.18505
G1 X99.584 Y138.357 E281.19622
G1 X99.799 Y138.959 E281.21749
G1 F1343.3 X100.509 Y139.288 E281.24364
G1 F1320.3 X100.908 Y139.277 E281.25722
G1 F1323.5 X103.979 Y138.456 E281.36506
G1 F1350 X131.013 Y138.456 E282.26422
G1 F1336.6 X134.115 Y139.286 E282.37209
G1 F1323.5 X134.63 Y139.276 E282.38956
G1 F1336.6 X135.192 Y138.953 E282.41134
G1 F1343.3 X135.413 Y138.355 E282.43265
G1 F1350 X135.404 Y137.99 E282.44479
G1 X136.289 Y139.692 E282.50859
G1 F1330 X134.647 Y139.686 E282.56403
G1 F1317.1 X117.5 Y139.692 E283.1486
G1 F2700 E278.1486
G0 F7500 X117.5 Y139.956
G0 X98.459 Y139.884
G0 X99.188 Y138.384
G0 X100.115 Y135.513
G0 X99.118 Y135.514
G1 F2700 E283.1486
G1 F1015 X99.118 Y132.256 E283.29272
G1 F990.8 X99.131 Y132.115 E283.29913
G1 F2700 E278.29913
G0 F7500 X97.691 Y116.972
G0 X97.679 Y117.152
G1 F2700 E283.29913
G1 F1350 X98.431 Y117.078 E283.32427
G1 X99.103 Y116.902 E283.34737
G1 X99.777 Y116.583 E283.37217
G1 X100.342 Y116.189 E283.39508
G1 X100.869 Y115.666 E283.41978
G1 X101.287 Y115.081 E283.44369
G1 X101.593 Y114.416 E283.46804
G1 X101.785 Y113.712 E283.49231
G1 X101.852 Y113.007 E283.51586
G1 X101.784 Y112.284 E283.54002
G1 X101.589 Y111.542 E283.56553
G1 X101.281 Y110.897 E283.58931
G1 X100.885 Y110.329 E283.61234
G1 X100.378 Y109.818 E283.63628
G1 X99.784 Y109.396 E283.66051
G1 X99.099 Y109.074 E283.68569
G1 X98.427 Y108.898 E283.70879
G1 X97.702 Y108.832 E283.733
G1 X96.94 Y108.903 E283.75846
G1 X96.267 Y109.078 E283.78159
G1 X95.6 Y109.397 E283.80618
G1 X95 Y109.817 E283.83054
G1 X94.533 Y110.287 E283.85257
G1 X94.08 Y110.927 E283.87865
G1 X93.778 Y111.58 E283.90258
G1 X93.591 Y112.265 E283.9262
G1 X93.528 Y113.006 E283.95093
G1 X93.599 Y113.728 E283.97506
G1 X93.778 Y114.413 E283.99861
G1 X94.093 Y115.076 E284.02303
G1 X94.516 Y115.679 E284.04752
G1 X94.995 Y116.151 E284.06989
G1 X95.616 Y116.59 E284.09519
G1 X96.292 Y116.906 E284.12
G1 X96.967 Y117.08 E284.14319
G1 X97.679 Y117.152 E284.16699
G1 F2700 E279.16699
G0 F7500 X97.691 Y116.892
G0 X95.87 Y116.15
G0 X95.351 Y115.786
G0 X94.9 Y115.337
G0 X94.535 Y114.816
G0 X94.267 Y114.24
G0 X94.101 Y113.627
G0 X94.044 Y112.993
G0 X94.101 Y112.36
G0 X94.266 Y111.745
G0 X94.483 Y111.279
G0 X95.703 Y109.547
G0 X94.245 Y106.598
G0 X94.522 Y106.862
G1 F2700 E284.16699
G1 F1350 X91.561 Y109.823 E284.30627
G0 F7500 X91.15 Y109.62
G0 X90.715 Y110.654
G0 X91.148 Y110.802
G1 F1350 X95.505 Y106.444 E284.51123
G0 F7500 X96.28 Y106.236
G1 F1350 X90.94 Y111.576 E284.76241
G0 F7500 X90.826 Y112.255
G1 F1350 X96.958 Y106.123 E285.05084
G0 F7500 X97.563 Y106.084
G1 F1350 X90.785 Y112.861 E285.36963
G0 F7500 X90.805 Y113.407
G1 F1350 X98.141 Y106.071 E285.71469
G0 F7500 X98.707 Y106.071
G1 F1350 X95.607 Y109.171 E285.86051
G0 F7500 X95.804 Y109.588
G0 X96.66 Y109.245
G0 X96.544 Y108.8
G1 F1350 X99.273 Y106.071 E285.98887
G0 F7500 X99.839 Y106.071
G1 F1350 X97.236 Y108.674 E286.11131
G0 F7500 X97.83 Y108.646
G1 F1350 X100.405 Y106.07 E286.23245
G0 F7500 X100.971 Y106.07
G1 F1350 X98.352 Y108.689 E286.35564
G0 F7500 X98.811 Y108.795
G1 F1350 X101.536 Y106.07 E286.48382
G0 F7500 X102.102 Y106.07
G1 F1350 X99.25 Y108.922 E286.61797
G0 F7500 X99.633 Y109.105
G1 F1350 X102.668 Y106.07 E286.76073
G0 F7500 X103.234 Y106.07
G1 F1350 X100 Y109.303 E286.91282
G0 F7500 X100.332 Y109.537
G1 F1350 X103.8 Y106.07 E287.07592
G0 F7500 X104.366 Y106.069
G1 F1350 X100.635 Y109.8 E287.25141
G0 F7500 X100.918 Y110.083
G1 F1350 X104.932 Y106.069 E287.44022
G0 F7500 X105.498 Y106.069
G1 F1350 X101.174 Y110.393 E287.64361
G0 F7500 X101.406 Y110.726
G1 F1350 X106.063 Y106.069 E287.86266
G0 F7500 X106.63 Y106.068
G1 F1350 X101.599 Y111.099 E288.0993
G0 F7500 X101.782 Y111.481
G1 F1350 X107.195 Y106.068 E288.35391
G0 F7500 X107.761 Y106.068
G1 F1350 X101.899 Y111.93 E288.62964
G0 F7500 X101.997 Y112.398
G1 F1350 X108.327 Y106.068 E288.92739
G0 F7500 X108.893 Y106.067
G1 F1350 X102.048 Y112.912 E289.24936
G0 F7500 X102.004 Y113.522
G1 F1350 X109.459 Y106.067 E289.60002
G0 F7500 X110.024 Y106.067
G1 F1350 X101.846 Y114.246 E289.98471
G0 F7500 X101.406 Y114.126
G0 X101.047 Y114.972
G0 X101.421 Y115.236
G1 F1350 X110.59 Y106.067 E290.41599
G0 F7500 X111.231 Y105.992
G1 F1350 X97.342 Y119.881 E291.06929
G0 F7500 X97.866 Y119.923
G1 F1350 X118.545 Y99.244 E292.04196
G0 F7500 X119.111 Y99.244
G1 F1350 X98.281 Y120.073 E293.02172
G0 F7500 X98.592 Y120.328
G1 F1350 X119.676 Y99.244 E294.01344
G0 F7500 X120.242 Y99.244
G1 F1350 X98.783 Y120.703 E295.02281
G0 F7500 X98.852 Y121.2
G1 F1350 X120.808 Y99.244 E296.05555
G0 F7500 X121.373 Y99.244
G1 F1350 X98.852 Y121.765 E297.11487
G0 F7500 X98.852 Y122.331
G1 F1350 X121.939 Y99.244 E298.20081
G0 F7500 X122.66 Y99.089
G1 F1350 X98.852 Y122.897 E299.32067
G0 F7500 X98.852 Y123.462
G1 F1350 X122.944 Y99.37 E300.45388
G0 F7500 X122.661 Y99.088
G1 F1350 X122.944 Y98.805 E300.46719
G0 F7500 X122.664 Y98.178
G0 X121.858 Y95.117
G0 X123.332 Y95.112
G0 X123.407 Y99.935
G0 X122.945 Y99.935
G1 F1350 X98.852 Y124.028 E301.60045
G0 F7500 X98.852 Y124.594
G1 F1350 X122.945 Y100.501 E302.73372
G0 F7500 X122.945 Y101.066
G1 F1350 X98.852 Y125.159 E303.86698
G0 F7500 X98.852 Y125.725
G1 F1350 X122.946 Y101.631 E305.00028
G0 F7500 X122.946 Y102.197
G1 F1350 X98.852 Y126.291 E306.13359
G0 F7500 X98.852 Y126.856
G1 F1350 X122.947 Y102.762 E307.26692
G0 F7500 X122.947 Y103.327
G1 F1350 X98.852 Y127.422 E308.40028
G0 F7500 X98.852 Y127.988
G1 F1350 X122.947 Y103.892 E309.53366
G0 F7500 X122.948 Y104.457
G1 F1350 X98.852 Y128.553 E310.66706
G0 F7500 X98.852 Y129.119
G1 F1350 X122.948 Y105.023 E311.80046
G0 F7500 X123.082 Y105.455
G1 F1350 X98.852 Y129.685 E312.94017
G0 F7500 X98.852 Y130.25
G1 F1350 X123.324 Y105.779 E314.09123
G0 F7500 X123.681 Y105.988
G1 F1350 X98.852 Y130.816 E315.25909
G0 F7500 X98.852 Y131.382
G1 F1350 X103.112 Y127.122 E315.45946
G0 F7500 X102.81 Y127.99
G1 F1350 X99.022 Y131.778 E315.63764
G0 F7500 X98.392 Y131.778
G0 X98.464 Y136.168
G0 X99.75 Y136.632
G0 X100.139 Y131.642
G0 X100.154 Y131.211
G1 F1350 X102.716 Y128.649 E315.75815
G0 F7500 X102.7 Y129.231
G1 F1350 X100.776 Y131.155 E315.84865
G0 F7500 X101.258 Y131.239
G1 F1350 X102.7 Y129.797 E315.91648
G0 F7500 X102.7 Y130.362
G1 F1350 X101.705 Y131.358 E315.9633
G0 F7500 X102.151 Y131.477
G1 F1350 X102.7 Y130.928 E315.98912
G0 F7500 X102.7 Y131.494
G1 F1350 X102.598 Y131.595 E315.9939
G0 F7500 X102.479 Y132.041
G0 X103.084 Y132.125
G0 X103.463 Y128.305
G0 X103.618 Y127.724
G0 X103.873 Y127.178
G0 X104.068 Y126.898
G0 X105.264 Y125.579
G0 X105.073 Y125.161
G1 F1350 X124.162 Y106.072 E316.89179
G0 F7500 X124.728 Y106.072
G1 F1350 X105.947 Y124.852 E317.77516
G0 F7500 X106.604 Y124.761
G1 F1350 X125.294 Y106.072 E318.65426
G0 F7500 X125.859 Y106.072
G1 F1350 X107.187 Y124.744 E319.53253
G0 F7500 X107.752 Y124.744
G1 F1350 X126.425 Y106.072 E320.41083
G0 F7500 X126.991 Y106.072
G1 F1350 X108.318 Y124.744 E321.28913
G0 F7500 X108.884 Y124.744
G1 F1350 X127.556 Y106.072 E322.1674
G0 F7500 X128.122 Y106.072
G1 F1350 X109.45 Y124.744 E323.04568
G0 F7500 X110.015 Y124.744
G1 F1350 X128.688 Y106.072 E323.92397
G0 F7500 X129.253 Y106.072
G1 F1350 X110.581 Y124.744 E324.80225
G0 F7500 X111.147 Y124.744
G1 F1350 X129.819 Y106.072 E325.68052
G0 F7500 X130.385 Y106.072
G1 F1350 X111.712 Y124.744 E326.55882
G0 F7500 X112.278 Y124.744
G1 F1350 X130.951 Y106.072 E327.43711
G0 F7500 X131.516 Y106.072
G1 F1350 X112.844 Y124.744 E328.31539
G0 F7500 X113.409 Y124.744
G1 F1350 X132.082 Y106.072 E329.19368
G0 F7500 X132.648 Y106.072
G1 F1350 X113.975 Y124.744 E330.07198
G0 F7500 X114.541 Y124.744
G1 F1350 X133.213 Y106.072 E330.95026
G0 F7500 X133.779 Y106.072
G1 F1350 X115.106 Y124.744 E331.82855
G0 F7500 X115.672 Y124.744
G1 F1350 X134.345 Y106.072 E332.70685
G0 F7500 X134.91 Y106.072
G1 F1350 X116.238 Y124.744 E333.58512
G0 F7500 X116.803 Y124.744
G1 F1350 X135.476 Y106.072 E334.46342
G0 F7500 X136.042 Y106.072
G1 F1350 X117.369 Y124.744 E335.34172
G0 F7500 X117.934 Y124.745
G1 F1350 X136.607 Y106.072 E336.22004
G0 F7500 X137.173 Y106.072
G1 F1350 X118.5 Y124.745 E337.09836
G0 F7500 X119.065 Y124.745
G1 F1350 X137.708 Y106.102 E337.97527
G0 F7500 X138.237 Y106.14
G1 F1350 X135.191 Y109.185 E338.11852
G0 F7500 X135.387 Y109.602
G0 X136.244 Y109.256
G0 X136.132 Y108.81
G1 F1350 X138.707 Y106.234 E338.23966
G0 F7500 X139.171 Y106.337
G1 F1350 X136.833 Y108.675 E338.34964
G0 F7500 X137.434 Y108.639
G1 F1350 X139.593 Y106.48 E338.45119
G0 F7500 X140.008 Y106.631
G1 F1350 X137.947 Y108.692 E338.54813
G0 F7500 X138.411 Y108.793
G1 F1350 X140.386 Y106.818 E338.64103
G0 F7500 X140.764 Y107.006
G1 F1350 X138.847 Y108.923 E338.7312
G0 F7500 X139.236 Y109.1
G1 F1350 X141.102 Y107.234 E338.81897
G0 F7500 X141.44 Y107.461
G1 F1350 X139.601 Y109.301 E338.90549
G0 F7500 X139.934 Y109.534
G1 F1350 X141.75 Y107.717 E338.99094
G0 F7500 X142.054 Y107.979
G1 F1350 X140.245 Y109.788 E339.07603
G0 F7500 X140.527 Y110.072
G1 F1350 X142.335 Y108.264 E339.16107
G0 F7500 X142.599 Y108.566
G1 F1350 X140.777 Y110.387 E339.24675
G0 F7500 X141.011 Y110.719
G1 F1350 X142.852 Y108.878 E339.33334
G0 F7500 X143.08 Y109.216
G1 F1350 X141.205 Y111.091 E339.42154
G0 F7500 X141.387 Y111.474
G1 F1350 X143.304 Y109.557 E339.51171
G0 F7500 X143.489 Y109.938
G1 F1350 X141.509 Y111.918 E339.60484
G0 F7500 X141.607 Y112.386
G1 F1350 X143.674 Y110.319 E339.70206
G0 F7500 X143.822 Y110.736
G1 F1350 X141.658 Y112.9 E339.80385
G0 F7500 X141.616 Y113.508
G1 F1350 X143.967 Y111.157 E339.91444
G0 F7500 X144.066 Y111.624
G1 F1350 X141.466 Y114.224 E340.03673
G0 F7500 X141.027 Y114.106
G0 X140.68 Y114.946
G0 X141.058 Y115.198
G1 F1350 X144.159 Y112.097 E340.18259
G0 F7500 X144.192 Y112.629
G1 F1350 X136.766 Y120.055 E340.53189
G0 F7500 X136.281 Y120.54
G1 F1350 X130.959 Y125.862 E340.78222
G0 F7500 X131.242 Y126.145
G1 F1350 X136.144 Y121.243 E341.0128
G0 F7500 X136.144 Y121.808
G1 F1350 X131.494 Y126.458 E341.23152
G0 F7500 X131.728 Y126.79
G1 F1350 X136.144 Y122.374 E341.43923
G0 F7500 X136.144 Y122.94
G1 F1350 X131.907 Y127.177 E341.63853
G0 F7500 X132.076 Y127.574
G1 F1350 X136.144 Y123.505 E341.8299
G0 F7500 X136.144 Y124.071
G1 F1350 X132.192 Y128.023 E342.01579
G0 F7500 X132.267 Y128.514
G1 F1350 X136.144 Y124.637 E342.19815
G0 F7500 X136.144 Y125.202
G1 F1350 X132.292 Y129.055 E342.37936
G0 F7500 X132.293 Y129.619
G1 F1350 X136.144 Y125.768 E342.5605
G0 F7500 X136.144 Y126.335
G1 F1350 X132.294 Y130.184 E342.74157
G0 F7500 X132.295 Y130.749
G1 F1350 X136.144 Y126.9 E342.92261
G0 F7500 X136.144 Y127.466
G1 F1350 X132.296 Y131.313 E343.10359
G0 F7500 X132.642 Y131.533
G1 F1350 X136.144 Y128.032 E343.26829
G0 F7500 X136.144 Y128.597
G1 F1350 X133.415 Y131.326 E343.39665
G0 F7500 X134.147 Y131.16
G1 F1350 X136.144 Y129.163 E343.49058
G0 F7500 X136.144 Y129.729
G1 F1350 X134.699 Y131.173 E343.55853
G0 F7500 X135.095 Y131.343
G1 F1350 X136.144 Y130.294 E343.60787
G0 F7500 X136.144 Y130.86
G1 F1350 X135.377 Y131.627 E343.64395
G0 F7500 X135.677 Y131.892
G1 F1350 X136.144 Y131.426 E343.66589
G1 F2700 E338.66589
G0 F7500 X136.604 Y131.426
G0 X136.532 Y136.168
G0 X135.345 Y136.455
G0 X135.734 Y138.201
G0 X136.548 Y139.759
G0 X98.459 Y139.884
G0 X99.753 Y137.335
G0 X99.96 Y138.816
G0 X100.873 Y139.077
G0 X103.96 Y138.257
G0 X131.04 Y138.257
G0 X134.58 Y139.078
G0 X135.213 Y138.322
G0 X134.909 Y131.694
G0 X131.912 Y132.128
G0 X131.451 Y127.534
G0 X130.395 Y125.977
G0 X130.656 Y125.599
G1 F2700 E343.66589
G1 F1350 X139.502 Y116.753 E344.08198
G0 F7500 X139.263 Y116.365
G0 X138.417 Y116.715
G0 X138.534 Y117.156
G1 F1350 X130.321 Y125.369 E344.46829
G0 F7500 X129.949 Y125.175
G1 F1350 X137.821 Y117.303 E344.83857
G0 F7500 X137.217 Y117.342
G1 F1350 X129.565 Y124.993 E345.19847
G0 F7500 X129.119 Y124.874
G1 F1350 X136.701 Y117.292 E345.55511
G0 F7500 X136.23 Y117.197
G1 F1350 X128.644 Y124.783 E345.91193
G0 F7500 X128.116 Y124.745
G1 F1350 X135.786 Y117.075 E346.2727
G0 F7500 X135.402 Y116.893
G1 F1350 X127.551 Y124.745 E346.64201
G0 F7500 X126.985 Y124.745
G1 F1350 X135.035 Y116.695 E347.02066
G0 F7500 X134.701 Y116.463
G1 F1350 X126.419 Y124.745 E347.41022
G0 F7500 X125.854 Y124.745
G1 F1350 X134.389 Y116.209 E347.8117
G0 F7500 X134.105 Y115.928
G1 F1350 X125.288 Y124.745 E348.22643
G0 F7500 X124.722 Y124.745
G1 F1350 X133.847 Y115.62 E348.65564
G0 F7500 X133.613 Y115.288
G1 F1350 X124.157 Y124.745 E349.10044
G0 F7500 X123.591 Y124.745
G1 F1350 X133.415 Y114.921 E349.56254
G0 F7500 X133.231 Y114.539
G1 F1350 X123.025 Y124.745 E350.04259
G0 F7500 X122.46 Y124.745
G1 F1350 X133.107 Y114.097 E350.54342
G0 F7500 X133.004 Y113.635
G1 F1350 X121.894 Y124.745 E351.066
G0 F7500 X121.328 Y124.745
G1 F1350 X132.957 Y113.116 E351.61299
G0 F7500 X132.988 Y112.52
G1 F1350 X120.763 Y124.745 E352.18802
G0 F7500 X120.197 Y124.745
G1 F1350 X133.124 Y111.818 E352.79607
G0 F7500 X133.567 Y111.936
G0 X133.92 Y111.067
G0 X133.505 Y110.871
G1 F1350 X119.631 Y124.745 E353.44866
G1 F2700 E348.44866
G0 F7500 X119.63 Y125.205
G0 X128.736 Y125.505
G0 X129.319 Y125.661
G0 X129.865 Y125.916
G0 X130.356 Y126.261
G0 X130.782 Y126.685
G0 X131.127 Y127.178
G0 X131.382 Y127.724
G0 X131.537 Y128.305
G0 X131.588 Y128.885
G0 X131.572 Y132.574
G0 X134.202 Y131.858
G0 X134.893 Y131.872
G0 X134.893 Y138.764
G0 X134.202 Y138.778
G0 X132.432 Y138.306
G0 X119.862 Y138.196
G0 X119.862 Y138.656
G1 F2700 E353.44866
G1 F1350 X119.024 Y139.494 E353.48807
G0 F7500 X118.459 Y139.494
G1 F1350 X119.297 Y138.656 E353.52749
G0 F7500 X118.731 Y138.656
G1 F1350 X117.893 Y139.494 E353.56691
G0 F7500 X117.327 Y139.494
G1 F1350 X118.165 Y138.656 E353.60632
G0 F7500 X117.6 Y138.656
G1 F1350 X116.761 Y139.494 E353.64576
G0 F7500 X116.195 Y139.494
G1 F1350 X117.034 Y138.656 E353.6852
G0 F7500 X116.468 Y138.656
G1 F1350 X115.63 Y139.494 E353.72462
G0 F7500 X115.064 Y139.494
G1 F1350 X115.903 Y138.656 E353.76406
G0 F7500 X115.337 Y138.656
G1 F1350 X114.498 Y139.494 E353.8035
G0 F7500 X113.933 Y139.494
G1 F1350 X114.771 Y138.656 E353.84292
G0 F7500 X114.206 Y138.656
G1 F1350 X113.367 Y139.494 E353.88236
G0 F7500 X112.801 Y139.495
G1 F1350 X113.64 Y138.656 E353.92182
G0 F7500 X113.074 Y138.656
G1 F1350 X112.235 Y139.495 E353.96129
G0 F7500 X111.669 Y139.495
G1 F1350 X112.508 Y138.656 E354.00075
G0 F7500 X111.943 Y138.656
G1 F1350 X111.103 Y139.495 E354.04024
G0 F7500 X110.538 Y139.495
G1 F1350 X111.377 Y138.656 E354.0797
G0 F7500 X110.811 Y138.656
G1 F1350 X109.972 Y139.495 E354.11917
G0 F7500 X109.406 Y139.495
G1 F1350 X110.246 Y138.656 E354.15866
G0 F7500 X109.68 Y138.656
G1 F1350 X108.841 Y139.495 E354.19812
G0 F7500 X108.274 Y139.496
G1 F1350 X109.114 Y138.656 E354.23763
G0 F7500 X108.549 Y138.656
G1 F1350 X107.709 Y139.496 E354.27714
G0 F7500 X107.143 Y139.496
G1 F1350 X107.983 Y138.656 E354.31665
G0 F7500 X107.417 Y138.656
G1 F1350 X106.577 Y139.496 E354.35616
G0 F7500 X106.012 Y139.496
G1 F1350 X106.852 Y138.656 E354.39567
G0 F7500 X106.286 Y138.656
G1 F1350 X105.446 Y139.496 E354.43519
G0 F7500 X104.88 Y139.496
G1 F1350 X105.72 Y138.656 E354.4747
G0 F7500 X105.155 Y138.656
G1 F1350 X104.315 Y139.496 E354.51421
G0 F7500 X103.75 Y139.494
G1 F1350 X104.589 Y138.656 E354.55365
G0 F7500 X104.023 Y138.656
G1 F1350 X103.187 Y139.492 E354.59297
G0 F7500 X102.625 Y139.489
G1 F1350 X103.256 Y138.857 E354.62267
G0 F7500 X102.482 Y139.066
G1 F1350 X102.062 Y139.486 E354.64243
G0 F7500 X101.707 Y139.275
G1 F1350 X101.499 Y139.483 E354.65221
G0 F7500 X101.499 Y139.956
G0 X98.459 Y139.884
G0 X99.753 Y137.335
G0 X99.92 Y138.535
G0 X100.203 Y138.86
G0 X100.008 Y139.277
G1 F1350 X99.791 Y139.494 E354.66242
G0 F7500 X99.651 Y139.068
G1 F1350 X99.223 Y139.496 E354.68255
G0 F7500 X99.223 Y139.956
G0 X98.459 Y139.884
G0 X99.457 Y137.165
G0 X99.447 Y136.504
G0 X98.464 Y136.168
G0 X98.132 Y120.66
G0 X96.779 Y120.306
G0 X96.809 Y119.848
G1 F1350 X99.957 Y116.701 E354.8306
G0 F7500 X99.696 Y116.325
G0 X98.827 Y116.706
G0 X98.943 Y117.149
G1 F1350 X96.337 Y119.755 E354.95318
G0 F7500 X95.869 Y119.657
G1 F1350 X98.231 Y117.296 E355.06426
G0 F7500 X97.614 Y117.346
G1 F1350 X95.446 Y119.514 E355.16623
G0 F7500 X95.025 Y119.37
G1 F1350 X97.101 Y117.293 E355.26391
G0 F7500 X96.628 Y117.202
G1 F1350 X94.646 Y119.183 E355.35711
G0 F7500 X94.267 Y118.997
G1 F1350 X96.186 Y117.078 E355.44737
G0 F7500 X95.802 Y116.895
G1 F1350 X93.925 Y118.773 E355.53568
G0 F7500 X93.586 Y118.546
G1 F1350 X95.429 Y116.703 E355.62237
G0 F7500 X95.097 Y116.469
G1 F1350 X93.273 Y118.293 E355.70817
G0 F7500 X92.971 Y118.03
G1 F1350 X94.781 Y116.219 E355.79333
G0 F7500 X94.496 Y115.939
G1 F1350 X92.687 Y117.748 E355.87842
G0 F7500 X92.424 Y117.445
G1 F1350 X94.238 Y115.631 E355.96374
G0 F7500 X94.005 Y115.299
G1 F1350 X92.169 Y117.135 E356.0501
G0 F7500 X91.942 Y116.796
G1 F1350 X93.805 Y114.933 E356.13773
G0 F7500 X93.621 Y114.551
G1 F1350 X91.715 Y116.458 E356.22741
G0 F7500 X91.524 Y116.082
G1 F1350 X93.492 Y114.114 E356.31998
G0 F7500 X93.39 Y113.65
G1 F1350 X91.336 Y115.705 E356.41662
G0 F7500 X91.184 Y115.291
G1 F1350 X93.339 Y113.136 E356.51798
G0 F7500 X93.368 Y112.542
G1 F1350 X91.041 Y114.868 E356.62741
G0 F7500 X90.939 Y114.405
G1 F1350 X93.499 Y111.845 E356.74783
G0 F7500 X93.944 Y111.966
G0 X94.292 Y111.094
G0 X93.878 Y110.901
G1 F1350 X90.846 Y113.933 E356.89044
G0 F7500 X90.394 Y114.022
G0 X90.378 Y112.992
G0 X90.441 Y112.036
G0 X90.629 Y111.094
G0 X90.934 Y110.196
G0 X91.357 Y109.334
G0 X91.89 Y108.541
G0 X92.519 Y107.819
G0 X93.24 Y107.19
G0 X94.038 Y106.657
G0 X94.896 Y106.233
G0 X95.794 Y105.929
G0 X96.737 Y105.74
G0 X97.73 Y105.673
G0 X111.334 Y105.353
G0 X111.56 Y105.085
G0 X111.992 Y105.232
G1 F1350 X117.979 Y99.244 E357.17208
G0 F7500 X117.414 Y99.244
G1 F1350 X112.048 Y104.609 E357.42445
G0 F7500 X112.049 Y104.043
G1 F1350 X116.848 Y99.244 E357.65018
G0 F7500 X116.282 Y99.244
G1 F1350 X112.05 Y103.477 E357.84927
G0 F7500 X112.05 Y102.91
G1 F1350 X115.717 Y99.244 E358.02173
G0 F7500 X115.151 Y99.244
G1 F1350 X112.05 Y102.345 E358.16759
G0 F7500 X112.051 Y101.778
G1 F1350 X114.585 Y99.244 E358.28678
G0 F7500 X114.02 Y99.244
G1 F1350 X112.052 Y101.212 E358.37935
G0 F7500 X112.052 Y100.645
G1 F1350 X113.454 Y99.244 E358.44527
G0 F7500 X112.905 Y99.227
G1 F1350 X112.053 Y100.079 E358.48535
G0 F7500 X112.053 Y99.513
G1 F1350 X112.477 Y99.089 E358.50529
G0 F7500 X112.176 Y98.825
G1 F1350 X112.054 Y98.947 E358.51103
G1 F2700 E353.51103
G0 F7500 X112.331 Y98.19
G0 X112.623 Y98.523
G0 X122.318 Y98.765
G0 X122.724 Y97.922
G0 X121.858 Y95.117
G0 X123.332 Y95.112
G0 X123.584 Y105.468
G0 X137.27 Y105.673
G0 X138.262 Y105.74
G0 X139.202 Y105.929
G0 X140.1 Y106.234
G0 X140.961 Y106.657
G0 X141.756 Y107.189
G0 X142.477 Y107.819
G0 X143.107 Y108.541
G0 X143.639 Y109.334
G0 X144.063 Y110.197
G0 X144.371 Y111.094
G0 X144.556 Y112.035
G0 X144.618 Y112.992
G0 X144.555 Y113.949
G0 X144.375 Y114.871
G0 X144.063 Y115.787
G0 X143.639 Y116.647
G0 X143.106 Y117.444
G0 X142.477 Y118.165
G0 X141.756 Y118.795
G0 X140.961 Y119.327
G0 X140.1 Y119.75
G0 X139.373 Y119.997
G0 X137.525 Y120.351
G0 X137.496 Y119.891
G1 F2700 E358.51103
G1 F1350 X144.202 Y113.184 E358.82648
G0 F7500 X144.165 Y113.788
G1 F1350 X138.099 Y119.853 E359.11179
G0 F7500 X138.789 Y119.729
G1 F1350 X144.046 Y114.472 E359.35906
G0 F7500 X143.817 Y115.267
G1 F1350 X139.58 Y119.504 E359.55835
G0 F7500 X139.728 Y119.94
G0 X140.786 Y119.48
G0 X140.583 Y119.066
G1 F1350 X143.374 Y116.276 E359.68961
G1 F2700 E354.68961
G0 F7500 X143.788 Y116.481
G0 X141.954 Y119.041
G0 X138.302 Y120.556
G0 X136.868 Y120.66
G0 X136.532 Y136.168
G0 X135.345 Y136.455
G0 X135.734 Y138.201
G0 X136.548 Y139.759
G0 X98.459 Y139.884
G0 X99.753 Y137.335
G0 X99.96 Y138.816
G0 X100.873 Y139.077
G0 X103.96 Y138.257
G0 X131.04 Y138.257
G0 X133.931 Y138.966
G0 X133.811 Y139.415
G1 F2700 E359.68961
G1 F1350 X133.741 Y139.485 E359.6929
G0 F7500 X133.365 Y139.295
G1 F1350 X133.174 Y139.486 E359.70189
G0 F7500 X132.919 Y139.176
G1 F1350 X132.607 Y139.488 E359.71656
G0 F7500 X132.474 Y139.055
G1 F1350 X132.039 Y139.49 E359.73702
G0 F7500 X132.028 Y138.935
G1 F1350 X131.472 Y139.491 E359.76318
G0 F7500 X130.905 Y139.492
G1 F1350 X131.582 Y138.816 E359.795
G0 F7500 X131.136 Y138.695
G1 F1350 X130.34 Y139.492 E359.83246
G0 F7500 X129.774 Y139.492
G1 F1350 X130.61 Y138.656 E359.87178
G0 F7500 X130.045 Y138.656
G1 F1350 X129.208 Y139.492 E359.91113
G0 F7500 X128.643 Y139.492
G1 F1350 X129.479 Y138.656 E359.95045
G0 F7500 X128.913 Y138.656
G1 F1350 X128.077 Y139.492 E359.98978
G0 F7500 X127.511 Y139.492
G1 F1350 X128.348 Y138.656 E360.02912
G0 F7500 X127.782 Y138.656
G1 F1350 X126.945 Y139.492 E360.06847
G0 F7500 X126.379 Y139.493
G1 F1350 X127.216 Y138.656 E360.10784
G0 F7500 X126.651 Y138.656
G1 F1350 X125.813 Y139.493 E360.14723
G0 F7500 X125.248 Y139.493
G1 F1350 X126.085 Y138.656 E360.1866
G0 F7500 X125.519 Y138.656
G1 F1350 X124.682 Y139.493 E360.22597
G0 F7500 X124.116 Y139.493
G1 F1350 X124.954 Y138.656 E360.26537
G0 F7500 X124.388 Y138.656
G1 F1350 X123.551 Y139.493 E360.30474
G0 F7500 X122.985 Y139.493
G1 F1350 X123.822 Y138.656 E360.34411
G0 F7500 X123.256 Y138.656
G1 F1350 X122.419 Y139.493 E360.38348
G0 F7500 X121.853 Y139.494
G1 F1350 X122.691 Y138.656 E360.42289
G0 F7500 X122.125 Y138.656
G1 F1350 X121.287 Y139.494 E360.46231
G0 F7500 X120.722 Y139.494
G1 F1350 X121.559 Y138.656 E360.5017
G0 F7500 X120.994 Y138.656
G1 F1350 X120.156 Y139.494 E360.54112
G0 F7500 X119.59 Y139.494
G1 F1350 X120.428 Y138.656 E360.58054
G1 F2700 E355.58054
;MESH:NONMESH
G0 F300 X120.428 Y138.656 Z0.6
G0 F7500 X120.428 Y138.196
G0 X103.92 Y137.945
G0 X100.799 Y138.778
G0 X100.106 Y138.767
G0 X100.107 Y131.872
G0 X100.798 Y131.858
G0 X103.428 Y132.574
G0 X103.412 Y128.885
G0 X103.463 Y128.305
G0 X103.618 Y127.724
G0 X103.873 Y127.178
G0 X104.218 Y126.685
G0 X104.644 Y126.261
G0 X105.135 Y125.916
G0 X105.909 Y125.606
G0 X105.582 Y125.323
G0 X99.056 Y116.729
G0 X97.69 Y116.719
;TIME_ELAPSED:625.108263
;LAYER:2
M106 S170
;TYPE:WALL-INNER
;MESH:FT05-Frame Part B.stl
G1 F2700 E360.58054
G1 F1500 X97.03 Y116.657 E360.60259
G1 X96.431 Y116.497 E360.62321
G1 X95.862 Y116.235 E360.64404
G1 X95.297 Y115.847 E360.66684
G1 X94.848 Y115.395 E360.68803
G1 X94.46 Y114.851 E360.71025
G1 X94.187 Y114.253 E360.73212
G1 X94.023 Y113.646 E360.75303
G1 X93.965 Y112.991 E360.7749
G1 X94.023 Y112.339 E360.79667
G1 X94.187 Y111.727 E360.81774
G1 X94.462 Y111.125 E360.83976
G1 X94.841 Y110.589 E360.86159
G1 X95.288 Y110.144 E360.88257
G1 X95.828 Y109.763 E360.90455
G1 X96.431 Y109.483 E360.92666
G1 X97.042 Y109.323 E360.94767
G1 X97.695 Y109.261 E360.96949
G1 X98.294 Y109.318 E360.9895
G1 X98.964 Y109.484 E361.01246
G1 X99.558 Y109.762 E361.03427
G1 X100.092 Y110.138 E361.05599
G1 X100.544 Y110.59 E361.07725
G1 X100.923 Y111.128 E361.09914
G1 X101.195 Y111.718 E361.12075
G1 X101.367 Y112.355 E361.1427
G1 X101.416 Y112.996 E361.16408
G1 X101.359 Y113.643 E361.18568
G1 X101.193 Y114.263 E361.20703
G1 X100.917 Y114.859 E361.22887
G1 X100.544 Y115.386 E361.25035
G1 X100.077 Y115.852 E361.27229
G1 X99.561 Y116.213 E361.29324
G1 X98.969 Y116.494 E361.31503
G1 X98.342 Y116.659 E361.3366
G1 X97.69 Y116.719 E361.35837
G1 F2700 E356.35837
G0 F9000 X99.032 Y116.661
G0 X105.548 Y125.356
G0 X117.5 Y138.02
G1 F2700 E361.35837
G1 F1500 X103.939 Y138.02 E361.80941
G1 X100.72 Y138.875 E361.92019
G1 X100.419 Y138.852 E361.93023
G1 X100.155 Y138.669 E361.94091
G1 X100.016 Y138.284 E361.95453
G1 F1550.4 X100.029 Y136.94 E361.99778
G1 X100.016 Y136.401 E362.01513
G1 F1500 X100.016 Y132.348 E362.14993
G1 X100.093 Y132.052 E362.16011
G1 X100.276 Y131.853 E362.1691
G1 X100.477 Y131.764 E362.17641
G1 X100.683 Y131.745 E362.18329
G1 X103.26 Y132.431 E362.27199
G1 X103.262 Y128.853 E362.39099
G1 X103.315 Y128.274 E362.41033
G1 X103.473 Y127.672 E362.43103
G1 X103.739 Y127.101 E362.45198
G1 X104.104 Y126.582 E362.47308
G1 X104.547 Y126.139 E362.49392
G1 X105.054 Y125.787 E362.51445
G1 X105.614 Y125.524 E362.53503
G1 X106.241 Y125.356 E362.55662
G1 X106.816 Y125.305 E362.57582
G1 X128.158 Y125.304 E363.28565
G1 X128.759 Y125.356 E363.30572
G1 X129.382 Y125.524 E363.32718
G1 X129.944 Y125.787 E363.34782
G1 X130.45 Y126.136 E363.36826
G1 X130.897 Y126.583 E363.38929
G1 X131.258 Y127.103 E363.41034
G1 X131.523 Y127.672 E363.43122
G1 X131.687 Y128.277 E363.45207
G1 X131.735 Y128.858 E363.47146
G1 X131.736 Y132.434 E363.5904
G1 X134.311 Y131.745 E363.67905
G1 X134.52 Y131.764 E363.68603
G1 X134.72 Y131.853 E363.69331
G1 X134.903 Y132.052 E363.70231
G1 X134.98 Y132.348 E363.71248
G1 X134.98 Y136.401 E363.84728
G1 F1546.4 X134.968 Y136.94 E363.86468
G1 X134.98 Y138.284 E363.90804
G1 F1500 X134.841 Y138.669 E363.92165
G1 X134.577 Y138.852 E363.93234
G1 X134.276 Y138.875 E363.94238
G1 X131.061 Y138.02 E364.05302
G1 X117.5 Y138.02 E364.50407
G1 F2700 E359.50407
G0 F9000 X117.5 Y139.856
G0 X117.5 Y140.056
G1 F2700 E364.50407
G1 F1500 X136.708 Y140.055 E365.14293
G1 X136.71 Y139.719 E365.1541
G1 F1515.2 X135.404 Y137.217 E365.24703
G1 F1562.5 X135.344 Y136.94 E365.25608
G1 F1546.4 X135.46 Y136.568 E365.26866
G1 F1500 X135.895 Y136.341 E365.28498
G1 X136.704 Y136.34 E365.31188
G1 X136.706 Y121.01 E365.82176
G1 X136.797 Y120.746 E365.83105
G1 X136.93 Y120.597 E365.83769
G1 X137.16 Y120.476 E365.84634
G1 X138.285 Y120.403 E365.88383
G1 X139.244 Y120.211 E365.91636
G1 X140.162 Y119.9 E365.9486
G1 X141.043 Y119.467 E365.98125
G1 X141.853 Y118.923 E366.0137
G1 X142.59 Y118.278 E366.04628
G1 X143.234 Y117.542 E366.0788
G1 X143.779 Y116.727 E366.11141
G1 X144.212 Y115.848 E366.144
G1 X144.527 Y114.932 E366.17622
G1 X144.715 Y113.97 E366.20882
G1 X144.778 Y112.992 E366.24142
G1 X144.715 Y112.014 E366.27401
G1 X144.527 Y111.052 E366.30662
G1 X144.212 Y110.135 E366.33886
G1 X143.779 Y109.253 E366.37154
G1 X143.235 Y108.443 E366.404
G1 X142.59 Y107.706 E366.43657
G1 X141.853 Y107.062 E366.46912
G1 X141.043 Y106.517 E366.50159
G1 X140.162 Y106.084 E366.53424
G1 X139.244 Y105.773 E366.56648
G1 X138.284 Y105.581 E366.59904
G1 X137.275 Y105.512 E366.63268
G1 X124.046 Y105.51 E367.07268
G1 X123.74 Y105.39 E367.08361
G1 X123.539 Y105.115 E367.09494
G1 X123.508 Y104.984 E367.09942
G1 X123.504 Y94.94 E367.43348
G1 X121.618 Y94.94 E367.49621
G1 X122.568 Y97.98 E367.60215
G1 X122.568 Y98.188 E367.60906
G1 X122.516 Y98.348 E367.61466
G1 X122.247 Y98.62 E367.62738
G1 X121.976 Y98.684 E367.63664
G1 X113.02 Y98.684 E367.93452
G1 X112.749 Y98.62 E367.94378
G1 X112.48 Y98.347 E367.95653
G1 X112.428 Y98.188 E367.9621
G1 X112.428 Y97.98 E367.96901
G1 X113.381 Y94.941 E368.07494
G1 X111.497 Y94.941 E368.13761
G1 X111.492 Y104.984 E368.47164
G1 X111.357 Y105.297 E368.48298
G1 X111.086 Y105.482 E368.49389
G1 X110.954 Y105.51 E368.49838
G1 X97.725 Y105.512 E368.93838
G1 X96.716 Y105.581 E368.97201
G1 X95.752 Y105.773 E369.00471
G1 X94.834 Y106.084 E369.03694
G1 X93.957 Y106.517 E369.06947
G1 X93.142 Y107.062 E369.10208
G1 X92.406 Y107.706 E369.13461
G1 X91.761 Y108.443 E369.16718
G1 X91.217 Y109.253 E369.19964
G1 X90.784 Y110.134 E369.23229
G1 X90.473 Y111.052 E369.26452
G1 X90.281 Y112.015 E369.29718
G1 X90.218 Y112.992 E369.32975
G1 X90.281 Y113.969 E369.36231
G1 X90.473 Y114.932 E369.39497
G1 X90.784 Y115.849 E369.42718
G1 X91.217 Y116.727 E369.45974
G1 X91.762 Y117.542 E369.49235
G1 X92.406 Y118.278 E369.52487
G1 X93.142 Y118.922 E369.5574
G1 X93.957 Y119.467 E369.59001
G1 X94.835 Y119.9 E369.62257
G1 X95.752 Y120.211 E369.65478
G1 X96.715 Y120.403 E369.68744
G1 X97.836 Y120.476 E369.7248
G1 X98.065 Y120.598 E369.73343
G1 X98.199 Y120.745 E369.74005
G1 X98.29 Y121.01 E369.74937
G1 X98.292 Y136.34 E370.25924
G1 X99.104 Y136.341 E370.28625
G1 X99.54 Y136.566 E370.30257
G1 F1550.4 X99.655 Y136.94 E370.31516
G1 F1566.6 X99.595 Y137.217 E370.32419
G1 F1515.2 X98.286 Y139.718 E370.41714
G1 F1500 X98.289 Y140.056 E370.42838
G1 X117.5 Y140.056 E371.06734
G1 F2700 E366.06734
G0 F9000 X136.509 Y139.855
G0 X137.305 Y116.9
G0 X137.306 Y116.719
G1 F2700 E371.06734
G1 F1500 X136.654 Y116.659 E371.08912
G1 X136.026 Y116.491 E371.11074
G1 X135.439 Y116.214 E371.13233
G1 X134.92 Y115.852 E371.15337
G1 X134.452 Y115.386 E371.17534
G1 X134.095 Y114.877 E371.19602
G1 X133.803 Y114.263 E371.21863
G1 X133.635 Y113.621 E371.2407
G1 X133.58 Y112.995 E371.2616
G1 X133.634 Y112.347 E371.28323
G1 X133.802 Y111.712 E371.30508
G1 X134.079 Y111.125 E371.32667
G1 X134.451 Y110.591 E371.34831
G1 X134.907 Y110.135 E371.36976
G1 X135.441 Y109.763 E371.39141
G1 X136.032 Y109.485 E371.41313
G1 X136.656 Y109.325 E371.43455
G1 X137.281 Y109.268 E371.45543
G1 X137.966 Y109.327 E371.4783
G1 X138.569 Y109.483 E371.49901
G1 X139.133 Y109.744 E371.51968
G1 X139.695 Y110.13 E371.54236
G1 X140.163 Y110.593 E371.56425
G1 X140.532 Y111.128 E371.58587
G1 X140.812 Y111.725 E371.6078
G1 X140.973 Y112.34 E371.62895
G1 X141.032 Y113.031 E371.65201
G1 X140.97 Y113.652 E371.67277
G1 X140.813 Y114.255 E371.69349
G1 X140.512 Y114.886 E371.71675
G1 X140.159 Y115.391 E371.73724
G1 X139.708 Y115.836 E371.75831
G1 X139.168 Y116.217 E371.78029
G1 X138.569 Y116.497 E371.80229
G1 X137.955 Y116.66 E371.82342
G1 X137.306 Y116.719 E371.84509
G0 F9000 X137.29 Y116.316
;TYPE:WALL-OUTER
G1 F1500 X136.708 Y116.262 E371.86453
G1 X136.184 Y116.122 E371.88257
G1 X135.642 Y115.869 E371.90246
G1 X135.181 Y115.549 E371.92113
G1 X134.758 Y115.129 E371.94096
G1 X134.428 Y114.655 E371.96017
G1 X134.179 Y114.128 E371.97955
G1 X134.03 Y113.557 E371.99918
G1 X133.98 Y113.01 E372.01745
G1 X134.028 Y112.43 E372.0368
G1 X134.174 Y111.868 E372.05612
G1 X134.435 Y111.313 E372.07652
G1 X134.747 Y110.865 E372.09467
G1 X135.181 Y110.431 E372.11509
G1 X135.629 Y110.119 E372.13325
G1 X136.185 Y109.858 E372.15367
G1 X136.742 Y109.716 E372.17279
G1 X137.322 Y109.668 E372.19215
G1 X137.888 Y109.719 E372.21105
G1 X138.441 Y109.862 E372.23005
G1 X138.968 Y110.11 E372.24942
G1 X139.453 Y110.453 E372.26918
G1 X139.851 Y110.848 E372.28783
G1 X140.186 Y111.328 E372.3073
G1 X140.434 Y111.855 E372.32667
G1 X140.581 Y112.417 E372.34599
G1 X140.632 Y113.012 E372.36585
G1 X140.58 Y113.556 E372.38403
G1 X140.434 Y114.125 E372.40357
G1 X140.177 Y114.667 E372.42352
G1 X139.865 Y115.115 E372.44168
G1 X139.444 Y115.535 E372.46146
G1 X138.98 Y115.863 E372.48035
G1 X138.441 Y116.118 E372.50019
G1 X137.888 Y116.266 E372.51923
G1 X137.29 Y116.316 E372.53919
G1 F2700 E367.53919
G0 F9000 X137.263 Y116.624
G0 X136.622 Y116.837
G0 X130.028 Y125.626
G0 X117.5 Y137.62
G1 F2700 E372.53919
G1 F1500 X103.887 Y137.62 E372.99196
G1 X100.651 Y138.481 E373.10333
G1 X100.55 Y138.474 E373.1067
G1 X100.462 Y138.413 E373.11026
G1 X100.416 Y138.284 E373.11481
G1 X100.416 Y132.348 E373.31225
G1 X100.502 Y132.183 E373.31844
G1 X100.627 Y132.148 E373.32275
G1 X103.66 Y132.951 E373.42711
G1 X103.66 Y128.889 E373.56221
G1 X103.714 Y128.329 E373.58092
G1 X103.858 Y127.791 E373.59944
G1 X104.078 Y127.319 E373.61676
G1 X104.4 Y126.856 E373.63552
G1 X104.821 Y126.435 E373.65532
G1 X105.241 Y126.143 E373.67234
G1 X105.759 Y125.897 E373.69141
G1 X106.307 Y125.75 E373.71028
G1 X106.864 Y125.704 E373.72887
G1 X128.153 Y125.704 E374.43695
G1 X128.693 Y125.75 E374.45497
G1 X129.237 Y125.897 E374.47371
G1 X129.754 Y126.143 E374.49276
G1 X130.206 Y126.458 E374.51108
G1 X130.601 Y126.857 E374.52976
G1 X130.918 Y127.319 E374.54839
G1 X131.15 Y127.823 E374.56684
G1 X131.286 Y128.327 E374.58421
G1 X131.336 Y128.891 E374.60304
G1 X131.336 Y132.955 E374.73821
G1 X134.369 Y132.148 E374.8426
G1 X134.494 Y132.183 E374.84691
G1 X134.58 Y132.348 E374.8531
G1 X134.58 Y138.284 E375.05053
G1 X134.534 Y138.413 E375.05509
G1 X134.446 Y138.474 E375.05865
G1 X134.328 Y138.478 E375.06258
G1 X131.113 Y137.62 E375.17325
G1 X117.5 Y137.62 E375.62602
G1 F2700 E370.62602
G0 F9000 X117.5 Y137.931
G0 X117.5 Y138.2
G0 X117.5 Y139.856
G0 X117.5 Y140.455
G1 F2700 E375.62602
G1 F1500 X136.996 Y140.455 E376.27446
G1 X137.108 Y140.344 E376.27971
G1 X137.111 Y139.621 E376.30375
G1 X135.721 Y136.971 E376.40328
G1 X135.774 Y136.816 E376.40873
G1 X135.919 Y136.74 E376.41418
G1 X137.104 Y136.74 E376.45359
G1 X137.104 Y121.048 E376.97551
G1 X137.135 Y120.96 E376.97861
G1 X137.232 Y120.872 E376.98297
G1 X138.337 Y120.801 E377.01979
G1 X139.348 Y120.598 E377.05409
G1 X140.315 Y120.27 E377.08805
G1 X141.243 Y119.814 E377.12244
G1 X142.097 Y119.241 E377.15665
G1 X142.874 Y118.562 E377.19097
G1 X143.552 Y117.786 E377.22524
G1 X144.126 Y116.927 E377.25961
G1 X144.582 Y116.002 E377.29391
G1 X144.914 Y115.036 E377.32788
G1 X145.113 Y114.022 E377.36225
G1 X145.179 Y112.992 E377.39658
G1 X145.113 Y111.962 E377.43091
G1 X144.914 Y110.948 E377.46527
G1 X144.582 Y109.981 E377.49928
G1 X144.126 Y109.053 E377.53367
G1 X143.553 Y108.199 E377.56788
G1 X142.874 Y107.422 E377.6022
G1 X142.097 Y106.744 E377.63649
G1 X141.243 Y106.17 E377.67072
G1 X140.315 Y105.714 E377.70511
G1 X139.348 Y105.386 E377.73907
G1 X138.337 Y105.183 E377.77337
G1 X137.289 Y105.112 E377.80831
G1 X124.069 Y105.11 E378.248
G1 X123.967 Y105.059 E378.2518
G1 X123.904 Y104.93 E378.25657
G1 X123.904 Y94.54 E378.60214
G1 X121.073 Y94.54 E378.6963
G1 X122.174 Y98.049 E378.81862
G1 X122.156 Y98.172 E378.82276
G1 X122.046 Y98.284 E378.82798
G1 X112.95 Y98.284 E379.13051
G1 X112.84 Y98.172 E379.13574
G1 X112.822 Y98.049 E379.13987
G1 X113.927 Y94.541 E379.2622
G1 X111.097 Y94.541 E379.35632
G1 X111.095 Y104.936 E379.70206
G1 X111.059 Y105.029 E379.70538
G1 X110.931 Y105.11 E379.71042
G1 X97.711 Y105.112 E380.15012
G1 X96.663 Y105.183 E380.18505
G1 X95.648 Y105.386 E380.21948
G1 X94.681 Y105.714 E380.25344
G1 X93.757 Y106.17 E380.28771
G1 X92.898 Y106.744 E380.32208
G1 X92.122 Y107.422 E380.35635
G1 X91.443 Y108.199 E380.39067
G1 X90.87 Y109.053 E380.42488
G1 X90.414 Y109.981 E380.45927
G1 X90.086 Y110.948 E380.49323
G1 X89.883 Y111.963 E380.52766
G1 X89.817 Y112.992 E380.56195
G1 X89.883 Y114.021 E380.59625
G1 X90.086 Y115.036 E380.63067
G1 X90.414 Y116.003 E380.66464
G1 X90.87 Y116.927 E380.69891
G1 X91.444 Y117.786 E380.73327
G1 X92.122 Y118.562 E380.76754
G1 X92.898 Y119.24 E380.80182
G1 X93.757 Y119.814 E380.83618
G1 X94.681 Y120.27 E380.87045
G1 X95.648 Y120.598 E380.90441
G1 X96.663 Y120.801 E380.93884
G1 X97.764 Y120.871 E380.97553
G1 X97.861 Y120.96 E380.97991
G1 X97.892 Y121.048 E380.98301
G1 X97.892 Y136.74 E381.50493
G1 X99.08 Y136.74 E381.54445
G1 X99.226 Y136.815 E381.5499
G1 X99.279 Y136.972 E381.55542
G1 X97.885 Y139.621 E381.65498
G1 X97.892 Y140.347 E381.67913
G1 X98.002 Y140.456 E381.68428
G1 X117.5 Y140.455 E382.33278
G1 F2700 E377.33278
G0 F9000 X117.5 Y140.149
G0 X98.487 Y139.856
G0 X97.691 Y116.9
G0 X97.674 Y116.316
G1 F2700 E382.33278
G1 F1500 X97.096 Y116.262 E382.35209
G1 X96.559 Y116.118 E382.37058
G1 X96.028 Y115.87 E382.39007
G1 X95.552 Y115.535 E382.40943
G1 X95.149 Y115.132 E382.42839
G1 X94.817 Y114.664 E382.44747
G1 X94.562 Y114.113 E382.46767
G1 X94.415 Y113.568 E382.48644
G1 X94.368 Y112.974 E382.50626
G1 X94.422 Y112.396 E382.52557
G1 X94.566 Y111.855 E382.54419
G1 X94.81 Y111.328 E382.5635
G1 X95.158 Y110.838 E382.58349
G1 X95.552 Y110.445 E382.602
G1 X96.016 Y110.117 E382.6209
G1 X96.539 Y109.87 E382.64014
G1 X97.12 Y109.715 E382.66014
G1 X97.712 Y109.664 E382.6799
G1 X98.256 Y109.716 E382.69808
G1 X98.845 Y109.87 E382.71833
G1 X99.372 Y110.12 E382.73773
G1 X99.842 Y110.454 E382.75691
G1 X100.248 Y110.864 E382.7761
G1 X100.564 Y111.312 E382.79433
G1 X100.822 Y111.871 E382.81481
G1 X100.966 Y112.403 E382.83314
G1 X101.016 Y113.01 E382.8534
G1 X100.962 Y113.588 E382.8727
G1 X100.817 Y114.128 E382.8913
G1 X100.573 Y114.655 E382.91062
G1 X100.238 Y115.129 E382.92992
G1 X99.826 Y115.54 E382.94928
G1 X99.358 Y115.869 E382.96831
G1 X98.83 Y116.116 E382.98769
G1 X98.254 Y116.268 E383.00751
G1 X97.674 Y116.316 E383.02686
G1 F2700 E378.02686
G0 F9000 X97.647 Y116.625
G0 X98.916 Y116.354
G0 X99.482 Y116.09
G0 X99.991 Y115.732
G0 X100.433 Y115.292
G0 X100.791 Y114.781
G0 X101.054 Y114.216
G0 X101.215 Y113.614
G0 X101.26 Y113.111
G0 X101.079 Y111.034
G0 X101.078 Y105.711
G0 X111.967 Y97.929
;TYPE:SKIN
G1 F2700 E383.02686
G1 F1115.2 X111.938 Y97.825 E383.03169
G1 F1140.7 X111.897 Y96.781 E383.07739
G1 F1357.5 X111.856 Y95.737 E383.11579
G1 F1500 X111.856 Y95.301 E383.13029
G1 X112.887 Y95.301 E383.16458
G1 X112.707 Y95.869 E383.1844
G1 F1405.2 X112.337 Y96.899 E383.22326
G1 F1244.8 X111.967 Y97.93 E383.26716
G0 F9000 X111.962 Y98.269
G1 F967.7 X111.963 Y97.916 E383.28536
G0 F9000 X112.333 Y97.919
G0 X112.963 Y95.93
G0 X112.35 Y95.736
G1 F1271.2 X112.321 Y95.787 E383.28766
G1 X112.262 Y95.787 E383.28998
G1 X112.232 Y95.736 E383.2923
G1 X112.261 Y95.685 E383.2946
G1 X112.32 Y95.685 E383.29692
G1 X112.35 Y95.736 E383.29924
G0 F9000 X112.963 Y95.93
G0 X112.616 Y97.878
G0 X112.623 Y98.523
G0 X122.377 Y98.523
G0 X122.384 Y97.878
G0 X121.858 Y95.117
G0 X123.332 Y95.112
G0 X123.405 Y95.74
G0 X122.764 Y95.74
G1 F1250 X122.734 Y95.792 E383.30163
G1 X122.674 Y95.792 E383.30403
G1 X122.644 Y95.74 E383.30642
G1 X122.674 Y95.688 E383.30882
G1 X122.734 Y95.688 E383.31122
G1 X122.764 Y95.74 E383.31361
G0 F9000 X123.405 Y95.74
G0 X123.332 Y95.112
G0 X121.858 Y95.117
G0 X122.663 Y97.931
G0 X123.025 Y97.824
G1 F996.7 X122.778 Y97.173 E383.34847
G1 F1151.6 X122.531 Y96.523 E383.37859
G1 F1363.6 X122.284 Y95.872 E383.40406
G1 F1500 X122.105 Y95.3 E383.424
G1 X123.144 Y95.3 E383.45855
G1 X123.145 Y95.74 E383.47319
G1 F1363.6 X123.105 Y96.435 E383.49866
G1 F1151.6 X123.065 Y97.13 E383.52882
G1 F996.7 X123.025 Y97.825 E383.56366
G0 F9000 X123.025 Y97.824
G1 F946.4 X123.033 Y97.916 E383.56853
G1 F958.5 X123.033 Y98.27 E383.58696
G1 F2700 E378.58696
G0 F9000 X122.664 Y98.208
G0 X121.858 Y95.117
G0 X123.332 Y95.112
G0 X123.666 Y105.353
G0 X136.551 Y105.344
G0 X137.269 Y105.712
G0 X137.312 Y109.085
G0 X137.284 Y117.08
G1 F2700 E383.58696
G1 F1500 X138.021 Y117.018 E383.61156
G1 X138.685 Y116.838 E383.63444
G1 X139.344 Y116.526 E383.65869
G1 X139.931 Y116.117 E383.68249
G1 X140.42 Y115.635 E383.70532
G1 X140.846 Y115.029 E383.72996
G1 X141.15 Y114.373 E383.75401
G1 X141.325 Y113.72 E383.77649
G1 X141.396 Y113.008 E383.80029
G1 X141.324 Y112.268 E383.82502
G1 X141.154 Y111.598 E383.84801
G1 X140.835 Y110.928 E383.87269
G1 X140.419 Y110.34 E383.89665
G1 X139.957 Y109.885 E383.91822
G1 X139.329 Y109.44 E383.94382
G1 X138.685 Y109.142 E383.96742
G1 X138.036 Y108.971 E383.98974
G1 X137.335 Y108.904 E384.01316
G1 X136.585 Y108.966 E384.03819
G1 X135.921 Y109.138 E384.06101
G1 X135.278 Y109.439 E384.08462
G1 X134.662 Y109.87 E384.10962
G1 X134.186 Y110.346 E384.13201
G1 X133.755 Y110.961 E384.15699
G1 X133.467 Y111.565 E384.17925
G1 X133.282 Y112.265 E384.20333
G1 X133.216 Y112.974 E384.22701
G1 X133.278 Y113.69 E384.25092
G1 X133.459 Y114.393 E384.27506
G1 X133.775 Y115.048 E384.29925
G1 X134.175 Y115.622 E384.32252
G1 X134.693 Y116.132 E384.3467
G1 X135.258 Y116.529 E384.36966
G1 X135.896 Y116.83 E384.39313
G1 X136.6 Y117.012 E384.41731
G1 X137.284 Y117.08 E384.44017
G1 F2700 E379.44017
G0 F9000 X137.308 Y116.821
G0 X137.114 Y120.278
G0 X135.567 Y139.21
G1 F2700 E384.44017
G1 F1063.8 X135.532 Y139.271 E384.44347
G1 X135.462 Y139.271 E384.44675
G1 X135.427 Y139.21 E384.45005
G1 X135.462 Y139.149 E384.45335
G1 X135.532 Y139.149 E384.45663
G1 X135.567 Y139.21 E384.45993
G1 F2700 E379.45993
G0 F9000 X136.169 Y138.897
G0 X135.543 Y137.164
G0 X135.553 Y136.503
G0 X135.918 Y136.492
G0 X135.882 Y136.141
G0 X135.842 Y135.479
G1 F2700 E384.45993
G1 F993.4 X135.842 Y132.311 E384.61904
G1 F2700 E379.61904
G0 F9000 X134.288 Y131.564
G0 X117.5 Y124.944
G1 F2700 E384.61904
G1 F1500 X106.84 Y124.944 E384.97359
G1 X106.182 Y124.998 E384.99555
G1 X105.495 Y125.182 E385.0192
G1 X104.865 Y125.475 E385.04231
G1 X104.325 Y125.851 E385.0642
G1 X103.834 Y126.338 E385.0872
G1 X103.431 Y126.914 E385.11058
G1 X103.142 Y127.523 E385.133
G1 X102.962 Y128.201 E385.15633
G1 X102.9 Y128.821 E385.17706
G1 X102.9 Y131.963 E385.28156
G1 X100.714 Y131.384 E385.35677
G1 X100.389 Y131.411 E385.36762
G1 X100.064 Y131.553 E385.37942
G1 X99.775 Y131.873 E385.39376
G1 X99.662 Y132.301 E385.40848
G1 X99.656 Y136.24 E385.53949
G1 X99.154 Y135.98 E385.5583
G1 X98.652 Y135.977 E385.57499
G1 X98.646 Y120.962 E386.07439
G1 X98.504 Y120.557 E386.08867
G1 X98.292 Y120.312 E386.09944
G1 X97.925 Y120.119 E386.11324
G1 X96.759 Y120.045 E386.1521
G1 X95.84 Y119.858 E386.18329
G1 X94.973 Y119.566 E386.21372
G1 X94.137 Y119.154 E386.24471
G1 X93.358 Y118.632 E386.2759
G1 X92.662 Y118.026 E386.3066
G1 X92.048 Y117.318 E386.33777
G1 X91.53 Y116.543 E386.36877
G1 X91.113 Y115.707 E386.39984
G1 X90.822 Y114.843 E386.43017
G1 X90.635 Y113.921 E386.46146
G1 X90.577 Y112.989 E386.49252
G1 X90.639 Y112.059 E386.52352
G1 X90.822 Y111.14 E386.55468
G1 X91.114 Y110.277 E386.58498
G1 X91.53 Y109.433 E386.61628
G1 X92.047 Y108.663 E386.64713
G1 X92.662 Y107.962 E386.67815
G1 X93.362 Y107.347 E386.70914
G1 X94.137 Y106.83 E386.74012
G1 X94.973 Y106.414 E386.77118
G1 X95.837 Y106.122 E386.80151
G1 X96.759 Y105.935 E386.8328
G1 X97.747 Y105.872 E386.86573
G1 X111.008 Y105.865 E387.30679
G1 X111.309 Y105.775 E387.31724
G1 X111.563 Y105.601 E387.32748
G1 X111.798 Y105.24 E387.34181
G1 X111.847 Y105.022 E387.34924
G1 X111.854 Y98.693 E387.55975
G1 F1174.2 X111.962 Y98.269 E387.57834
G1 F1087 X112.103 Y98.487 E387.59025
G1 F1363.6 X112.19 Y98.554 E387.59427
G1 F1500 X112.578 Y98.942 E387.61252
G1 X112.976 Y99.039 E387.62615
G1 X122.015 Y99.039 E387.92678
G1 X122.418 Y98.942 E387.94057
G1 X122.802 Y98.558 E387.95863
G1 F1363.6 X122.888 Y98.489 E387.96267
G1 F1083 X123.033 Y98.27 E387.97477
G1 F1052.6 X123.146 Y98.662 E387.9941
G1 F1202.4 X123.146 Y100.252 E388.06007
G1 F1273.9 X123.147 Y101.842 E388.12234
G1 F1357.5 X123.148 Y103.432 E388.18078
G1 F1449.3 X123.148 Y105.022 E388.23552
G1 F1500 X123.204 Y105.253 E388.24342
G1 X123.379 Y105.539 E388.25457
G1 X123.719 Y105.79 E388.26863
G1 X123.997 Y105.866 E388.27821
G1 X137.249 Y105.872 E388.71898
G1 X138.233 Y105.935 E388.75177
G1 X139.155 Y106.122 E388.78306
G1 X140.019 Y106.414 E388.8134
G1 X140.859 Y106.83 E388.84457
G1 X141.638 Y107.352 E388.87576
G1 X142.33 Y107.954 E388.90627
G1 X142.944 Y108.658 E388.93734
G1 X143.462 Y109.433 E388.96834
G1 X143.874 Y110.273 E388.99946
G1 X144.174 Y111.145 E389.03013
G1 X144.357 Y112.058 E389.0611
G1 X144.415 Y112.988 E389.09209
G1 X144.357 Y113.926 E389.12335
G1 X144.174 Y114.835 E389.15419
G1 X143.874 Y115.707 E389.18486
G1 X143.466 Y116.543 E389.2158
G1 X142.944 Y117.318 E389.24688
G1 X142.334 Y118.022 E389.27786
G1 X141.629 Y118.636 E389.30896
G1 X140.859 Y119.154 E389.33983
G1 X140.019 Y119.566 E389.37094
G1 X139.155 Y119.858 E389.40128
G1 X138.237 Y120.045 E389.43244
G1 X137.069 Y120.119 E389.47136
G1 X136.703 Y120.318 E389.48522
G1 X136.488 Y120.556 E389.49589
G1 X136.346 Y120.962 E389.51019
G1 X136.344 Y135.977 E390.00959
G1 X135.836 Y135.98 E390.02649
G1 X135.341 Y136.241 E390.0451
G1 X135.334 Y132.301 E390.17615
G1 X135.221 Y131.867 E390.19106
G1 X134.928 Y131.554 E390.20532
G1 X134.606 Y131.411 E390.21704
G1 X134.27 Y131.381 E390.22826
G1 X132.096 Y131.963 E390.30311
G1 X132.092 Y128.823 E390.40755
G1 X132.044 Y128.235 E390.42717
G1 X131.862 Y127.551 E390.45072
G1 X131.568 Y126.912 E390.47411
G1 X131.158 Y126.334 E390.49768
G1 X130.698 Y125.874 E390.51932
G1 X130.126 Y125.475 E390.54251
G1 X129.472 Y125.173 E390.56647
G1 X128.823 Y124.998 E390.58883
G1 X128.214 Y124.944 E390.60916
G1 X117.5 Y124.944 E390.96551
G1 F2700 E385.96551
G0 F9000 X117.499 Y125.204
G0 X106.264 Y125.505
G0 X105.681 Y125.661
G0 X105.135 Y125.916
G0 X104.644 Y126.261
G0 X104.218 Y126.685
G0 X103.873 Y127.178
G0 X103.618 Y127.724
G0 X103.463 Y128.305
G0 X103.412 Y128.885
G0 X103.427 Y132.65
G0 X100.787 Y131.931
G0 X100.179 Y131.942
G0 X100.179 Y138.694
G0 X100.789 Y138.705
G0 X103.325 Y138.028
G0 X117.5 Y138.2
G0 X117.5 Y139.856
G0 X117.5 Y139.694
G1 F2700 E390.96551
G1 F1500 X104.063 Y139.696 E391.41243
G1 F1456.3 X100.669 Y139.684 E391.5287
G1 F1376.1 X100.303 Y139.672 E391.54198
G1 F1415.1 X99.682 Y139.696 E391.56389
G1 F1500 X98.702 Y139.696 E391.59648
G1 X99.658 Y137.861 E391.6653
G1 X99.656 Y138.31 E391.68023
G1 X99.863 Y138.887 E391.70062
G1 F1456.3 X100.308 Y139.223 E391.71973
G1 F1392.1 X100.685 Y139.264 E391.73332
G1 F1432 X103.978 Y138.38 E391.85211
G1 F1500 X131.018 Y138.38 E392.75146
G1 F1432 X134.299 Y139.264 E392.86985
G1 F1392.1 X134.686 Y139.223 E392.88379
G1 F1456.3 X135.133 Y138.886 E392.90297
G1 F1500 X135.34 Y138.314 E392.9232
G1 X135.337 Y137.859 E392.93834
G1 X136.29 Y139.692 E393.00705
G1 X135.309 Y139.693 E393.03968
G1 F1415.1 X134.701 Y139.669 E393.06113
G1 F1376.1 X134.386 Y139.681 E393.07256
G1 F1456.3 X130.933 Y139.692 E393.19085
G1 F1500 X117.5 Y139.694 E393.63764
G1 F2700 E388.63764
G0 F9000 X117.5 Y139.956
G0 X99.563 Y139.856
G0 X99.563 Y139.213
G1 F2700 E393.63764
G1 F1060.1 X99.528 Y139.274 E393.64095
G1 X99.458 Y139.274 E393.64424
G1 X99.423 Y139.213 E393.64755
G1 X99.458 Y139.152 E393.65086
G1 X99.528 Y139.152 E393.65415
G1 X99.563 Y139.213 E393.65746
G1 F2700 E388.65746
G0 F9000 X99.154 Y135.479
G1 F2700 E393.65746
G1 F990.1 X99.152 Y132.321 E393.81659
G1 F2700 E388.81659
G0 F9000 X97.691 Y116.9
G0 X97.664 Y117.08
G1 F2700 E393.81659
G1 F1500 X98.388 Y117.012 E393.84078
G1 X99.106 Y116.825 E393.86546
G1 X99.742 Y116.521 E393.8889
G1 X100.291 Y116.141 E393.91111
G1 X100.818 Y115.617 E393.93583
G1 X101.22 Y115.052 E393.95889
G1 X101.529 Y114.384 E393.98337
G1 X101.71 Y113.721 E394.00623
G1 X101.78 Y113.007 E394.03009
G1 X101.718 Y112.275 E394.05452
G1 X101.538 Y111.607 E394.07753
G1 X101.247 Y110.961 E394.1011
G1 X100.828 Y110.364 E394.12536
G1 X100.312 Y109.852 E394.14954
G1 X99.756 Y109.46 E394.17216
G1 X99.071 Y109.138 E394.19734
G1 X98.391 Y108.964 E394.22068
G1 X97.667 Y108.9 E394.24486
G1 X96.968 Y108.967 E394.26821
G1 X96.317 Y109.138 E394.2906
G1 X95.654 Y109.44 E394.31483
G1 X95.047 Y109.873 E394.33963
G1 X94.577 Y110.344 E394.36176
G1 X94.136 Y110.959 E394.38693
G1 X93.853 Y111.585 E394.40978
G1 X93.674 Y112.252 E394.43275
G1 X93.6 Y112.964 E394.45656
G1 X93.667 Y113.716 E394.48167
G1 X93.842 Y114.368 E394.50412
G1 X94.136 Y115.014 E394.52773
G1 X94.581 Y115.64 E394.55327
G1 X95.034 Y116.094 E394.57461
G1 X95.655 Y116.532 E394.59988
G1 X96.312 Y116.834 E394.62393
G1 X96.96 Y117.009 E394.64626
G1 X97.664 Y117.08 E394.66979
G1 F2700 E389.66979
G0 F9000 X97.689 Y116.82
G0 X98.374 Y116.837
G0 X99.882 Y136.94
G0 X100.676 Y138.993
G0 X100.947 Y139.413
G1 F2700 E394.66979
G1 F1500 X101.007 Y139.473 E394.67261
G0 F9000 X101.391 Y139.292
G1 F1500 X101.577 Y139.478 E394.68136
G0 F9000 X101.836 Y139.171
G1 F1500 X102.147 Y139.482 E394.69599
G0 F9000 X102.28 Y139.05
G1 F1500 X102.716 Y139.486 E394.7165
G0 F9000 X102.725 Y138.929
G1 F1500 X103.286 Y139.49 E394.74289
G0 F9000 X103.856 Y139.494
G1 F1500 X103.17 Y138.808 E394.77515
G0 F9000 X103.614 Y138.687
G1 F1500 X104.423 Y139.495 E394.81318
G0 F9000 X104.988 Y139.495
G1 F1500 X104.073 Y138.58 E394.85622
G0 F9000 X104.639 Y138.58
G1 F1500 X105.554 Y139.495 E394.89926
G0 F9000 X106.12 Y139.495
G1 F1500 X105.205 Y138.58 E394.9423
G0 F9000 X105.77 Y138.58
G1 F1500 X106.685 Y139.495 E394.98534
G0 F9000 X107.251 Y139.495
G1 F1500 X106.336 Y138.58 E395.02838
G0 F9000 X106.902 Y138.58
G1 F1500 X107.817 Y139.495 E395.07141
G0 F9000 X108.382 Y139.495
G1 F1500 X107.468 Y138.58 E395.11443
G0 F9000 X108.033 Y138.58
G1 F1500 X108.947 Y139.494 E395.15742
G0 F9000 X109.513 Y139.494
G1 F1500 X108.599 Y138.58 E395.20041
G0 F9000 X109.165 Y138.58
G1 F1500 X110.079 Y139.494 E395.24341
G0 F9000 X110.645 Y139.494
G1 F1500 X109.73 Y138.58 E395.28642
G0 F9000 X110.296 Y138.58
G1 F1500 X111.21 Y139.494 E395.32941
G0 F9000 X111.776 Y139.494
G1 F1500 X110.862 Y138.58 E395.3724
G0 F9000 X111.427 Y138.58
G1 F1500 X112.342 Y139.494 E395.41542
G0 F9000 X112.907 Y139.494
G1 F1500 X111.993 Y138.58 E395.45841
G0 F9000 X112.559 Y138.58
G1 F1500 X113.472 Y139.494 E395.50138
G0 F9000 X114.038 Y139.494
G1 F1500 X113.124 Y138.58 E395.54437
G0 F9000 X113.69 Y138.58
G1 F1500 X114.604 Y139.494 E395.58736
G0 F9000 X115.169 Y139.494
G1 F1500 X114.256 Y138.58 E395.63033
G0 F9000 X114.821 Y138.58
G1 F1500 X115.735 Y139.494 E395.67332
G0 F9000 X116.301 Y139.494
G1 F1500 X115.387 Y138.58 E395.71631
G0 F9000 X115.953 Y138.58
G1 F1500 X116.866 Y139.494 E395.75928
G0 F9000 X117.432 Y139.494
G1 F1500 X116.518 Y138.58 E395.80227
G0 F9000 X117.084 Y138.58
G1 F1500 X117.997 Y139.493 E395.84522
G0 F9000 X118.563 Y139.493
G1 F1500 X117.65 Y138.58 E395.88816
G0 F9000 X118.216 Y138.58
G1 F1500 X119.128 Y139.493 E395.93109
G0 F9000 X119.694 Y139.493
G1 F1500 X118.781 Y138.58 E395.97403
G0 F9000 X119.347 Y138.58
G1 F1500 X120.26 Y139.493 E396.01697
G0 F9000 X120.825 Y139.493
G1 F1500 X119.913 Y138.58 E396.0599
G0 F9000 X120.478 Y138.58
G1 F1500 X121.391 Y139.493 E396.10284
G0 F9000 X121.957 Y139.493
G1 F1500 X121.044 Y138.58 E396.14579
G0 F9000 X121.61 Y138.58
G1 F1500 X122.522 Y139.492 E396.18868
G0 F9000 X123.087 Y139.492
G1 F1500 X122.175 Y138.58 E396.23158
G0 F9000 X122.741 Y138.58
G1 F1500 X123.653 Y139.492 E396.27448
G0 F9000 X124.219 Y139.492
G1 F1500 X123.307 Y138.58 E396.31738
G0 F9000 X123.872 Y138.58
G1 F1500 X124.785 Y139.492 E396.3603
G0 F9000 X125.35 Y139.492
G1 F1500 X124.438 Y138.58 E396.40319
G0 F9000 X125.004 Y138.58
G1 F1500 X125.916 Y139.492 E396.44609
G0 F9000 X126.481 Y139.492
G1 F1500 X125.569 Y138.58 E396.48899
G0 F9000 X126.135 Y138.58
G1 F1500 X127.047 Y139.492 E396.53189
G0 F9000 X127.612 Y139.492
G1 F1500 X126.701 Y138.58 E396.57476
G0 F9000 X127.266 Y138.58
G1 F1500 X128.178 Y139.492 E396.61766
G0 F9000 X128.744 Y139.492
G1 F1500 X127.832 Y138.58 E396.66056
G0 F9000 X128.398 Y138.58
G1 F1500 X129.309 Y139.492 E396.70343
G0 F9000 X129.875 Y139.492
G1 F1500 X128.964 Y138.58 E396.74631
G0 F9000 X129.529 Y138.58
G1 F1500 X130.441 Y139.492 E396.7892
G0 F9000 X131.006 Y139.491
G1 F1500 X130.095 Y138.58 E396.83205
G0 F9000 X130.661 Y138.58
G1 F1500 X131.566 Y139.486 E396.87465
G0 F9000 X132.127 Y139.481
G1 F1500 X131.315 Y138.669 E396.91284
G0 F9000 X132.095 Y138.883
G1 F1500 X132.688 Y139.476 E396.94073
G0 F9000 X132.874 Y139.096
G1 F1500 X133.249 Y139.471 E396.95837
G0 F9000 X133.653 Y139.31
G1 F1500 X133.809 Y139.466 E396.96571
G1 F2700 E391.96571
G0 F9000 X134.322 Y138.992
G0 X135.161 Y132.35
G0 X136.524 Y132.352
G0 X135.936 Y131.977
G1 F2700 E396.96571
G1 F1500 X132.248 Y128.288 E397.13921
G0 F9000 X132.291 Y128.897
G1 F1500 X134.603 Y131.209 E397.24795
G0 F9000 X134.058 Y131.23
G1 F1500 X132.292 Y129.463 E397.33105
G0 F9000 X132.293 Y130.03
G1 F1500 X133.612 Y131.349 E397.39309
G0 F9000 X133.166 Y131.469
G1 F1500 X132.293 Y130.596 E397.43415
G0 F9000 X132.294 Y131.163
G1 F1500 X132.72 Y131.588 E397.45416
G1 F2700 E392.45416
G0 F9000 X132.838 Y132.035
G0 X133.95 Y131.95
G0 X135.06 Y131.962
G0 X136.524 Y131.964
G0 X136.146 Y131.62
G1 F2700 E397.45416
G1 F1500 X132.066 Y127.54 E397.64608
G0 F9000 X131.623 Y127.659
G0 X130.983 Y126.531
G0 X131.361 Y126.269
G1 F1500 X136.146 Y131.054 E397.87115
G0 F9000 X136.146 Y130.489
G1 F1500 X111.527 Y105.87 E399.02915
G0 F9000 X111.811 Y105.589
G1 F1500 X136.146 Y129.924 E400.17379
G0 F9000 X136.146 Y129.358
G1 F1500 X112.008 Y105.22 E401.30917
G0 F9000 X112.046 Y104.692
G1 F1500 X136.146 Y128.792 E402.44276
G0 F9000 X136.147 Y128.227
G1 F1500 X112.047 Y104.127 E403.57635
G0 F9000 X112.047 Y103.562
G1 F1500 X136.147 Y127.662 E404.70994
G0 F9000 X136.147 Y127.096
G1 F1500 X112.048 Y102.997 E405.84348
G0 F9000 X112.049 Y102.432
G1 F1500 X136.147 Y126.53 E406.97698
G0 F9000 X136.148 Y125.965
G1 F1500 X112.05 Y101.867 E408.11048
G0 F9000 X112.05 Y101.302
G1 F1500 X136.148 Y125.4 E409.24397
G0 F9000 X136.148 Y124.834
G1 F1500 X112.051 Y100.737 E410.37742
G0 F9000 X112.052 Y100.172
G1 F1500 X136.148 Y124.269 E411.51085
G0 F9000 X136.148 Y123.703
G1 F1500 X112.052 Y99.607 E412.64425
G0 F9000 X112.053 Y99.042
G1 F1500 X136.148 Y123.138 E413.77763
G0 F9000 X136.149 Y122.573
G1 F1500 X112.771 Y99.194 E414.87728
G0 F9000 X113.386 Y99.244
G1 F1500 X136.149 Y122.007 E415.94798
G0 F9000 X136.149 Y121.441
G1 F1500 X113.952 Y99.244 E416.99206
G0 F9000 X114.517 Y99.244
G1 F1500 X136.163 Y120.889 E418.0102
G0 F9000 X136.303 Y120.464
G1 F1500 X115.083 Y99.244 E419.00832
G0 F9000 X115.649 Y99.244
G1 F1500 X136.573 Y120.168 E419.99252
G0 F9000 X136.935 Y119.964
G1 F1500 X116.214 Y99.244 E420.96715
G0 F9000 X116.78 Y99.244
G1 F1500 X137.431 Y119.895 E421.93851
G0 F9000 X137.963 Y119.861
G1 F1500 X124.17 Y106.068 E422.58729
G0 F9000 X124.736 Y106.068
G1 F1500 X133.406 Y114.738 E422.9951
G0 F9000 X133.123 Y113.89
G1 F1500 X125.301 Y106.068 E423.36303
G0 F9000 X125.867 Y106.068
G1 F1500 X133.041 Y113.242 E423.70047
G0 F9000 X133.044 Y112.679
G1 F1500 X126.434 Y106.069 E424.01138
G0 F9000 X126.999 Y106.069
G1 F1500 X133.099 Y112.169 E424.29831
G0 F9000 X133.217 Y111.721
G1 F1500 X127.565 Y106.069 E424.56416
G0 F9000 X128.131 Y106.07
G1 F1500 X133.369 Y111.307 E424.81052
G0 F9000 X133.552 Y110.925
G1 F1500 X128.697 Y106.07 E425.03888
G0 F9000 X129.263 Y106.07
G1 F1500 X133.776 Y110.583 E425.25116
G0 F9000 X134.008 Y110.249
G1 F1500 X129.829 Y106.07 E425.44773
G0 F9000 X130.395 Y106.07
G1 F1500 X134.291 Y109.966 E425.63098
G0 F9000 X134.574 Y109.684
G1 F1500 X130.96 Y106.07 E425.80097
G0 F9000 X131.526 Y106.07
G1 F1500 X134.908 Y109.452 E425.96005
G0 F9000 X135.251 Y109.23
G1 F1500 X132.092 Y106.071 E426.10864
G0 F9000 X132.658 Y106.071
G1 F1500 X135.635 Y109.048 E426.24867
G0 F9000 X136.05 Y108.897
G1 F1500 X133.224 Y106.071 E426.3816
G0 F9000 X133.79 Y106.072
G1 F1500 X136.501 Y108.782 E426.50909
G0 F9000 X137.012 Y108.728
G1 F1500 X134.356 Y106.072 E426.63402
G0 F9000 X134.922 Y106.072
G1 F1500 X137.58 Y108.73 E426.75904
G0 F9000 X138.231 Y108.815
G1 F1500 X135.488 Y106.072 E426.88807
G0 F9000 X136.054 Y106.072
G1 F1500 X139.091 Y109.11 E427.03094
G1 F2700 E422.03094
G0 F9000 X138.896 Y109.526
G0 X139.829 Y106.163
G0 X140.006 Y106.631
G1 F2700 E427.03094
G1 F1500 X143.654 Y110.278 E427.20251
G0 F9000 X143.968 Y111.159
G1 F1500 X139.136 Y106.326 E427.42982
G0 F9000 X138.422 Y106.178
G1 F1500 X144.116 Y111.872 E427.69764
G0 F9000 X144.185 Y112.506
G1 F1500 X137.785 Y106.107 E427.99866
G0 F9000 X137.185 Y106.072
G1 F1500 X144.209 Y113.096 E428.32904
G0 F9000 X144.176 Y113.629
G1 F1500 X136.619 Y106.072 E428.6845
G0 F9000 X136.62 Y105.612
G0 X138.262 Y105.74
G0 X139.202 Y105.929
G0 X139.929 Y106.176
G0 X141.58 Y107
G0 X141.323 Y107.382
G1 F1500 X142.912 Y108.971 E428.75924
G1 F2700 E423.75924
G0 F9000 X143.296 Y108.715
G0 X143.605 Y109.354
G0 X140.689 Y111.032
G0 X141.186 Y111.205
G1 F2700 E428.75924
G1 F1500 X144.113 Y114.131 E428.8969
G0 F9000 X144.018 Y114.602
G1 F1500 X141.479 Y112.063 E429.01632
G0 F9000 X141.571 Y112.721
G1 F1500 X143.892 Y115.042 E429.1255
G0 F9000 X143.747 Y115.463
G1 F1500 X141.566 Y113.281 E429.22811
G0 F9000 X141.511 Y113.793
G1 F1500 X143.577 Y115.859 E429.32529
G0 F9000 X143.392 Y116.239
G1 F1500 X141.392 Y114.239 E429.41936
G0 F9000 X141.239 Y114.652
G1 F1500 X143.187 Y116.6 E429.51099
G0 F9000 X142.959 Y116.938
G1 F1500 X141.058 Y115.036 E429.60043
G0 F9000 X140.84 Y115.384
G1 F1500 X142.723 Y117.267 E429.689
G0 F9000 X142.461 Y117.571
G1 F1500 X140.606 Y115.716 E429.77625
G0 F9000 X140.331 Y116.007
G1 F1500 X142.198 Y117.874 E429.86407
G0 F9000 X141.896 Y118.137
G1 F1500 X140.041 Y116.282 E429.95132
G0 F9000 X139.708 Y116.515
G1 F1500 X141.593 Y118.4 E430.03999
G0 F9000 X141.266 Y118.638
G1 F1500 X139.364 Y116.737 E430.12943
G0 F9000 X138.98 Y116.918
G1 F1500 X140.928 Y118.866 E430.22106
G0 F9000 X140.569 Y119.073
G1 F1500 X138.572 Y117.076 E430.31499
G0 F9000 X138.127 Y117.197
G1 F1500 X140.19 Y119.259 E430.412
G0 F9000 X139.795 Y119.43
G1 F1500 X137.619 Y117.254 E430.51436
G0 F9000 X137.051 Y117.252
G1 F1500 X139.373 Y119.574 E430.62358
G0 F9000 X138.932 Y119.699
G1 F1500 X136.402 Y117.169 E430.74258
G0 F9000 X135.559 Y116.892
G1 F1500 X138.462 Y119.794 E430.8791
G1 F2700 E425.8791
G0 F9000 X138.552 Y120.248
G0 X136.868 Y120.66
G0 X136.525 Y126.052
G0 X131.417 Y127.013
G0 X130.761 Y125.67
G1 F2700 E430.8791
G1 F1500 X111.13 Y106.038 E431.80251
G0 F9000 X110.592 Y106.067
G1 F1500 X129.497 Y124.972 E432.69174
G0 F9000 X128.751 Y124.791
G1 F1500 X110.027 Y106.067 E433.57246
G0 F9000 X109.461 Y106.067
G1 F1500 X128.138 Y124.744 E434.45097
G0 F9000 X127.573 Y124.744
G1 F1500 X108.896 Y106.067 E435.32948
G0 F9000 X108.33 Y106.067
G1 F1500 X127.007 Y124.744 E436.20799
G0 F9000 X126.441 Y124.744
G1 F1500 X107.764 Y106.067 E437.0865
G0 F9000 X107.2 Y106.068
G1 F1500 X125.876 Y124.744 E437.96496
G0 F9000 X125.31 Y124.744
G1 F1500 X106.634 Y106.068 E438.84342
G0 F9000 X106.068 Y106.068
G1 F1500 X124.744 Y124.744 E439.72188
G0 F9000 X124.179 Y124.744
G1 F1500 X105.503 Y106.069 E440.60032
G0 F9000 X104.937 Y106.069
G1 F1500 X123.613 Y124.744 E441.47876
G0 F9000 X123.047 Y124.744
G1 F1500 X104.372 Y106.07 E442.35715
G0 F9000 X103.807 Y106.07
G1 F1500 X122.482 Y124.744 E443.23554
G0 F9000 X121.916 Y124.744
G1 F1500 X103.241 Y106.07 E444.11393
G0 F9000 X102.676 Y106.07
G1 F1500 X121.35 Y124.744 E444.9923
G0 F9000 X120.784 Y124.744
G1 F1500 X102.11 Y106.07 E445.87067
G0 F9000 X101.545 Y106.07
G1 F1500 X120.219 Y124.744 E446.74904
G0 F9000 X119.653 Y124.744
G1 F1500 X100.98 Y106.071 E447.62736
G0 F9000 X100.414 Y106.071
G1 F1500 X119.087 Y124.744 E448.50568
G0 F9000 X118.522 Y124.744
G1 F1500 X99.848 Y106.071 E449.38402
G0 F9000 X99.283 Y106.072
G1 F1500 X117.956 Y124.744 E450.26232
G0 F9000 X117.39 Y124.744
G1 F1500 X98.718 Y106.072 E451.14059
G0 F9000 X98.152 Y106.072
G1 F1500 X116.824 Y124.744 E452.01887
G0 F9000 X116.258 Y124.744
G1 F1500 X97.597 Y106.082 E452.89665
G0 F9000 X97.065 Y106.116
G1 F1500 X115.693 Y124.744 E453.77285
G0 F9000 X115.127 Y124.744
G1 F1500 X101.565 Y111.181 E454.41079
G0 F9000 X101.863 Y112.045
G1 F1500 X114.561 Y124.744 E455.00809
G0 F9000 X113.996 Y124.744
G1 F1500 X101.955 Y112.703 E455.57446
G0 F9000 X101.955 Y113.269
G1 F1500 X113.43 Y124.744 E456.11421
G0 F9000 X112.864 Y124.744
G1 F1500 X101.9 Y113.779 E456.62994
G0 F9000 X101.779 Y114.224
G1 F1500 X112.298 Y124.744 E457.12475
G0 F9000 X111.733 Y124.744
G1 F1500 X101.63 Y114.64 E457.59999
G0 F9000 X101.451 Y115.027
G1 F1500 X111.167 Y124.744 E458.05702
G0 F9000 X110.601 Y124.744
G1 F1500 X101.234 Y115.376 E458.49764
G0 F9000 X100.999 Y115.707
G1 F1500 X110.036 Y124.744 E458.92271
G0 F9000 X109.47 Y124.744
G1 F1500 X100.722 Y115.995 E459.33421
G0 F9000 X100.439 Y116.278
G1 F1500 X108.904 Y124.744 E459.73241
G0 F9000 X108.339 Y124.744
G1 F1500 X100.106 Y116.511 E460.11966
G0 F9000 X99.762 Y116.733
G1 F1500 X107.773 Y124.744 E460.49647
G0 F9000 X107.207 Y124.744
G1 F1500 X99.38 Y116.916 E460.86466
G0 F9000 X98.965 Y117.067
G1 F1500 X106.656 Y124.758 E461.22642
G0 F9000 X106.136 Y124.804
G1 F1500 X98.519 Y117.187 E461.5847
G0 F9000 X98.013 Y117.247
G1 F1500 X105.689 Y124.922 E461.94573
G0 F9000 X105.27 Y125.069
G1 F1500 X97.461 Y117.26 E462.31304
G0 F9000 X96.811 Y117.176
G1 F1500 X104.884 Y125.249 E462.69277
G0 F9000 X104.532 Y125.463
G1 F1500 X95.958 Y116.888 E463.09609
G1 F2700 E458.09609
G0 F9000 X96.147 Y116.477
G0 X96.362 Y116.662
G0 X95.286 Y119.842
G0 X95.06 Y119.384
G1 F2700 E463.09609
G1 F1500 X91.294 Y115.618 E463.27323
G0 F9000 X91.011 Y114.77
G1 F1500 X95.91 Y119.669 E463.50366
G0 F9000 X96.619 Y119.812
G1 F1500 X90.867 Y114.06 E463.77422
G0 F9000 X90.805 Y113.432
G1 F1500 X97.248 Y119.875 E464.07728
G0 F9000 X97.851 Y119.913
G1 F1500 X90.786 Y112.848 E464.40959
G0 F9000 X90.822 Y112.318
G1 F1500 X104.201 Y125.697 E465.0389
G0 F9000 X103.919 Y125.98
G1 F1500 X98.831 Y120.893 E465.2782
G0 F9000 X98.843 Y121.47
G1 F1500 X103.639 Y126.266 E465.50379
G0 F9000 X103.409 Y126.602
G1 F1500 X98.844 Y122.037 E465.71851
G0 F9000 X98.844 Y122.602
G1 F1500 X103.192 Y126.95 E465.92303
G0 F9000 X103.014 Y127.339
G1 F1500 X98.844 Y123.169 E466.11917
G0 F9000 X98.844 Y123.734
G1 F1500 X102.872 Y127.762 E466.30864
G0 F9000 X102.758 Y128.214
G1 F1500 X98.845 Y124.301 E466.4927
G0 F9000 X98.845 Y124.867
G1 F1500 X102.708 Y128.729 E466.67438
G0 F9000 X102.701 Y129.288
G1 F1500 X98.846 Y125.433 E466.8557
G0 F9000 X98.846 Y125.999
G1 F1500 X102.701 Y129.854 E467.03703
G0 F9000 X102.701 Y130.419
G1 F1500 X98.846 Y126.565 E467.21833
G0 F9000 X98.846 Y127.131
G1 F1500 X102.701 Y130.985 E467.39964
G0 F9000 X102.701 Y131.551
G1 F1500 X98.847 Y127.697 E467.58092
G0 F9000 X98.847 Y128.263
G1 F1500 X102.136 Y131.552 E467.73562
G0 F9000 X101.362 Y131.344
G1 F1500 X98.848 Y128.829 E467.8539
G0 F9000 X98.848 Y129.395
G1 F1500 X100.643 Y131.19 E467.93833
G0 F9000 X100.174 Y131.286
G1 F1500 X98.849 Y129.961 E468.00065
G0 F9000 X98.849 Y130.527
G1 F1500 X99.833 Y131.511 E468.04694
G0 F9000 X99.589 Y131.833
G1 F1500 X98.849 Y131.093 E468.08174
G0 F9000 X98.849 Y131.659
G1 F1500 X99.213 Y132.023 E468.09887
G1 F2700 E463.09887
G0 F9000 X98.491 Y132.023
G0 X93.791 Y118.682
G1 F2700 E468.09887
G1 F1500 X92.007 Y116.897 E468.1828
G1 F2700 E463.1828
G0 F9000 X91.623 Y117.152
G0 X91.105 Y116.048
G0 X94.144 Y114.642
G0 X93.781 Y114.711
G1 F2700 E468.1828
G1 F1500 X90.89 Y111.82 E468.31879
G0 F9000 X90.984 Y111.349
G1 F1500 X93.501 Y113.865 E468.43716
G0 F9000 X93.421 Y113.22
G1 F1500 X91.111 Y110.91 E468.54581
G0 F9000 X91.254 Y110.487
G1 F1500 X93.434 Y112.667 E468.64835
G0 F9000 X93.493 Y112.161
G1 F1500 X91.426 Y110.094 E468.74558
G0 F9000 X91.613 Y109.715
G1 F1500 X93.614 Y111.716 E468.8397
G0 F9000 X93.764 Y111.301
G1 F1500 X91.821 Y109.357 E468.93111
G0 F9000 X92.048 Y109.019
G1 F1500 X93.943 Y110.913 E469.02022
G0 F9000 X94.167 Y110.572
G1 F1500 X92.287 Y108.692 E469.10865
G0 F9000 X92.551 Y108.39
G1 F1500 X94.405 Y110.244 E469.19586
G0 F9000 X94.683 Y109.957
G1 F1500 X92.818 Y108.092 E469.28358
G0 F9000 X93.119 Y107.827
G1 F1500 X94.974 Y109.681 E469.37081
G0 F9000 X95.304 Y109.446
G1 F1500 X93.42 Y107.562 E469.45943
G0 F9000 X93.752 Y107.328
G1 F1500 X95.647 Y109.223 E469.54857
G0 F9000 X96.033 Y109.044
G1 F1500 X94.091 Y107.102 E469.63991
G0 F9000 X94.452 Y106.897
G1 F1500 X96.454 Y108.899 E469.73408
G0 F9000 X96.899 Y108.778
G1 F1500 X94.829 Y106.709 E469.83142
G0 F9000 X95.226 Y106.54
G1 F1500 X97.41 Y108.723 E469.93413
G0 F9000 X97.98 Y108.728
G1 F1500 X95.649 Y106.397 E470.04377
G0 F9000 X96.092 Y106.275
G1 F1500 X98.641 Y108.823 E470.16365
G0 F9000 X99.503 Y109.12
G1 F1500 X96.563 Y106.179 E470.30196
G1 F2700 E465.30196
G0 F9000 X96.474 Y105.73
G0 X111.334 Y105.353
G0 X111.669 Y95.113
G0 X113.14 Y95.118
G0 X112.334 Y98.415
G0 X117.346 Y98.784
G0 X117.346 Y99.244
G1 F2700 E470.30196
G1 F1500 X122.949 Y104.847 E470.56551
G0 F9000 X122.949 Y104.281
G1 F1500 X117.911 Y99.244 E470.80245
G0 F9000 X118.477 Y99.244
G1 F1500 X122.948 Y103.715 E471.01276
G0 F9000 X122.947 Y103.148
G1 F1500 X119.043 Y99.244 E471.19639
G0 F9000 X119.609 Y99.244
G1 F1500 X122.947 Y102.583 E471.35342
G0 F9000 X122.947 Y102.016
G1 F1500 X120.174 Y99.244 E471.48383
G0 F9000 X120.74 Y99.244
G1 F1500 X122.947 Y101.451 E471.58764
G0 F9000 X122.946 Y100.884
G1 F1500 X121.306 Y99.244 E471.66478
G0 F9000 X121.871 Y99.244
G1 F1500 X122.945 Y100.318 E471.7153
G0 F9000 X122.945 Y99.752
G1 F1500 X122.356 Y99.163 E471.743
G0 F9000 X122.701 Y98.943
G1 F1500 X122.81 Y99.052 E471.74813
G1 X122.811 Y99.052
G1 X122.945 Y99.186 E471.75443
G1 F2700 E466.75443
;MESH:NONMESH
G0 F300 X122.945 Y99.186 Z0.8
G0 F9000 X123.407 Y99.186
G0 X123.309 Y105.007
G0 X101.363 Y114.325
G0 X97.69 Y116.719
;TIME_ELAPSED:803.512081
;LAYER:3
M106 S255
;TYPE:WALL-INNER
;MESH:FT05-Frame Part B.stl
G1 F2700 E471.75443
G1 F1500 X97.03 Y116.657 E471.77648
G1 X96.431 Y116.497 E471.7971
G1 X95.862 Y116.235 E471.81794
G1 X95.297 Y115.847 E471.84074
G1 X94.848 Y115.395 E471.86193
G1 X94.46 Y114.851 E471.88415
G1 X94.187 Y114.253 E471.90601
G1 X94.027 Y113.654 E471.92664
G1 X93.965 Y112.992 E471.94875
G1 X94.023 Y112.339 E471.97055
G1 X94.187 Y111.727 E471.99163
G1 X94.462 Y111.125 E472.01364
G1 X94.841 Y110.589 E472.03547
G1 X95.288 Y110.144 E472.05645
G1 X95.828 Y109.763 E472.07843
G1 X96.431 Y109.483 E472.10055
G1 X97.03 Y109.327 E472.12113
G1 X97.715 Y109.268 E472.144
G1 X98.338 Y109.322 E472.1648
G1 X98.967 Y109.486 E472.18642
G1 X99.558 Y109.762 E472.20812
G1 X100.092 Y110.138 E472.22984
G1 X100.544 Y110.59 E472.2511
G1 X100.923 Y111.127 E472.27296
G1 X101.193 Y111.711 E472.29436
G1 X101.362 Y112.347 E472.31625
G1 X101.416 Y112.995 E472.33787
G1 X101.359 Y113.643 E472.35951
G1 X101.193 Y114.263 E472.38086
G1 X100.917 Y114.859 E472.4027
G1 X100.544 Y115.386 E472.42418
G1 X100.077 Y115.852 E472.44612
G1 X99.561 Y116.213 E472.46706
G1 X98.969 Y116.494 E472.48886
G1 X98.342 Y116.659 E472.51042
G1 X97.69 Y116.719 E472.5322
G1 F2700 E467.5322
G0 F9000 X99.032 Y116.661
G0 X105.548 Y125.356
G0 X117.5 Y138.02
G1 F2700 E472.5322
G1 F1500 X103.939 Y138.02 E472.98324
G1 X100.72 Y138.875 E473.09402
G1 X100.419 Y138.852 E473.10406
G1 X100.155 Y138.669 E473.11474
G1 X100.016 Y138.284 E473.12836
G1 F1550.4 X100.029 Y136.94 E473.17161
G1 X100.016 Y136.401 E473.18896
G1 F1500 X100.016 Y132.348 E473.32376
G1 X100.093 Y132.052 E473.33393
G1 X100.276 Y131.853 E473.34293
G1 X100.477 Y131.764 E473.35024
G1 X100.685 Y131.745 E473.35718
G1 X103.26 Y132.434 E473.44584
G1 X103.262 Y128.853 E473.56495
G1 X103.315 Y128.274 E473.58428
G1 X103.473 Y127.672 E473.60498
G1 X103.739 Y127.101 E473.62594
G1 X104.104 Y126.582 E473.64704
G1 X104.547 Y126.139 E473.66788
G1 X105.054 Y125.787 E473.68841
G1 X105.614 Y125.524 E473.70898
G1 X106.241 Y125.356 E473.73057
G1 X106.816 Y125.305 E473.74977
G1 X128.187 Y125.306 E474.46057
G1 X128.759 Y125.356 E474.47967
G1 X129.382 Y125.524 E474.50113
G1 X129.944 Y125.787 E474.52177
G1 X130.45 Y126.136 E474.54222
G1 X130.897 Y126.583 E474.56324
G1 X131.258 Y127.103 E474.5843
G1 X131.523 Y127.672 E474.60517
G1 X131.687 Y128.277 E474.62602
G1 X131.735 Y128.858 E474.64541
G1 X131.736 Y132.434 E474.76435
G1 X134.311 Y131.745 E474.85301
G1 X134.52 Y131.764 E474.85999
G1 X134.72 Y131.853 E474.86727
G1 X134.903 Y132.052 E474.87626
G1 X134.98 Y132.348 E474.88643
G1 X134.98 Y136.401 E475.02124
G1 F1546.4 X134.968 Y136.94 E475.03863
G1 X134.98 Y138.284 E475.08199
G1 F1500 X134.841 Y138.669 E475.09561
G1 X134.577 Y138.852 E475.10629
G1 X134.276 Y138.875 E475.11633
G1 X131.061 Y138.02 E475.22698
G1 X117.5 Y138.02 E475.67802
G1 F2700 E470.67802
G0 F9000 X117.5 Y139.856
G0 X117.5 Y140.056
G1 F2700 E475.67802
G1 F1500 X136.708 Y140.055 E476.31688
G1 X136.71 Y139.719 E476.32806
G1 F1515.2 X135.404 Y137.217 E476.42099
G1 F1562.5 X135.344 Y136.94 E476.43004
G1 F1546.4 X135.46 Y136.568 E476.44261
G1 F1500 X135.895 Y136.341 E476.45893
G1 X136.704 Y136.34 E476.48584
G1 X136.706 Y121.01 E476.99571
G1 X136.797 Y120.746 E477.005
G1 X136.93 Y120.597 E477.01164
G1 X137.16 Y120.476 E477.02029
G1 X138.285 Y120.403 E477.05779
G1 X139.244 Y120.211 E477.09031
G1 X140.162 Y119.9 E477.12255
G1 X141.043 Y119.467 E477.1552
G1 X141.853 Y118.923 E477.18765
G1 X142.59 Y118.278 E477.22023
G1 X143.234 Y117.542 E477.25276
G1 X143.779 Y116.727 E477.28537
G1 X144.212 Y115.848 E477.31796
G1 X144.527 Y114.932 E477.35017
G1 X144.715 Y113.97 E477.38278
G1 X144.778 Y112.992 E477.41537
G1 X144.715 Y112.014 E477.44797
G1 X144.527 Y111.052 E477.48057
G1 X144.212 Y110.135 E477.51282
G1 X143.779 Y109.253 E477.5455
G1 X143.235 Y108.443 E477.57795
G1 X142.59 Y107.706 E477.61052
G1 X141.853 Y107.062 E477.64308
G1 X141.043 Y106.517 E477.67555
G1 X140.162 Y106.084 E477.7082
G1 X139.244 Y105.773 E477.74044
G1 X138.284 Y105.581 E477.773
G1 X137.275 Y105.512 E477.80664
G1 X124.046 Y105.51 E478.24663
G1 X123.74 Y105.39 E478.25757
G1 X123.539 Y105.115 E478.2689
G1 X123.508 Y104.984 E478.27337
G1 X123.504 Y94.94 E478.60744
G1 X121.618 Y94.94 E478.67017
G1 X122.568 Y97.98 E478.7761
G1 X122.568 Y98.188 E478.78302
G1 X122.516 Y98.348 E478.78861
G1 X122.247 Y98.62 E478.80134
G1 X121.976 Y98.684 E478.8106
G1 X113.02 Y98.684 E479.10848
G1 X112.749 Y98.62 E479.11774
G1 X112.48 Y98.347 E479.13048
G1 X112.428 Y98.188 E479.13605
G1 X112.428 Y97.98 E479.14297
G1 X113.381 Y94.941 E479.2489
G1 X111.497 Y94.941 E479.31156
G1 X111.492 Y104.984 E479.64559
G1 X111.357 Y105.297 E479.65693
G1 X111.086 Y105.482 E479.66784
G1 X110.954 Y105.51 E479.67233
G1 X97.725 Y105.512 E480.11233
G1 X96.716 Y105.58 E480.14596
G1 X95.752 Y105.773 E480.17866
G1 X94.834 Y106.084 E480.2109
G1 X93.957 Y106.517 E480.24343
G1 X93.142 Y107.062 E480.27604
G1 X92.406 Y107.706 E480.30857
G1 X91.761 Y108.443 E480.34114
G1 X91.217 Y109.253 E480.3736
G1 X90.784 Y110.134 E480.40625
G1 X90.473 Y111.052 E480.43848
G1 X90.281 Y112.015 E480.47114
G1 X90.218 Y112.992 E480.50371
G1 X90.281 Y113.969 E480.53627
G1 X90.473 Y114.932 E480.56893
G1 X90.784 Y115.849 E480.60113
G1 X91.217 Y116.727 E480.63369
G1 X91.762 Y117.542 E480.6663
G1 X92.406 Y118.278 E480.69883
G1 X93.142 Y118.922 E480.73136
G1 X93.957 Y119.467 E480.76397
G1 X94.835 Y119.9 E480.79653
G1 X95.752 Y120.211 E480.82873
G1 X96.715 Y120.403 E480.86139
G1 X97.836 Y120.476 E480.89876
G1 X98.065 Y120.598 E480.90739
G1 X98.199 Y120.745 E480.914
G1 X98.29 Y121.01 E480.92332
G1 X98.292 Y136.34 E481.4332
G1 X99.104 Y136.341 E481.46021
G1 X99.54 Y136.566 E481.47653
G1 F1550.4 X99.655 Y136.94 E481.48912
G1 F1566.6 X99.595 Y137.217 E481.49814
G1 F1515.2 X98.286 Y139.718 E481.59109
G1 F1500 X98.289 Y140.056 E481.60234
G1 X117.5 Y140.056 E482.2413
G1 F2700 E477.2413
G0 F9000 X136.509 Y139.855
G0 X137.305 Y116.9
G0 X137.303 Y116.719
G1 F2700 E482.2413
G1 F1500 X136.654 Y116.659 E482.26297
G1 X136.026 Y116.491 E482.2846
G1 X135.439 Y116.214 E482.30618
G1 X134.92 Y115.852 E482.32723
G1 X134.452 Y115.386 E482.3492
G1 X134.095 Y114.877 E482.36987
G1 X133.803 Y114.265 E482.39243
G1 X133.635 Y113.632 E482.41421
G1 X133.58 Y112.995 E482.43548
G1 X133.634 Y112.347 E482.4571
G1 X133.802 Y111.712 E482.47895
G1 X134.079 Y111.125 E482.50054
G1 X134.451 Y110.591 E482.52218
G1 X134.907 Y110.135 E482.54363
G1 X135.441 Y109.763 E482.56528
G1 X136.032 Y109.485 E482.587
G1 X136.656 Y109.325 E482.60843
G1 X137.281 Y109.268 E482.6293
G1 X137.966 Y109.327 E482.65217
G1 X138.569 Y109.483 E482.67288
G1 X139.133 Y109.744 E482.69355
G1 X139.695 Y110.13 E482.71623
G1 X140.163 Y110.593 E482.73813
G1 X140.532 Y111.128 E482.75974
G1 X140.812 Y111.725 E482.78168
G1 X140.969 Y112.332 E482.80253
G1 X141.035 Y112.997 E482.82476
G1 X140.97 Y113.652 E482.84665
G1 X140.813 Y114.255 E482.86737
G1 X140.512 Y114.886 E482.89062
G1 X140.159 Y115.391 E482.91112
G1 X139.708 Y115.836 E482.93219
G1 X139.168 Y116.217 E482.95417
G1 X138.569 Y116.497 E482.97616
G1 X137.967 Y116.657 E482.99688
G1 X137.303 Y116.719 E483.01906
G0 F9000 X137.286 Y116.316
;TYPE:WALL-OUTER
G1 F1500 X136.708 Y116.262 E483.03837
G1 X136.184 Y116.122 E483.05641
G1 X135.642 Y115.869 E483.0763
G1 X135.181 Y115.549 E483.09497
G1 X134.758 Y115.129 E483.1148
G1 X134.428 Y114.655 E483.13401
G1 X134.179 Y114.129 E483.15336
G1 X134.028 Y113.554 E483.17313
G1 X133.98 Y112.974 E483.19249
G1 X134.034 Y112.396 E483.2118
G1 X134.174 Y111.868 E483.22997
G1 X134.435 Y111.313 E483.25037
G1 X134.747 Y110.865 E483.26852
G1 X135.181 Y110.431 E483.28894
G1 X135.629 Y110.119 E483.3071
G1 X136.185 Y109.858 E483.32752
G1 X136.742 Y109.716 E483.34664
G1 X137.322 Y109.668 E483.366
G1 X137.888 Y109.719 E483.3849
G1 X138.441 Y109.862 E483.4039
G1 X138.968 Y110.11 E483.42327
G1 X139.453 Y110.453 E483.44303
G1 X139.851 Y110.848 E483.46168
G1 X140.186 Y111.328 E483.48115
G1 X140.434 Y111.855 E483.50052
G1 X140.577 Y112.409 E483.51955
G1 X140.632 Y113.012 E483.53969
G1 X140.58 Y113.556 E483.55786
G1 X140.434 Y114.125 E483.5774
G1 X140.177 Y114.667 E483.59735
G1 X139.865 Y115.115 E483.61551
G1 X139.444 Y115.535 E483.63529
G1 X138.98 Y115.863 E483.65419
G1 X138.441 Y116.118 E483.67402
G1 X137.888 Y116.265 E483.69305
G1 X137.286 Y116.316 E483.71315
G1 F2700 E478.71315
G0 F9000 X137.259 Y116.625
G0 X136.622 Y116.837
G0 X130.028 Y125.626
G0 X117.5 Y137.62
G1 F2700 E483.71315
G1 F1500 X103.887 Y137.62 E484.16592
G1 X100.651 Y138.481 E484.27729
G1 X100.55 Y138.474 E484.28066
G1 X100.462 Y138.413 E484.28422
G1 X100.416 Y138.284 E484.28878
G1 X100.416 Y132.348 E484.48621
G1 X100.502 Y132.183 E484.4924
G1 X100.627 Y132.148 E484.49671
G1 X103.66 Y132.955 E484.6011
G1 X103.66 Y128.889 E484.73634
G1 X103.714 Y128.329 E484.75505
G1 X103.858 Y127.791 E484.77357
G1 X104.078 Y127.319 E484.79089
G1 X104.4 Y126.856 E484.80965
G1 X104.821 Y126.435 E484.82945
G1 X105.241 Y126.143 E484.84647
G1 X105.759 Y125.897 E484.86554
G1 X106.307 Y125.75 E484.88441
G1 X106.864 Y125.704 E484.903
G1 X128.153 Y125.704 E485.61108
G1 X128.693 Y125.75 E485.6291
G1 X129.237 Y125.897 E485.64784
G1 X129.754 Y126.143 E485.66689
G1 X130.206 Y126.458 E485.68521
G1 X130.601 Y126.857 E485.70388
G1 X130.918 Y127.319 E485.72252
G1 X131.15 Y127.823 E485.74097
G1 X131.286 Y128.327 E485.75834
G1 X131.336 Y128.891 E485.77717
G1 X131.336 Y132.955 E485.91234
G1 X134.369 Y132.148 E486.01673
G1 X134.494 Y132.183 E486.02104
G1 X134.58 Y132.348 E486.02723
G1 X134.58 Y138.284 E486.22466
G1 X134.534 Y138.413 E486.22922
G1 X134.446 Y138.474 E486.23278
G1 X134.328 Y138.478 E486.23671
G1 X131.113 Y137.62 E486.34738
G1 X117.5 Y137.62 E486.80015
G1 F2700 E481.80015
G0 F9000 X117.5 Y137.931
G0 X117.5 Y138.2
G0 X117.5 Y139.856
G0 X117.5 Y140.455
G1 F2700 E486.80015
G1 F1500 X136.996 Y140.455 E487.44859
G1 X137.108 Y140.344 E487.45384
G1 X137.111 Y139.621 E487.47788
G1 X135.721 Y136.971 E487.57741
G1 X135.774 Y136.816 E487.58286
G1 X135.919 Y136.74 E487.58831
G1 X137.104 Y136.74 E487.62772
G1 X137.104 Y121.048 E488.14964
G1 X137.135 Y120.96 E488.15274
G1 X137.232 Y120.872 E488.1571
G1 X138.337 Y120.801 E488.19392
G1 X139.348 Y120.598 E488.22822
G1 X140.315 Y120.27 E488.26218
G1 X141.243 Y119.814 E488.29657
G1 X142.097 Y119.241 E488.33078
G1 X142.874 Y118.562 E488.3651
G1 X143.552 Y117.786 E488.39937
G1 X144.126 Y116.927 E488.43373
G1 X144.582 Y116.002 E488.46804
G1 X144.914 Y115.036 E488.50201
G1 X145.113 Y114.022 E488.53638
G1 X145.179 Y112.992 E488.57071
G1 X145.113 Y111.962 E488.60504
G1 X144.914 Y110.948 E488.6394
G1 X144.582 Y109.981 E488.67341
G1 X144.126 Y109.053 E488.7078
G1 X143.553 Y108.199 E488.74201
G1 X142.874 Y107.422 E488.77633
G1 X142.097 Y106.744 E488.81062
G1 X141.243 Y106.17 E488.84485
G1 X140.315 Y105.714 E488.87924
G1 X139.348 Y105.386 E488.9132
G1 X138.337 Y105.183 E488.9475
G1 X137.289 Y105.112 E488.98243
G1 X124.069 Y105.11 E489.42213
G1 X123.967 Y105.059 E489.42593
G1 X123.904 Y104.93 E489.4307
G1 X123.904 Y94.54 E489.77627
G1 X121.073 Y94.54 E489.87043
G1 X122.174 Y98.049 E489.99275
G1 X122.156 Y98.172 E489.99689
G1 X122.046 Y98.284 E490.00211
G1 X112.95 Y98.284 E490.30464
G1 X112.84 Y98.172 E490.30987
G1 X112.822 Y98.049 E490.314
G1 X113.927 Y94.541 E490.43633
G1 X111.097 Y94.541 E490.53045
G1 X111.095 Y104.936 E490.87619
G1 X111.059 Y105.029 E490.87951
G1 X110.931 Y105.11 E490.88455
G1 X97.711 Y105.112 E491.32425
G1 X96.663 Y105.183 E491.35918
G1 X95.648 Y105.386 E491.39361
G1 X94.681 Y105.714 E491.42757
G1 X93.757 Y106.17 E491.46184
G1 X92.898 Y106.744 E491.49621
G1 X92.122 Y107.422 E491.53048
G1 X91.443 Y108.199 E491.5648
G1 X90.87 Y109.053 E491.59901
G1 X90.414 Y109.981 E491.6334
G1 X90.086 Y110.948 E491.66736
G1 X89.883 Y111.963 E491.70179
G1 X89.817 Y112.992 E491.73608
G1 X89.883 Y114.021 E491.77038
G1 X90.086 Y115.036 E491.8048
G1 X90.414 Y116.003 E491.83877
G1 X90.87 Y116.927 E491.87304
G1 X91.444 Y117.786 E491.9074
G1 X92.122 Y118.562 E491.94167
G1 X92.898 Y119.24 E491.97595
G1 X93.757 Y119.814 E492.01031
G1 X94.681 Y120.27 E492.04458
G1 X95.648 Y120.598 E492.07854
G1 X96.663 Y120.801 E492.11297
G1 X97.764 Y120.871 E492.14966
G1 X97.861 Y120.96 E492.15404
G1 X97.892 Y121.048 E492.15714
G1 X97.892 Y136.74 E492.67906
G1 X99.08 Y136.74 E492.71858
G1 X99.226 Y136.815 E492.72403
G1 X99.279 Y136.972 E492.72955
G1 X97.885 Y139.621 E492.82911
G1 X97.892 Y140.347 E492.85325
G1 X98.002 Y140.456 E492.85841
G1 X117.5 Y140.455 E493.50691
G1 F2700 E488.50691
G0 F9000 X117.5 Y140.149
G0 X98.487 Y139.856
G0 X97.691 Y116.9
G0 X97.674 Y116.316
G1 F2700 E493.50691
G1 F1500 X97.108 Y116.265 E493.52581
G1 X96.559 Y116.118 E493.54472
G1 X96.028 Y115.87 E493.56421
G1 X95.552 Y115.535 E493.58357
G1 X95.149 Y115.132 E493.60252
G1 X94.817 Y114.664 E493.62161
G1 X94.562 Y114.112 E493.64183
G1 X94.419 Y113.576 E493.66028
G1 X94.368 Y112.974 E493.68038
G1 X94.422 Y112.396 E493.69969
G1 X94.566 Y111.855 E493.71831
G1 X94.81 Y111.328 E493.73762
G1 X95.158 Y110.838 E493.75761
G1 X95.552 Y110.445 E493.77612
G1 X96.016 Y110.117 E493.79502
G1 X96.539 Y109.87 E493.81426
G1 X97.108 Y109.719 E493.83384
G1 X97.71 Y109.668 E493.85393
G1 X98.287 Y109.722 E493.87321
G1 X98.845 Y109.87 E493.89241
G1 X99.372 Y110.12 E493.91181
G1 X99.842 Y110.454 E493.93098
G1 X100.248 Y110.864 E493.95018
G1 X100.582 Y111.343 E493.9696
G1 X100.822 Y111.868 E493.9888
G1 X100.968 Y112.43 E494.00811
G1 X101.016 Y113.01 E494.02747
G1 X100.962 Y113.588 E494.04678
G1 X100.817 Y114.128 E494.06537
G1 X100.573 Y114.655 E494.08469
G1 X100.238 Y115.129 E494.10399
G1 X99.826 Y115.54 E494.12335
G1 X99.358 Y115.869 E494.14238
G1 X98.83 Y116.116 E494.16176
G1 X98.254 Y116.268 E494.18158
G1 X97.674 Y116.316 E494.20093
G1 F2700 E489.20093
G0 F9000 X97.647 Y116.625
G0 X98.916 Y116.354
G0 X99.482 Y116.09
G0 X99.991 Y115.732
G0 X100.433 Y115.292
G0 X100.791 Y114.781
G0 X101.054 Y114.216
G0 X101.215 Y113.614
G0 X101.26 Y113.111
G0 X101.078 Y111.034
G0 X101.077 Y105.711
G0 X111.967 Y97.929
;TYPE:SKIN
G1 F2700 E494.20093
G1 F1115.2 X111.938 Y97.825 E494.20576
G1 F1140.7 X111.897 Y96.781 E494.25146
G1 F1357.5 X111.856 Y95.737 E494.28986
G1 F1500 X111.856 Y95.301 E494.30436
G1 X112.887 Y95.301 E494.33865
G1 X112.707 Y95.869 E494.35847
G1 F1405.2 X112.337 Y96.899 E494.39733
G1 F1244.8 X111.967 Y97.93 E494.44123
G0 F9000 X111.962 Y98.269
G1 F967.7 X111.963 Y97.916 E494.45943
G0 F9000 X112.333 Y97.919
G0 X112.963 Y95.93
G0 X112.35 Y95.736
G1 F1271.2 X112.321 Y95.787 E494.46173
G1 X112.262 Y95.787 E494.46405
G1 X112.232 Y95.736 E494.46637
G1 X112.261 Y95.685 E494.46867
G1 X112.32 Y95.685 E494.47099
G1 X112.35 Y95.736 E494.47331
G0 F9000 X112.963 Y95.93
G0 X112.616 Y97.878
G0 X112.623 Y98.523
G0 X122.377 Y98.523
G0 X122.384 Y97.878
G0 X121.858 Y95.117
G0 X123.332 Y95.112
G0 X123.405 Y95.74
G0 X122.764 Y95.74
G1 F1250 X122.734 Y95.792 E494.47571
G1 X122.674 Y95.792 E494.4781
G1 X122.644 Y95.74 E494.4805
G1 X122.674 Y95.688 E494.48289
G1 X122.734 Y95.688 E494.48529
G1 X122.764 Y95.74 E494.48768
G0 F9000 X123.405 Y95.74
G0 X123.332 Y95.112
G0 X121.858 Y95.117
G0 X122.663 Y97.931
G0 X123.025 Y97.824
G1 F996.7 X122.778 Y97.173 E494.52254
G1 F1151.6 X122.531 Y96.523 E494.55266
G1 F1363.6 X122.284 Y95.872 E494.57813
G1 F1500 X122.105 Y95.3 E494.59807
G1 X123.144 Y95.3 E494.63263
G1 X123.145 Y95.74 E494.64726
G1 F1363.6 X123.105 Y96.435 E494.67273
G1 F1151.6 X123.065 Y97.13 E494.70289
G1 F996.7 X123.025 Y97.825 E494.73773
G0 F9000 X123.025 Y97.824
G1 F946.4 X123.033 Y97.916 E494.7426
G1 F958.5 X123.033 Y98.27 E494.76103
G1 F2700 E489.76103
G0 F9000 X122.664 Y98.208
G0 X121.858 Y95.117
G0 X123.332 Y95.112
G0 X123.666 Y105.353
G0 X136.551 Y105.344
G0 X137.269 Y105.712
G0 X137.312 Y109.085
G0 X137.288 Y117.08
G1 F2700 E494.76103
G1 F1500 X138.036 Y117.009 E494.78602
G1 X138.685 Y116.838 E494.80834
G1 X139.344 Y116.526 E494.83259
G1 X139.931 Y116.117 E494.85639
G1 X140.42 Y115.635 E494.87923
G1 X140.846 Y115.029 E494.90386
G1 X141.154 Y114.373 E494.92797
G1 X141.325 Y113.716 E494.95055
G1 X141.396 Y113.008 E494.97421
G1 X141.321 Y112.26 E494.99922
G1 X141.15 Y111.606 E495.0217
G1 X140.839 Y110.932 E495.04639
G1 X140.419 Y110.34 E495.07053
G1 X139.957 Y109.885 E495.0921
G1 X139.329 Y109.44 E495.1177
G1 X138.685 Y109.142 E495.1413
G1 X138.036 Y108.971 E495.16362
G1 X137.335 Y108.904 E495.18704
G1 X136.585 Y108.966 E495.21207
G1 X135.921 Y109.138 E495.23489
G1 X135.278 Y109.439 E495.2585
G1 X134.662 Y109.87 E495.28351
G1 X134.186 Y110.346 E495.3059
G1 X133.755 Y110.961 E495.33087
G1 X133.467 Y111.565 E495.35313
G1 X133.282 Y112.265 E495.37721
G1 X133.216 Y112.974 E495.40089
G1 X133.28 Y113.687 E495.4247
G1 X133.463 Y114.389 E495.44883
G1 X133.784 Y115.064 E495.47369
G1 X134.175 Y115.622 E495.49636
G1 X134.693 Y116.132 E495.52053
G1 X135.258 Y116.529 E495.5435
G1 X135.896 Y116.83 E495.56696
G1 X136.6 Y117.012 E495.59115
G1 X137.288 Y117.08 E495.61414
G1 F2700 E490.61414
G0 F9000 X137.312 Y116.821
G0 X137.111 Y120.279
G0 X135.567 Y139.21
G1 F2700 E495.61414
G1 F1063.8 X135.532 Y139.271 E495.61744
G1 X135.462 Y139.271 E495.62072
G1 X135.427 Y139.21 E495.62402
G1 X135.462 Y139.149 E495.62732
G1 X135.532 Y139.149 E495.6306
G1 X135.567 Y139.21 E495.6339
G1 F2700 E490.6339
G0 F9000 X136.169 Y138.897
G0 X135.543 Y137.164
G0 X135.553 Y136.503
G0 X135.918 Y136.492
G0 X135.882 Y136.141
G0 X135.842 Y135.479
G1 F2700 E495.6339
G1 F993.4 X135.842 Y132.311 E495.79301
G1 F2700 E490.79301
G0 F9000 X134.288 Y131.564
G0 X117.5 Y124.944
G1 F2700 E495.79301
G1 F1500 X106.84 Y124.944 E496.14756
G1 X106.182 Y124.998 E496.16952
G1 X105.495 Y125.182 E496.19317
G1 X104.865 Y125.475 E496.21628
G1 X104.325 Y125.851 E496.23817
G1 X103.834 Y126.338 E496.26117
G1 X103.431 Y126.914 E496.28455
G1 X103.142 Y127.523 E496.30697
G1 X102.962 Y128.201 E496.3303
G1 X102.9 Y128.821 E496.35103
G1 X102.9 Y131.963 E496.45553
G1 X100.711 Y131.384 E496.53084
G1 X100.39 Y131.411 E496.54155
G1 X100.064 Y131.553 E496.55338
G1 X99.775 Y131.873 E496.56772
G1 X99.662 Y132.301 E496.58245
G1 X99.656 Y136.24 E496.71346
G1 X99.154 Y135.98 E496.73226
G1 X98.652 Y135.977 E496.74896
G1 X98.646 Y120.962 E497.24836
G1 X98.504 Y120.557 E497.26263
G1 X98.292 Y120.312 E497.27341
G1 X97.925 Y120.119 E497.2872
G1 X96.759 Y120.045 E497.32606
G1 X95.84 Y119.858 E497.35725
G1 X94.973 Y119.566 E497.38768
G1 X94.137 Y119.154 E497.41868
G1 X93.358 Y118.632 E497.44987
G1 X92.662 Y118.026 E497.48056
G1 X92.048 Y117.318 E497.51173
G1 X91.53 Y116.543 E497.54274
G1 X91.113 Y115.707 E497.57381
G1 X90.822 Y114.844 E497.6041
G1 X90.639 Y113.921 E497.6354
G1 X90.577 Y112.988 E497.6665
G1 X90.639 Y112.059 E497.69746
G1 X90.822 Y111.14 E497.72863
G1 X91.114 Y110.277 E497.75893
G1 X91.53 Y109.433 E497.79023
G1 X92.047 Y108.663 E497.82108
G1 X92.662 Y107.962 E497.85209
G1 X93.363 Y107.347 E497.88311
G1 X94.137 Y106.83 E497.91407
G1 X94.973 Y106.414 E497.94512
G1 X95.837 Y106.122 E497.97546
G1 X96.759 Y105.935 E498.00675
G1 X97.747 Y105.872 E498.03968
G1 X111.008 Y105.865 E498.48074
G1 X111.309 Y105.775 E498.49119
G1 X111.557 Y105.612 E498.50106
G1 X111.799 Y105.245 E498.51568
G1 X111.847 Y105.022 E498.52327
G1 X111.854 Y98.693 E498.73377
G1 F1174.2 X111.962 Y98.269 E498.75236
G1 F1087 X112.103 Y98.487 E498.76428
G1 F1363.6 X112.19 Y98.554 E498.7683
G1 F1500 X112.578 Y98.942 E498.78655
G1 X112.976 Y99.039 E498.80017
G1 X122.015 Y99.039 E499.10081
G1 X122.418 Y98.942 E499.1146
G1 X122.802 Y98.558 E499.13266
G1 F1363.6 X122.888 Y98.489 E499.13669
G1 F1083 X123.033 Y98.27 E499.14879
G1 F1052.6 X123.146 Y98.662 E499.16813
G1 F1202.4 X123.148 Y100.257 E499.23431
G1 F1273.9 X123.149 Y101.852 E499.29677
G1 F1357.5 X123.151 Y103.447 E499.35539
G1 F1449.3 X123.152 Y105.042 E499.4103
G1 F1500 X123.271 Y105.391 E499.42256
G1 X123.454 Y105.62 E499.43231
G1 X123.717 Y105.789 E499.44271
G1 X123.997 Y105.866 E499.45237
G1 X137.249 Y105.872 E499.89313
G1 X138.233 Y105.935 E499.92593
G1 X139.155 Y106.122 E499.95722
G1 X140.019 Y106.414 E499.98755
G1 X140.859 Y106.83 E500.01873
G1 X141.638 Y107.352 E500.04992
G1 X142.33 Y107.954 E500.08042
G1 X142.944 Y108.658 E500.11149
G1 X143.462 Y109.432 E500.14247
G1 X143.874 Y110.273 E500.17362
G1 X144.174 Y111.145 E500.20429
G1 X144.357 Y112.055 E500.23516
G1 X144.415 Y112.988 E500.26625
G1 X144.357 Y113.925 E500.29748
G1 X144.174 Y114.835 E500.32835
G1 X143.874 Y115.707 E500.35902
G1 X143.466 Y116.543 E500.38996
G1 X142.944 Y117.318 E500.42104
G1 X142.334 Y118.022 E500.45202
G1 X141.629 Y118.636 E500.48312
G1 X140.859 Y119.154 E500.51398
G1 X140.019 Y119.566 E500.5451
G1 X139.155 Y119.858 E500.57543
G1 X138.237 Y120.045 E500.60659
G1 X137.066 Y120.119 E500.64562
G1 X136.703 Y120.318 E500.65939
G1 X136.488 Y120.556 E500.67006
G1 X136.346 Y120.962 E500.68436
G1 X136.344 Y135.977 E501.18376
G1 X135.836 Y135.98 E501.20066
G1 X135.341 Y136.241 E501.21927
G1 X135.334 Y132.301 E501.35032
G1 X135.221 Y131.867 E501.36523
G1 X134.928 Y131.554 E501.37949
G1 X134.606 Y131.411 E501.39121
G1 X134.27 Y131.381 E501.40243
G1 X132.096 Y131.963 E501.47728
G1 X132.092 Y128.823 E501.58172
G1 X132.044 Y128.235 E501.60134
G1 X131.862 Y127.551 E501.62489
G1 X131.568 Y126.912 E501.64828
G1 X131.158 Y126.334 E501.67185
G1 X130.698 Y125.874 E501.69349
G1 X130.126 Y125.475 E501.71668
G1 X129.472 Y125.173 E501.74064
G1 X128.823 Y124.998 E501.763
G1 X128.214 Y124.944 E501.78333
G1 X117.5 Y124.944 E502.13968
G1 F2700 E497.13968
G0 F9000 X117.499 Y125.204
G0 X106.264 Y125.505
G0 X105.681 Y125.661
G0 X105.135 Y125.916
G0 X104.644 Y126.261
G0 X104.218 Y126.685
G0 X103.873 Y127.178
G0 X103.618 Y127.724
G0 X103.463 Y128.305
G0 X103.412 Y128.885
G0 X103.427 Y132.65
G0 X100.789 Y131.931
G0 X100.179 Y131.942
G0 X100.179 Y138.694
G0 X100.789 Y138.705
G0 X103.325 Y138.028
G0 X117.5 Y138.2
G0 X117.5 Y139.856
G0 X117.5 Y139.694
G1 F2700 E502.13968
G1 F1500 X104.063 Y139.696 E502.5866
G1 F1456.3 X100.669 Y139.684 E502.70287
G1 F1376.1 X100.303 Y139.672 E502.71615
G1 F1415.1 X99.682 Y139.696 E502.73806
G1 F1500 X98.702 Y139.696 E502.77065
G1 X99.658 Y137.861 E502.83947
G1 X99.656 Y138.31 E502.85441
G1 X99.863 Y138.887 E502.87479
G1 F1456.3 X100.308 Y139.223 E502.8939
G1 F1392.1 X100.685 Y139.264 E502.90749
G1 F1432 X103.978 Y138.38 E503.02628
G1 F1500 X131.018 Y138.38 E503.92563
G1 F1432 X134.299 Y139.264 E504.04402
G1 F1392.1 X134.686 Y139.223 E504.05796
G1 F1456.3 X135.133 Y138.886 E504.07714
G1 F1500 X135.34 Y138.314 E504.09737
G1 X135.337 Y137.859 E504.11251
G1 X136.29 Y139.692 E504.18122
G1 X135.309 Y139.693 E504.21385
G1 F1415.1 X134.701 Y139.669 E504.2353
G1 F1376.1 X134.386 Y139.681 E504.24673
G1 F1456.3 X130.933 Y139.692 E504.36502
G1 F1500 X117.5 Y139.694 E504.81181
G1 F2700 E499.81181
G0 F9000 X117.5 Y139.956
G0 X99.563 Y139.856
G0 X99.563 Y139.213
G1 F2700 E504.81181
G1 F1060.1 X99.528 Y139.274 E504.81512
G1 X99.458 Y139.274 E504.81841
G1 X99.423 Y139.213 E504.82172
G1 X99.458 Y139.152 E504.82503
G1 X99.528 Y139.152 E504.82832
G1 X99.563 Y139.213 E504.83163
G1 F2700 E499.83163
G0 F9000 X99.154 Y135.479
G1 F2700 E504.83163
G1 F990.1 X99.152 Y132.321 E504.99076
G1 F2700 E499.99076
G0 F9000 X97.691 Y116.9
G0 X97.664 Y117.08
G1 F2700 E504.99076
G1 F1500 X98.388 Y117.012 E505.01495
G1 X99.106 Y116.825 E505.03963
G1 X99.742 Y116.521 E505.06307
G1 X100.291 Y116.141 E505.08528
G1 X100.818 Y115.617 E505.11
G1 X101.22 Y115.052 E505.13306
G1 X101.529 Y114.392 E505.1573
G1 X101.71 Y113.72 E505.18045
G1 X101.776 Y113.01 E505.20416
G1 X101.716 Y112.298 E505.22793
G1 X101.526 Y111.575 E505.25279
G1 X101.225 Y110.933 E505.27638
G1 X100.829 Y110.365 E505.29941
G1 X100.312 Y109.852 E505.32363
G1 X99.756 Y109.46 E505.34626
G1 X99.071 Y109.138 E505.37143
G1 X98.39 Y108.964 E505.39481
G1 X97.694 Y108.904 E505.41804
G1 X96.956 Y108.971 E505.44269
G1 X96.328 Y109.138 E505.4643
G1 X95.636 Y109.453 E505.48959
G1 X95.043 Y109.877 E505.51384
G1 X94.577 Y110.344 E505.53578
G1 X94.136 Y110.959 E505.56095
G1 X93.853 Y111.585 E505.5838
G1 X93.674 Y112.252 E505.60677
G1 X93.604 Y112.965 E505.6306
G1 X93.671 Y113.723 E505.65591
G1 X93.842 Y114.357 E505.67775
G1 X94.149 Y115.036 E505.70253
G1 X94.581 Y115.64 E505.72723
G1 X95.034 Y116.094 E505.74856
G1 X95.655 Y116.532 E505.77384
G1 X96.312 Y116.834 E505.79789
G1 X96.96 Y117.009 E505.82021
G1 X97.664 Y117.08 E505.84375
G1 F2700 E500.84375
G0 F9000 X97.689 Y116.82
G0 X95.905 Y116.09
G0 X95.396 Y115.732
G0 X94.954 Y115.292
G0 X94.596 Y114.781
G0 X94.333 Y114.216
G0 X94.172 Y113.614
G0 X94.116 Y112.993
G0 X94.172 Y112.372
G0 X94.333 Y111.77
G0 X94.546 Y111.313
G0 X95.735 Y109.605
G0 X94.249 Y106.596
G0 X94.524 Y106.86
G1 F2700 E505.84375
G1 F1500 X91.559 Y109.825 E505.98321
G0 F9000 X91.149 Y109.622
G0 X90.715 Y110.654
G0 X91.148 Y110.802
G1 F1500 X95.505 Y106.444 E506.18818
G0 F9000 X96.28 Y106.236
G1 F1500 X90.94 Y111.576 E506.43935
G0 F9000 X90.826 Y112.255
G1 F1500 X96.958 Y106.123 E506.72778
G0 F9000 X97.563 Y106.084
G1 F1500 X90.786 Y112.861 E507.04655
G0 F9000 X90.805 Y113.407
G1 F1500 X98.141 Y106.071 E507.39162
G0 F9000 X98.707 Y106.071
G1 F1500 X95.389 Y109.389 E507.54768
G0 F9000 X95.654 Y109.761
G0 X96.558 Y109.347
G0 X96.442 Y108.902
G1 F1500 X99.273 Y106.071 E507.68085
G0 F9000 X99.839 Y106.07
G1 F1500 X97.157 Y108.752 E507.807
G0 F9000 X97.762 Y108.713
G1 F1500 X100.405 Y106.07 E507.93132
G0 F9000 X100.971 Y106.07
G1 F1500 X98.281 Y108.759 E508.05782
G0 F9000 X98.757 Y108.85
G1 F1500 X101.537 Y106.07 E508.18859
G0 F9000 X102.103 Y106.07
G1 F1500 X99.194 Y108.978 E508.32539
G0 F9000 X99.581 Y109.157
G1 F1500 X102.668 Y106.07 E508.4706
G0 F9000 X103.235 Y106.069
G1 F1500 X99.947 Y109.357 E508.62525
G0 F9000 X100.281 Y109.588
G1 F1500 X103.8 Y106.069 E508.79078
G0 F9000 X104.366 Y106.069
G1 F1500 X100.588 Y109.847 E508.96848
G0 F9000 X100.874 Y110.126
G1 F1500 X104.933 Y106.068 E509.15938
G0 F9000 X105.498 Y106.068
G1 F1500 X101.123 Y110.444 E509.36519
G0 F9000 X101.358 Y110.774
G1 F1500 X106.065 Y106.067 E509.58659
G0 F9000 X106.63 Y106.067
G1 F1500 X101.547 Y111.151 E509.82571
G0 F9000 X101.727 Y111.537
G1 F1500 X107.196 Y106.067 E510.08297
G0 F9000 X107.762 Y106.067
G1 F1500 X101.841 Y111.988 E510.36148
G0 F9000 X101.93 Y112.465
G1 F1500 X108.328 Y106.067 E510.66242
G0 F9000 X108.894 Y106.067
G1 F1500 X101.972 Y112.989 E510.98801
G0 F9000 X101.923 Y113.603
G1 F1500 X109.46 Y106.066 E511.34253
G0 F9000 X110.026 Y106.066
G1 F1500 X101.749 Y114.343 E511.73185
G0 F9000 X101.307 Y114.225
G0 X100.746 Y115.275
G0 X101.118 Y115.539
G1 F1500 X110.592 Y106.066 E512.17746
G0 F9000 X111.21 Y106.014
G1 F1500 X97.342 Y119.881 E512.82974
G0 F9000 X97.874 Y119.915
G1 F1500 X118.545 Y99.244 E513.80204
G0 F9000 X119.111 Y99.244
G1 F1500 X98.276 Y120.079 E514.78206
G0 F9000 X98.582 Y120.338
G1 F1500 X119.676 Y99.244 E515.77426
G0 F9000 X120.242 Y99.244
G1 F1500 X98.772 Y120.714 E516.78414
G0 F9000 X98.844 Y121.208
G1 F1500 X120.808 Y99.244 E517.81726
G0 F9000 X121.373 Y99.244
G1 F1500 X98.844 Y121.774 E518.87698
G0 F9000 X98.844 Y122.339
G1 F1500 X121.939 Y99.244 E519.96329
G0 F9000 X122.66 Y99.089
G1 F1500 X98.844 Y122.904 E521.0835
G0 F9000 X98.845 Y123.469
G1 F1500 X122.944 Y99.37 E522.21705
G0 F9000 X122.661 Y99.088
G1 F1500 X122.944 Y98.805 E522.23036
G0 F9000 X122.664 Y98.178
G0 X121.858 Y95.117
G0 X123.332 Y95.112
G0 X123.407 Y99.935
G0 X122.945 Y99.935
G1 F1500 X98.845 Y124.035 E523.36395
G0 F9000 X98.846 Y124.6
G1 F1500 X122.945 Y100.5 E524.49751
G0 F9000 X122.945 Y101.066
G1 F1500 X98.846 Y125.166 E525.63108
G0 F9000 X98.846 Y125.731
G1 F1500 X122.946 Y101.631 E526.76467
G0 F9000 X122.947 Y102.196
G1 F1500 X98.846 Y126.296 E527.89828
G0 F9000 X98.847 Y126.861
G1 F1500 X122.947 Y102.761 E529.03187
G0 F9000 X122.947 Y103.327
G1 F1500 X98.847 Y127.427 E530.16546
G0 F9000 X98.848 Y127.992
G1 F1500 X122.948 Y103.892 E531.29905
G0 F9000 X122.949 Y104.457
G1 F1500 X98.848 Y128.558 E532.43269
G0 F9000 X98.849 Y129.123
G1 F1500 X122.949 Y105.022 E533.56631
G0 F9000 X123.083 Y105.454
G1 F1500 X98.849 Y129.688 E534.7062
G0 F9000 X98.849 Y130.253
G1 F1500 X123.326 Y105.777 E535.8575
G0 F9000 X123.679 Y105.99
G1 F1500 X98.849 Y130.819 E537.0254
G0 F9000 X98.85 Y131.384
G1 F1500 X103.112 Y127.122 E537.22587
G0 F9000 X102.815 Y127.984
G1 F1500 X98.864 Y131.936 E537.41174
G0 F9000 X99.315 Y132.05
G1 F1500 X99.654 Y131.711 E537.42768
G0 F9000 X100.005 Y131.361
G1 F1500 X102.715 Y128.65 E537.55518
G0 F9000 X102.7 Y129.231
G1 F1500 X100.75 Y131.181 E537.6469
G0 F9000 X101.196 Y131.301
G1 F1500 X102.7 Y129.797 E537.71764
G0 F9000 X102.7 Y130.362
G1 F1500 X101.642 Y131.42 E537.76741
G0 F9000 X102.089 Y131.54
G1 F1500 X102.7 Y130.928 E537.79617
G0 F9000 X102.7 Y131.494
G1 F1500 X102.535 Y131.659 E537.80393
G0 F9000 X102.416 Y132.103
G0 X103.084 Y132.204
G0 X103.463 Y128.305
G0 X103.618 Y127.724
G0 X103.873 Y127.178
G0 X104.068 Y126.898
G0 X105.265 Y125.577
G0 X105.072 Y125.162
G1 F1500 X124.167 Y106.067 E538.7021
G0 F9000 X124.732 Y106.067
G1 F1500 X105.944 Y124.855 E539.58583
G0 F9000 X106.603 Y124.763
G1 F1500 X125.298 Y106.067 E540.46521
G0 F9000 X125.864 Y106.067
G1 F1500 X107.187 Y124.744 E541.34372
G0 F9000 X107.752 Y124.744
G1 F1500 X126.429 Y106.068 E542.22221
G0 F9000 X126.994 Y106.068
G1 F1500 X108.318 Y124.744 E543.10067
G0 F9000 X108.884 Y124.744
G1 F1500 X127.56 Y106.068 E543.97913
G0 F9000 X128.125 Y106.069
G1 F1500 X109.45 Y124.744 E544.85754
G0 F9000 X110.015 Y124.744
G1 F1500 X128.691 Y106.069 E545.73598
G0 F9000 X129.256 Y106.069
G1 F1500 X110.581 Y124.744 E546.6144
G0 F9000 X111.147 Y124.744
G1 F1500 X129.821 Y106.07 E547.49277
G0 F9000 X130.387 Y106.07
G1 F1500 X111.712 Y124.744 E548.37116
G0 F9000 X112.278 Y124.744
G1 F1500 X130.953 Y106.07 E549.24955
G0 F9000 X131.518 Y106.07
G1 F1500 X112.844 Y124.744 E550.12792
G0 F9000 X113.409 Y124.744
G1 F1500 X132.083 Y106.07 E551.00628
G0 F9000 X132.649 Y106.07
G1 F1500 X113.975 Y124.744 E551.88465
G0 F9000 X114.541 Y124.744
G1 F1500 X133.215 Y106.07 E552.76302
G0 F9000 X133.78 Y106.071
G1 F1500 X115.106 Y124.744 E553.64136
G0 F9000 X115.672 Y124.744
G1 F1500 X134.345 Y106.071 E554.51968
G0 F9000 X134.911 Y106.071
G1 F1500 X116.238 Y124.744 E555.398
G0 F9000 X116.803 Y124.744
G1 F1500 X135.476 Y106.072 E556.2763
G0 F9000 X136.042 Y106.072
G1 F1500 X117.369 Y124.744 E557.1546
G0 F9000 X117.934 Y124.745
G1 F1500 X136.607 Y106.072 E558.03292
G0 F9000 X137.173 Y106.072
G1 F1500 X118.5 Y124.745 E558.91124
G0 F9000 X119.065 Y124.745
G1 F1500 X137.708 Y106.102 E559.78815
G0 F9000 X138.237 Y106.14
G1 F1500 X134.955 Y109.421 E559.9425
G0 F9000 X135.216 Y109.798
G0 X136.157 Y109.348
G0 X136.041 Y108.901
G1 F1500 X138.707 Y106.234 E560.06793
G0 F9000 X139.171 Y106.337
G1 F1500 X136.756 Y108.752 E560.18152
G0 F9000 X137.363 Y108.711
G1 F1500 X139.593 Y106.48 E560.28644
G0 F9000 X140.008 Y106.631
G1 F1500 X137.881 Y108.758 E560.38648
G0 F9000 X138.356 Y108.848
G1 F1500 X140.386 Y106.818 E560.48197
G0 F9000 X140.764 Y107.006
G1 F1500 X138.796 Y108.974 E560.57454
G0 F9000 X139.183 Y109.153
G1 F1500 X141.102 Y107.233 E560.66482
G0 F9000 X141.441 Y107.46
G1 F1500 X139.549 Y109.353 E560.75384
G0 F9000 X139.882 Y109.585
G1 F1500 X141.752 Y107.716 E560.84178
G0 F9000 X142.054 Y107.979
G1 F1500 X140.192 Y109.841 E560.92936
G0 F9000 X140.478 Y110.121
G1 F1500 X142.334 Y108.264 E561.01668
G0 F9000 X142.598 Y108.566
G1 F1500 X140.729 Y110.435 E561.1046
G0 F9000 X140.962 Y110.768
G1 F1500 X142.85 Y108.88 E561.1934
G0 F9000 X143.077 Y109.218
G1 F1500 X141.156 Y111.14 E561.28378
G0 F9000 X141.333 Y111.528
G1 F1500 X143.302 Y109.56 E561.37638
G0 F9000 X143.488 Y109.94
G1 F1500 X141.452 Y111.975 E561.47212
G0 F9000 X141.542 Y112.451
G1 F1500 X143.673 Y110.319 E561.57238
G0 F9000 X143.822 Y110.736
G1 F1500 X141.596 Y112.962 E561.67708
G0 F9000 X141.537 Y113.587
G1 F1500 X143.967 Y111.157 E561.79138
G0 F9000 X144.066 Y111.624
G1 F1500 X141.376 Y114.314 E561.91791
G0 F9000 X140.932 Y114.197
G0 X140.396 Y115.224
G0 X140.768 Y115.488
G1 F1500 X144.159 Y112.097 E562.07741
G0 F9000 X144.192 Y112.629
G1 F1500 X136.771 Y120.05 E562.42647
G0 F9000 X136.275 Y120.546
G1 F1500 X130.96 Y125.861 E562.67648
G0 F9000 X131.243 Y126.144
G1 F1500 X136.148 Y121.238 E562.90722
G0 F9000 X136.148 Y121.804
G1 F1500 X131.494 Y126.458 E563.12613
G0 F9000 X131.728 Y126.79
G1 F1500 X136.148 Y122.37 E563.33403
G0 F9000 X136.148 Y122.936
G1 F1500 X131.907 Y127.177 E563.53351
G0 F9000 X132.076 Y127.574
G1 F1500 X136.148 Y123.502 E563.72505
G0 F9000 X136.148 Y124.068
G1 F1500 X132.192 Y128.023 E563.9111
G0 F9000 X132.267 Y128.514
G1 F1500 X136.147 Y124.634 E564.0936
G0 F9000 X136.147 Y125.2
G1 F1500 X132.292 Y129.055 E564.27493
G0 F9000 X132.293 Y129.62
G1 F1500 X136.147 Y125.765 E564.45624
G0 F9000 X136.147 Y126.331
G1 F1500 X132.293 Y130.185 E564.63752
G0 F9000 X132.295 Y130.749
G1 F1500 X136.146 Y126.897 E564.81868
G0 F9000 X136.146 Y127.463
G1 F1500 X132.295 Y131.314 E564.99982
G0 F9000 X132.537 Y131.639
G1 F1500 X136.146 Y128.029 E565.1696
G0 F9000 X136.146 Y128.595
G1 F1500 X133.309 Y131.431 E565.30302
G0 F9000 X134.082 Y131.224
G1 F1500 X136.146 Y129.161 E565.40008
G0 F9000 X136.146 Y129.727
G1 F1500 X134.657 Y131.215 E565.47009
G0 F9000 X135.049 Y131.389
G1 F1500 X136.145 Y130.293 E565.52165
G0 F9000 X136.145 Y130.859
G1 F1500 X135.323 Y131.681 E565.56031
G0 F9000 X135.525 Y132.044
G1 F1500 X136.145 Y131.424 E565.58947
G1 F2700 E560.58947
G0 F9000 X136.604 Y131.425
G0 X136.526 Y125.98
G0 X131.04 Y126.471
G0 X130.657 Y125.598
G1 F2700 E565.58947
G1 F1500 X139.818 Y116.437 E566.02038
G0 F9000 X139.556 Y116.065
G0 X138.517 Y116.615
G0 X138.633 Y117.057
G1 F1500 X130.323 Y125.367 E566.41126
G0 F9000 X129.948 Y125.176
G1 F1500 X137.902 Y117.222 E566.78539
G0 F9000 X137.283 Y117.275
G1 F1500 X129.561 Y124.997 E567.14861
G0 F9000 X129.121 Y124.872
G1 F1500 X136.767 Y117.226 E567.50825
G0 F9000 X136.288 Y117.139
G1 F1500 X128.645 Y124.782 E567.86775
G0 F9000 X128.116 Y124.745
G1 F1500 X135.842 Y117.02 E568.23114
G0 F9000 X135.454 Y116.842
G1 F1500 X127.551 Y124.745 E568.60287
G0 F9000 X126.985 Y124.745
G1 F1500 X135.082 Y116.648 E568.98373
G0 F9000 X134.751 Y116.414
G1 F1500 X126.419 Y124.745 E569.37562
G0 F9000 X125.854 Y124.745
G1 F1500 X134.438 Y116.161 E569.77938
G0 F9000 X134.154 Y115.879
G1 F1500 X125.288 Y124.745 E570.19641
G0 F9000 X124.722 Y124.745
G1 F1500 X133.896 Y115.571 E570.62793
G0 F9000 X133.662 Y115.239
G1 F1500 X124.157 Y124.745 E571.07504
G0 F9000 X123.591 Y124.745
G1 F1500 X133.469 Y114.867 E571.53967
G0 F9000 X133.288 Y114.483
G1 F1500 X123.025 Y124.745 E572.02239
G0 F9000 X122.46 Y124.745
G1 F1500 X133.165 Y114.039 E572.52594
G0 F9000 X133.069 Y113.57
G1 F1500 X121.894 Y124.745 E573.05158
G0 F9000 X121.328 Y124.745
G1 F1500 X133.019 Y113.054 E573.60149
G0 F9000 X133.066 Y112.441
G1 F1500 X120.763 Y124.745 E574.1802
G0 F9000 X120.197 Y124.745
G1 F1500 X133.215 Y111.727 E574.79253
G0 F9000 X133.661 Y111.845
G0 X134.112 Y110.902
G0 X133.737 Y110.64
G1 F1500 X119.631 Y124.745 E575.45601
G1 F2700 E570.45601
G0 F9000 X119.63 Y125.205
G0 X128.736 Y125.505
G0 X129.319 Y125.661
G0 X129.865 Y125.916
G0 X130.356 Y126.261
G0 X130.782 Y126.685
G0 X131.127 Y127.178
G0 X131.382 Y127.724
G0 X131.537 Y128.305
G0 X131.588 Y128.885
G0 X131.573 Y132.65
G0 X134.211 Y131.931
G0 X134.821 Y131.942
G0 X134.821 Y138.694
G0 X134.211 Y138.705
G0 X132.436 Y138.231
G0 X119.372 Y138.12
G0 X119.372 Y138.58
G1 F2700 E575.45601
G1 F1500 X118.459 Y139.494 E575.49898
G0 F9000 X119.024 Y139.494
G1 F1500 X119.938 Y138.58 E575.54197
G0 F9000 X120.504 Y138.58
G1 F1500 X119.59 Y139.494 E575.58496
G0 F9000 X120.156 Y139.494
G1 F1500 X121.069 Y138.58 E575.62793
G0 F9000 X121.635 Y138.58
G1 F1500 X120.722 Y139.494 E575.6709
G0 F9000 X121.287 Y139.494
G1 F1500 X122.201 Y138.58 E575.71389
G0 F9000 X122.766 Y138.58
G1 F1500 X121.853 Y139.494 E575.75686
G0 F9000 X122.419 Y139.493
G1 F1500 X123.332 Y138.58 E575.7998
G0 F9000 X123.898 Y138.58
G1 F1500 X122.985 Y139.493 E575.84275
G0 F9000 X123.551 Y139.493
G1 F1500 X124.464 Y138.58 E575.88569
G0 F9000 X125.029 Y138.58
G1 F1500 X124.116 Y139.493 E575.92864
G0 F9000 X124.682 Y139.493
G1 F1500 X125.595 Y138.58 E575.97158
G0 F9000 X126.161 Y138.58
G1 F1500 X125.248 Y139.493 E576.01453
G0 F9000 X125.813 Y139.493
G1 F1500 X126.726 Y138.58 E576.05747
G0 F9000 X127.292 Y138.58
G1 F1500 X126.379 Y139.493 E576.10042
G0 F9000 X126.945 Y139.492
G1 F1500 X127.858 Y138.58 E576.14334
G0 F9000 X128.423 Y138.58
G1 F1500 X127.511 Y139.492 E576.18624
G0 F9000 X128.077 Y139.492
G1 F1500 X128.989 Y138.58 E576.22913
G0 F9000 X129.555 Y138.58
G1 F1500 X128.643 Y139.492 E576.27203
G0 F9000 X129.208 Y139.492
G1 F1500 X130.12 Y138.58 E576.31493
G0 F9000 X130.686 Y138.58
G1 F1500 X129.774 Y139.492 E576.35783
G0 F9000 X130.34 Y139.492
G1 F1500 X131.197 Y138.635 E576.39814
G0 F9000 X131.64 Y138.758
G1 F1500 X130.905 Y139.492 E576.43269
G0 F9000 X131.476 Y139.487
G1 F1500 X132.084 Y138.879 E576.46128
G0 F9000 X132.528 Y139.001
G1 F1500 X132.047 Y139.482 E576.48391
G0 F9000 X132.618 Y139.477
G1 F1500 X132.972 Y139.123 E576.50056
G0 F9000 X133.189 Y139.472
G1 F1500 X133.416 Y139.244 E576.51126
G0 F9000 X133.759 Y139.467
G1 F1500 X133.86 Y139.366 E576.51601
G0 F9000 X134.322 Y138.992
G0 X131.04 Y138.181
G0 X118.807 Y138.12
G0 X118.807 Y138.58
G1 F1500 X117.893 Y139.494 E576.559
G0 F9000 X117.327 Y139.494
G1 F1500 X118.241 Y138.58 E576.602
G0 F9000 X117.675 Y138.58
G1 F1500 X116.761 Y139.494 E576.64499
G0 F9000 X116.195 Y139.494
G1 F1500 X117.11 Y138.58 E576.688
G0 F9000 X116.544 Y138.58
G1 F1500 X115.63 Y139.494 E576.73099
G0 F9000 X115.064 Y139.494
G1 F1500 X115.978 Y138.58 E576.77399
G0 F9000 X115.413 Y138.58
G1 F1500 X114.498 Y139.494 E576.817
G0 F9000 X113.933 Y139.494
G1 F1500 X114.847 Y138.58 E576.85999
G0 F9000 X114.281 Y138.58
G1 F1500 X113.367 Y139.494 E576.90298
G0 F9000 X112.801 Y139.495
G1 F1500 X113.715 Y138.58 E576.946
G0 F9000 X113.15 Y138.58
G1 F1500 X112.235 Y139.495 E576.98904
G0 F9000 X111.669 Y139.495
G1 F1500 X112.584 Y138.58 E577.03208
G0 F9000 X112.018 Y138.58
G1 F1500 X111.103 Y139.495 E577.07512
G0 F9000 X110.538 Y139.495
G1 F1500 X111.453 Y138.58 E577.11816
G0 F9000 X110.887 Y138.58
G1 F1500 X109.972 Y139.495 E577.16119
G0 F9000 X109.406 Y139.495
G1 F1500 X110.321 Y138.58 E577.20423
G0 F9000 X109.756 Y138.58
G1 F1500 X108.841 Y139.495 E577.24727
G0 F9000 X108.274 Y139.496
G1 F1500 X109.19 Y138.58 E577.29036
G0 F9000 X108.624 Y138.58
G1 F1500 X107.709 Y139.496 E577.33342
G0 F9000 X107.143 Y139.496
G1 F1500 X108.059 Y138.58 E577.37651
G0 F9000 X107.493 Y138.58
G1 F1500 X106.577 Y139.496 E577.41959
G0 F9000 X106.012 Y139.496
G1 F1500 X106.927 Y138.58 E577.46265
G0 F9000 X106.362 Y138.58
G1 F1500 X105.446 Y139.496 E577.50574
G0 F9000 X104.88 Y139.496
G1 F1500 X105.796 Y138.58 E577.54883
G0 F9000 X105.23 Y138.58
G1 F1500 X104.315 Y139.496 E577.59189
G0 F9000 X103.751 Y139.494
G1 F1500 X104.665 Y138.58 E577.63488
G0 F9000 X104.099 Y138.58
G1 F1500 X103.189 Y139.49 E577.67768
G0 F9000 X102.627 Y139.486
G1 F1500 X103.358 Y138.756 E577.71204
G0 F9000 X102.581 Y138.967
G1 F1500 X102.066 Y139.482 E577.73627
G0 F9000 X101.804 Y139.178
G1 F1500 X101.504 Y139.478 E577.75038
G0 F9000 X101.026 Y139.39
G1 F1500 X100.942 Y139.474 E577.75433
G1 F2700 E572.75433
G0 F9000 X100.676 Y138.993
G0 X100.207 Y131.97
G0 X98.491 Y131.97
G0 X96.809 Y119.848
G1 F2700 E577.75433
G1 F1500 X100.244 Y116.413 E577.9159
G0 F9000 X99.983 Y116.04
G0 X98.93 Y116.605
G0 X99.047 Y117.045
G1 F1500 X96.336 Y119.756 E578.04342
G0 F9000 X95.869 Y119.657
G1 F1500 X98.308 Y117.218 E578.15814
G0 F9000 X97.683 Y117.277
G1 F1500 X95.445 Y119.515 E578.26341
G0 F9000 X95.025 Y119.37
G1 F1500 X97.166 Y117.229 E578.36412
G0 F9000 X96.687 Y117.142
G1 F1500 X94.646 Y119.183 E578.46012
G0 F9000 X94.268 Y118.995
G1 F1500 X96.242 Y117.021 E578.55297
G0 F9000 X95.858 Y116.84
G1 F1500 X93.926 Y118.772 E578.64385
G0 F9000 X93.587 Y118.545
G1 F1500 X95.478 Y116.654 E578.73279
G0 F9000 X95.147 Y116.419
G1 F1500 X93.273 Y118.293 E578.82094
G0 F9000 X92.971 Y118.03
G1 F1500 X94.83 Y116.171 E578.90838
G0 F9000 X94.547 Y115.888
G1 F1500 X92.687 Y117.748 E578.99587
G0 F9000 X92.424 Y117.445
G1 F1500 X94.293 Y115.577 E579.08376
G0 F9000 X94.058 Y115.246
G1 F1500 X92.167 Y117.136 E579.17268
G0 F9000 X91.941 Y116.797
G1 F1500 X93.858 Y114.88 E579.26285
G0 F9000 X93.683 Y114.489
G1 F1500 X91.715 Y116.458 E579.35544
G0 F9000 X91.524 Y116.082
G1 F1500 X93.553 Y114.053 E579.45088
G0 F9000 X93.457 Y113.584
G1 F1500 X91.336 Y115.705 E579.55065
G0 F9000 X91.184 Y115.291
G1 F1500 X93.409 Y113.066 E579.6553
G0 F9000 X93.454 Y112.455
G1 F1500 X91.042 Y114.867 E579.76876
G0 F9000 X90.94 Y114.404
G1 F1500 X93.608 Y111.736 E579.89425
G0 F9000 X94.05 Y111.854
G0 X94.438 Y110.986
G0 X94.062 Y110.716
G1 F1500 X90.846 Y113.933 E580.04555
G0 F9000 X90.394 Y114.022
G0 X90.378 Y112.992
G0 X90.441 Y112.036
G0 X90.629 Y111.094
G0 X90.934 Y110.196
G0 X91.357 Y109.334
G0 X91.889 Y108.541
G0 X92.52 Y107.82
G0 X93.24 Y107.19
G0 X94.037 Y106.657
G0 X94.896 Y106.233
G0 X95.794 Y105.929
G0 X96.737 Y105.74
G0 X97.73 Y105.673
G0 X111.334 Y105.353
G0 X111.563 Y105.119
G0 X112.001 Y105.222
G1 F1500 X117.979 Y99.244 E580.32673
G0 F9000 X117.414 Y99.244
G1 F1500 X112.047 Y104.611 E580.57918
G0 F9000 X112.047 Y104.044
G1 F1500 X116.848 Y99.244 E580.80498
G0 F9000 X116.282 Y99.244
G1 F1500 X112.048 Y103.478 E581.00414
G0 F9000 X112.049 Y102.912
G1 F1500 X115.717 Y99.244 E581.17667
G0 F9000 X115.151 Y99.244
G1 F1500 X112.05 Y102.345 E581.32253
G0 F9000 X112.05 Y101.779
G1 F1500 X114.585 Y99.244 E581.44177
G0 F9000 X114.02 Y99.244
G1 F1500 X112.051 Y101.212 E581.53436
G0 F9000 X112.052 Y100.646
G1 F1500 X113.454 Y99.244 E581.6003
G0 F9000 X112.905 Y99.227
G1 F1500 X112.052 Y100.08 E581.64043
G0 F9000 X112.053 Y99.513
G1 F1500 X112.477 Y99.089 E581.66037
G0 F9000 X112.176 Y98.825
G1 F1500 X112.054 Y98.947 E581.66611
G1 F2700 E576.66611
G0 F9000 X112.331 Y98.19
G0 X112.623 Y98.523
G0 X122.318 Y98.765
G0 X122.724 Y97.922
G0 X121.858 Y95.117
G0 X123.332 Y95.112
G0 X123.584 Y105.469
G0 X137.27 Y105.673
G0 X138.262 Y105.74
G0 X139.202 Y105.929
G0 X140.1 Y106.234
G0 X140.962 Y106.657
G0 X141.755 Y107.19
G0 X142.477 Y107.819
G0 X143.107 Y108.541
G0 X143.639 Y109.334
G0 X144.063 Y110.197
G0 X144.371 Y111.094
G0 X144.556 Y112.034
G0 X144.618 Y112.992
G0 X144.555 Y113.949
G0 X144.371 Y114.89
G0 X144.063 Y115.786
G0 X143.639 Y116.645
G0 X143.106 Y117.444
G0 X142.476 Y118.164
G0 X141.755 Y118.795
G0 X140.962 Y119.327
G0 X140.1 Y119.751
G0 X139.373 Y119.998
G0 X137.524 Y120.352
G0 X137.495 Y119.891
G1 F2700 E581.66611
G1 F1500 X144.202 Y113.184 E581.98159
G0 F9000 X144.164 Y113.788
G1 F1500 X138.099 Y119.853 E582.26687
G0 F9000 X138.789 Y119.729
G1 F1500 X144.042 Y114.476 E582.51395
G0 F9000 X143.812 Y115.272
G1 F1500 X139.58 Y119.504 E582.71301
G0 F9000 X139.727 Y119.941
G0 X140.787 Y119.48
G0 X140.583 Y119.066
G1 F1500 X143.373 Y116.277 E582.84422
G1 F2700 E577.84422
;MESH:NONMESH
G0 F300 X143.373 Y116.277 Z1
G0 F9000 X143.787 Y116.482
G0 X143.075 Y117.42
G0 X99.653 Y116.368
G0 X97.69 Y116.719
;TIME_ELAPSED:982.552445
;LAYER:4
;TYPE:WALL-INNER
;MESH:FT05-Frame Part B.stl
G1 F2700 E582.84422
G1 F1500 X97.03 Y116.657 E582.86627
G1 X96.431 Y116.497 E582.88689
G1 X95.862 Y116.235 E582.90772
G1 X95.297 Y115.847 E582.93052
G1 X94.848 Y115.395 E582.95171
G1 X94.46 Y114.851 E582.97394
G1 X94.187 Y114.253 E582.9958
G1 X94.027 Y113.654 E583.01642
G1 X93.965 Y112.992 E583.03854
G1 X94.023 Y112.339 E583.06034
G1 X94.187 Y111.727 E583.08141
G1 X94.462 Y111.125 E583.10343
G1 X94.841 Y110.589 E583.12526
G1 X95.288 Y110.144 E583.14624
G1 X95.828 Y109.763 E583.16822
G1 X96.431 Y109.483 E583.19033
G1 X97.03 Y109.327 E583.21092
G1 X97.715 Y109.268 E583.23379
G1 X98.338 Y109.322 E583.25459
G1 X98.967 Y109.486 E583.27621
G1 X99.558 Y109.762 E583.2979
G1 X100.092 Y110.138 E583.31962
G1 X100.544 Y110.59 E583.34088
G1 X100.923 Y111.127 E583.36274
G1 X101.193 Y111.711 E583.38414
G1 X101.362 Y112.347 E583.40603
G1 X101.416 Y112.995 E583.42766
G1 X101.359 Y113.643 E583.44929
G1 X101.193 Y114.263 E583.47064
G1 X100.917 Y114.859 E583.49249
G1 X100.544 Y115.386 E583.51396
G1 X100.077 Y115.852 E583.5359
G1 X99.561 Y116.213 E583.55685
G1 X98.969 Y116.494 E583.57864
G1 X98.342 Y116.659 E583.60021
G1 X97.69 Y116.719 E583.62199
G1 F2700 E578.62199
G0 F9000 X97.663 Y117.028
G0 X100.179 Y131.942
G0 X100.179 Y138.694
G0 X117.5 Y138.331
G0 X117.5 Y138.02
G1 F2700 E583.62199
G1 F1500 X103.939 Y138.02 E584.07303
G1 X100.72 Y138.875 E584.1838
G1 X100.419 Y138.852 E584.19384
G1 X100.155 Y138.669 E584.20453
G1 X100.016 Y138.284 E584.21814
G1 F1550.4 X100.029 Y136.94 E584.26139
G1 X100.016 Y136.401 E584.27874
G1 F1500 X100.016 Y132.348 E584.41355
G1 X100.093 Y132.052 E584.42372
G1 X100.276 Y131.853 E584.43271
G1 X100.477 Y131.764 E584.44002
G1 X100.685 Y131.745 E584.44697
G1 X103.26 Y132.434 E584.53563
G1 X103.262 Y128.853 E584.65473
G1 X103.315 Y128.274 E584.67407
G1 X103.473 Y127.672 E584.69477
G1 X103.739 Y127.101 E584.71572
G1 X104.104 Y126.582 E584.73682
G1 X104.547 Y126.139 E584.75766
G1 X105.054 Y125.787 E584.77819
G1 X105.614 Y125.524 E584.79877
G1 X106.241 Y125.356 E584.82036
G1 X106.816 Y125.305 E584.83956
G1 X128.187 Y125.306 E585.55036
G1 X128.759 Y125.356 E585.56946
G1 X129.382 Y125.524 E585.59092
G1 X129.944 Y125.787 E585.61156
G1 X130.45 Y126.136 E585.632
G1 X130.897 Y126.583 E585.65303
G1 X131.258 Y127.103 E585.67408
G1 X131.523 Y127.672 E585.69496
G1 X131.687 Y128.277 E585.71581
G1 X131.735 Y128.858 E585.7352
G1 X131.736 Y132.434 E585.85413
G1 X134.311 Y131.745 E585.94279
G1 X134.52 Y131.764 E585.94977
G1 X134.72 Y131.853 E585.95705
G1 X134.903 Y132.052 E585.96604
G1 X134.98 Y132.348 E585.97622
G1 X134.98 Y136.401 E586.11102
G1 F1546.4 X134.968 Y136.94 E586.12841
G1 X134.98 Y138.284 E586.17178
G1 F1500 X134.841 Y138.669 E586.18539
G1 X134.577 Y138.852 E586.19608
G1 X134.276 Y138.875 E586.20612
G1 X131.061 Y138.02 E586.31676
G1 X117.5 Y138.02 E586.7678
G0 F9000 X117.5 Y138.331
G0 X117.5 Y139.749
G0 X117.5 Y140.056
G1 F1500 X136.708 Y140.055 E587.40666
G1 X136.71 Y139.719 E587.41784
G1 F1515.2 X135.404 Y137.217 E587.51077
G1 F1562.5 X135.344 Y136.94 E587.51982
G1 F1546.4 X135.46 Y136.568 E587.53239
G1 F1500 X135.895 Y136.341 E587.54871
G1 X136.704 Y136.34 E587.57562
G1 X136.706 Y121.01 E588.0855
G1 X136.797 Y120.746 E588.09479
G1 X136.93 Y120.597 E588.10143
G1 X137.16 Y120.476 E588.11007
G1 X138.285 Y120.403 E588.14757
G1 X139.244 Y120.211 E588.1801
G1 X140.162 Y119.9 E588.21234
G1 X141.043 Y119.467 E588.24499
G1 X141.853 Y118.923 E588.27744
G1 X142.59 Y118.278 E588.31001
G1 X143.234 Y117.542 E588.34254
G1 X143.779 Y116.727 E588.37515
G1 X144.212 Y115.848 E588.40774
G1 X144.527 Y114.932 E588.43996
G1 X144.715 Y113.97 E588.47256
G1 X144.778 Y112.992 E588.50516
G1 X144.715 Y112.014 E588.53775
G1 X144.527 Y111.052 E588.57035
G1 X144.212 Y110.135 E588.6026
G1 X143.779 Y109.253 E588.63528
G1 X143.235 Y108.443 E588.66774
G1 X142.59 Y107.706 E588.70031
G1 X141.853 Y107.062 E588.73286
G1 X141.043 Y106.517 E588.76533
G1 X140.162 Y106.084 E588.79798
G1 X139.244 Y105.773 E588.83022
G1 X138.284 Y105.581 E588.86278
G1 X137.275 Y105.512 E588.89642
G1 X124.046 Y105.51 E589.33642
G1 X123.74 Y105.39 E589.34735
G1 X123.539 Y105.115 E589.35868
G1 X123.508 Y104.984 E589.36316
G1 X123.504 Y94.94 E589.69722
G1 X121.618 Y94.94 E589.75995
G1 X122.568 Y97.98 E589.86588
G1 X122.568 Y98.188 E589.8728
G1 X122.516 Y98.348 E589.8784
G1 X122.247 Y98.62 E589.89112
G1 X121.976 Y98.684 E589.90038
G1 X113.02 Y98.684 E590.19826
G1 X112.749 Y98.62 E590.20752
G1 X112.48 Y98.347 E590.22027
G1 X112.428 Y98.188 E590.22583
G1 X112.428 Y97.98 E590.23275
G1 X113.381 Y94.941 E590.33868
G1 X111.497 Y94.941 E590.40134
G1 X111.492 Y104.984 E590.73538
G1 X111.357 Y105.297 E590.74671
G1 X111.086 Y105.482 E590.75763
G1 X110.954 Y105.51 E590.76212
G1 X97.725 Y105.512 E591.20211
G1 X96.716 Y105.58 E591.23575
G1 X95.752 Y105.773 E591.26845
G1 X94.834 Y106.084 E591.30069
G1 X93.957 Y106.517 E591.33322
G1 X93.142 Y107.062 E591.36583
G1 X92.406 Y107.706 E591.39835
G1 X91.761 Y108.443 E591.43093
G1 X91.217 Y109.253 E591.46338
G1 X90.784 Y110.134 E591.49603
G1 X90.473 Y111.052 E591.52827
G1 X90.281 Y112.015 E591.56093
G1 X90.218 Y112.992 E591.59349
G1 X90.281 Y113.969 E591.62605
G1 X90.473 Y114.932 E591.65871
G1 X90.784 Y115.849 E591.69092
G1 X91.217 Y116.727 E591.72348
G1 X91.762 Y117.542 E591.75609
G1 X92.406 Y118.278 E591.78862
G1 X93.142 Y118.922 E591.82114
G1 X93.957 Y119.467 E591.85375
G1 X94.835 Y119.9 E591.88631
G1 X95.752 Y120.211 E591.91852
G1 X96.715 Y120.403 E591.95118
G1 X97.836 Y120.476 E591.98854
G1 X98.065 Y120.598 E591.99717
G1 X98.199 Y120.745 E592.00379
G1 X98.29 Y121.01 E592.01311
G1 X98.292 Y136.34 E592.52299
G1 X99.104 Y136.341 E592.54999
G1 X99.54 Y136.566 E592.56631
G1 F1550.4 X99.655 Y136.94 E592.5789
G1 F1566.6 X99.595 Y137.217 E592.58793
G1 F1515.2 X98.286 Y139.718 E592.68088
G1 F1500 X98.289 Y140.056 E592.69212
G1 X117.5 Y140.056 E593.33108
G1 F2700 E588.33108
G0 F9000 X117.5 Y139.749
G0 X134.821 Y138.694
G0 X137.276 Y117.028
G0 X137.303 Y116.719
G1 F2700 E593.33108
G1 F1500 X136.654 Y116.659 E593.35276
G1 X136.026 Y116.491 E593.37438
G1 X135.439 Y116.214 E593.39597
G1 X134.92 Y115.852 E593.41702
G1 X134.452 Y115.386 E593.43898
G1 X134.095 Y114.877 E593.45966
G1 X133.803 Y114.265 E593.48221
G1 X133.635 Y113.632 E593.504
G1 X133.58 Y112.995 E593.52526
G1 X133.634 Y112.347 E593.54689
G1 X133.802 Y111.712 E593.56874
G1 X134.079 Y111.125 E593.59032
G1 X134.451 Y110.591 E593.61197
G1 X134.907 Y110.135 E593.63342
G1 X135.441 Y109.763 E593.65506
G1 X136.032 Y109.485 E593.67679
G1 X136.656 Y109.325 E593.69821
G1 X137.281 Y109.268 E593.71909
G1 X137.966 Y109.327 E593.74195
G1 X138.569 Y109.483 E593.76267
G1 X139.133 Y109.744 E593.78334
G1 X139.695 Y110.13 E593.80602
G1 X140.163 Y110.593 E593.82791
G1 X140.532 Y111.128 E593.84953
G1 X140.812 Y111.725 E593.87146
G1 X140.969 Y112.332 E593.89231
G1 X141.035 Y112.997 E593.91454
G1 X140.97 Y113.652 E593.93643
G1 X140.813 Y114.255 E593.95716
G1 X140.512 Y114.886 E593.98041
G1 X140.159 Y115.391 E594.0009
G1 X139.708 Y115.836 E594.02198
G1 X139.168 Y116.217 E594.04396
G1 X138.569 Y116.497 E594.06595
G1 X137.967 Y116.657 E594.08667
G1 X137.303 Y116.719 E594.10885
G0 F9000 X137.286 Y116.316
;TYPE:WALL-OUTER
G1 F1500 X136.708 Y116.262 E594.12816
G1 X136.184 Y116.122 E594.1462
G1 X135.642 Y115.869 E594.16609
G1 X135.181 Y115.549 E594.18475
G1 X134.758 Y115.129 E594.20458
G1 X134.428 Y114.655 E594.22379
G1 X134.179 Y114.129 E594.24315
G1 X134.028 Y113.554 E594.26292
G1 X133.98 Y112.974 E594.28228
G1 X134.034 Y112.396 E594.30158
G1 X134.174 Y111.868 E594.31975
G1 X134.435 Y111.313 E594.34015
G1 X134.747 Y110.865 E594.35831
G1 X135.181 Y110.431 E594.37872
G1 X135.629 Y110.119 E594.39688
G1 X136.185 Y109.858 E594.41731
G1 X136.709 Y109.722 E594.43532
G1 X137.322 Y109.668 E594.45578
G1 X137.888 Y109.719 E594.47468
G1 X138.441 Y109.862 E594.49368
G1 X138.968 Y110.11 E594.51305
G1 X139.453 Y110.453 E594.53281
G1 X139.851 Y110.848 E594.55146
G1 X140.186 Y111.328 E594.57093
G1 X140.434 Y111.855 E594.5903
G1 X140.577 Y112.409 E594.60933
G1 X140.632 Y113.012 E594.62947
G1 X140.58 Y113.556 E594.64765
G1 X140.434 Y114.125 E594.66719
G1 X140.177 Y114.667 E594.68714
G1 X139.865 Y115.115 E594.70529
G1 X139.444 Y115.535 E594.72507
G1 X138.98 Y115.863 E594.74397
G1 X138.441 Y116.118 E594.76381
G1 X137.888 Y116.265 E594.78284
G1 X137.286 Y116.316 E594.80293
G1 F2700 E589.80293
G0 F9000 X137.225 Y117.023
G0 X134.821 Y138.694
G0 X117.5 Y138.331
G0 X117.5 Y137.62
G1 F2700 E594.80293
G1 F1500 X103.887 Y137.62 E595.2557
G1 X100.651 Y138.481 E595.36708
G1 X100.55 Y138.474 E595.37044
G1 X100.462 Y138.413 E595.374
G1 X100.416 Y138.284 E595.37856
G1 X100.416 Y132.348 E595.57599
G1 X100.502 Y132.183 E595.58218
G1 X100.627 Y132.148 E595.5865
G1 X103.66 Y132.955 E595.69089
G1 X103.66 Y128.889 E595.82612
G1 X103.714 Y128.329 E595.84483
G1 X103.858 Y127.791 E595.86336
G1 X104.078 Y127.319 E595.88068
G1 X104.4 Y126.856 E595.89944
G1 X104.821 Y126.435 E595.91924
G1 X105.241 Y126.143 E595.93625
G1 X105.759 Y125.897 E595.95532
G1 X106.307 Y125.75 E595.9742
G1 X106.864 Y125.704 E595.99278
G1 X128.153 Y125.704 E596.70086
G1 X128.693 Y125.75 E596.71888
G1 X129.237 Y125.897 E596.73763
G1 X129.754 Y126.143 E596.75667
G1 X130.206 Y126.458 E596.77499
G1 X130.601 Y126.857 E596.79367
G1 X130.918 Y127.319 E596.8123
G1 X131.15 Y127.823 E596.83076
G1 X131.286 Y128.327 E596.84812
G1 X131.336 Y128.891 E596.86695
G1 X131.336 Y132.955 E597.00212
G1 X134.369 Y132.148 E597.10651
G1 X134.494 Y132.183 E597.11083
G1 X134.58 Y132.348 E597.11702
G1 X134.58 Y138.284 E597.31445
G1 X134.534 Y138.413 E597.319
G1 X134.446 Y138.474 E597.32256
G1 X134.328 Y138.478 E597.32649
G1 X131.113 Y137.62 E597.43716
G1 X117.5 Y137.62 E597.88993
G1 F2700 E592.88993
G0 F9000 X117.5 Y138.331
G0 X117.5 Y139.749
G0 X117.5 Y140.455
G1 F2700 E597.88993
G1 F1500 X136.996 Y140.455 E598.53837
G1 X137.108 Y140.344 E598.54362
G1 X137.111 Y139.621 E598.56767
G1 X135.721 Y136.971 E598.66719
G1 X135.774 Y136.816 E598.67264
G1 X135.919 Y136.74 E598.67809
G1 X137.104 Y136.74 E598.7175
G1 X137.104 Y121.048 E599.23942
G1 X137.135 Y120.96 E599.24252
G1 X137.232 Y120.872 E599.24688
G1 X138.337 Y120.801 E599.28371
G1 X139.348 Y120.598 E599.318
G1 X140.315 Y120.27 E599.35197
G1 X141.243 Y119.814 E599.38636
G1 X142.097 Y119.241 E599.42056
G1 X142.874 Y118.562 E599.45488
G1 X143.552 Y117.786 E599.48916
G1 X144.126 Y116.927 E599.52352
G1 X144.582 Y116.002 E599.55782
G1 X144.914 Y115.036 E599.59179
G1 X145.113 Y114.022 E599.62616
G1 X145.179 Y112.992 E599.66049
G1 X145.113 Y111.962 E599.69482
G1 X144.914 Y110.948 E599.72919
G1 X144.582 Y109.981 E599.76319
G1 X144.126 Y109.053 E599.79758
G1 X143.553 Y108.199 E599.83179
G1 X142.874 Y107.422 E599.86611
G1 X142.097 Y106.744 E599.90041
G1 X141.243 Y106.17 E599.93463
G1 X140.315 Y105.714 E599.96902
G1 X139.348 Y105.386 E600.00298
G1 X138.337 Y105.183 E600.03728
G1 X137.289 Y105.112 E600.07222
G1 X124.069 Y105.11 E600.51192
G1 X123.967 Y105.059 E600.51571
G1 X123.904 Y104.93 E600.52048
G1 X123.904 Y94.54 E600.86606
G1 X121.073 Y94.54 E600.96022
G1 X122.174 Y98.049 E601.08254
G1 X122.156 Y98.172 E601.08667
G1 X122.046 Y98.284 E601.09189
G1 X112.95 Y98.284 E601.39443
G1 X112.84 Y98.172 E601.39965
G1 X112.822 Y98.049 E601.40378
G1 X113.927 Y94.541 E601.52611
G1 X111.097 Y94.541 E601.62024
G1 X111.095 Y104.936 E601.96598
G1 X111.059 Y105.029 E601.96929
G1 X110.931 Y105.11 E601.97433
G1 X97.711 Y105.112 E602.41403
G1 X96.663 Y105.183 E602.44897
G1 X95.648 Y105.386 E602.48339
G1 X94.681 Y105.714 E602.51736
G1 X93.757 Y106.17 E602.55163
G1 X92.898 Y106.744 E602.58599
G1 X92.122 Y107.422 E602.62026
G1 X91.443 Y108.199 E602.65458
G1 X90.87 Y109.053 E602.68879
G1 X90.414 Y109.981 E602.72318
G1 X90.086 Y110.948 E602.75714
G1 X89.883 Y111.963 E602.79157
G1 X89.817 Y112.992 E602.82586
G1 X89.883 Y114.021 E602.86016
G1 X90.086 Y115.036 E602.89459
G1 X90.414 Y116.003 E602.92855
G1 X90.87 Y116.927 E602.96282
G1 X91.444 Y117.786 E602.99718
G1 X92.122 Y118.562 E603.03146
G1 X92.898 Y119.24 E603.06573
G1 X93.757 Y119.814 E603.10009
G1 X94.681 Y120.27 E603.13436
G1 X95.648 Y120.598 E603.16832
G1 X96.663 Y120.801 E603.20275
G1 X97.764 Y120.871 E603.23945
G1 X97.861 Y120.96 E603.24382
G1 X97.892 Y121.048 E603.24693
G1 X97.892 Y136.74 E603.76885
G1 X99.08 Y136.74 E603.80836
G1 X99.226 Y136.815 E603.81382
G1 X99.279 Y136.972 E603.81933
G1 X97.885 Y139.621 E603.91889
G1 X97.892 Y140.347 E603.94304
G1 X98.002 Y140.456 E603.94819
G1 X117.5 Y140.455 E604.59669
G1 F2700 E599.59669
G0 F9000 X117.5 Y139.749
G0 X100.179 Y138.694
G0 X100.179 Y134.866
G0 X97.613 Y117.023
G0 X97.674 Y116.316
G1 F2700 E604.59669
G1 F1500 X97.096 Y116.262 E604.616
G1 X96.559 Y116.118 E604.63449
G1 X96.028 Y115.87 E604.65399
G1 X95.542 Y115.526 E604.67379
G1 X95.149 Y115.132 E604.6923
G1 X94.817 Y114.664 E604.71138
G1 X94.562 Y114.112 E604.73161
G1 X94.419 Y113.576 E604.75006
G1 X94.368 Y112.974 E604.77015
G1 X94.422 Y112.396 E604.78946
G1 X94.566 Y111.855 E604.80808
G1 X94.81 Y111.328 E604.8274
G1 X95.158 Y110.838 E604.84739
G1 X95.552 Y110.445 E604.8659
G1 X96.016 Y110.117 E604.8848
G1 X96.539 Y109.87 E604.90403
G1 X97.108 Y109.719 E604.92361
G1 X97.71 Y109.668 E604.94371
G1 X98.287 Y109.722 E604.96298
G1 X98.845 Y109.87 E604.98218
G1 X99.372 Y110.12 E605.00158
G1 X99.842 Y110.454 E605.02076
G1 X100.248 Y110.864 E605.03995
G1 X100.582 Y111.343 E605.05937
G1 X100.822 Y111.868 E605.07857
G1 X100.968 Y112.43 E605.09789
G1 X101.016 Y113.01 E605.11724
G1 X100.962 Y113.588 E605.13655
G1 X100.817 Y114.128 E605.15515
G1 X100.573 Y114.655 E605.17446
G1 X100.238 Y115.129 E605.19377
G1 X99.826 Y115.54 E605.21312
G1 X99.358 Y115.869 E605.23215
G1 X98.83 Y116.116 E605.25154
G1 X98.254 Y116.268 E605.27135
G1 X97.674 Y116.316 E605.29071
G0 F9000 X97.613 Y117.023
G0 X95.892 Y116.592
G0 X95.991 Y116.381
;TYPE:FILL
G1 F3000 X93.385 Y118.988 E605.41331
G0 F9000 X93.511 Y118.799
G0 X91.078 Y115.744
G0 X90.871 Y115.845
G1 F3000 X93.901 Y112.815 E605.55583
G0 F9000 X93.673 Y112.795
G0 X94.101 Y111.181
G0 X94.306 Y111.277
G1 F3000 X91.703 Y108.674 E605.67827
G0 F9000 X91.893 Y108.801
G0 X91.059 Y110.292
G0 X90.841 Y110.217
G1 F3000 X94.919 Y106.14 E605.87006
G1 X94.851 Y106.165
G1 X97.889 Y109.203 E606.01296
G0 F9000 X97.514 Y109.201
G1 F3000 X101.125 Y105.59 E606.18281
G0 F9000 X101.125 Y105.825
G0 X99.935 Y105.825
G0 X99.935 Y105.592
G1 F3000 X119.568 Y125.224 E607.10627
G0 F9000 X119.568 Y124.994
G0 X121.088 Y124.994
G0 X121.088 Y125.226
G1 F3000 X133.517 Y112.797 E607.69089
G0 F9000 X133.288 Y112.777
G0 X133.709 Y111.191
G0 X133.915 Y111.288
G1 F3000 X128.218 Y105.59 E607.95888
G0 F9000 X128.218 Y105.825
G0 X129.41 Y105.825
G0 X129.41 Y105.589
G1 F3000 X109.775 Y125.224 E608.88245
G0 F9000 X109.775 Y124.994
G0 X108.253 Y124.994
G0 X108.253 Y125.224
G1 F3000 X99.404 Y116.374 E609.2987
G0 F9000 X99.503 Y116.588
G0 X100.25 Y116.04
G0 X100.741 Y115.55
G0 X101.138 Y114.981
G0 X101.431 Y114.353
G0 X101.533 Y113.974
G0 X101.713 Y112.773
G0 X101.478 Y112.792
G1 F3000 X113.91 Y125.224 E609.88347
G0 F9000 X113.91 Y124.994
G0 X115.432 Y124.994
G0 X115.432 Y125.225
G1 F3000 X135.066 Y105.591 E610.80699
G0 F9000 X135.066 Y105.825
G0 X133.875 Y105.825
G0 X133.875 Y105.591
G1 F3000 X137.486 Y109.201 E610.97682
G0 F9000 X137.109 Y109.205
G1 F3000 X140.147 Y106.166 E611.11974
G1 X140.084 Y106.143
G1 X144.154 Y110.213 E611.31118
G0 F9000 X143.938 Y110.286
G0 X143.106 Y108.8
G0 X143.294 Y108.676
G1 F3000 X140.693 Y111.277 E611.43352
G0 F9000 X140.9 Y111.181
G0 X141.328 Y112.794
G0 X141.098 Y112.813
G1 F3000 X144.126 Y115.842 E611.57597
G0 F9000 X143.924 Y115.741
G0 X144.47 Y112.947
G0 X144.694 Y112.933
G1 F3000 X137.236 Y120.391 E611.92678
G1 X137.353 Y120.383
G1 X115.735 Y98.764 E612.94364
G0 F9000 X115.735 Y98.995
G0 X113.609 Y98.995
G0 X113.609 Y98.764
G1 F3000 X111.574 Y100.799 E613.03936
G0 F9000 X111.574 Y100.26
G1 F3000 X136.626 Y125.313 E614.21776
G0 F9000 X136.397 Y125.312
G0 X136.397 Y126.657
G0 X136.626 Y126.658
G1 F3000 X131.816 Y131.468 E614.444
G0 F9000 X131.815 Y131.815
G1 F3000 X132.22 Y132.22 E614.46305
G0 F9000 X132.163 Y132
G0 X134.159 Y131.531
G0 X135.221 Y131.542
G0 X135.293 Y133.881
G0 X135.06 Y133.881
G1 F3000 X136.624 Y132.317 E614.53662
G0 F9000 X136.397 Y132.316
G0 X136.397 Y130.967
G0 X136.625 Y130.968
G1 F3000 X111.182 Y105.525 E615.73338
G0 F9000 X111.182 Y105.825
G0 X106.783 Y105.825
G0 X106.783 Y105.589
G1 F3000 X101.085 Y111.287 E616.0014
G0 F9000 X101.292 Y111.191
G0 X105.59 Y105.825
G0 X105.59 Y105.59
G1 F3000 X125.225 Y125.225 E616.92497
G0 F9000 X125.225 Y124.994
G0 X126.745 Y124.994
G0 X126.745 Y125.226
G1 F3000 X135.593 Y116.377 E617.34117
G0 F9000 X135.495 Y116.587
G0 X136.617 Y116.911
G0 X137.307 Y116.971
G0 X137.865 Y116.922
G0 X139.106 Y116.593
G0 X139.007 Y116.38
G1 F3000 X141.614 Y118.986 E617.46377
G0 F9000 X141.49 Y118.798
G0 X136.468 Y120.285
G0 X136.397 Y120.994
G0 X136.632 Y120.995
G1 F3000 X131.016 Y126.612 E617.72796
G0 F9000 X131.202 Y126.482
G0 X135.221 Y131.542
G0 X135.293 Y135.06
G0 X135.06 Y135.06
G1 F3000 X136.26 Y136.26 E617.7844
G0 F9000 X136.261 Y136.031
G0 X135.553 Y136.503
G0 X135.545 Y137.039
G0 X135.818 Y138.68
G0 X136.023 Y138.575
G1 F3000 X134.622 Y139.976 E617.8503
G0 F9000 X134.318 Y139.975
G1 F3000 X132.947 Y138.604 E617.91479
G0 F9000 X132.887 Y138.828
G0 X130.842 Y138.331
G0 X130.842 Y138.099
G1 F3000 X128.965 Y139.976 E618.00308
G0 F9000 X128.662 Y139.975
G1 F3000 X126.786 Y138.099 E618.09132
G0 F9000 X126.786 Y138.331
G0 X125.185 Y138.331
G0 X125.185 Y138.099
G1 F3000 X123.308 Y139.976 E618.17961
G0 F9000 X123.005 Y139.975
G1 F3000 X121.129 Y138.099 E618.26785
G0 F9000 X121.129 Y138.331
G0 X119.528 Y138.331
G0 X119.528 Y138.099
G1 F3000 X117.651 Y139.976 E618.35614
G0 F9000 X117.348 Y139.975
G1 F3000 X115.472 Y138.099 E618.44438
G0 F9000 X115.472 Y138.331
G0 X113.871 Y138.331
G0 X113.871 Y138.099
G1 F3000 X111.994 Y139.976 E618.53267
G0 F9000 X111.691 Y139.975
G1 F3000 X109.815 Y138.099 E618.62091
G0 F9000 X109.815 Y138.331
G0 X108.214 Y138.331
G0 X108.214 Y138.099
G1 F3000 X106.338 Y139.976 E618.70917
G0 F9000 X106.034 Y139.975
G1 F3000 X104.158 Y138.099 E618.79741
G0 F9000 X104.158 Y138.331
G0 X102.114 Y138.828
G0 X102.055 Y138.602
G1 F3000 X100.681 Y139.976 E618.86204
G0 F9000 X100.377 Y139.975
G1 F3000 X98.974 Y138.572 E618.92803
G0 F9000 X99.182 Y138.682
G0 X99.457 Y137.165
G0 X99.447 Y136.504
G0 X98.739 Y136.032
G0 X98.739 Y136.261
G1 F3000 X99.935 Y135.064 E618.98431
G0 F9000 X99.707 Y135.064
G0 X99.707 Y133.877
G0 X99.936 Y133.877
G1 F3000 X98.371 Y132.312 E619.05793
G0 F9000 X98.604 Y132.312
G0 X98.604 Y130.972
G0 X98.371 Y130.972
G1 F3000 X123.82 Y105.523 E620.25497
G0 F9000 X123.82 Y105.825
G0 X123.266 Y105.753
G0 X123.194 Y100.8
G0 X123.428 Y100.8
G1 F3000 X121.392 Y98.764 E620.35074
G0 F9000 X121.392 Y98.995
G0 X119.266 Y98.995
G0 X119.266 Y98.764
G1 F3000 X97.646 Y120.384 E621.36768
G1 X97.763 Y120.391
G1 X90.302 Y112.929 E621.71864
G0 F9000 X90.529 Y112.944
G0 X98.532 Y120.285
G0 X98.604 Y120.988
G0 X98.361 Y120.988
G1 F3000 X103.985 Y126.612 E621.98318
G0 F9000 X103.799 Y126.481
G0 X103.241 Y127.587
G0 X103.067 Y128.236
G0 X102.951 Y131.465
G0 X103.181 Y131.465
G1 F3000 X98.369 Y126.653 E622.20952
G0 F9000 X98.604 Y126.653
G0 X98.604 Y125.316
G0 X98.37 Y125.316
G1 F3000 X123.426 Y100.26 E623.38808
G0 F9000 X123.194 Y100.26
G0 X122.824 Y98.06
G0 X122.254 Y95.927
G0 X122.034 Y95.995
G1 F3000 X123.01 Y95.02 E623.43396
G0 F9000 X123.305 Y95.02
G1 F3000 X123.425 Y95.141 E623.43963
G0 F9000 X123.224 Y95.222
G0 X122.78 Y98.923
G0 X112.22 Y98.923
G0 X112.217 Y97.926
G0 X112.747 Y95.927
G0 X112.965 Y95.995
G1 F3000 X111.992 Y95.021 E623.48542
G0 F9000 X111.695 Y95.021
G1 F3000 X111.577 Y95.138 E623.49095
G1 F2700 E618.49095
G0 F9000 X111.776 Y95.222
G0 X111.734 Y105.753
G0 X103.241 Y127.587
G0 X103.067 Y128.236
G0 X102.951 Y131.82
G0 X103.18 Y131.82
G1 F2700 E623.49095
G1 F3000 X102.778 Y132.222 E623.50986
G0 F9000 X102.651 Y131.711
;MESH:NONMESH
G0 F300 X102.651 Y131.711 Z1.2
G0 F9000 X97.663 Y117.028
G0 X97.69 Y116.719
;TIME_ELAPSED:1041.034584
;LAYER:5
;TYPE:WALL-INNER
;MESH:FT05-Frame Part B.stl
G1 F1500 X97.03 Y116.657 E623.5319
G1 X96.431 Y116.497 E623.55253
G1 X95.862 Y116.235 E623.57336
G1 X95.297 Y115.847 E623.59616
G1 X94.848 Y115.395 E623.61735
G1 X94.46 Y114.851 E623.63957
G1 X94.187 Y114.253 E623.66143
G1 X94.027 Y113.654 E623.68206
G1 X93.965 Y112.992 E623.70417
G1 X94.023 Y112.339 E623.72598
G1 X94.187 Y111.727 E623.74705
G1 X94.462 Y111.125 E623.76906
G1 X94.841 Y110.589 E623.7909
G1 X95.288 Y110.144 E623.81187
G1 X95.828 Y109.763 E623.83385
G1 X96.431 Y109.483 E623.85597
G1 X97.03 Y109.327 E623.87655
G1 X97.715 Y109.268 E623.89942
G1 X98.338 Y109.322 E623.92022
G1 X98.967 Y109.486 E623.94184
G1 X99.558 Y109.762 E623.96354
G1 X100.092 Y110.138 E623.98526
G1 X100.544 Y110.59 E624.00652
G1 X100.923 Y111.127 E624.02838
G1 X101.193 Y111.711 E624.04978
G1 X101.362 Y112.347 E624.07167
G1 X101.416 Y112.995 E624.09329
G1 X101.359 Y113.643 E624.11493
G1 X101.193 Y114.263 E624.13628
G1 X100.917 Y114.859 E624.15812
G1 X100.544 Y115.386 E624.1796
G1 X100.077 Y115.852 E624.20154
G1 X99.561 Y116.213 E624.22248
G1 X98.969 Y116.494 E624.24428
G1 X98.342 Y116.659 E624.26584
G1 X97.69 Y116.719 E624.28762
G1 F2700 E619.28762
G0 F9000 X97.663 Y117.028
G0 X100.179 Y131.942
G0 X100.179 Y138.694
G0 X117.5 Y138.331
G0 X117.5 Y138.02
G1 F2700 E624.28762
G1 F1500 X103.939 Y138.02 E624.73866
G1 X100.72 Y138.875 E624.84944
G1 X100.419 Y138.852 E624.85948
G1 X100.155 Y138.669 E624.87016
G1 X100.016 Y138.284 E624.88378
G1 F1550.4 X100.029 Y136.94 E624.92703
G1 X100.016 Y136.401 E624.94438
G1 F1500 X100.016 Y132.348 E625.07918
G1 X100.093 Y132.052 E625.08935
G1 X100.276 Y131.853 E625.09835
G1 X100.477 Y131.764 E625.10566
G1 X100.685 Y131.745 E625.1126
G1 X103.26 Y132.434 E625.20126
G1 X103.262 Y128.853 E625.32037
G1 X103.315 Y128.274 E625.3397
G1 X103.473 Y127.672 E625.36041
G1 X103.739 Y127.101 E625.38136
G1 X104.104 Y126.582 E625.40246
G1 X104.547 Y126.139 E625.4233
G1 X105.054 Y125.787 E625.44383
G1 X105.614 Y125.524 E625.4644
G1 X106.241 Y125.356 E625.48599
G1 X106.816 Y125.305 E625.50519
G1 X128.158 Y125.304 E626.21503
G1 X128.759 Y125.356 E626.23509
G1 X129.382 Y125.524 E626.25656
G1 X129.944 Y125.787 E626.27719
G1 X130.45 Y126.136 E626.29764
G1 X130.897 Y126.583 E626.31866
G1 X131.258 Y127.103 E626.33972
G1 X131.523 Y127.672 E626.36059
G1 X131.687 Y128.277 E626.38144
G1 X131.735 Y128.858 E626.40083
G1 X131.736 Y132.434 E626.51977
G1 X134.311 Y131.745 E626.60843
G1 X134.52 Y131.764 E626.61541
G1 X134.72 Y131.853 E626.62269
G1 X134.903 Y132.052 E626.63168
G1 X134.98 Y132.348 E626.64185
G1 X134.98 Y136.401 E626.77666
G1 F1546.4 X134.968 Y136.94 E626.79405
G1 X134.98 Y138.284 E626.83741
G1 F1500 X134.841 Y138.669 E626.85103
G1 X134.577 Y138.852 E626.86171
G1 X134.276 Y138.875 E626.87175
G1 X131.061 Y138.02 E626.9824
G1 X117.5 Y138.02 E627.43344
G0 F9000 X117.5 Y138.331
G0 X117.5 Y139.749
G0 X117.5 Y140.056
G1 F1500 X136.708 Y140.055 E628.0723
G1 X136.71 Y139.719 E628.08348
G1 F1515.2 X135.404 Y137.217 E628.17641
G1 F1562.5 X135.344 Y136.94 E628.18546
G1 F1546.4 X135.46 Y136.568 E628.19803
G1 F1500 X135.895 Y136.341 E628.21435
G1 X136.704 Y136.34 E628.24126
G1 X136.706 Y121.01 E628.75114
G1 X136.797 Y120.746 E628.76042
G1 X136.93 Y120.597 E628.76707
G1 X137.16 Y120.476 E628.77571
G1 X138.285 Y120.403 E628.81321
G1 X139.244 Y120.211 E628.84574
G1 X140.162 Y119.9 E628.87797
G1 X141.043 Y119.467 E628.91062
G1 X141.853 Y118.923 E628.94308
G1 X142.59 Y118.278 E628.97565
G1 X143.234 Y117.542 E629.00818
G1 X143.779 Y116.727 E629.04079
G1 X144.212 Y115.848 E629.07338
G1 X144.527 Y114.932 E629.1056
G1 X144.715 Y113.97 E629.1382
G1 X144.778 Y112.992 E629.17079
G1 X144.715 Y112.014 E629.20339
G1 X144.527 Y111.052 E629.23599
G1 X144.212 Y110.135 E629.26824
G1 X143.779 Y109.253 E629.30092
G1 X143.235 Y108.443 E629.33337
G1 X142.59 Y107.706 E629.36595
G1 X141.853 Y107.062 E629.3985
G1 X141.043 Y106.517 E629.43097
G1 X140.162 Y106.084 E629.46362
G1 X139.244 Y105.773 E629.49586
G1 X138.284 Y105.581 E629.52842
G1 X137.275 Y105.512 E629.56206
G1 X124.046 Y105.51 E630.00206
G1 X123.74 Y105.39 E630.01299
G1 X123.539 Y105.115 E630.02432
G1 X123.508 Y104.984 E630.0288
G1 X123.504 Y94.94 E630.36286
G1 X121.618 Y94.94 E630.42559
G1 X122.568 Y97.98 E630.53152
G1 X122.568 Y98.188 E630.53844
G1 X122.516 Y98.348 E630.54404
G1 X122.247 Y98.62 E630.55676
G1 X121.976 Y98.684 E630.56602
G1 X113.02 Y98.684 E630.8639
G1 X112.749 Y98.62 E630.87316
G1 X112.48 Y98.347 E630.88591
G1 X112.428 Y98.188 E630.89147
G1 X112.428 Y97.98 E630.89839
G1 X113.381 Y94.941 E631.00432
G1 X111.497 Y94.941 E631.06698
G1 X111.492 Y104.984 E631.40101
G1 X111.357 Y105.297 E631.41235
G1 X111.086 Y105.482 E631.42326
G1 X110.954 Y105.51 E631.42775
G1 X97.725 Y105.512 E631.86775
G1 X96.716 Y105.58 E631.90139
G1 X95.752 Y105.773 E631.93409
G1 X94.834 Y106.084 E631.96632
G1 X93.957 Y106.517 E631.99885
G1 X93.142 Y107.062 E632.03146
G1 X92.406 Y107.706 E632.06399
G1 X91.761 Y108.443 E632.09657
G1 X91.217 Y109.253 E632.12902
G1 X90.784 Y110.134 E632.16167
G1 X90.473 Y111.052 E632.19391
G1 X90.281 Y112.015 E632.22657
G1 X90.218 Y112.992 E632.25913
G1 X90.281 Y113.969 E632.29169
G1 X90.473 Y114.932 E632.32435
G1 X90.784 Y115.849 E632.35656
G1 X91.217 Y116.727 E632.38912
G1 X91.762 Y117.542 E632.42173
G1 X92.406 Y118.278 E632.45425
G1 X93.142 Y118.922 E632.48678
G1 X93.957 Y119.467 E632.51939
G1 X94.835 Y119.9 E632.55195
G1 X95.752 Y120.211 E632.58416
G1 X96.715 Y120.403 E632.61682
G1 X97.836 Y120.476 E632.65418
G1 X98.065 Y120.598 E632.66281
G1 X98.199 Y120.745 E632.66943
G1 X98.29 Y121.01 E632.67875
G1 X98.292 Y136.34 E633.18862
G1 X99.104 Y136.341 E633.21563
G1 X99.54 Y136.566 E633.23195
G1 F1550.4 X99.655 Y136.94 E633.24454
G1 F1566.6 X99.595 Y137.217 E633.25357
G1 F1515.2 X98.286 Y139.718 E633.34652
G1 F1500 X98.289 Y140.056 E633.35776
G1 X117.5 Y140.056 E633.99672
G1 F2700 E628.99672
G0 F9000 X117.5 Y139.749
G0 X134.821 Y138.694
G0 X137.276 Y117.028
G0 X137.303 Y116.719
G1 F2700 E633.99672
G1 F1500 X136.654 Y116.659 E634.0184
G1 X136.026 Y116.491 E634.04002
G1 X135.439 Y116.214 E634.06161
G1 X134.92 Y115.852 E634.08265
G1 X134.452 Y115.386 E634.10462
G1 X134.095 Y114.877 E634.1253
G1 X133.803 Y114.265 E634.14785
G1 X133.635 Y113.632 E634.16963
G1 X133.58 Y112.995 E634.1909
G1 X133.634 Y112.347 E634.21253
G1 X133.802 Y111.712 E634.23437
G1 X134.079 Y111.125 E634.25596
G1 X134.451 Y110.591 E634.27761
G1 X134.907 Y110.135 E634.29906
G1 X135.441 Y109.763 E634.3207
G1 X136.032 Y109.485 E634.34242
G1 X136.656 Y109.325 E634.36385
G1 X137.281 Y109.268 E634.38472
G1 X137.966 Y109.327 E634.40759
G1 X138.569 Y109.483 E634.42831
G1 X139.133 Y109.744 E634.44898
G1 X139.695 Y110.13 E634.47165
G1 X140.163 Y110.593 E634.49355
G1 X140.532 Y111.128 E634.51517
G1 X140.812 Y111.725 E634.5371
G1 X140.969 Y112.332 E634.55795
G1 X141.035 Y112.997 E634.58018
G1 X140.97 Y113.652 E634.60207
G1 X140.813 Y114.255 E634.62279
G1 X140.512 Y114.886 E634.64605
G1 X140.159 Y115.391 E634.66654
G1 X139.708 Y115.836 E634.68761
G1 X139.168 Y116.217 E634.70959
G1 X138.569 Y116.497 E634.73159
G1 X137.967 Y116.657 E634.7523
G1 X137.303 Y116.719 E634.77449
G0 F9000 X137.286 Y116.316
;TYPE:WALL-OUTER
G1 F1500 X136.708 Y116.262 E634.79379
G1 X136.184 Y116.122 E634.81183
G1 X135.642 Y115.869 E634.83173
G1 X135.181 Y115.549 E634.85039
G1 X134.758 Y115.129 E634.87022
G1 X134.428 Y114.655 E634.88943
G1 X134.179 Y114.129 E634.90878
G1 X134.028 Y113.554 E634.92856
G1 X133.98 Y112.974 E634.94791
G1 X134.034 Y112.396 E634.96722
G1 X134.174 Y111.868 E634.98539
G1 X134.435 Y111.313 E635.00579
G1 X134.747 Y110.865 E635.02395
G1 X135.181 Y110.431 E635.04436
G1 X135.629 Y110.119 E635.06252
G1 X136.185 Y109.858 E635.08295
G1 X136.742 Y109.716 E635.10207
G1 X137.322 Y109.668 E635.12142
G1 X137.888 Y109.719 E635.14032
G1 X138.441 Y109.862 E635.15932
G1 X138.968 Y110.11 E635.17869
G1 X139.453 Y110.453 E635.19845
G1 X139.851 Y110.848 E635.2171
G1 X140.186 Y111.328 E635.23657
G1 X140.434 Y111.855 E635.25594
G1 X140.577 Y112.409 E635.27497
G1 X140.632 Y113.012 E635.29511
G1 X140.58 Y113.556 E635.31329
G1 X140.434 Y114.125 E635.33283
G1 X140.177 Y114.667 E635.35278
G1 X139.865 Y115.115 E635.37093
G1 X139.444 Y115.535 E635.39071
G1 X138.98 Y115.863 E635.40961
G1 X138.441 Y116.118 E635.42944
G1 X137.888 Y116.265 E635.44848
G1 X137.286 Y116.316 E635.46857
G1 F2700 E630.46857
G0 F9000 X137.225 Y117.023
G0 X134.821 Y138.694
G0 X117.5 Y138.331
G0 X117.5 Y137.62
G1 F2700 E635.46857
G1 F1500 X103.887 Y137.62 E635.92134
G1 X100.651 Y138.481 E636.03272
G1 X100.55 Y138.474 E636.03608
G1 X100.462 Y138.413 E636.03964
G1 X100.416 Y138.284 E636.0442
G1 X100.416 Y132.348 E636.24163
G1 X100.502 Y132.183 E636.24782
G1 X100.627 Y132.148 E636.25214
G1 X103.66 Y132.955 E636.35653
G1 X103.66 Y128.889 E636.49176
G1 X103.714 Y128.329 E636.51047
G1 X103.858 Y127.791 E636.529
G1 X104.078 Y127.319 E636.54632
G1 X104.4 Y126.856 E636.56507
G1 X104.821 Y126.435 E636.58488
G1 X105.241 Y126.143 E636.60189
G1 X105.759 Y125.897 E636.62096
G1 X106.307 Y125.75 E636.63983
G1 X106.864 Y125.704 E636.65842
G1 X128.144 Y125.704 E637.3662
G1 X128.693 Y125.75 E637.38452
G1 X129.237 Y125.897 E637.40327
G1 X129.754 Y126.143 E637.42231
G1 X130.206 Y126.458 E637.44063
G1 X130.601 Y126.857 E637.45931
G1 X130.918 Y127.319 E637.47794
G1 X131.15 Y127.823 E637.4964
G1 X131.286 Y128.327 E637.51376
G1 X131.336 Y128.891 E637.53259
G1 X131.336 Y132.955 E637.66776
G1 X134.369 Y132.148 E637.77215
G1 X134.494 Y132.183 E637.77647
G1 X134.58 Y132.348 E637.78265
G1 X134.58 Y138.284 E637.98009
G1 X134.534 Y138.413 E637.98464
G1 X134.446 Y138.474 E637.9882
G1 X134.328 Y138.478 E637.99213
G1 X131.113 Y137.62 E638.1028
G1 X117.5 Y137.62 E638.55557
G1 F2700 E633.55557
G0 F9000 X117.5 Y138.331
G0 X117.5 Y139.749
G0 X117.5 Y140.455
G1 F2700 E638.55557
G1 F1500 X136.996 Y140.455 E639.20401
G1 X137.108 Y140.344 E639.20926
G1 X137.111 Y139.621 E639.2333
G1 X135.721 Y136.971 E639.33283
G1 X135.774 Y136.816 E639.33828
G1 X135.919 Y136.74 E639.34373
G1 X137.104 Y136.74 E639.38314
G1 X137.104 Y121.048 E639.90506
G1 X137.135 Y120.96 E639.90816
G1 X137.232 Y120.872 E639.91252
G1 X138.337 Y120.801 E639.94935
G1 X139.348 Y120.598 E639.98364
G1 X140.315 Y120.27 E640.01761
G1 X141.243 Y119.814 E640.052
G1 X142.097 Y119.241 E640.0862
G1 X142.874 Y118.562 E640.12052
G1 X143.552 Y117.786 E640.15479
G1 X144.126 Y116.927 E640.18916
G1 X144.582 Y116.002 E640.22346
G1 X144.914 Y115.036 E640.25743
G1 X145.113 Y114.022 E640.2918
G1 X145.179 Y112.992 E640.32613
G1 X145.113 Y111.962 E640.36046
G1 X144.914 Y110.948 E640.39483
G1 X144.582 Y109.981 E640.42883
G1 X144.126 Y109.053 E640.46322
G1 X143.553 Y108.199 E640.49743
G1 X142.874 Y107.422 E640.53175
G1 X142.097 Y106.744 E640.56605
G1 X141.243 Y106.17 E640.60027
G1 X140.315 Y105.714 E640.63466
G1 X139.348 Y105.386 E640.66862
G1 X138.337 Y105.183 E640.70292
G1 X137.289 Y105.112 E640.73786
G1 X124.069 Y105.11 E641.17756
G1 X123.967 Y105.059 E641.18135
G1 X123.904 Y104.93 E641.18612
G1 X123.904 Y94.54 E641.5317
G1 X121.073 Y94.54 E641.62586
G1 X122.174 Y98.049 E641.74818
G1 X122.156 Y98.172 E641.75231
G1 X122.046 Y98.284 E641.75753
G1 X112.95 Y98.284 E642.06007
G1 X112.84 Y98.172 E642.06529
G1 X112.822 Y98.049 E642.06942
G1 X113.927 Y94.541 E642.19175
G1 X111.097 Y94.541 E642.28588
G1 X111.095 Y104.936 E642.63161
G1 X111.059 Y105.029 E642.63493
G1 X110.931 Y105.11 E642.63997
G1 X97.711 Y105.112 E643.07967
G1 X96.663 Y105.183 E643.11461
G1 X95.648 Y105.386 E643.14903
G1 X94.681 Y105.714 E643.183
G1 X93.757 Y106.17 E643.21727
G1 X92.898 Y106.744 E643.25163
G1 X92.122 Y107.422 E643.2859
G1 X91.443 Y108.199 E643.32022
G1 X90.87 Y109.053 E643.35443
G1 X90.414 Y109.981 E643.38882
G1 X90.086 Y110.948 E643.42278
G1 X89.883 Y111.963 E643.45721
G1 X89.817 Y112.992 E643.4915
G1 X89.883 Y114.021 E643.5258
G1 X90.086 Y115.036 E643.56023
G1 X90.414 Y116.003 E643.59419
G1 X90.87 Y116.927 E643.62846
G1 X91.444 Y117.786 E643.66282
G1 X92.122 Y118.562 E643.69709
G1 X92.898 Y119.24 E643.73137
G1 X93.757 Y119.814 E643.76573
G1 X94.681 Y120.27 E643.8
G1 X95.648 Y120.598 E643.83396
G1 X96.663 Y120.801 E643.86839
G1 X97.764 Y120.871 E643.90508
G1 X97.861 Y120.96 E643.90946
G1 X97.892 Y121.048 E643.91257
G1 X97.892 Y136.74 E644.43448
G1 X99.08 Y136.74 E644.474
G1 X99.226 Y136.815 E644.47946
G1 X99.279 Y136.972 E644.48497
G1 X97.885 Y139.621 E644.58453
G1 X97.892 Y140.347 E644.60868
G1 X98.002 Y140.456 E644.61383
G1 X117.5 Y140.455 E645.26233
G1 F2700 E640.26233
G0 F9000 X117.5 Y139.749
G0 X100.179 Y138.694
G0 X100.179 Y134.866
G0 X97.613 Y117.023
G0 X97.674 Y116.316
G1 F2700 E645.26233
G1 F1500 X97.096 Y116.262 E645.28164
G1 X96.559 Y116.118 E645.30013
G1 X96.028 Y115.87 E645.31963
G1 X95.552 Y115.535 E645.33898
G1 X95.149 Y115.132 E645.35794
G1 X94.817 Y114.664 E645.37703
G1 X94.562 Y114.112 E645.39725
G1 X94.419 Y113.576 E645.4157
G1 X94.368 Y112.974 E645.43579
G1 X94.422 Y112.396 E645.4551
G1 X94.566 Y111.855 E645.47372
G1 X94.81 Y111.328 E645.49304
G1 X95.158 Y110.838 E645.51303
G1 X95.552 Y110.445 E645.53154
G1 X96.016 Y110.117 E645.55044
G1 X96.539 Y109.87 E645.56967
G1 X97.108 Y109.719 E645.58925
G1 X97.71 Y109.668 E645.60935
G1 X98.287 Y109.722 E645.62862
G1 X98.845 Y109.87 E645.64782
G1 X99.372 Y110.12 E645.66722
G1 X99.842 Y110.454 E645.6864
G1 X100.248 Y110.864 E645.70559
G1 X100.582 Y111.343 E645.72502
G1 X100.822 Y111.868 E645.74421
G1 X100.968 Y112.43 E645.76353
G1 X101.016 Y113.01 E645.78288
G1 X100.962 Y113.588 E645.80219
G1 X100.817 Y114.128 E645.82079
G1 X100.573 Y114.655 E645.8401
G1 X100.238 Y115.129 E645.85941
G1 X99.826 Y115.54 E645.87877
G1 X99.358 Y115.869 E645.89779
G1 X98.83 Y116.116 E645.91718
G1 X98.254 Y116.268 E645.93699
G1 X97.674 Y116.316 E645.95635
G0 F9000 X97.613 Y117.023
G0 X95.892 Y116.592
G0 X95.991 Y116.381
;TYPE:FILL
G1 F3000 X93.385 Y118.988 E646.07895
G0 F9000 X93.511 Y118.799
G0 X91.078 Y115.744
G0 X90.871 Y115.845
G1 F3000 X93.901 Y112.815 E646.22147
G0 F9000 X93.673 Y112.795
G0 X94.101 Y111.181
G0 X94.306 Y111.277
G1 F3000 X91.703 Y108.674 E646.34391
G0 F9000 X91.893 Y108.801
G0 X91.059 Y110.292
G0 X90.841 Y110.217
G1 F3000 X94.919 Y106.14 E646.53571
G1 X94.851 Y106.165
G1 X97.889 Y109.203 E646.6786
G0 F9000 X97.514 Y109.201
G1 F3000 X101.125 Y105.59 E646.84845
G0 F9000 X101.125 Y105.825
G0 X99.935 Y105.825
G0 X99.935 Y105.592
G1 F3000 X119.567 Y125.224 E647.77188
G0 F9000 X119.567 Y124.994
G0 X121.09 Y124.994
G0 X121.09 Y125.224
G1 F3000 X133.517 Y112.797 E648.35641
G0 F9000 X133.288 Y112.777
G0 X133.709 Y111.191
G0 X133.915 Y111.288
G1 F3000 X128.218 Y105.59 E648.6244
G0 F9000 X128.218 Y105.825
G0 X129.41 Y105.825
G0 X129.41 Y105.589
G1 F3000 X109.776 Y125.224 E649.54795
G0 F9000 X109.776 Y124.994
G0 X108.253 Y124.994
G0 X108.253 Y125.224
G1 F3000 X99.404 Y116.374 E649.9642
G0 F9000 X99.503 Y116.588
G0 X100.25 Y116.04
G0 X100.741 Y115.55
G0 X101.138 Y114.981
G0 X101.431 Y114.353
G0 X101.533 Y113.974
G0 X101.713 Y112.773
G0 X101.478 Y112.792
G1 F3000 X113.91 Y125.224 E650.54897
G0 F9000 X113.91 Y124.994
G0 X115.433 Y124.994
G0 X115.433 Y125.224
G1 F3000 X135.066 Y105.591 E651.47244
G0 F9000 X135.066 Y105.825
G0 X133.875 Y105.825
G0 X133.875 Y105.591
G1 F3000 X137.485 Y109.201 E651.64225
G0 F9000 X137.11 Y109.203
G1 F3000 X140.147 Y106.166 E651.7851
G1 X140.084 Y106.143
G1 X144.154 Y110.213 E651.97654
G0 F9000 X143.938 Y110.286
G0 X143.106 Y108.8
G0 X143.294 Y108.676
G1 F3000 X140.693 Y111.277 E652.09888
G0 F9000 X140.9 Y111.181
G0 X141.328 Y112.794
G0 X141.098 Y112.813
G1 F3000 X144.126 Y115.842 E652.24133
G0 F9000 X143.924 Y115.741
G0 X144.47 Y112.947
G0 X144.694 Y112.933
G1 F3000 X137.236 Y120.391 E652.59213
G1 X137.353 Y120.383
G1 X115.735 Y98.764 E653.609
G0 F9000 X115.735 Y98.995
G0 X113.609 Y98.995
G0 X113.609 Y98.764
G1 F3000 X111.574 Y100.799 E653.70472
G0 F9000 X111.574 Y100.26
G1 F3000 X136.626 Y125.313 E654.88311
G0 F9000 X136.397 Y125.312
G0 X136.397 Y126.657
G0 X136.626 Y126.658
G1 F3000 X131.816 Y131.468 E655.10936
G0 F9000 X131.815 Y131.815
G1 F3000 X132.22 Y132.22 E655.12841
G0 F9000 X132.163 Y132
G0 X134.159 Y131.531
G0 X135.221 Y131.542
G0 X135.293 Y133.881
G0 X135.06 Y133.881
G1 F3000 X136.624 Y132.317 E655.20198
G0 F9000 X136.397 Y132.316
G0 X136.397 Y130.967
G0 X136.625 Y130.968
G1 F3000 X111.182 Y105.525 E656.39874
G0 F9000 X111.182 Y105.825
G0 X106.783 Y105.825
G0 X106.783 Y105.589
G1 F3000 X101.085 Y111.287 E656.66676
G0 F9000 X101.292 Y111.191
G0 X105.59 Y105.825
G0 X105.59 Y105.59
G1 F3000 X125.224 Y125.224 E657.59028
G0 F9000 X125.224 Y124.994
G0 X126.747 Y124.994
G0 X126.747 Y125.224
G1 F3000 X135.593 Y116.377 E658.00639
G0 F9000 X135.495 Y116.587
G0 X136.617 Y116.911
G0 X137.307 Y116.971
G0 X137.865 Y116.922
G0 X139.106 Y116.593
G0 X139.007 Y116.38
G1 F3000 X141.614 Y118.986 E658.12899
G0 F9000 X141.49 Y118.798
G0 X136.468 Y120.285
G0 X136.397 Y120.994
G0 X136.632 Y120.995
G1 F3000 X131.016 Y126.612 E658.39318
G0 F9000 X131.202 Y126.482
G0 X135.221 Y131.542
G0 X135.293 Y135.06
G0 X135.06 Y135.06
G1 F3000 X136.26 Y136.26 E658.44962
G0 F9000 X136.261 Y136.031
G0 X135.553 Y136.503
G0 X135.545 Y137.039
G0 X135.818 Y138.68
G0 X136.023 Y138.575
G1 F3000 X134.622 Y139.976 E658.51552
G0 F9000 X134.318 Y139.975
G1 F3000 X132.947 Y138.604 E658.58001
G0 F9000 X132.887 Y138.828
G0 X130.842 Y138.331
G0 X130.842 Y138.099
G1 F3000 X128.965 Y139.976 E658.66829
G0 F9000 X128.662 Y139.975
G1 F3000 X126.786 Y138.099 E658.75654
G0 F9000 X126.786 Y138.331
G0 X125.185 Y138.331
G0 X125.185 Y138.099
G1 F3000 X123.308 Y139.976 E658.84482
G0 F9000 X123.005 Y139.975
G1 F3000 X121.129 Y138.099 E658.93307
G0 F9000 X121.129 Y138.331
G0 X119.528 Y138.331
G0 X119.528 Y138.099
G1 F3000 X117.651 Y139.976 E659.02135
G0 F9000 X117.348 Y139.975
G1 F3000 X115.472 Y138.099 E659.10959
G0 F9000 X115.472 Y138.331
G0 X113.871 Y138.331
G0 X113.871 Y138.099
G1 F3000 X111.994 Y139.976 E659.19788
G0 F9000 X111.691 Y139.975
G1 F3000 X109.815 Y138.099 E659.28612
G0 F9000 X109.815 Y138.331
G0 X108.214 Y138.331
G0 X108.214 Y138.099
G1 F3000 X106.338 Y139.976 E659.37439
G0 F9000 X106.034 Y139.975
G1 F3000 X104.158 Y138.099 E659.46263
G0 F9000 X104.158 Y138.331
G0 X102.114 Y138.828
G0 X102.055 Y138.602
G1 F3000 X100.681 Y139.976 E659.52726
G0 F9000 X100.377 Y139.975
G1 F3000 X98.974 Y138.572 E659.59325
G0 F9000 X99.182 Y138.682
G0 X99.457 Y137.165
G0 X99.447 Y136.504
G0 X98.739 Y136.032
G0 X98.739 Y136.261
G1 F3000 X99.935 Y135.064 E659.64953
G0 F9000 X99.707 Y135.064
G0 X99.707 Y133.877
G0 X99.936 Y133.877
G1 F3000 X98.371 Y132.312 E659.72314
G0 F9000 X98.604 Y132.312
G0 X98.604 Y130.972
G0 X98.371 Y130.972
G1 F3000 X123.82 Y105.523 E660.92019
G0 F9000 X123.82 Y105.825
G0 X123.266 Y105.753
G0 X123.194 Y100.8
G0 X123.428 Y100.8
G1 F3000 X121.392 Y98.764 E661.01595
G0 F9000 X121.392 Y98.995
G0 X119.266 Y98.995
G0 X119.266 Y98.764
G1 F3000 X97.646 Y120.384 E662.03289
G1 X97.763 Y120.391
G1 X90.302 Y112.929 E662.38386
G0 F9000 X90.529 Y112.944
G0 X98.532 Y120.285
G0 X98.604 Y120.988
G0 X98.361 Y120.988
G1 F3000 X103.985 Y126.612 E662.6484
G0 F9000 X103.799 Y126.481
G0 X103.241 Y127.587
G0 X103.067 Y128.236
G0 X102.951 Y131.465
G0 X103.181 Y131.465
G1 F3000 X98.369 Y126.653 E662.87474
G0 F9000 X98.604 Y126.653
G0 X98.604 Y125.316
G0 X98.37 Y125.316
G1 F3000 X123.426 Y100.26 E664.05329
G0 F9000 X123.194 Y100.26
G0 X122.824 Y98.06
G0 X122.254 Y95.927
G0 X122.034 Y95.995
G1 F3000 X123.01 Y95.02 E664.09918
G0 F9000 X123.305 Y95.02
G1 F3000 X123.425 Y95.141 E664.10485
G0 F9000 X123.224 Y95.222
G0 X122.78 Y98.923
G0 X112.22 Y98.923
G0 X112.217 Y97.926
G0 X112.747 Y95.927
G0 X112.965 Y95.995
G1 F3000 X111.992 Y95.021 E664.15064
G0 F9000 X111.695 Y95.021
G1 F3000 X111.577 Y95.138 E664.15616
G1 F2700 E659.15616
G0 F9000 X111.776 Y95.222
G0 X111.734 Y105.753
G0 X103.241 Y127.587
G0 X103.067 Y128.236
G0 X102.951 Y131.82
G0 X103.18 Y131.82
G1 F2700 E664.15616
G1 F3000 X102.778 Y132.222 E664.17507
G0 F9000 X102.651 Y131.711
;MESH:NONMESH
G0 F300 X102.651 Y131.711 Z1.4
G0 F9000 X97.663 Y117.028
G0 X97.69 Y116.719
;TIME_ELAPSED:1099.321708
;LAYER:6
;TYPE:WALL-INNER
;MESH:FT05-Frame Part B.stl
G1 F1500 X97.03 Y116.657 E664.19712
G1 X96.431 Y116.497 E664.21774
G1 X95.862 Y116.235 E664.23858
G1 X95.297 Y115.847 E664.26137
G1 X94.848 Y115.395 E664.28256
G1 X94.46 Y114.851 E664.30479
G1 X94.187 Y114.253 E664.32665
G1 X94.027 Y113.654 E664.34727
G1 X93.965 Y112.992 E664.36939
G1 X94.023 Y112.339 E664.39119
G1 X94.187 Y111.727 E664.41227
G1 X94.462 Y111.125 E664.43428
G1 X94.841 Y110.589 E664.45611
G1 X95.288 Y110.144 E664.47709
G1 X95.828 Y109.763 E664.49907
G1 X96.431 Y109.483 E664.52118
G1 X97.03 Y109.327 E664.54177
G1 X97.715 Y109.268 E664.56464
G1 X98.338 Y109.322 E664.58544
G1 X98.967 Y109.486 E664.60706
G1 X99.558 Y109.762 E664.62875
G1 X100.092 Y110.138 E664.65048
G1 X100.544 Y110.59 E664.67174
G1 X100.923 Y111.127 E664.6936
G1 X101.193 Y111.711 E664.715
G1 X101.362 Y112.347 E664.73688
G1 X101.416 Y112.995 E664.75851
G1 X101.359 Y113.643 E664.78015
G1 X101.193 Y114.263 E664.80149
G1 X100.917 Y114.859 E664.82334
G1 X100.544 Y115.386 E664.84481
G1 X100.077 Y115.852 E664.86676
G1 X99.561 Y116.213 E664.8877
G1 X98.969 Y116.494 E664.9095
G1 X98.342 Y116.659 E664.93106
G1 X97.69 Y116.719 E664.95284
G1 F2700 E659.95284
G0 F9000 X97.663 Y117.028
G0 X100.179 Y131.942
G0 X100.179 Y138.694
G0 X117.5 Y138.331
G0 X117.5 Y138.02
G1 F2700 E664.95284
G1 F1500 X103.939 Y138.02 E665.40388
G1 X100.72 Y138.875 E665.51466
G1 X100.419 Y138.852 E665.5247
G1 X100.155 Y138.669 E665.53538
G1 X100.016 Y138.284 E665.549
G1 F1550.4 X100.029 Y136.94 E665.59225
G1 X100.016 Y136.401 E665.6096
G1 F1500 X100.016 Y132.348 E665.7444
G1 X100.093 Y132.052 E665.75457
G1 X100.276 Y131.853 E665.76356
G1 X100.477 Y131.764 E665.77087
G1 X100.685 Y131.745 E665.77782
G1 X103.26 Y132.434 E665.86648
G1 X103.262 Y128.853 E665.98558
G1 X103.315 Y128.274 E666.00492
G1 X103.473 Y127.672 E666.02562
G1 X103.739 Y127.101 E666.04657
G1 X104.104 Y126.582 E666.06768
G1 X104.547 Y126.139 E666.08851
G1 X105.054 Y125.787 E666.10904
G1 X105.614 Y125.524 E666.12962
G1 X106.241 Y125.356 E666.15121
G1 X106.816 Y125.305 E666.17041
G1 X128.187 Y125.306 E666.88121
G1 X128.759 Y125.356 E666.90031
G1 X129.382 Y125.524 E666.92177
G1 X129.944 Y125.787 E666.94241
G1 X130.45 Y126.136 E666.96285
G1 X130.897 Y126.583 E666.98388
G1 X131.258 Y127.103 E667.00493
G1 X131.523 Y127.672 E667.02581
G1 X131.687 Y128.277 E667.04666
G1 X131.735 Y128.858 E667.06605
G1 X131.736 Y132.434 E667.18499
G1 X134.311 Y131.745 E667.27364
G1 X134.52 Y131.764 E667.28062
G1 X134.72 Y131.853 E667.28791
G1 X134.903 Y132.052 E667.2969
G1 X134.98 Y132.348 E667.30707
G1 X134.98 Y136.402 E667.44191
G1 F1550.4 X134.967 Y136.94 E667.45922
G1 X134.98 Y138.284 E667.50248
G1 F1500 X134.841 Y138.669 E667.51609
G1 X134.577 Y138.852 E667.52677
G1 X134.276 Y138.875 E667.53681
G1 X131.061 Y138.02 E667.64746
G1 X117.5 Y138.02 E668.0985
G0 F9000 X117.5 Y138.331
G0 X117.5 Y139.749
G0 X117.5 Y140.056
G1 F1500 X136.708 Y140.055 E668.73736
G1 X136.71 Y139.716 E668.74864
G1 F1515.2 X135.4 Y137.218 E668.84152
G1 F1562.5 X135.341 Y136.94 E668.85059
G1 F1550.4 X135.457 Y136.568 E668.86313
G1 F1500 X135.892 Y136.341 E668.87945
G1 X136.704 Y136.34 E668.90646
G1 X136.706 Y121.01 E669.41633
G1 X136.797 Y120.746 E669.42562
G1 X136.93 Y120.597 E669.43226
G1 X137.16 Y120.476 E669.44091
G1 X138.285 Y120.403 E669.4784
G1 X139.244 Y120.211 E669.51093
G1 X140.162 Y119.9 E669.54317
G1 X141.043 Y119.467 E669.57582
G1 X141.853 Y118.923 E669.60827
G1 X142.59 Y118.278 E669.64085
G1 X143.234 Y117.542 E669.67338
G1 X143.779 Y116.727 E669.70599
G1 X144.212 Y115.848 E669.73858
G1 X144.527 Y114.932 E669.77079
G1 X144.715 Y113.97 E669.8034
G1 X144.778 Y112.992 E669.83599
G1 X144.715 Y112.014 E669.86859
G1 X144.527 Y111.052 E669.90119
G1 X144.212 Y110.135 E669.93344
G1 X143.779 Y109.253 E669.96612
G1 X143.235 Y108.443 E669.99857
G1 X142.59 Y107.706 E670.03114
G1 X141.853 Y107.062 E670.0637
G1 X141.043 Y106.517 E670.09617
G1 X140.162 Y106.084 E670.12882
G1 X139.244 Y105.773 E670.16106
G1 X138.284 Y105.581 E670.19362
G1 X137.275 Y105.512 E670.22726
G1 X124.046 Y105.51 E670.66725
G1 X123.74 Y105.39 E670.67819
G1 X123.539 Y105.115 E670.68952
G1 X123.508 Y104.984 E670.69399
G1 X123.504 Y94.94 E671.02806
G1 X121.618 Y94.94 E671.09079
G1 X122.568 Y97.98 E671.19672
G1 X122.568 Y98.188 E671.20364
G1 X122.516 Y98.348 E671.20923
G1 X122.247 Y98.62 E671.22196
G1 X121.976 Y98.684 E671.23122
G1 X113.02 Y98.684 E671.5291
G1 X112.749 Y98.62 E671.53836
G1 X112.48 Y98.347 E671.5511
G1 X112.428 Y98.188 E671.55667
G1 X112.428 Y97.98 E671.56359
G1 X113.381 Y94.941 E671.66952
G1 X111.497 Y94.941 E671.73218
G1 X111.492 Y104.984 E672.06621
G1 X111.357 Y105.297 E672.07755
G1 X111.086 Y105.482 E672.08846
G1 X110.954 Y105.51 E672.09295
G1 X97.725 Y105.512 E672.53295
G1 X96.716 Y105.58 E672.56658
G1 X95.752 Y105.773 E672.59928
G1 X94.834 Y106.084 E672.63152
G1 X93.957 Y106.517 E672.66405
G1 X93.142 Y107.062 E672.69666
G1 X92.406 Y107.706 E672.72919
G1 X91.761 Y108.443 E672.76176
G1 X91.217 Y109.253 E672.79421
G1 X90.784 Y110.134 E672.82686
G1 X90.473 Y111.052 E672.8591
G1 X90.281 Y112.015 E672.89176
G1 X90.218 Y112.992 E672.92432
G1 X90.281 Y113.969 E672.95689
G1 X90.473 Y114.932 E672.98955
G1 X90.784 Y115.849 E673.02175
G1 X91.217 Y116.727 E673.05431
G1 X91.762 Y117.542 E673.08692
G1 X92.406 Y118.278 E673.11945
G1 X93.142 Y118.922 E673.15198
G1 X93.957 Y119.467 E673.18459
G1 X94.835 Y119.9 E673.21715
G1 X95.752 Y120.211 E673.24935
G1 X96.715 Y120.403 E673.28201
G1 X97.836 Y120.476 E673.31938
G1 X98.065 Y120.598 E673.32801
G1 X98.199 Y120.745 E673.33462
G1 X98.29 Y121.01 E673.34394
G1 X98.292 Y136.34 E673.85382
G1 X99.104 Y136.341 E673.88083
G1 X99.54 Y136.566 E673.89715
G1 F1550.4 X99.655 Y136.94 E673.90974
G1 F1566.6 X99.595 Y137.217 E673.91876
G1 F1515.2 X98.286 Y139.718 E674.01171
G1 F1500 X98.289 Y140.056 E674.02296
G1 X117.5 Y140.056 E674.66192
G1 F2700 E669.66192
G0 F9000 X117.5 Y139.749
G0 X134.821 Y138.694
G0 X137.276 Y117.028
G0 X137.303 Y116.719
G1 F2700 E674.66192
G1 F1500 X136.654 Y116.659 E674.68359
G1 X136.026 Y116.491 E674.70522
G1 X135.439 Y116.214 E674.7268
G1 X134.92 Y115.852 E674.74785
G1 X134.452 Y115.386 E674.76982
G1 X134.095 Y114.877 E674.79049
G1 X133.803 Y114.265 E674.81305
G1 X133.635 Y113.632 E674.83483
G1 X133.58 Y112.995 E674.8561
G1 X133.634 Y112.347 E674.87772
G1 X133.802 Y111.712 E674.89957
G1 X134.079 Y111.125 E674.92116
G1 X134.451 Y110.591 E674.9428
G1 X134.907 Y110.135 E674.96425
G1 X135.441 Y109.763 E674.9859
G1 X136.032 Y109.485 E675.00762
G1 X136.656 Y109.325 E675.02905
G1 X137.281 Y109.268 E675.04992
G1 X137.966 Y109.327 E675.07279
G1 X138.569 Y109.483 E675.0935
G1 X139.133 Y109.744 E675.11417
G1 X139.695 Y110.13 E675.13685
G1 X140.163 Y110.593 E675.15875
G1 X140.532 Y111.128 E675.18036
G1 X140.812 Y111.725 E675.2023
G1 X140.969 Y112.332 E675.22315
G1 X141.035 Y112.997 E675.24537
G1 X140.97 Y113.652 E675.26727
G1 X140.813 Y114.255 E675.28799
G1 X140.512 Y114.886 E675.31124
G1 X140.159 Y115.391 E675.33174
G1 X139.708 Y115.836 E675.35281
G1 X139.168 Y116.217 E675.37479
G1 X138.569 Y116.497 E675.39678
G1 X137.967 Y116.657 E675.4175
G1 X137.303 Y116.719 E675.43968
G0 F9000 X137.286 Y116.316
;TYPE:WALL-OUTER
G1 F1500 X136.708 Y116.262 E675.45899
G1 X136.184 Y116.122 E675.47703
G1 X135.642 Y115.869 E675.49692
G1 X135.181 Y115.549 E675.51559
G1 X134.758 Y115.129 E675.53542
G1 X134.428 Y114.655 E675.55462
G1 X134.179 Y114.129 E675.57398
G1 X134.028 Y113.554 E675.59375
G1 X133.98 Y112.974 E675.61311
G1 X134.034 Y112.396 E675.63242
G1 X134.174 Y111.868 E675.65059
G1 X134.435 Y111.313 E675.67099
G1 X134.747 Y110.865 E675.68914
G1 X135.181 Y110.431 E675.70956
G1 X135.629 Y110.119 E675.72772
G1 X136.185 Y109.858 E675.74814
G1 X136.742 Y109.716 E675.76726
G1 X137.322 Y109.668 E675.78662
G1 X137.888 Y109.719 E675.80552
G1 X138.441 Y109.862 E675.82452
G1 X138.968 Y110.11 E675.84389
G1 X139.453 Y110.453 E675.86365
G1 X139.851 Y110.848 E675.8823
G1 X140.186 Y111.328 E675.90177
G1 X140.434 Y111.855 E675.92114
G1 X140.577 Y112.409 E675.94017
G1 X140.632 Y113.005 E675.96008
G1 X140.58 Y113.556 E675.97848
G1 X140.434 Y114.125 E675.99802
G1 X140.177 Y114.667 E676.01797
G1 X139.865 Y115.115 E676.03613
G1 X139.444 Y115.535 E676.05591
G1 X138.98 Y115.863 E676.07481
G1 X138.441 Y116.118 E676.09464
G1 X137.888 Y116.265 E676.11367
G1 X137.286 Y116.316 E676.13377
G1 F2700 E671.13377
G0 F9000 X137.225 Y117.023
G0 X134.821 Y138.694
G0 X117.5 Y138.331
G0 X117.5 Y137.62
G1 F2700 E676.13377
G1 F1500 X103.887 Y137.62 E676.58654
G1 X100.651 Y138.481 E676.69791
G1 X100.55 Y138.474 E676.70128
G1 X100.462 Y138.413 E676.70484
G1 X100.416 Y138.284 E676.7094
G1 X100.416 Y132.348 E676.90683
G1 X100.502 Y132.183 E676.91302
G1 X100.627 Y132.148 E676.91733
G1 X103.66 Y132.955 E677.02172
G1 X103.66 Y128.889 E677.15696
G1 X103.714 Y128.329 E677.17567
G1 X103.858 Y127.791 E677.19419
G1 X104.078 Y127.319 E677.21151
G1 X104.4 Y126.856 E677.23027
G1 X104.821 Y126.435 E677.25007
G1 X105.241 Y126.143 E677.26709
G1 X105.759 Y125.897 E677.28616
G1 X106.307 Y125.75 E677.30503
G1 X106.864 Y125.704 E677.32362
G1 X128.153 Y125.704 E678.0317
G1 X128.693 Y125.75 E678.04972
G1 X129.237 Y125.897 E678.06846
G1 X129.754 Y126.143 E678.08751
G1 X130.206 Y126.458 E678.10583
G1 X130.601 Y126.857 E678.1245
G1 X130.918 Y127.319 E678.14314
G1 X131.15 Y127.823 E678.16159
G1 X131.286 Y128.327 E678.17896
G1 X131.336 Y128.891 E678.19779
G1 X131.336 Y132.955 E678.33296
G1 X134.369 Y132.148 E678.43735
G1 X134.494 Y132.183 E678.44166
G1 X134.58 Y132.348 E678.44785
G1 X134.58 Y138.284 E678.64528
G1 X134.534 Y138.413 E678.64984
G1 X134.446 Y138.474 E678.6534
G1 X134.328 Y138.478 E678.65733
G1 X131.113 Y137.62 E678.768
G1 X117.5 Y137.62 E679.22077
G1 F2700 E674.22077
G0 F9000 X117.5 Y138.331
G0 X117.5 Y139.749
G0 X117.5 Y140.455
G1 F2700 E679.22077
G1 F1500 X136.996 Y140.455 E679.86921
G1 X137.108 Y140.344 E679.87446
G1 X137.111 Y139.618 E679.8986
G1 X135.717 Y136.97 E679.99813
G1 X135.771 Y136.816 E680.00356
G1 X135.916 Y136.74 E680.00901
G1 X137.104 Y136.74 E680.04852
G1 X137.104 Y121.048 E680.57044
G1 X137.135 Y120.96 E680.57354
G1 X137.232 Y120.872 E680.5779
G1 X138.337 Y120.801 E680.61473
G1 X139.348 Y120.598 E680.64902
G1 X140.315 Y120.27 E680.68299
G1 X141.243 Y119.814 E680.71738
G1 X142.097 Y119.241 E680.75158
G1 X142.874 Y118.562 E680.7859
G1 X143.552 Y117.786 E680.82017
G1 X144.126 Y116.927 E680.85454
G1 X144.582 Y116.002 E680.88884
G1 X144.914 Y115.036 E680.92281
G1 X145.113 Y114.022 E680.95718
G1 X145.179 Y112.992 E680.99151
G1 X145.113 Y111.962 E681.02584
G1 X144.914 Y110.948 E681.06021
G1 X144.582 Y109.981 E681.09421
G1 X144.126 Y109.053 E681.1286
G1 X143.553 Y108.199 E681.16281
G1 X142.874 Y107.422 E681.19713
G1 X142.097 Y106.744 E681.23143
G1 X141.243 Y106.17 E681.26565
G1 X140.315 Y105.714 E681.30004
G1 X139.348 Y105.386 E681.334
G1 X138.337 Y105.183 E681.3683
G1 X137.289 Y105.112 E681.40324
G1 X124.069 Y105.11 E681.84294
G1 X123.967 Y105.059 E681.84673
G1 X123.904 Y104.93 E681.8515
G1 X123.904 Y94.54 E682.19708
G1 X121.073 Y94.54 E682.29124
G1 X122.174 Y98.049 E682.41356
G1 X122.156 Y98.172 E682.41769
G1 X122.046 Y98.284 E682.42291
G1 X112.95 Y98.284 E682.72545
G1 X112.84 Y98.172 E682.73067
G1 X112.822 Y98.049 E682.7348
G1 X113.927 Y94.541 E682.85713
G1 X111.097 Y94.541 E682.95126
G1 X111.095 Y104.936 E683.29699
G1 X111.059 Y105.029 E683.30031
G1 X110.931 Y105.11 E683.30535
G1 X97.711 Y105.112 E683.74505
G1 X96.663 Y105.183 E683.77999
G1 X95.648 Y105.386 E683.81441
G1 X94.681 Y105.714 E683.84838
G1 X93.757 Y106.17 E683.88265
G1 X92.898 Y106.744 E683.91701
G1 X92.122 Y107.422 E683.95128
G1 X91.443 Y108.199 E683.9856
G1 X90.87 Y109.053 E684.01981
G1 X90.414 Y109.981 E684.0542
G1 X90.086 Y110.948 E684.08816
G1 X89.883 Y111.963 E684.12259
G1 X89.817 Y112.992 E684.15688
G1 X89.883 Y114.021 E684.19118
G1 X90.086 Y115.036 E684.22561
G1 X90.414 Y116.003 E684.25957
G1 X90.87 Y116.927 E684.29384
G1 X91.444 Y117.786 E684.3282
G1 X92.122 Y118.562 E684.36247
G1 X92.898 Y119.24 E684.39675
G1 X93.757 Y119.814 E684.43111
G1 X94.681 Y120.27 E684.46538
G1 X95.648 Y120.598 E684.49934
G1 X96.663 Y120.801 E684.53377
G1 X97.764 Y120.871 E684.57046
G1 X97.861 Y120.96 E684.57484
G1 X97.892 Y121.048 E684.57795
G1 X97.892 Y136.74 E685.09986
G1 X99.08 Y136.74 E685.13938
G1 X99.226 Y136.815 E685.14484
G1 X99.279 Y136.972 E685.15035
G1 X97.885 Y139.621 E685.24991
G1 X97.892 Y140.347 E685.27406
G1 X98.002 Y140.456 E685.27921
G1 X117.5 Y140.455 E685.92771
G1 F2700 E680.92771
G0 F9000 X117.5 Y139.749
G0 X100.179 Y138.694
G0 X100.179 Y134.866
G0 X97.613 Y117.023
G0 X97.674 Y116.316
G1 F2700 E685.92771
G1 F1500 X97.096 Y116.262 E685.94702
G1 X96.559 Y116.118 E685.96551
G1 X96.028 Y115.87 E685.98501
G1 X95.552 Y115.535 E686.00436
G1 X95.149 Y115.132 E686.02332
G1 X94.817 Y114.664 E686.04241
G1 X94.574 Y114.145 E686.06147
G1 X94.419 Y113.576 E686.08108
G1 X94.368 Y112.974 E686.10117
G1 X94.422 Y112.396 E686.12048
G1 X94.566 Y111.855 E686.1391
G1 X94.81 Y111.328 E686.15842
G1 X95.158 Y110.838 E686.17841
G1 X95.552 Y110.445 E686.19692
G1 X96.016 Y110.117 E686.21582
G1 X96.539 Y109.87 E686.23505
G1 X97.108 Y109.719 E686.25463
G1 X97.71 Y109.668 E686.27473
G1 X98.287 Y109.722 E686.294
G1 X98.845 Y109.87 E686.3132
G1 X99.372 Y110.12 E686.3326
G1 X99.842 Y110.454 E686.35178
G1 X100.248 Y110.864 E686.37097
G1 X100.582 Y111.343 E686.3904
G1 X100.822 Y111.868 E686.40959
G1 X100.968 Y112.43 E686.42891
G1 X101.016 Y113.01 E686.44826
G1 X100.962 Y113.588 E686.46757
G1 X100.817 Y114.128 E686.48617
G1 X100.573 Y114.655 E686.50548
G1 X100.238 Y115.129 E686.52479
G1 X99.826 Y115.54 E686.54415
G1 X99.358 Y115.869 E686.56317
G1 X98.83 Y116.116 E686.58256
G1 X98.254 Y116.268 E686.60237
G1 X97.674 Y116.316 E686.62173
G0 F9000 X97.613 Y117.023
G0 X95.892 Y116.592
G0 X95.991 Y116.381
;TYPE:FILL
G1 F3000 X93.385 Y118.988 E686.74433
G0 F9000 X93.511 Y118.799
G0 X91.078 Y115.744
G0 X90.871 Y115.845
G1 F3000 X93.901 Y112.815 E686.88686
G0 F9000 X93.673 Y112.795
G0 X94.101 Y111.181
G0 X94.306 Y111.277
G1 F3000 X91.703 Y108.674 E687.00929
G0 F9000 X91.893 Y108.801
G0 X91.059 Y110.292
G0 X90.841 Y110.217
G1 F3000 X94.919 Y106.14 E687.20109
G1 X94.851 Y106.165
G1 X97.889 Y109.203 E687.34398
G0 F9000 X97.514 Y109.201
G1 F3000 X101.125 Y105.59 E687.51383
G0 F9000 X101.125 Y105.825
G0 X99.935 Y105.825
G0 X99.935 Y105.592
G1 F3000 X119.568 Y125.224 E688.43729
G0 F9000 X119.568 Y124.994
G0 X121.088 Y124.994
G0 X121.088 Y125.226
G1 F3000 X133.517 Y112.797 E689.02191
G0 F9000 X133.288 Y112.777
G0 X133.709 Y111.191
G0 X133.915 Y111.288
G1 F3000 X128.218 Y105.59 E689.2899
G0 F9000 X128.218 Y105.825
G0 X129.41 Y105.825
G0 X129.41 Y105.589
G1 F3000 X109.775 Y125.224 E690.21347
G0 F9000 X109.775 Y124.994
G0 X108.253 Y124.994
G0 X108.253 Y125.224
G1 F3000 X99.404 Y116.374 E690.62973
G0 F9000 X99.503 Y116.588
G0 X100.25 Y116.04
G0 X100.741 Y115.55
G0 X101.138 Y114.981
G0 X101.431 Y114.353
G0 X101.533 Y113.974
G0 X101.713 Y112.773
G0 X101.478 Y112.792
G1 F3000 X113.91 Y125.224 E691.21449
G0 F9000 X113.91 Y124.994
G0 X115.432 Y124.994
G0 X115.432 Y125.225
G1 F3000 X135.066 Y105.591 E692.13801
G0 F9000 X135.066 Y105.825
G0 X133.875 Y105.825
G0 X133.875 Y105.591
G1 F3000 X137.485 Y109.201 E692.30781
G0 F9000 X137.11 Y109.203
G1 F3000 X140.147 Y106.166 E692.45067
G1 X140.084 Y106.143
G1 X144.154 Y110.213 E692.64211
G0 F9000 X143.938 Y110.286
G0 X143.106 Y108.8
G0 X143.294 Y108.676
G1 F3000 X140.693 Y111.277 E692.76445
G0 F9000 X140.9 Y111.181
G0 X141.328 Y112.794
G0 X141.098 Y112.813
G1 F3000 X144.126 Y115.842 E692.9069
G0 F9000 X143.924 Y115.741
G0 X144.47 Y112.947
G0 X144.694 Y112.933
G1 F3000 X137.236 Y120.391 E693.2577
G1 X137.353 Y120.383
G1 X115.735 Y98.764 E694.27457
G0 F9000 X115.735 Y98.995
G0 X113.609 Y98.995
G0 X113.609 Y98.764
G1 F3000 X111.574 Y100.799 E694.37029
G0 F9000 X111.574 Y100.26
G1 F3000 X136.626 Y125.313 E695.54868
G0 F9000 X136.397 Y125.312
G0 X136.397 Y126.657
G0 X136.626 Y126.658
G1 F3000 X131.816 Y131.468 E695.77493
G0 F9000 X131.815 Y131.815
G1 F3000 X132.22 Y132.22 E695.79398
G0 F9000 X132.163 Y132
G0 X134.159 Y131.531
G0 X135.221 Y131.542
G0 X135.293 Y133.881
G0 X135.06 Y133.881
G1 F3000 X136.624 Y132.317 E695.86755
G0 F9000 X136.397 Y132.316
G0 X136.397 Y130.967
G0 X136.625 Y130.968
G1 F3000 X111.182 Y105.525 E697.06431
G0 F9000 X111.182 Y105.825
G0 X106.783 Y105.825
G0 X106.783 Y105.589
G1 F3000 X101.085 Y111.287 E697.33232
G0 F9000 X101.292 Y111.191
G0 X105.59 Y105.825
G0 X105.59 Y105.59
G1 F3000 X125.225 Y125.225 E698.25589
G0 F9000 X125.225 Y124.994
G0 X126.745 Y124.994
G0 X126.745 Y125.226
G1 F3000 X135.593 Y116.377 E698.6721
G0 F9000 X135.495 Y116.587
G0 X136.617 Y116.911
G0 X137.307 Y116.971
G0 X137.865 Y116.922
G0 X139.106 Y116.593
G0 X139.007 Y116.38
G1 F3000 X141.614 Y118.986 E698.7947
G0 F9000 X141.49 Y118.798
G0 X136.468 Y120.285
G0 X136.397 Y120.994
G0 X136.632 Y120.995
G1 F3000 X131.016 Y126.612 E699.05888
G0 F9000 X131.202 Y126.482
G0 X135.221 Y131.542
G0 X135.293 Y135.06
G0 X135.06 Y135.06
G1 F3000 X136.26 Y136.26 E699.11533
G0 F9000 X136.261 Y136.03
G0 X135.553 Y136.502
G0 X135.545 Y137.038
G0 X135.819 Y138.68
G0 X136.023 Y138.575
G1 F3000 X134.622 Y139.976 E699.18123
G0 F9000 X134.318 Y139.975
G1 F3000 X132.947 Y138.604 E699.24572
G0 F9000 X132.887 Y138.828
G0 X130.842 Y138.331
G0 X130.842 Y138.099
G1 F3000 X128.965 Y139.976 E699.334
G0 F9000 X128.662 Y139.975
G1 F3000 X126.786 Y138.099 E699.42225
G0 F9000 X126.786 Y138.331
G0 X125.185 Y138.331
G0 X125.185 Y138.099
G1 F3000 X123.308 Y139.976 E699.51053
G0 F9000 X123.005 Y139.975
G1 F3000 X121.129 Y138.099 E699.59877
G0 F9000 X121.129 Y138.331
G0 X119.528 Y138.331
G0 X119.528 Y138.099
G1 F3000 X117.651 Y139.976 E699.68706
G0 F9000 X117.348 Y139.975
G1 F3000 X115.472 Y138.099 E699.7753
G0 F9000 X115.472 Y138.331
G0 X113.871 Y138.331
G0 X113.871 Y138.099
G1 F3000 X111.994 Y139.976 E699.86359
G0 F9000 X111.691 Y139.975
G1 F3000 X109.815 Y138.099 E699.95183
G0 F9000 X109.815 Y138.331
G0 X108.214 Y138.331
G0 X108.214 Y138.099
G1 F3000 X106.338 Y139.976 E700.0401
G0 F9000 X106.034 Y139.975
G1 F3000 X104.158 Y138.099 E700.12834
G0 F9000 X104.158 Y138.331
G0 X102.114 Y138.828
G0 X102.055 Y138.602
G1 F3000 X100.681 Y139.976 E700.19297
G0 F9000 X100.377 Y139.975
G1 F3000 X98.974 Y138.572 E700.25896
G0 F9000 X99.182 Y138.682
G0 X99.457 Y137.165
G0 X99.447 Y136.503
G0 X98.739 Y136.031
G0 X98.739 Y136.261
G1 F3000 X99.935 Y135.064 E700.31524
G0 F9000 X99.707 Y135.064
G0 X99.707 Y133.877
G0 X99.936 Y133.877
G1 F3000 X98.371 Y132.312 E700.38885
G0 F9000 X98.604 Y132.312
G0 X98.604 Y130.972
G0 X98.371 Y130.972
G1 F3000 X123.82 Y105.523 E701.5859
G0 F9000 X123.82 Y105.825
G0 X123.266 Y105.753
G0 X123.194 Y100.8
G0 X123.428 Y100.8
G1 F3000 X121.392 Y98.764 E701.68166
G0 F9000 X121.392 Y98.995
G0 X119.266 Y98.995
G0 X119.266 Y98.764
G1 F3000 X97.646 Y120.384 E702.6986
G1 X97.763 Y120.391
G1 X90.302 Y112.929 E703.04957
G0 F9000 X90.529 Y112.944
G0 X98.532 Y120.285
G0 X98.604 Y120.988
G0 X98.361 Y120.988
G1 F3000 X103.985 Y126.612 E703.3141
G0 F9000 X103.799 Y126.481
G0 X103.241 Y127.587
G0 X103.067 Y128.236
G0 X102.951 Y131.465
G0 X103.181 Y131.465
G1 F3000 X98.369 Y126.653 E703.54045
G0 F9000 X98.604 Y126.653
G0 X98.604 Y125.316
G0 X98.37 Y125.316
G1 F3000 X123.426 Y100.26 E704.719
G0 F9000 X123.194 Y100.26
G0 X122.824 Y98.06
G0 X122.254 Y95.927
G0 X122.034 Y95.995
G1 F3000 X123.01 Y95.02 E704.76489
G0 F9000 X123.305 Y95.02
G1 F3000 X123.425 Y95.141 E704.77056
G0 F9000 X123.224 Y95.222
G0 X122.78 Y98.923
G0 X112.22 Y98.923
G0 X112.217 Y97.926
G0 X112.747 Y95.927
G0 X112.965 Y95.995
G1 F3000 X111.992 Y95.021 E704.81635
G0 F9000 X111.695 Y95.021
G1 F3000 X111.577 Y95.138 E704.82187
G1 F2700 E699.82187
G0 F9000 X111.776 Y95.222
G0 X111.734 Y105.753
G0 X103.241 Y127.587
G0 X103.067 Y128.236
G0 X102.951 Y131.82
G0 X103.18 Y131.82
G1 F2700 E704.82187
G1 F3000 X102.778 Y132.222 E704.84078
G0 F9000 X102.651 Y131.711
;MESH:NONMESH
G0 F300 X102.651 Y131.711 Z1.6
G0 F9000 X97.663 Y117.028
G0 X97.69 Y116.719
;TIME_ELAPSED:1157.609615
;LAYER:7
;TYPE:WALL-INNER
;MESH:FT05-Frame Part B.stl
G1 F1500 X97.03 Y116.657 E704.86283
G1 X96.431 Y116.497 E704.88345
G1 X95.862 Y116.235 E704.90429
G1 X95.297 Y115.847 E704.92708
G1 X94.848 Y115.395 E704.94827
G1 X94.46 Y114.851 E704.9705
G1 X94.187 Y114.253 E704.99236
G1 X94.027 Y113.654 E705.01298
G1 X93.965 Y112.992 E705.0351
G1 X94.023 Y112.339 E705.0569
G1 X94.187 Y111.727 E705.07798
G1 X94.462 Y111.125 E705.09999
G1 X94.841 Y110.589 E705.12182
G1 X95.288 Y110.144 E705.1428
G1 X95.828 Y109.763 E705.16478
G1 X96.431 Y109.483 E705.18689
G1 X97.03 Y109.327 E705.20748
G1 X97.715 Y109.268 E705.23035
G1 X98.338 Y109.322 E705.25115
G1 X98.967 Y109.486 E705.27277
G1 X99.558 Y109.762 E705.29446
G1 X100.092 Y110.138 E705.31618
G1 X100.544 Y110.59 E705.33745
G1 X100.923 Y111.127 E705.35931
G1 X101.193 Y111.711 E705.38071
G1 X101.362 Y112.347 E705.40259
G1 X101.416 Y112.995 E705.42422
G1 X101.359 Y113.643 E705.44586
G1 X101.193 Y114.263 E705.4672
G1 X100.917 Y114.859 E705.48905
G1 X100.544 Y115.386 E705.51052
G1 X100.077 Y115.852 E705.53247
G1 X99.561 Y116.213 E705.55341
G1 X98.969 Y116.494 E705.57521
G1 X98.342 Y116.659 E705.59677
G1 X97.69 Y116.719 E705.61855
G1 F2700 E700.61855
G0 F9000 X97.663 Y117.028
G0 X100.179 Y131.942
G0 X100.179 Y138.694
G0 X117.5 Y138.331
G0 X117.5 Y138.02
G1 F2700 E705.61855
G1 F1500 X103.939 Y138.02 E706.06959
G1 X100.72 Y138.875 E706.18037
G1 X100.419 Y138.852 E706.19041
G1 X100.155 Y138.669 E706.20109
G1 X100.016 Y138.284 E706.2147
G1 F1550.4 X100.029 Y136.94 E706.25796
G1 X100.016 Y136.401 E706.2753
G1 F1500 X100.016 Y132.348 E706.41011
G1 X100.093 Y132.052 E706.42028
G1 X100.276 Y131.853 E706.42927
G1 X100.477 Y131.764 E706.43658
G1 X100.685 Y131.745 E706.44353
G1 X103.26 Y132.434 E706.53219
G1 X103.262 Y128.853 E706.65129
G1 X103.315 Y128.274 E706.67063
G1 X103.473 Y127.672 E706.69133
G1 X103.739 Y127.101 E706.71228
G1 X104.104 Y126.582 E706.73339
G1 X104.547 Y126.139 E706.75422
G1 X105.054 Y125.787 E706.77475
G1 X105.614 Y125.524 E706.79533
G1 X106.241 Y125.356 E706.81692
G1 X106.816 Y125.305 E706.83612
G1 X128.187 Y125.306 E707.54692
G1 X128.759 Y125.356 E707.56602
G1 X129.382 Y125.524 E707.58748
G1 X129.944 Y125.787 E707.60812
G1 X130.45 Y126.136 E707.62856
G1 X130.897 Y126.583 E707.64959
G1 X131.258 Y127.103 E707.67064
G1 X131.523 Y127.672 E707.69152
G1 X131.687 Y128.277 E707.71237
G1 X131.735 Y128.858 E707.73176
G1 X131.736 Y132.434 E707.8507
G1 X134.311 Y131.745 E707.93935
G1 X134.52 Y131.764 E707.94633
G1 X134.72 Y131.853 E707.95362
G1 X134.903 Y132.052 E707.96261
G1 X134.98 Y132.348 E707.97278
G1 X134.98 Y136.402 E708.10762
G1 F1550.4 X134.967 Y136.94 E708.12493
G1 X134.98 Y138.284 E708.16818
G1 F1500 X134.841 Y138.669 E708.1818
G1 X134.577 Y138.852 E708.19248
G1 X134.276 Y138.875 E708.20252
G1 X131.061 Y138.02 E708.31317
G1 X117.5 Y138.02 E708.76421
G0 F9000 X117.5 Y138.331
G0 X117.5 Y139.749
G0 X117.5 Y140.056
G1 F1500 X136.708 Y140.055 E709.40307
G1 X136.71 Y139.716 E709.41435
G1 F1515.2 X135.4 Y137.218 E709.50723
G1 F1562.5 X135.341 Y136.94 E709.5163
G1 F1550.4 X135.457 Y136.568 E709.52884
G1 F1500 X135.892 Y136.341 E709.54516
G1 X136.704 Y136.34 E709.57217
G1 X136.706 Y121.01 E710.08204
G1 X136.797 Y120.746 E710.09133
G1 X136.93 Y120.597 E710.09797
G1 X137.16 Y120.476 E710.10662
G1 X138.285 Y120.403 E710.14411
G1 X139.244 Y120.211 E710.17664
G1 X140.162 Y119.9 E710.20888
G1 X141.043 Y119.467 E710.24153
G1 X141.853 Y118.923 E710.27398
G1 X142.59 Y118.278 E710.30656
G1 X143.234 Y117.542 E710.33909
G1 X143.779 Y116.727 E710.3717
G1 X144.212 Y115.848 E710.40429
G1 X144.527 Y114.932 E710.4365
G1 X144.715 Y113.97 E710.4691
G1 X144.778 Y112.992 E710.5017
G1 X144.715 Y112.014 E710.5343
G1 X144.527 Y111.052 E710.5669
G1 X144.212 Y110.135 E710.59915
G1 X143.779 Y109.253 E710.63183
G1 X143.235 Y108.443 E710.66428
G1 X142.59 Y107.706 E710.69685
G1 X141.853 Y107.062 E710.72941
G1 X141.043 Y106.517 E710.76188
G1 X140.162 Y106.084 E710.79453
G1 X139.244 Y105.773 E710.82676
G1 X138.284 Y105.581 E710.85933
G1 X137.275 Y105.512 E710.89296
G1 X124.046 Y105.51 E711.33296
G1 X123.74 Y105.39 E711.3439
G1 X123.539 Y105.115 E711.35522
G1 X123.508 Y104.984 E711.3597
G1 X123.504 Y94.94 E711.69377
G1 X121.618 Y94.94 E711.7565
G1 X122.568 Y97.98 E711.86243
G1 X122.568 Y98.188 E711.86935
G1 X122.516 Y98.348 E711.87494
G1 X122.247 Y98.62 E711.88767
G1 X121.976 Y98.684 E711.89693
G1 X113.02 Y98.684 E712.1948
G1 X112.749 Y98.62 E712.20407
G1 X112.48 Y98.347 E712.21681
G1 X112.428 Y98.188 E712.22238
G1 X112.428 Y97.98 E712.2293
G1 X113.381 Y94.941 E712.33523
G1 X111.497 Y94.941 E712.39789
G1 X111.492 Y104.984 E712.73192
G1 X111.357 Y105.297 E712.74326
G1 X111.086 Y105.482 E712.75417
G1 X110.954 Y105.51 E712.75866
G1 X97.725 Y105.512 E713.19866
G1 X96.716 Y105.58 E713.23229
G1 X95.752 Y105.773 E713.26499
G1 X94.834 Y106.084 E713.29723
G1 X93.957 Y106.517 E713.32976
G1 X93.142 Y107.062 E713.36237
G1 X92.406 Y107.706 E713.3949
G1 X91.761 Y108.443 E713.42747
G1 X91.217 Y109.253 E713.45992
G1 X90.784 Y110.134 E713.49257
G1 X90.473 Y111.052 E713.52481
G1 X90.281 Y112.015 E713.55747
G1 X90.218 Y112.992 E713.59003
G1 X90.281 Y113.969 E713.6226
G1 X90.473 Y114.932 E713.65526
G1 X90.784 Y115.849 E713.68746
G1 X91.217 Y116.727 E713.72002
G1 X91.762 Y117.542 E713.75263
G1 X92.406 Y118.278 E713.78516
G1 X93.142 Y118.922 E713.81769
G1 X93.957 Y119.467 E713.8503
G1 X94.835 Y119.9 E713.88286
G1 X95.752 Y120.211 E713.91506
G1 X96.715 Y120.403 E713.94772
G1 X97.836 Y120.476 E713.98509
G1 X98.065 Y120.598 E713.99372
G1 X98.199 Y120.745 E714.00033
G1 X98.29 Y121.01 E714.00965
G1 X98.292 Y136.34 E714.51953
G1 X99.104 Y136.341 E714.54654
G1 X99.54 Y136.566 E714.56286
G1 F1550.4 X99.655 Y136.94 E714.57545
G1 F1566.6 X99.595 Y137.217 E714.58447
G1 F1515.2 X98.286 Y139.718 E714.67742
G1 F1500 X98.289 Y140.056 E714.68866
G1 X117.5 Y140.056 E715.32762
G1 F2700 E710.32762
G0 F9000 X117.5 Y139.749
G0 X134.821 Y138.694
G0 X137.276 Y117.028
G0 X137.303 Y116.719
G1 F2700 E715.32762
G1 F1500 X136.654 Y116.659 E715.3493
G1 X136.026 Y116.491 E715.37092
G1 X135.439 Y116.214 E715.39251
G1 X134.92 Y115.852 E715.41356
G1 X134.452 Y115.386 E715.43553
G1 X134.095 Y114.877 E715.4562
G1 X133.803 Y114.265 E715.47876
G1 X133.635 Y113.632 E715.50054
G1 X133.58 Y112.995 E715.52181
G1 X133.634 Y112.347 E715.54343
G1 X133.802 Y111.712 E715.56528
G1 X134.079 Y111.125 E715.58687
G1 X134.451 Y110.591 E715.60851
G1 X134.907 Y110.135 E715.62996
G1 X135.441 Y109.763 E715.65161
G1 X136.032 Y109.485 E715.67333
G1 X136.656 Y109.325 E715.69476
G1 X137.281 Y109.268 E715.71563
G1 X137.966 Y109.327 E715.7385
G1 X138.569 Y109.483 E715.75921
G1 X139.133 Y109.744 E715.77988
G1 X139.695 Y110.13 E715.80256
G1 X140.163 Y110.593 E715.82446
G1 X140.532 Y111.128 E715.84607
G1 X140.812 Y111.725 E715.868
G1 X140.969 Y112.332 E715.88886
G1 X141.035 Y112.997 E715.91108
G1 X140.97 Y113.652 E715.93298
G1 X140.813 Y114.255 E715.9537
G1 X140.512 Y114.886 E715.97695
G1 X140.159 Y115.391 E715.99745
G1 X139.708 Y115.836 E716.01852
G1 X139.168 Y116.217 E716.0405
G1 X138.569 Y116.497 E716.06249
G1 X137.967 Y116.657 E716.08321
G1 X137.303 Y116.719 E716.10539
G0 F9000 X137.286 Y116.316
;TYPE:WALL-OUTER
G1 F1500 X136.708 Y116.262 E716.1247
G1 X136.184 Y116.122 E716.14274
G1 X135.642 Y115.869 E716.16263
G1 X135.181 Y115.549 E716.1813
G1 X134.758 Y115.129 E716.20112
G1 X134.428 Y114.655 E716.22033
G1 X134.179 Y114.129 E716.23969
G1 X134.028 Y113.554 E716.25946
G1 X133.98 Y112.974 E716.27882
G1 X134.034 Y112.396 E716.29813
G1 X134.174 Y111.868 E716.3163
G1 X134.435 Y111.313 E716.3367
G1 X134.747 Y110.865 E716.35485
G1 X135.181 Y110.431 E716.37527
G1 X135.629 Y110.119 E716.39343
G1 X136.185 Y109.858 E716.41385
G1 X136.742 Y109.716 E716.43297
G1 X137.322 Y109.668 E716.45233
G1 X137.888 Y109.719 E716.47123
G1 X138.441 Y109.862 E716.49023
G1 X138.968 Y110.11 E716.5096
G1 X139.453 Y110.453 E716.52936
G1 X139.851 Y110.848 E716.54801
G1 X140.186 Y111.328 E716.56748
G1 X140.434 Y111.855 E716.58685
G1 X140.577 Y112.409 E716.60588
G1 X140.632 Y113.012 E716.62602
G1 X140.58 Y113.556 E716.64419
G1 X140.434 Y114.125 E716.66373
G1 X140.177 Y114.667 E716.68368
G1 X139.865 Y115.115 E716.70184
G1 X139.444 Y115.535 E716.72162
G1 X138.98 Y115.863 E716.74052
G1 X138.441 Y116.118 E716.76035
G1 X137.888 Y116.265 E716.77938
G1 X137.286 Y116.316 E716.79948
G1 F2700 E711.79948
G0 F9000 X137.225 Y117.023
G0 X134.821 Y138.694
G0 X117.5 Y138.331
G0 X117.5 Y137.62
G1 F2700 E716.79948
G1 F1500 X103.887 Y137.62 E717.25225
G1 X100.651 Y138.481 E717.36362
G1 X100.55 Y138.474 E717.36699
G1 X100.462 Y138.413 E717.37055
G1 X100.416 Y138.284 E717.37511
G1 X100.416 Y132.348 E717.57254
G1 X100.502 Y132.183 E717.57873
G1 X100.627 Y132.148 E717.58304
G1 X103.66 Y132.955 E717.68743
G1 X103.66 Y128.889 E717.82267
G1 X103.714 Y128.329 E717.84138
G1 X103.858 Y127.791 E717.8599
G1 X104.078 Y127.319 E717.87722
G1 X104.4 Y126.856 E717.89598
G1 X104.821 Y126.435 E717.91578
G1 X105.241 Y126.143 E717.9328
G1 X105.759 Y125.897 E717.95187
G1 X106.307 Y125.75 E717.97074
G1 X106.864 Y125.704 E717.98933
G1 X128.153 Y125.704 E718.69741
G1 X128.693 Y125.75 E718.71543
G1 X129.237 Y125.897 E718.73417
G1 X129.754 Y126.143 E718.75322
G1 X130.206 Y126.458 E718.77154
G1 X130.601 Y126.857 E718.79021
G1 X130.918 Y127.319 E718.80885
G1 X131.15 Y127.823 E718.8273
G1 X131.286 Y128.327 E718.84467
G1 X131.336 Y128.891 E718.8635
G1 X131.336 Y132.955 E718.99867
G1 X134.369 Y132.148 E719.10306
G1 X134.494 Y132.183 E719.10737
G1 X134.58 Y132.348 E719.11356
G1 X134.58 Y138.284 E719.31099
G1 X134.534 Y138.413 E719.31555
G1 X134.446 Y138.474 E719.31911
G1 X134.328 Y138.478 E719.32304
G1 X131.113 Y137.62 E719.43371
G1 X117.5 Y137.62 E719.88648
G1 F2700 E714.88648
G0 F9000 X117.5 Y138.331
G0 X117.5 Y139.749
G0 X117.5 Y140.455
G1 F2700 E719.88648
G1 F1500 X136.996 Y140.455 E720.53492
G1 X137.108 Y140.344 E720.54017
G1 X137.111 Y139.618 E720.56431
G1 X135.717 Y136.97 E720.66384
G1 X135.771 Y136.816 E720.66927
G1 X135.916 Y136.74 E720.67472
G1 X137.104 Y136.74 E720.71423
G1 X137.104 Y121.048 E721.23615
G1 X137.135 Y120.96 E721.23925
G1 X137.232 Y120.872 E721.24361
G1 X138.337 Y120.801 E721.28044
G1 X139.348 Y120.598 E721.31473
G1 X140.315 Y120.27 E721.34869
G1 X141.243 Y119.814 E721.38308
G1 X142.097 Y119.241 E721.41729
G1 X142.874 Y118.562 E721.45161
G1 X143.552 Y117.786 E721.48588
G1 X144.126 Y116.927 E721.52025
G1 X144.582 Y116.002 E721.55455
G1 X144.914 Y115.036 E721.58852
G1 X145.113 Y114.022 E721.62289
G1 X145.179 Y112.992 E721.65722
G1 X145.113 Y111.962 E721.69155
G1 X144.914 Y110.948 E721.72592
G1 X144.582 Y109.981 E721.75992
G1 X144.126 Y109.053 E721.79431
G1 X143.553 Y108.199 E721.82852
G1 X142.874 Y107.422 E721.86284
G1 X142.097 Y106.744 E721.89714
G1 X141.243 Y106.17 E721.93136
G1 X140.315 Y105.714 E721.96575
G1 X139.348 Y105.386 E721.99971
G1 X138.337 Y105.183 E722.03401
G1 X137.289 Y105.112 E722.06895
G1 X124.069 Y105.11 E722.50864
G1 X123.967 Y105.059 E722.51244
G1 X123.904 Y104.93 E722.51721
G1 X123.904 Y94.54 E722.86279
G1 X121.073 Y94.54 E722.95694
G1 X122.174 Y98.049 E723.07926
G1 X122.156 Y98.172 E723.0834
G1 X122.046 Y98.284 E723.08862
G1 X112.95 Y98.284 E723.39115
G1 X112.84 Y98.172 E723.39638
G1 X112.822 Y98.049 E723.40051
G1 X113.927 Y94.541 E723.52284
G1 X111.097 Y94.541 E723.61697
G1 X111.095 Y104.936 E723.9627
G1 X111.059 Y105.029 E723.96602
G1 X110.931 Y105.11 E723.97106
G1 X97.711 Y105.112 E724.41076
G1 X96.663 Y105.183 E724.44569
G1 X95.648 Y105.386 E724.48012
G1 X94.681 Y105.714 E724.51408
G1 X93.757 Y106.17 E724.54836
G1 X92.898 Y106.744 E724.58272
G1 X92.122 Y107.422 E724.61699
G1 X91.443 Y108.199 E724.65131
G1 X90.87 Y109.053 E724.68552
G1 X90.414 Y109.981 E724.71991
G1 X90.086 Y110.948 E724.75387
G1 X89.883 Y111.963 E724.7883
G1 X89.817 Y112.992 E724.82259
G1 X89.883 Y114.021 E724.85689
G1 X90.086 Y115.036 E724.89131
G1 X90.414 Y116.003 E724.92528
G1 X90.87 Y116.927 E724.95955
G1 X91.444 Y117.786 E724.99391
G1 X92.122 Y118.562 E725.02818
G1 X92.898 Y119.24 E725.06246
G1 X93.757 Y119.814 E725.09682
G1 X94.681 Y120.27 E725.13109
G1 X95.648 Y120.598 E725.16505
G1 X96.663 Y120.801 E725.19948
G1 X97.764 Y120.871 E725.23617
G1 X97.861 Y120.96 E725.24055
G1 X97.892 Y121.048 E725.24366
G1 X97.892 Y136.74 E725.76557
G1 X99.08 Y136.74 E725.80509
G1 X99.226 Y136.815 E725.81055
G1 X99.279 Y136.972 E725.81606
G1 X97.885 Y139.621 E725.91562
G1 X97.892 Y140.347 E725.93977
G1 X98.002 Y140.456 E725.94492
G1 X117.5 Y140.455 E726.59342
G1 F2700 E721.59342
G0 F9000 X117.5 Y139.749
G0 X100.179 Y138.694
G0 X100.179 Y134.866
G0 X97.613 Y117.023
G0 X97.674 Y116.316
G1 F2700 E726.59342
G1 F1500 X97.096 Y116.262 E726.61273
G1 X96.559 Y116.118 E726.63122
G1 X96.028 Y115.87 E726.65071
G1 X95.552 Y115.535 E726.67007
G1 X95.149 Y115.132 E726.68903
G1 X94.817 Y114.664 E726.70811
G1 X94.562 Y114.112 E726.72834
G1 X94.419 Y113.576 E726.74679
G1 X94.368 Y112.974 E726.76688
G1 X94.422 Y112.396 E726.78619
G1 X94.566 Y111.855 E726.80481
G1 X94.81 Y111.328 E726.82413
G1 X95.158 Y110.838 E726.84412
G1 X95.552 Y110.445 E726.86263
G1 X96.016 Y110.117 E726.88153
G1 X96.539 Y109.87 E726.90076
G1 X97.108 Y109.719 E726.92034
G1 X97.71 Y109.668 E726.94044
G1 X98.287 Y109.722 E726.95971
G1 X98.845 Y109.87 E726.97891
G1 X99.372 Y110.12 E726.99831
G1 X99.842 Y110.454 E727.01749
G1 X100.248 Y110.864 E727.03668
G1 X100.582 Y111.343 E727.0561
G1 X100.822 Y111.868 E727.0753
G1 X100.968 Y112.43 E727.09462
G1 X101.016 Y113.01 E727.11397
G1 X100.962 Y113.588 E727.13328
G1 X100.817 Y114.128 E727.15188
G1 X100.573 Y114.655 E727.17119
G1 X100.238 Y115.129 E727.1905
G1 X99.826 Y115.54 E727.20986
G1 X99.358 Y115.869 E727.22888
G1 X98.83 Y116.116 E727.24827
G1 X98.254 Y116.268 E727.26808
G1 X97.674 Y116.316 E727.28744
G0 F9000 X97.613 Y117.023
G0 X95.892 Y116.592
G0 X95.991 Y116.381
;TYPE:FILL
G1 F3000 X93.385 Y118.988 E727.41004
G0 F9000 X93.511 Y118.799
G0 X91.078 Y115.744
G0 X90.871 Y115.845
G1 F3000 X93.901 Y112.815 E727.55256
G0 F9000 X93.673 Y112.795
G0 X94.101 Y111.181
G0 X94.306 Y111.277
G1 F3000 X91.703 Y108.674 E727.675
G0 F9000 X91.893 Y108.801
G0 X91.059 Y110.292
G0 X90.841 Y110.217
G1 F3000 X94.919 Y106.14 E727.86679
G1 X94.851 Y106.165
G1 X97.889 Y109.203 E728.00969
G0 F9000 X97.514 Y109.201
G1 F3000 X101.125 Y105.59 E728.17954
G0 F9000 X101.125 Y105.825
G0 X99.935 Y105.825
G0 X99.935 Y105.592
G1 F3000 X119.568 Y125.224 E729.103
G0 F9000 X119.568 Y124.994
G0 X121.088 Y124.994
G0 X121.088 Y125.226
G1 F3000 X133.517 Y112.797 E729.68762
G0 F9000 X133.288 Y112.777
G0 X133.709 Y111.191
G0 X133.915 Y111.288
G1 F3000 X128.218 Y105.59 E729.95561
G0 F9000 X128.218 Y105.825
G0 X129.41 Y105.825
G0 X129.41 Y105.589
G1 F3000 X109.775 Y125.224 E730.87918
G0 F9000 X109.775 Y124.994
G0 X108.253 Y124.994
G0 X108.253 Y125.224
G1 F3000 X99.404 Y116.374 E731.29543
G0 F9000 X99.503 Y116.588
G0 X100.25 Y116.04
G0 X100.741 Y115.55
G0 X101.138 Y114.981
G0 X101.431 Y114.353
G0 X101.533 Y113.974
G0 X101.713 Y112.773
G0 X101.478 Y112.792
G1 F3000 X113.91 Y125.224 E731.8802
G0 F9000 X113.91 Y124.994
G0 X115.432 Y124.994
G0 X115.432 Y125.225
G1 F3000 X135.066 Y105.591 E732.80372
G0 F9000 X135.066 Y105.825
G0 X133.875 Y105.825
G0 X133.875 Y105.591
G1 F3000 X137.485 Y109.201 E732.97352
G0 F9000 X137.11 Y109.203
G1 F3000 X140.147 Y106.166 E733.11638
G1 X140.084 Y106.143
G1 X144.154 Y110.213 E733.30782
G0 F9000 X143.938 Y110.286
G0 X143.106 Y108.8
G0 X143.294 Y108.676
G1 F3000 X140.693 Y111.277 E733.43016
G0 F9000 X140.9 Y111.181
G0 X141.328 Y112.794
G0 X141.098 Y112.813
G1 F3000 X144.126 Y115.842 E733.57261
G0 F9000 X143.924 Y115.741
G0 X144.47 Y112.947
G0 X144.694 Y112.933
G1 F3000 X137.236 Y120.391 E733.92341
G1 X137.353 Y120.383
G1 X115.735 Y98.764 E734.94028
G0 F9000 X115.735 Y98.995
G0 X113.609 Y98.995
G0 X113.609 Y98.764
G1 F3000 X111.574 Y100.799 E735.036
G0 F9000 X111.574 Y100.26
G1 F3000 X136.626 Y125.313 E736.21439
G0 F9000 X136.397 Y125.312
G0 X136.397 Y126.657
G0 X136.626 Y126.658
G1 F3000 X131.816 Y131.468 E736.44064
G0 F9000 X131.815 Y131.815
G1 F3000 X132.22 Y132.22 E736.45969
G0 F9000 X132.163 Y132
G0 X134.159 Y131.531
G0 X135.221 Y131.542
G0 X135.293 Y133.881
G0 X135.06 Y133.881
G1 F3000 X136.624 Y132.317 E736.53326
G0 F9000 X136.397 Y132.316
G0 X136.397 Y130.967
G0 X136.625 Y130.968
G1 F3000 X111.182 Y105.525 E737.73002
G0 F9000 X111.182 Y105.825
G0 X106.783 Y105.825
G0 X106.783 Y105.589
G1 F3000 X101.085 Y111.287 E737.99803
G0 F9000 X101.292 Y111.191
G0 X105.59 Y105.825
G0 X105.59 Y105.59
G1 F3000 X125.225 Y125.225 E738.9216
G0 F9000 X125.225 Y124.994
G0 X126.745 Y124.994
G0 X126.745 Y125.226
G1 F3000 X135.593 Y116.377 E739.33781
G0 F9000 X135.495 Y116.587
G0 X136.617 Y116.911
G0 X137.307 Y116.971
G0 X137.865 Y116.922
G0 X139.106 Y116.593
G0 X139.007 Y116.38
G1 F3000 X141.614 Y118.986 E739.46041
G0 F9000 X141.49 Y118.798
G0 X136.468 Y120.285
G0 X136.397 Y120.994
G0 X136.632 Y120.995
G1 F3000 X131.016 Y126.612 E739.72459
G0 F9000 X131.202 Y126.482
G0 X135.221 Y131.542
G0 X135.293 Y135.06
G0 X135.06 Y135.06
G1 F3000 X136.26 Y136.26 E739.78104
G0 F9000 X136.261 Y136.03
G0 X135.553 Y136.502
G0 X135.545 Y137.038
G0 X135.819 Y138.68
G0 X136.023 Y138.575
G1 F3000 X134.622 Y139.976 E739.84694
G0 F9000 X134.318 Y139.975
G1 F3000 X132.947 Y138.604 E739.91142
G0 F9000 X132.887 Y138.828
G0 X130.842 Y138.331
G0 X130.842 Y138.099
G1 F3000 X128.965 Y139.976 E739.99971
G0 F9000 X128.662 Y139.975
G1 F3000 X126.786 Y138.099 E740.08795
G0 F9000 X126.786 Y138.331
G0 X125.185 Y138.331
G0 X125.185 Y138.099
G1 F3000 X123.308 Y139.976 E740.17624
G0 F9000 X123.005 Y139.975
G1 F3000 X121.129 Y138.099 E740.26448
G0 F9000 X121.129 Y138.331
G0 X119.528 Y138.331
G0 X119.528 Y138.099
G1 F3000 X117.651 Y139.976 E740.35277
G0 F9000 X117.348 Y139.975
G1 F3000 X115.472 Y138.099 E740.44101
G0 F9000 X115.472 Y138.331
G0 X113.871 Y138.331
G0 X113.871 Y138.099
G1 F3000 X111.994 Y139.976 E740.5293
G0 F9000 X111.691 Y139.975
G1 F3000 X109.815 Y138.099 E740.61754
G0 F9000 X109.815 Y138.331
G0 X108.214 Y138.331
G0 X108.214 Y138.099
G1 F3000 X106.338 Y139.976 E740.70581
G0 F9000 X106.034 Y139.975
G1 F3000 X104.158 Y138.099 E740.79405
G0 F9000 X104.158 Y138.331
G0 X102.114 Y138.828
G0 X102.055 Y138.602
G1 F3000 X100.681 Y139.976 E740.85868
G0 F9000 X100.377 Y139.975
G1 F3000 X98.974 Y138.572 E740.92467
G0 F9000 X99.182 Y138.682
G0 X99.457 Y137.165
G0 X99.447 Y136.503
G0 X98.739 Y136.031
G0 X98.739 Y136.261
G1 F3000 X99.935 Y135.064 E740.98095
G0 F9000 X99.707 Y135.064
G0 X99.707 Y133.877
G0 X99.936 Y133.877
G1 F3000 X98.371 Y132.312 E741.05456
G0 F9000 X98.604 Y132.312
G0 X98.604 Y130.972
G0 X98.371 Y130.972
G1 F3000 X123.82 Y105.523 E742.25161
G0 F9000 X123.82 Y105.825
G0 X123.266 Y105.753
G0 X123.194 Y100.8
G0 X123.428 Y100.8
G1 F3000 X121.392 Y98.764 E742.34737
G0 F9000 X121.392 Y98.995
G0 X119.266 Y98.995
G0 X119.266 Y98.764
G1 F3000 X97.646 Y120.384 E743.36431
G1 X97.763 Y120.391
G1 X90.302 Y112.929 E743.71528
G0 F9000 X90.529 Y112.944
G0 X98.532 Y120.285
G0 X98.604 Y120.988
G0 X98.361 Y120.988
G1 F3000 X103.985 Y126.612 E743.97981
G0 F9000 X103.799 Y126.481
G0 X103.241 Y127.587
G0 X103.067 Y128.236
G0 X102.951 Y131.465
G0 X103.181 Y131.465
G1 F3000 X98.369 Y126.653 E744.20616
G0 F9000 X98.604 Y126.653
G0 X98.604 Y125.316
G0 X98.37 Y125.316
G1 F3000 X123.426 Y100.26 E745.38471
G0 F9000 X123.194 Y100.26
G0 X122.824 Y98.06
G0 X122.253 Y95.928
G0 X122.034 Y95.995
G1 F3000 X123.01 Y95.02 E745.4306
G0 F9000 X123.305 Y95.02
G1 F3000 X123.425 Y95.141 E745.43627
G0 F9000 X123.224 Y95.222
G0 X122.78 Y98.923
G0 X112.22 Y98.923
G0 X112.217 Y97.926
G0 X112.748 Y95.927
G0 X112.965 Y95.995
G1 F3000 X111.992 Y95.021 E745.48206
G0 F9000 X111.695 Y95.021
G1 F3000 X111.577 Y95.138 E745.48758
G1 F2700 E740.48758
G0 F9000 X111.776 Y95.222
G0 X111.734 Y105.753
G0 X103.241 Y127.587
G0 X103.067 Y128.236
G0 X102.951 Y131.82
G0 X103.18 Y131.82
G1 F2700 E745.48758
G1 F3000 X102.778 Y132.222 E745.50649
G0 F9000 X102.651 Y131.711
;MESH:NONMESH
G0 F300 X102.651 Y131.711 Z1.8
G0 F9000 X97.663 Y117.028
G0 X97.69 Y116.719
;TIME_ELAPSED:1215.897305
;LAYER:8
;TYPE:WALL-INNER
;MESH:FT05-Frame Part B.stl
G1 F1500 X97.03 Y116.657 E745.52854
G1 X96.431 Y116.497 E745.54916
G1 X95.862 Y116.235 E745.57
G1 X95.297 Y115.847 E745.59279
G1 X94.848 Y115.395 E745.61398
G1 X94.46 Y114.851 E745.63621
G1 X94.187 Y114.253 E745.65807
G1 X94.027 Y113.654 E745.67869
G1 X93.965 Y112.992 E745.70081
G1 X94.023 Y112.339 E745.72261
G1 X94.187 Y111.727 E745.74368
G1 X94.462 Y111.125 E745.7657
G1 X94.841 Y110.589 E745.78753
G1 X95.288 Y110.144 E745.80851
G1 X95.828 Y109.763 E745.83049
G1 X96.431 Y109.483 E745.8526
G1 X97.03 Y109.327 E745.87319
G1 X97.715 Y109.268 E745.89606
G1 X98.338 Y109.322 E745.91686
G1 X98.967 Y109.486 E745.93848
G1 X99.558 Y109.762 E745.96017
G1 X100.092 Y110.138 E745.98189
G1 X100.544 Y110.59 E746.00315
G1 X100.923 Y111.127 E746.02502
G1 X101.193 Y111.711 E746.04642
G1 X101.362 Y112.347 E746.0683
G1 X101.416 Y112.995 E746.08993
G1 X101.359 Y113.643 E746.11157
G1 X101.193 Y114.263 E746.13291
G1 X100.917 Y114.859 E746.15476
G1 X100.544 Y115.386 E746.17623
G1 X100.077 Y115.852 E746.19818
G1 X99.561 Y116.213 E746.21912
G1 X98.969 Y116.494 E746.24092
G1 X98.342 Y116.659 E746.26248
G1 X97.69 Y116.719 E746.28426
G1 F2700 E741.28426
G0 F9000 X97.663 Y117.028
G0 X100.179 Y131.942
G0 X100.179 Y138.694
G0 X117.5 Y138.331
G0 X117.5 Y138.02
G1 F2700 E746.28426
G1 F1500 X103.939 Y138.02 E746.7353
G1 X100.72 Y138.875 E746.84608
G1 X100.419 Y138.852 E746.85612
G1 X100.155 Y138.669 E746.8668
G1 X100.016 Y138.284 E746.88041
G1 F1550.4 X100.029 Y136.94 E746.92366
G1 X100.016 Y136.401 E746.94101
G1 F1500 X100.016 Y132.348 E747.07582
G1 X100.093 Y132.052 E747.08599
G1 X100.276 Y131.853 E747.09498
G1 X100.477 Y131.764 E747.10229
G1 X100.685 Y131.745 E747.10924
G1 X103.26 Y132.434 E747.1979
G1 X103.262 Y128.853 E747.317
G1 X103.315 Y128.274 E747.33634
G1 X103.473 Y127.672 E747.35704
G1 X103.739 Y127.101 E747.37799
G1 X104.104 Y126.582 E747.3991
G1 X104.547 Y126.139 E747.41993
G1 X105.054 Y125.787 E747.44046
G1 X105.614 Y125.524 E747.46104
G1 X106.241 Y125.356 E747.48263
G1 X106.816 Y125.305 E747.50183
G1 X128.187 Y125.306 E748.21263
G1 X128.759 Y125.356 E748.23173
G1 X129.382 Y125.524 E748.25319
G1 X129.944 Y125.787 E748.27383
G1 X130.45 Y126.136 E748.29427
G1 X130.897 Y126.583 E748.3153
G1 X131.258 Y127.103 E748.33635
G1 X131.523 Y127.672 E748.35723
G1 X131.687 Y128.277 E748.37808
G1 X131.735 Y128.858 E748.39747
G1 X131.736 Y132.434 E748.51641
G1 X134.311 Y131.745 E748.60506
G1 X134.52 Y131.764 E748.61204
G1 X134.72 Y131.853 E748.61932
G1 X134.903 Y132.052 E748.62832
G1 X134.98 Y132.348 E748.63849
G1 X134.98 Y136.402 E748.77333
G1 F1550.4 X134.967 Y136.94 E748.79064
G1 X134.98 Y138.284 E748.83389
G1 F1500 X134.841 Y138.669 E748.84751
G1 X134.577 Y138.852 E748.85819
G1 X134.276 Y138.875 E748.86823
G1 X131.061 Y138.02 E748.97888
G1 X117.5 Y138.02 E749.42992
G0 F9000 X117.5 Y138.331
G0 X117.5 Y139.749
G0 X117.5 Y140.056
G1 F1500 X136.708 Y140.055 E750.06878
G1 X136.71 Y139.716 E750.08006
G1 F1515.2 X135.4 Y137.218 E750.17293
G1 F1562.5 X135.341 Y136.94 E750.18201
G1 F1550.4 X135.457 Y136.568 E750.19455
G1 F1500 X135.892 Y136.341 E750.21087
G1 X136.704 Y136.34 E750.23787
G1 X136.706 Y121.01 E750.74775
G1 X136.797 Y120.746 E750.75704
G1 X136.93 Y120.597 E750.76368
G1 X137.16 Y120.476 E750.77233
G1 X138.285 Y120.403 E750.80982
G1 X139.244 Y120.211 E750.84235
G1 X140.162 Y119.9 E750.87459
G1 X141.043 Y119.467 E750.90724
G1 X141.853 Y118.923 E750.93969
G1 X142.59 Y118.278 E750.97227
G1 X143.234 Y117.542 E751.0048
G1 X143.779 Y116.727 E751.0374
G1 X144.212 Y115.848 E751.06999
G1 X144.527 Y114.932 E751.10221
G1 X144.715 Y113.97 E751.13481
G1 X144.778 Y112.992 E751.16741
G1 X144.715 Y112.014 E751.20001
G1 X144.527 Y111.052 E751.23261
G1 X144.212 Y110.135 E751.26486
G1 X143.779 Y109.253 E751.29754
G1 X143.235 Y108.443 E751.32999
G1 X142.59 Y107.706 E751.36256
G1 X141.853 Y107.062 E751.39512
G1 X141.043 Y106.517 E751.42759
G1 X140.162 Y106.084 E751.46024
G1 X139.244 Y105.773 E751.49247
G1 X138.284 Y105.581 E751.52504
G1 X137.275 Y105.512 E751.55867
G1 X124.046 Y105.51 E751.99867
G1 X123.74 Y105.39 E752.0096
G1 X123.539 Y105.115 E752.02093
G1 X123.508 Y104.984 E752.02541
G1 X123.504 Y94.94 E752.35948
G1 X121.618 Y94.94 E752.4222
G1 X122.568 Y97.98 E752.52814
G1 X122.568 Y98.188 E752.53506
G1 X122.516 Y98.348 E752.54065
G1 X122.247 Y98.62 E752.55337
G1 X121.976 Y98.684 E752.56264
G1 X113.02 Y98.684 E752.86051
G1 X112.749 Y98.62 E752.86978
G1 X112.48 Y98.347 E752.88252
G1 X112.428 Y98.188 E752.88809
G1 X112.428 Y97.98 E752.89501
G1 X113.381 Y94.941 E753.00094
G1 X111.497 Y94.941 E753.0636
G1 X111.492 Y104.984 E753.39763
G1 X111.357 Y105.297 E753.40897
G1 X111.086 Y105.482 E753.41988
G1 X110.954 Y105.51 E753.42437
G1 X97.725 Y105.512 E753.86437
G1 X96.716 Y105.58 E753.898
G1 X95.752 Y105.773 E753.9307
G1 X94.834 Y106.084 E753.96294
G1 X93.957 Y106.517 E753.99547
G1 X93.142 Y107.062 E754.02808
G1 X92.406 Y107.706 E754.06061
G1 X91.761 Y108.443 E754.09318
G1 X91.217 Y109.253 E754.12563
G1 X90.784 Y110.134 E754.15828
G1 X90.473 Y111.052 E754.19052
G1 X90.281 Y112.015 E754.22318
G1 X90.218 Y112.992 E754.25574
G1 X90.281 Y113.969 E754.28831
G1 X90.473 Y114.932 E754.32097
G1 X90.784 Y115.849 E754.35317
G1 X91.217 Y116.727 E754.38573
G1 X91.762 Y117.542 E754.41834
G1 X92.406 Y118.278 E754.45087
G1 X93.142 Y118.922 E754.4834
G1 X93.957 Y119.467 E754.51601
G1 X94.835 Y119.9 E754.54857
G1 X95.752 Y120.211 E754.58077
G1 X96.715 Y120.403 E754.61343
G1 X97.836 Y120.476 E754.6508
G1 X98.065 Y120.598 E754.65943
G1 X98.199 Y120.745 E754.66604
G1 X98.29 Y121.01 E754.67536
G1 X98.292 Y136.34 E755.18524
G1 X99.104 Y136.341 E755.21225
G1 X99.54 Y136.566 E755.22856
G1 F1550.4 X99.655 Y136.94 E755.24116
G1 F1566.6 X99.595 Y137.217 E755.25018
G1 F1515.2 X98.286 Y139.718 E755.34313
G1 F1500 X98.289 Y140.056 E755.35437
G1 X117.5 Y140.056 E755.99333
G1 F2700 E750.99333
G0 F9000 X117.5 Y139.749
G0 X134.821 Y138.694
G0 X137.276 Y117.028
G0 X137.303 Y116.719
G1 F2700 E755.99333
G1 F1500 X136.654 Y116.659 E756.01501
G1 X136.026 Y116.491 E756.03663
G1 X135.439 Y116.214 E756.05822
G1 X134.92 Y115.852 E756.07927
G1 X134.452 Y115.386 E756.10123
G1 X134.095 Y114.877 E756.12191
G1 X133.803 Y114.265 E756.14447
G1 X133.635 Y113.632 E756.16625
G1 X133.58 Y112.995 E756.18751
G1 X133.634 Y112.347 E756.20914
G1 X133.802 Y111.712 E756.23099
G1 X134.079 Y111.125 E756.25258
G1 X134.451 Y110.591 E756.27422
G1 X134.907 Y110.135 E756.29567
G1 X135.441 Y109.763 E756.31732
G1 X136.032 Y109.485 E756.33904
G1 X136.656 Y109.325 E756.36047
G1 X137.281 Y109.268 E756.38134
G1 X137.966 Y109.327 E756.40421
G1 X138.569 Y109.483 E756.42492
G1 X139.133 Y109.744 E756.44559
G1 X139.695 Y110.13 E756.46827
G1 X140.163 Y110.593 E756.49017
G1 X140.532 Y111.128 E756.51178
G1 X140.812 Y111.725 E756.53371
G1 X140.969 Y112.332 E756.55457
G1 X141.035 Y112.997 E756.57679
G1 X140.97 Y113.652 E756.59869
G1 X140.813 Y114.255 E756.61941
G1 X140.512 Y114.886 E756.64266
G1 X140.159 Y115.391 E756.66316
G1 X139.708 Y115.836 E756.68423
G1 X139.168 Y116.217 E756.70621
G1 X138.569 Y116.497 E756.7282
G1 X137.967 Y116.657 E756.74892
G1 X137.303 Y116.719 E756.7711
G0 F9000 X137.286 Y116.316
;TYPE:WALL-OUTER
G1 F1500 X136.708 Y116.262 E756.79041
G1 X136.184 Y116.122 E756.80845
G1 X135.642 Y115.869 E756.82834
G1 X135.181 Y115.549 E756.84701
G1 X134.758 Y115.129 E756.86683
G1 X134.428 Y114.655 E756.88604
G1 X134.179 Y114.129 E756.9054
G1 X134.028 Y113.554 E756.92517
G1 X133.98 Y112.974 E756.94453
G1 X134.034 Y112.396 E756.96384
G1 X134.174 Y111.868 E756.98201
G1 X134.435 Y111.313 E757.0024
G1 X134.747 Y110.865 E757.02056
G1 X135.181 Y110.431 E757.04098
G1 X135.629 Y110.119 E757.05913
G1 X136.185 Y109.858 E757.07956
G1 X136.742 Y109.716 E757.09868
G1 X137.322 Y109.668 E757.11804
G1 X137.888 Y109.719 E757.13694
G1 X138.441 Y109.862 E757.15594
G1 X138.968 Y110.11 E757.17531
G1 X139.453 Y110.453 E757.19507
G1 X139.851 Y110.848 E757.21372
G1 X140.186 Y111.328 E757.23319
G1 X140.434 Y111.855 E757.25256
G1 X140.577 Y112.409 E757.27159
G1 X140.632 Y113.005 E757.2915
G1 X140.58 Y113.556 E757.3099
G1 X140.434 Y114.125 E757.32944
G1 X140.177 Y114.667 E757.34939
G1 X139.865 Y115.115 E757.36755
G1 X139.444 Y115.535 E757.38733
G1 X138.98 Y115.863 E757.40623
G1 X138.441 Y116.118 E757.42606
G1 X137.888 Y116.265 E757.44509
G1 X137.286 Y116.316 E757.46519
G1 F2700 E752.46519
G0 F9000 X137.225 Y117.023
G0 X134.821 Y138.694
G0 X117.5 Y138.331
G0 X117.5 Y137.62
G1 F2700 E757.46519
G1 F1500 X103.887 Y137.62 E757.91796
G1 X100.651 Y138.481 E758.02933
G1 X100.55 Y138.474 E758.0327
G1 X100.462 Y138.413 E758.03626
G1 X100.416 Y138.284 E758.04082
G1 X100.416 Y132.348 E758.23825
G1 X100.502 Y132.183 E758.24444
G1 X100.627 Y132.148 E758.24875
G1 X103.66 Y132.955 E758.35314
G1 X103.66 Y128.889 E758.48838
G1 X103.714 Y128.329 E758.50709
G1 X103.858 Y127.791 E758.52561
G1 X104.078 Y127.319 E758.54293
G1 X104.4 Y126.856 E758.56169
G1 X104.821 Y126.435 E758.58149
G1 X105.241 Y126.143 E758.59851
G1 X105.759 Y125.897 E758.61758
G1 X106.307 Y125.75 E758.63645
G1 X106.864 Y125.704 E758.65504
G1 X128.153 Y125.704 E759.36311
G1 X128.693 Y125.75 E759.38114
G1 X129.237 Y125.897 E759.39988
G1 X129.754 Y126.143 E759.41893
G1 X130.206 Y126.458 E759.43725
G1 X130.601 Y126.857 E759.45592
G1 X130.918 Y127.319 E759.47456
G1 X131.15 Y127.823 E759.49301
G1 X131.286 Y128.327 E759.51038
G1 X131.336 Y128.891 E759.52921
G1 X131.336 Y132.955 E759.66438
G1 X134.369 Y132.148 E759.76876
G1 X134.494 Y132.183 E759.77308
G1 X134.58 Y132.348 E759.77927
G1 X134.58 Y138.284 E759.9767
G1 X134.534 Y138.413 E759.98126
G1 X134.446 Y138.474 E759.98482
G1 X134.328 Y138.478 E759.98875
G1 X131.113 Y137.62 E760.09942
G1 X117.5 Y137.62 E760.55219
G1 F2700 E755.55219
G0 F9000 X117.5 Y138.331
G0 X117.5 Y139.749
G0 X117.5 Y140.455
G1 F2700 E760.55219
G1 F1500 X136.996 Y140.455 E761.20063
G1 X137.108 Y140.344 E761.20587
G1 X137.111 Y139.618 E761.23002
G1 X135.717 Y136.97 E761.32955
G1 X135.771 Y136.816 E761.33498
G1 X135.916 Y136.74 E761.34043
G1 X137.104 Y136.74 E761.37994
G1 X137.104 Y121.048 E761.90186
G1 X137.135 Y120.96 E761.90496
G1 X137.232 Y120.872 E761.90932
G1 X138.337 Y120.801 E761.94614
G1 X139.348 Y120.598 E761.98044
G1 X140.315 Y120.27 E762.0144
G1 X141.243 Y119.814 E762.04879
G1 X142.097 Y119.241 E762.083
G1 X142.874 Y118.562 E762.11732
G1 X143.552 Y117.786 E762.15159
G1 X144.126 Y116.927 E762.18596
G1 X144.582 Y116.002 E762.22026
G1 X144.914 Y115.036 E762.25423
G1 X145.113 Y114.022 E762.2886
G1 X145.179 Y112.992 E762.32293
G1 X145.113 Y111.962 E762.35726
G1 X144.914 Y110.948 E762.39162
G1 X144.582 Y109.981 E762.42563
G1 X144.126 Y109.053 E762.46002
G1 X143.553 Y108.199 E762.49423
G1 X142.874 Y107.422 E762.52855
G1 X142.097 Y106.744 E762.56284
G1 X141.243 Y106.17 E762.59707
G1 X140.315 Y105.714 E762.63146
G1 X139.348 Y105.386 E762.66542
G1 X138.337 Y105.183 E762.69972
G1 X137.289 Y105.112 E762.73466
G1 X124.069 Y105.11 E763.17435
G1 X123.967 Y105.059 E763.17815
G1 X123.904 Y104.93 E763.18292
G1 X123.904 Y94.54 E763.52849
G1 X121.073 Y94.54 E763.62265
G1 X122.174 Y98.049 E763.74497
G1 X122.156 Y98.172 E763.74911
G1 X122.046 Y98.284 E763.75433
G1 X112.95 Y98.284 E764.05686
G1 X112.84 Y98.172 E764.06209
G1 X112.822 Y98.049 E764.06622
G1 X113.927 Y94.541 E764.18855
G1 X111.097 Y94.541 E764.28267
G1 X111.095 Y104.936 E764.62841
G1 X111.059 Y105.029 E764.63173
G1 X110.931 Y105.11 E764.63677
G1 X97.711 Y105.112 E765.07647
G1 X96.663 Y105.183 E765.1114
G1 X95.648 Y105.386 E765.14583
G1 X94.681 Y105.714 E765.17979
G1 X93.757 Y106.17 E765.21406
G1 X92.898 Y106.744 E765.24843
G1 X92.122 Y107.422 E765.2827
G1 X91.443 Y108.199 E765.31702
G1 X90.87 Y109.053 E765.35123
G1 X90.414 Y109.981 E765.38562
G1 X90.086 Y110.948 E765.41958
G1 X89.883 Y111.963 E765.45401
G1 X89.817 Y112.992 E765.4883
G1 X89.883 Y114.021 E765.5226
G1 X90.086 Y115.036 E765.55702
G1 X90.414 Y116.003 E765.59099
G1 X90.87 Y116.927 E765.62526
G1 X91.444 Y117.786 E765.65962
G1 X92.122 Y118.562 E765.69389
G1 X92.898 Y119.24 E765.72817
G1 X93.757 Y119.814 E765.76253
G1 X94.681 Y120.27 E765.7968
G1 X95.648 Y120.598 E765.83076
G1 X96.663 Y120.801 E765.86519
G1 X97.764 Y120.871 E765.90188
G1 X97.861 Y120.96 E765.90626
G1 X97.892 Y121.048 E765.90936
G1 X97.892 Y136.74 E766.43128
G1 X99.08 Y136.74 E766.4708
G1 X99.226 Y136.815 E766.47625
G1 X99.279 Y136.972 E766.48177
G1 X97.885 Y139.621 E766.58133
G1 X97.892 Y140.347 E766.60547
G1 X98.002 Y140.456 E766.61063
G1 X117.5 Y140.455 E767.25913
G1 F2700 E762.25913
G0 F9000 X117.5 Y139.749
G0 X100.179 Y138.694
G0 X100.179 Y134.866
G0 X97.613 Y117.023
G0 X97.674 Y116.316
G1 F2700 E767.25913
G1 F1500 X97.096 Y116.262 E767.27844
G1 X96.559 Y116.118 E767.29693
G1 X96.028 Y115.87 E767.31642
G1 X95.552 Y115.535 E767.33578
G1 X95.149 Y115.132 E767.35474
G1 X94.817 Y114.664 E767.37382
G1 X94.562 Y114.112 E767.39405
G1 X94.419 Y113.576 E767.4125
G1 X94.368 Y112.974 E767.43259
G1 X94.422 Y112.396 E767.4519
G1 X94.566 Y111.855 E767.47052
G1 X94.81 Y111.328 E767.48984
G1 X95.158 Y110.838 E767.50983
G1 X95.552 Y110.445 E767.52834
G1 X96.016 Y110.117 E767.54724
G1 X96.539 Y109.87 E767.56647
G1 X97.108 Y109.719 E767.58605
G1 X97.674 Y109.668 E767.60495
G1 X98.254 Y109.716 E767.62431
G1 X98.845 Y109.87 E767.64462
G1 X99.372 Y110.12 E767.66402
G1 X99.842 Y110.454 E767.6832
G1 X100.248 Y110.864 E767.70239
G1 X100.582 Y111.343 E767.72182
G1 X100.822 Y111.868 E767.74101
G1 X100.968 Y112.43 E767.76033
G1 X101.016 Y113.01 E767.77968
G1 X100.962 Y113.588 E767.79899
G1 X100.817 Y114.128 E767.81759
G1 X100.573 Y114.655 E767.8369
G1 X100.238 Y115.129 E767.85621
G1 X99.826 Y115.54 E767.87557
G1 X99.358 Y115.869 E767.89459
G1 X98.83 Y116.116 E767.91398
G1 X98.254 Y116.268 E767.93379
G1 X97.674 Y116.316 E767.95315
G0 F9000 X97.613 Y117.023
G0 X95.892 Y116.592
G0 X95.991 Y116.381
;TYPE:FILL
G1 F3000 X93.385 Y118.988 E768.07575
G0 F9000 X93.511 Y118.799
G0 X91.078 Y115.744
G0 X90.871 Y115.845
G1 F3000 X93.901 Y112.815 E768.21828
G0 F9000 X93.673 Y112.795
G0 X94.101 Y111.181
G0 X94.306 Y111.277
G1 F3000 X91.703 Y108.674 E768.34071
G0 F9000 X91.893 Y108.801
G0 X91.059 Y110.292
G0 X90.841 Y110.217
G1 F3000 X94.919 Y106.14 E768.53251
G1 X94.851 Y106.165
G1 X97.889 Y109.203 E768.6754
G0 F9000 X97.514 Y109.201
G1 F3000 X101.125 Y105.59 E768.84525
G0 F9000 X101.125 Y105.825
G0 X99.935 Y105.825
G0 X99.935 Y105.592
G1 F3000 X119.568 Y125.224 E769.76871
G0 F9000 X119.568 Y124.994
G0 X121.088 Y124.994
G0 X121.088 Y125.226
G1 F3000 X133.517 Y112.797 E770.35333
G0 F9000 X133.288 Y112.777
G0 X133.709 Y111.191
G0 X133.915 Y111.288
G1 F3000 X128.218 Y105.59 E770.62132
G0 F9000 X128.218 Y105.825
G0 X129.41 Y105.825
G0 X129.41 Y105.589
G1 F3000 X109.775 Y125.224 E771.54489
G0 F9000 X109.775 Y124.994
G0 X108.253 Y124.994
G0 X108.253 Y125.224
G1 F3000 X99.404 Y116.374 E771.96115
G0 F9000 X99.503 Y116.588
G0 X100.25 Y116.04
G0 X100.741 Y115.55
G0 X101.138 Y114.981
G0 X101.431 Y114.353
G0 X101.533 Y113.974
G0 X101.713 Y112.773
G0 X101.478 Y112.792
G1 F3000 X113.91 Y125.224 E772.54591
G0 F9000 X113.91 Y124.994
G0 X115.432 Y124.994
G0 X115.432 Y125.225
G1 F3000 X135.066 Y105.591 E773.46943
G0 F9000 X135.066 Y105.825
G0 X133.875 Y105.825
G0 X133.875 Y105.591
G1 F3000 X137.485 Y109.201 E773.63923
G0 F9000 X137.11 Y109.203
G1 F3000 X140.147 Y106.166 E773.78209
G1 X140.084 Y106.143
G1 X144.154 Y110.213 E773.97353
G0 F9000 X143.938 Y110.286
G0 X143.106 Y108.8
G0 X143.294 Y108.676
G1 F3000 X140.693 Y111.277 E774.09587
G0 F9000 X140.9 Y111.181
G0 X141.328 Y112.794
G0 X141.098 Y112.813
G1 F3000 X144.126 Y115.842 E774.23832
G0 F9000 X143.924 Y115.741
G0 X144.47 Y112.947
G0 X144.694 Y112.933
G1 F3000 X137.236 Y120.391 E774.58912
G1 X137.353 Y120.383
G1 X115.735 Y98.764 E775.60599
G0 F9000 X115.735 Y98.995
G0 X113.609 Y98.995
G0 X113.609 Y98.764
G1 F3000 X111.574 Y100.799 E775.70171
G0 F9000 X111.574 Y100.26
G1 F3000 X136.626 Y125.313 E776.8801
G0 F9000 X136.397 Y125.312
G0 X136.397 Y126.657
G0 X136.626 Y126.658
G1 F3000 X131.816 Y131.468 E777.10635
G0 F9000 X131.815 Y131.815
G1 F3000 X132.22 Y132.22 E777.1254
G0 F9000 X132.163 Y132
G0 X134.159 Y131.531
G0 X135.221 Y131.542
G0 X135.293 Y133.881
G0 X135.06 Y133.881
G1 F3000 X136.624 Y132.317 E777.19897
G0 F9000 X136.397 Y132.316
G0 X136.397 Y130.967
G0 X136.625 Y130.968
G1 F3000 X111.182 Y105.525 E778.39573
G0 F9000 X111.182 Y105.825
G0 X106.783 Y105.825
G0 X106.783 Y105.589
G1 F3000 X101.085 Y111.287 E778.66374
G0 F9000 X101.292 Y111.191
G0 X105.59 Y105.825
G0 X105.59 Y105.59
G1 F3000 X125.225 Y125.225 E779.58731
G0 F9000 X125.225 Y124.994
G0 X126.745 Y124.994
G0 X126.745 Y125.226
G1 F3000 X135.593 Y116.377 E780.00352
G0 F9000 X135.495 Y116.587
G0 X136.617 Y116.911
G0 X137.307 Y116.971
G0 X137.865 Y116.922
G0 X139.106 Y116.593
G0 X139.007 Y116.38
G1 F3000 X141.614 Y118.986 E780.12612
G0 F9000 X141.49 Y118.798
G0 X136.468 Y120.285
G0 X136.397 Y120.994
G0 X136.632 Y120.995
G1 F3000 X131.016 Y126.612 E780.3903
G0 F9000 X131.202 Y126.482
G0 X135.221 Y131.542
G0 X135.293 Y135.06
G0 X135.06 Y135.06
G1 F3000 X136.26 Y136.26 E780.44675
G0 F9000 X136.261 Y136.03
G0 X135.553 Y136.502
G0 X135.545 Y137.038
G0 X135.819 Y138.68
G0 X136.023 Y138.575
G1 F3000 X134.622 Y139.976 E780.51265
G0 F9000 X134.318 Y139.975
G1 F3000 X132.947 Y138.604 E780.57714
G0 F9000 X132.887 Y138.828
G0 X130.842 Y138.331
G0 X130.842 Y138.099
G1 F3000 X128.965 Y139.976 E780.66542
G0 F9000 X128.662 Y139.975
G1 F3000 X126.786 Y138.099 E780.75367
G0 F9000 X126.786 Y138.331
G0 X125.185 Y138.331
G0 X125.185 Y138.099
G1 F3000 X123.308 Y139.976 E780.84195
G0 F9000 X123.005 Y139.975
G1 F3000 X121.129 Y138.099 E780.93019
G0 F9000 X121.129 Y138.331
G0 X119.528 Y138.331
G0 X119.528 Y138.099
G1 F3000 X117.651 Y139.976 E781.01848
G0 F9000 X117.348 Y139.975
G1 F3000 X115.472 Y138.099 E781.10672
G0 F9000 X115.472 Y138.331
G0 X113.871 Y138.331
G0 X113.871 Y138.099
G1 F3000 X111.994 Y139.976 E781.19501
G0 F9000 X111.691 Y139.975
G1 F3000 X109.815 Y138.099 E781.28325
G0 F9000 X109.815 Y138.331
G0 X108.214 Y138.331
G0 X108.214 Y138.099
G1 F3000 X106.338 Y139.976 E781.37152
G0 F9000 X106.034 Y139.975
G1 F3000 X104.158 Y138.099 E781.45976
G0 F9000 X104.158 Y138.331
G0 X102.114 Y138.828
G0 X102.055 Y138.602
G1 F3000 X100.681 Y139.976 E781.52439
G0 F9000 X100.377 Y139.975
G1 F3000 X98.974 Y138.572 E781.59038
G0 F9000 X99.182 Y138.682
G0 X99.457 Y137.165
G0 X99.447 Y136.503
G0 X98.739 Y136.031
G0 X98.739 Y136.261
G1 F3000 X99.935 Y135.064 E781.64666
G0 F9000 X99.707 Y135.064
G0 X99.707 Y133.877
G0 X99.936 Y133.877
G1 F3000 X98.371 Y132.312 E781.72027
G0 F9000 X98.604 Y132.312
G0 X98.604 Y130.972
G0 X98.371 Y130.972
G1 F3000 X123.82 Y105.523 E782.91732
G0 F9000 X123.82 Y105.825
G0 X123.266 Y105.753
G0 X123.194 Y100.8
G0 X123.428 Y100.8
G1 F3000 X121.392 Y98.764 E783.01308
G0 F9000 X121.392 Y98.995
G0 X119.266 Y98.995
G0 X119.266 Y98.764
G1 F3000 X97.646 Y120.384 E784.03002
G1 X97.763 Y120.391
G1 X90.302 Y112.929 E784.38099
G0 F9000 X90.529 Y112.944
G0 X98.532 Y120.285
G0 X98.604 Y120.988
G0 X98.361 Y120.988
G1 F3000 X103.985 Y126.612 E784.64552
G0 F9000 X103.799 Y126.481
G0 X103.241 Y127.587
G0 X103.067 Y128.236
G0 X102.951 Y131.465
G0 X103.181 Y131.465
G1 F3000 X98.369 Y126.653 E784.87187
G0 F9000 X98.604 Y126.653
G0 X98.604 Y125.316
G0 X98.37 Y125.316
G1 F3000 X123.426 Y100.26 E786.05042
G0 F9000 X123.194 Y100.26
G0 X122.824 Y98.06
G0 X122.253 Y95.928
G0 X122.034 Y95.995
G1 F3000 X123.01 Y95.02 E786.09631
G0 F9000 X123.305 Y95.02
G1 F3000 X123.425 Y95.141 E786.10198
G0 F9000 X123.224 Y95.222
G0 X122.78 Y98.923
G0 X112.22 Y98.923
G0 X112.217 Y97.926
G0 X112.748 Y95.927
G0 X112.965 Y95.995
G1 F3000 X111.992 Y95.021 E786.14777
G0 F9000 X111.695 Y95.021
G1 F3000 X111.577 Y95.138 E786.15329
G1 F2700 E781.15329
G0 F9000 X111.776 Y95.222
G0 X111.734 Y105.753
G0 X103.241 Y127.587
G0 X103.067 Y128.236
G0 X102.951 Y131.82
G0 X103.18 Y131.82
G1 F2700 E786.15329
G1 F3000 X102.778 Y132.222 E786.1722
G0 F9000 X102.651 Y131.711
;MESH:NONMESH
G0 F300 X102.651 Y131.711 Z2
G0 F9000 X97.663 Y117.028
G0 X97.69 Y116.719
;TIME_ELAPSED:1274.184996
;LAYER:9
;TYPE:WALL-INNER
;MESH:FT05-Frame Part B.stl
G1 F1500 X97.03 Y116.657 E786.19425
G1 X96.431 Y116.497 E786.21487
G1 X95.862 Y116.235 E786.23571
G1 X95.297 Y115.847 E786.2585
G1 X94.848 Y115.395 E786.27969
G1 X94.46 Y114.851 E786.30192
G1 X94.187 Y114.253 E786.32378
G1 X94.027 Y113.654 E786.3444
G1 X93.965 Y112.992 E786.36652
G1 X94.023 Y112.339 E786.38832
G1 X94.187 Y111.727 E786.4094
G1 X94.462 Y111.125 E786.43141
G1 X94.841 Y110.589 E786.45324
G1 X95.288 Y110.144 E786.47422
G1 X95.828 Y109.763 E786.4962
G1 X96.431 Y109.483 E786.51831
G1 X97.03 Y109.327 E786.5389
G1 X97.715 Y109.268 E786.56177
G1 X98.338 Y109.322 E786.58257
G1 X98.967 Y109.486 E786.60419
G1 X99.558 Y109.762 E786.62588
G1 X100.092 Y110.138 E786.6476
G1 X100.544 Y110.59 E786.66887
G1 X100.923 Y111.127 E786.69073
G1 X101.193 Y111.711 E786.71213
G1 X101.362 Y112.347 E786.73401
G1 X101.416 Y112.995 E786.75564
G1 X101.359 Y113.643 E786.77728
G1 X101.193 Y114.263 E786.79862
G1 X100.917 Y114.859 E786.82047
G1 X100.544 Y115.386 E786.84194
G1 X100.077 Y115.852 E786.86389
G1 X99.561 Y116.213 E786.88483
G1 X98.969 Y116.494 E786.90663
G1 X98.342 Y116.659 E786.92819
G1 X97.69 Y116.719 E786.94997
G1 F2700 E781.94997
G0 F9000 X97.663 Y117.028
G0 X100.179 Y131.942
G0 X100.179 Y138.694
G0 X117.5 Y138.331
G0 X117.5 Y138.02
G1 F2700 E786.94997
G1 F1500 X103.939 Y138.02 E787.40101
G1 X100.72 Y138.875 E787.51179
G1 X100.419 Y138.852 E787.52183
G1 X100.155 Y138.669 E787.53251
G1 X100.016 Y138.284 E787.54612
G1 F1550.4 X100.029 Y136.94 E787.58938
G1 X100.016 Y136.401 E787.60672
G1 F1500 X100.016 Y132.348 E787.74153
G1 X100.093 Y132.052 E787.7517
G1 X100.276 Y131.853 E787.76069
G1 X100.477 Y131.764 E787.768
G1 X100.685 Y131.745 E787.77495
G1 X103.26 Y132.434 E787.86361
G1 X103.262 Y128.853 E787.98271
G1 X103.315 Y128.274 E788.00205
G1 X103.473 Y127.672 E788.02275
G1 X103.739 Y127.101 E788.0437
G1 X104.104 Y126.582 E788.06481
G1 X104.547 Y126.139 E788.08564
G1 X105.054 Y125.787 E788.10617
G1 X105.614 Y125.524 E788.12675
G1 X106.241 Y125.356 E788.14834
G1 X106.816 Y125.305 E788.16754
G1 X128.187 Y125.306 E788.87834
G1 X128.759 Y125.356 E788.89744
G1 X129.382 Y125.524 E788.9189
G1 X129.944 Y125.787 E788.93954
G1 X130.45 Y126.136 E788.95998
G1 X130.897 Y126.583 E788.98101
G1 X131.258 Y127.103 E789.00206
G1 X131.523 Y127.672 E789.02294
G1 X131.687 Y128.277 E789.04379
G1 X131.735 Y128.858 E789.06318
G1 X131.736 Y132.434 E789.18212
G1 X134.311 Y131.745 E789.27077
G1 X134.52 Y131.764 E789.27775
G1 X134.72 Y131.853 E789.28504
G1 X134.903 Y132.052 E789.29403
G1 X134.98 Y132.348 E789.3042
G1 X134.98 Y136.402 E789.43904
G1 F1546.4 X134.968 Y136.94 E789.4564
G1 X134.98 Y138.284 E789.49976
G1 F1500 X134.841 Y138.669 E789.51337
G1 X134.577 Y138.852 E789.52406
G1 X134.276 Y138.875 E789.5341
G1 X131.061 Y138.02 E789.64475
G1 X117.5 Y138.02 E790.09579
G0 F9000 X117.5 Y138.331
G0 X117.5 Y139.749
G0 X117.5 Y140.056
G1 F1500 X136.708 Y140.055 E790.73465
G1 X136.71 Y139.716 E790.74592
G1 F1515.2 X135.404 Y137.218 E790.83874
G1 F1562.5 X135.344 Y136.94 E790.84782
G1 F1546.4 X135.46 Y136.568 E790.86039
G1 F1500 X135.895 Y136.341 E790.87671
G1 X136.704 Y136.34 E790.90362
G1 X136.706 Y121.01 E791.4135
G1 X136.797 Y120.746 E791.42278
G1 X136.93 Y120.597 E791.42943
G1 X137.16 Y120.476 E791.43807
G1 X138.285 Y120.403 E791.47557
G1 X139.244 Y120.211 E791.5081
G1 X140.162 Y119.9 E791.54033
G1 X141.043 Y119.467 E791.57298
G1 X141.853 Y118.923 E791.60544
G1 X142.59 Y118.278 E791.63801
G1 X143.234 Y117.542 E791.67054
G1 X143.779 Y116.727 E791.70315
G1 X144.212 Y115.848 E791.73574
G1 X144.527 Y114.932 E791.76796
G1 X144.715 Y113.97 E791.80056
G1 X144.778 Y112.992 E791.83315
G1 X144.715 Y112.014 E791.86575
G1 X144.527 Y111.052 E791.89835
G1 X144.212 Y110.135 E791.9306
G1 X143.779 Y109.253 E791.96328
G1 X143.235 Y108.443 E791.99573
G1 X142.59 Y107.706 E792.02831
G1 X141.853 Y107.062 E792.06086
G1 X141.043 Y106.517 E792.09333
G1 X140.162 Y106.084 E792.12598
G1 X139.244 Y105.773 E792.15822
G1 X138.284 Y105.581 E792.19078
G1 X137.275 Y105.512 E792.22442
G1 X124.046 Y105.51 E792.66442
G1 X123.74 Y105.39 E792.67535
G1 X123.539 Y105.115 E792.68668
G1 X123.508 Y104.984 E792.69116
G1 X123.504 Y94.94 E793.02522
G1 X121.618 Y94.94 E793.08795
G1 X122.568 Y97.98 E793.19388
G1 X122.568 Y98.188 E793.2008
G1 X122.516 Y98.348 E793.2064
G1 X122.247 Y98.62 E793.21912
G1 X121.976 Y98.684 E793.22838
G1 X113.02 Y98.684 E793.52626
G1 X112.749 Y98.62 E793.53552
G1 X112.48 Y98.347 E793.54827
G1 X112.428 Y98.188 E793.55383
G1 X112.428 Y97.98 E793.56075
G1 X113.381 Y94.941 E793.66668
G1 X111.497 Y94.941 E793.72934
G1 X111.492 Y104.984 E794.06337
G1 X111.357 Y105.297 E794.07471
G1 X111.086 Y105.482 E794.08562
G1 X110.954 Y105.51 E794.09011
G1 X97.725 Y105.512 E794.53011
G1 X96.716 Y105.58 E794.56375
G1 X95.752 Y105.773 E794.59645
G1 X94.834 Y106.084 E794.62868
G1 X93.957 Y106.517 E794.66121
G1 X93.142 Y107.062 E794.69382
G1 X92.406 Y107.706 E794.72635
G1 X91.761 Y108.443 E794.75893
G1 X91.217 Y109.253 E794.79138
G1 X90.784 Y110.134 E794.82403
G1 X90.473 Y111.052 E794.85627
G1 X90.281 Y112.015 E794.88893
G1 X90.218 Y112.992 E794.92149
G1 X90.281 Y113.969 E794.95405
G1 X90.473 Y114.932 E794.98671
G1 X90.784 Y115.849 E795.01892
G1 X91.217 Y116.727 E795.05148
G1 X91.762 Y117.542 E795.08409
G1 X92.406 Y118.278 E795.11661
G1 X93.142 Y118.922 E795.14914
G1 X93.957 Y119.467 E795.18175
G1 X94.835 Y119.9 E795.21431
G1 X95.752 Y120.211 E795.24652
G1 X96.715 Y120.403 E795.27918
G1 X97.836 Y120.476 E795.31654
G1 X98.065 Y120.598 E795.32517
G1 X98.199 Y120.745 E795.33179
G1 X98.29 Y121.01 E795.34111
G1 X98.292 Y136.34 E795.85098
G1 X99.104 Y136.341 E795.87799
G1 X99.54 Y136.566 E795.89431
G1 F1550.4 X99.655 Y136.94 E795.9069
G1 F1566.6 X99.595 Y137.217 E795.91593
G1 F1515.2 X98.286 Y139.718 E796.00888
G1 F1500 X98.289 Y140.056 E796.02012
G1 X117.5 Y140.056 E796.65908
G1 F2700 E791.65908
G0 F9000 X117.5 Y139.749
G0 X134.821 Y138.694
G0 X137.276 Y117.028
G0 X137.303 Y116.719
G1 F2700 E796.65908
G1 F1500 X136.654 Y116.659 E796.68076
G1 X136.026 Y116.491 E796.70238
G1 X135.439 Y116.214 E796.72397
G1 X134.92 Y115.852 E796.74501
G1 X134.452 Y115.386 E796.76698
G1 X134.095 Y114.877 E796.78766
G1 X133.803 Y114.265 E796.81021
G1 X133.635 Y113.632 E796.83199
G1 X133.58 Y112.995 E796.85326
G1 X133.634 Y112.347 E796.87489
G1 X133.802 Y111.712 E796.89673
G1 X134.079 Y111.125 E796.91832
G1 X134.451 Y110.591 E796.93997
G1 X134.907 Y110.135 E796.96142
G1 X135.441 Y109.763 E796.98306
G1 X136.032 Y109.485 E797.00478
G1 X136.656 Y109.325 E797.02621
G1 X137.281 Y109.268 E797.04708
G1 X137.966 Y109.327 E797.06995
G1 X138.569 Y109.483 E797.09067
G1 X139.133 Y109.744 E797.11134
G1 X139.695 Y110.13 E797.13401
G1 X140.163 Y110.593 E797.15591
G1 X140.532 Y111.128 E797.17753
G1 X140.812 Y111.725 E797.19946
G1 X140.969 Y112.332 E797.22031
G1 X141.035 Y112.997 E797.24254
G1 X140.97 Y113.652 E797.26443
G1 X140.813 Y114.255 E797.28515
G1 X140.512 Y114.886 E797.30841
G1 X140.159 Y115.391 E797.3289
G1 X139.708 Y115.836 E797.34997
G1 X139.168 Y116.217 E797.37195
G1 X138.569 Y116.497 E797.39395
G1 X137.967 Y116.657 E797.41466
G1 X137.303 Y116.719 E797.43685
G0 F9000 X137.286 Y116.316
;TYPE:WALL-OUTER
G1 F1500 X136.708 Y116.262 E797.45615
G1 X136.184 Y116.122 E797.47419
G1 X135.642 Y115.869 E797.49409
G1 X135.181 Y115.549 E797.51275
G1 X134.758 Y115.129 E797.53258
G1 X134.428 Y114.655 E797.55179
G1 X134.179 Y114.129 E797.57114
G1 X134.028 Y113.554 E797.59092
G1 X133.98 Y112.974 E797.61027
G1 X134.034 Y112.396 E797.62958
G1 X134.174 Y111.868 E797.64775
G1 X134.435 Y111.313 E797.66815
G1 X134.747 Y110.865 E797.68631
G1 X135.181 Y110.431 E797.70672
G1 X135.629 Y110.119 E797.72488
G1 X136.185 Y109.858 E797.74531
G1 X136.742 Y109.716 E797.76443
G1 X137.322 Y109.668 E797.78378
G1 X137.888 Y109.719 E797.80268
G1 X138.441 Y109.862 E797.82168
G1 X138.968 Y110.11 E797.84105
G1 X139.453 Y110.453 E797.86081
G1 X139.851 Y110.848 E797.87946
G1 X140.186 Y111.328 E797.89893
G1 X140.434 Y111.855 E797.9183
G1 X140.577 Y112.409 E797.93733
G1 X140.632 Y113.012 E797.95747
G1 X140.58 Y113.556 E797.97565
G1 X140.434 Y114.125 E797.99519
G1 X140.177 Y114.667 E798.01514
G1 X139.865 Y115.115 E798.03329
G1 X139.444 Y115.535 E798.05307
G1 X138.98 Y115.863 E798.07197
G1 X138.441 Y116.118 E798.09181
G1 X137.888 Y116.265 E798.11084
G1 X137.286 Y116.316 E798.13093
G1 F2700 E793.13093
G0 F9000 X137.225 Y117.023
G0 X134.821 Y138.694
G0 X117.5 Y138.331
G0 X117.5 Y137.62
G1 F2700 E798.13093
G1 F1500 X103.887 Y137.62 E798.5837
G1 X100.651 Y138.481 E798.69508
G1 X100.55 Y138.474 E798.69844
G1 X100.462 Y138.413 E798.702
G1 X100.416 Y138.284 E798.70656
G1 X100.416 Y132.348 E798.90399
G1 X100.502 Y132.183 E798.91018
G1 X100.627 Y132.148 E798.9145
G1 X103.66 Y132.955 E799.01889
G1 X103.66 Y128.889 E799.15412
G1 X103.714 Y128.329 E799.17283
G1 X103.858 Y127.791 E799.19136
G1 X104.078 Y127.319 E799.20868
G1 X104.4 Y126.856 E799.22743
G1 X104.821 Y126.435 E799.24724
G1 X105.241 Y126.143 E799.26425
G1 X105.759 Y125.897 E799.28332
G1 X106.307 Y125.75 E799.30219
G1 X106.864 Y125.704 E799.32078
G1 X128.153 Y125.704 E800.02886
G1 X128.693 Y125.75 E800.04688
G1 X129.237 Y125.897 E800.06563
G1 X129.754 Y126.143 E800.08467
G1 X130.206 Y126.458 E800.10299
G1 X130.601 Y126.857 E800.12167
G1 X130.918 Y127.319 E800.1403
G1 X131.15 Y127.823 E800.15876
G1 X131.286 Y128.327 E800.17612
G1 X131.336 Y128.891 E800.19495
G1 X131.336 Y132.955 E800.33012
G1 X134.369 Y132.148 E800.43451
G1 X134.494 Y132.183 E800.43883
G1 X134.58 Y132.348 E800.44501
G1 X134.58 Y138.284 E800.64245
G1 X134.534 Y138.413 E800.647
G1 X134.446 Y138.474 E800.65056
G1 X134.328 Y138.478 E800.65449
G1 X131.113 Y137.62 E800.76516
G1 X117.5 Y137.62 E801.21793
G1 F2700 E796.21793
G0 F9000 X117.5 Y138.331
G0 X117.5 Y139.749
G0 X117.5 Y140.455
G1 F2700 E801.21793
G1 F1500 X136.996 Y140.455 E801.86637
G1 X137.108 Y140.344 E801.87162
G1 X137.111 Y139.618 E801.89577
G1 X135.721 Y136.972 E801.99518
G1 X135.774 Y136.816 E802.00066
G1 X135.919 Y136.74 E802.0061
G1 X137.104 Y136.74 E802.04551
G1 X137.104 Y121.048 E802.56743
G1 X137.135 Y120.96 E802.57054
G1 X137.232 Y120.872 E802.57489
G1 X138.337 Y120.801 E802.61172
G1 X139.348 Y120.598 E802.64602
G1 X140.315 Y120.27 E802.67998
G1 X141.243 Y119.814 E802.71437
G1 X142.097 Y119.241 E802.74858
G1 X142.874 Y118.562 E802.7829
G1 X143.552 Y117.786 E802.81717
G1 X144.126 Y116.927 E802.85153
G1 X144.582 Y116.002 E802.88583
G1 X144.914 Y115.036 E802.91981
G1 X145.113 Y114.022 E802.95418
G1 X145.179 Y112.992 E802.9885
G1 X145.113 Y111.962 E803.02283
G1 X144.914 Y110.948 E803.0572
G1 X144.582 Y109.981 E803.09121
G1 X144.126 Y109.053 E803.1256
G1 X143.553 Y108.199 E803.1598
G1 X142.874 Y107.422 E803.19412
G1 X142.097 Y106.744 E803.22842
G1 X141.243 Y106.17 E803.26264
G1 X140.315 Y105.714 E803.29703
G1 X139.348 Y105.386 E803.331
G1 X138.337 Y105.183 E803.36529
G1 X137.289 Y105.112 E803.40023
G1 X124.069 Y105.11 E803.83993
G1 X123.967 Y105.059 E803.84372
G1 X123.904 Y104.93 E803.8485
G1 X123.904 Y94.54 E804.19407
G1 X121.073 Y94.54 E804.28823
G1 X122.174 Y98.049 E804.41055
G1 X122.156 Y98.172 E804.41468
G1 X122.046 Y98.284 E804.41991
G1 X112.95 Y98.284 E804.72244
G1 X112.84 Y98.172 E804.72766
G1 X112.822 Y98.049 E804.7318
G1 X113.927 Y94.541 E804.85412
G1 X111.097 Y94.541 E804.94825
G1 X111.095 Y104.936 E805.29399
G1 X111.059 Y105.029 E805.29731
G1 X110.931 Y105.11 E805.30234
G1 X97.711 Y105.112 E805.74204
G1 X96.663 Y105.183 E805.77698
G1 X95.648 Y105.386 E805.81141
G1 X94.681 Y105.714 E805.84537
G1 X93.757 Y106.17 E805.87964
G1 X92.898 Y106.744 E805.914
G1 X92.122 Y107.422 E805.94828
G1 X91.443 Y108.199 E805.9826
G1 X90.87 Y109.053 E806.0168
G1 X90.414 Y109.981 E806.05119
G1 X90.086 Y110.948 E806.08515
G1 X89.883 Y111.963 E806.11958
G1 X89.817 Y112.992 E806.15388
G1 X89.883 Y114.021 E806.18817
G1 X90.086 Y115.036 E806.2226
G1 X90.414 Y116.003 E806.25656
G1 X90.87 Y116.927 E806.29083
G1 X91.444 Y117.786 E806.3252
G1 X92.122 Y118.562 E806.35947
G1 X92.898 Y119.24 E806.39374
G1 X93.757 Y119.814 E806.4281
G1 X94.681 Y120.27 E806.46238
G1 X95.648 Y120.598 E806.49634
G1 X96.663 Y120.801 E806.53077
G1 X97.764 Y120.871 E806.56746
G1 X97.861 Y120.96 E806.57184
G1 X97.892 Y121.048 E806.57494
G1 X97.892 Y136.74 E807.09686
G1 X99.08 Y136.74 E807.13637
G1 X99.226 Y136.815 E807.14183
G1 X99.279 Y136.972 E807.14734
G1 X97.885 Y139.621 E807.2469
G1 X97.892 Y140.347 E807.27105
G1 X98.002 Y140.456 E807.2762
G1 X117.5 Y140.455 E807.92471
G1 F2700 E802.92471
G0 F9000 X117.5 Y139.749
G0 X100.179 Y138.694
G0 X100.179 Y134.866
G0 X97.613 Y117.023
G0 X97.674 Y116.316
G1 F2700 E807.92471
G1 F1500 X97.096 Y116.262 E807.94402
G1 X96.559 Y116.118 E807.96251
G1 X96.028 Y115.87 E807.982
G1 X95.552 Y115.535 E808.00136
G1 X95.149 Y115.132 E808.02032
G1 X94.817 Y114.664 E808.0394
G1 X94.562 Y114.112 E808.05962
G1 X94.419 Y113.576 E808.07807
G1 X94.368 Y112.974 E808.09817
G1 X94.422 Y112.396 E808.11748
G1 X94.566 Y111.855 E808.1361
G1 X94.81 Y111.328 E808.15541
G1 X95.158 Y110.838 E808.1754
G1 X95.552 Y110.445 E808.19391
G1 X96.016 Y110.117 E808.21281
G1 X96.539 Y109.87 E808.23205
G1 X97.108 Y109.719 E808.25163
G1 X97.71 Y109.668 E808.27172
G1 X98.287 Y109.722 E808.291
G1 X98.845 Y109.87 E808.3102
G1 X99.372 Y110.12 E808.3296
G1 X99.842 Y110.454 E808.34878
G1 X100.248 Y110.864 E808.36797
G1 X100.582 Y111.343 E808.38739
G1 X100.822 Y111.868 E808.40659
G1 X100.968 Y112.43 E808.4259
G1 X101.016 Y113.01 E808.44526
G1 X100.962 Y113.588 E808.46457
G1 X100.817 Y114.128 E808.48316
G1 X100.573 Y114.655 E808.50248
G1 X100.238 Y115.129 E808.52178
G1 X99.826 Y115.54 E808.54114
G1 X99.358 Y115.869 E808.56017
G1 X98.83 Y116.116 E808.57956
G1 X98.254 Y116.268 E808.59937
G1 X97.674 Y116.316 E808.61873
G0 F9000 X97.613 Y117.023
G0 X95.892 Y116.592
G0 X95.991 Y116.381
;TYPE:FILL
G1 F3000 X93.385 Y118.988 E808.74133
G0 F9000 X93.511 Y118.799
G0 X91.078 Y115.744
G0 X90.871 Y115.845
G1 F3000 X93.901 Y112.815 E808.88385
G0 F9000 X93.673 Y112.795
G0 X94.101 Y111.181
G0 X94.306 Y111.277
G1 F3000 X91.703 Y108.674 E809.00629
G0 F9000 X91.893 Y108.801
G0 X91.059 Y110.292
G0 X90.841 Y110.217
G1 F3000 X94.919 Y106.14 E809.19808
G1 X94.851 Y106.165
G1 X97.889 Y109.203 E809.34098
G0 F9000 X97.514 Y109.201
G1 F3000 X101.125 Y105.59 E809.51083
G0 F9000 X101.125 Y105.825
G0 X99.935 Y105.825
G0 X99.935 Y105.592
G1 F3000 X119.568 Y125.224 E810.43428
G0 F9000 X119.568 Y124.994
G0 X121.088 Y124.994
G0 X121.088 Y125.226
G1 F3000 X133.517 Y112.797 E811.0189
G0 F9000 X133.288 Y112.777
G0 X133.709 Y111.191
G0 X133.915 Y111.288
G1 F3000 X128.218 Y105.59 E811.2869
G0 F9000 X128.218 Y105.825
G0 X129.41 Y105.825
G0 X129.41 Y105.589
G1 F3000 X109.775 Y125.224 E812.21047
G0 F9000 X109.775 Y124.994
G0 X108.253 Y124.994
G0 X108.253 Y125.224
G1 F3000 X99.404 Y116.374 E812.62672
G0 F9000 X99.503 Y116.588
G0 X100.25 Y116.04
G0 X100.741 Y115.55
G0 X101.138 Y114.981
G0 X101.431 Y114.353
G0 X101.533 Y113.974
G0 X101.713 Y112.773
G0 X101.478 Y112.792
G1 F3000 X113.91 Y125.224 E813.21148
G0 F9000 X113.91 Y124.994
G0 X115.432 Y124.994
G0 X115.432 Y125.225
G1 F3000 X135.066 Y105.591 E814.13501
G0 F9000 X135.066 Y105.825
G0 X133.875 Y105.825
G0 X133.875 Y105.591
G1 F3000 X137.485 Y109.201 E814.30481
G0 F9000 X137.11 Y109.203
G1 F3000 X140.147 Y106.166 E814.44766
G1 X140.084 Y106.143
G1 X144.154 Y110.213 E814.6391
G0 F9000 X143.938 Y110.286
G0 X143.106 Y108.8
G0 X143.294 Y108.676
G1 F3000 X140.693 Y111.277 E814.76144
G0 F9000 X140.9 Y111.181
G0 X141.328 Y112.794
G0 X141.098 Y112.813
G1 F3000 X144.126 Y115.842 E814.9039
G0 F9000 X143.924 Y115.741
G0 X144.47 Y112.947
G0 X144.694 Y112.933
G1 F3000 X137.236 Y120.391 E815.2547
G1 X137.353 Y120.383
G1 X115.735 Y98.764 E816.27156
G0 F9000 X115.735 Y98.995
G0 X113.609 Y98.995
G0 X113.609 Y98.764
G1 F3000 X111.574 Y100.799 E816.36728
G0 F9000 X111.574 Y100.26
G1 F3000 X136.626 Y125.313 E817.54568
G0 F9000 X136.397 Y125.312
G0 X136.397 Y126.657
G0 X136.626 Y126.658
G1 F3000 X131.816 Y131.468 E817.77193
G0 F9000 X131.815 Y131.815
G1 F3000 X132.22 Y132.22 E817.79098
G0 F9000 X132.163 Y132
G0 X134.159 Y131.531
G0 X135.221 Y131.542
G0 X135.293 Y133.881
G0 X135.06 Y133.881
G1 F3000 X136.624 Y132.317 E817.86454
G0 F9000 X136.397 Y132.316
G0 X136.397 Y130.967
G0 X136.625 Y130.968
G1 F3000 X111.182 Y105.525 E819.0613
G0 F9000 X111.182 Y105.825
G0 X106.783 Y105.825
G0 X106.783 Y105.589
G1 F3000 X101.085 Y111.287 E819.32932
G0 F9000 X101.292 Y111.191
G0 X105.59 Y105.825
G0 X105.59 Y105.59
G1 F3000 X125.225 Y125.225 E820.25289
G0 F9000 X125.225 Y124.994
G0 X126.745 Y124.994
G0 X126.745 Y125.226
G1 F3000 X135.593 Y116.377 E820.66909
G0 F9000 X135.495 Y116.587
G0 X136.617 Y116.911
G0 X137.307 Y116.971
G0 X137.865 Y116.922
G0 X139.106 Y116.593
G0 X139.007 Y116.38
G1 F3000 X141.614 Y118.986 E820.7917
G0 F9000 X141.49 Y118.798
G0 X136.468 Y120.285
G0 X136.397 Y120.994
G0 X136.632 Y120.995
G1 F3000 X131.016 Y126.612 E821.05588
G0 F9000 X131.202 Y126.482
G0 X135.221 Y131.542
G0 X135.293 Y135.06
G0 X135.06 Y135.06
G1 F3000 X136.26 Y136.26 E821.11232
G0 F9000 X136.261 Y136.03
G0 X135.553 Y136.502
G0 X135.545 Y137.038
G0 X135.819 Y138.68
G0 X136.023 Y138.575
G1 F3000 X134.622 Y139.976 E821.17822
G0 F9000 X134.318 Y139.975
G1 F3000 X132.947 Y138.604 E821.24271
G0 F9000 X132.887 Y138.828
G0 X130.842 Y138.331
G0 X130.842 Y138.099
G1 F3000 X128.965 Y139.976 E821.331
G0 F9000 X128.662 Y139.975
G1 F3000 X126.786 Y138.099 E821.41924
G0 F9000 X126.786 Y138.331
G0 X125.185 Y138.331
G0 X125.185 Y138.099
G1 F3000 X123.308 Y139.976 E821.50753
G0 F9000 X123.005 Y139.975
G1 F3000 X121.129 Y138.099 E821.59577
G0 F9000 X121.129 Y138.331
G0 X119.528 Y138.331
G0 X119.528 Y138.099
G1 F3000 X117.651 Y139.976 E821.68406
G0 F9000 X117.348 Y139.975
G1 F3000 X115.472 Y138.099 E821.7723
G0 F9000 X115.472 Y138.331
G0 X113.871 Y138.331
G0 X113.871 Y138.099
G1 F3000 X111.994 Y139.976 E821.86059
G0 F9000 X111.691 Y139.975
G1 F3000 X109.815 Y138.099 E821.94883
G0 F9000 X109.815 Y138.331
G0 X108.214 Y138.331
G0 X108.214 Y138.099
G1 F3000 X106.338 Y139.976 E822.03709
G0 F9000 X106.034 Y139.975
G1 F3000 X104.158 Y138.099 E822.12533
G0 F9000 X104.158 Y138.331
G0 X102.114 Y138.828
G0 X102.055 Y138.602
G1 F3000 X100.681 Y139.976 E822.18996
G0 F9000 X100.377 Y139.975
G1 F3000 X98.974 Y138.572 E822.25596
G0 F9000 X99.181 Y138.682
G0 X99.457 Y137.164
G0 X99.447 Y136.503
G0 X98.739 Y136.031
G0 X98.739 Y136.261
G1 F3000 X99.935 Y135.064 E822.31224
G0 F9000 X99.707 Y135.064
G0 X99.707 Y133.877
G0 X99.936 Y133.877
G1 F3000 X98.371 Y132.312 E822.38585
G0 F9000 X98.604 Y132.312
G0 X98.604 Y130.972
G0 X98.371 Y130.972
G1 F3000 X123.82 Y105.523 E823.58289
G0 F9000 X123.82 Y105.825
G0 X123.266 Y105.753
G0 X123.194 Y100.8
G0 X123.428 Y100.8
G1 F3000 X121.392 Y98.764 E823.67866
G0 F9000 X121.392 Y98.995
G0 X119.266 Y98.995
G0 X119.266 Y98.764
G1 F3000 X97.646 Y120.384 E824.6956
G1 X97.763 Y120.391
G1 X90.302 Y112.929 E825.04656
G0 F9000 X90.529 Y112.944
G0 X98.532 Y120.285
G0 X98.604 Y120.988
G0 X98.361 Y120.988
G1 F3000 X103.985 Y126.612 E825.3111
G0 F9000 X103.799 Y126.481
G0 X103.241 Y127.587
G0 X103.067 Y128.236
G0 X102.951 Y131.465
G0 X103.181 Y131.465
G1 F3000 X98.369 Y126.653 E825.53744
G0 F9000 X98.604 Y126.653
G0 X98.604 Y125.316
G0 X98.37 Y125.316
G1 F3000 X123.426 Y100.26 E826.716
G0 F9000 X123.194 Y100.26
G0 X122.824 Y98.06
G0 X122.253 Y95.928
G0 X122.034 Y95.995
G1 F3000 X123.01 Y95.02 E826.76188
G0 F9000 X123.305 Y95.02
G1 F3000 X123.425 Y95.141 E826.76755
G0 F9000 X123.224 Y95.222
G0 X122.78 Y98.923
G0 X112.22 Y98.923
G0 X112.217 Y97.926
G0 X112.748 Y95.927
G0 X112.965 Y95.995
G1 F3000 X111.992 Y95.021 E826.81334
G0 F9000 X111.695 Y95.021
G1 F3000 X111.577 Y95.138 E826.81887
G1 F2700 E821.81887
G0 F9000 X111.776 Y95.222
G0 X111.734 Y105.753
G0 X103.241 Y127.587
G0 X103.067 Y128.236
G0 X102.951 Y131.82
G0 X103.18 Y131.82
G1 F2700 E826.81887
G1 F3000 X102.778 Y132.222 E826.83778
G0 F9000 X102.651 Y131.711
;MESH:NONMESH
G0 F300 X102.651 Y131.711 Z2.2
G0 F9000 X97.663 Y117.028
G0 X97.69 Y116.719
;TIME_ELAPSED:1332.472488
;LAYER:10
;TYPE:WALL-INNER
;MESH:FT05-Frame Part B.stl
G1 F1500 X97.03 Y116.657 E826.85983
G1 X96.431 Y116.497 E826.88045
G1 X95.862 Y116.235 E826.90128
G1 X95.297 Y115.847 E826.92408
G1 X94.848 Y115.395 E826.94527
G1 X94.46 Y114.851 E826.96749
G1 X94.187 Y114.253 E826.98936
G1 X94.027 Y113.654 E827.00998
G1 X93.965 Y112.992 E827.03209
G1 X94.023 Y112.339 E827.0539
G1 X94.187 Y111.727 E827.07497
G1 X94.462 Y111.125 E827.09698
G1 X94.841 Y110.589 E827.11882
G1 X95.288 Y110.144 E827.1398
G1 X95.828 Y109.763 E827.16178
G1 X96.431 Y109.483 E827.18389
G1 X97.03 Y109.327 E827.20448
G1 X97.715 Y109.268 E827.22734
G1 X98.338 Y109.322 E827.24814
G1 X98.967 Y109.486 E827.26976
G1 X99.558 Y109.762 E827.29146
G1 X100.092 Y110.138 E827.31318
G1 X100.544 Y110.59 E827.33444
G1 X100.923 Y111.127 E827.3563
G1 X101.193 Y111.711 E827.3777
G1 X101.362 Y112.347 E827.39959
G1 X101.416 Y112.995 E827.42121
G1 X101.359 Y113.643 E827.44285
G1 X101.193 Y114.263 E827.4642
G1 X100.917 Y114.859 E827.48604
G1 X100.544 Y115.386 E827.50752
G1 X100.077 Y115.852 E827.52946
G1 X99.561 Y116.213 E827.55041
G1 X98.969 Y116.494 E827.5722
G1 X98.342 Y116.659 E827.59377
G1 X97.69 Y116.719 E827.61554
G1 F2700 E822.61554
G0 F9000 X97.663 Y117.028
G0 X100.179 Y131.942
G0 X100.179 Y138.694
G0 X117.5 Y138.331
G0 X117.5 Y138.02
G1 F2700 E827.61554
G1 F1500 X103.939 Y138.02 E828.06658
G1 X100.72 Y138.875 E828.17736
G1 X100.419 Y138.852 E828.1874
G1 X100.155 Y138.669 E828.19808
G1 X100.016 Y138.284 E828.2117
G1 F1550.4 X100.029 Y136.94 E828.25495
G1 X100.016 Y136.401 E828.2723
G1 F1500 X100.016 Y132.348 E828.4071
G1 X100.093 Y132.052 E828.41728
G1 X100.276 Y131.853 E828.42627
G1 X100.477 Y131.764 E828.43358
G1 X100.685 Y131.745 E828.44053
G1 X103.26 Y132.434 E828.52918
G1 X103.262 Y128.853 E828.64829
G1 X103.315 Y128.274 E828.66763
G1 X103.473 Y127.672 E828.68833
G1 X103.739 Y127.101 E828.70928
G1 X104.104 Y126.582 E828.73038
G1 X104.547 Y126.139 E828.75122
G1 X105.054 Y125.787 E828.77175
G1 X105.614 Y125.524 E828.79232
G1 X106.241 Y125.356 E828.81391
G1 X106.816 Y125.305 E828.83311
G1 X128.187 Y125.306 E829.54392
G1 X128.759 Y125.356 E829.56301
G1 X129.382 Y125.524 E829.58448
G1 X129.944 Y125.787 E829.60511
G1 X130.45 Y126.136 E829.62556
G1 X130.897 Y126.583 E829.64658
G1 X131.258 Y127.103 E829.66764
G1 X131.523 Y127.672 E829.68851
G1 X131.687 Y128.277 E829.70936
G1 X131.735 Y128.858 E829.72875
G1 X131.736 Y132.434 E829.84769
G1 X134.311 Y131.745 E829.93635
G1 X134.52 Y131.764 E829.94333
G1 X134.72 Y131.853 E829.95061
G1 X134.903 Y132.052 E829.9596
G1 X134.98 Y132.348 E829.96977
G1 X134.98 Y136.402 E830.10461
G1 F1546.4 X134.968 Y136.94 E830.12197
G1 X134.98 Y138.284 E830.16533
G1 F1500 X134.841 Y138.669 E830.17895
G1 X134.577 Y138.852 E830.18963
G1 X134.276 Y138.875 E830.19967
G1 X131.061 Y138.02 E830.31032
G1 X117.5 Y138.02 E830.76136
G0 F9000 X117.5 Y138.331
G0 X117.5 Y139.749
G0 X117.5 Y140.056
G1 F1500 X136.708 Y140.055 E831.40022
G1 X136.71 Y139.716 E831.4115
G1 F1515.2 X135.404 Y137.218 E831.50431
G1 F1562.5 X135.344 Y136.94 E831.5134
G1 F1546.4 X135.46 Y136.568 E831.52597
G1 F1500 X135.895 Y136.341 E831.54229
G1 X136.704 Y136.34 E831.56919
G1 X136.706 Y121.01 E832.07907
G1 X136.797 Y120.746 E832.08836
G1 X136.93 Y120.597 E832.095
G1 X137.16 Y120.476 E832.10365
G1 X138.285 Y120.403 E832.14114
G1 X139.244 Y120.211 E832.17367
G1 X140.162 Y119.9 E832.20591
G1 X141.043 Y119.467 E832.23856
G1 X141.853 Y118.923 E832.27101
G1 X142.59 Y118.278 E832.30359
G1 X143.234 Y117.542 E832.33611
G1 X143.779 Y116.727 E832.36872
G1 X144.212 Y115.848 E832.40131
G1 X144.527 Y114.932 E832.43353
G1 X144.715 Y113.97 E832.46613
G1 X144.778 Y112.992 E832.49873
G1 X144.715 Y112.014 E832.53132
G1 X144.527 Y111.052 E832.56393
G1 X144.212 Y110.135 E832.59617
G1 X143.779 Y109.253 E832.62885
G1 X143.235 Y108.443 E832.66131
G1 X142.59 Y107.706 E832.69388
G1 X141.853 Y107.062 E832.72643
G1 X141.043 Y106.517 E832.75891
G1 X140.162 Y106.084 E832.79156
G1 X139.244 Y105.773 E832.82379
G1 X138.284 Y105.581 E832.85635
G1 X137.275 Y105.512 E832.88999
G1 X124.046 Y105.51 E833.32999
G1 X123.74 Y105.39 E833.34092
G1 X123.539 Y105.115 E833.35225
G1 X123.508 Y104.984 E833.35673
G1 X123.504 Y94.94 E833.69079
G1 X121.618 Y94.94 E833.75352
G1 X122.568 Y97.98 E833.85946
G1 X122.568 Y98.188 E833.86637
G1 X122.516 Y98.348 E833.87197
G1 X122.247 Y98.62 E833.88469
G1 X121.976 Y98.684 E833.89396
G1 X113.02 Y98.684 E834.19183
G1 X112.749 Y98.62 E834.20109
G1 X112.48 Y98.347 E834.21384
G1 X112.428 Y98.188 E834.21941
G1 X112.428 Y97.98 E834.22632
G1 X113.381 Y94.941 E834.33225
G1 X111.497 Y94.941 E834.39492
G1 X111.492 Y104.984 E834.72895
G1 X111.357 Y105.297 E834.74029
G1 X111.086 Y105.482 E834.7512
G1 X110.954 Y105.51 E834.75569
G1 X97.725 Y105.512 E835.19569
G1 X96.716 Y105.58 E835.22932
G1 X95.752 Y105.773 E835.26202
G1 X94.834 Y106.084 E835.29426
G1 X93.957 Y106.517 E835.32679
G1 X93.142 Y107.062 E835.3594
G1 X92.406 Y107.706 E835.39193
G1 X91.761 Y108.443 E835.4245
G1 X91.217 Y109.253 E835.45695
G1 X90.784 Y110.134 E835.4896
G1 X90.473 Y111.052 E835.52184
G1 X90.281 Y112.015 E835.5545
G1 X90.218 Y112.992 E835.58706
G1 X90.281 Y113.969 E835.61963
G1 X90.473 Y114.932 E835.65228
G1 X90.784 Y115.849 E835.68449
G1 X91.217 Y116.727 E835.71705
G1 X91.762 Y117.542 E835.74966
G1 X92.406 Y118.278 E835.78219
G1 X93.142 Y118.922 E835.81472
G1 X93.957 Y119.467 E835.84733
G1 X94.835 Y119.9 E835.87989
G1 X95.752 Y120.211 E835.91209
G1 X96.715 Y120.403 E835.94475
G1 X97.836 Y120.476 E835.98212
G1 X98.065 Y120.598 E835.99075
G1 X98.199 Y120.745 E835.99736
G1 X98.29 Y121.01 E836.00668
G1 X98.292 Y136.34 E836.51656
G1 X99.104 Y136.341 E836.54357
G1 X99.54 Y136.566 E836.55988
G1 F1550.4 X99.655 Y136.94 E836.57247
G1 F1566.6 X99.595 Y137.217 E836.5815
G1 F1515.2 X98.286 Y139.718 E836.67445
G1 F1500 X98.289 Y140.056 E836.68569
G1 X117.5 Y140.056 E837.32465
G1 F2700 E832.32465
G0 F9000 X117.5 Y139.749
G0 X134.821 Y138.694
G0 X137.276 Y117.028
G0 X137.303 Y116.719
G1 F2700 E837.32465
G1 F1500 X136.654 Y116.659 E837.34633
G1 X136.026 Y116.491 E837.36795
G1 X135.439 Y116.214 E837.38954
G1 X134.92 Y115.852 E837.41059
G1 X134.452 Y115.386 E837.43255
G1 X134.095 Y114.877 E837.45323
G1 X133.803 Y114.265 E837.47579
G1 X133.635 Y113.632 E837.49757
G1 X133.58 Y112.995 E837.51883
G1 X133.634 Y112.347 E837.54046
G1 X133.802 Y111.712 E837.56231
G1 X134.079 Y111.125 E837.5839
G1 X134.451 Y110.591 E837.60554
G1 X134.907 Y110.135 E837.62699
G1 X135.441 Y109.763 E837.64864
G1 X136.032 Y109.485 E837.67036
G1 X136.656 Y109.325 E837.69178
G1 X137.281 Y109.268 E837.71266
G1 X137.966 Y109.327 E837.73553
G1 X138.569 Y109.483 E837.75624
G1 X139.133 Y109.744 E837.77691
G1 X139.695 Y110.13 E837.79959
G1 X140.163 Y110.593 E837.82148
G1 X140.532 Y111.128 E837.8431
G1 X140.812 Y111.725 E837.86503
G1 X140.969 Y112.332 E837.88589
G1 X141.035 Y112.997 E837.90811
G1 X140.97 Y113.652 E837.93
G1 X140.813 Y114.255 E837.95073
G1 X140.512 Y114.886 E837.97398
G1 X140.159 Y115.391 E837.99448
G1 X139.708 Y115.836 E838.01555
G1 X139.168 Y116.217 E838.03753
G1 X138.569 Y116.497 E838.05952
G1 X137.967 Y116.657 E838.08024
G1 X137.303 Y116.719 E838.10242
G0 F9000 X137.286 Y116.316
;TYPE:WALL-OUTER
G1 F1500 X136.708 Y116.262 E838.12173
G1 X136.184 Y116.122 E838.13977
G1 X135.642 Y115.869 E838.15966
G1 X135.181 Y115.549 E838.17833
G1 X134.758 Y115.129 E838.19815
G1 X134.428 Y114.655 E838.21736
G1 X134.179 Y114.129 E838.23672
G1 X134.028 Y113.554 E838.25649
G1 X133.98 Y112.974 E838.27585
G1 X134.034 Y112.396 E838.29516
G1 X134.174 Y111.868 E838.31332
G1 X134.435 Y111.313 E838.33372
G1 X134.747 Y110.865 E838.35188
G1 X135.181 Y110.431 E838.3723
G1 X135.629 Y110.119 E838.39045
G1 X136.185 Y109.858 E838.41088
G1 X136.742 Y109.716 E838.43
G1 X137.322 Y109.668 E838.44936
G1 X137.888 Y109.719 E838.46826
G1 X138.441 Y109.862 E838.48726
G1 X138.968 Y110.11 E838.50663
G1 X139.453 Y110.453 E838.52639
G1 X139.851 Y110.848 E838.54504
G1 X140.186 Y111.328 E838.5645
G1 X140.434 Y111.855 E838.58388
G1 X140.577 Y112.409 E838.60291
G1 X140.632 Y113.012 E838.62305
G1 X140.58 Y113.556 E838.64122
G1 X140.434 Y114.125 E838.66076
G1 X140.177 Y114.667 E838.68071
G1 X139.865 Y115.115 E838.69887
G1 X139.444 Y115.535 E838.71865
G1 X138.98 Y115.863 E838.73755
G1 X138.441 Y116.118 E838.75738
G1 X137.888 Y116.265 E838.77641
G1 X137.286 Y116.316 E838.79651
G1 F2700 E833.79651
G0 F9000 X137.225 Y117.023
G0 X134.821 Y138.694
G0 X117.5 Y138.331
G0 X117.5 Y137.62
G1 F2700 E838.79651
G1 F1500 X103.887 Y137.62 E839.24928
G1 X100.651 Y138.481 E839.36065
G1 X100.55 Y138.474 E839.36402
G1 X100.462 Y138.413 E839.36758
G1 X100.416 Y138.284 E839.37213
G1 X100.416 Y132.348 E839.56957
G1 X100.502 Y132.183 E839.57575
G1 X100.627 Y132.148 E839.58007
G1 X103.66 Y132.955 E839.68446
G1 X103.66 Y128.889 E839.8197
G1 X103.714 Y128.329 E839.83841
G1 X103.858 Y127.791 E839.85693
G1 X104.078 Y127.319 E839.87425
G1 X104.4 Y126.856 E839.89301
G1 X104.821 Y126.435 E839.91281
G1 X105.241 Y126.143 E839.92983
G1 X105.759 Y125.897 E839.9489
G1 X106.307 Y125.75 E839.96777
G1 X106.864 Y125.704 E839.98636
G1 X128.153 Y125.704 E840.69443
G1 X128.693 Y125.75 E840.71246
G1 X129.237 Y125.897 E840.7312
G1 X129.754 Y126.143 E840.75024
G1 X130.206 Y126.458 E840.76857
G1 X130.601 Y126.857 E840.78724
G1 X130.918 Y127.319 E840.80588
G1 X131.15 Y127.823 E840.82433
G1 X131.286 Y128.327 E840.84169
G1 X131.336 Y128.891 E840.86053
G1 X131.336 Y132.955 E840.9957
G1 X134.369 Y132.148 E841.10008
G1 X134.494 Y132.183 E841.1044
G1 X134.58 Y132.348 E841.11059
G1 X134.58 Y138.284 E841.30802
G1 X134.534 Y138.413 E841.31258
G1 X134.446 Y138.474 E841.31614
G1 X134.328 Y138.478 E841.32006
G1 X131.113 Y137.62 E841.43074
G1 X117.5 Y137.62 E841.88351
G1 F2700 E836.88351
G0 F9000 X117.5 Y138.331
G0 X117.5 Y139.749
G0 X117.5 Y140.455
G1 F2700 E841.88351
G1 F1500 X136.996 Y140.455 E842.53195
G1 X137.108 Y140.344 E842.53719
G1 X137.111 Y139.618 E842.56134
G1 X135.721 Y136.972 E842.66075
G1 X135.774 Y136.816 E842.66623
G1 X135.919 Y136.74 E842.67168
G1 X137.104 Y136.74 E842.71109
G1 X137.104 Y121.048 E843.23301
G1 X137.135 Y120.96 E843.23611
G1 X137.232 Y120.872 E843.24047
G1 X138.337 Y120.801 E843.27729
G1 X139.348 Y120.598 E843.31159
G1 X140.315 Y120.27 E843.34555
G1 X141.243 Y119.814 E843.37994
G1 X142.097 Y119.241 E843.41415
G1 X142.874 Y118.562 E843.44847
G1 X143.552 Y117.786 E843.48274
G1 X144.126 Y116.927 E843.51711
G1 X144.582 Y116.002 E843.55141
G1 X144.914 Y115.036 E843.58538
G1 X145.113 Y114.022 E843.61975
G1 X145.179 Y112.992 E843.65408
G1 X145.113 Y111.962 E843.68841
G1 X144.914 Y110.948 E843.72278
G1 X144.582 Y109.981 E843.75678
G1 X144.126 Y109.053 E843.79117
G1 X143.553 Y108.199 E843.82538
G1 X142.874 Y107.422 E843.8597
G1 X142.097 Y106.744 E843.894
G1 X141.243 Y106.17 E843.92822
G1 X140.315 Y105.714 E843.96261
G1 X139.348 Y105.386 E843.99657
G1 X138.337 Y105.183 E844.03087
G1 X137.289 Y105.112 E844.06581
G1 X124.069 Y105.11 E844.5055
G1 X123.967 Y105.059 E844.5093
G1 X123.904 Y104.93 E844.51407
G1 X123.904 Y94.54 E844.85965
G1 X121.073 Y94.54 E844.9538
G1 X122.174 Y98.049 E845.07612
G1 X122.156 Y98.172 E845.08026
G1 X122.046 Y98.284 E845.08548
G1 X112.95 Y98.284 E845.38801
G1 X112.84 Y98.172 E845.39324
G1 X112.822 Y98.049 E845.39737
G1 X113.927 Y94.541 E845.5197
G1 X111.097 Y94.541 E845.61382
G1 X111.095 Y104.936 E845.95956
G1 X111.059 Y105.029 E845.96288
G1 X110.931 Y105.11 E845.96792
G1 X97.711 Y105.112 E846.40762
G1 X96.663 Y105.183 E846.44255
G1 X95.648 Y105.386 E846.47698
G1 X94.681 Y105.714 E846.51094
G1 X93.757 Y106.17 E846.54522
G1 X92.898 Y106.744 E846.57958
G1 X92.122 Y107.422 E846.61385
G1 X91.443 Y108.199 E846.64817
G1 X90.87 Y109.053 E846.68238
G1 X90.414 Y109.981 E846.71677
G1 X90.086 Y110.948 E846.75073
G1 X89.883 Y111.963 E846.78516
G1 X89.817 Y112.992 E846.81945
G1 X89.883 Y114.021 E846.85375
G1 X90.086 Y115.036 E846.88817
G1 X90.414 Y116.003 E846.92214
G1 X90.87 Y116.927 E846.95641
G1 X91.444 Y117.786 E846.99077
G1 X92.122 Y118.562 E847.02504
G1 X92.898 Y119.24 E847.05932
G1 X93.757 Y119.814 E847.09368
G1 X94.681 Y120.27 E847.12795
G1 X95.648 Y120.598 E847.16191
G1 X96.663 Y120.801 E847.19634
G1 X97.764 Y120.871 E847.23303
G1 X97.861 Y120.96 E847.23741
G1 X97.892 Y121.048 E847.24051
G1 X97.892 Y136.74 E847.76243
G1 X99.08 Y136.74 E847.80195
G1 X99.226 Y136.815 E847.80741
G1 X99.279 Y136.972 E847.81292
G1 X97.885 Y139.621 E847.91248
G1 X97.892 Y140.347 E847.93663
G1 X98.002 Y140.456 E847.94178
G1 X117.5 Y140.455 E848.59028
G1 F2700 E843.59028
G0 F9000 X117.5 Y139.749
G0 X100.179 Y138.694
G0 X100.179 Y134.866
G0 X97.613 Y117.023
G0 X97.674 Y116.316
G1 F2700 E848.59028
G1 F1500 X97.096 Y116.262 E848.60959
G1 X96.559 Y116.118 E848.62808
G1 X96.028 Y115.87 E848.64757
G1 X95.552 Y115.535 E848.66693
G1 X95.149 Y115.132 E848.68589
G1 X94.817 Y114.664 E848.70497
G1 X94.562 Y114.112 E848.7252
G1 X94.419 Y113.576 E848.74365
G1 X94.368 Y112.974 E848.76374
G1 X94.422 Y112.396 E848.78305
G1 X94.566 Y111.855 E848.80167
G1 X94.81 Y111.328 E848.82099
G1 X95.158 Y110.838 E848.84098
G1 X95.552 Y110.445 E848.85949
G1 X96.016 Y110.117 E848.87839
G1 X96.539 Y109.87 E848.89762
G1 X97.108 Y109.719 E848.9172
G1 X97.71 Y109.668 E848.9373
G1 X98.287 Y109.722 E848.95657
G1 X98.845 Y109.87 E848.97577
G1 X99.372 Y110.12 E848.99517
G1 X99.842 Y110.454 E849.01435
G1 X100.248 Y110.864 E849.03354
G1 X100.582 Y111.343 E849.05296
G1 X100.822 Y111.868 E849.07216
G1 X100.968 Y112.43 E849.09148
G1 X101.016 Y113.01 E849.11083
G1 X100.962 Y113.588 E849.13014
G1 X100.817 Y114.128 E849.14874
G1 X100.573 Y114.655 E849.16805
G1 X100.238 Y115.129 E849.18736
G1 X99.826 Y115.54 E849.20671
G1 X99.358 Y115.869 E849.22574
G1 X98.83 Y116.116 E849.24513
G1 X98.254 Y116.268 E849.26494
G1 X97.674 Y116.316 E849.2843
G0 F9000 X97.613 Y117.023
G0 X95.892 Y116.592
G0 X95.991 Y116.381
;TYPE:FILL
G1 F3000 X93.385 Y118.988 E849.4069
G0 F9000 X93.511 Y118.799
G0 X91.078 Y115.744
G0 X90.871 Y115.845
G1 F3000 X93.901 Y112.815 E849.54942
G0 F9000 X93.673 Y112.795
G0 X94.101 Y111.181
G0 X94.306 Y111.277
G1 F3000 X91.703 Y108.674 E849.67186
G0 F9000 X91.893 Y108.801
G0 X91.059 Y110.292
G0 X90.841 Y110.217
G1 F3000 X94.919 Y106.14 E849.86365
G1 X94.851 Y106.165
G1 X97.889 Y109.203 E850.00655
G0 F9000 X97.514 Y109.201
G1 F3000 X101.125 Y105.59 E850.1764
G0 F9000 X101.125 Y105.825
G0 X99.935 Y105.825
G0 X99.935 Y105.592
G1 F3000 X119.568 Y125.224 E851.09986
G0 F9000 X119.568 Y124.994
G0 X121.088 Y124.994
G0 X121.088 Y125.226
G1 F3000 X133.517 Y112.797 E851.68448
G0 F9000 X133.288 Y112.777
G0 X133.709 Y111.191
G0 X133.915 Y111.288
G1 F3000 X128.218 Y105.59 E851.95247
G0 F9000 X128.218 Y105.825
G0 X129.41 Y105.825
G0 X129.41 Y105.589
G1 F3000 X109.775 Y125.224 E852.87604
G0 F9000 X109.775 Y124.994
G0 X108.253 Y124.994
G0 X108.253 Y125.224
G1 F3000 X99.404 Y116.374 E853.29229
G0 F9000 X99.503 Y116.588
G0 X100.25 Y116.04
G0 X100.741 Y115.55
G0 X101.138 Y114.981
G0 X101.431 Y114.353
G0 X101.533 Y113.974
G0 X101.713 Y112.773
G0 X101.478 Y112.792
G1 F3000 X113.91 Y125.224 E853.87706
G0 F9000 X113.91 Y124.994
G0 X115.432 Y124.994
G0 X115.432 Y125.225
G1 F3000 X135.066 Y105.591 E854.80058
G0 F9000 X135.066 Y105.825
G0 X133.875 Y105.825
G0 X133.875 Y105.591
G1 F3000 X137.485 Y109.201 E854.97038
G0 F9000 X137.11 Y109.203
G1 F3000 X140.147 Y106.166 E855.11323
G1 X140.084 Y106.143
G1 X144.154 Y110.213 E855.30468
G0 F9000 X143.938 Y110.286
G0 X143.106 Y108.8
G0 X143.294 Y108.676
G1 F3000 X140.693 Y111.277 E855.42702
G0 F9000 X140.9 Y111.181
G0 X141.328 Y112.794
G0 X141.098 Y112.813
G1 F3000 X144.126 Y115.842 E855.56947
G0 F9000 X143.924 Y115.741
G0 X144.47 Y112.947
G0 X144.694 Y112.933
G1 F3000 X137.236 Y120.391 E855.92027
G1 X137.353 Y120.383
G1 X115.735 Y98.764 E856.93714
G0 F9000 X115.735 Y98.995
G0 X113.609 Y98.995
G0 X113.609 Y98.764
G1 F3000 X111.574 Y100.799 E857.03286
G0 F9000 X111.574 Y100.26
G1 F3000 X136.626 Y125.313 E858.21125
G0 F9000 X136.397 Y125.312
G0 X136.397 Y126.657
G0 X136.626 Y126.658
G1 F3000 X131.816 Y131.468 E858.4375
G0 F9000 X131.815 Y131.815
G1 F3000 X132.22 Y132.22 E858.45655
G0 F9000 X132.163 Y132
G0 X134.159 Y131.531
G0 X135.221 Y131.542
G0 X135.293 Y133.881
G0 X135.06 Y133.881
G1 F3000 X136.624 Y132.317 E858.53012
G0 F9000 X136.397 Y132.316
G0 X136.397 Y130.967
G0 X136.625 Y130.968
G1 F3000 X111.182 Y105.525 E859.72688
G0 F9000 X111.182 Y105.825
G0 X106.783 Y105.825
G0 X106.783 Y105.589
G1 F3000 X101.085 Y111.287 E859.99489
G0 F9000 X101.292 Y111.191
G0 X105.59 Y105.825
G0 X105.59 Y105.59
G1 F3000 X125.225 Y125.225 E860.91846
G0 F9000 X125.225 Y124.994
G0 X126.745 Y124.994
G0 X126.745 Y125.226
G1 F3000 X135.593 Y116.377 E861.33467
G0 F9000 X135.495 Y116.587
G0 X136.617 Y116.911
G0 X137.307 Y116.971
G0 X137.865 Y116.922
G0 X139.106 Y116.593
G0 X139.007 Y116.38
G1 F3000 X141.614 Y118.986 E861.45727
G0 F9000 X141.49 Y118.798
G0 X136.468 Y120.285
G0 X136.397 Y120.994
G0 X136.632 Y120.995
G1 F3000 X131.016 Y126.612 E861.72145
G0 F9000 X131.202 Y126.482
G0 X135.221 Y131.542
G0 X135.293 Y135.06
G0 X135.06 Y135.06
G1 F3000 X136.26 Y136.26 E861.7779
G0 F9000 X136.261 Y136.03
G0 X135.553 Y136.502
G0 X135.545 Y137.038
G0 X135.819 Y138.68
G0 X136.023 Y138.575
G1 F3000 X134.622 Y139.976 E861.8438
G0 F9000 X134.318 Y139.975
G1 F3000 X132.947 Y138.604 E861.90828
G0 F9000 X132.887 Y138.828
G0 X130.842 Y138.331
G0 X130.842 Y138.099
G1 F3000 X128.965 Y139.976 E861.99657
G0 F9000 X128.662 Y139.975
G1 F3000 X126.786 Y138.099 E862.08481
G0 F9000 X126.786 Y138.331
G0 X125.185 Y138.331
G0 X125.185 Y138.099
G1 F3000 X123.308 Y139.976 E862.1731
G0 F9000 X123.005 Y139.975
G1 F3000 X121.129 Y138.099 E862.26134
G0 F9000 X121.129 Y138.331
G0 X119.528 Y138.331
G0 X119.528 Y138.099
G1 F3000 X117.651 Y139.976 E862.34963
G0 F9000 X117.348 Y139.975
G1 F3000 X115.472 Y138.099 E862.43787
G0 F9000 X115.472 Y138.331
G0 X113.871 Y138.331
G0 X113.871 Y138.099
G1 F3000 X111.994 Y139.976 E862.52616
G0 F9000 X111.691 Y139.975
G1 F3000 X109.815 Y138.099 E862.6144
G0 F9000 X109.815 Y138.331
G0 X108.214 Y138.331
G0 X108.214 Y138.099
G1 F3000 X106.338 Y139.976 E862.70267
G0 F9000 X106.034 Y139.975
G1 F3000 X104.158 Y138.099 E862.79091
G0 F9000 X104.158 Y138.331
G0 X102.114 Y138.828
G0 X102.055 Y138.602
G1 F3000 X100.681 Y139.976 E862.85554
G0 F9000 X100.377 Y139.975
G1 F3000 X98.974 Y138.572 E862.92153
G0 F9000 X99.181 Y138.682
G0 X99.457 Y137.164
G0 X99.447 Y136.503
G0 X98.739 Y136.031
G0 X98.739 Y136.261
G1 F3000 X99.935 Y135.064 E862.97781
G0 F9000 X99.707 Y135.064
G0 X99.707 Y133.877
G0 X99.936 Y133.877
G1 F3000 X98.371 Y132.312 E863.05142
G0 F9000 X98.604 Y132.312
G0 X98.604 Y130.972
G0 X98.371 Y130.972
G1 F3000 X123.82 Y105.523 E864.24847
G0 F9000 X123.82 Y105.825
G0 X123.266 Y105.753
G0 X123.194 Y100.8
G0 X123.428 Y100.8
G1 F3000 X121.392 Y98.764 E864.34423
G0 F9000 X121.392 Y98.995
G0 X119.266 Y98.995
G0 X119.266 Y98.764
G1 F3000 X97.646 Y120.384 E865.36117
G1 X97.763 Y120.391
G1 X90.302 Y112.929 E865.71214
G0 F9000 X90.529 Y112.944
G0 X98.532 Y120.285
G0 X98.604 Y120.988
G0 X98.361 Y120.988
G1 F3000 X103.985 Y126.612 E865.97667
G0 F9000 X103.799 Y126.481
G0 X103.241 Y127.587
G0 X103.067 Y128.236
G0 X102.951 Y131.465
G0 X103.181 Y131.465
G1 F3000 X98.369 Y126.653 E866.20302
G0 F9000 X98.604 Y126.653
G0 X98.604 Y125.316
G0 X98.37 Y125.316
G1 F3000 X123.426 Y100.26 E867.38157
G0 F9000 X123.194 Y100.26
G0 X122.824 Y98.06
G0 X122.253 Y95.928
G0 X122.034 Y95.995
G1 F3000 X123.01 Y95.02 E867.42746
G0 F9000 X123.305 Y95.02
G1 F3000 X123.425 Y95.141 E867.43313
G0 F9000 X123.224 Y95.222
G0 X122.78 Y98.923
G0 X112.22 Y98.923
G0 X112.217 Y97.926
G0 X112.748 Y95.927
G0 X112.965 Y95.995
G1 F3000 X111.992 Y95.021 E867.47892
G0 F9000 X111.695 Y95.021
G1 F3000 X111.577 Y95.138 E867.48444
G1 F2700 E862.48444
G0 F9000 X111.776 Y95.222
G0 X111.734 Y105.753
G0 X103.241 Y127.587
G0 X103.067 Y128.236
G0 X102.951 Y131.82
G0 X103.18 Y131.82
G1 F2700 E867.48444
G1 F3000 X102.778 Y132.222 E867.50335
G0 F9000 X102.651 Y131.711
;MESH:NONMESH
G0 F300 X102.651 Y131.711 Z2.4
G0 F9000 X97.663 Y117.028
G0 X97.69 Y116.719
;TIME_ELAPSED:1390.759980
;LAYER:11
;TYPE:WALL-INNER
;MESH:FT05-Frame Part B.stl
G1 F1500 X97.03 Y116.657 E867.5254
G1 X96.431 Y116.497 E867.54602
G1 X95.862 Y116.235 E867.56686
G1 X95.297 Y115.847 E867.58965
G1 X94.848 Y115.395 E867.61084
G1 X94.46 Y114.851 E867.63307
G1 X94.187 Y114.253 E867.65493
G1 X94.027 Y113.654 E867.67555
G1 X93.965 Y112.992 E867.69767
G1 X94.023 Y112.339 E867.71947
G1 X94.187 Y111.727 E867.74054
G1 X94.462 Y111.125 E867.76256
G1 X94.841 Y110.589 E867.78439
G1 X95.288 Y110.144 E867.80537
G1 X95.828 Y109.763 E867.82735
G1 X96.431 Y109.483 E867.84946
G1 X97.03 Y109.327 E867.87005
G1 X97.715 Y109.268 E867.89292
G1 X98.338 Y109.322 E867.91372
G1 X98.967 Y109.486 E867.93534
G1 X99.558 Y109.762 E867.95703
G1 X100.092 Y110.138 E867.97875
G1 X100.544 Y110.59 E868.00001
G1 X100.923 Y111.127 E868.02188
G1 X101.193 Y111.711 E868.04327
G1 X101.362 Y112.347 E868.06516
G1 X101.416 Y112.995 E868.08679
G1 X101.359 Y113.643 E868.10843
G1 X101.193 Y114.263 E868.12977
G1 X100.917 Y114.859 E868.15162
G1 X100.544 Y115.386 E868.17309
G1 X100.077 Y115.852 E868.19504
G1 X99.561 Y116.213 E868.21598
G1 X98.969 Y116.494 E868.23778
G1 X98.342 Y116.659 E868.25934
G1 X97.69 Y116.719 E868.28112
G1 F2700 E863.28112
G0 F9000 X97.663 Y117.028
G0 X100.179 Y131.942
G0 X100.179 Y138.694
G0 X117.5 Y138.331
G0 X117.5 Y138.02
G1 F2700 E868.28112
G1 F1500 X103.939 Y138.02 E868.73216
G1 X100.72 Y138.875 E868.84293
G1 X100.419 Y138.852 E868.85298
G1 X100.155 Y138.669 E868.86366
G1 X100.016 Y138.284 E868.87727
G1 F1550.4 X100.029 Y136.94 E868.92052
G1 X100.016 Y136.401 E868.93787
G1 F1500 X100.016 Y132.348 E869.07268
G1 X100.093 Y132.052 E869.08285
G1 X100.276 Y131.853 E869.09184
G1 X100.477 Y131.764 E869.09915
G1 X100.685 Y131.745 E869.1061
G1 X103.26 Y132.434 E869.19476
G1 X103.262 Y128.853 E869.31386
G1 X103.315 Y128.274 E869.3332
G1 X103.473 Y127.672 E869.3539
G1 X103.739 Y127.101 E869.37485
G1 X104.104 Y126.582 E869.39596
G1 X104.547 Y126.139 E869.41679
G1 X105.054 Y125.787 E869.43732
G1 X105.614 Y125.524 E869.4579
G1 X106.241 Y125.356 E869.47949
G1 X106.816 Y125.305 E869.49869
G1 X128.187 Y125.306 E870.20949
G1 X128.759 Y125.356 E870.22859
G1 X129.382 Y125.524 E870.25005
G1 X129.944 Y125.787 E870.27069
G1 X130.45 Y126.136 E870.29113
G1 X130.897 Y126.583 E870.31216
G1 X131.258 Y127.103 E870.33321
G1 X131.523 Y127.672 E870.35409
G1 X131.687 Y128.277 E870.37494
G1 X131.735 Y128.858 E870.39433
G1 X131.736 Y132.434 E870.51327
G1 X134.311 Y131.745 E870.60192
G1 X134.52 Y131.764 E870.6089
G1 X134.72 Y131.853 E870.61618
G1 X134.903 Y132.052 E870.62518
G1 X134.98 Y132.348 E870.63535
G1 X134.98 Y136.402 E870.77019
G1 F1546.4 X134.968 Y136.94 E870.78755
G1 X134.98 Y138.284 E870.83091
G1 F1500 X134.841 Y138.669 E870.84452
G1 X134.577 Y138.852 E870.85521
G1 X134.276 Y138.875 E870.86525
G1 X131.061 Y138.02 E870.9759
G1 X117.5 Y138.02 E871.42694
G0 F9000 X117.5 Y138.331
G0 X117.5 Y139.749
G0 X117.5 Y140.056
G1 F1500 X136.708 Y140.055 E872.0658
G1 X136.71 Y139.716 E872.07707
G1 F1515.2 X135.404 Y137.218 E872.16989
G1 F1562.5 X135.344 Y136.94 E872.17897
G1 F1546.4 X135.46 Y136.568 E872.19154
G1 F1500 X135.895 Y136.341 E872.20786
G1 X136.704 Y136.34 E872.23477
G1 X136.706 Y121.01 E872.74465
G1 X136.797 Y120.746 E872.75393
G1 X136.93 Y120.597 E872.76058
G1 X137.16 Y120.476 E872.76922
G1 X138.285 Y120.403 E872.80672
G1 X139.244 Y120.211 E872.83925
G1 X140.162 Y119.9 E872.87148
G1 X141.043 Y119.467 E872.90413
G1 X141.853 Y118.923 E872.93659
G1 X142.59 Y118.278 E872.96916
G1 X143.234 Y117.542 E873.00169
G1 X143.779 Y116.727 E873.0343
G1 X144.212 Y115.848 E873.06689
G1 X144.527 Y114.932 E873.09911
G1 X144.715 Y113.97 E873.13171
G1 X144.778 Y112.992 E873.1643
G1 X144.715 Y112.014 E873.1969
G1 X144.527 Y111.052 E873.2295
G1 X144.212 Y110.135 E873.26175
G1 X143.779 Y109.253 E873.29443
G1 X143.235 Y108.443 E873.32688
G1 X142.59 Y107.706 E873.35946
G1 X141.853 Y107.062 E873.39201
G1 X141.043 Y106.517 E873.42448
G1 X140.162 Y106.084 E873.45713
G1 X139.244 Y105.773 E873.48937
G1 X138.284 Y105.581 E873.52193
G1 X137.275 Y105.512 E873.55557
G1 X124.046 Y105.51 E873.99557
G1 X123.74 Y105.39 E874.0065
G1 X123.539 Y105.115 E874.01783
G1 X123.508 Y104.984 E874.0223
G1 X123.504 Y94.94 E874.35637
G1 X121.618 Y94.94 E874.4191
G1 X122.568 Y97.98 E874.52503
G1 X122.568 Y98.188 E874.53195
G1 X122.516 Y98.348 E874.53754
G1 X122.247 Y98.62 E874.55027
G1 X121.976 Y98.684 E874.55953
G1 X113.02 Y98.684 E874.85741
G1 X112.749 Y98.62 E874.86667
G1 X112.48 Y98.347 E874.87942
G1 X112.428 Y98.188 E874.88498
G1 X112.428 Y97.98 E874.8919
G1 X113.381 Y94.941 E874.99783
G1 X111.497 Y94.941 E875.06049
G1 X111.492 Y104.984 E875.39452
G1 X111.357 Y105.297 E875.40586
G1 X111.086 Y105.482 E875.41677
G1 X110.954 Y105.51 E875.42126
G1 X97.725 Y105.512 E875.86126
G1 X96.716 Y105.58 E875.8949
G1 X95.752 Y105.773 E875.92759
G1 X94.834 Y106.084 E875.95983
G1 X93.957 Y106.517 E875.99236
G1 X93.142 Y107.062 E876.02497
G1 X92.406 Y107.706 E876.0575
G1 X91.761 Y108.443 E876.09007
G1 X91.217 Y109.253 E876.12253
G1 X90.784 Y110.134 E876.15518
G1 X90.473 Y111.052 E876.18741
G1 X90.281 Y112.015 E876.22007
G1 X90.218 Y112.992 E876.25264
G1 X90.281 Y113.969 E876.2852
G1 X90.473 Y114.932 E876.31786
G1 X90.784 Y115.849 E876.35007
G1 X91.217 Y116.727 E876.38263
G1 X91.762 Y117.542 E876.41524
G1 X92.406 Y118.278 E876.44776
G1 X93.142 Y118.922 E876.48029
G1 X93.957 Y119.467 E876.5129
G1 X94.835 Y119.9 E876.54546
G1 X95.752 Y120.211 E876.57767
G1 X96.715 Y120.403 E876.61033
G1 X97.836 Y120.476 E876.64769
G1 X98.065 Y120.598 E876.65632
G1 X98.199 Y120.745 E876.66294
G1 X98.29 Y121.01 E876.67225
G1 X98.292 Y136.34 E877.18213
G1 X99.104 Y136.341 E877.20914
G1 X99.54 Y136.566 E877.22546
G1 F1550.4 X99.655 Y136.94 E877.23805
G1 F1566.6 X99.595 Y137.217 E877.24708
G1 F1515.2 X98.286 Y139.718 E877.34002
G1 F1500 X98.289 Y140.056 E877.35127
G1 X117.5 Y140.056 E877.99023
G1 F2700 E872.99023
G0 F9000 X117.5 Y139.749
G0 X134.821 Y138.694
G0 X137.276 Y117.028
G0 X137.303 Y116.719
G1 F2700 E877.99023
G1 F1500 X136.654 Y116.659 E878.01191
G1 X136.026 Y116.491 E878.03353
G1 X135.439 Y116.214 E878.05512
G1 X134.92 Y115.852 E878.07616
G1 X134.452 Y115.386 E878.09813
G1 X134.095 Y114.877 E878.11881
G1 X133.803 Y114.265 E878.14136
G1 X133.635 Y113.632 E878.16314
G1 X133.58 Y112.995 E878.18441
G1 X133.634 Y112.347 E878.20604
G1 X133.802 Y111.712 E878.22788
G1 X134.079 Y111.125 E878.24947
G1 X134.451 Y110.591 E878.27112
G1 X134.907 Y110.135 E878.29256
G1 X135.441 Y109.763 E878.31421
G1 X136.032 Y109.485 E878.33593
G1 X136.656 Y109.325 E878.35736
G1 X137.281 Y109.268 E878.37823
G1 X137.966 Y109.327 E878.4011
G1 X138.569 Y109.483 E878.42182
G1 X139.133 Y109.744 E878.44249
G1 X139.695 Y110.13 E878.46516
G1 X140.163 Y110.593 E878.48706
G1 X140.532 Y111.128 E878.50868
G1 X140.812 Y111.725 E878.53061
G1 X140.969 Y112.332 E878.55146
G1 X141.035 Y112.997 E878.57369
G1 X140.97 Y113.652 E878.59558
G1 X140.813 Y114.255 E878.6163
G1 X140.512 Y114.886 E878.63956
G1 X140.159 Y115.391 E878.66005
G1 X139.708 Y115.836 E878.68112
G1 X139.168 Y116.217 E878.7031
G1 X138.569 Y116.497 E878.7251
G1 X137.967 Y116.657 E878.74581
G1 X137.303 Y116.719 E878.76799
G0 F9000 X137.286 Y116.316
;TYPE:WALL-OUTER
G1 F1500 X136.708 Y116.262 E878.7873
G1 X136.184 Y116.122 E878.80534
G1 X135.642 Y115.869 E878.82524
G1 X135.181 Y115.549 E878.8439
G1 X134.758 Y115.129 E878.86373
G1 X134.428 Y114.655 E878.88294
G1 X134.179 Y114.129 E878.90229
G1 X134.028 Y113.554 E878.92207
G1 X133.98 Y112.974 E878.94142
G1 X134.034 Y112.396 E878.96073
G1 X134.174 Y111.868 E878.9789
G1 X134.435 Y111.313 E878.9993
G1 X134.747 Y110.865 E879.01746
G1 X135.181 Y110.431 E879.03787
G1 X135.629 Y110.119 E879.05603
G1 X136.185 Y109.858 E879.07646
G1 X136.742 Y109.716 E879.09557
G1 X137.322 Y109.668 E879.11493
G1 X137.888 Y109.719 E879.13383
G1 X138.441 Y109.862 E879.15283
G1 X138.968 Y110.11 E879.1722
G1 X139.453 Y110.453 E879.19196
G1 X139.851 Y110.848 E879.21061
G1 X140.186 Y111.328 E879.23008
G1 X140.434 Y111.855 E879.24945
G1 X140.577 Y112.409 E879.26848
G1 X140.632 Y113.012 E879.28862
G1 X140.58 Y113.556 E879.3068
G1 X140.434 Y114.125 E879.32633
G1 X140.177 Y114.667 E879.34629
G1 X139.865 Y115.115 E879.36444
G1 X139.444 Y115.535 E879.38422
G1 X138.98 Y115.863 E879.40312
G1 X138.441 Y116.118 E879.42295
G1 X137.888 Y116.265 E879.44199
G1 X137.286 Y116.316 E879.46208
G1 F2700 E874.46208
G0 F9000 X137.225 Y117.023
G0 X134.821 Y138.694
G0 X117.5 Y138.331
G0 X117.5 Y137.62
G1 F2700 E879.46208
G1 F1500 X103.887 Y137.62 E879.91485
G1 X100.651 Y138.481 E880.02622
G1 X100.55 Y138.474 E880.02959
G1 X100.462 Y138.413 E880.03315
G1 X100.416 Y138.284 E880.03771
G1 X100.416 Y132.348 E880.23514
G1 X100.502 Y132.183 E880.24133
G1 X100.627 Y132.148 E880.24565
G1 X103.66 Y132.955 E880.35003
G1 X103.66 Y128.889 E880.48527
G1 X103.714 Y128.329 E880.50398
G1 X103.858 Y127.791 E880.52251
G1 X104.078 Y127.319 E880.53983
G1 X104.4 Y126.856 E880.55858
G1 X104.821 Y126.435 E880.57839
G1 X105.241 Y126.143 E880.5954
G1 X105.759 Y125.897 E880.61447
G1 X106.307 Y125.75 E880.63334
G1 X106.864 Y125.704 E880.65193
G1 X128.153 Y125.704 E881.36001
G1 X128.693 Y125.75 E881.37803
G1 X129.237 Y125.897 E881.39678
G1 X129.754 Y126.143 E881.41582
G1 X130.206 Y126.458 E881.43414
G1 X130.601 Y126.857 E881.45282
G1 X130.918 Y127.319 E881.47145
G1 X131.15 Y127.823 E881.48991
G1 X131.286 Y128.327 E881.50727
G1 X131.336 Y128.891 E881.5261
G1 X131.336 Y132.955 E881.66127
G1 X134.369 Y132.148 E881.76566
G1 X134.494 Y132.183 E881.76998
G1 X134.58 Y132.348 E881.77616
G1 X134.58 Y138.284 E881.9736
G1 X134.534 Y138.413 E881.97815
G1 X134.446 Y138.474 E881.98171
G1 X134.328 Y138.478 E881.98564
G1 X131.113 Y137.62 E882.09631
G1 X117.5 Y137.62 E882.54908
G1 F2700 E877.54908
G0 F9000 X117.5 Y138.331
G0 X117.5 Y139.749
G0 X117.5 Y140.455
G1 F2700 E882.54908
G1 F1500 X136.996 Y140.455 E883.19752
G1 X137.108 Y140.344 E883.20277
G1 X137.111 Y139.618 E883.22691
G1 X135.721 Y136.972 E883.32633
G1 X135.774 Y136.816 E883.33181
G1 X135.919 Y136.74 E883.33725
G1 X137.104 Y136.74 E883.37666
G1 X137.104 Y121.048 E883.89858
G1 X137.135 Y120.96 E883.90168
G1 X137.232 Y120.872 E883.90604
G1 X138.337 Y120.801 E883.94287
G1 X139.348 Y120.598 E883.97717
G1 X140.315 Y120.27 E884.01113
G1 X141.243 Y119.814 E884.04552
G1 X142.097 Y119.241 E884.07972
G1 X142.874 Y118.562 E884.11404
G1 X143.552 Y117.786 E884.14832
G1 X144.126 Y116.927 E884.18268
G1 X144.582 Y116.002 E884.21698
G1 X144.914 Y115.036 E884.25095
G1 X145.113 Y114.022 E884.28532
G1 X145.179 Y112.992 E884.31965
G1 X145.113 Y111.962 E884.35398
G1 X144.914 Y110.948 E884.38835
G1 X144.582 Y109.981 E884.42235
G1 X144.126 Y109.053 E884.45675
G1 X143.553 Y108.199 E884.49095
G1 X142.874 Y107.422 E884.52527
G1 X142.097 Y106.744 E884.55957
G1 X141.243 Y106.17 E884.59379
G1 X140.315 Y105.714 E884.62818
G1 X139.348 Y105.386 E884.66215
G1 X138.337 Y105.183 E884.69644
G1 X137.289 Y105.112 E884.73138
G1 X124.069 Y105.11 E885.17108
G1 X123.967 Y105.059 E885.17487
G1 X123.904 Y104.93 E885.17965
G1 X123.904 Y94.54 E885.52522
G1 X121.073 Y94.54 E885.61938
G1 X122.174 Y98.049 E885.7417
G1 X122.156 Y98.172 E885.74583
G1 X122.046 Y98.284 E885.75105
G1 X112.95 Y98.284 E886.05359
G1 X112.84 Y98.172 E886.05881
G1 X112.822 Y98.049 E886.06294
G1 X113.927 Y94.541 E886.18527
G1 X111.097 Y94.541 E886.2794
G1 X111.095 Y104.936 E886.62514
G1 X111.059 Y105.029 E886.62846
G1 X110.931 Y105.11 E886.63349
G1 X97.711 Y105.112 E887.07319
G1 X96.663 Y105.183 E887.10813
G1 X95.648 Y105.386 E887.14256
G1 X94.681 Y105.714 E887.17652
G1 X93.757 Y106.17 E887.21079
G1 X92.898 Y106.744 E887.24515
G1 X92.122 Y107.422 E887.27943
G1 X91.443 Y108.199 E887.31375
G1 X90.87 Y109.053 E887.34795
G1 X90.414 Y109.981 E887.38234
G1 X90.086 Y110.948 E887.4163
G1 X89.883 Y111.963 E887.45073
G1 X89.817 Y112.992 E887.48503
G1 X89.883 Y114.021 E887.51932
G1 X90.086 Y115.036 E887.55375
G1 X90.414 Y116.003 E887.58771
G1 X90.87 Y116.927 E887.62198
G1 X91.444 Y117.786 E887.65634
G1 X92.122 Y118.562 E887.69062
G1 X92.898 Y119.24 E887.72489
G1 X93.757 Y119.814 E887.75925
G1 X94.681 Y120.27 E887.79352
G1 X95.648 Y120.598 E887.82749
G1 X96.663 Y120.801 E887.86191
G1 X97.764 Y120.871 E887.89861
G1 X97.861 Y120.96 E887.90299
G1 X97.892 Y121.048 E887.90609
G1 X97.892 Y136.74 E888.42801
G1 X99.08 Y136.74 E888.46752
G1 X99.226 Y136.815 E888.47298
G1 X99.279 Y136.972 E888.47849
G1 X97.885 Y139.621 E888.57805
G1 X97.892 Y140.347 E888.6022
G1 X98.002 Y140.456 E888.60735
G1 X117.5 Y140.455 E889.25586
G1 F2700 E884.25586
G0 F9000 X117.5 Y139.749
G0 X100.179 Y138.694
G0 X100.179 Y134.866
G0 X97.613 Y117.023
G0 X97.674 Y116.316
G1 F2700 E889.25586
G1 F1500 X97.096 Y116.262 E889.27516
G1 X96.559 Y116.118 E889.29366
G1 X96.028 Y115.87 E889.31315
G1 X95.552 Y115.535 E889.33251
G1 X95.149 Y115.132 E889.35146
G1 X94.817 Y114.664 E889.37055
G1 X94.562 Y114.112 E889.39077
G1 X94.419 Y113.576 E889.40922
G1 X94.368 Y112.974 E889.42932
G1 X94.422 Y112.396 E889.44863
G1 X94.566 Y111.855 E889.46725
G1 X94.817 Y111.316 E889.48702
G1 X95.158 Y110.838 E889.50655
G1 X95.552 Y110.445 E889.52506
G1 X96.016 Y110.117 E889.54396
G1 X96.539 Y109.87 E889.5632
G1 X97.108 Y109.719 E889.58278
G1 X97.71 Y109.668 E889.60287
G1 X98.287 Y109.722 E889.62215
G1 X98.845 Y109.87 E889.64135
G1 X99.372 Y110.12 E889.66075
G1 X99.842 Y110.454 E889.67993
G1 X100.248 Y110.864 E889.69912
G1 X100.582 Y111.343 E889.71854
G1 X100.822 Y111.868 E889.73774
G1 X100.968 Y112.43 E889.75705
G1 X101.016 Y113.01 E889.77641
G1 X100.962 Y113.588 E889.79572
G1 X100.817 Y114.128 E889.81431
G1 X100.573 Y114.655 E889.83363
G1 X100.238 Y115.129 E889.85293
G1 X99.826 Y115.54 E889.87229
G1 X99.358 Y115.869 E889.89132
G1 X98.83 Y116.116 E889.9107
G1 X98.254 Y116.268 E889.93052
G1 X97.674 Y116.316 E889.94987
G0 F9000 X97.613 Y117.023
G0 X95.892 Y116.592
G0 X95.991 Y116.381
;TYPE:FILL
G1 F3000 X93.385 Y118.988 E890.07248
G0 F9000 X93.511 Y118.799
G0 X91.078 Y115.744
G0 X90.871 Y115.845
G1 F3000 X93.901 Y112.815 E890.215
G0 F9000 X93.673 Y112.795
G0 X94.101 Y111.18
G0 X94.305 Y111.276
G1 F3000 X91.703 Y108.674 E890.33739
G0 F9000 X91.893 Y108.801
G0 X91.059 Y110.292
G0 X90.841 Y110.217
G1 F3000 X94.919 Y106.14 E890.52918
G1 X94.851 Y106.165
G1 X97.889 Y109.203 E890.67208
G0 F9000 X97.514 Y109.201
G1 F3000 X101.125 Y105.59 E890.84193
G0 F9000 X101.125 Y105.825
G0 X99.935 Y105.825
G0 X99.935 Y105.592
G1 F3000 X119.568 Y125.224 E891.76538
G0 F9000 X119.568 Y124.994
G0 X121.088 Y124.994
G0 X121.088 Y125.226
G1 F3000 X133.517 Y112.797 E892.35
G0 F9000 X133.288 Y112.777
G0 X133.709 Y111.191
G0 X133.915 Y111.288
G1 F3000 X128.218 Y105.59 E892.618
G0 F9000 X128.218 Y105.825
G0 X129.41 Y105.825
G0 X129.41 Y105.589
G1 F3000 X109.775 Y125.224 E893.54157
G0 F9000 X109.775 Y124.994
G0 X108.253 Y124.994
G0 X108.253 Y125.224
G1 F3000 X99.404 Y116.374 E893.95782
G0 F9000 X99.503 Y116.588
G0 X100.25 Y116.04
G0 X100.741 Y115.55
G0 X101.138 Y114.981
G0 X101.431 Y114.353
G0 X101.533 Y113.974
G0 X101.713 Y112.773
G0 X101.478 Y112.792
G1 F3000 X113.91 Y125.224 E894.54258
G0 F9000 X113.91 Y124.994
G0 X115.432 Y124.994
G0 X115.432 Y125.225
G1 F3000 X135.066 Y105.591 E895.46611
G0 F9000 X135.066 Y105.825
G0 X133.875 Y105.825
G0 X133.875 Y105.591
G1 F3000 X137.485 Y109.201 E895.63591
G0 F9000 X137.11 Y109.203
G1 F3000 X140.147 Y106.166 E895.77876
G1 X140.084 Y106.143
G1 X144.154 Y110.213 E895.9702
G0 F9000 X143.938 Y110.286
G0 X143.106 Y108.8
G0 X143.294 Y108.676
G1 F3000 X140.693 Y111.277 E896.09255
G0 F9000 X140.9 Y111.181
G0 X141.328 Y112.794
G0 X141.098 Y112.813
G1 F3000 X144.126 Y115.842 E896.235
G0 F9000 X143.924 Y115.741
G0 X144.47 Y112.947
G0 X144.694 Y112.933
G1 F3000 X137.236 Y120.391 E896.5858
G1 X137.353 Y120.383
G1 X115.735 Y98.764 E897.60267
G0 F9000 X115.735 Y98.995
G0 X113.609 Y98.995
G0 X113.609 Y98.764
G1 F3000 X111.574 Y100.799 E897.69839
G0 F9000 X111.574 Y100.26
G1 F3000 X136.626 Y125.313 E898.87678
G0 F9000 X136.397 Y125.312
G0 X136.397 Y126.657
G0 X136.626 Y126.658
G1 F3000 X131.816 Y131.468 E899.10303
G0 F9000 X131.815 Y131.815
G1 F3000 X132.22 Y132.22 E899.12208
G0 F9000 X132.163 Y132
G0 X134.159 Y131.531
G0 X135.221 Y131.542
G0 X135.293 Y133.881
G0 X135.06 Y133.881
G1 F3000 X136.624 Y132.317 E899.19564
G0 F9000 X136.397 Y132.316
G0 X136.397 Y130.967
G0 X136.625 Y130.968
G1 F3000 X111.182 Y105.525 E900.3924
G0 F9000 X111.182 Y105.825
G0 X106.783 Y105.825
G0 X106.783 Y105.589
G1 F3000 X101.085 Y111.287 E900.66042
G0 F9000 X101.292 Y111.191
G0 X105.59 Y105.825
G0 X105.59 Y105.59
G1 F3000 X125.225 Y125.225 E901.58399
G0 F9000 X125.225 Y124.994
G0 X126.745 Y124.994
G0 X126.745 Y125.226
G1 F3000 X135.593 Y116.377 E902.0002
G0 F9000 X135.495 Y116.587
G0 X136.617 Y116.911
G0 X137.307 Y116.971
G0 X137.865 Y116.922
G0 X139.106 Y116.593
G0 X139.007 Y116.38
G1 F3000 X141.614 Y118.986 E902.1228
G0 F9000 X141.49 Y118.798
G0 X136.468 Y120.285
G0 X136.397 Y120.994
G0 X136.632 Y120.995
G1 F3000 X131.016 Y126.612 E902.38698
G0 F9000 X131.202 Y126.482
G0 X135.221 Y131.542
G0 X135.293 Y135.06
G0 X135.06 Y135.06
G1 F3000 X136.26 Y136.26 E902.44343
G0 F9000 X136.261 Y136.03
G0 X135.553 Y136.502
G0 X135.545 Y137.038
G0 X135.819 Y138.68
G0 X136.023 Y138.575
G1 F3000 X134.622 Y139.976 E902.50932
G0 F9000 X134.318 Y139.975
G1 F3000 X132.947 Y138.604 E902.57381
G0 F9000 X132.887 Y138.828
G0 X130.842 Y138.331
G0 X130.842 Y138.099
G1 F3000 X128.965 Y139.976 E902.6621
G0 F9000 X128.662 Y139.975
G1 F3000 X126.786 Y138.099 E902.75034
G0 F9000 X126.786 Y138.331
G0 X125.185 Y138.331
G0 X125.185 Y138.099
G1 F3000 X123.308 Y139.976 E902.83863
G0 F9000 X123.005 Y139.975
G1 F3000 X121.129 Y138.099 E902.92687
G0 F9000 X121.129 Y138.331
G0 X119.528 Y138.331
G0 X119.528 Y138.099
G1 F3000 X117.651 Y139.976 E903.01516
G0 F9000 X117.348 Y139.975
G1 F3000 X115.472 Y138.099 E903.1034
G0 F9000 X115.472 Y138.331
G0 X113.871 Y138.331
G0 X113.871 Y138.099
G1 F3000 X111.994 Y139.976 E903.19169
G0 F9000 X111.691 Y139.975
G1 F3000 X109.815 Y138.099 E903.27993
G0 F9000 X109.815 Y138.331
G0 X108.214 Y138.331
G0 X108.214 Y138.099
G1 F3000 X106.338 Y139.976 E903.36819
G0 F9000 X106.034 Y139.975
G1 F3000 X104.158 Y138.099 E903.45644
G0 F9000 X104.158 Y138.331
G0 X102.114 Y138.828
G0 X102.055 Y138.602
G1 F3000 X100.681 Y139.976 E903.52107
G0 F9000 X100.377 Y139.975
G1 F3000 X98.974 Y138.572 E903.58706
G0 F9000 X99.181 Y138.682
G0 X99.457 Y137.164
G0 X99.447 Y136.503
G0 X98.739 Y136.031
G0 X98.739 Y136.261
G1 F3000 X99.935 Y135.064 E903.64334
G0 F9000 X99.707 Y135.064
G0 X99.707 Y133.877
G0 X99.936 Y133.877
G1 F3000 X98.371 Y132.312 E903.71695
G0 F9000 X98.604 Y132.312
G0 X98.604 Y130.972
G0 X98.371 Y130.972
G1 F3000 X123.82 Y105.523 E904.91399
G0 F9000 X123.82 Y105.825
G0 X123.266 Y105.753
G0 X123.194 Y100.8
G0 X123.428 Y100.8
G1 F3000 X121.392 Y98.764 E905.00976
G0 F9000 X121.392 Y98.995
G0 X119.266 Y98.995
G0 X119.266 Y98.764
G1 F3000 X97.646 Y120.384 E906.0267
G1 X97.763 Y120.391
G1 X90.302 Y112.929 E906.37767
G0 F9000 X90.529 Y112.944
G0 X98.532 Y120.285
G0 X98.604 Y120.988
G0 X98.361 Y120.988
G1 F3000 X103.985 Y126.612 E906.6422
G0 F9000 X103.799 Y126.481
G0 X103.241 Y127.587
G0 X103.067 Y128.236
G0 X102.951 Y131.465
G0 X103.181 Y131.465
G1 F3000 X98.369 Y126.653 E906.86854
G0 F9000 X98.604 Y126.653
G0 X98.604 Y125.316
G0 X98.37 Y125.316
G1 F3000 X123.426 Y100.26 E908.0471
G0 F9000 X123.194 Y100.26
G0 X122.824 Y98.06
G0 X122.253 Y95.928
G0 X122.034 Y95.995
G1 F3000 X123.01 Y95.02 E908.09298
G0 F9000 X123.305 Y95.02
G1 F3000 X123.425 Y95.141 E908.09865
G0 F9000 X123.224 Y95.222
G0 X122.78 Y98.923
G0 X112.22 Y98.923
G0 X112.217 Y97.926
G0 X112.748 Y95.927
G0 X112.965 Y95.995
G1 F3000 X111.992 Y95.021 E908.14444
G0 F9000 X111.695 Y95.021
G1 F3000 X111.577 Y95.138 E908.14997
G1 F2700 E903.14997
G0 F9000 X111.776 Y95.222
G0 X111.734 Y105.753
G0 X103.241 Y127.587
G0 X103.067 Y128.236
G0 X102.951 Y131.82
G0 X103.18 Y131.82
G1 F2700 E908.14997
G1 F3000 X102.778 Y132.222 E908.16888
G0 F9000 X102.651 Y131.711
;MESH:NONMESH
G0 F300 X102.651 Y131.711 Z2.6
G0 F9000 X97.663 Y117.028
G0 X97.69 Y116.719
;TIME_ELAPSED:1449.047408
;LAYER:12
;TYPE:WALL-INNER
;MESH:FT05-Frame Part B.stl
G1 F1500 X97.03 Y116.657 E908.19093
G1 X96.431 Y116.497 E908.21155
G1 X95.862 Y116.235 E908.23238
G1 X95.297 Y115.847 E908.25518
G1 X94.848 Y115.395 E908.27637
G1 X94.46 Y114.851 E908.29859
G1 X94.187 Y114.253 E908.32046
G1 X94.027 Y113.654 E908.34108
G1 X93.965 Y112.992 E908.36319
G1 X94.023 Y112.339 E908.385
G1 X94.187 Y111.727 E908.40607
G1 X94.462 Y111.125 E908.42808
G1 X94.841 Y110.589 E908.44992
G1 X95.288 Y110.144 E908.4709
G1 X95.828 Y109.763 E908.49288
G1 X96.431 Y109.483 E908.51499
G1 X97.03 Y109.327 E908.53558
G1 X97.715 Y109.268 E908.55845
G1 X98.338 Y109.322 E908.57924
G1 X98.967 Y109.486 E908.60086
G1 X99.558 Y109.762 E908.62256
G1 X100.092 Y110.138 E908.64428
G1 X100.544 Y110.59 E908.66554
G1 X100.923 Y111.127 E908.6874
G1 X101.193 Y111.711 E908.7088
G1 X101.362 Y112.347 E908.73069
G1 X101.416 Y112.995 E908.75232
G1 X101.359 Y113.643 E908.77395
G1 X101.193 Y114.263 E908.7953
G1 X100.917 Y114.859 E908.81715
G1 X100.544 Y115.386 E908.83862
G1 X100.077 Y115.852 E908.86056
G1 X99.561 Y116.213 E908.88151
G1 X98.969 Y116.494 E908.9033
G1 X98.342 Y116.659 E908.92487
G1 X97.69 Y116.719 E908.94664
G1 F2700 E903.94664
G0 F9000 X97.663 Y117.028
G0 X100.179 Y131.942
G0 X100.179 Y138.694
G0 X117.5 Y138.331
G0 X117.5 Y138.02
G1 F2700 E908.94664
G1 F1500 X103.939 Y138.02 E909.39769
G1 X100.72 Y138.875 E909.50846
G1 X100.419 Y138.852 E909.5185
G1 X100.155 Y138.669 E909.52919
G1 X100.016 Y138.284 E909.5428
G1 F1550.4 X100.029 Y136.94 E909.58605
G1 X100.016 Y136.401 E909.6034
G1 F1500 X100.016 Y132.348 E909.7382
G1 X100.093 Y132.052 E909.74838
G1 X100.276 Y131.853 E909.75737
G1 X100.477 Y131.764 E909.76468
G1 X100.685 Y131.745 E909.77163
G1 X103.26 Y132.434 E909.86029
G1 X103.262 Y128.853 E909.97939
G1 X103.315 Y128.274 E909.99873
G1 X103.473 Y127.672 E910.01943
G1 X103.739 Y127.101 E910.04038
G1 X104.104 Y126.582 E910.06148
G1 X104.547 Y126.139 E910.08232
G1 X105.054 Y125.787 E910.10285
G1 X105.614 Y125.524 E910.12343
G1 X106.241 Y125.356 E910.14502
G1 X106.816 Y125.305 E910.16422
G1 X128.187 Y125.306 E910.87502
G1 X128.759 Y125.356 E910.89412
G1 X129.382 Y125.524 E910.91558
G1 X129.944 Y125.787 E910.93621
G1 X130.45 Y126.136 E910.95666
G1 X130.897 Y126.583 E910.97768
G1 X131.258 Y127.103 E910.99874
G1 X131.523 Y127.672 E911.01962
G1 X131.687 Y128.277 E911.04046
G1 X131.735 Y128.858 E911.05985
G1 X131.736 Y132.434 E911.17879
G1 X134.311 Y131.745 E911.26745
G1 X134.52 Y131.764 E911.27443
G1 X134.72 Y131.853 E911.28171
G1 X134.903 Y132.052 E911.2907
G1 X134.98 Y132.348 E911.30088
G1 X134.98 Y136.402 E911.43571
G1 F1546.4 X134.968 Y136.94 E911.45307
G1 X134.98 Y138.284 E911.49644
G1 F1500 X134.841 Y138.669 E911.51005
G1 X134.577 Y138.852 E911.52073
G1 X134.276 Y138.875 E911.53078
G1 X131.061 Y138.02 E911.64142
G1 X117.5 Y138.02 E912.09246
G0 F9000 X117.5 Y138.331
G0 X117.5 Y139.749
G0 X117.5 Y140.056
G1 F1500 X136.708 Y140.055 E912.73132
G1 X136.71 Y139.716 E912.7426
G1 F1515.2 X135.404 Y137.218 E912.83542
G1 F1562.5 X135.344 Y136.94 E912.8445
G1 F1546.4 X135.46 Y136.568 E912.85707
G1 F1500 X135.895 Y136.341 E912.87339
G1 X136.704 Y136.34 E912.9003
G1 X136.706 Y121.01 E913.41017
G1 X136.797 Y120.746 E913.41946
G1 X136.93 Y120.597 E913.4261
G1 X137.16 Y120.476 E913.43475
G1 X138.285 Y120.403 E913.47224
G1 X139.244 Y120.211 E913.50477
G1 X140.162 Y119.9 E913.53701
G1 X141.043 Y119.467 E913.56966
G1 X141.853 Y118.923 E913.60211
G1 X142.59 Y118.278 E913.63469
G1 X143.234 Y117.542 E913.66722
G1 X143.779 Y116.727 E913.69983
G1 X144.212 Y115.848 E913.73242
G1 X144.527 Y114.932 E913.76463
G1 X144.715 Y113.97 E913.79723
G1 X144.778 Y112.992 E913.82983
G1 X144.715 Y112.014 E913.86243
G1 X144.527 Y111.052 E913.89503
G1 X144.212 Y110.135 E913.92728
G1 X143.779 Y109.253 E913.95996
G1 X143.235 Y108.443 E913.99241
G1 X142.59 Y107.706 E914.02498
G1 X141.853 Y107.062 E914.05754
G1 X141.043 Y106.517 E914.09001
G1 X140.162 Y106.084 E914.12266
G1 X139.244 Y105.773 E914.15489
G1 X138.284 Y105.581 E914.18746
G1 X137.275 Y105.512 E914.22109
G1 X124.046 Y105.51 E914.66109
G1 X123.74 Y105.39 E914.67203
G1 X123.539 Y105.115 E914.68335
G1 X123.508 Y104.984 E914.68783
G1 X123.504 Y94.94 E915.0219
G1 X121.618 Y94.94 E915.08463
G1 X122.568 Y97.98 E915.19056
G1 X122.568 Y98.188 E915.19748
G1 X122.516 Y98.348 E915.20307
G1 X122.247 Y98.62 E915.2158
G1 X121.976 Y98.684 E915.22506
G1 X113.02 Y98.684 E915.52293
G1 X112.749 Y98.62 E915.5322
G1 X112.48 Y98.347 E915.54494
G1 X112.428 Y98.188 E915.55051
G1 X112.428 Y97.98 E915.55743
G1 X113.381 Y94.941 E915.66336
G1 X111.497 Y94.941 E915.72602
G1 X111.492 Y104.984 E916.06005
G1 X111.357 Y105.297 E916.07139
G1 X111.086 Y105.482 E916.0823
G1 X110.954 Y105.51 E916.08679
G1 X97.725 Y105.512 E916.52679
G1 X96.716 Y105.58 E916.56042
G1 X95.752 Y105.773 E916.59312
G1 X94.834 Y106.084 E916.62536
G1 X93.957 Y106.517 E916.65789
G1 X93.142 Y107.062 E916.6905
G1 X92.406 Y107.706 E916.72303
G1 X91.761 Y108.443 E916.7556
G1 X91.217 Y109.253 E916.78805
G1 X90.784 Y110.134 E916.8207
G1 X90.473 Y111.052 E916.85294
G1 X90.281 Y112.015 E916.8856
G1 X90.218 Y112.992 E916.91816
G1 X90.281 Y113.969 E916.95073
G1 X90.473 Y114.932 E916.98339
G1 X90.784 Y115.849 E917.01559
G1 X91.217 Y116.727 E917.04815
G1 X91.762 Y117.542 E917.08076
G1 X92.406 Y118.278 E917.11329
G1 X93.142 Y118.922 E917.14582
G1 X93.957 Y119.467 E917.17843
G1 X94.835 Y119.9 E917.21099
G1 X95.752 Y120.211 E917.24319
G1 X96.715 Y120.403 E917.27585
G1 X97.836 Y120.476 E917.31322
G1 X98.065 Y120.598 E917.32185
G1 X98.199 Y120.745 E917.32846
G1 X98.29 Y121.01 E917.33778
G1 X98.292 Y136.34 E917.84766
G1 X99.104 Y136.341 E917.87467
G1 X99.54 Y136.566 E917.89099
G1 F1550.4 X99.655 Y136.94 E917.90358
G1 F1566.6 X99.595 Y137.217 E917.9126
G1 F1515.2 X98.286 Y139.718 E918.00555
G1 F1500 X98.289 Y140.056 E918.01679
G1 X117.5 Y140.056 E918.65575
G1 F2700 E913.65575
G0 F9000 X117.5 Y139.749
G0 X134.821 Y138.694
G0 X137.276 Y117.028
G0 X137.303 Y116.719
G1 F2700 E918.65575
G1 F1500 X136.654 Y116.659 E918.67743
G1 X136.026 Y116.491 E918.69905
G1 X135.439 Y116.214 E918.72064
G1 X134.92 Y115.852 E918.74169
G1 X134.452 Y115.386 E918.76366
G1 X134.095 Y114.877 E918.78433
G1 X133.803 Y114.265 E918.80689
G1 X133.637 Y113.643 E918.8283
G1 X133.58 Y112.995 E918.84993
G1 X133.634 Y112.347 E918.87156
G1 X133.802 Y111.712 E918.89341
G1 X134.079 Y111.125 E918.915
G1 X134.451 Y110.591 E918.93664
G1 X134.907 Y110.135 E918.95809
G1 X135.441 Y109.763 E918.97974
G1 X136.032 Y109.485 E919.00146
G1 X136.656 Y109.325 E919.02289
G1 X137.281 Y109.268 E919.04376
G1 X137.966 Y109.327 E919.06663
G1 X138.569 Y109.483 E919.08734
G1 X139.133 Y109.744 E919.10801
G1 X139.695 Y110.13 E919.13069
G1 X140.163 Y110.593 E919.15259
G1 X140.532 Y111.128 E919.1742
G1 X140.812 Y111.725 E919.19613
G1 X140.969 Y112.332 E919.21699
G1 X141.035 Y112.997 E919.23921
G1 X140.97 Y113.652 E919.26111
G1 X140.813 Y114.255 E919.28183
G1 X140.512 Y114.886 E919.30508
G1 X140.159 Y115.391 E919.32558
G1 X139.708 Y115.836 E919.34665
G1 X139.168 Y116.217 E919.36863
G1 X138.569 Y116.497 E919.39062
G1 X137.967 Y116.657 E919.41134
G1 X137.303 Y116.719 E919.43352
G0 F9000 X137.286 Y116.316
;TYPE:WALL-OUTER
G1 F1500 X136.708 Y116.262 E919.45283
G1 X136.184 Y116.122 E919.47087
G1 X135.642 Y115.869 E919.49076
G1 X135.181 Y115.549 E919.50943
G1 X134.758 Y115.129 E919.52925
G1 X134.428 Y114.655 E919.54846
G1 X134.179 Y114.129 E919.56782
G1 X134.034 Y113.588 E919.58645
G1 X133.98 Y113.01 E919.60576
G1 X134.028 Y112.43 E919.62511
G1 X134.174 Y111.868 E919.64443
G1 X134.435 Y111.313 E919.66482
G1 X134.747 Y110.865 E919.68298
G1 X135.181 Y110.431 E919.7034
G1 X135.629 Y110.119 E919.72155
G1 X136.185 Y109.858 E919.74198
G1 X136.742 Y109.716 E919.7611
G1 X137.322 Y109.668 E919.78046
G1 X137.888 Y109.719 E919.79936
G1 X138.441 Y109.862 E919.81836
G1 X138.968 Y110.11 E919.83773
G1 X139.453 Y110.453 E919.85749
G1 X139.851 Y110.848 E919.87614
G1 X140.186 Y111.328 E919.89561
G1 X140.434 Y111.855 E919.91498
G1 X140.577 Y112.409 E919.93401
G1 X140.632 Y113.012 E919.95415
G1 X140.58 Y113.556 E919.97232
G1 X140.434 Y114.125 E919.99186
G1 X140.177 Y114.667 E920.01181
G1 X139.865 Y115.115 E920.02997
G1 X139.444 Y115.535 E920.04975
G1 X138.98 Y115.863 E920.06865
G1 X138.441 Y116.118 E920.08848
G1 X137.888 Y116.265 E920.10751
G1 X137.286 Y116.316 E920.12761
G1 F2700 E915.12761
G0 F9000 X137.225 Y117.023
G0 X134.821 Y138.694
G0 X117.5 Y138.331
G0 X117.5 Y137.62
G1 F2700 E920.12761
G1 F1500 X103.887 Y137.62 E920.58038
G1 X100.651 Y138.481 E920.69175
G1 X100.55 Y138.474 E920.69512
G1 X100.462 Y138.413 E920.69868
G1 X100.416 Y138.284 E920.70324
G1 X100.416 Y132.348 E920.90067
G1 X100.502 Y132.183 E920.90686
G1 X100.627 Y132.148 E920.91117
G1 X103.66 Y132.955 E921.01556
G1 X103.66 Y128.889 E921.1508
G1 X103.714 Y128.329 E921.16951
G1 X103.858 Y127.791 E921.18803
G1 X104.078 Y127.319 E921.20535
G1 X104.4 Y126.856 E921.22411
G1 X104.821 Y126.435 E921.24391
G1 X105.241 Y126.143 E921.26093
G1 X105.759 Y125.897 E921.28
G1 X106.307 Y125.75 E921.29887
G1 X106.864 Y125.704 E921.31746
G1 X128.153 Y125.704 E922.02553
G1 X128.693 Y125.75 E922.04356
G1 X129.237 Y125.897 E922.0623
G1 X129.754 Y126.143 E922.08135
G1 X130.206 Y126.458 E922.09967
G1 X130.601 Y126.857 E922.11834
G1 X130.918 Y127.319 E922.13698
G1 X131.15 Y127.823 E922.15543
G1 X131.286 Y128.327 E922.1728
G1 X131.336 Y128.891 E922.19163
G1 X131.336 Y132.955 E922.3268
G1 X134.369 Y132.148 E922.43118
G1 X134.494 Y132.183 E922.4355
G1 X134.58 Y132.348 E922.44169
G1 X134.58 Y138.284 E922.63912
G1 X134.534 Y138.413 E922.64368
G1 X134.446 Y138.474 E922.64724
G1 X134.328 Y138.478 E922.65117
G1 X131.113 Y137.62 E922.76184
G1 X117.5 Y137.62 E923.21461
G1 F2700 E918.21461
G0 F9000 X117.5 Y138.331
G0 X117.5 Y139.749
G0 X117.5 Y140.455
G1 F2700 E923.21461
G1 F1500 X136.996 Y140.455 E923.86305
G1 X137.108 Y140.344 E923.86829
G1 X137.111 Y139.618 E923.89244
G1 X135.721 Y136.972 E923.99185
G1 X135.774 Y136.816 E923.99733
G1 X135.919 Y136.74 E924.00278
G1 X137.104 Y136.74 E924.04219
G1 X137.104 Y121.048 E924.56411
G1 X137.135 Y120.96 E924.56721
G1 X137.232 Y120.872 E924.57157
G1 X138.337 Y120.801 E924.6084
G1 X139.348 Y120.598 E924.64269
G1 X140.315 Y120.27 E924.67666
G1 X141.243 Y119.814 E924.71105
G1 X142.097 Y119.241 E924.74525
G1 X142.874 Y118.562 E924.77957
G1 X143.552 Y117.786 E924.81385
G1 X144.126 Y116.927 E924.84821
G1 X144.582 Y116.002 E924.88251
G1 X144.914 Y115.036 E924.91648
G1 X145.113 Y114.022 E924.95085
G1 X145.179 Y112.992 E924.98518
G1 X145.113 Y111.962 E925.01951
G1 X144.914 Y110.948 E925.05388
G1 X144.582 Y109.981 E925.08788
G1 X144.126 Y109.053 E925.12227
G1 X143.553 Y108.199 E925.15648
G1 X142.874 Y107.422 E925.1908
G1 X142.097 Y106.744 E925.2251
G1 X141.243 Y106.17 E925.25932
G1 X140.315 Y105.714 E925.29371
G1 X139.348 Y105.386 E925.32767
G1 X138.337 Y105.183 E925.36197
G1 X137.289 Y105.112 E925.39691
G1 X124.069 Y105.11 E925.83661
G1 X123.967 Y105.059 E925.8404
G1 X123.904 Y104.93 E925.84517
G1 X123.904 Y94.54 E926.19075
G1 X121.073 Y94.54 E926.28491
G1 X122.174 Y98.049 E926.40723
G1 X122.156 Y98.172 E926.41136
G1 X122.046 Y98.284 E926.41658
G1 X112.95 Y98.284 E926.71912
G1 X112.84 Y98.172 E926.72434
G1 X112.822 Y98.049 E926.72847
G1 X113.927 Y94.541 E926.8508
G1 X111.097 Y94.541 E926.94493
G1 X111.095 Y104.936 E927.29067
G1 X111.059 Y105.029 E927.29398
G1 X110.931 Y105.11 E927.29902
G1 X97.711 Y105.112 E927.73872
G1 X96.663 Y105.183 E927.77366
G1 X95.648 Y105.386 E927.80808
G1 X94.681 Y105.714 E927.84205
G1 X93.757 Y106.17 E927.87632
G1 X92.898 Y106.744 E927.91068
G1 X92.122 Y107.422 E927.94495
G1 X91.443 Y108.199 E927.97927
G1 X90.87 Y109.053 E928.01348
G1 X90.414 Y109.981 E928.04787
G1 X90.086 Y110.948 E928.08183
G1 X89.883 Y111.963 E928.11626
G1 X89.817 Y112.992 E928.15055
G1 X89.883 Y114.021 E928.18485
G1 X90.086 Y115.036 E928.21928
G1 X90.414 Y116.003 E928.25324
G1 X90.87 Y116.927 E928.28751
G1 X91.444 Y117.786 E928.32187
G1 X92.122 Y118.562 E928.35614
G1 X92.898 Y119.24 E928.39042
G1 X93.757 Y119.814 E928.42478
G1 X94.681 Y120.27 E928.45905
G1 X95.648 Y120.598 E928.49301
G1 X96.663 Y120.801 E928.52744
G1 X97.764 Y120.871 E928.56413
G1 X97.861 Y120.96 E928.56851
G1 X97.892 Y121.048 E928.57162
G1 X97.892 Y136.74 E929.09353
G1 X99.08 Y136.74 E929.13305
G1 X99.226 Y136.815 E929.13851
G1 X99.279 Y136.972 E929.14402
G1 X97.885 Y139.621 E929.24358
G1 X97.892 Y140.347 E929.26773
G1 X98.002 Y140.456 E929.27288
G1 X117.5 Y140.455 E929.92138
G1 F2700 E924.92138
G0 F9000 X117.5 Y139.749
G0 X100.179 Y138.694
G0 X100.179 Y134.866
G0 X97.613 Y117.023
G0 X97.674 Y116.316
G1 F2700 E929.92138
G1 F1500 X97.096 Y116.262 E929.94069
G1 X96.559 Y116.118 E929.95918
G1 X96.028 Y115.87 E929.97868
G1 X95.552 Y115.535 E929.99804
G1 X95.149 Y115.132 E930.01699
G1 X94.817 Y114.664 E930.03608
G1 X94.562 Y114.112 E930.0563
G1 X94.419 Y113.576 E930.07475
G1 X94.368 Y112.974 E930.09485
G1 X94.422 Y112.396 E930.11415
G1 X94.566 Y111.855 E930.13277
G1 X94.81 Y111.328 E930.15209
G1 X95.158 Y110.838 E930.17208
G1 X95.552 Y110.445 E930.19059
G1 X96.016 Y110.117 E930.20949
G1 X96.539 Y109.87 E930.22872
G1 X97.108 Y109.719 E930.2483
G1 X97.71 Y109.668 E930.2684
G1 X98.287 Y109.722 E930.28767
G1 X98.845 Y109.87 E930.30687
G1 X99.372 Y110.12 E930.32627
G1 X99.842 Y110.454 E930.34545
G1 X100.248 Y110.864 E930.36464
G1 X100.582 Y111.343 E930.38407
G1 X100.822 Y111.868 E930.40327
G1 X100.968 Y112.43 E930.42258
G1 X101.016 Y113.01 E930.44194
G1 X100.962 Y113.588 E930.46124
G1 X100.817 Y114.128 E930.47984
G1 X100.573 Y114.655 E930.49916
G1 X100.238 Y115.129 E930.51846
G1 X99.826 Y115.54 E930.53782
G1 X99.358 Y115.869 E930.55684
G1 X98.83 Y116.116 E930.57623
G1 X98.254 Y116.268 E930.59605
G1 X97.674 Y116.316 E930.6154
G0 F9000 X97.613 Y117.023
G0 X95.892 Y116.592
G0 X95.991 Y116.381
;TYPE:FILL
G1 F3000 X93.385 Y118.988 E930.738
G0 F9000 X93.511 Y118.799
G0 X91.078 Y115.744
G0 X90.871 Y115.845
G1 F3000 X93.901 Y112.815 E930.88053
G0 F9000 X93.673 Y112.795
G0 X94.101 Y111.181
G0 X94.306 Y111.277
G1 F3000 X91.703 Y108.674 E931.00296
G0 F9000 X91.893 Y108.801
G0 X91.059 Y110.292
G0 X90.841 Y110.217
G1 F3000 X94.919 Y106.14 E931.19476
G1 X94.851 Y106.165
G1 X97.889 Y109.203 E931.33765
G0 F9000 X97.514 Y109.201
G1 F3000 X101.125 Y105.59 E931.5075
G0 F9000 X101.125 Y105.825
G0 X99.935 Y105.825
G0 X99.935 Y105.592
G1 F3000 X119.568 Y125.224 E932.43096
G0 F9000 X119.568 Y124.994
G0 X121.088 Y124.994
G0 X121.088 Y125.226
G1 F3000 X133.517 Y112.797 E933.01558
G0 F9000 X133.288 Y112.777
G0 X133.709 Y111.191
G0 X133.915 Y111.288
G1 F3000 X128.218 Y105.59 E933.28357
G0 F9000 X128.218 Y105.825
G0 X129.41 Y105.825
G0 X129.41 Y105.589
G1 F3000 X109.775 Y125.224 E934.20714
G0 F9000 X109.775 Y124.994
G0 X108.253 Y124.994
G0 X108.253 Y125.224
G1 F3000 X99.404 Y116.374 E934.6234
G0 F9000 X99.503 Y116.588
G0 X100.25 Y116.04
G0 X100.741 Y115.55
G0 X101.138 Y114.981
G0 X101.431 Y114.353
G0 X101.533 Y113.974
G0 X101.713 Y112.773
G0 X101.478 Y112.792
G1 F3000 X113.91 Y125.224 E935.20816
G0 F9000 X113.91 Y124.994
G0 X115.432 Y124.994
G0 X115.432 Y125.225
G1 F3000 X135.066 Y105.591 E936.13168
G0 F9000 X135.066 Y105.825
G0 X133.875 Y105.825
G0 X133.875 Y105.591
G1 F3000 X137.485 Y109.201 E936.30149
G0 F9000 X137.11 Y109.203
G1 F3000 X140.147 Y106.166 E936.44434
G1 X140.084 Y106.143
G1 X144.154 Y110.213 E936.63578
G0 F9000 X143.938 Y110.286
G0 X143.106 Y108.8
G0 X143.294 Y108.676
G1 F3000 X140.693 Y111.277 E936.75812
G0 F9000 X140.9 Y111.181
G0 X141.328 Y112.794
G0 X141.098 Y112.813
G1 F3000 X144.126 Y115.842 E936.90057
G0 F9000 X143.924 Y115.741
G0 X144.47 Y112.947
G0 X144.694 Y112.933
G1 F3000 X137.236 Y120.391 E937.25137
G1 X137.353 Y120.383
G1 X115.735 Y98.764 E938.26824
G0 F9000 X115.735 Y98.995
G0 X113.609 Y98.995
G0 X113.609 Y98.764
G1 F3000 X111.574 Y100.799 E938.36396
G0 F9000 X111.574 Y100.26
G1 F3000 X136.626 Y125.313 E939.54235
G0 F9000 X136.397 Y125.312
G0 X136.397 Y126.657
G0 X136.626 Y126.658
G1 F3000 X131.816 Y131.468 E939.7686
G0 F9000 X131.815 Y131.815
G1 F3000 X132.22 Y132.22 E939.78765
G0 F9000 X132.163 Y132
G0 X134.159 Y131.531
G0 X135.221 Y131.542
G0 X135.293 Y133.881
G0 X135.06 Y133.881
G1 F3000 X136.624 Y132.317 E939.86122
G0 F9000 X136.397 Y132.316
G0 X136.397 Y130.967
G0 X136.625 Y130.968
G1 F3000 X111.182 Y105.525 E941.05798
G0 F9000 X111.182 Y105.825
G0 X106.783 Y105.825
G0 X106.783 Y105.589
G1 F3000 X101.085 Y111.287 E941.32599
G0 F9000 X101.292 Y111.191
G0 X105.59 Y105.825
G0 X105.59 Y105.59
G1 F3000 X125.225 Y125.225 E942.24956
G0 F9000 X125.225 Y124.994
G0 X126.745 Y124.994
G0 X126.745 Y125.226
G1 F3000 X135.593 Y116.377 E942.66577
G0 F9000 X135.495 Y116.587
G0 X136.617 Y116.911
G0 X137.307 Y116.971
G0 X137.865 Y116.922
G0 X139.106 Y116.593
G0 X139.007 Y116.38
G1 F3000 X141.614 Y118.986 E942.78837
G0 F9000 X141.49 Y118.798
G0 X136.468 Y120.285
G0 X136.397 Y120.994
G0 X136.632 Y120.995
G1 F3000 X131.016 Y126.612 E943.05256
G0 F9000 X131.202 Y126.482
G0 X135.221 Y131.542
G0 X135.293 Y135.06
G0 X135.06 Y135.06
G1 F3000 X136.26 Y136.26 E943.109
G0 F9000 X136.261 Y136.03
G0 X135.553 Y136.502
G0 X135.545 Y137.038
G0 X135.819 Y138.68
G0 X136.023 Y138.575
G1 F3000 X134.622 Y139.976 E943.1749
G0 F9000 X134.318 Y139.975
G1 F3000 X132.947 Y138.604 E943.23939
G0 F9000 X132.887 Y138.828
G0 X130.842 Y138.331
G0 X130.842 Y138.099
G1 F3000 X128.965 Y139.976 E943.32767
G0 F9000 X128.662 Y139.975
G1 F3000 X126.786 Y138.099 E943.41592
G0 F9000 X126.786 Y138.331
G0 X125.185 Y138.331
G0 X125.185 Y138.099
G1 F3000 X123.308 Y139.976 E943.5042
G0 F9000 X123.005 Y139.975
G1 F3000 X121.129 Y138.099 E943.59245
G0 F9000 X121.129 Y138.331
G0 X119.528 Y138.331
G0 X119.528 Y138.099
G1 F3000 X117.651 Y139.976 E943.68073
G0 F9000 X117.348 Y139.975
G1 F3000 X115.472 Y138.099 E943.76897
G0 F9000 X115.472 Y138.331
G0 X113.871 Y138.331
G0 X113.871 Y138.099
G1 F3000 X111.994 Y139.976 E943.85726
G0 F9000 X111.691 Y139.975
G1 F3000 X109.815 Y138.099 E943.9455
G0 F9000 X109.815 Y138.331
G0 X108.214 Y138.331
G0 X108.214 Y138.099
G1 F3000 X106.338 Y139.976 E944.03377
G0 F9000 X106.034 Y139.975
G1 F3000 X104.158 Y138.099 E944.12201
G0 F9000 X104.158 Y138.331
G0 X102.114 Y138.828
G0 X102.055 Y138.602
G1 F3000 X100.681 Y139.976 E944.18664
G0 F9000 X100.377 Y139.975
G1 F3000 X98.974 Y138.572 E944.25263
G0 F9000 X99.181 Y138.682
G0 X99.457 Y137.164
G0 X99.447 Y136.503
G0 X98.739 Y136.031
G0 X98.739 Y136.261
G1 F3000 X99.935 Y135.064 E944.30891
G0 F9000 X99.707 Y135.064
G0 X99.707 Y133.877
G0 X99.936 Y133.877
G1 F3000 X98.371 Y132.312 E944.38252
G0 F9000 X98.604 Y132.312
G0 X98.604 Y130.972
G0 X98.371 Y130.972
G1 F3000 X123.82 Y105.523 E945.57957
G0 F9000 X123.82 Y105.825
G0 X123.266 Y105.753
G0 X123.194 Y100.8
G0 X123.428 Y100.8
G1 F3000 X121.392 Y98.764 E945.67533
G0 F9000 X121.392 Y98.995
G0 X119.266 Y98.995
G0 X119.266 Y98.764
G1 F3000 X97.646 Y120.384 E946.69227
G1 X97.763 Y120.391
G1 X90.302 Y112.929 E947.04324
G0 F9000 X90.529 Y112.944
G0 X98.532 Y120.285
G0 X98.604 Y120.988
G0 X98.361 Y120.988
G1 F3000 X103.985 Y126.612 E947.30778
G0 F9000 X103.799 Y126.481
G0 X103.241 Y127.587
G0 X103.067 Y128.236
G0 X102.951 Y131.465
G0 X103.181 Y131.465
G1 F3000 X98.369 Y126.653 E947.53412
G0 F9000 X98.604 Y126.653
G0 X98.604 Y125.316
G0 X98.37 Y125.316
G1 F3000 X123.426 Y100.26 E948.71267
G0 F9000 X123.194 Y100.26
G0 X122.825 Y98.062
G0 X122.253 Y95.928
G0 X122.034 Y95.995
G1 F3000 X123.01 Y95.02 E948.75856
G0 F9000 X123.305 Y95.02
G1 F3000 X123.425 Y95.141 E948.76423
G0 F9000 X123.224 Y95.222
G0 X122.773 Y98.923
G0 X112.227 Y98.923
G0 X112.217 Y97.929
G0 X112.747 Y95.927
G0 X112.965 Y95.995
G1 F3000 X111.992 Y95.021 E948.81002
G0 F9000 X111.695 Y95.021
G1 F3000 X111.577 Y95.138 E948.81554
G1 F2700 E943.81554
G0 F9000 X111.776 Y95.222
G0 X111.734 Y105.753
G0 X103.241 Y127.587
G0 X103.067 Y128.236
G0 X102.951 Y131.82
G0 X103.18 Y131.82
G1 F2700 E948.81554
G1 F3000 X102.778 Y132.222 E948.83445
G0 F9000 X102.651 Y131.711
;MESH:NONMESH
G0 F300 X102.651 Y131.711 Z2.8
G0 F9000 X97.663 Y117.028
G0 X97.69 Y116.719
;TIME_ELAPSED:1507.334650
;LAYER:13
;TYPE:WALL-INNER
;MESH:FT05-Frame Part B.stl
G1 F1500 X97.03 Y116.657 E948.8565
G1 X96.431 Y116.497 E948.87712
G1 X95.862 Y116.235 E948.89796
G1 X95.297 Y115.847 E948.92075
G1 X94.848 Y115.395 E948.94194
G1 X94.46 Y114.851 E948.96417
G1 X94.187 Y114.253 E948.98603
G1 X94.027 Y113.654 E949.00665
G1 X93.965 Y112.992 E949.02877
G1 X94.023 Y112.339 E949.05057
G1 X94.187 Y111.727 E949.07165
G1 X94.462 Y111.125 E949.09366
G1 X94.841 Y110.589 E949.11549
G1 X95.288 Y110.144 E949.13647
G1 X95.828 Y109.763 E949.15845
G1 X96.431 Y109.483 E949.18056
G1 X97.03 Y109.327 E949.20115
G1 X97.715 Y109.268 E949.22402
G1 X98.338 Y109.322 E949.24482
G1 X98.967 Y109.486 E949.26644
G1 X99.558 Y109.762 E949.28813
G1 X100.092 Y110.138 E949.30986
G1 X100.544 Y110.59 E949.33112
G1 X100.923 Y111.127 E949.35298
G1 X101.193 Y111.711 E949.37438
G1 X101.362 Y112.347 E949.39626
G1 X101.416 Y112.995 E949.41789
G1 X101.359 Y113.643 E949.43953
G1 X101.193 Y114.263 E949.46087
G1 X100.917 Y114.859 E949.48272
G1 X100.544 Y115.386 E949.50419
G1 X100.077 Y115.852 E949.52614
G1 X99.561 Y116.213 E949.54708
G1 X98.969 Y116.494 E949.56888
G1 X98.342 Y116.659 E949.59044
G1 X97.69 Y116.719 E949.61222
G1 F2700 E944.61222
G0 F9000 X97.663 Y117.028
G0 X100.179 Y131.942
G0 X100.179 Y138.694
G0 X117.5 Y138.331
G0 X117.5 Y138.02
G1 F2700 E949.61222
G1 F1500 X103.939 Y138.02 E950.06326
G1 X100.72 Y138.875 E950.17404
G1 X100.419 Y138.852 E950.18408
G1 X100.155 Y138.669 E950.19476
G1 X100.016 Y138.284 E950.20838
G1 F1550.4 X100.029 Y136.94 E950.25163
G1 X100.016 Y136.402 E950.26894
G1 F1500 X100.016 Y132.348 E950.40378
G1 X100.093 Y132.052 E950.41395
G1 X100.276 Y131.853 E950.42294
G1 X100.477 Y131.764 E950.43026
G1 X100.685 Y131.745 E950.4372
G1 X103.26 Y132.434 E950.52586
G1 X103.262 Y128.853 E950.64497
G1 X103.315 Y128.274 E950.6643
G1 X103.473 Y127.672 E950.685
G1 X103.739 Y127.101 E950.70596
G1 X104.104 Y126.582 E950.72706
G1 X104.547 Y126.139 E950.7479
G1 X105.054 Y125.787 E950.76842
G1 X105.614 Y125.524 E950.789
G1 X106.241 Y125.356 E950.81059
G1 X106.816 Y125.305 E950.82979
G1 X128.187 Y125.306 E951.54059
G1 X128.759 Y125.356 E951.55969
G1 X129.382 Y125.524 E951.58115
G1 X129.944 Y125.787 E951.60179
G1 X130.45 Y126.136 E951.62223
G1 X130.897 Y126.583 E951.64326
G1 X131.258 Y127.103 E951.66431
G1 X131.523 Y127.672 E951.68519
G1 X131.687 Y128.277 E951.70604
G1 X131.735 Y128.858 E951.72543
G1 X131.736 Y132.434 E951.84437
G1 X134.311 Y131.745 E951.93303
G1 X134.52 Y131.764 E951.94001
G1 X134.72 Y131.853 E951.94729
G1 X134.903 Y132.052 E951.95628
G1 X134.98 Y132.348 E951.96645
G1 X134.98 Y136.397 E952.10112
G1 F1550.4 X134.967 Y136.936 E952.11847
G1 X134.98 Y138.284 E952.16185
G1 F1500 X134.841 Y138.668 E952.17543
G1 X134.577 Y138.852 E952.18614
G1 X134.276 Y138.875 E952.19618
G1 X131.061 Y138.02 E952.30683
G1 X117.5 Y138.02 E952.75787
G0 F9000 X117.5 Y138.331
G0 X117.5 Y139.749
G0 X117.5 Y140.056
G1 F1500 X136.708 Y140.055 E953.39673
G1 X136.71 Y139.716 E953.408
G1 F1515.2 X135.4 Y137.213 E953.50103
G1 F1566.6 X135.341 Y136.936 E953.51004
G1 F1550.4 X135.457 Y136.563 E953.52261
G1 F1500 X135.892 Y136.337 E953.53892
G1 X136.704 Y136.338 E953.56593
G1 X136.706 Y121.01 E954.07574
G1 X136.797 Y120.746 E954.08503
G1 X136.93 Y120.597 E954.09167
G1 X137.16 Y120.476 E954.10031
G1 X138.285 Y120.403 E954.13781
G1 X139.244 Y120.211 E954.17034
G1 X140.162 Y119.9 E954.20257
G1 X141.043 Y119.467 E954.23522
G1 X141.853 Y118.923 E954.26768
G1 X142.59 Y118.278 E954.30025
G1 X143.234 Y117.542 E954.33278
G1 X143.779 Y116.727 E954.36539
G1 X144.212 Y115.848 E954.39798
G1 X144.527 Y114.932 E954.4302
G1 X144.715 Y113.97 E954.4628
G1 X144.778 Y112.992 E954.49539
G1 X144.715 Y112.014 E954.52799
G1 X144.527 Y111.052 E954.56059
G1 X144.212 Y110.135 E954.59284
G1 X143.779 Y109.253 E954.62552
G1 X143.235 Y108.443 E954.65797
G1 X142.59 Y107.706 E954.69055
G1 X141.853 Y107.062 E954.7231
G1 X141.043 Y106.517 E954.75557
G1 X140.162 Y106.084 E954.78822
G1 X139.244 Y105.773 E954.82046
G1 X138.284 Y105.581 E954.85302
G1 X137.275 Y105.512 E954.88666
G1 X124.046 Y105.51 E955.32666
G1 X123.74 Y105.39 E955.33759
G1 X123.539 Y105.115 E955.34892
G1 X123.508 Y104.984 E955.3534
G1 X123.504 Y94.94 E955.68746
G1 X121.618 Y94.94 E955.75019
G1 X122.568 Y97.98 E955.85612
G1 X122.568 Y98.188 E955.86304
G1 X122.516 Y98.348 E955.86864
G1 X122.247 Y98.62 E955.88136
G1 X121.976 Y98.684 E955.89062
G1 X113.02 Y98.684 E956.1885
G1 X112.749 Y98.62 E956.19776
G1 X112.48 Y98.347 E956.21051
G1 X112.428 Y98.188 E956.21607
G1 X112.428 Y97.98 E956.22299
G1 X113.381 Y94.941 E956.32892
G1 X111.497 Y94.941 E956.39158
G1 X111.492 Y104.984 E956.72561
G1 X111.357 Y105.297 E956.73695
G1 X111.086 Y105.482 E956.74787
G1 X110.954 Y105.51 E956.75235
G1 X97.725 Y105.512 E957.19235
G1 X96.716 Y105.58 E957.22599
G1 X95.752 Y105.773 E957.25869
G1 X94.834 Y106.084 E957.29092
G1 X93.957 Y106.517 E957.32345
G1 X93.142 Y107.062 E957.35606
G1 X92.406 Y107.706 E957.38859
G1 X91.761 Y108.443 E957.42117
G1 X91.217 Y109.253 E957.45362
G1 X90.784 Y110.134 E957.48627
G1 X90.473 Y111.052 E957.51851
G1 X90.281 Y112.015 E957.55117
G1 X90.218 Y112.992 E957.58373
G1 X90.281 Y113.969 E957.61629
G1 X90.473 Y114.932 E957.64895
G1 X90.784 Y115.849 E957.68116
G1 X91.217 Y116.727 E957.71372
G1 X91.762 Y117.542 E957.74633
G1 X92.406 Y118.278 E957.77885
G1 X93.142 Y118.922 E957.81138
G1 X93.957 Y119.467 E957.84399
G1 X94.835 Y119.9 E957.87655
G1 X95.752 Y120.211 E957.90876
G1 X96.715 Y120.403 E957.94142
G1 X97.836 Y120.476 E957.97878
G1 X98.065 Y120.598 E957.98741
G1 X98.199 Y120.745 E957.99403
G1 X98.29 Y121.01 E958.00335
G1 X98.292 Y136.34 E958.51322
G1 X99.104 Y136.341 E958.54023
G1 X99.54 Y136.567 E958.55656
G1 F1550.4 X99.655 Y136.94 E958.56912
G1 F1566.6 X99.595 Y137.218 E958.57818
G1 F1515.2 X98.286 Y139.715 E958.67101
G1 F1500 X98.289 Y140.056 E958.68236
G1 X117.5 Y140.056 E959.32132
G1 F2700 E954.32132
G0 F9000 X117.5 Y139.749
G0 X134.821 Y138.694
G0 X137.276 Y117.028
G0 X137.303 Y116.719
G1 F2700 E959.32132
G1 F1500 X136.654 Y116.659 E959.343
G1 X136.026 Y116.491 E959.36462
G1 X135.439 Y116.214 E959.38621
G1 X134.92 Y115.852 E959.40725
G1 X134.452 Y115.386 E959.42922
G1 X134.095 Y114.877 E959.4499
G1 X133.803 Y114.265 E959.47245
G1 X133.635 Y113.632 E959.49423
G1 X133.58 Y112.995 E959.5155
G1 X133.634 Y112.347 E959.53713
G1 X133.802 Y111.712 E959.55897
G1 X134.079 Y111.125 E959.58056
G1 X134.451 Y110.591 E959.60221
G1 X134.907 Y110.135 E959.62365
G1 X135.441 Y109.763 E959.6453
G1 X136.032 Y109.485 E959.66702
G1 X136.656 Y109.325 E959.68845
G1 X137.281 Y109.268 E959.70932
G1 X137.966 Y109.327 E959.73219
G1 X138.569 Y109.483 E959.75291
G1 X139.133 Y109.744 E959.77358
G1 X139.695 Y110.13 E959.79625
G1 X140.163 Y110.593 E959.81815
G1 X140.532 Y111.128 E959.83977
G1 X140.812 Y111.725 E959.8617
G1 X140.969 Y112.332 E959.88255
G1 X141.035 Y112.997 E959.90478
G1 X140.97 Y113.652 E959.92667
G1 X140.813 Y114.255 E959.94739
G1 X140.512 Y114.886 E959.97065
G1 X140.159 Y115.391 E959.99114
G1 X139.708 Y115.836 E960.01221
G1 X139.168 Y116.217 E960.03419
G1 X138.569 Y116.497 E960.05619
G1 X137.967 Y116.657 E960.0769
G1 X137.303 Y116.719 E960.09908
G0 F9000 X137.286 Y116.316
;TYPE:WALL-OUTER
G1 F1500 X136.708 Y116.262 E960.11839
G1 X136.184 Y116.122 E960.13643
G1 X135.642 Y115.869 E960.15633
G1 X135.181 Y115.549 E960.17499
G1 X134.758 Y115.129 E960.19482
G1 X134.428 Y114.655 E960.21403
G1 X134.179 Y114.129 E960.23338
G1 X134.028 Y113.554 E960.25316
G1 X133.98 Y112.974 E960.27251
G1 X134.034 Y112.396 E960.29182
G1 X134.174 Y111.868 E960.30999
G1 X134.435 Y111.313 E960.33039
G1 X134.747 Y110.865 E960.34855
G1 X135.181 Y110.431 E960.36896
G1 X135.629 Y110.119 E960.38712
G1 X136.185 Y109.858 E960.40755
G1 X136.742 Y109.716 E960.42666
G1 X137.322 Y109.668 E960.44602
G1 X137.888 Y109.719 E960.46492
G1 X138.441 Y109.862 E960.48392
G1 X138.968 Y110.11 E960.50329
G1 X139.453 Y110.453 E960.52305
G1 X139.851 Y110.848 E960.5417
G1 X140.186 Y111.328 E960.56117
G1 X140.434 Y111.855 E960.58054
G1 X140.577 Y112.409 E960.59957
G1 X140.632 Y113.012 E960.61971
G1 X140.58 Y113.556 E960.63789
G1 X140.434 Y114.125 E960.65742
G1 X140.177 Y114.667 E960.67738
G1 X139.865 Y115.115 E960.69553
G1 X139.444 Y115.535 E960.71531
G1 X138.98 Y115.863 E960.73421
G1 X138.441 Y116.118 E960.75404
G1 X137.888 Y116.265 E960.77308
G1 X137.286 Y116.316 E960.79317
G1 F2700 E955.79317
G0 F9000 X137.225 Y117.023
G0 X134.821 Y138.694
G0 X117.5 Y138.331
G0 X117.5 Y137.62
G1 F2700 E960.79317
G1 F1500 X103.887 Y137.62 E961.24594
G1 X100.651 Y138.481 E961.35731
G1 X100.55 Y138.474 E961.36068
G1 X100.462 Y138.413 E961.36424
G1 X100.416 Y138.284 E961.3688
G1 X100.416 Y132.348 E961.56623
G1 X100.502 Y132.183 E961.57242
G1 X100.627 Y132.148 E961.57674
G1 X103.66 Y132.955 E961.68112
G1 X103.66 Y128.889 E961.81636
G1 X103.714 Y128.329 E961.83507
G1 X103.858 Y127.791 E961.8536
G1 X104.078 Y127.319 E961.87092
G1 X104.4 Y126.856 E961.88967
G1 X104.821 Y126.435 E961.90948
G1 X105.241 Y126.143 E961.92649
G1 X105.759 Y125.897 E961.94556
G1 X106.307 Y125.75 E961.96443
G1 X106.864 Y125.704 E961.98302
G1 X128.153 Y125.704 E962.6911
G1 X128.693 Y125.75 E962.70912
G1 X129.237 Y125.897 E962.72787
G1 X129.754 Y126.143 E962.74691
G1 X130.206 Y126.458 E962.76523
G1 X130.601 Y126.857 E962.78391
G1 X130.918 Y127.319 E962.80254
G1 X131.15 Y127.823 E962.821
G1 X131.286 Y128.327 E962.83836
G1 X131.336 Y128.891 E962.85719
G1 X131.336 Y132.955 E962.99236
G1 X134.369 Y132.148 E963.09675
G1 X134.494 Y132.183 E963.10107
G1 X134.58 Y132.348 E963.10725
G1 X134.58 Y138.284 E963.30469
G1 X134.534 Y138.412 E963.30921
G1 X134.446 Y138.474 E963.31279
G1 X134.328 Y138.478 E963.31672
G1 X131.113 Y137.62 E963.42739
G1 X117.5 Y137.62 E963.88016
G1 F2700 E958.88016
G0 F9000 X117.5 Y138.331
G0 X117.5 Y139.749
G0 X117.5 Y140.455
G1 F2700 E963.88016
G1 F1500 X136.996 Y140.455 E964.5286
G1 X137.108 Y140.344 E964.53385
G1 X137.111 Y139.618 E964.55799
G1 X135.718 Y136.966 E964.65763
G1 X135.771 Y136.811 E964.66307
G1 X135.916 Y136.736 E964.6685
G1 X137.104 Y136.739 E964.70802
G1 X137.104 Y121.048 E965.2299
G1 X137.135 Y120.96 E965.23301
G1 X137.232 Y120.872 E965.23736
G1 X138.337 Y120.801 E965.27419
G1 X139.348 Y120.598 E965.30849
G1 X140.315 Y120.27 E965.34245
G1 X141.243 Y119.814 E965.37684
G1 X142.097 Y119.241 E965.41104
G1 X142.874 Y118.562 E965.44537
G1 X143.552 Y117.786 E965.47964
G1 X144.126 Y116.927 E965.514
G1 X144.582 Y116.002 E965.5483
G1 X144.914 Y115.036 E965.58228
G1 X145.113 Y114.022 E965.61664
G1 X145.179 Y112.992 E965.65097
G1 X145.113 Y111.962 E965.6853
G1 X144.914 Y110.948 E965.71967
G1 X144.582 Y109.981 E965.75368
G1 X144.126 Y109.053 E965.78807
G1 X143.553 Y108.199 E965.82227
G1 X142.874 Y107.422 E965.85659
G1 X142.097 Y106.744 E965.89089
G1 X141.243 Y106.17 E965.92511
G1 X140.315 Y105.714 E965.9595
G1 X139.348 Y105.386 E965.99347
G1 X138.337 Y105.183 E966.02776
G1 X137.289 Y105.112 E966.0627
G1 X124.069 Y105.11 E966.5024
G1 X123.967 Y105.059 E966.50619
G1 X123.904 Y104.93 E966.51097
G1 X123.904 Y94.54 E966.85654
G1 X121.073 Y94.54 E966.9507
G1 X122.174 Y98.049 E967.07302
G1 X122.156 Y98.172 E967.07715
G1 X122.046 Y98.284 E967.08238
G1 X112.95 Y98.284 E967.38491
G1 X112.84 Y98.172 E967.39013
G1 X112.822 Y98.049 E967.39427
G1 X113.927 Y94.541 E967.51659
G1 X111.097 Y94.541 E967.61072
G1 X111.095 Y104.936 E967.95646
G1 X111.059 Y105.029 E967.95978
G1 X110.931 Y105.11 E967.96481
G1 X97.711 Y105.112 E968.40451
G1 X96.663 Y105.183 E968.43945
G1 X95.648 Y105.386 E968.47388
G1 X94.681 Y105.714 E968.50784
G1 X93.757 Y106.17 E968.54211
G1 X92.898 Y106.744 E968.57647
G1 X92.122 Y107.422 E968.61075
G1 X91.443 Y108.199 E968.64507
G1 X90.87 Y109.053 E968.67927
G1 X90.414 Y109.981 E968.71366
G1 X90.086 Y110.948 E968.74762
G1 X89.883 Y111.963 E968.78205
G1 X89.817 Y112.992 E968.81635
G1 X89.883 Y114.021 E968.85064
G1 X90.086 Y115.036 E968.88507
G1 X90.414 Y116.003 E968.91903
G1 X90.87 Y116.927 E968.9533
G1 X91.444 Y117.786 E968.98766
G1 X92.122 Y118.562 E969.02194
G1 X92.898 Y119.24 E969.05621
G1 X93.757 Y119.814 E969.09057
G1 X94.681 Y120.27 E969.12484
G1 X95.648 Y120.598 E969.15881
G1 X96.663 Y120.801 E969.19323
G1 X97.764 Y120.871 E969.22993
G1 X97.861 Y120.96 E969.23431
G1 X97.892 Y121.048 E969.23741
G1 X97.892 Y136.74 E969.75933
G1 X99.08 Y136.74 E969.79884
G1 X99.226 Y136.815 E969.8043
G1 X99.279 Y136.972 E969.80981
G1 X97.885 Y139.617 E969.90925
G1 X97.892 Y140.347 E969.93354
G1 X98.002 Y140.456 E969.93869
G1 X117.5 Y140.455 E970.58719
G1 F2700 E965.58719
G0 F9000 X117.5 Y139.749
G0 X100.179 Y138.694
G0 X100.179 Y134.866
G0 X97.613 Y117.023
G0 X97.674 Y116.316
G1 F2700 E970.58719
G1 F1500 X97.096 Y116.262 E970.6065
G1 X96.559 Y116.118 E970.62499
G1 X96.028 Y115.87 E970.64448
G1 X95.552 Y115.535 E970.66384
G1 X95.149 Y115.132 E970.6828
G1 X94.817 Y114.664 E970.70188
G1 X94.562 Y114.112 E970.72211
G1 X94.419 Y113.576 E970.74056
G1 X94.368 Y112.974 E970.76065
G1 X94.422 Y112.396 E970.77996
G1 X94.566 Y111.855 E970.79858
G1 X94.81 Y111.328 E970.8179
G1 X95.158 Y110.838 E970.83789
G1 X95.552 Y110.445 E970.8564
G1 X96.016 Y110.117 E970.8753
G1 X96.539 Y109.87 E970.89453
G1 X97.108 Y109.719 E970.91411
G1 X97.71 Y109.668 E970.93421
G1 X98.287 Y109.722 E970.95348
G1 X98.845 Y109.87 E970.97268
G1 X99.372 Y110.12 E970.99208
G1 X99.842 Y110.454 E971.01126
G1 X100.248 Y110.864 E971.03045
G1 X100.582 Y111.343 E971.04987
G1 X100.822 Y111.868 E971.06907
G1 X100.968 Y112.43 E971.08839
G1 X101.016 Y113.01 E971.10774
G1 X100.962 Y113.588 E971.12705
G1 X100.817 Y114.128 E971.14565
G1 X100.573 Y114.655 E971.16496
G1 X100.238 Y115.129 E971.18427
G1 X99.826 Y115.54 E971.20363
G1 X99.358 Y115.869 E971.22265
G1 X98.83 Y116.116 E971.24204
G1 X98.254 Y116.268 E971.26185
G1 X97.674 Y116.316 E971.28121
G0 F9000 X97.613 Y117.023
G0 X95.892 Y116.592
G0 X95.991 Y116.381
;TYPE:FILL
G1 F3000 X93.385 Y118.988 E971.40381
G0 F9000 X93.511 Y118.799
G0 X91.078 Y115.744
G0 X90.871 Y115.845
G1 F3000 X93.901 Y112.815 E971.54633
G0 F9000 X93.673 Y112.795
G0 X94.101 Y111.181
G0 X94.306 Y111.277
G1 F3000 X91.703 Y108.674 E971.66877
G0 F9000 X91.893 Y108.801
G0 X91.059 Y110.292
G0 X90.841 Y110.217
G1 F3000 X94.919 Y106.14 E971.86056
G1 X94.851 Y106.165
G1 X97.889 Y109.203 E972.00346
G0 F9000 X97.514 Y109.201
G1 F3000 X101.125 Y105.59 E972.17331
G0 F9000 X101.125 Y105.825
G0 X99.935 Y105.825
G0 X99.935 Y105.592
G1 F3000 X119.568 Y125.224 E973.09677
G0 F9000 X119.568 Y124.994
G0 X121.088 Y124.994
G0 X121.088 Y125.226
G1 F3000 X133.517 Y112.797 E973.68139
G0 F9000 X133.288 Y112.777
G0 X133.709 Y111.191
G0 X133.915 Y111.288
G1 F3000 X128.218 Y105.59 E973.94938
G0 F9000 X128.218 Y105.825
G0 X129.41 Y105.825
G0 X129.41 Y105.589
G1 F3000 X109.775 Y125.224 E974.87295
G0 F9000 X109.775 Y124.994
G0 X108.253 Y124.994
G0 X108.253 Y125.224
G1 F3000 X99.404 Y116.374 E975.2892
G0 F9000 X99.503 Y116.588
G0 X100.25 Y116.04
G0 X100.741 Y115.55
G0 X101.138 Y114.981
G0 X101.431 Y114.353
G0 X101.533 Y113.974
G0 X101.713 Y112.773
G0 X101.478 Y112.792
G1 F3000 X113.91 Y125.224 E975.87397
G0 F9000 X113.91 Y124.994
G0 X115.432 Y124.994
G0 X115.432 Y125.225
G1 F3000 X135.066 Y105.591 E976.79749
G0 F9000 X135.066 Y105.825
G0 X133.875 Y105.825
G0 X133.875 Y105.591
G1 F3000 X137.485 Y109.201 E976.96729
G0 F9000 X137.11 Y109.203
G1 F3000 X140.147 Y106.166 E977.11015
G1 X140.084 Y106.143
G1 X144.154 Y110.213 E977.30159
G0 F9000 X143.938 Y110.286
G0 X143.106 Y108.8
G0 X143.294 Y108.676
G1 F3000 X140.693 Y111.277 E977.42393
G0 F9000 X140.9 Y111.181
G0 X141.328 Y112.794
G0 X141.098 Y112.813
G1 F3000 X144.126 Y115.842 E977.56638
G0 F9000 X143.924 Y115.741
G0 X144.47 Y112.947
G0 X144.694 Y112.933
G1 F3000 X137.236 Y120.391 E977.91718
G1 X137.353 Y120.383
G1 X115.735 Y98.764 E978.93405
G0 F9000 X115.735 Y98.995
G0 X113.609 Y98.995
G0 X113.609 Y98.764
G1 F3000 X111.574 Y100.799 E979.02977
G0 F9000 X111.574 Y100.26
G1 F3000 X136.626 Y125.313 E980.20816
G0 F9000 X136.397 Y125.312
G0 X136.397 Y126.657
G0 X136.626 Y126.658
G1 F3000 X131.816 Y131.468 E980.43441
G0 F9000 X131.815 Y131.815
G1 F3000 X132.22 Y132.22 E980.45346
G0 F9000 X132.163 Y132
G0 X134.159 Y131.531
G0 X135.221 Y131.542
G0 X135.293 Y133.881
G0 X135.06 Y133.881
G1 F3000 X136.625 Y132.316 E980.52707
G0 F9000 X136.397 Y132.315
G0 X136.397 Y130.968
G0 X136.626 Y130.969
G1 F3000 X111.182 Y105.525 E981.72388
G0 F9000 X111.182 Y105.825
G0 X106.783 Y105.825
G0 X106.783 Y105.589
G1 F3000 X101.085 Y111.287 E981.9919
G0 F9000 X101.292 Y111.191
G0 X105.59 Y105.825
G0 X105.59 Y105.59
G1 F3000 X125.225 Y125.225 E982.91547
G0 F9000 X125.225 Y124.994
G0 X126.745 Y124.994
G0 X126.745 Y125.226
G1 F3000 X135.593 Y116.377 E983.33167
G0 F9000 X135.495 Y116.587
G0 X136.617 Y116.911
G0 X137.307 Y116.971
G0 X137.865 Y116.922
G0 X139.106 Y116.593
G0 X139.007 Y116.38
G1 F3000 X141.614 Y118.986 E983.45428
G0 F9000 X141.49 Y118.798
G0 X136.468 Y120.285
G0 X136.397 Y120.994
G0 X136.632 Y120.995
G1 F3000 X131.016 Y126.612 E983.71846
G0 F9000 X131.202 Y126.482
G0 X135.221 Y131.542
G0 X135.293 Y135.06
G0 X135.06 Y135.06
G1 F3000 X136.257 Y136.257 E983.77476
G0 F9000 X136.258 Y136.029
G0 X135.553 Y136.501
G0 X135.545 Y137.037
G0 X135.819 Y138.68
G0 X136.023 Y138.575
G1 F3000 X134.622 Y139.976 E983.84066
G0 F9000 X134.318 Y139.975
G1 F3000 X132.947 Y138.604 E983.90515
G0 F9000 X132.887 Y138.828
G0 X130.842 Y138.331
G0 X130.842 Y138.099
G1 F3000 X128.965 Y139.976 E983.99344
G0 F9000 X128.662 Y139.975
G1 F3000 X126.786 Y138.099 E984.08168
G0 F9000 X126.786 Y138.331
G0 X125.185 Y138.331
G0 X125.185 Y138.099
G1 F3000 X123.308 Y139.976 E984.16997
G0 F9000 X123.005 Y139.975
G1 F3000 X121.129 Y138.099 E984.25821
G0 F9000 X121.129 Y138.331
G0 X119.528 Y138.331
G0 X119.528 Y138.099
G1 F3000 X117.651 Y139.976 E984.3465
G0 F9000 X117.348 Y139.975
G1 F3000 X115.472 Y138.099 E984.43474
G0 F9000 X115.472 Y138.331
G0 X113.871 Y138.331
G0 X113.871 Y138.099
G1 F3000 X111.994 Y139.976 E984.52302
G0 F9000 X111.691 Y139.975
G1 F3000 X109.815 Y138.099 E984.61127
G0 F9000 X109.815 Y138.331
G0 X108.214 Y138.331
G0 X108.214 Y138.099
G1 F3000 X106.338 Y139.976 E984.69953
G0 F9000 X106.034 Y139.975
G1 F3000 X104.158 Y138.099 E984.78777
G0 F9000 X104.158 Y138.331
G0 X102.114 Y138.828
G0 X102.055 Y138.602
G1 F3000 X100.681 Y139.976 E984.8524
G0 F9000 X100.377 Y139.975
G1 F3000 X98.973 Y138.571 E984.91844
G0 F9000 X99.181 Y138.682
G0 X99.457 Y137.164
G0 X99.447 Y136.502
G0 X98.739 Y136.03
G0 X98.739 Y136.261
G1 F3000 X99.936 Y135.064 E984.97474
G0 F9000 X99.707 Y135.064
G0 X99.707 Y133.877
G0 X99.936 Y133.877
G1 F3000 X98.371 Y132.312 E985.04836
G0 F9000 X98.604 Y132.312
G0 X98.604 Y130.972
G0 X98.371 Y130.972
G1 F3000 X123.82 Y105.523 E986.2454
G0 F9000 X123.82 Y105.825
G0 X123.266 Y105.753
G0 X123.194 Y100.8
G0 X123.428 Y100.8
G1 F3000 X121.392 Y98.764 E986.34117
G0 F9000 X121.392 Y98.995
G0 X119.266 Y98.995
G0 X119.266 Y98.764
G1 F3000 X97.646 Y120.384 E987.35811
G1 X97.763 Y120.391
G1 X90.302 Y112.929 E987.70907
G0 F9000 X90.529 Y112.944
G0 X98.532 Y120.285
G0 X98.604 Y120.988
G0 X98.361 Y120.988
G1 F3000 X103.985 Y126.612 E987.97361
G0 F9000 X103.799 Y126.481
G0 X103.241 Y127.587
G0 X103.067 Y128.236
G0 X102.951 Y131.465
G0 X103.181 Y131.465
G1 F3000 X98.369 Y126.653 E988.19995
G0 F9000 X98.604 Y126.653
G0 X98.604 Y125.316
G0 X98.37 Y125.316
G1 F3000 X123.426 Y100.26 E989.37851
G0 F9000 X123.194 Y100.26
G0 X122.825 Y98.062
G0 X122.253 Y95.928
G0 X122.034 Y95.995
G1 F3000 X123.01 Y95.02 E989.42439
G0 F9000 X123.305 Y95.02
G1 F3000 X123.425 Y95.141 E989.43006
G0 F9000 X123.224 Y95.222
G0 X122.773 Y98.923
G0 X112.227 Y98.923
G0 X112.217 Y97.929
G0 X112.747 Y95.927
G0 X112.965 Y95.995
G1 F3000 X111.992 Y95.021 E989.47585
G0 F9000 X111.695 Y95.021
G1 F3000 X111.577 Y95.138 E989.48138
G1 F2700 E984.48138
G0 F9000 X111.776 Y95.222
G0 X111.734 Y105.753
G0 X103.241 Y127.587
G0 X103.067 Y128.236
G0 X102.951 Y131.82
G0 X103.18 Y131.82
G1 F2700 E989.48138
G1 F3000 X102.778 Y132.222 E989.50029
G0 F9000 X102.651 Y131.711
;MESH:NONMESH
G0 F300 X102.651 Y131.711 Z3
G0 F9000 X97.663 Y117.028
G0 X97.69 Y116.719
;TIME_ELAPSED:1565.622427
;LAYER:14
;TYPE:WALL-INNER
;MESH:FT05-Frame Part B.stl
G1 F1500 X97.03 Y116.657 E989.52233
G1 X96.431 Y116.497 E989.54295
G1 X95.862 Y116.235 E989.56379
G1 X95.297 Y115.847 E989.58659
G1 X94.848 Y115.395 E989.60778
G1 X94.46 Y114.851 E989.63
G1 X94.187 Y114.253 E989.65186
G1 X94.027 Y113.654 E989.67249
G1 X93.965 Y112.992 E989.6946
G1 X94.023 Y112.339 E989.71641
G1 X94.187 Y111.727 E989.73748
G1 X94.462 Y111.125 E989.75949
G1 X94.841 Y110.589 E989.78133
G1 X95.288 Y110.144 E989.8023
G1 X95.828 Y109.763 E989.82428
G1 X96.431 Y109.483 E989.8464
G1 X97.03 Y109.327 E989.86698
G1 X97.715 Y109.268 E989.88985
G1 X98.338 Y109.322 E989.91065
G1 X98.967 Y109.486 E989.93227
G1 X99.558 Y109.762 E989.95397
G1 X100.092 Y110.138 E989.97569
G1 X100.544 Y110.59 E989.99695
G1 X100.923 Y111.127 E990.01881
G1 X101.193 Y111.711 E990.04021
G1 X101.362 Y112.347 E990.0621
G1 X101.416 Y112.995 E990.08372
G1 X101.359 Y113.643 E990.10536
G1 X101.193 Y114.263 E990.12671
G1 X100.917 Y114.859 E990.14855
G1 X100.544 Y115.386 E990.17003
G1 X100.077 Y115.852 E990.19197
G1 X99.561 Y116.213 E990.21291
G1 X98.969 Y116.494 E990.23471
G1 X98.342 Y116.659 E990.25627
G1 X97.69 Y116.719 E990.27805
G1 F2700 E985.27805
G0 F9000 X97.663 Y117.028
G0 X100.179 Y131.942
G0 X100.179 Y138.694
G0 X117.5 Y138.331
G0 X117.5 Y138.02
G1 F2700 E990.27805
G1 F1500 X103.939 Y138.02 E990.72909
G1 X100.72 Y138.875 E990.83987
G1 X100.419 Y138.852 E990.84991
G1 X100.155 Y138.669 E990.86059
G1 X100.016 Y138.284 E990.87421
G1 F1550.4 X100.029 Y136.94 E990.91746
G1 X100.016 Y136.402 E990.93478
G1 F1500 X100.016 Y132.348 E991.06961
G1 X100.093 Y132.052 E991.07978
G1 X100.276 Y131.853 E991.08878
G1 X100.477 Y131.764 E991.09609
G1 X100.685 Y131.745 E991.10304
G1 X103.26 Y132.434 E991.19169
G1 X103.262 Y128.853 E991.3108
G1 X103.315 Y128.274 E991.33014
G1 X103.473 Y127.672 E991.35084
G1 X103.739 Y127.101 E991.37179
G1 X104.104 Y126.582 E991.39289
G1 X104.547 Y126.139 E991.41373
G1 X105.054 Y125.787 E991.43426
G1 X105.614 Y125.524 E991.45483
G1 X106.241 Y125.356 E991.47642
G1 X106.816 Y125.305 E991.49562
G1 X128.187 Y125.306 E992.20643
G1 X128.759 Y125.356 E992.22552
G1 X129.382 Y125.524 E992.24698
G1 X129.944 Y125.787 E992.26762
G1 X130.45 Y126.136 E992.28807
G1 X130.897 Y126.583 E992.30909
G1 X131.258 Y127.103 E992.33015
G1 X131.523 Y127.672 E992.35102
G1 X131.687 Y128.277 E992.37187
G1 X131.735 Y128.858 E992.39126
G1 X131.736 Y132.434 E992.5102
G1 X134.311 Y131.745 E992.59886
G1 X134.52 Y131.764 E992.60584
G1 X134.72 Y131.853 E992.61312
G1 X134.903 Y132.052 E992.62211
G1 X134.98 Y132.348 E992.63228
G1 X134.98 Y136.397 E992.76695
G1 F1550.4 X134.967 Y136.936 E992.7843
G1 X134.98 Y138.284 E992.82768
G1 F1500 X134.841 Y138.668 E992.84127
G1 X134.577 Y138.852 E992.85197
G1 X134.276 Y138.875 E992.86201
G1 X131.061 Y138.02 E992.97266
G1 X117.5 Y138.02 E993.4237
G0 F9000 X117.5 Y138.331
G0 X117.5 Y139.749
G0 X117.5 Y140.056
G1 F1500 X136.708 Y140.055 E994.06256
G1 X136.71 Y139.716 E994.07383
G1 F1515.2 X135.4 Y137.213 E994.16686
G1 F1566.6 X135.341 Y136.936 E994.17588
G1 F1550.4 X135.457 Y136.563 E994.18845
G1 F1500 X135.892 Y136.337 E994.20475
G1 X136.704 Y136.338 E994.23176
G1 X136.706 Y121.01 E994.74157
G1 X136.797 Y120.746 E994.75086
G1 X136.93 Y120.597 E994.7575
G1 X137.16 Y120.476 E994.76614
G1 X138.285 Y120.403 E994.80364
G1 X139.244 Y120.211 E994.83617
G1 X140.162 Y119.9 E994.86841
G1 X141.043 Y119.467 E994.90106
G1 X141.853 Y118.923 E994.93351
G1 X142.59 Y118.278 E994.96608
G1 X143.234 Y117.542 E994.99861
G1 X143.779 Y116.727 E995.03122
G1 X144.212 Y115.848 E995.06381
G1 X144.527 Y114.932 E995.09603
G1 X144.715 Y113.97 E995.12863
G1 X144.778 Y112.992 E995.16123
G1 X144.715 Y112.014 E995.19382
G1 X144.527 Y111.052 E995.22642
G1 X144.212 Y110.135 E995.25867
G1 X143.779 Y109.253 E995.29135
G1 X143.235 Y108.443 E995.32381
G1 X142.59 Y107.706 E995.35638
G1 X141.853 Y107.062 E995.38893
G1 X141.043 Y106.517 E995.4214
G1 X140.162 Y106.084 E995.45405
G1 X139.244 Y105.773 E995.48629
G1 X138.284 Y105.581 E995.51885
G1 X137.275 Y105.512 E995.55249
G1 X124.046 Y105.51 E995.99249
G1 X123.74 Y105.39 E996.00342
G1 X123.539 Y105.115 E996.01475
G1 X123.508 Y104.984 E996.01923
G1 X123.504 Y94.94 E996.35329
G1 X121.618 Y94.94 E996.41602
G1 X122.568 Y97.98 E996.52195
G1 X122.568 Y98.188 E996.52887
G1 X122.516 Y98.348 E996.53447
G1 X122.247 Y98.62 E996.54719
G1 X121.976 Y98.684 E996.55645
G1 X113.02 Y98.684 E996.85433
G1 X112.749 Y98.62 E996.86359
G1 X112.48 Y98.347 E996.87634
G1 X112.428 Y98.188 E996.8819
G1 X112.428 Y97.98 E996.88882
G1 X113.381 Y94.941 E996.99475
G1 X111.497 Y94.941 E997.05741
G1 X111.492 Y104.984 E997.39145
G1 X111.357 Y105.297 E997.40278
G1 X111.086 Y105.482 E997.4137
G1 X110.954 Y105.51 E997.41819
G1 X97.725 Y105.512 E997.85818
G1 X96.716 Y105.58 E997.89182
G1 X95.752 Y105.773 E997.92452
G1 X94.834 Y106.084 E997.95676
G1 X93.957 Y106.517 E997.98929
G1 X93.142 Y107.062 E998.0219
G1 X92.406 Y107.706 E998.05442
G1 X91.761 Y108.443 E998.087
G1 X91.217 Y109.253 E998.11945
G1 X90.784 Y110.134 E998.1521
G1 X90.473 Y111.052 E998.18434
G1 X90.281 Y112.015 E998.217
G1 X90.218 Y112.992 E998.24956
G1 X90.281 Y113.969 E998.28212
G1 X90.473 Y114.932 E998.31478
G1 X90.784 Y115.849 E998.34699
G1 X91.217 Y116.727 E998.37955
G1 X91.762 Y117.542 E998.41216
G1 X92.406 Y118.278 E998.44469
G1 X93.142 Y118.922 E998.47721
G1 X93.957 Y119.467 E998.50982
G1 X94.835 Y119.9 E998.54238
G1 X95.752 Y120.211 E998.57459
G1 X96.715 Y120.403 E998.60725
G1 X97.836 Y120.476 E998.64461
G1 X98.065 Y120.598 E998.65324
G1 X98.199 Y120.745 E998.65986
G1 X98.29 Y121.01 E998.66918
G1 X98.292 Y136.34 E999.17906
G1 X99.104 Y136.341 E999.20606
G1 X99.54 Y136.567 E999.2224
G1 F1550.4 X99.655 Y136.94 E999.23496
G1 F1566.6 X99.595 Y137.218 E999.24401
G1 F1515.2 X98.286 Y139.715 E999.33685
G1 F1500 X98.289 Y140.056 E999.34819
G1 X117.5 Y140.056 E999.98715
G1 F2700 E994.98715
G0 F9000 X117.5 Y139.749
G0 X134.821 Y138.694
G0 X137.276 Y117.028
G0 X137.303 Y116.719
G1 F2700 E999.98715
G1 F1500 X136.654 Y116.659 E1000.00883
G1 X136.026 Y116.491 E1000.03045
G1 X135.439 Y116.214 E1000.05204
G1 X134.92 Y115.852 E1000.07308
G1 X134.452 Y115.386 E1000.09505
G1 X134.095 Y114.877 E1000.11573
G1 X133.803 Y114.265 E1000.13828
G1 X133.635 Y113.632 E1000.16006
G1 X133.58 Y112.995 E1000.18133
G1 X133.634 Y112.347 E1000.20296
G1 X133.802 Y111.712 E1000.2248
G1 X134.079 Y111.125 E1000.24639
G1 X134.451 Y110.591 E1000.26804
G1 X134.907 Y110.135 E1000.28949
G1 X135.441 Y109.763 E1000.31113
G1 X136.032 Y109.485 E1000.33286
G1 X136.656 Y109.325 E1000.35428
G1 X137.281 Y109.268 E1000.37516
G1 X137.966 Y109.327 E1000.39802
G1 X138.569 Y109.483 E1000.41874
G1 X139.133 Y109.744 E1000.43941
G1 X139.695 Y110.13 E1000.46209
G1 X140.163 Y110.593 E1000.48398
G1 X140.532 Y111.128 E1000.5056
G1 X140.812 Y111.725 E1000.52753
G1 X140.969 Y112.332 E1000.54838
G1 X141.035 Y112.997 E1000.57061
G1 X140.97 Y113.652 E1000.5925
G1 X140.813 Y114.255 E1000.61323
G1 X140.512 Y114.886 E1000.63648
G1 X140.159 Y115.391 E1000.65697
G1 X139.708 Y115.836 E1000.67804
G1 X139.168 Y116.217 E1000.70003
G1 X138.569 Y116.497 E1000.72202
G1 X137.967 Y116.657 E1000.74274
G1 X137.303 Y116.719 E1000.76492
G0 F9000 X137.286 Y116.316
;TYPE:WALL-OUTER
G1 F1500 X136.708 Y116.262 E1000.78422
G1 X136.184 Y116.122 E1000.80226
G1 X135.642 Y115.869 E1000.82216
G1 X135.181 Y115.549 E1000.84082
G1 X134.758 Y115.129 E1000.86065
G1 X134.428 Y114.655 E1000.87986
G1 X134.179 Y114.129 E1000.89922
G1 X134.028 Y113.554 E1000.91899
G1 X133.98 Y112.974 E1000.93835
G1 X134.034 Y112.396 E1000.95765
G1 X134.174 Y111.868 E1000.97582
G1 X134.435 Y111.313 E1000.99622
G1 X134.747 Y110.865 E1001.01438
G1 X135.181 Y110.431 E1001.03479
G1 X135.629 Y110.119 E1001.05295
G1 X136.185 Y109.858 E1001.07338
G1 X136.742 Y109.716 E1001.0925
G1 X137.322 Y109.668 E1001.11185
G1 X137.888 Y109.719 E1001.13076
G1 X138.441 Y109.862 E1001.14975
G1 X138.968 Y110.11 E1001.16913
G1 X139.453 Y110.453 E1001.18888
G1 X139.851 Y110.848 E1001.20753
G1 X140.186 Y111.328 E1001.227
G1 X140.434 Y111.855 E1001.24637
G1 X140.577 Y112.409 E1001.2654
G1 X140.632 Y113.005 E1001.28531
G1 X140.58 Y113.556 E1001.30372
G1 X140.434 Y114.125 E1001.32326
G1 X140.177 Y114.667 E1001.34321
G1 X139.865 Y115.115 E1001.36137
G1 X139.444 Y115.535 E1001.38114
G1 X138.98 Y115.863 E1001.40004
G1 X138.441 Y116.118 E1001.41988
G1 X137.888 Y116.265 E1001.43891
G1 X137.286 Y116.316 E1001.459
G1 F2700 E996.459
G0 F9000 X137.225 Y117.023
G0 X134.821 Y138.694
G0 X117.5 Y138.331
G0 X117.5 Y137.62
G1 F2700 E1001.459
G1 F1500 X103.887 Y137.62 E1001.91177
G1 X100.651 Y138.481 E1002.02315
G1 X100.55 Y138.474 E1002.02651
G1 X100.462 Y138.413 E1002.03008
G1 X100.416 Y138.284 E1002.03463
G1 X100.416 Y132.348 E1002.23206
G1 X100.502 Y132.183 E1002.23825
G1 X100.627 Y132.148 E1002.24257
G1 X103.66 Y132.955 E1002.34696
G1 X103.66 Y128.889 E1002.48219
G1 X103.714 Y128.329 E1002.5009
G1 X103.858 Y127.791 E1002.51943
G1 X104.078 Y127.319 E1002.53675
G1 X104.4 Y126.856 E1002.55551
G1 X104.821 Y126.435 E1002.57531
G1 X105.241 Y126.143 E1002.59232
G1 X105.759 Y125.897 E1002.61139
G1 X106.307 Y125.75 E1002.63027
G1 X106.864 Y125.704 E1002.64885
G1 X128.153 Y125.704 E1003.35693
G1 X128.693 Y125.75 E1003.37496
G1 X129.237 Y125.897 E1003.3937
G1 X129.754 Y126.143 E1003.41274
G1 X130.206 Y126.458 E1003.43106
G1 X130.601 Y126.857 E1003.44974
G1 X130.918 Y127.319 E1003.46837
G1 X131.15 Y127.823 E1003.48683
G1 X131.286 Y128.327 E1003.50419
G1 X131.336 Y128.891 E1003.52302
G1 X131.336 Y132.955 E1003.65819
G1 X134.369 Y132.148 E1003.76258
G1 X134.494 Y132.183 E1003.7669
G1 X134.58 Y132.348 E1003.77309
G1 X134.58 Y138.284 E1003.97052
G1 X134.534 Y138.412 E1003.97504
G1 X134.361 Y138.487 E1003.98131
G1 X131.113 Y137.62 E1004.09312
G1 X117.5 Y137.62 E1004.5459
G1 F2700 E999.5459
G0 F9000 X117.5 Y138.331
G0 X117.5 Y139.749
G0 X117.5 Y140.455
G1 F2700 E1004.5459
G1 F1500 X136.996 Y140.455 E1005.19433
G1 X137.108 Y140.344 E1005.19958
G1 X137.111 Y139.618 E1005.22373
G1 X135.718 Y136.966 E1005.32336
G1 X135.771 Y136.811 E1005.32881
G1 X135.916 Y136.736 E1005.33424
G1 X137.104 Y136.739 E1005.37375
G1 X137.104 Y121.048 E1005.89564
G1 X137.135 Y120.96 E1005.89874
G1 X137.232 Y120.872 E1005.9031
G1 X138.337 Y120.801 E1005.93992
G1 X139.348 Y120.598 E1005.97422
G1 X140.315 Y120.27 E1006.00818
G1 X141.243 Y119.814 E1006.04257
G1 X142.097 Y119.241 E1006.07678
G1 X142.874 Y118.562 E1006.1111
G1 X143.552 Y117.786 E1006.14537
G1 X144.126 Y116.927 E1006.17973
G1 X144.582 Y116.002 E1006.21404
G1 X144.914 Y115.036 E1006.24801
G1 X145.113 Y114.022 E1006.28238
G1 X145.179 Y112.992 E1006.31671
G1 X145.113 Y111.962 E1006.35104
G1 X144.914 Y110.948 E1006.3854
G1 X144.582 Y109.981 E1006.41941
G1 X144.126 Y109.053 E1006.4538
G1 X143.553 Y108.199 E1006.48801
G1 X142.874 Y107.422 E1006.52233
G1 X142.097 Y106.744 E1006.55662
G1 X141.243 Y106.17 E1006.59085
G1 X140.315 Y105.714 E1006.62524
G1 X139.348 Y105.386 E1006.6592
G1 X138.337 Y105.183 E1006.6935
G1 X137.289 Y105.112 E1006.72843
G1 X124.069 Y105.11 E1007.16813
G1 X123.967 Y105.059 E1007.17193
G1 X123.904 Y104.93 E1007.1767
G1 X123.904 Y94.54 E1007.52227
G1 X121.073 Y94.54 E1007.61643
G1 X122.174 Y98.049 E1007.73875
G1 X122.156 Y98.172 E1007.74289
G1 X122.046 Y98.284 E1007.74811
G1 X112.95 Y98.284 E1008.05064
G1 X112.84 Y98.172 E1008.05586
G1 X112.822 Y98.049 E1008.06
G1 X113.927 Y94.541 E1008.18233
G1 X111.097 Y94.541 E1008.27645
G1 X111.095 Y104.936 E1008.62219
G1 X111.059 Y105.029 E1008.62551
G1 X110.931 Y105.11 E1008.63055
G1 X97.711 Y105.112 E1009.07025
G1 X96.663 Y105.183 E1009.10518
G1 X95.648 Y105.386 E1009.13961
G1 X94.681 Y105.714 E1009.17357
G1 X93.757 Y106.17 E1009.20784
G1 X92.898 Y106.744 E1009.24221
G1 X92.122 Y107.422 E1009.27648
G1 X91.443 Y108.199 E1009.3108
G1 X90.87 Y109.053 E1009.34501
G1 X90.414 Y109.981 E1009.3794
G1 X90.086 Y110.948 E1009.41336
G1 X89.883 Y111.963 E1009.44779
G1 X89.817 Y112.992 E1009.48208
G1 X89.883 Y114.021 E1009.51638
G1 X90.086 Y115.036 E1009.5508
G1 X90.414 Y116.003 E1009.58477
G1 X90.87 Y116.927 E1009.61904
G1 X91.444 Y117.786 E1009.6534
G1 X92.122 Y118.562 E1009.68767
G1 X92.898 Y119.24 E1009.72195
G1 X93.757 Y119.814 E1009.75631
G1 X94.681 Y120.27 E1009.79058
G1 X95.648 Y120.598 E1009.82454
G1 X96.663 Y120.801 E1009.85897
G1 X97.764 Y120.871 E1009.89566
G1 X97.861 Y120.96 E1009.90004
G1 X97.892 Y121.048 E1009.90314
G1 X97.892 Y136.74 E1010.42506
G1 X99.08 Y136.74 E1010.46457
G1 X99.226 Y136.815 E1010.47003
G1 X99.279 Y136.972 E1010.47555
G1 X97.885 Y139.617 E1010.57499
G1 X97.892 Y140.347 E1010.59927
G1 X98.002 Y140.456 E1010.60442
G1 X117.5 Y140.455 E1011.25293
G1 F2700 E1006.25293
G0 F9000 X117.5 Y139.749
G0 X100.179 Y138.694
G0 X100.179 Y134.866
G0 X97.613 Y117.023
G0 X97.674 Y116.316
G1 F2700 E1011.25293
G1 F1500 X97.096 Y116.262 E1011.27223
G1 X96.559 Y116.118 E1011.29073
G1 X96.028 Y115.87 E1011.31022
G1 X95.552 Y115.535 E1011.32958
G1 X95.149 Y115.132 E1011.34853
G1 X94.817 Y114.664 E1011.36762
G1 X94.562 Y114.112 E1011.38784
G1 X94.419 Y113.576 E1011.40629
G1 X94.368 Y112.974 E1011.42639
G1 X94.422 Y112.396 E1011.4457
G1 X94.566 Y111.855 E1011.46432
G1 X94.81 Y111.328 E1011.48363
G1 X95.158 Y110.838 E1011.50362
G1 X95.552 Y110.445 E1011.52213
G1 X96.016 Y110.117 E1011.54103
G1 X96.539 Y109.87 E1011.56027
G1 X97.108 Y109.719 E1011.57985
G1 X97.71 Y109.668 E1011.59994
G1 X98.287 Y109.722 E1011.61922
G1 X98.845 Y109.87 E1011.63842
G1 X99.372 Y110.12 E1011.65782
G1 X99.842 Y110.454 E1011.677
G1 X100.248 Y110.864 E1011.69619
G1 X100.582 Y111.343 E1011.71561
G1 X100.822 Y111.868 E1011.73481
G1 X100.968 Y112.43 E1011.75412
G1 X101.016 Y113.01 E1011.77348
G1 X100.962 Y113.588 E1011.79279
G1 X100.817 Y114.128 E1011.81138
G1 X100.573 Y114.655 E1011.8307
G1 X100.238 Y115.129 E1011.85
G1 X99.826 Y115.54 E1011.86936
G1 X99.358 Y115.869 E1011.88839
G1 X98.83 Y116.116 E1011.90777
G1 X98.254 Y116.268 E1011.92759
G1 X97.674 Y116.316 E1011.94694
G0 F9000 X97.613 Y117.023
G0 X95.892 Y116.592
G0 X95.991 Y116.381
;TYPE:FILL
G1 F3000 X93.385 Y118.988 E1012.06955
G0 F9000 X93.511 Y118.799
G0 X91.078 Y115.744
G0 X90.871 Y115.845
G1 F3000 X93.901 Y112.815 E1012.21207
G0 F9000 X93.673 Y112.795
G0 X94.101 Y111.181
G0 X94.306 Y111.277
G1 F3000 X91.703 Y108.674 E1012.33451
G0 F9000 X91.893 Y108.801
G0 X91.059 Y110.292
G0 X90.841 Y110.217
G1 F3000 X94.919 Y106.14 E1012.5263
G1 X94.851 Y106.165
G1 X97.889 Y109.203 E1012.6692
G0 F9000 X97.514 Y109.201
G1 F3000 X101.125 Y105.59 E1012.83905
G0 F9000 X101.125 Y105.825
G0 X99.935 Y105.825
G0 X99.935 Y105.592
G1 F3000 X119.568 Y125.224 E1013.7625
G0 F9000 X119.568 Y124.994
G0 X121.088 Y124.994
G0 X121.088 Y125.226
G1 F3000 X133.517 Y112.797 E1014.34712
G0 F9000 X133.288 Y112.777
G0 X133.709 Y111.191
G0 X133.915 Y111.288
G1 F3000 X128.218 Y105.59 E1014.61511
G0 F9000 X128.218 Y105.825
G0 X129.41 Y105.825
G0 X129.41 Y105.589
G1 F3000 X109.775 Y125.224 E1015.53869
G0 F9000 X109.775 Y124.994
G0 X108.253 Y124.994
G0 X108.253 Y125.224
G1 F3000 X99.404 Y116.374 E1015.95494
G0 F9000 X99.503 Y116.588
G0 X100.25 Y116.04
G0 X100.741 Y115.55
G0 X101.138 Y114.981
G0 X101.431 Y114.353
G0 X101.533 Y113.974
G0 X101.713 Y112.773
G0 X101.478 Y112.792
G1 F3000 X113.91 Y125.224 E1016.5397
G0 F9000 X113.91 Y124.994
G0 X115.432 Y124.994
G0 X115.432 Y125.225
G1 F3000 X135.066 Y105.591 E1017.46322
G0 F9000 X135.066 Y105.825
G0 X133.875 Y105.825
G0 X133.875 Y105.591
G1 F3000 X137.485 Y109.201 E1017.63303
G0 F9000 X137.11 Y109.203
G1 F3000 X140.147 Y106.166 E1017.77588
G1 X140.084 Y106.143
G1 X144.154 Y110.213 E1017.96732
G0 F9000 X143.938 Y110.286
G0 X143.106 Y108.8
G0 X143.294 Y108.676
G1 F3000 X140.693 Y111.277 E1018.08966
G0 F9000 X140.9 Y111.181
G0 X141.328 Y112.794
G0 X141.098 Y112.813
G1 F3000 X144.126 Y115.842 E1018.23211
G0 F9000 X143.924 Y115.741
G0 X144.47 Y112.947
G0 X144.694 Y112.933
G1 F3000 X137.236 Y120.391 E1018.58292
G1 X137.353 Y120.383
G1 X115.735 Y98.764 E1019.59978
G0 F9000 X115.735 Y98.995
G0 X113.609 Y98.995
G0 X113.609 Y98.764
G1 F3000 X111.574 Y100.799 E1019.6955
G0 F9000 X111.574 Y100.26
G1 F3000 X136.626 Y125.313 E1020.8739
G0 F9000 X136.397 Y125.312
G0 X136.397 Y126.657
G0 X136.626 Y126.658
G1 F3000 X131.816 Y131.468 E1021.10014
G0 F9000 X131.815 Y131.815
G1 F3000 X132.22 Y132.22 E1021.11919
G0 F9000 X132.163 Y132
G0 X134.159 Y131.531
G0 X135.221 Y131.542
G0 X135.293 Y133.881
G0 X135.06 Y133.881
G1 F3000 X136.625 Y132.316 E1021.19281
G0 F9000 X136.397 Y132.315
G0 X136.397 Y130.968
G0 X136.626 Y130.969
G1 F3000 X111.182 Y105.525 E1022.38961
G0 F9000 X111.182 Y105.825
G0 X106.783 Y105.825
G0 X106.783 Y105.589
G1 F3000 X101.085 Y111.287 E1022.65763
G0 F9000 X101.292 Y111.191
G0 X105.59 Y105.825
G0 X105.59 Y105.59
G1 F3000 X125.225 Y125.225 E1023.5812
G0 F9000 X125.225 Y124.994
G0 X126.745 Y124.994
G0 X126.745 Y125.226
G1 F3000 X135.593 Y116.377 E1023.99741
G0 F9000 X135.495 Y116.587
G0 X136.617 Y116.911
G0 X137.307 Y116.971
G0 X137.865 Y116.922
G0 X139.106 Y116.593
G0 X139.007 Y116.38
G1 F3000 X141.614 Y118.986 E1024.12001
G0 F9000 X141.49 Y118.798
G0 X136.468 Y120.285
G0 X136.397 Y120.994
G0 X136.632 Y120.995
G1 F3000 X131.016 Y126.612 E1024.38419
G0 F9000 X131.202 Y126.482
G0 X135.221 Y131.542
G0 X135.293 Y135.06
G0 X135.06 Y135.06
G1 F3000 X136.257 Y136.257 E1024.4405
G0 F9000 X136.258 Y136.029
G0 X135.553 Y136.501
G0 X135.545 Y137.037
G0 X135.819 Y138.68
G0 X136.023 Y138.575
G1 F3000 X134.622 Y139.976 E1024.50639
G0 F9000 X134.318 Y139.975
G1 F3000 X132.947 Y138.604 E1024.57088
G0 F9000 X132.887 Y138.828
G0 X130.842 Y138.331
G0 X130.842 Y138.099
G1 F3000 X128.965 Y139.976 E1024.65917
G0 F9000 X128.662 Y139.975
G1 F3000 X126.786 Y138.099 E1024.74741
G0 F9000 X126.786 Y138.331
G0 X125.185 Y138.331
G0 X125.185 Y138.099
G1 F3000 X123.308 Y139.976 E1024.8357
G0 F9000 X123.005 Y139.975
G1 F3000 X121.129 Y138.099 E1024.92394
G0 F9000 X121.129 Y138.331
G0 X119.528 Y138.331
G0 X119.528 Y138.099
G1 F3000 X117.651 Y139.976 E1025.01223
G0 F9000 X117.348 Y139.975
G1 F3000 X115.472 Y138.099 E1025.10047
G0 F9000 X115.472 Y138.331
G0 X113.871 Y138.331
G0 X113.871 Y138.099
G1 F3000 X111.994 Y139.976 E1025.18876
G0 F9000 X111.691 Y139.975
G1 F3000 X109.815 Y138.099 E1025.277
G0 F9000 X109.815 Y138.331
G0 X108.214 Y138.331
G0 X108.214 Y138.099
G1 F3000 X106.338 Y139.976 E1025.36527
G0 F9000 X106.034 Y139.975
G1 F3000 X104.158 Y138.099 E1025.45351
G0 F9000 X104.158 Y138.331
G0 X102.114 Y138.828
G0 X102.055 Y138.602
G1 F3000 X100.681 Y139.976 E1025.51814
G0 F9000 X100.377 Y139.975
G1 F3000 X98.973 Y138.571 E1025.58417
G0 F9000 X99.181 Y138.682
G0 X99.457 Y137.164
G0 X99.447 Y136.502
G0 X98.739 Y136.03
G0 X98.739 Y136.261
G1 F3000 X99.936 Y135.064 E1025.64048
G0 F9000 X99.707 Y135.064
G0 X99.707 Y133.877
G0 X99.936 Y133.877
G1 F3000 X98.371 Y132.312 E1025.71409
G0 F9000 X98.604 Y132.312
G0 X98.604 Y130.972
G0 X98.371 Y130.972
G1 F3000 X123.82 Y105.523 E1026.91113
G0 F9000 X123.82 Y105.825
G0 X123.266 Y105.753
G0 X123.194 Y100.8
G0 X123.428 Y100.8
G1 F3000 X121.392 Y98.764 E1027.0069
G0 F9000 X121.392 Y98.995
G0 X119.266 Y98.995
G0 X119.266 Y98.764
G1 F3000 X97.646 Y120.384 E1028.02384
G1 X97.763 Y120.391
G1 X90.302 Y112.929 E1028.37481
G0 F9000 X90.529 Y112.944
G0 X98.532 Y120.285
G0 X98.604 Y120.988
G0 X98.361 Y120.988
G1 F3000 X103.985 Y126.612 E1028.63934
G0 F9000 X103.799 Y126.481
G0 X103.241 Y127.587
G0 X103.067 Y128.236
G0 X102.951 Y131.465
G0 X103.181 Y131.465
G1 F3000 X98.369 Y126.653 E1028.86568
G0 F9000 X98.604 Y126.653
G0 X98.604 Y125.316
G0 X98.37 Y125.316
G1 F3000 X123.426 Y100.26 E1030.04424
G0 F9000 X123.194 Y100.26
G0 X122.825 Y98.062
G0 X122.253 Y95.927
G0 X122.034 Y95.995
G1 F3000 X123.01 Y95.02 E1030.09013
G0 F9000 X123.305 Y95.02
G1 F3000 X123.425 Y95.141 E1030.09579
G0 F9000 X123.224 Y95.222
G0 X122.773 Y98.923
G0 X112.227 Y98.923
G0 X112.217 Y97.929
G0 X112.748 Y95.926
G0 X112.965 Y95.995
G1 F3000 X111.992 Y95.021 E1030.14158
G0 F9000 X111.695 Y95.021
G1 F3000 X111.577 Y95.138 E1030.14711
G1 F2700 E1025.14711
G0 F9000 X111.776 Y95.222
G0 X111.734 Y105.753
G0 X103.241 Y127.587
G0 X103.067 Y128.236
G0 X102.951 Y131.82
G0 X103.18 Y131.82
G1 F2700 E1030.14711
G1 F3000 X102.778 Y132.222 E1030.16602
G0 F9000 X102.651 Y131.711
;MESH:NONMESH
G0 F300 X102.651 Y131.711 Z3.2
G0 F9000 X97.665 Y117.028
G0 X97.692 Y116.719
;TIME_ELAPSED:1623.918215
;LAYER:15
;TYPE:WALL-INNER
;MESH:FT05-Frame Part B.stl
G1 F1500 X97.03 Y116.657 E1030.18813
G1 X96.431 Y116.497 E1030.20876
G1 X95.862 Y116.235 E1030.22959
G1 X95.297 Y115.847 E1030.25239
G1 X94.848 Y115.395 E1030.27358
G1 X94.46 Y114.851 E1030.2958
G1 X94.187 Y114.253 E1030.31767
G1 X94.027 Y113.654 E1030.33829
G1 X93.965 Y112.992 E1030.3604
G1 X94.023 Y112.339 E1030.38221
G1 X94.187 Y111.727 E1030.40328
G1 X94.462 Y111.125 E1030.42529
G1 X94.841 Y110.589 E1030.44713
G1 X95.288 Y110.144 E1030.4681
G1 X95.828 Y109.763 E1030.49008
G1 X96.431 Y109.483 E1030.5122
G1 X97.03 Y109.327 E1030.53278
G1 X97.715 Y109.268 E1030.55565
G1 X98.338 Y109.322 E1030.57645
G1 X98.967 Y109.486 E1030.59807
G1 X99.558 Y109.762 E1030.61977
G1 X100.092 Y110.138 E1030.64149
G1 X100.544 Y110.59 E1030.66275
G1 X100.923 Y111.127 E1030.68461
G1 X101.193 Y111.711 E1030.70601
G1 X101.362 Y112.347 E1030.7279
G1 X101.416 Y112.995 E1030.74952
G1 X101.359 Y113.643 E1030.77116
G1 X101.193 Y114.263 E1030.79251
G1 X100.917 Y114.859 E1030.81435
G1 X100.544 Y115.386 E1030.83583
G1 X100.077 Y115.852 E1030.85777
G1 X99.561 Y116.213 E1030.87871
G1 X98.969 Y116.494 E1030.90051
G1 X98.342 Y116.659 E1030.92207
G1 X97.692 Y116.719 E1030.94379
G1 F2700 E1025.94379
G0 F9000 X97.665 Y117.028
G0 X100.179 Y131.875
G0 X100.179 Y138.76
G0 X117.5 Y138.331
G0 X117.5 Y138.02
G1 F2700 E1030.94379
G1 F1500 X104.075 Y138.02 E1031.3903
G1 X104.033 Y138.063 E1031.3923
G1 X100.72 Y138.944 E1031.50632
G1 X100.406 Y138.915 E1031.51681
G1 X100.14 Y138.719 E1031.5278
G1 X100.016 Y138.352 E1031.54068
G1 F1550.4 X100.029 Y136.94 E1031.58612
G1 X100.016 Y136.402 E1031.60344
G1 F1500 X100.016 Y132.28 E1031.74054
G1 X100.093 Y131.984 E1031.75071
G1 X100.276 Y131.785 E1031.7597
G1 X100.477 Y131.696 E1031.76701
G1 X100.685 Y131.677 E1031.77396
G1 X103.26 Y132.366 E1031.86262
G1 X103.262 Y128.853 E1031.97946
G1 X103.315 Y128.274 E1031.9988
G1 X103.473 Y127.672 E1032.0195
G1 X103.739 Y127.101 E1032.04045
G1 X104.104 Y126.582 E1032.06156
G1 X104.547 Y126.139 E1032.08239
G1 X105.054 Y125.787 E1032.10292
G1 X105.614 Y125.524 E1032.1235
G1 X106.241 Y125.356 E1032.14509
G1 X106.816 Y125.305 E1032.16429
G1 X128.187 Y125.306 E1032.87509
G1 X128.759 Y125.356 E1032.89419
G1 X129.382 Y125.524 E1032.91565
G1 X129.944 Y125.787 E1032.93629
G1 X130.45 Y126.136 E1032.95673
G1 X130.897 Y126.583 E1032.97776
G1 X131.258 Y127.103 E1032.99881
G1 X131.523 Y127.672 E1033.01969
G1 X131.687 Y128.277 E1033.04054
G1 X131.735 Y128.858 E1033.05993
G1 X131.736 Y132.367 E1033.17664
G1 X134.312 Y131.681 E1033.2653
G1 X134.52 Y131.7 E1033.27225
G1 X134.72 Y131.789 E1033.27953
G1 X134.903 Y131.988 E1033.28852
G1 X134.98 Y132.284 E1033.29869
G1 X134.98 Y136.397 E1033.43549
G1 F1550.4 X134.967 Y136.936 E1033.45284
G1 X134.98 Y138.352 E1033.49841
G1 F1500 X134.856 Y138.718 E1033.51126
G1 X134.59 Y138.915 E1033.52227
G1 X134.276 Y138.944 E1033.53276
G1 X130.968 Y138.061 E1033.64664
G1 X130.929 Y138.02 E1033.64852
G1 X117.5 Y138.02 E1034.09517
G0 F9000 X117.5 Y138.331
G0 X117.5 Y139.749
G0 X117.5 Y140.056
G1 F1500 X136.708 Y140.055 E1034.73403
G1 X136.71 Y139.716 E1034.74531
G1 F1515.2 X135.4 Y137.213 E1034.83833
G1 F1566.6 X135.341 Y136.936 E1034.84735
G1 F1550.4 X135.457 Y136.563 E1034.85992
G1 F1500 X135.892 Y136.337 E1034.87622
G1 X136.704 Y136.338 E1034.90323
G1 X136.706 Y121.01 E1035.41304
G1 X136.797 Y120.746 E1035.42233
G1 X136.93 Y120.597 E1035.42897
G1 X137.16 Y120.476 E1035.43762
G1 X138.285 Y120.403 E1035.47511
G1 X139.244 Y120.211 E1035.50764
G1 X140.162 Y119.9 E1035.53988
G1 X141.043 Y119.467 E1035.57253
G1 X141.853 Y118.923 E1035.60498
G1 X142.59 Y118.278 E1035.63756
G1 X143.234 Y117.542 E1035.67008
G1 X143.779 Y116.727 E1035.70269
G1 X144.212 Y115.848 E1035.73528
G1 X144.527 Y114.932 E1035.7675
G1 X144.715 Y113.97 E1035.8001
G1 X144.778 Y112.992 E1035.8327
G1 X144.715 Y112.014 E1035.86529
G1 X144.527 Y111.052 E1035.89789
G1 X144.212 Y110.135 E1035.93014
G1 X143.779 Y109.253 E1035.96282
G1 X143.235 Y108.443 E1035.99528
G1 X142.59 Y107.706 E1036.02785
G1 X141.853 Y107.062 E1036.0604
G1 X141.043 Y106.517 E1036.09287
G1 X140.162 Y106.084 E1036.12552
G1 X139.244 Y105.773 E1036.15776
G1 X138.284 Y105.581 E1036.19032
G1 X137.275 Y105.512 E1036.22396
G1 X124.046 Y105.51 E1036.66396
G1 X123.74 Y105.39 E1036.67489
G1 X123.539 Y105.115 E1036.68622
G1 X123.508 Y104.984 E1036.6907
G1 X123.504 Y94.94 E1037.02476
G1 X121.618 Y94.94 E1037.08749
G1 X122.568 Y97.98 E1037.19343
G1 X122.568 Y98.188 E1037.20034
G1 X122.516 Y98.348 E1037.20594
G1 X122.247 Y98.62 E1037.21866
G1 X121.976 Y98.684 E1037.22792
G1 X113.02 Y98.684 E1037.5258
G1 X112.749 Y98.62 E1037.53506
G1 X112.48 Y98.347 E1037.54781
G1 X112.428 Y98.188 E1037.55337
G1 X112.428 Y97.98 E1037.56029
G1 X113.381 Y94.941 E1037.66622
G1 X111.497 Y94.941 E1037.72889
G1 X111.492 Y104.984 E1038.06292
G1 X111.357 Y105.297 E1038.07425
G1 X111.086 Y105.482 E1038.08517
G1 X110.954 Y105.51 E1038.08966
G1 X97.725 Y105.512 E1038.52965
G1 X96.716 Y105.58 E1038.56329
G1 X95.752 Y105.773 E1038.59599
G1 X94.834 Y106.084 E1038.62823
G1 X93.957 Y106.517 E1038.66076
G1 X93.142 Y107.062 E1038.69337
G1 X92.406 Y107.706 E1038.72589
G1 X91.761 Y108.443 E1038.75847
G1 X91.217 Y109.253 E1038.79092
G1 X90.784 Y110.134 E1038.82357
G1 X90.473 Y111.052 E1038.85581
G1 X90.281 Y112.015 E1038.88847
G1 X90.218 Y112.992 E1038.92103
G1 X90.281 Y113.969 E1038.95359
G1 X90.473 Y114.932 E1038.98625
G1 X90.784 Y115.849 E1039.01846
G1 X91.217 Y116.727 E1039.05102
G1 X91.762 Y117.542 E1039.08363
G1 X92.406 Y118.278 E1039.11616
G1 X93.142 Y118.922 E1039.14868
G1 X93.957 Y119.467 E1039.18129
G1 X94.835 Y119.9 E1039.21385
G1 X95.752 Y120.211 E1039.24606
G1 X96.715 Y120.403 E1039.27872
G1 X97.836 Y120.476 E1039.31608
G1 X98.065 Y120.598 E1039.32471
G1 X98.199 Y120.745 E1039.33133
G1 X98.29 Y121.01 E1039.34065
G1 X98.292 Y136.34 E1039.85053
G1 X99.104 Y136.341 E1039.87753
G1 X99.54 Y136.567 E1039.89387
G1 F1550.4 X99.655 Y136.94 E1039.90643
G1 F1566.6 X99.595 Y137.218 E1039.91549
G1 F1515.2 X98.286 Y139.715 E1040.00832
G1 F1500 X98.289 Y140.056 E1040.01966
G1 X117.5 Y140.056 E1040.65862
G1 F2700 E1035.65862
G0 F9000 X117.5 Y139.749
G0 X134.821 Y138.765
G0 X137.276 Y117.028
G0 X137.303 Y116.719
G1 F2700 E1040.65862
G1 F1500 X136.654 Y116.659 E1040.6803
G1 X136.026 Y116.491 E1040.70192
G1 X135.439 Y116.214 E1040.72351
G1 X134.92 Y115.852 E1040.74456
G1 X134.452 Y115.386 E1040.76652
G1 X134.095 Y114.877 E1040.7872
G1 X133.803 Y114.265 E1040.80975
G1 X133.635 Y113.632 E1040.83154
G1 X133.58 Y112.995 E1040.8528
G1 X133.634 Y112.347 E1040.87443
G1 X133.802 Y111.712 E1040.89628
G1 X134.079 Y111.125 E1040.91786
G1 X134.451 Y110.591 E1040.93951
G1 X134.907 Y110.135 E1040.96096
G1 X135.441 Y109.763 E1040.9826
G1 X136.032 Y109.485 E1041.00433
G1 X136.656 Y109.325 E1041.02575
G1 X137.281 Y109.268 E1041.04663
G1 X137.966 Y109.327 E1041.06949
G1 X138.569 Y109.483 E1041.09021
G1 X139.133 Y109.744 E1041.11088
G1 X139.695 Y110.13 E1041.13356
G1 X140.163 Y110.593 E1041.15545
G1 X140.532 Y111.128 E1041.17707
G1 X140.812 Y111.725 E1041.199
G1 X140.969 Y112.332 E1041.21985
G1 X141.035 Y112.997 E1041.24208
G1 X140.97 Y113.652 E1041.26397
G1 X140.813 Y114.255 E1041.2847
G1 X140.512 Y114.886 E1041.30795
G1 X140.159 Y115.391 E1041.32844
G1 X139.708 Y115.836 E1041.34952
G1 X139.168 Y116.217 E1041.3715
G1 X138.569 Y116.497 E1041.39349
G1 X137.967 Y116.657 E1041.41421
G1 X137.303 Y116.719 E1041.43639
G0 F9000 X137.286 Y116.316
;TYPE:WALL-OUTER
G1 F1500 X136.708 Y116.262 E1041.4557
G1 X136.184 Y116.122 E1041.47374
G1 X135.642 Y115.869 E1041.49363
G1 X135.181 Y115.549 E1041.51229
G1 X134.758 Y115.129 E1041.53212
G1 X134.428 Y114.655 E1041.55133
G1 X134.179 Y114.129 E1041.57069
G1 X134.028 Y113.554 E1041.59046
G1 X133.98 Y112.974 E1041.60982
G1 X134.034 Y112.396 E1041.62912
G1 X134.174 Y111.868 E1041.64729
G1 X134.435 Y111.313 E1041.66769
G1 X134.747 Y110.865 E1041.68585
G1 X135.181 Y110.431 E1041.70626
G1 X135.629 Y110.119 E1041.72442
G1 X136.185 Y109.858 E1041.74485
G1 X136.742 Y109.716 E1041.76397
G1 X137.322 Y109.668 E1041.78333
G1 X137.888 Y109.719 E1041.80223
G1 X138.441 Y109.862 E1041.82122
G1 X138.968 Y110.11 E1041.8406
G1 X139.453 Y110.453 E1041.86035
G1 X139.851 Y110.848 E1041.879
G1 X140.186 Y111.328 E1041.89847
G1 X140.434 Y111.855 E1041.91784
G1 X140.577 Y112.409 E1041.93687
G1 X140.632 Y113.012 E1041.95701
G1 X140.58 Y113.556 E1041.97519
G1 X140.434 Y114.125 E1041.99473
G1 X140.177 Y114.667 E1042.01468
G1 X139.865 Y115.115 E1042.03284
G1 X139.444 Y115.535 E1042.05262
G1 X138.98 Y115.863 E1042.07152
G1 X138.441 Y116.118 E1042.09135
G1 X137.888 Y116.265 E1042.11038
G1 X137.286 Y116.316 E1042.13047
G1 F2700 E1037.13047
G0 F9000 X137.225 Y117.023
G0 X134.821 Y138.765
G0 X117.5 Y138.331
G0 X117.5 Y137.62
G1 F2700 E1042.13047
G1 F1500 X103.977 Y137.62 E1042.58025
G1 X103.918 Y137.68 E1042.58305
G1 X100.651 Y138.55 E1042.6955
G1 X100.546 Y138.54 E1042.699
G1 X100.457 Y138.475 E1042.70267
G1 X100.416 Y138.352 E1042.70698
G1 X100.416 Y132.28 E1042.90894
G1 X100.502 Y132.115 E1042.91513
G1 X100.627 Y132.08 E1042.91944
G1 X103.66 Y132.887 E1043.02383
G1 X103.66 Y128.889 E1043.15681
G1 X103.714 Y128.329 E1043.17552
G1 X103.858 Y127.791 E1043.19404
G1 X104.078 Y127.319 E1043.21136
G1 X104.4 Y126.856 E1043.23012
G1 X104.821 Y126.435 E1043.24992
G1 X105.241 Y126.143 E1043.26694
G1 X105.759 Y125.897 E1043.28601
G1 X106.307 Y125.75 E1043.30488
G1 X106.864 Y125.704 E1043.32347
G1 X128.153 Y125.704 E1044.03154
G1 X128.693 Y125.75 E1044.04957
G1 X129.237 Y125.897 E1044.06831
G1 X129.754 Y126.143 E1044.08735
G1 X130.206 Y126.458 E1044.10568
G1 X130.601 Y126.857 E1044.12435
G1 X130.918 Y127.319 E1044.14299
G1 X131.15 Y127.823 E1044.16144
G1 X131.286 Y128.327 E1044.1788
G1 X131.336 Y128.891 E1044.19764
G1 X131.336 Y132.887 E1044.33054
G1 X134.369 Y132.084 E1044.4349
G1 X134.494 Y132.119 E1044.43922
G1 X134.58 Y132.284 E1044.4454
G1 X134.58 Y138.352 E1044.64723
G1 X134.539 Y138.474 E1044.65151
G1 X134.45 Y138.54 E1044.65519
G1 X134.345 Y138.55 E1044.6587
G1 X131.08 Y137.677 E1044.77111
G1 X131.026 Y137.62 E1044.77372
G1 X117.5 Y137.62 E1045.2236
G1 F2700 E1040.2236
G0 F9000 X117.5 Y138.331
G0 X117.5 Y139.749
G0 X117.5 Y140.455
G1 F2700 E1045.2236
G1 F1500 X136.996 Y140.455 E1045.87204
G1 X137.108 Y140.344 E1045.87728
G1 X137.111 Y139.618 E1045.90143
G1 X135.718 Y136.966 E1046.00106
G1 X135.771 Y136.811 E1046.00651
G1 X135.916 Y136.736 E1046.01194
G1 X137.104 Y136.739 E1046.05145
G1 X137.104 Y121.048 E1046.57334
G1 X137.135 Y120.96 E1046.57644
G1 X137.232 Y120.872 E1046.5808
G1 X138.337 Y120.801 E1046.61763
G1 X139.348 Y120.598 E1046.65192
G1 X140.315 Y120.27 E1046.68589
G1 X141.243 Y119.814 E1046.72028
G1 X142.097 Y119.241 E1046.75448
G1 X142.874 Y118.562 E1046.7888
G1 X143.552 Y117.786 E1046.82308
G1 X144.126 Y116.927 E1046.85744
G1 X144.582 Y116.002 E1046.89174
G1 X144.914 Y115.036 E1046.92571
G1 X145.113 Y114.022 E1046.96008
G1 X145.179 Y112.992 E1046.99441
G1 X145.113 Y111.962 E1047.02874
G1 X144.914 Y110.948 E1047.06311
G1 X144.582 Y109.981 E1047.09711
G1 X144.126 Y109.053 E1047.1315
G1 X143.553 Y108.199 E1047.16571
G1 X142.874 Y107.422 E1047.20003
G1 X142.097 Y106.744 E1047.23433
G1 X141.243 Y106.17 E1047.26855
G1 X140.315 Y105.714 E1047.30294
G1 X139.348 Y105.386 E1047.3369
G1 X138.337 Y105.183 E1047.3712
G1 X137.289 Y105.112 E1047.40614
G1 X124.069 Y105.11 E1047.84584
G1 X123.967 Y105.059 E1047.84963
G1 X123.904 Y104.93 E1047.8544
G1 X123.904 Y94.54 E1048.19998
G1 X121.073 Y94.54 E1048.29414
G1 X122.174 Y98.049 E1048.41646
G1 X122.156 Y98.172 E1048.42059
G1 X122.046 Y98.284 E1048.42581
G1 X112.95 Y98.284 E1048.72835
G1 X112.84 Y98.172 E1048.73357
G1 X112.822 Y98.049 E1048.7377
G1 X113.927 Y94.541 E1048.86003
G1 X111.097 Y94.541 E1048.95416
G1 X111.095 Y104.936 E1049.2999
G1 X111.059 Y105.029 E1049.30321
G1 X110.931 Y105.11 E1049.30825
G1 X97.711 Y105.112 E1049.74795
G1 X96.663 Y105.183 E1049.78289
G1 X95.648 Y105.386 E1049.81731
G1 X94.681 Y105.714 E1049.85128
G1 X93.757 Y106.17 E1049.88555
G1 X92.898 Y106.744 E1049.91991
G1 X92.122 Y107.422 E1049.95418
G1 X91.443 Y108.199 E1049.9885
G1 X90.87 Y109.053 E1050.02271
G1 X90.414 Y109.981 E1050.0571
G1 X90.086 Y110.948 E1050.09106
G1 X89.883 Y111.963 E1050.12549
G1 X89.817 Y112.992 E1050.15978
G1 X89.883 Y114.021 E1050.19408
G1 X90.086 Y115.036 E1050.22851
G1 X90.414 Y116.003 E1050.26247
G1 X90.87 Y116.927 E1050.29674
G1 X91.444 Y117.786 E1050.3311
G1 X92.122 Y118.562 E1050.36538
G1 X92.898 Y119.24 E1050.39965
G1 X93.757 Y119.814 E1050.43401
G1 X94.681 Y120.27 E1050.46828
G1 X95.648 Y120.598 E1050.50224
G1 X96.663 Y120.801 E1050.53667
G1 X97.764 Y120.871 E1050.57336
G1 X97.861 Y120.96 E1050.57774
G1 X97.892 Y121.048 E1050.58085
G1 X97.892 Y136.74 E1051.10276
G1 X99.08 Y136.74 E1051.14228
G1 X99.226 Y136.815 E1051.14774
G1 X99.279 Y136.972 E1051.15325
G1 X97.885 Y139.617 E1051.25269
G1 X97.892 Y140.347 E1051.27697
G1 X98.002 Y140.456 E1051.28212
G1 X117.5 Y140.455 E1051.93063
G1 F2700 E1046.93063
G0 F9000 X117.5 Y139.749
G0 X100.179 Y138.76
G0 X100.179 Y134.857
G0 X97.618 Y117.024
G0 X97.679 Y116.316
G1 F2700 E1051.93063
G1 F1500 X97.096 Y116.262 E1051.9501
G1 X96.559 Y116.118 E1051.96859
G1 X96.028 Y115.87 E1051.98809
G1 X95.552 Y115.535 E1052.00745
G1 X95.149 Y115.132 E1052.0264
G1 X94.817 Y114.664 E1052.04549
G1 X94.562 Y114.112 E1052.06571
G1 X94.419 Y113.576 E1052.08416
G1 X94.368 Y112.974 E1052.10426
G1 X94.422 Y112.396 E1052.12356
G1 X94.566 Y111.855 E1052.14218
G1 X94.81 Y111.328 E1052.1615
G1 X95.158 Y110.838 E1052.18149
G1 X95.552 Y110.445 E1052.2
G1 X96.016 Y110.117 E1052.2189
G1 X96.539 Y109.87 E1052.23814
G1 X97.108 Y109.719 E1052.25772
G1 X97.71 Y109.668 E1052.27781
G1 X98.287 Y109.722 E1052.29708
G1 X98.845 Y109.87 E1052.31629
G1 X99.372 Y110.12 E1052.33569
G1 X99.842 Y110.454 E1052.35486
G1 X100.248 Y110.864 E1052.37405
G1 X100.582 Y111.343 E1052.39348
G1 X100.822 Y111.868 E1052.41268
G1 X100.968 Y112.43 E1052.43199
G1 X101.016 Y113.01 E1052.45135
G1 X100.962 Y113.588 E1052.47065
G1 X100.817 Y114.128 E1052.48925
G1 X100.573 Y114.655 E1052.50857
G1 X100.238 Y115.129 E1052.52787
G1 X99.826 Y115.54 E1052.54723
G1 X99.358 Y115.869 E1052.56625
G1 X98.83 Y116.116 E1052.58564
G1 X98.254 Y116.268 E1052.60546
G1 X97.679 Y116.316 E1052.62465
G0 F9000 X97.618 Y117.024
G0 X95.892 Y116.592
G0 X95.991 Y116.381
;TYPE:FILL
G1 F3000 X93.385 Y118.988 E1052.74725
G0 F9000 X93.511 Y118.799
G0 X91.078 Y115.744
G0 X90.871 Y115.845
G1 F3000 X93.901 Y112.815 E1052.88977
G0 F9000 X93.673 Y112.795
G0 X94.101 Y111.181
G0 X94.306 Y111.277
G1 F3000 X91.703 Y108.674 E1053.01221
G0 F9000 X91.893 Y108.801
G0 X91.059 Y110.292
G0 X90.841 Y110.217
G1 F3000 X94.919 Y106.14 E1053.204
G1 X94.851 Y106.165
G1 X97.889 Y109.203 E1053.3469
G0 F9000 X97.514 Y109.201
G1 F3000 X101.125 Y105.59 E1053.51675
G0 F9000 X101.125 Y105.825
G0 X99.935 Y105.825
G0 X99.935 Y105.592
G1 F3000 X103.407 Y109.064 E1053.68006
G0 F9000 X103.007 Y109.366
G1 F3000 X101.085 Y111.287 E1053.77044
G0 F9000 X101.292 Y111.191
G0 X101.713 Y112.773
G0 X101.478 Y112.792
G1 F3000 X102.998 Y114.31 E1053.84189
G1 X103.007 Y109.366 E1054.00633
G1 X106.783 Y105.589 E1054.18397
G0 F9000 X106.783 Y105.825
G0 X105.59 Y105.825
G0 X105.59 Y105.59
G1 F3000 X125.225 Y125.225 E1055.10754
G0 F9000 X125.225 Y124.994
G0 X126.745 Y124.994
G0 X126.745 Y125.226
G1 F3000 X135.593 Y116.377 E1055.52374
G0 F9000 X135.495 Y116.587
G0 X136.617 Y116.911
G0 X137.307 Y116.971
G0 X137.865 Y116.922
G0 X139.106 Y116.593
G0 X139.007 Y116.38
G1 F3000 X141.614 Y118.986 E1055.64634
G0 F9000 X141.49 Y118.798
G0 X143.924 Y115.741
G0 X144.126 Y115.842
G1 F3000 X141.098 Y112.813 E1055.7888
G0 F9000 X141.328 Y112.794
G0 X140.9 Y111.181
G0 X140.693 Y111.277
G1 F3000 X143.294 Y108.676 E1055.91114
G0 F9000 X143.106 Y108.8
G0 X143.938 Y110.286
G0 X144.154 Y110.213
G1 F3000 X140.084 Y106.143 E1056.10258
G1 X140.147 Y106.166
G1 X137.11 Y109.203 E1056.24543
G0 F9000 X137.485 Y109.201
G1 F3000 X133.875 Y105.591 E1056.41523
G0 F9000 X133.875 Y105.825
G0 X135.066 Y105.825
G0 X135.066 Y105.591
G1 F3000 X131.558 Y109.1 E1056.58026
G1 X129.931 Y112.959 E1056.71955
G1 X129.626 Y112.653 E1056.73392
G0 F9000 X129.931 Y112.959
G1 F3000 X130.542 Y113.57 E1056.76266
G1 X132.218 Y109.593 E1056.90621
G1 X132.523 Y109.898 E1056.92055
G0 F9000 X132.218 Y109.593
G1 F3000 X128.218 Y105.59 E1057.10877
G0 F9000 X128.218 Y105.825
G0 X129.41 Y105.825
G0 X129.41 Y105.589
G1 F3000 X109.775 Y125.224 E1058.03234
G0 F9000 X109.775 Y124.994
G0 X108.253 Y124.994
G0 X108.253 Y125.224
G1 F3000 X99.404 Y116.374 E1058.44859
G0 F9000 X99.503 Y116.588
G0 X102.51 Y115.522
G1 F3000 X97.646 Y120.384 E1058.67733
G1 X97.763 Y120.391
G1 X90.302 Y112.929 E1059.0283
G0 F9000 X90.529 Y112.944
G0 X98.532 Y120.285
G0 X98.604 Y120.988
G0 X98.361 Y120.988
G1 F3000 X103.985 Y126.612 E1059.29284
G0 F9000 X103.799 Y126.481
G0 X103.241 Y127.587
G0 X103.067 Y128.236
G0 X102.951 Y131.465
G0 X103.181 Y131.465
G1 F3000 X98.369 Y126.653 E1059.51918
G0 F9000 X98.604 Y126.653
G0 X98.604 Y125.316
G0 X98.37 Y125.316
G1 F3000 X123.426 Y100.26 E1060.69774
G0 F9000 X123.428 Y100.8
G1 F3000 X121.392 Y98.764 E1060.7935
G0 F9000 X121.392 Y98.995
G0 X119.266 Y98.995
G0 X119.266 Y98.764
G1 F3000 X107.229 Y110.8 E1061.35966
G0 F9000 X106 Y112.031
G1 F3000 X105.2 Y112.831 E1061.39729
G1 X105.2 Y116.513 E1061.51976
G1 X104.8 Y116.113 E1061.53857
G0 F9000 X105.2 Y116.513
G1 F3000 X106 Y117.313 E1061.5762
G1 X106 Y112.031 E1061.75188
G1 X107.229 Y110.8 E1061.80974
G1 X105.145 Y110.8 E1061.87905
G1 X119.568 Y125.224 E1062.55749
G0 F9000 X119.568 Y124.994
G0 X121.088 Y124.994
G0 X121.088 Y125.226
G1 F3000 X131.115 Y115.2 E1063.0291
G1 X132.169 Y115.2 E1063.06416
G1 X137.353 Y120.383 E1063.30798
G1 X137.236 Y120.391
G1 X144.694 Y112.933 E1063.65878
G0 F9000 X144.47 Y112.947
G0 X139.295 Y109.548
G0 X138.666 Y109.255
G0 X137.996 Y109.075
G0 X137.307 Y109.015
G0 X136.617 Y109.075
G0 X135.947 Y109.255
G0 X135.318 Y109.548
G0 X134.75 Y109.946
G0 X134.471 Y110.224
G0 X133.709 Y111.191
G0 X133.915 Y111.288
G1 F3000 X132.829 Y110.203 E1063.70984
G1 X131.153 Y114.18 E1063.85338
G1 X130.97 Y114 E1063.86191
G1 X126.658 Y114 E1064.00533
G1 X126.258 Y114.4 E1064.02415
G0 F9000 X126.114 Y114.8
G1 F3000 X126.514 Y115.2 E1064.04296
G1 X131.113 Y115.2 E1064.19593
G1 X131.513 Y114.8 E1064.21474
G1 X126.114 Y114.8 E1064.39431
G1 X111.574 Y100.26 E1065.07823
G0 F9000 X111.574 Y100.799
G1 F3000 X113.609 Y98.764 E1065.17395
G0 F9000 X113.609 Y98.995
G0 X115.735 Y98.995
G0 X115.735 Y98.764
G1 F3000 X126.591 Y109.621 E1065.6846
G0 F9000 X127.509 Y110.539
G1 F3000 X126.591 Y109.621 E1065.72778
G1 X127.074 Y113.583 E1065.86054
G1 X126.658 Y114 E1065.88013
G0 F9000 X127.074 Y113.583
G1 F3000 X127.792 Y112.865 E1065.9139
G1 X127.509 Y110.539 E1065.99183
G1 X128.172 Y111.2 E1066.02297
G1 X129.456 Y111.2 E1066.06568
G1 X130.807 Y109.85 E1066.1292
G0 F9000 X131.558 Y109.1
G1 F3000 X130.807 Y109.85 E1066.1645
G1 X129.626 Y112.653 E1066.26567
G1 X128.172 Y111.2 E1066.33404
G0 F9000 X129.456 Y111.2
G1 F3000 X127.792 Y112.865 E1066.41233
G0 F9000 X126.514 Y115.2
G1 F3000 X136.626 Y125.313 E1066.88799
G0 F9000 X136.397 Y125.312
G0 X136.397 Y126.657
G0 X136.626 Y126.658
G1 F3000 X131.816 Y131.468 E1067.11424
G0 F9000 X131.815 Y131.815
G1 F3000 X132.168 Y132.168 E1067.13084
G0 F9000 X132.11 Y131.947
G0 X134.159 Y131.465
G0 X135.221 Y131.476
G0 X135.293 Y133.881
G0 X135.06 Y133.881
G1 F3000 X136.625 Y132.316 E1067.20446
G0 F9000 X136.397 Y132.315
G0 X136.397 Y130.968
G0 X136.626 Y130.969
G1 F3000 X111.182 Y105.525 E1068.40126
G0 F9000 X111.182 Y105.825
G0 X105.145 Y110.8
G1 F3000 X105.004 Y110.662 E1068.40782
G1 X105 Y113.03 E1068.48659
G1 X104.8 Y113.231 E1068.49602
G1 X104.8 Y116.113 E1068.59187
G1 X104.22 Y115.534 E1068.61913
G0 F9000 X103.397 Y114.632
G1 F3000 X103.798 Y114.232 E1068.63797
G1 X103.806 Y109.464 E1068.79655
G1 X104.605 Y110.262 E1068.83411
G0 F9000 X105.004 Y110.662
G1 F3000 X104.605 Y110.262 E1068.8529
G1 X104.599 Y113.43 E1068.95827
G1 X103.798 Y114.232 E1068.99597
G0 F9000 X102.998 Y114.31
G1 F3000 X104.22 Y115.534 E1069.0535
G1 X102.51 Y115.522 E1069.11037
G1 X103.397 Y114.632 E1069.15217
G1 X103.407 Y109.064 E1069.33736
G1 X103.806 Y109.464 E1069.35615
G0 F9000 X105.2 Y112.831
G1 F3000 X105 Y113.03 E1069.36553
G0 F9000 X104.8 Y113.231
G1 F3000 X104.599 Y113.43 E1069.37494
G0 F9000 X106 Y117.313
G1 F3000 X113.91 Y125.224 E1069.74703
G0 F9000 X113.91 Y124.994
G0 X115.432 Y124.994
G0 X115.432 Y125.225
G1 F3000 X126.258 Y114.4 E1070.25623
G1 X131.37 Y114.4 E1070.42625
G1 X132 Y115.029 E1070.45586
G1 X132 Y114.315 E1070.47961
G1 X133.517 Y112.797 E1070.55099
G0 F9000 X133.288 Y112.777
G0 X132 Y114.315
G1 F3000 X131.513 Y114.8 E1070.57385
G0 F9000 X131.37 Y114.4
G1 F3000 X131.153 Y114.18 E1070.58413
G0 F9000 X130.97 Y114
G1 F3000 X130.847 Y113.876 E1070.58993
G0 F9000 X130.542 Y113.57
G1 F3000 X130.847 Y113.876 E1070.6043
G1 X132.523 Y109.898 E1070.74788
G1 X132.829 Y110.203 E1070.76225
G0 F9000 X132 Y115.029
G1 F3000 X132.169 Y115.2 E1070.77024
G0 F9000 X131.115 Y115.2
G0 X136.397 Y120.994
G0 X136.632 Y120.995
G1 F3000 X131.016 Y126.612 E1071.03443
G0 F9000 X131.202 Y126.482
G0 X135.221 Y131.476
G0 X135.293 Y135.06
G0 X135.06 Y135.06
G1 F3000 X136.257 Y136.257 E1071.09073
G0 F9000 X136.258 Y136.029
G0 X135.553 Y136.501
G0 X135.545 Y137.037
G0 X135.819 Y138.68
G0 X136.023 Y138.575
G1 F3000 X134.622 Y139.976 E1071.15663
G0 F9000 X134.318 Y139.975
G1 F3000 X133.039 Y138.696 E1071.21679
G0 F9000 X132.98 Y138.918
G0 X130.779 Y138.331
G0 X130.841 Y138.1
G1 F3000 X128.965 Y139.976 E1071.30503
G0 F9000 X128.662 Y139.975
G1 F3000 X126.786 Y138.1 E1071.39325
G0 F9000 X126.786 Y138.331
G0 X125.184 Y138.331
G0 X125.184 Y138.1
G1 F3000 X123.308 Y139.976 E1071.48149
G0 F9000 X123.005 Y139.975
G1 F3000 X121.13 Y138.1 E1071.56968
G0 F9000 X121.13 Y138.331
G0 X119.527 Y138.331
G0 X119.527 Y138.1
G1 F3000 X117.651 Y139.976 E1071.65792
G0 F9000 X117.348 Y139.975
G1 F3000 X115.473 Y138.1 E1071.74612
G0 F9000 X115.473 Y138.331
G0 X113.87 Y138.331
G0 X113.87 Y138.1
G1 F3000 X111.994 Y139.976 E1071.83436
G0 F9000 X111.691 Y139.975
G1 F3000 X109.816 Y138.1 E1071.92255
G0 F9000 X109.816 Y138.331
G0 X108.214 Y138.331
G0 X108.214 Y138.1
G1 F3000 X106.338 Y139.976 E1072.01079
G0 F9000 X106.034 Y139.975
G1 F3000 X104.159 Y138.1 E1072.09899
G0 F9000 X104.22 Y138.333
G0 X102.02 Y138.92
G0 X101.961 Y138.695
G1 F3000 X100.681 Y139.976 E1072.15922
G0 F9000 X100.377 Y139.975
G1 F3000 X98.973 Y138.571 E1072.22526
G0 F9000 X99.181 Y138.682
G0 X99.457 Y137.164
G0 X99.447 Y136.502
G0 X98.739 Y136.03
G0 X98.739 Y136.261
G1 F3000 X99.936 Y135.064 E1072.28156
G0 F9000 X99.707 Y135.064
G0 X99.707 Y133.877
G0 X99.936 Y133.877
G1 F3000 X98.371 Y132.312 E1072.35518
G0 F9000 X98.604 Y132.312
G0 X98.604 Y130.972
G0 X98.371 Y130.972
G1 F3000 X123.82 Y105.523 E1073.55222
G0 F9000 X123.82 Y105.825
G0 X123.266 Y105.753
G0 X122.784 Y97.818
G0 X122.253 Y95.927
G0 X122.034 Y95.995
G1 F3000 X123.01 Y95.02 E1073.5981
G0 F9000 X123.305 Y95.02
G1 F3000 X123.425 Y95.141 E1073.60377
G0 F9000 X123.224 Y95.222
G0 X122.773 Y98.923
G0 X112.227 Y98.923
G0 X112.217 Y97.929
G0 X112.748 Y95.926
G0 X112.965 Y95.995
G1 F3000 X111.992 Y95.021 E1073.64956
G0 F9000 X111.695 Y95.021
G1 F3000 X111.577 Y95.138 E1073.65509
G1 F2700 E1068.65509
G0 F9000 X111.776 Y95.222
G0 X111.734 Y105.753
G0 X103.241 Y127.587
G0 X103.067 Y128.236
G0 X102.951 Y131.82
G0 X103.18 Y131.82
G1 F2700 E1073.65509
G1 F3000 X102.832 Y132.168 E1073.67146
G0 F9000 X102.651 Y131.658
;MESH:NONMESH
G0 F300 X102.651 Y131.658 Z3.4
G0 F9000 X97.663 Y117.028
G0 X97.69 Y116.719
;TIME_ELAPSED:1689.082224
;LAYER:16
;TYPE:WALL-INNER
;MESH:FT05-Frame Part B.stl
G1 F1500 X97.03 Y116.657 E1073.69351
G1 X96.431 Y116.497 E1073.71413
G1 X95.862 Y116.235 E1073.73496
G1 X95.297 Y115.847 E1073.75776
G1 X94.848 Y115.395 E1073.77895
G1 X94.46 Y114.851 E1073.80117
G1 X94.187 Y114.253 E1073.82304
G1 X94.027 Y113.654 E1073.84366
G1 X93.965 Y112.992 E1073.86577
G1 X94.023 Y112.339 E1073.88758
G1 X94.187 Y111.727 E1073.90865
G1 X94.462 Y111.125 E1073.93066
G1 X94.841 Y110.589 E1073.9525
G1 X95.288 Y110.144 E1073.97348
G1 X95.828 Y109.763 E1073.99546
G1 X96.431 Y109.483 E1074.01757
G1 X97.03 Y109.327 E1074.03816
G1 X97.715 Y109.268 E1074.06102
G1 X98.338 Y109.322 E1074.08182
G1 X98.967 Y109.486 E1074.10344
G1 X99.558 Y109.762 E1074.12514
G1 X100.092 Y110.138 E1074.14686
G1 X100.544 Y110.59 E1074.16812
G1 X100.923 Y111.127 E1074.18998
G1 X101.193 Y111.711 E1074.21138
G1 X101.362 Y112.347 E1074.23327
G1 X101.416 Y112.995 E1074.2549
G1 X101.359 Y113.643 E1074.27653
G1 X101.193 Y114.263 E1074.29788
G1 X100.917 Y114.859 E1074.31972
G1 X100.544 Y115.386 E1074.3412
G1 X100.077 Y115.852 E1074.36314
G1 X99.561 Y116.213 E1074.38409
G1 X98.969 Y116.494 E1074.40588
G1 X98.342 Y116.659 E1074.42745
G1 X97.69 Y116.719 E1074.44922
G1 F2700 E1069.44922
G0 F9000 X97.663 Y117.028
G0 X100.179 Y131.774
G0 X100.179 Y138.86
G0 X117.5 Y138.331
G0 X117.5 Y138.02
G1 F2700 E1074.44922
G1 F1500 X104.215 Y138.02 E1074.89108
G1 X104.114 Y138.142 E1074.89635
G1 X100.656 Y139.06 E1075.01535
G1 X100.385 Y139.006 E1075.02454
G1 X100.119 Y138.79 E1075.03594
G1 X100.016 Y138.452 E1075.04769
G1 F1550.4 X100.029 Y136.94 E1075.09635
G1 X100.016 Y136.402 E1075.11366
G1 F1500 X100.016 Y132.18 E1075.25409
G1 X100.093 Y131.884 E1075.26426
G1 X100.276 Y131.685 E1075.27325
G1 X100.477 Y131.596 E1075.28056
G1 X100.685 Y131.577 E1075.28751
G1 X103.26 Y132.266 E1075.37617
G1 X103.262 Y128.853 E1075.48968
G1 X103.315 Y128.274 E1075.50902
G1 X103.473 Y127.672 E1075.52972
G1 X103.739 Y127.101 E1075.55068
G1 X104.104 Y126.582 E1075.57178
G1 X104.547 Y126.139 E1075.59262
G1 X105.054 Y125.787 E1075.61314
G1 X105.614 Y125.524 E1075.63372
G1 X106.241 Y125.356 E1075.65531
G1 X106.816 Y125.305 E1075.67451
G1 X128.187 Y125.306 E1076.38531
G1 X128.759 Y125.356 E1076.40441
G1 X129.382 Y125.524 E1076.42587
G1 X129.944 Y125.787 E1076.44651
G1 X130.45 Y126.136 E1076.46695
G1 X130.897 Y126.583 E1076.48798
G1 X131.258 Y127.103 E1076.50903
G1 X131.523 Y127.672 E1076.52991
G1 X131.687 Y128.277 E1076.55076
G1 X131.735 Y128.858 E1076.57015
G1 X131.736 Y132.266 E1076.6835
G1 X134.311 Y131.577 E1076.77216
G1 X134.52 Y131.596 E1076.77914
G1 X134.72 Y131.685 E1076.78642
G1 X134.903 Y131.884 E1076.79541
G1 X134.98 Y132.18 E1076.80558
G1 X134.98 Y136.397 E1076.94584
G1 F1550.4 X134.967 Y136.936 E1076.96319
G1 X134.98 Y138.452 E1077.01198
G1 F1500 X134.877 Y138.79 E1077.02373
G1 X134.611 Y139.006 E1077.03513
G1 X134.276 Y139.043 E1077.04634
G1 X130.882 Y138.142 E1077.16313
G1 X130.781 Y138.02 E1077.1684
G1 X117.5 Y138.02 E1077.61013
G0 F9000 X117.5 Y138.331
G0 X117.5 Y139.749
G0 X117.5 Y140.056
G1 F1500 X136.708 Y140.055 E1078.24899
G1 X136.71 Y139.716 E1078.26026
G1 F1515.2 X135.4 Y137.213 E1078.35329
G1 F1566.6 X135.341 Y136.936 E1078.3623
G1 F1550.4 X135.457 Y136.563 E1078.37487
G1 F1500 X135.892 Y136.337 E1078.39118
G1 X136.704 Y136.338 E1078.41819
G1 X136.706 Y121.01 E1078.928
G1 X136.797 Y120.746 E1078.93729
G1 X136.93 Y120.597 E1078.94393
G1 X137.16 Y120.476 E1078.95257
G1 X138.285 Y120.403 E1078.99007
G1 X139.244 Y120.211 E1079.0226
G1 X140.162 Y119.9 E1079.05484
G1 X141.043 Y119.467 E1079.08749
G1 X141.853 Y118.923 E1079.11994
G1 X142.59 Y118.278 E1079.15251
G1 X143.234 Y117.542 E1079.18504
G1 X143.779 Y116.727 E1079.21765
G1 X144.212 Y115.848 E1079.25024
G1 X144.527 Y114.932 E1079.28246
G1 X144.715 Y113.97 E1079.31506
G1 X144.778 Y112.992 E1079.34765
G1 X144.715 Y112.014 E1079.38025
G1 X144.527 Y111.052 E1079.41285
G1 X144.212 Y110.135 E1079.4451
G1 X143.779 Y109.253 E1079.47778
G1 X143.235 Y108.443 E1079.51023
G1 X142.59 Y107.706 E1079.54281
G1 X141.853 Y107.062 E1079.57536
G1 X141.043 Y106.517 E1079.60783
G1 X140.162 Y106.084 E1079.64048
G1 X139.244 Y105.773 E1079.67272
G1 X138.284 Y105.581 E1079.70528
G1 X137.275 Y105.512 E1079.73892
G1 X124.046 Y105.51 E1080.17892
G1 X123.74 Y105.39 E1080.18985
G1 X123.539 Y105.115 E1080.20118
G1 X123.508 Y104.984 E1080.20566
G1 X123.504 Y94.94 E1080.53972
G1 X121.679 Y94.94 E1080.60042
G1 X122.632 Y97.98 E1080.70638
G1 X122.632 Y98.188 E1080.7133
G1 X122.581 Y98.347 E1080.71886
G1 X122.311 Y98.62 E1080.73163
G1 X122.04 Y98.684 E1080.74089
G1 X112.956 Y98.684 E1081.04302
G1 X112.685 Y98.62 E1081.05228
G1 X112.416 Y98.347 E1081.06503
G1 X112.365 Y98.188 E1081.07058
G1 X112.365 Y97.98 E1081.0775
G1 X113.317 Y94.941 E1081.18342
G1 X111.497 Y94.941 E1081.24396
G1 X111.492 Y104.984 E1081.57799
G1 X111.357 Y105.297 E1081.58933
G1 X111.086 Y105.482 E1081.60024
G1 X110.954 Y105.51 E1081.60473
G1 X97.725 Y105.512 E1082.04473
G1 X96.716 Y105.58 E1082.07836
G1 X95.752 Y105.773 E1082.11106
G1 X94.834 Y106.084 E1082.1433
G1 X93.957 Y106.517 E1082.17583
G1 X93.142 Y107.062 E1082.20844
G1 X92.406 Y107.706 E1082.24097
G1 X91.761 Y108.443 E1082.27354
G1 X91.217 Y109.253 E1082.30599
G1 X90.784 Y110.134 E1082.33864
G1 X90.473 Y111.052 E1082.37088
G1 X90.281 Y112.015 E1082.40354
G1 X90.218 Y112.992 E1082.4361
G1 X90.281 Y113.969 E1082.46867
G1 X90.473 Y114.932 E1082.50133
G1 X90.784 Y115.849 E1082.53353
G1 X91.217 Y116.727 E1082.56609
G1 X91.762 Y117.542 E1082.5987
G1 X92.406 Y118.278 E1082.63123
G1 X93.142 Y118.922 E1082.66376
G1 X93.957 Y119.467 E1082.69637
G1 X94.835 Y119.9 E1082.72893
G1 X95.752 Y120.211 E1082.76113
G1 X96.715 Y120.403 E1082.79379
G1 X97.836 Y120.476 E1082.83116
G1 X98.065 Y120.598 E1082.83979
G1 X98.199 Y120.745 E1082.8464
G1 X98.29 Y121.01 E1082.85572
G1 X98.292 Y136.34 E1083.3656
G1 X99.104 Y136.341 E1083.39261
G1 X99.54 Y136.567 E1083.40894
G1 F1550.4 X99.655 Y136.94 E1083.4215
G1 F1566.6 X99.595 Y137.218 E1083.43056
G1 F1515.2 X98.286 Y139.715 E1083.52339
G1 F1500 X98.289 Y140.056 E1083.53473
G1 X117.5 Y140.056 E1084.17369
G1 F2700 E1079.17369
G0 F9000 X117.5 Y139.749
G0 X134.821 Y138.865
G0 X137.276 Y117.028
G0 X137.303 Y116.719
G1 F2700 E1084.17369
G1 F1500 X136.654 Y116.659 E1084.19537
G1 X136.026 Y116.491 E1084.21699
G1 X135.439 Y116.214 E1084.23858
G1 X134.92 Y115.852 E1084.25963
G1 X134.452 Y115.386 E1084.28159
G1 X134.095 Y114.877 E1084.30227
G1 X133.803 Y114.265 E1084.32482
G1 X133.635 Y113.632 E1084.34661
G1 X133.58 Y112.995 E1084.36787
G1 X133.634 Y112.347 E1084.3895
G1 X133.802 Y111.712 E1084.41135
G1 X134.079 Y111.125 E1084.43294
G1 X134.451 Y110.591 E1084.45458
G1 X134.907 Y110.135 E1084.47603
G1 X135.441 Y109.763 E1084.49768
G1 X136.032 Y109.485 E1084.5194
G1 X136.656 Y109.325 E1084.54082
G1 X137.281 Y109.268 E1084.5617
G1 X137.966 Y109.327 E1084.58457
G1 X138.569 Y109.483 E1084.60528
G1 X139.133 Y109.744 E1084.62595
G1 X139.695 Y110.13 E1084.64863
G1 X140.163 Y110.593 E1084.67052
G1 X140.532 Y111.128 E1084.69214
G1 X140.812 Y111.725 E1084.71407
G1 X140.969 Y112.332 E1084.73493
G1 X141.035 Y112.997 E1084.75715
G1 X140.97 Y113.652 E1084.77904
G1 X140.813 Y114.255 E1084.79977
G1 X140.512 Y114.886 E1084.82302
G1 X140.159 Y115.391 E1084.84351
G1 X139.708 Y115.836 E1084.86459
G1 X139.168 Y116.217 E1084.88657
G1 X138.569 Y116.497 E1084.90856
G1 X137.967 Y116.657 E1084.92928
G1 X137.303 Y116.719 E1084.95146
G0 F9000 X137.286 Y116.316
;TYPE:WALL-OUTER
G1 F1500 X136.708 Y116.262 E1084.97077
G1 X136.184 Y116.122 E1084.98881
G1 X135.642 Y115.869 E1085.0087
G1 X135.181 Y115.549 E1085.02737
G1 X134.758 Y115.129 E1085.04719
G1 X134.428 Y114.655 E1085.0664
G1 X134.179 Y114.129 E1085.08576
G1 X134.028 Y113.554 E1085.10553
G1 X133.98 Y112.974 E1085.12489
G1 X134.034 Y112.396 E1085.1442
G1 X134.174 Y111.868 E1085.16236
G1 X134.435 Y111.313 E1085.18276
G1 X134.747 Y110.865 E1085.20092
G1 X135.181 Y110.431 E1085.22133
G1 X135.629 Y110.119 E1085.23949
G1 X136.185 Y109.858 E1085.25992
G1 X136.742 Y109.716 E1085.27904
G1 X137.322 Y109.668 E1085.2984
G1 X137.888 Y109.719 E1085.3173
G1 X138.441 Y109.862 E1085.3363
G1 X138.968 Y110.11 E1085.35567
G1 X139.453 Y110.453 E1085.37543
G1 X139.851 Y110.848 E1085.39408
G1 X140.186 Y111.328 E1085.41354
G1 X140.434 Y111.855 E1085.43292
G1 X140.577 Y112.409 E1085.45195
G1 X140.632 Y113.012 E1085.47209
G1 X140.58 Y113.556 E1085.49026
G1 X140.434 Y114.125 E1085.5098
G1 X140.177 Y114.667 E1085.52975
G1 X139.865 Y115.115 E1085.54791
G1 X139.444 Y115.535 E1085.56769
G1 X138.98 Y115.863 E1085.58659
G1 X138.441 Y116.118 E1085.60642
G1 X137.888 Y116.265 E1085.62545
G1 X137.286 Y116.316 E1085.64554
G1 F2700 E1080.64554
G0 F9000 X137.225 Y117.023
G0 X134.821 Y138.865
G0 X117.5 Y138.331
G0 X117.5 Y137.62
G1 F2700 E1085.64554
G1 F1500 X104.059 Y137.62 E1086.09259
G1 X103.949 Y137.768 E1086.09873
G1 X100.63 Y138.655 E1086.21299
G1 X100.45 Y138.565 E1086.21969
G1 X100.416 Y138.452 E1086.22361
G1 X100.416 Y132.18 E1086.43222
G1 X100.502 Y132.015 E1086.43841
G1 X100.627 Y131.98 E1086.44272
G1 X103.66 Y132.787 E1086.54711
G1 X103.66 Y128.889 E1086.67676
G1 X103.714 Y128.329 E1086.69547
G1 X103.858 Y127.791 E1086.714
G1 X104.078 Y127.319 E1086.73132
G1 X104.4 Y126.856 E1086.75007
G1 X104.821 Y126.435 E1086.76988
G1 X105.241 Y126.143 E1086.78689
G1 X105.759 Y125.897 E1086.80596
G1 X106.307 Y125.75 E1086.82483
G1 X106.864 Y125.704 E1086.84342
G1 X128.153 Y125.704 E1087.5515
G1 X128.693 Y125.75 E1087.56952
G1 X129.237 Y125.897 E1087.58827
G1 X129.754 Y126.143 E1087.60731
G1 X130.206 Y126.458 E1087.62563
G1 X130.601 Y126.857 E1087.64431
G1 X130.918 Y127.319 E1087.66294
G1 X131.15 Y127.823 E1087.6814
G1 X131.286 Y128.327 E1087.69876
G1 X131.336 Y128.891 E1087.71759
G1 X131.336 Y132.787 E1087.84717
G1 X134.369 Y131.98 E1087.95156
G1 X134.494 Y132.015 E1087.95588
G1 X134.58 Y132.18 E1087.96207
G1 X134.58 Y138.452 E1088.17067
G1 X134.546 Y138.565 E1088.1746
G1 X134.363 Y138.655 E1088.18138
G1 X131.047 Y137.768 E1088.29555
G1 X130.937 Y137.62 E1088.30168
G1 X117.5 Y137.62 E1088.7486
G1 F2700 E1083.7486
G0 F9000 X117.5 Y138.331
G0 X117.5 Y139.749
G0 X117.5 Y140.456
G1 F2700 E1088.7486
G1 F1500 X136.996 Y140.455 E1089.39704
G1 X137.108 Y140.344 E1089.40228
G1 X137.111 Y139.618 E1089.42643
G1 X135.718 Y136.966 E1089.52606
G1 X135.771 Y136.811 E1089.53151
G1 X135.916 Y136.736 E1089.53694
G1 X137.104 Y136.739 E1089.57646
G1 X137.104 Y121.048 E1090.09834
G1 X137.135 Y120.96 E1090.10144
G1 X137.232 Y120.872 E1090.1058
G1 X138.337 Y120.801 E1090.14263
G1 X139.348 Y120.598 E1090.17692
G1 X140.315 Y120.27 E1090.21089
G1 X141.243 Y119.814 E1090.24528
G1 X142.097 Y119.241 E1090.27948
G1 X142.874 Y118.562 E1090.3138
G1 X143.552 Y117.786 E1090.34808
G1 X144.126 Y116.927 E1090.38244
G1 X144.582 Y116.002 E1090.41674
G1 X144.914 Y115.036 E1090.45071
G1 X145.113 Y114.022 E1090.48508
G1 X145.179 Y112.992 E1090.51941
G1 X145.113 Y111.962 E1090.55374
G1 X144.914 Y110.948 E1090.58811
G1 X144.582 Y109.981 E1090.62211
G1 X144.126 Y109.053 E1090.6565
G1 X143.553 Y108.199 E1090.69071
G1 X142.874 Y107.422 E1090.72503
G1 X142.097 Y106.744 E1090.75933
G1 X141.243 Y106.17 E1090.79355
G1 X140.315 Y105.714 E1090.82794
G1 X139.348 Y105.386 E1090.8619
G1 X138.337 Y105.183 E1090.8962
G1 X137.289 Y105.112 E1090.93114
G1 X124.069 Y105.11 E1091.37084
G1 X123.967 Y105.059 E1091.37463
G1 X123.904 Y104.93 E1091.3794
G1 X123.904 Y94.54 E1091.72498
G1 X121.133 Y94.54 E1091.81714
G1 X122.238 Y98.049 E1091.9395
G1 X122.221 Y98.172 E1091.94363
G1 X122.11 Y98.284 E1091.94888
G1 X112.886 Y98.284 E1092.25567
G1 X112.776 Y98.172 E1092.26089
G1 X112.752 Y98.065 E1092.26454
G1 X113.863 Y94.541 E1092.38743
G1 X111.097 Y94.541 E1092.47943
G1 X111.095 Y104.936 E1092.82517
G1 X111.059 Y105.029 E1092.82849
G1 X110.931 Y105.11 E1092.83352
G1 X97.711 Y105.112 E1093.27322
G1 X96.663 Y105.183 E1093.30816
G1 X95.648 Y105.386 E1093.34259
G1 X94.681 Y105.714 E1093.37655
G1 X93.757 Y106.17 E1093.41082
G1 X92.898 Y106.744 E1093.44518
G1 X92.122 Y107.422 E1093.47946
G1 X91.443 Y108.199 E1093.51378
G1 X90.87 Y109.053 E1093.54798
G1 X90.414 Y109.981 E1093.58237
G1 X90.086 Y110.948 E1093.61633
G1 X89.883 Y111.963 E1093.65076
G1 X89.817 Y112.992 E1093.68506
G1 X89.883 Y114.021 E1093.71935
G1 X90.086 Y115.036 E1093.75378
G1 X90.414 Y116.003 E1093.78774
G1 X90.87 Y116.927 E1093.82201
G1 X91.444 Y117.786 E1093.85637
G1 X92.122 Y118.562 E1093.89065
G1 X92.898 Y119.24 E1093.92492
G1 X93.757 Y119.814 E1093.95928
G1 X94.681 Y120.27 E1093.99355
G1 X95.648 Y120.598 E1094.02752
G1 X96.663 Y120.801 E1094.06194
G1 X97.764 Y120.871 E1094.09864
G1 X97.861 Y120.96 E1094.10302
G1 X97.892 Y121.048 E1094.10612
G1 X97.892 Y136.74 E1094.62804
G1 X99.08 Y136.74 E1094.66755
G1 X99.226 Y136.815 E1094.67301
G1 X99.279 Y136.972 E1094.67852
G1 X97.885 Y139.617 E1094.77796
G1 X97.891 Y140.344 E1094.80215
G1 X98.003 Y140.456 E1094.80741
G1 X117.5 Y140.456 E1095.45589
G1 F2700 E1090.45589
G0 F9000 X117.5 Y139.749
G0 X100.179 Y138.86
G0 X100.179 Y134.843
G0 X97.613 Y117.023
G0 X97.674 Y116.316
G1 F2700 E1095.45589
G1 F1500 X97.096 Y116.262 E1095.47519
G1 X96.559 Y116.118 E1095.49369
G1 X96.028 Y115.87 E1095.51318
G1 X95.552 Y115.535 E1095.53254
G1 X95.149 Y115.132 E1095.55149
G1 X94.817 Y114.664 E1095.57058
G1 X94.562 Y114.112 E1095.5908
G1 X94.419 Y113.576 E1095.60925
G1 X94.368 Y112.974 E1095.62935
G1 X94.422 Y112.396 E1095.64866
G1 X94.566 Y111.855 E1095.66728
G1 X94.81 Y111.328 E1095.68659
G1 X95.158 Y110.838 E1095.70658
G1 X95.552 Y110.445 E1095.72509
G1 X96.016 Y110.117 E1095.74399
G1 X96.539 Y109.87 E1095.76323
G1 X97.108 Y109.719 E1095.78281
G1 X97.71 Y109.668 E1095.8029
G1 X98.287 Y109.722 E1095.82218
G1 X98.845 Y109.87 E1095.84138
G1 X99.372 Y110.12 E1095.86078
G1 X99.842 Y110.454 E1095.87995
G1 X100.248 Y110.864 E1095.89915
G1 X100.582 Y111.343 E1095.91857
G1 X100.822 Y111.868 E1095.93777
G1 X100.968 Y112.43 E1095.95708
G1 X101.016 Y113.01 E1095.97644
G1 X100.962 Y113.588 E1095.99575
G1 X100.817 Y114.128 E1096.01434
G1 X100.573 Y114.655 E1096.03366
G1 X100.238 Y115.129 E1096.05296
G1 X99.826 Y115.54 E1096.07232
G1 X99.358 Y115.869 E1096.09135
G1 X98.83 Y116.116 E1096.11073
G1 X98.254 Y116.268 E1096.13055
G1 X97.674 Y116.316 E1096.1499
G0 F9000 X97.613 Y117.023
G0 X95.892 Y116.592
G0 X95.991 Y116.381
;TYPE:FILL
G1 F3000 X93.385 Y118.988 E1096.27251
G0 F9000 X93.511 Y118.799
G0 X91.078 Y115.744
G0 X90.871 Y115.845
G1 F3000 X93.901 Y112.815 E1096.41503
G0 F9000 X93.673 Y112.795
G0 X94.101 Y111.181
G0 X94.306 Y111.277
G1 F3000 X91.703 Y108.674 E1096.53747
G0 F9000 X91.893 Y108.801
G0 X91.059 Y110.292
G0 X90.841 Y110.217
G1 F3000 X94.919 Y106.14 E1096.72926
G1 X94.851 Y106.165
G1 X97.889 Y109.203 E1096.87216
G0 F9000 X97.514 Y109.201
G1 F3000 X101.125 Y105.59 E1097.04201
G0 F9000 X101.125 Y105.825
G0 X99.935 Y105.825
G0 X99.935 Y105.592
G1 F3000 X105.176 Y110.833 E1097.28853
G0 F9000 X105.176 Y110.613
G0 X106.486 Y110.685
G0 X106.558 Y111.691
G0 X106.338 Y111.691
G1 F3000 X119.266 Y98.764 E1097.8966
G0 F9000 X119.266 Y98.994
G0 X121.391 Y98.994
G0 X121.391 Y98.764
G1 F3000 X123.428 Y100.8 E1097.99239
G0 F9000 X123.426 Y100.26
G1 F3000 X98.37 Y125.316 E1099.17095
G0 F9000 X98.603 Y125.316
G0 X98.603 Y126.653
G0 X98.369 Y126.653
G1 F3000 X103.181 Y131.465 E1099.39729
G0 F9000 X103.18 Y131.82
G1 F3000 X102.91 Y132.09 E1099.40999
G0 F9000 X102.969 Y131.868
G0 X100.841 Y131.363
G0 X99.779 Y131.374
G0 X99.707 Y133.877
G0 X99.936 Y133.877
G1 F3000 X98.371 Y132.312 E1099.4836
G0 F9000 X98.603 Y132.312
G0 X98.603 Y130.972
G0 X98.371 Y130.972
G1 F3000 X123.82 Y105.523 E1100.68064
G0 F9000 X123.82 Y105.825
G0 X128.218 Y105.825
G0 X128.218 Y105.59
G1 F3000 X133.915 Y111.288 E1100.94864
G0 F9000 X133.709 Y111.191
G0 X133.288 Y112.777
G0 X133.517 Y112.797
G1 F3000 X132.532 Y113.782 E1100.99497
G0 F9000 X132.751 Y113.782
G0 X132.751 Y115.56
G0 X132.531 Y115.56
G1 F3000 X137.353 Y120.383 E1101.2218
G1 X137.236 Y120.391
G1 X144.694 Y112.933 E1101.5726
G0 F9000 X144.47 Y112.947
G0 X143.938 Y110.286
G0 X144.154 Y110.213
G1 F3000 X140.084 Y106.143 E1101.76404
G1 X140.147 Y106.166
G1 X137.11 Y109.203 E1101.9069
G0 F9000 X137.485 Y109.201
G1 F3000 X133.875 Y105.591 E1102.0767
G0 F9000 X133.875 Y105.825
G0 X135.066 Y105.825
G0 X135.066 Y105.591
G1 F3000 X129.972 Y110.685 E1102.31631
G0 F9000 X129.972 Y110.465
G0 X127.655 Y110.465
G0 X127.655 Y110.685
G1 F3000 X115.734 Y98.764 E1102.87703
G0 F9000 X115.734 Y98.994
G0 X113.609 Y98.994
G0 X113.609 Y98.764
G1 F3000 X111.574 Y100.799 E1102.97275
G0 F9000 X111.574 Y100.26
G1 F3000 X126.393 Y115.08 E1103.66982
G0 F9000 X126.393 Y114.264
G1 F3000 X115.432 Y125.225 E1104.18539
G0 F9000 X115.432 Y124.994
G0 X113.91 Y124.994
G0 X113.91 Y125.224
G1 F3000 X104.559 Y115.873 E1104.62523
G0 F9000 X104.559 Y116.093
G0 X102.434 Y116.021
G0 X102.362 Y115.447
G0 X102.582 Y115.447
G1 F3000 X97.646 Y120.384 E1104.85743
G1 X97.763 Y120.391
G1 X90.302 Y112.929 E1105.20839
G0 F9000 X90.529 Y112.944
G0 X95.705 Y116.438
G0 X96.334 Y116.731
G0 X97.004 Y116.911
G0 X97.693 Y116.971
G0 X98.252 Y116.922
G0 X99.503 Y116.588
G0 X99.404 Y116.374
G1 F3000 X108.253 Y125.224 E1105.62465
G0 F9000 X108.253 Y124.994
G0 X109.775 Y124.994
G0 X109.775 Y125.224
G1 F3000 X129.41 Y105.589 E1106.54822
G0 F9000 X129.41 Y105.825
G0 X132.695 Y110.537
G0 X132.679 Y115.873
G0 X130.588 Y115.945
G0 X130.588 Y115.725
G1 F3000 X121.088 Y125.226 E1106.99509
G0 F9000 X121.088 Y124.994
G0 X119.568 Y124.994
G0 X119.568 Y125.224
G1 F3000 X106.338 Y111.995 E1107.61737
G0 F9000 X106.558 Y111.995
G0 X106.486 Y110.685
G0 X102.451 Y110.685
G0 X102.362 Y113.896
G0 X102.582 Y113.896
G1 F3000 X101.478 Y112.792 E1107.6693
G0 F9000 X101.713 Y112.773
G0 X101.292 Y111.191
G0 X101.085 Y111.287
G1 F3000 X106.783 Y105.589 E1107.93731
G0 F9000 X106.783 Y105.825
G0 X105.59 Y105.825
G0 X105.59 Y105.59
G1 F3000 X125.225 Y125.225 E1108.86088
G0 F9000 X125.225 Y124.994
G0 X126.745 Y124.994
G0 X126.745 Y125.226
G1 F3000 X135.593 Y116.377 E1109.27709
G0 F9000 X135.495 Y116.587
G0 X136.617 Y116.911
G0 X137.307 Y116.971
G0 X137.865 Y116.922
G0 X139.106 Y116.593
G0 X139.007 Y116.38
G1 F3000 X141.614 Y118.986 E1109.39969
G0 F9000 X141.49 Y118.798
G0 X143.924 Y115.741
G0 X144.126 Y115.842
G1 F3000 X141.098 Y112.813 E1109.54214
G0 F9000 X141.328 Y112.794
G0 X140.9 Y111.181
G0 X140.693 Y111.277
G1 F3000 X143.294 Y108.676 E1109.66449
G0 F9000 X143.106 Y108.8
G0 X141.044 Y114.353
G0 X140.751 Y114.981
G0 X136.802 Y120.258
G0 X136.468 Y120.285
G0 X136.397 Y120.995
G0 X136.632 Y120.995
G1 F3000 X131.016 Y126.612 E1109.92867
G0 F9000 X131.202 Y126.482
G0 X131.759 Y127.587
G0 X131.933 Y128.236
G0 X132.049 Y131.468
G0 X131.816 Y131.468
G1 F3000 X136.626 Y126.658 E1110.15492
G0 F9000 X136.397 Y126.658
G0 X136.397 Y125.313
G0 X136.626 Y125.313
G1 F3000 X127.039 Y115.725 E1110.60588
G0 F9000 X127.039 Y115.945
G0 X131.759 Y127.587
G0 X131.933 Y128.236
G0 X132.049 Y131.815
G0 X131.815 Y131.815
G1 F3000 X132.088 Y132.088 E1110.61872
G0 F9000 X132.031 Y131.868
G0 X134.159 Y131.364
G0 X135.221 Y131.375
G0 X135.293 Y133.881
G0 X135.06 Y133.881
G1 F3000 X136.625 Y132.316 E1110.69234
G0 F9000 X136.397 Y132.316
G0 X136.397 Y130.969
G0 X136.626 Y130.969
G1 F3000 X111.182 Y105.525 E1111.88914
G0 F9000 X111.182 Y105.825
G0 X111.734 Y105.753
G0 X112.152 Y97.817
G0 X112.699 Y95.878
G0 X112.916 Y95.946
G1 F3000 X111.992 Y95.021 E1111.93263
G0 F9000 X111.695 Y95.021
G1 F3000 X111.577 Y95.138 E1111.93816
G0 F9000 X111.776 Y95.222
G0 X112.163 Y98.922
G0 X122.843 Y98.922
G0 X122.846 Y97.926
G0 X122.302 Y95.881
G0 X122.08 Y95.949
G1 F3000 X123.01 Y95.02 E1111.98188
G0 F9000 X123.304 Y95.02
G1 F3000 X123.425 Y95.141 E1111.98757
G1 F2700 E1106.98757
G0 F9000 X123.224 Y95.222
G0 X122.843 Y98.922
G0 X106.471 Y116.021
G0 X98.603 Y120.988
G0 X98.361 Y120.988
G1 F2700 E1111.98757
G1 F3000 X103.985 Y126.612 E1112.25211
G0 F9000 X103.799 Y126.481
G0 X99.779 Y131.374
G0 X99.707 Y135.064
G0 X99.935 Y135.064
G1 F3000 X98.739 Y136.261 E1112.30838
G0 F9000 X98.739 Y136.03
G0 X99.447 Y136.502
G0 X99.455 Y137.038
G0 X99.181 Y138.681
G0 X98.973 Y138.571
G1 F3000 X100.377 Y139.975 E1112.37442
G0 F9000 X100.681 Y139.976
G1 F3000 X101.825 Y138.832 E1112.42824
G0 F9000 X101.883 Y139.056
G0 X104.271 Y138.421
G0 X104.197 Y138.138
G1 F3000 X106.034 Y139.975 E1112.51464
G0 F9000 X106.338 Y139.976
G1 F3000 X108.214 Y138.099 E1112.60291
G0 F9000 X108.214 Y138.331
G0 X109.816 Y138.331
G0 X109.816 Y138.1
G1 F3000 X111.691 Y139.975 E1112.6911
G0 F9000 X111.994 Y139.976
G1 F3000 X113.871 Y138.099 E1112.77939
G0 F9000 X113.871 Y138.331
G0 X115.473 Y138.331
G0 X115.473 Y138.1
G1 F3000 X117.348 Y139.975 E1112.86758
G0 F9000 X117.651 Y139.976
G1 F3000 X119.528 Y138.099 E1112.95587
G0 F9000 X119.528 Y138.331
G0 X121.13 Y138.331
G0 X121.13 Y138.1
G1 F3000 X123.005 Y139.975 E1113.04407
G0 F9000 X123.308 Y139.976
G1 F3000 X125.185 Y138.099 E1113.13235
G0 F9000 X125.185 Y138.331
G0 X126.786 Y138.331
G0 X126.786 Y138.1
G1 F3000 X128.662 Y139.975 E1113.22057
G0 F9000 X128.965 Y139.976
G1 F3000 X130.8 Y138.141 E1113.30689
G0 F9000 X130.726 Y138.418
G0 X133.117 Y139.055
G0 X133.176 Y138.833
G1 F3000 X134.318 Y139.975 E1113.3606
G0 F9000 X134.622 Y139.976
G1 F3000 X136.023 Y138.575 E1113.4265
G0 F9000 X135.819 Y138.68
G0 X135.543 Y137.163
G0 X135.553 Y136.501
G0 X136.258 Y136.029
G0 X136.257 Y136.257
G1 F3000 X135.06 Y135.06 E1113.4828
G0 F9000 X135.293 Y135.06
G0 X135.221 Y131.375
G0 X126.173 Y115.684
G0 X126.432 Y115.684
;TYPE:SKIN
G1 F1500 X126.432 Y113.668 E1113.54986
G1 X126.915 Y113.668 E1113.56592
G1 X127.032 Y113.53 E1113.57194
G1 X127.032 Y112.867 E1113.59399
G1 X126.915 Y112.728 E1113.60003
G1 X126.448 Y112.728 E1113.61556
G1 X126.448 Y110.724 E1113.68222
G1 X132.504 Y110.724 E1113.88364
G1 X132.504 Y112.728 E1113.95029
G1 X132.022 Y112.728 E1113.96633
G1 X131.904 Y112.865 E1113.97234
G1 X131.904 Y113.53 E1113.99446
G1 X132.02 Y113.668 E1114.00045
G1 X132.488 Y113.668 E1114.01602
G1 X132.488 Y115.684 E1114.08307
G1 X126.432 Y115.684 E1114.2845
G0 F9000 X126.632 Y115.319
G1 F1500 X126.798 Y115.484 E1114.29228
G0 F9000 X127.363 Y115.484
G1 F1500 X126.632 Y114.753 E1114.32666
G0 F9000 X126.632 Y114.187
G1 F1500 X127.929 Y115.484 E1114.38767
G0 F9000 X128.495 Y115.484
G1 F1500 X126.869 Y113.858 E1114.46415
G0 F9000 X127.199 Y113.622
G1 F1500 X129.06 Y115.484 E1114.55171
G0 F9000 X129.626 Y115.484
G1 F1500 X127.232 Y113.09 E1114.66432
G0 F9000 X126.774 Y113.09
G0 X126.263 Y112.916
G0 X126.191 Y111.94
G0 X126.648 Y111.94
G1 F1500 X130.192 Y115.484 E1114.83102
G0 F9000 X130.757 Y115.484
G1 F1500 X126.648 Y111.374 E1115.02432
G0 F9000 X126.763 Y110.924
G1 F1500 X131.323 Y115.484 E1115.2388
G0 F9000 X131.889 Y115.484
G1 F1500 X127.329 Y110.924 E1115.45329
G0 F9000 X127.894 Y110.924
G1 F1500 X132.288 Y115.318 E1115.65997
G0 F9000 X132.288 Y114.752
G1 F1500 X128.46 Y110.924 E1115.84003
G0 F9000 X129.026 Y110.924
G1 F1500 X131.767 Y113.665 E1115.96896
G0 F9000 X131.913 Y113.811
G1 F1500 X132.288 Y114.186 E1115.9866
G0 F9000 X132.751 Y114.186
G0 X132.679 Y113.482
G0 X132.165 Y113.037
G0 X131.704 Y113.037
G1 F1500 X129.591 Y110.924 E1116.08599
G0 F9000 X130.157 Y110.924
G1 F1500 X131.858 Y112.625 E1116.166
G0 F9000 X132.304 Y112.505
G1 F1500 X130.723 Y110.924 E1116.24036
G0 F9000 X131.289 Y110.924
G1 F1500 X132.304 Y111.939 E1116.2881
G0 F9000 X132.304 Y111.374
G1 F1500 X131.854 Y110.924 E1116.30927
G0 F9000 X131.854 Y110.465
G0 X126.263 Y110.537
G0 X106.28 Y116.093
G0 X106.28 Y115.832
G1 F1500 X102.62 Y115.832 E1116.431
G1 X102.62 Y113.816 E1116.49806
G1 X103.11 Y113.816 E1116.51435
G1 X103.22 Y113.634 E1116.52143
G1 X103.214 Y113.024 E1116.54172
G1 X103.107 Y112.876 E1116.54779
G1 X102.636 Y112.876 E1116.56346
G1 X102.636 Y110.872 E1116.63011
G1 X106.296 Y110.872 E1116.75184
G1 X106.296 Y112.876 E1116.81849
G1 X105.81 Y112.876 E1116.83466
G1 X105.702 Y113.024 E1116.84075
G1 X105.696 Y113.634 E1116.86104
G1 X105.784 Y113.783 E1116.8668
G1 X105.896 Y113.816 E1116.87068
G1 X106.28 Y113.816 E1116.88345
G1 X106.28 Y115.832 E1116.95051
G0 F9000 X106.28 Y116.093
G0 X103.187 Y116.093
G0 X103.187 Y115.632
G1 F1500 X102.82 Y115.265 E1116.96777
G0 F9000 X102.82 Y114.699
G1 F1500 X103.752 Y115.632 E1117.01163
G0 F9000 X104.318 Y115.632
G1 F1500 X102.82 Y114.133 E1117.08211
G0 F9000 X103.213 Y113.961
G1 F1500 X104.884 Y115.632 E1117.16071
G0 F9000 X105.449 Y115.632
G1 F1500 X103.419 Y113.602 E1117.2562
G0 F9000 X103.419 Y113.036
G1 F1500 X106.015 Y115.632 E1117.37831
G0 F9000 X106.08 Y115.131
G1 F1500 X102.836 Y111.887 E1117.53089
G0 F9000 X102.836 Y112.453
G1 F1500 X103.076 Y112.692 E1117.54216
G0 F9000 X102.992 Y113.106
G0 X102.451 Y113.064
G0 X102.379 Y111.321
G0 X102.836 Y111.321
G1 F1500 X106.08 Y114.565 E1117.69475
G0 F9000 X106.543 Y114.565
G0 X106.471 Y113.63
G0 X105.956 Y113.416
G0 X105.497 Y113.416
G1 F1500 X103.153 Y111.072 E1117.805
G0 F9000 X103.718 Y111.072
G1 F1500 X105.541 Y112.895 E1117.89075
G0 F9000 X105.889 Y112.677
G1 F1500 X104.284 Y111.072 E1117.96624
G0 F9000 X104.85 Y111.072
G1 F1500 X106.096 Y112.318 E1118.02485
G0 F9000 X106.096 Y111.753
G1 F1500 X105.415 Y111.072 E1118.05688
G0 F9000 X105.981 Y111.072
G1 F1500 X106.096 Y111.187 E1118.06229
G0 F9000 X106.858 Y111.187
;MESH:NONMESH
G0 F300 X106.858 Y111.187 Z3.6
G0 F9000 X106.486 Y110.685
G0 X102.451 Y110.685
G0 X102.428 Y114.001
G0 X100.25 Y116.04
G0 X99.682 Y116.438
G0 X99.053 Y116.731
G0 X97.663 Y117.028
G0 X97.69 Y116.719
;TIME_ELAPSED:1760.053198
;LAYER:17
;TYPE:WALL-INNER
;MESH:FT05-Frame Part B.stl
G1 F1500 X97.03 Y116.657 E1118.08434
G1 X96.431 Y116.497 E1118.10496
G1 X95.862 Y116.235 E1118.1258
G1 X95.297 Y115.847 E1118.14859
G1 X94.848 Y115.395 E1118.16978
G1 X94.46 Y114.851 E1118.19201
G1 X94.187 Y114.253 E1118.21387
G1 X94.027 Y113.654 E1118.23449
G1 X93.965 Y112.992 E1118.25661
G1 X94.023 Y112.339 E1118.27841
G1 X94.187 Y111.727 E1118.29949
G1 X94.462 Y111.125 E1118.3215
G1 X94.841 Y110.589 E1118.34333
G1 X95.288 Y110.144 E1118.36431
G1 X95.828 Y109.763 E1118.38629
G1 X96.431 Y109.483 E1118.40841
G1 X97.03 Y109.327 E1118.42899
G1 X97.715 Y109.268 E1118.45186
G1 X98.338 Y109.322 E1118.47266
G1 X98.967 Y109.486 E1118.49428
G1 X99.558 Y109.762 E1118.51597
G1 X100.092 Y110.138 E1118.5377
G1 X100.544 Y110.59 E1118.55896
G1 X100.923 Y111.127 E1118.58082
G1 X101.193 Y111.711 E1118.60222
G1 X101.362 Y112.347 E1118.6241
G1 X101.416 Y112.995 E1118.64573
G1 X101.359 Y113.643 E1118.66737
G1 X101.193 Y114.263 E1118.68872
G1 X100.917 Y114.859 E1118.71056
G1 X100.544 Y115.386 E1118.73203
G1 X100.077 Y115.852 E1118.75398
G1 X99.561 Y116.213 E1118.77492
G1 X98.969 Y116.494 E1118.79672
G1 X98.342 Y116.659 E1118.81828
G1 X97.69 Y116.719 E1118.84006
G1 F2700 E1113.84006
G0 F9000 X97.663 Y117.028
G0 X100.179 Y131.674
G0 X100.179 Y138.96
G0 X117.5 Y138.331
G0 X117.5 Y138.02
G1 F2700 E1118.84006
G1 F1500 X104.282 Y138.02 E1119.27969
G1 X104.191 Y138.189 E1119.28608
G1 X104.015 Y138.268 E1119.29249
G1 X100.655 Y139.16 E1119.40812
G1 X100.365 Y139.098 E1119.41798
G1 X100.1 Y138.859 E1119.42985
G1 X100.016 Y138.552 E1119.44044
G1 F1550.4 X100.029 Y136.94 E1119.49231
G1 X100.016 Y136.402 E1119.50963
G1 F1500 X100.016 Y132.08 E1119.65338
G1 X100.093 Y131.784 E1119.66355
G1 X100.276 Y131.585 E1119.67254
G1 X100.477 Y131.496 E1119.67985
G1 X100.685 Y131.477 E1119.6868
G1 X103.26 Y132.166 E1119.77546
G1 X103.262 Y128.853 E1119.88565
G1 X103.315 Y128.274 E1119.90499
G1 X103.473 Y127.672 E1119.92569
G1 X103.739 Y127.101 E1119.94664
G1 X104.104 Y126.582 E1119.96774
G1 X104.547 Y126.139 E1119.98858
G1 X105.054 Y125.787 E1120.00911
G1 X105.614 Y125.524 E1120.02969
G1 X106.241 Y125.356 E1120.05128
G1 X106.816 Y125.305 E1120.07048
G1 X128.187 Y125.306 E1120.78128
G1 X128.759 Y125.356 E1120.80038
G1 X129.382 Y125.524 E1120.82184
G1 X129.944 Y125.787 E1120.84248
G1 X130.45 Y126.136 E1120.86292
G1 X130.897 Y126.583 E1120.88395
G1 X131.258 Y127.103 E1120.905
G1 X131.523 Y127.672 E1120.92588
G1 X131.687 Y128.277 E1120.94673
G1 X131.735 Y128.858 E1120.96612
G1 X131.736 Y132.166 E1121.07614
G1 X134.311 Y131.477 E1121.1648
G1 X134.52 Y131.496 E1121.17178
G1 X134.72 Y131.585 E1121.17906
G1 X134.903 Y131.784 E1121.18805
G1 X134.98 Y132.08 E1121.19822
G1 X134.98 Y136.397 E1121.34181
G1 F1550.4 X134.967 Y136.936 E1121.35916
G1 X134.98 Y138.552 E1121.41116
G1 F1500 X134.897 Y138.859 E1121.42174
G1 X134.631 Y139.098 E1121.43363
G1 X134.484 Y139.143 E1121.43874
G1 X134.276 Y139.143 E1121.44566
G1 X130.981 Y138.269 E1121.55904
G1 X130.805 Y138.189 E1121.56547
G1 X130.714 Y138.02 E1121.57186
G1 X117.5 Y138.02 E1122.01136
G0 F9000 X117.5 Y138.331
G0 X117.5 Y139.749
G0 X117.5 Y140.056
G1 F1500 X136.708 Y140.055 E1122.65022
G1 X136.71 Y139.716 E1122.66149
G1 F1515.2 X135.4 Y137.213 E1122.75452
G1 F1566.6 X135.341 Y136.936 E1122.76354
G1 F1550.4 X135.457 Y136.563 E1122.77611
G1 F1500 X135.892 Y136.337 E1122.79241
G1 X136.704 Y136.338 E1122.81942
G1 X136.706 Y121.01 E1123.32923
G1 X136.797 Y120.746 E1123.33852
G1 X136.93 Y120.597 E1123.34516
G1 X137.16 Y120.476 E1123.3538
G1 X138.285 Y120.403 E1123.3913
G1 X139.244 Y120.211 E1123.42383
G1 X140.162 Y119.9 E1123.45607
G1 X141.043 Y119.467 E1123.48872
G1 X141.853 Y118.923 E1123.52117
G1 X142.59 Y118.278 E1123.55374
G1 X143.234 Y117.542 E1123.58627
G1 X143.779 Y116.727 E1123.61888
G1 X144.212 Y115.848 E1123.65147
G1 X144.527 Y114.932 E1123.68369
G1 X144.715 Y113.97 E1123.71629
G1 X144.778 Y112.992 E1123.74889
G1 X144.715 Y112.014 E1123.78148
G1 X144.527 Y111.052 E1123.81408
G1 X144.212 Y110.135 E1123.84633
G1 X143.779 Y109.253 E1123.87901
G1 X143.235 Y108.443 E1123.91146
G1 X142.59 Y107.706 E1123.94404
G1 X141.853 Y107.062 E1123.97659
G1 X141.043 Y106.517 E1124.00906
G1 X140.162 Y106.084 E1124.04171
G1 X139.244 Y105.773 E1124.07395
G1 X138.284 Y105.581 E1124.10651
G1 X137.275 Y105.512 E1124.14015
G1 X124.046 Y105.51 E1124.58015
G1 X123.74 Y105.39 E1124.59108
G1 X123.539 Y105.115 E1124.60241
G1 X123.508 Y104.984 E1124.60689
G1 X123.504 Y99.276 E1124.79674
G1 F1408.5 X123.478 Y98.528 E1124.82325
G1 F1162.8 X123.415 Y98.249 E1124.83552
G1 F1036.3 X123.415 Y97.911 E1124.85179
G1 F1090.9 X123.445 Y97.781 E1124.85789
G1 F1224.5 X123.475 Y96.721 E1124.9011
G1 F1395.3 X123.504 Y95.66 E1124.93905
G1 F1500 X123.504 Y94.94 E1124.963
G1 X121.799 Y94.94 E1125.01971
G1 X122.095 Y95.877 E1125.05239
G1 F1395.3 X122.442 Y96.879 E1125.0903
G1 F1224.5 X122.789 Y97.882 E1125.13354
G1 F1090.9 X122.84 Y97.961 E1125.13784
G1 F1036.3 X122.84 Y98.199 E1125.1493
G1 F1162.8 X122.724 Y98.355 E1125.15764
G1 F1408.5 X122.432 Y98.616 E1125.17152
G1 F1500 X122.16 Y98.68 E1125.18081
G1 X112.836 Y98.68 E1125.49093
G1 X112.564 Y98.616 E1125.50022
G1 F1408.5 X112.273 Y98.354 E1125.51409
G1 F1165 X112.157 Y98.199 E1125.52238
G1 F1038.1 X112.157 Y97.961 E1125.53382
G1 F1094.9 X112.207 Y97.881 E1125.53812
G1 F1227 X112.554 Y96.878 E1125.58127
G1 F1395.3 X112.901 Y95.876 E1125.61919
G1 F1500 X113.197 Y94.941 E1125.65181
G1 X111.497 Y94.941 E1125.70835
G1 X111.497 Y95.66 E1125.73226
G1 F1395.3 X111.526 Y96.72 E1125.77018
G1 F1227 X111.555 Y97.781 E1125.81333
G1 F1094.9 X111.585 Y97.912 E1125.81946
G1 F1038.1 X111.585 Y98.248 E1125.83561
G1 F1165 X111.522 Y98.527 E1125.84785
G1 F1408.5 X111.496 Y99.273 E1125.8743
G1 F1500 X111.492 Y104.984 E1126.06424
G1 X111.357 Y105.297 E1126.07558
G1 X111.086 Y105.482 E1126.0865
G1 X110.954 Y105.51 E1126.09098
G1 X97.725 Y105.512 E1126.53098
G1 X96.716 Y105.58 E1126.56462
G1 X95.752 Y105.773 E1126.59732
G1 X94.834 Y106.084 E1126.62955
G1 X93.957 Y106.517 E1126.66208
G1 X93.142 Y107.062 E1126.69469
G1 X92.406 Y107.706 E1126.72722
G1 X91.761 Y108.443 E1126.7598
G1 X91.217 Y109.253 E1126.79225
G1 X90.784 Y110.134 E1126.8249
G1 X90.473 Y111.052 E1126.85714
G1 X90.281 Y112.015 E1126.8898
G1 X90.218 Y112.992 E1126.92236
G1 X90.281 Y113.969 E1126.95492
G1 X90.473 Y114.932 E1126.98758
G1 X90.784 Y115.849 E1127.01979
G1 X91.217 Y116.727 E1127.05235
G1 X91.762 Y117.542 E1127.08496
G1 X92.406 Y118.278 E1127.11748
G1 X93.142 Y118.922 E1127.15001
G1 X93.957 Y119.467 E1127.18262
G1 X94.835 Y119.9 E1127.21518
G1 X95.752 Y120.211 E1127.24739
G1 X96.715 Y120.403 E1127.28005
G1 X97.836 Y120.476 E1127.31741
G1 X98.065 Y120.598 E1127.32604
G1 X98.199 Y120.745 E1127.33266
G1 X98.29 Y121.01 E1127.34198
G1 X98.292 Y136.34 E1127.85185
G1 X99.104 Y136.341 E1127.87886
G1 X99.54 Y136.567 E1127.89519
G1 F1550.4 X99.655 Y136.94 E1127.90776
G1 F1566.6 X99.595 Y137.218 E1127.91681
G1 F1515.2 X98.286 Y139.715 E1128.00965
G1 F1500 X98.289 Y140.056 E1128.02099
G1 X117.5 Y140.056 E1128.65995
G1 F2700 E1123.65995
G0 F9000 X117.5 Y139.749
G0 X134.821 Y138.965
G0 X137.276 Y117.028
G0 X137.303 Y116.719
G1 F2700 E1128.65995
G1 F1500 X136.654 Y116.659 E1128.68163
G1 X136.026 Y116.491 E1128.70325
G1 X135.439 Y116.214 E1128.72484
G1 X134.92 Y115.852 E1128.74588
G1 X134.452 Y115.386 E1128.76785
G1 X134.095 Y114.877 E1128.78853
G1 X133.803 Y114.265 E1128.81108
G1 X133.635 Y113.632 E1128.83286
G1 X133.58 Y112.995 E1128.85413
G1 X133.634 Y112.347 E1128.87576
G1 X133.802 Y111.712 E1128.8976
G1 X134.079 Y111.125 E1128.91919
G1 X134.451 Y110.591 E1128.94084
G1 X134.907 Y110.135 E1128.96228
G1 X135.441 Y109.763 E1128.98393
G1 X136.032 Y109.485 E1129.00565
G1 X136.656 Y109.325 E1129.02708
G1 X137.281 Y109.268 E1129.04795
G1 X137.966 Y109.327 E1129.07082
G1 X138.569 Y109.483 E1129.09154
G1 X139.133 Y109.744 E1129.11221
G1 X139.695 Y110.13 E1129.13488
G1 X140.163 Y110.593 E1129.15678
G1 X140.532 Y111.128 E1129.1784
G1 X140.812 Y111.725 E1129.20033
G1 X140.969 Y112.332 E1129.22118
G1 X141.035 Y112.997 E1129.24341
G1 X140.97 Y113.652 E1129.2653
G1 X140.813 Y114.255 E1129.28602
G1 X140.512 Y114.886 E1129.30928
G1 X140.159 Y115.391 E1129.32977
G1 X139.708 Y115.836 E1129.35084
G1 X139.168 Y116.217 E1129.37282
G1 X138.569 Y116.497 E1129.39482
G1 X137.967 Y116.657 E1129.41553
G1 X137.303 Y116.719 E1129.43771
G0 F9000 X137.286 Y116.316
;TYPE:WALL-OUTER
G1 F1500 X136.708 Y116.262 E1129.45702
G1 X136.184 Y116.122 E1129.47506
G1 X135.642 Y115.869 E1129.49496
G1 X135.181 Y115.549 E1129.51362
G1 X134.758 Y115.129 E1129.53345
G1 X134.428 Y114.655 E1129.55266
G1 X134.179 Y114.129 E1129.57201
G1 X134.028 Y113.554 E1129.59179
G1 X133.98 Y112.974 E1129.61114
G1 X134.034 Y112.396 E1129.63045
G1 X134.174 Y111.868 E1129.64862
G1 X134.435 Y111.313 E1129.66902
G1 X134.747 Y110.865 E1129.68718
G1 X135.181 Y110.431 E1129.70759
G1 X135.629 Y110.119 E1129.72575
G1 X136.185 Y109.858 E1129.74618
G1 X136.742 Y109.716 E1129.76529
G1 X137.322 Y109.668 E1129.78465
G1 X137.888 Y109.719 E1129.80355
G1 X138.441 Y109.862 E1129.82255
G1 X138.968 Y110.11 E1129.84192
G1 X139.453 Y110.453 E1129.86168
G1 X139.851 Y110.848 E1129.88033
G1 X140.186 Y111.328 E1129.8998
G1 X140.434 Y111.855 E1129.91917
G1 X140.577 Y112.409 E1129.9382
G1 X140.632 Y113.005 E1129.95811
G1 X140.58 Y113.556 E1129.97652
G1 X140.434 Y114.125 E1129.99605
G1 X140.177 Y114.667 E1130.01601
G1 X139.865 Y115.115 E1130.03416
G1 X139.444 Y115.535 E1130.05394
G1 X138.98 Y115.863 E1130.07284
G1 X138.441 Y116.118 E1130.09267
G1 X137.888 Y116.265 E1130.11171
G1 X137.286 Y116.316 E1130.1318
G1 F2700 E1125.1318
G0 F9000 X137.225 Y117.023
G0 X134.821 Y138.965
G0 X117.5 Y138.331
G0 X117.5 Y137.62
G1 F2700 E1130.1318
G1 F1500 X104.06 Y137.62 E1130.57882
G1 X103.964 Y137.868 E1130.58766
G1 X100.629 Y138.755 E1130.70244
G1 X100.532 Y138.734 E1130.70574
G1 X100.444 Y138.655 E1130.70967
G1 X100.416 Y138.552 E1130.71322
G1 X100.416 Y132.08 E1130.92848
G1 X100.502 Y131.915 E1130.93467
G1 X100.627 Y131.88 E1130.93899
G1 X103.66 Y132.687 E1131.04338
G1 X103.66 Y128.889 E1131.1697
G1 X103.714 Y128.329 E1131.18841
G1 X103.858 Y127.791 E1131.20694
G1 X104.078 Y127.319 E1131.22426
G1 X104.4 Y126.856 E1131.24301
G1 X104.821 Y126.435 E1131.26282
G1 X105.241 Y126.143 E1131.27983
G1 X105.759 Y125.897 E1131.2989
G1 X106.307 Y125.75 E1131.31777
G1 X106.864 Y125.704 E1131.33636
G1 X128.153 Y125.704 E1132.04444
G1 X128.693 Y125.75 E1132.06246
G1 X129.237 Y125.897 E1132.08121
G1 X129.754 Y126.143 E1132.10025
G1 X130.206 Y126.458 E1132.11857
G1 X130.601 Y126.857 E1132.13725
G1 X130.918 Y127.319 E1132.15588
G1 X131.15 Y127.823 E1132.17434
G1 X131.286 Y128.327 E1132.1917
G1 X131.336 Y128.891 E1132.21053
G1 X131.336 Y132.687 E1132.33679
G1 X134.369 Y131.88 E1132.44117
G1 X134.494 Y131.915 E1132.44549
G1 X134.58 Y132.08 E1132.45168
G1 X134.58 Y138.552 E1132.66694
G1 X134.553 Y138.655 E1132.67048
G1 X134.464 Y138.734 E1132.67444
G1 X134.364 Y138.755 E1132.67784
G1 X131.032 Y137.868 E1132.79252
G1 X130.936 Y137.62 E1132.80136
G1 X117.5 Y137.62 E1133.24825
G1 F2700 E1128.24825
G0 F9000 X117.5 Y138.331
G0 X117.5 Y139.749
G0 X117.5 Y140.456
G1 F2700 E1133.24825
G1 F1500 X136.996 Y140.455 E1133.89669
G1 X137.108 Y140.344 E1133.90193
G1 X137.111 Y139.618 E1133.92608
G1 X135.718 Y136.966 E1134.02571
G1 X135.771 Y136.811 E1134.03116
G1 X135.916 Y136.736 E1134.03659
G1 X137.104 Y136.739 E1134.0761
G1 X137.104 Y121.048 E1134.59799
G1 X137.135 Y120.96 E1134.60109
G1 X137.232 Y120.872 E1134.60545
G1 X138.337 Y120.801 E1134.64228
G1 X139.348 Y120.598 E1134.67657
G1 X140.315 Y120.27 E1134.71054
G1 X141.243 Y119.814 E1134.74493
G1 X142.097 Y119.241 E1134.77913
G1 X142.874 Y118.562 E1134.81345
G1 X143.552 Y117.786 E1134.84773
G1 X144.126 Y116.927 E1134.88209
G1 X144.582 Y116.002 E1134.91639
G1 X144.914 Y115.036 E1134.95036
G1 X145.113 Y114.022 E1134.98473
G1 X145.179 Y112.992 E1135.01906
G1 X145.113 Y111.962 E1135.05339
G1 X144.914 Y110.948 E1135.08776
G1 X144.582 Y109.981 E1135.12176
G1 X144.126 Y109.053 E1135.15615
G1 X143.553 Y108.199 E1135.19036
G1 X142.874 Y107.422 E1135.22468
G1 X142.097 Y106.744 E1135.25898
G1 X141.243 Y106.17 E1135.2932
G1 X140.315 Y105.714 E1135.32759
G1 X139.348 Y105.386 E1135.36155
G1 X138.337 Y105.183 E1135.39585
G1 X137.289 Y105.112 E1135.43079
G1 X124.069 Y105.11 E1135.87049
G1 X123.967 Y105.059 E1135.87428
G1 X123.904 Y104.93 E1135.87905
G1 X123.904 Y94.54 E1136.22463
G1 X121.253 Y94.54 E1136.3128
G1 X122.358 Y98.045 E1136.43503
G1 X122.341 Y98.168 E1136.43916
G1 X122.23 Y98.28 E1136.44441
G1 X112.766 Y98.28 E1136.75918
G1 X112.656 Y98.168 E1136.7644
G1 X112.632 Y98.061 E1136.76805
G1 X113.743 Y94.541 E1136.89082
G1 X111.097 Y94.541 E1136.97882
G1 X111.095 Y104.936 E1137.32456
G1 X111.059 Y105.029 E1137.32788
G1 X110.931 Y105.11 E1137.33292
G1 X97.711 Y105.112 E1137.77262
G1 X96.663 Y105.183 E1137.80755
G1 X95.648 Y105.386 E1137.84198
G1 X94.681 Y105.714 E1137.87594
G1 X93.757 Y106.17 E1137.91022
G1 X92.898 Y106.744 E1137.94458
G1 X92.122 Y107.422 E1137.97885
G1 X91.443 Y108.199 E1138.01317
G1 X90.87 Y109.053 E1138.04738
G1 X90.414 Y109.981 E1138.08177
G1 X90.086 Y110.948 E1138.11573
G1 X89.883 Y111.963 E1138.15016
G1 X89.817 Y112.992 E1138.18445
G1 X89.883 Y114.021 E1138.21875
G1 X90.086 Y115.036 E1138.25317
G1 X90.414 Y116.003 E1138.28714
G1 X90.87 Y116.927 E1138.32141
G1 X91.444 Y117.786 E1138.35577
G1 X92.122 Y118.562 E1138.39004
G1 X92.898 Y119.24 E1138.42432
G1 X93.757 Y119.814 E1138.45868
G1 X94.681 Y120.27 E1138.49295
G1 X95.648 Y120.598 E1138.52691
G1 X96.663 Y120.801 E1138.56134
G1 X97.764 Y120.871 E1138.59803
G1 X97.861 Y120.96 E1138.60241
G1 X97.892 Y121.048 E1138.60551
G1 X97.892 Y136.74 E1139.12743
G1 X99.08 Y136.74 E1139.16695
G1 X99.226 Y136.815 E1139.17241
G1 X99.279 Y136.972 E1139.17792
G1 X97.885 Y139.617 E1139.27736
G1 X97.891 Y140.344 E1139.30154
G1 X98.003 Y140.456 E1139.30681
G1 X117.5 Y140.456 E1139.95528
G1 F2700 E1134.95528
G0 F9000 X117.5 Y139.749
G0 X100.179 Y138.96
G0 X100.179 Y134.829
G0 X97.613 Y117.023
G0 X97.674 Y116.316
G1 F2700 E1139.95528
G1 F1500 X97.096 Y116.262 E1139.97459
G1 X96.559 Y116.118 E1139.99308
G1 X96.028 Y115.87 E1140.01257
G1 X95.552 Y115.535 E1140.03193
G1 X95.149 Y115.132 E1140.05089
G1 X94.817 Y114.664 E1140.06997
G1 X94.562 Y114.112 E1140.0902
G1 X94.419 Y113.576 E1140.10865
G1 X94.368 Y112.974 E1140.12874
G1 X94.422 Y112.396 E1140.14805
G1 X94.566 Y111.855 E1140.16667
G1 X94.81 Y111.328 E1140.18599
G1 X95.158 Y110.838 E1140.20598
G1 X95.552 Y110.445 E1140.22449
G1 X96.016 Y110.117 E1140.24338
G1 X96.539 Y109.87 E1140.26262
G1 X97.108 Y109.719 E1140.2822
G1 X97.71 Y109.668 E1140.3023
G1 X98.287 Y109.722 E1140.32157
G1 X98.845 Y109.87 E1140.34077
G1 X99.372 Y110.12 E1140.36017
G1 X99.842 Y110.454 E1140.37935
G1 X100.248 Y110.864 E1140.39854
G1 X100.582 Y111.343 E1140.41796
G1 X100.822 Y111.868 E1140.43716
G1 X100.968 Y112.43 E1140.45648
G1 X101.016 Y113.01 E1140.47583
G1 X100.962 Y113.588 E1140.49514
G1 X100.817 Y114.128 E1140.51374
G1 X100.573 Y114.655 E1140.53305
G1 X100.238 Y115.129 E1140.55236
G1 X99.826 Y115.54 E1140.57171
G1 X99.358 Y115.869 E1140.59074
G1 X98.83 Y116.116 E1140.61013
G1 X98.254 Y116.268 E1140.62994
G1 X97.674 Y116.316 E1140.6493
G0 F9000 X97.613 Y117.023
G0 X95.892 Y116.592
G0 X95.991 Y116.381
;TYPE:FILL
G1 F3000 X95.432 Y116.941 E1140.67562
G1 X100.171 Y117.142 E1140.83338
G1 X99.404 Y116.374 E1140.86948
G0 F9000 X99.717 Y116.686
G1 F3000 X100.004 Y116.146 E1140.88982
G0 F9000 X100.013 Y116.982
G1 F3000 X101.074 Y114.983 E1140.96509
G0 F9000 X101.165 Y115.048
G0 X102.362 Y115.447
G0 X102.582 Y115.447
G1 F3000 X100.473 Y117.555 E1141.06427
G0 F9000 X100.309 Y117.277
G1 F3000 X100.171 Y117.142 E1141.07069
G0 F9000 X99.2 Y118.831
G1 F3000 X98.169 Y119.86 E1141.11914
G0 F9000 X97.763 Y120.391
G1 F3000 X97.19 Y119.818 E1141.14609
G1 X98.169 Y119.86 E1141.17868
G1 X97.646 Y120.384 E1141.2033
G0 F9000 X97.19 Y119.818
G1 F3000 X91.301 Y113.926 E1141.48038
G1 X91.922 Y109.137 E1141.64099
G1 X91.459 Y109.6 E1141.66277
G0 F9000 X91.922 Y109.137
G1 F3000 X94.919 Y106.14 E1141.80374
G1 X94.851 Y106.165
G1 X95.087 Y106.4 E1141.81482
G1 X100.314 Y106.4 E1141.98867
G1 X101.125 Y105.59 E1142.02679
G0 F9000 X100.744 Y106.4
G1 F3000 X105.176 Y110.833 E1142.23528
G0 F9000 X105.176 Y110.613
G0 X106.486 Y110.685
G0 X106.558 Y111.691
G0 X106.338 Y111.691
G1 F3000 X111.628 Y106.4 E1142.48413
G0 F9000 X112.119 Y105.91
G1 F3000 X111.628 Y106.4 E1142.5072
G1 X106.401 Y106.4 E1142.68105
G1 X105.59 Y105.59 E1142.71918
G0 F9000 X105.971 Y106.4
G1 F3000 X101.44 Y110.932 E1142.93233
G0 F9000 X101.085 Y111.287
G1 F3000 X101.44 Y110.932 E1142.94902
G1 X102.284 Y113.595 E1143.04194
G1 X102.582 Y113.896 E1143.05602
G0 F9000 X102.284 Y113.595
G1 F3000 X102.27 Y113.585 E1143.0566
G0 F9000 X101.713 Y112.773
G0 X101.478 Y112.792
G1 F3000 X102.27 Y113.585 E1143.09387
G1 X100.309 Y117.277 E1143.23292
G1 X107.235 Y124.206 E1143.55877
G1 X104.194 Y125.15 E1143.66467
G1 X103.587 Y125.757 E1143.69322
G1 X107.556 Y124.526 E1143.83144
G1 X107.43 Y124.4 E1143.83736
G1 X107.556 Y124.526
G1 X108.253 Y125.224 E1143.87017
G0 F9000 X108.253 Y124.994
G0 X107.235 Y124.206
G1 F3000 X107.43 Y124.4 E1143.87932
G1 X110.598 Y124.4 E1143.98469
G1 X109.775 Y125.224 E1144.02342
G0 F9000 X109.775 Y124.994
G0 X110.598 Y124.4
G0 X113.085 Y124.4
G1 F3000 X113.91 Y125.224 E1144.0622
G0 F9000 X113.91 Y124.994
G0 X113.087 Y124.4
G1 F3000 X110.601 Y124.4 E1144.14489
G1 X128.598 Y106.4 E1144.99148
G0 F9000 X129.028 Y106.4
G1 F3000 X133.129 Y110.501 E1145.18438
G0 F9000 X133.274 Y110.648
G1 F3000 X132.667 Y112.201 E1145.23984
G0 F9000 X132.767 Y112.201
G0 X133.288 Y112.777
G0 X133.517 Y112.797
G1 F3000 X132.532 Y113.782 E1145.28617
G0 F9000 X132.715 Y113.6
G1 F3000 X133.433 Y113.6 E1145.31005
G0 F9000 X133.647 Y114.4
G1 F3000 X132.651 Y114.4 E1145.34318
G0 F9000 X132.751 Y114.4
G0 X132.751 Y115.56
G0 X132.531 Y115.56
G1 F3000 X136.065 Y119.097 E1145.50948
G1 X135.95 Y121.676 E1145.59534
G1 X136 Y121.628 E1145.59765
G1 X136 Y124.686 E1145.69936
G1 X136.626 Y125.313 E1145.72882
G0 F9000 X136 Y124.688
G0 X136.397 Y126.658
G0 X136.626 Y126.658
G1 F3000 X136 Y127.284 E1145.75827
G1 X136 Y124.688 E1145.84461
G1 X127.039 Y115.725 E1146.26616
G0 F9000 X126.393 Y115.08
G1 F3000 X112.132 Y100.822 E1146.93688
G0 F9000 X112.073 Y100.299
G1 F3000 X112.151 Y98.523 E1146.99601
G0 F9000 X111.972 Y98.523
G0 X112.037 Y98.881
G0 X112.774 Y99.6
G1 F3000 X113.612 Y98.76 E1147.03547
G0 F9000 X113.612 Y98.993
G0 X115.731 Y98.993
G0 X115.731 Y98.76
G1 F3000 X116.572 Y99.6 E1147.07501
G1 X118.428 Y99.6 E1147.13674
G1 X119.269 Y98.76 E1147.17627
G0 F9000 X119.269 Y98.993
G0 X118.43 Y99.6
G0 X116.572 Y99.6
G0 X121.388 Y98.993
G0 X121.388 Y98.76
G1 F3000 X122.227 Y99.6 E1147.21576
G0 F9000 X122.074 Y98.88
G1 F3000 X123.305 Y100.112 E1147.27369
G1 X123.425 Y100.261
G1 X122.8 Y100.887 E1147.30311
G1 X122.8 Y105.828 E1147.46745
G1 X116.57 Y99.6 E1147.76044
G1 X112.774 Y99.6 E1147.88669
G1 X111.575 Y100.797 E1147.94304
G0 F9000 X111.574 Y100.261
G1 F3000 X112.132 Y100.822 E1147.96936
G1 X112.119 Y105.91 E1148.13859
G1 X118.43 Y99.6 E1148.43542
G1 X122.227 Y99.6 E1148.5617
G1 X123.425 Y100.798 E1148.61805
G0 F9000 X122.8 Y100.887
G1 F3000 X99.2 Y124.486 E1149.7281
G1 X99.2 Y121.828 E1149.81651
G1 X98.361 Y120.988 E1149.856
G0 F9000 X98.603 Y120.988
G0 X99.2 Y121.826
G1 F3000 X103.985 Y126.612 E1150.08109
G0 F9000 X103.274 Y126.069
G1 F3000 X103.157 Y128.085 E1150.14826
G0 F9000 X103.053 Y128.057
G0 X102.848 Y126.495
G1 F3000 X103.587 Y125.757 E1150.18299
G0 F9000 X104.194 Y125.15
G1 F3000 X123.82 Y105.523 E1151.10616
G0 F9000 X123.372 Y106.4
G1 F3000 X127.655 Y110.685 E1151.30767
G0 F9000 X127.655 Y110.465
G0 X129.972 Y110.465
G0 X129.972 Y110.685
G1 F3000 X134.256 Y106.4 E1151.5092
G0 F9000 X134.546 Y106.113
G1 F3000 X134.256 Y106.4 E1151.52277
G1 X129.028 Y106.4 E1151.69665
G1 X128.218 Y105.59 E1151.73475
G0 F9000 X128.218 Y105.825
G0 X129.41 Y105.825
G0 X129.41 Y105.589
G1 F3000 X128.598 Y106.4 E1151.77292
G1 X123.372 Y106.4 E1151.94674
G1 X122.8 Y105.828 E1151.97365
G0 F9000 X126.173 Y114.264
G0 X126.393 Y114.264
G1 F3000 X116.258 Y124.4 E1152.45039
G1 X118.743 Y124.4 E1152.53304
G1 X106.338 Y111.995 E1153.11653
G0 F9000 X106.558 Y111.995
G0 X106.471 Y116.021
G0 X104.559 Y116.093
G0 X104.559 Y115.873
G1 F3000 X113.087 Y124.4 E1153.51764
G1 X116.256 Y124.4 E1153.62304
G1 X115.432 Y125.225 E1153.66183
G0 F9000 X115.432 Y124.994
G0 X118.743 Y124.4
G0 X119.568 Y124.994
G0 X119.568 Y125.224
G1 F3000 X118.744 Y124.4 E1153.70058
G1 X121.913 Y124.4 E1153.80599
G1 X121.088 Y125.226 E1153.84481
G0 F9000 X121.088 Y124.994
G0 X121.913 Y124.4
G0 X124.399 Y124.4
G0 X125.225 Y124.994
G0 X125.225 Y125.225
G1 F3000 X124.401 Y124.4 E1153.8836
G1 X127.57 Y124.4 E1153.989
G1 X126.745 Y125.226 E1154.02783
G0 F9000 X126.745 Y124.994
G0 X127.57 Y124.4
G1 F3000 X134.717 Y117.255 E1154.36395
G0 F9000 X135.097 Y116.874
G1 F3000 X134.717 Y117.255 E1154.38185
G1 X140.087 Y117.538 E1154.5607
G1 X138.354 Y119.274 E1154.64229
G1 X141.129 Y118.502 E1154.73809
G1 X139.801 Y117.172 E1154.8006
G1 X142.348 Y114.065 E1154.93423
G1 X142.064 Y113.781 E1154.94759
G1 X141.968 Y113.681
G1 X141.506 Y113.219 E1154.96932
G1 X141.193 Y110.778 E1155.05117
G1 X140.693 Y111.277 E1155.07467
G0 F9000 X141.193 Y110.778
G1 F3000 X141.551 Y110.419 E1155.09153
G1 X141.968 Y113.681 E1155.20091
G1 X142.064 Y113.781 E1155.20552
G1 X139.517 Y116.888 E1155.33914
G1 X139.746 Y117.12 E1155.34998
G1 X135.097 Y116.874 E1155.50483
G1 X135.593 Y116.377 E1155.52818
G0 F9000 X135.495 Y116.587
G0 X136.065 Y119.097
G1 F3000 X136.448 Y119.48 E1155.54619
G1 X136.369 Y121.257 E1155.60536
G1 X136.632 Y120.995 E1155.6177
G0 F9000 X136.369 Y121.257
G1 F3000 X136 Y121.628 E1155.63511
G1 X135.95 Y121.676
G1 X131.016 Y126.612 E1155.86723
G0 F9000 X131.6 Y126.028
G1 F3000 X131.6 Y127.359 E1155.9115
G0 F9000 X131.698 Y127.314
G0 X132.4 Y126.744
G1 F3000 X136 Y130.342 E1156.08079
G0 F9000 X136.456 Y130.8
G1 F3000 X136 Y130.342 E1156.10229
G1 X136 Y127.285 E1156.20396
G1 X132.486 Y130.8 E1156.36927
G1 X132.4 Y130.884
G1 X131.816 Y131.468 E1156.39674
G0 F9000 X131.815 Y131.815
G1 F3000 X132.009 Y132.009 E1156.40587
G0 F9000 X132.086 Y131.2
G1 F3000 X136.505 Y131.2 E1156.55284
G0 F9000 X136.626 Y130.969
G1 F3000 X136.456 Y130.8 E1156.56082
G1 X132.486 Y130.8 E1156.69286
G1 X132.4 Y130.884 E1156.69686
G1 X132.4 Y126.744 E1156.83456
G1 X111.182 Y105.525 E1157.83261
G0 F9000 X111.182 Y105.825
G0 X106.783 Y105.825
G0 X106.783 Y105.589
G1 F3000 X105.971 Y106.4 E1157.87078
G1 X100.744 Y106.4 E1158.04463
G1 X99.935 Y105.592 E1158.08266
G0 F9000 X100.314 Y106.4
G1 F3000 X98.314 Y108.4 E1158.17673
G1 X97.087 Y108.4 E1158.21754
G1 X96.942 Y108.255 E1158.22436
G0 F9000 X97.087 Y108.4
G1 F3000 X97.889 Y109.203 E1158.26211
G0 F9000 X97.514 Y109.201
G1 F3000 X98.314 Y108.4 E1158.29976
G1 X98.4 Y108.316
G1 X98.4 Y109.13 E1158.32684
G0 F9000 X99.2 Y109.374
G1 F3000 X99.2 Y107.516 E1158.38863
G0 F9000 X96.657 Y107.971
G1 F3000 X96.942 Y108.255 E1158.40202
G1 X93.844 Y110.814 E1158.53566
G1 X94.306 Y111.277 E1158.55742
G0 F9000 X93.844 Y110.814
G1 F3000 X93.735 Y110.707 E1158.5625
G0 F9000 X93.559 Y110.53
G1 F3000 X93.378 Y110.35 E1158.57099
G0 F9000 X92.138 Y109.109
G1 F3000 X91.703 Y108.674 E1158.59145
G0 F9000 X91.893 Y108.801
G0 X91.059 Y110.292
G0 X90.841 Y110.217
G1 F3000 X91.459 Y109.6 E1158.62049
G1 X90.944 Y113.569 E1158.75361
G1 X91.2 Y113.829 E1158.76575
G1 X91.301 Y113.926
G1 X91.2 Y113.829 E1158.7704
G1 X91.2 Y115.515 E1158.82648
G1 X90.871 Y115.845 E1158.84198
G0 F9000 X91.081 Y116
G1 F3000 X93.371 Y116 E1158.91815
G0 F9000 X94.571 Y117.2
G1 F3000 X91.774 Y117.2 E1159.01117
G0 F9000 X91.864 Y117.141
G0 X92.92 Y118.319
G0 X92.849 Y118.4
G1 F3000 X93.971 Y118.4 E1159.04849
G0 F9000 X93.522 Y118.935
G1 F3000 X97.048 Y119.676 E1159.16833
G0 F9000 X98.532 Y120.285
G0 X99.2 Y121.828
G1 F3000 X99.2 Y118.831 E1159.26801
G1 X100.473 Y117.555 E1159.32796
G1 X95.048 Y117.325 E1159.50856
G1 X95.432 Y116.941 E1159.52662
G0 F9000 X95.048 Y117.325
G1 F3000 X93.385 Y118.988 E1159.60484
G0 F9000 X93.511 Y118.799
G0 X91.2 Y115.515
G1 F3000 X92.933 Y113.783 E1159.68633
G0 F9000 X93.396 Y113.319
G1 F3000 X92.933 Y113.783 E1159.70813
G1 X93.378 Y110.35 E1159.82327
G1 X92.138 Y109.109 E1159.88162
G1 X95.236 Y106.551 E1160.01525
G1 X95.087 Y106.4 E1160.0223
G0 F9000 X95.236 Y106.551
G1 F3000 X96.657 Y107.971 E1160.08912
G1 X93.559 Y110.53 E1160.22276
G1 X93.735 Y110.707 E1160.23107
G1 X93.396 Y113.319 E1160.31867
G1 X93.901 Y112.815 E1160.3424
G0 F9000 X93.673 Y112.795
G0 X93.933 Y114.447
G0 X94.036 Y114.4
G1 F3000 X92.317 Y114.4 E1160.39957
G0 F9000 X90.944 Y113.569
G1 F3000 X90.302 Y112.929 E1160.42973
G0 F9000 X90.529 Y112.944
G0 X98.532 Y120.285
G0 X99.2 Y124.486
G0 X98.603 Y125.316
G0 X98.37 Y125.316
G1 F3000 X99.2 Y124.487 E1160.46874
G1 X99.2 Y127.483 E1160.56839
G1 X102.515 Y130.8 E1160.72436
G1 X102.594 Y130.876
G1 X102.515 Y130.8 E1160.72801
G1 X98.545 Y130.8 E1160.86005
G1 X98.371 Y130.972 E1160.86819
G0 F9000 X98.545 Y130.8
G1 F3000 X99.2 Y130.143 E1160.89905
G0 F9000 X98.603 Y131.2
G0 X98.491 Y131.2
G1 F3000 X102.915 Y131.2 E1161.04619
G0 F9000 X103.181 Y131.465
G1 F3000 X102.594 Y130.876 E1161.07385
G1 X102.848 Y126.495 E1161.2198
G1 X99.2 Y130.143 E1161.3914
G1 X99.2 Y127.485 E1161.4798
G1 X98.369 Y126.653 E1161.51891
G0 F9000 X98.603 Y126.653
G0 X99.2 Y127.483
G0 X98.603 Y131.6
G0 X98.491 Y131.6
G1 F3000 X99.997 Y131.6 E1161.569
G0 F9000 X99.836 Y132
G1 F3000 X98.491 Y132 E1161.61374
G0 F9000 X98.371 Y132.312
G1 F3000 X99.936 Y133.877 E1161.68735
G1 X99.816 Y134.012
G1 X98.492 Y135.766 E1161.76044
G0 F9000 X98.739 Y136.261
G1 F3000 X99.936 Y135.064 E1161.81675
G0 F9000 X99.707 Y135.064
G0 X98.603 Y135.102
G0 X98.492 Y135.102
G1 F3000 X99.639 Y133.582 E1161.88008
G0 F9000 X99.354 Y133.296
G1 F3000 X98.492 Y134.438 E1161.92767
G0 F9000 X98.603 Y134.438
G0 X98.86 Y132.8
G1 F3000 X99.816 Y132.8 E1161.95947
G0 F9000 X99.816 Y132.4
G1 F3000 X98.491 Y132.4 E1162.00353
G0 F9000 X98.603 Y132.4
G0 X99.779 Y131.274
G0 X100.735 Y131.264
G0 X103.048 Y131.789
G0 X102.989 Y132.01
G1 F3000 X103.18 Y131.82 E1162.0125
G0 F9000 X102.965 Y131.767
G0 X100.179 Y131.674
G0 X100.179 Y138.96
G0 X100.525 Y138.966
G0 X104.333 Y138.505
G0 X104.252 Y138.193
G1 F3000 X104.86 Y138.8 E1162.04107
G1 X107.513 Y138.8 E1162.12931
G1 X108.214 Y138.1 E1162.16226
G0 F9000 X107.515 Y138.8
G0 X107.115 Y139.2
G1 F3000 X107.515 Y138.8 E1162.18107
G1 X110.515 Y138.8 E1162.28085
G1 X110.917 Y139.2 E1162.29972
G1 X112.769 Y139.2 E1162.36131
G1 X116.572 Y139.2 E1162.4878
G1 X117.348 Y139.975 E1162.52428
G0 F9000 X117.651 Y139.976
G1 F3000 X118.428 Y139.2 E1162.5608
G1 X122.229 Y139.2 E1162.68723
G1 X123.005 Y139.975 E1162.7237
G0 F9000 X123.308 Y139.976
G1 F3000 X124.083 Y139.2 E1162.76018
G1 X124.085 Y139.2
G1 X124.485 Y138.8 E1162.77899
G1 X127.486 Y138.8 E1162.87881
G1 X130.14 Y138.8 E1162.96708
G1 X129.74 Y139.2 E1162.9859
G1 X127.887 Y139.2 E1163.04753
G1 X127.487 Y138.8 E1163.06634
G1 X127.486 Y138.8
G1 X126.786 Y138.1 E1163.09927
G0 F9000 X126.786 Y138.331
G0 X127.886 Y139.2
G0 X128.662 Y139.749
G0 X128.662 Y139.975
G1 F3000 X127.886 Y139.2 E1163.13574
G1 X124.085 Y139.2 E1163.26217
G1 X122.231 Y139.2 E1163.32383
G1 X121.829 Y138.8 E1163.34269
G1 X118.828 Y138.8 E1163.44251
G1 X118.426 Y139.2 E1163.46137
G1 X116.574 Y139.2 E1163.52297
G1 X116.172 Y138.8 E1163.54183
G1 X113.171 Y138.8 E1163.64164
G1 X112.771 Y139.2 E1163.66046
G1 X112.769 Y139.2
G1 X111.994 Y139.976 E1163.69693
G0 F9000 X111.691 Y139.975
G1 F3000 X110.915 Y139.2 E1163.73341
G1 X107.115 Y139.2 E1163.8598
G1 X105.26 Y139.2 E1163.9215
G1 X104.86 Y138.8 E1163.94031
G0 F9000 X105.26 Y139.2
G1 F3000 X106.034 Y139.975 E1163.97674
G0 F9000 X106.338 Y139.976
G1 F3000 X107.113 Y139.2 E1164.01322
G0 F9000 X105.349 Y139.749
G0 X105.349 Y139.856
G1 F3000 X103.979 Y138.485 E1164.07768
G0 F9000 X103.532 Y138.604
G1 F3000 X104.783 Y139.856 E1164.13655
G0 F9000 X104.218 Y139.856
G1 F3000 X103.084 Y138.722 E1164.18989
G0 F9000 X102.637 Y138.841
G1 F3000 X103.652 Y139.856 E1164.23763
G0 F9000 X103.086 Y139.856
G1 F3000 X102.19 Y138.959 E1164.2798
G0 F9000 X101.689 Y138.968
G1 F3000 X100.681 Y139.976 E1164.32721
G0 F9000 X100.377 Y139.975
G1 F3000 X98.973 Y138.571 E1164.39325
G0 F9000 X99.181 Y138.681
G0 X99.779 Y139.36
G0 X100.639 Y139.369
G0 X109.816 Y138.331
G0 X109.816 Y138.1
G1 F3000 X110.517 Y138.8 E1164.4262
G1 X113.169 Y138.8 E1164.51441
G1 X113.87 Y138.1 E1164.54736
G0 F9000 X113.171 Y138.8
G0 X110.917 Y139.2
G0 X110.517 Y138.8
G0 X115.473 Y138.331
G0 X115.473 Y138.1
G1 F3000 X116.174 Y138.8 E1164.58031
G1 X118.826 Y138.8 E1164.66851
G1 X119.527 Y138.1 E1164.70146
G0 F9000 X118.828 Y138.8
G0 X118.428 Y139.2
G0 X116.574 Y139.2
G0 X116.174 Y138.8
G0 X121.13 Y138.331
G0 X121.13 Y138.1
G1 F3000 X121.831 Y138.8 E1164.73441
G1 X124.483 Y138.8 E1164.82262
G1 X125.184 Y138.1 E1164.85557
G0 F9000 X124.485 Y138.8
G0 X122.231 Y139.2
G0 X121.831 Y138.8
G0 X128.965 Y139.749
G0 X128.965 Y139.976
G1 F3000 X129.74 Y139.2 E1164.89204
G0 F9000 X130.14 Y138.8
G1 F3000 X130.745 Y138.196 E1164.92048
G0 F9000 X130.8 Y138.404
G1 F3000 X130.8 Y139.855 E1164.96874
G0 F9000 X130.4 Y139.855
G1 F3000 X130.4 Y138.542 E1165.01241
G0 F9000 X131.2 Y138.534
G1 F3000 X131.2 Y139.855 E1165.05635
G0 F9000 X132 Y139.855
G1 F3000 X132 Y138.746 E1165.09323
G0 F9000 X132.4 Y138.853
G1 F3000 X132.4 Y139.855 E1165.12656
G0 F9000 X132.8 Y139.855
G1 F3000 X132.8 Y138.959 E1165.15636
G0 F9000 X133.313 Y138.97
G1 F3000 X134.318 Y139.975 E1165.20363
G0 F9000 X134.622 Y139.976
G1 F3000 X136.023 Y138.575 E1165.26953
G0 F9000 X135.819 Y138.68
G0 X135.543 Y137.163
G0 X135.553 Y136.501
G0 X136.258 Y136.029
G0 X136.257 Y136.257
G1 F3000 X136 Y135.999 E1165.28164
G0 F9000 X135.6 Y135.599
G1 F3000 X136 Y135.999 E1165.30046
G1 X136 Y132.942 E1165.40213
G1 X136.625 Y132.316 E1165.43155
G1 X136.505 Y132.4
G1 X135.18 Y132.4 E1165.47562
G0 F9000 X135.18 Y132.8
G1 F3000 X136.14 Y132.8 E1165.50755
G1 X136 Y132.942
G1 X135.6 Y133.342 E1165.52637
G1 X135.6 Y135.599 E1165.60144
G1 X135.06 Y135.06 E1165.62681
G0 F9000 X135.293 Y135.06
G0 X135.293 Y133.881
G0 X135.06 Y133.881
G1 F3000 X135.6 Y133.342 E1165.65219
G0 F9000 X135.293 Y132
G0 X135.159 Y132
G1 F3000 X136.505 Y132 E1165.69696
G0 F9000 X136.505 Y131.6
G1 F3000 X134.999 Y131.6 E1165.74705
G0 F9000 X135.293 Y131.6
G0 X136 Y127.285
G0 X130.461 Y125.772
G0 X130.4 Y125.858
G1 F3000 X130.4 Y124.744 E1165.7841
G0 F9000 X129.228 Y125.161
G0 X129.2 Y125.264
G1 F3000 X129.2 Y123.544 E1165.84131
G0 F9000 X128.4 Y123.572
G1 F3000 X128.4 Y125.122 E1165.89286
G0 F9000 X128 Y125.106
G1 F3000 X128 Y123.972 E1165.93058
G0 F9000 X130.588 Y115.945
G0 X130.588 Y115.725
G1 F3000 X121.915 Y124.4 E1166.33857
G1 X124.399 Y124.4 E1166.42119
G1 X106.401 Y106.4 E1167.26781
G0 F9000 X111.734 Y105.753
G0 X111.806 Y96.4
G0 X111.738 Y96.4
G1 F3000 X112.489 Y96.4 E1167.29279
G0 F9000 X112.824 Y95.853
G1 F3000 X111.992 Y95.021 E1167.33192
G0 F9000 X111.695 Y95.021
G1 F3000 X111.577 Y95.138 E1167.33745
G0 F9000 X111.776 Y95.222
G0 X112.044 Y98.921
G0 X122.962 Y98.921
G0 X122.965 Y97.926
G0 X122.393 Y95.789
G0 X122.173 Y95.856
G1 F3000 X123.01 Y95.02 E1167.3768
G0 F9000 X123.304 Y95.02
G1 F3000 X123.424 Y95.14 E1167.38244
G0 F9000 X123.224 Y95.222
G0 X123.266 Y105.753
G0 X133.875 Y105.825
G0 X133.875 Y105.591
G1 F3000 X136.225 Y107.941 E1167.49298
G1 X133.129 Y110.501 E1167.62659
G1 X133.414 Y110.785 E1167.63998
G0 F9000 X133.915 Y111.288
G1 F3000 X133.414 Y110.785 E1167.66359
G1 X136.509 Y108.225 E1167.79718
G1 X136.225 Y107.941 E1167.81054
G0 F9000 X136.509 Y108.225
G1 F3000 X136.638 Y108.354 E1167.81661
G0 F9000 X137.11 Y109.203
G1 F3000 X137.828 Y108.485 E1167.85038
G1 X136.638 Y108.354 E1167.8902
G1 X137.485 Y109.201 E1167.93004
G0 F9000 X137.834 Y109.114
G1 F3000 X137.847 Y108.466 E1167.95159
G1 X137.828 Y108.485
G1 X139.641 Y106.672 E1168.03687
G1 X134.546 Y106.113 E1168.20735
G1 X135.066 Y105.591 E1168.23186
G0 F9000 X135.066 Y105.825
G0 X139.072 Y107.241
G1 F3000 X139.027 Y109.477 E1168.30624
G0 F9000 X139.074 Y109.379
G0 X140.287 Y110.284
G0 X140.21 Y110.36
G1 F3000 X140.29 Y106.371 E1168.43894
G0 F9000 X140.147 Y106.166
G1 F3000 X139.641 Y106.672 E1168.46274
G0 F9000 X140.084 Y106.143
G1 F3000 X143.451 Y109.511 E1168.62114
G1 X143.98 Y113.646 E1168.75979
G1 X144.285 Y113.342 E1168.77411
G1 X143.711 Y115.426 E1168.84601
G1 X144.126 Y115.842 E1168.86555
G0 F9000 X143.778 Y115.495
G1 F3000 X141.877 Y118.636 E1168.98767
G0 F9000 X141.614 Y118.986
G1 F3000 X141.454 Y118.827 E1168.99517
G1 X141.355 Y118.726
G1 X141.129 Y118.502 E1169.00575
G0 F9000 X140.087 Y117.538
G1 F3000 X143.98 Y113.646 E1169.18884
G0 F9000 X144.285 Y113.342
G1 F3000 X144.694 Y112.933 E1169.20808
G0 F9000 X144.47 Y112.947
G0 X143.486 Y115.204
G1 F3000 X143.711 Y115.426 E1169.2186
G0 F9000 X142.348 Y114.065
G1 F3000 X143.486 Y115.204 E1169.27215
G1 X141.355 Y118.726 E1169.40906
G1 X141.454 Y118.827 E1169.41377
G1 X137.779 Y119.85 E1169.54064
G1 X137.804 Y119.821 E1169.54192
G1 X136.735 Y119.765 E1169.57752
G1 X137.353 Y120.383 E1169.60659
G1 X137.236 Y120.391
G1 X137.779 Y119.85 E1169.63208
G1 X137.804 Y119.821
G1 X138.354 Y119.274 E1169.65788
G0 F9000 X136.735 Y119.765
G1 F3000 X136.448 Y119.48 E1169.67134
G0 F9000 X139.517 Y116.888
G1 F3000 X139.007 Y116.38 E1169.69528
G0 F9000 X139.106 Y116.593
G0 X139.746 Y117.12
G1 F3000 X139.801 Y117.172 E1169.6978
G0 F9000 X141.506 Y113.219
G1 F3000 X141.098 Y112.813 E1169.71694
G0 F9000 X141.328 Y112.794
G0 X141.551 Y110.419
G1 F3000 X143.294 Y108.676 E1169.79893
G0 F9000 X143.451 Y109.511
G1 F3000 X144.154 Y110.213 E1169.83197
G0 F9000 X143.938 Y110.286
G0 X137.996 Y109.075
G0 X137.307 Y109.015
G0 X136.617 Y109.075
G0 X135.947 Y109.255
G0 X135.318 Y109.548
G0 X134.75 Y109.946
G0 X134.259 Y110.436
G0 X133.862 Y111.005
G0 X132.689 Y113.704
G0 X132.679 Y115.873
G0 X126.245 Y115.873
G0 X126.432 Y115.684
;TYPE:SKIN
G1 F1500 X126.432 Y113.668 E1169.89902
G1 X126.915 Y113.668 E1169.91509
G1 X127.032 Y113.53 E1169.9211
G1 X127.032 Y112.867 E1169.94316
G1 X126.915 Y112.728 E1169.9492
G1 X126.448 Y112.728 E1169.96473
G1 X126.448 Y110.724 E1170.03138
G1 X132.504 Y110.724 E1170.23281
G1 X132.504 Y112.728 E1170.29946
G1 X132.022 Y112.728 E1170.31549
G1 X131.904 Y112.865 E1170.32151
G1 X131.904 Y113.53 E1170.34362
G1 X132.02 Y113.668 E1170.34962
G1 X132.488 Y113.668 E1170.36519
G1 X132.488 Y115.684 E1170.43224
G1 X126.432 Y115.684 E1170.63366
G0 F9000 X126.173 Y115.684
G0 X126.263 Y110.537
G0 X127.23 Y110.465
G0 X127.23 Y110.924
G1 F1500 X126.648 Y111.505 E1170.66101
G0 F9000 X126.648 Y112.071
G1 F1500 X127.795 Y110.924 E1170.71497
G0 F9000 X128.361 Y110.924
G1 F1500 X126.757 Y112.528 E1170.79041
G0 F9000 X127.146 Y112.704
G1 F1500 X128.927 Y110.924 E1170.87416
G0 F9000 X129.492 Y110.924
G1 F1500 X127.233 Y113.184 E1170.98044
G0 F9000 X126.774 Y113.184
G0 X126.245 Y113.482
G0 X126.173 Y114.35
G0 X126.632 Y114.35
G1 F1500 X130.058 Y110.924 E1171.14159
G0 F9000 X130.624 Y110.924
G1 F1500 X126.632 Y114.915 E1171.32934
G0 F9000 X126.632 Y115.481
G1 F1500 X131.19 Y110.924 E1171.54371
G0 F9000 X131.755 Y110.924
G1 F1500 X127.195 Y115.484 E1171.7582
G0 F9000 X127.761 Y115.484
G1 F1500 X132.304 Y110.941 E1171.97189
G0 F9000 X132.304 Y111.506
G1 F1500 X128.326 Y115.484 E1172.159
G0 F9000 X128.892 Y115.484
G1 F1500 X132.304 Y112.072 E1172.31949
G0 F9000 X132.767 Y112.072
G0 X132.695 Y112.916
G0 X132.165 Y113.237
G0 X131.704 Y113.237
G1 F1500 X129.458 Y115.484 E1172.42516
G0 F9000 X130.024 Y115.484
G1 F1500 X131.801 Y113.706 E1172.50877
G0 F9000 X132.206 Y113.868
G1 F1500 X130.589 Y115.484 E1172.5848
G0 F9000 X131.155 Y115.484
G1 F1500 X132.288 Y114.351 E1172.63809
G0 F9000 X132.288 Y114.917
G1 F1500 X131.721 Y115.484 E1172.66476
G0 F9000 X131.721 Y115.945
G0 X106.28 Y116.093
G0 X106.28 Y115.832
G1 F1500 X102.62 Y115.832 E1172.7865
G1 X102.62 Y113.816 E1172.85355
G1 X103.11 Y113.816 E1172.86985
G1 X103.22 Y113.634 E1172.87692
G1 X103.214 Y113.024 E1172.89721
G1 X103.107 Y112.876 E1172.90328
G1 X102.636 Y112.876 E1172.91895
G1 X102.636 Y110.872 E1172.9856
G1 X106.296 Y110.872 E1173.10733
G1 X106.296 Y112.876 E1173.17399
G1 X105.81 Y112.876 E1173.19015
G1 X105.702 Y113.024 E1173.19625
G1 X105.696 Y113.634 E1173.21653
G1 X105.784 Y113.783 E1173.22229
G1 X105.896 Y113.816 E1173.22617
G1 X106.28 Y113.816 E1173.23895
G1 X106.28 Y115.832 E1173.306
G0 F9000 X106.08 Y115.103
G1 F1500 X105.551 Y115.632 E1173.33088
G0 F9000 X104.986 Y115.632
G1 F1500 X106.08 Y114.537 E1173.38236
G0 F9000 X106.003 Y114.049
G1 F1500 X104.42 Y115.632 E1173.45682
G0 F9000 X103.854 Y115.632
G1 F1500 X105.608 Y113.878 E1173.53932
G0 F9000 X105.496 Y113.424
G1 F1500 X103.289 Y115.632 E1173.64316
G0 F9000 X102.82 Y115.534
G1 F1500 X106.096 Y112.259 E1173.79723
G0 F9000 X106.096 Y111.693
G1 F1500 X102.82 Y114.968 E1173.9513
G0 F9000 X102.82 Y114.403
G1 F1500 X106.096 Y111.127 E1174.10539
G0 F9000 X105.585 Y111.072
G1 F1500 X103.42 Y113.237 E1174.20723
G0 F9000 X103.293 Y112.798
G1 F1500 X105.019 Y111.072 E1174.28841
G0 F9000 X104.454 Y111.072
G1 F1500 X102.85 Y112.676 E1174.36386
G0 F9000 X102.836 Y112.125
G1 F1500 X103.888 Y111.072 E1174.41337
G0 F9000 X103.322 Y111.072
G1 F1500 X102.836 Y111.559 E1174.43625
G0 F9000 X102.079 Y111.559
;MESH:NONMESH
G0 F300 X102.079 Y111.559 Z3.8
G0 F9000 X101.431 Y114.353
G0 X101.138 Y114.981
G0 X100.741 Y115.55
G0 X100.25 Y116.04
G0 X99.682 Y116.438
G0 X99.053 Y116.731
G0 X97.663 Y117.028
G0 X97.69 Y116.719
;TIME_ELAPSED:1854.656403
;LAYER:18
;TYPE:WALL-INNER
;MESH:FT05-Frame Part B.stl
G1 F1500 X97.03 Y116.657 E1174.4583
G1 X96.431 Y116.497 E1174.47892
G1 X95.862 Y116.235 E1174.49975
G1 X95.297 Y115.847 E1174.52255
G1 X94.848 Y115.395 E1174.54374
G1 X94.46 Y114.851 E1174.56596
G1 X94.187 Y114.253 E1174.58783
G1 X94.027 Y113.654 E1174.60845
G1 X93.965 Y112.992 E1174.63056
G1 X94.023 Y112.339 E1174.65237
G1 X94.187 Y111.727 E1174.67344
G1 X94.462 Y111.125 E1174.69545
G1 X94.841 Y110.589 E1174.71729
G1 X95.288 Y110.144 E1174.73827
G1 X95.828 Y109.763 E1174.76025
G1 X96.431 Y109.483 E1174.78236
G1 X97.03 Y109.327 E1174.80295
G1 X97.715 Y109.268 E1174.82582
G1 X98.338 Y109.322 E1174.84661
G1 X98.967 Y109.486 E1174.86823
G1 X99.558 Y109.762 E1174.88993
G1 X100.092 Y110.138 E1174.91165
G1 X100.544 Y110.59 E1174.93291
G1 X100.923 Y111.127 E1174.95477
G1 X101.193 Y111.711 E1174.97617
G1 X101.362 Y112.347 E1174.99806
G1 X101.416 Y112.995 E1175.01969
G1 X101.359 Y113.643 E1175.04132
G1 X101.193 Y114.263 E1175.06267
G1 X100.917 Y114.859 E1175.08452
G1 X100.544 Y115.386 E1175.10599
G1 X100.077 Y115.852 E1175.12793
G1 X99.561 Y116.213 E1175.14888
G1 X98.969 Y116.494 E1175.17067
G1 X98.342 Y116.659 E1175.19224
G1 X97.69 Y116.719 E1175.21401
G1 F2700 E1170.21401
G0 F9000 X99.032 Y116.661
G0 X105.548 Y125.356
G0 X117.5 Y138.02
G1 F2700 E1175.21401
G1 F1500 X104.333 Y138.02 E1175.65195
G1 X104.228 Y138.234 E1175.65988
G1 X104.015 Y138.34 E1175.66779
G1 X100.655 Y139.233 E1175.78343
G1 X100.349 Y139.162 E1175.79387
G1 X100.086 Y138.908 E1175.80604
G1 X100.016 Y138.624 E1175.81576
G1 F1550.4 X100.029 Y136.94 E1175.86995
G1 X100.016 Y136.402 E1175.88727
G1 F1500 X100.016 Y132.008 E1176.03342
G1 X100.093 Y131.712 E1176.04359
G1 X100.276 Y131.513 E1176.05258
G1 X100.477 Y131.424 E1176.05989
G1 X100.683 Y131.405 E1176.06677
G1 X103.26 Y132.091 E1176.15547
G1 X103.262 Y128.853 E1176.26317
G1 X103.315 Y128.274 E1176.2825
G1 X103.473 Y127.672 E1176.30321
G1 X103.739 Y127.101 E1176.32416
G1 X104.104 Y126.582 E1176.34526
G1 X104.547 Y126.139 E1176.3661
G1 X105.054 Y125.787 E1176.38663
G1 X105.614 Y125.524 E1176.4072
G1 X106.241 Y125.356 E1176.42879
G1 X106.816 Y125.305 E1176.44799
G1 X128.187 Y125.306 E1177.1588
G1 X128.759 Y125.356 E1177.17789
G1 X129.382 Y125.524 E1177.19935
G1 X129.944 Y125.787 E1177.21999
G1 X130.45 Y126.136 E1177.24044
G1 X130.897 Y126.583 E1177.26146
G1 X131.258 Y127.103 E1177.28252
G1 X131.523 Y127.672 E1177.30339
G1 X131.687 Y128.277 E1177.32424
G1 X131.735 Y128.858 E1177.34363
G1 X131.736 Y132.091 E1177.45116
G1 X134.312 Y131.405 E1177.53983
G1 X134.52 Y131.424 E1177.54677
G1 X134.72 Y131.513 E1177.55405
G1 X134.903 Y131.712 E1177.56305
G1 X134.98 Y132.008 E1177.57322
G1 X134.98 Y136.397 E1177.7192
G1 F1550.4 X134.967 Y136.936 E1177.73655
G1 F1566.6 X134.976 Y137.318 E1177.74872
G1 F1515.2 X134.98 Y138.624 E1177.79172
G1 F1500 X134.91 Y138.907 E1177.80142
G1 X134.647 Y139.162 E1177.8136
G1 X134.484 Y139.216 E1177.81931
G1 X134.276 Y139.216 E1177.82623
G1 X130.981 Y138.34 E1177.93963
G1 X130.768 Y138.234 E1177.94754
G1 X130.663 Y138.02 E1177.95547
G1 X117.5 Y138.02 E1178.39327
G1 F2700 E1173.39327
G0 F9000 X117.5 Y139.856
G0 X117.5 Y140.056
G1 F2700 E1178.39327
G1 F1500 X136.708 Y140.055 E1179.03213
G1 X136.71 Y139.716 E1179.04341
G1 F1515.2 X135.4 Y137.213 E1179.13643
G1 F1566.6 X135.341 Y136.936 E1179.14545
G1 F1550.4 X135.457 Y136.563 E1179.15802
G1 F1500 X135.892 Y136.337 E1179.17432
G1 X136.704 Y136.338 E1179.20133
G1 X136.706 Y121.01 E1179.71114
G1 X136.797 Y120.746 E1179.72043
G1 X136.93 Y120.597 E1179.72707
G1 X137.16 Y120.476 E1179.73572
G1 X138.285 Y120.403 E1179.77321
G1 X139.244 Y120.211 E1179.80574
G1 X140.162 Y119.9 E1179.83798
G1 X141.043 Y119.467 E1179.87063
G1 X141.853 Y118.923 E1179.90308
G1 X142.59 Y118.278 E1179.93566
G1 X143.234 Y117.542 E1179.96819
G1 X143.779 Y116.727 E1180.00079
G1 X144.212 Y115.848 E1180.03339
G1 X144.527 Y114.932 E1180.0656
G1 X144.715 Y113.97 E1180.0982
G1 X144.778 Y112.992 E1180.1308
G1 X144.715 Y112.014 E1180.1634
G1 X144.527 Y111.052 E1180.196
G1 X144.212 Y110.135 E1180.22825
G1 X143.779 Y109.253 E1180.26093
G1 X143.235 Y108.443 E1180.29338
G1 X142.59 Y107.706 E1180.32595
G1 X141.853 Y107.062 E1180.35851
G1 X141.043 Y106.517 E1180.39098
G1 X140.162 Y106.084 E1180.42363
G1 X139.244 Y105.773 E1180.45586
G1 X138.284 Y105.581 E1180.48843
G1 X137.275 Y105.512 E1180.52206
G1 X124.046 Y105.51 E1180.96206
G1 X123.74 Y105.39 E1180.97299
G1 X123.539 Y105.115 E1180.98432
G1 X123.508 Y104.984 E1180.9888
G1 X123.504 Y99.202 E1181.18111
G1 F1428.6 X123.485 Y98.5 E1181.20564
G1 F1255.2 X123.445 Y98.238 E1181.21617
G1 F1158.3 X123.445 Y97.922 E1181.22978
G1 F1200 X123.464 Y97.799 E1181.23496
G1 F1363.6 X123.504 Y95.611 E1181.31502
G1 F1500 X123.504 Y94.94 E1181.33734
G1 X121.919 Y94.94 E1181.39005
G1 X122.194 Y95.812 E1181.42047
G1 F1363.6 X122.89 Y97.887 E1181.50054
G1 F1200 X122.931 Y97.966 E1181.50424
G1 F1158.3 X122.931 Y98.194 E1181.51406
G1 F1255.2 X122.838 Y98.351 E1181.52131
G1 F1428.6 X122.551 Y98.616 E1181.53495
G1 F1500 X122.28 Y98.68 E1181.54422
G1 X112.716 Y98.68 E1181.86232
G1 X112.445 Y98.616 E1181.87158
G1 F1428.6 X112.159 Y98.352 E1181.88517
G1 F1255.2 X112.067 Y98.194 E1181.89244
G1 F1158.3 X112.067 Y97.966 E1181.90226
G1 F1200 X112.105 Y97.887 E1181.9059
G1 F1363.6 X112.801 Y95.81 E1181.98604
G1 F1500 X113.076 Y94.941 E1182.01636
G1 X111.497 Y94.941 E1182.06888
G1 X111.497 Y95.609 E1182.0911
G1 F1363.6 X111.537 Y97.8 E1182.17127
G1 F1200 X111.554 Y97.922 E1182.17639
G1 F1158.3 X111.554 Y98.238 E1182.19
G1 F1255.2 X111.515 Y98.5 E1182.20053
G1 F1428.6 X111.496 Y99.2 E1182.22498
G1 F1500 X111.492 Y104.984 E1182.41736
G1 X111.357 Y105.297 E1182.4287
G1 X111.086 Y105.482 E1182.43961
G1 X110.954 Y105.51 E1182.4441
G1 X97.725 Y105.512 E1182.8841
G1 X96.716 Y105.58 E1182.91773
G1 X95.752 Y105.773 E1182.95043
G1 X94.834 Y106.084 E1182.98267
G1 X93.957 Y106.517 E1183.0152
G1 X93.142 Y107.062 E1183.04781
G1 X92.406 Y107.706 E1183.08034
G1 X91.761 Y108.443 E1183.11291
G1 X91.217 Y109.253 E1183.14537
G1 X90.784 Y110.134 E1183.17802
G1 X90.473 Y111.052 E1183.21025
G1 X90.281 Y112.015 E1183.24291
G1 X90.218 Y112.992 E1183.27548
G1 X90.281 Y113.969 E1183.30804
G1 X90.473 Y114.932 E1183.3407
G1 X90.784 Y115.849 E1183.3729
G1 X91.217 Y116.727 E1183.40546
G1 X91.762 Y117.542 E1183.43807
G1 X92.406 Y118.278 E1183.4706
G1 X93.142 Y118.922 E1183.50313
G1 X93.957 Y119.467 E1183.53574
G1 X94.835 Y119.9 E1183.5683
G1 X95.752 Y120.211 E1183.6005
G1 X96.715 Y120.403 E1183.63316
G1 X97.836 Y120.476 E1183.67053
G1 X98.065 Y120.598 E1183.67916
G1 X98.199 Y120.745 E1183.68577
G1 X98.29 Y121.01 E1183.69509
G1 X98.292 Y136.34 E1184.20497
G1 X99.104 Y136.341 E1184.23198
G1 X99.54 Y136.567 E1184.24831
G1 F1550.4 X99.655 Y136.94 E1184.26087
G1 F1566.6 X99.595 Y137.218 E1184.26993
G1 F1515.2 X98.286 Y139.715 E1184.36276
G1 F1500 X98.289 Y140.056 E1184.3741
G1 X117.5 Y140.056 E1185.01306
G1 F2700 E1180.01306
G0 F9000 X136.509 Y139.855
G0 X137.305 Y116.9
G0 X137.303 Y116.719
G1 F2700 E1185.01306
G1 F1500 X136.654 Y116.659 E1185.03474
G1 X136.026 Y116.491 E1185.05636
G1 X135.439 Y116.214 E1185.07795
G1 X134.92 Y115.852 E1185.099
G1 X134.452 Y115.386 E1185.12097
G1 X134.095 Y114.877 E1185.14164
G1 X133.803 Y114.265 E1185.1642
G1 X133.635 Y113.632 E1185.18598
G1 X133.58 Y112.995 E1185.20724
G1 X133.634 Y112.347 E1185.22887
G1 X133.802 Y111.712 E1185.25072
G1 X134.079 Y111.125 E1185.27231
G1 X134.451 Y110.591 E1185.29395
G1 X134.907 Y110.135 E1185.3154
G1 X135.441 Y109.763 E1185.33705
G1 X136.032 Y109.485 E1185.35877
G1 X136.656 Y109.325 E1185.3802
G1 X137.281 Y109.268 E1185.40107
G1 X137.966 Y109.327 E1185.42394
G1 X138.569 Y109.483 E1185.44465
G1 X139.133 Y109.744 E1185.46532
G1 X139.695 Y110.13 E1185.488
G1 X140.163 Y110.593 E1185.5099
G1 X140.532 Y111.128 E1185.53151
G1 X140.812 Y111.725 E1185.55344
G1 X140.969 Y112.332 E1185.5743
G1 X141.035 Y112.997 E1185.59652
G1 X140.97 Y113.652 E1185.61842
G1 X140.813 Y114.255 E1185.63914
G1 X140.512 Y114.886 E1185.66239
G1 X140.159 Y115.391 E1185.68289
G1 X139.708 Y115.836 E1185.70396
G1 X139.168 Y116.217 E1185.72594
G1 X138.569 Y116.497 E1185.74793
G1 X137.967 Y116.657 E1185.76865
G1 X137.303 Y116.719 E1185.79083
G0 F9000 X137.286 Y116.316
;TYPE:WALL-OUTER
G1 F1500 X136.708 Y116.262 E1185.81014
G1 X136.184 Y116.122 E1185.82818
G1 X135.642 Y115.869 E1185.84807
G1 X135.181 Y115.549 E1185.86674
G1 X134.758 Y115.129 E1185.88656
G1 X134.428 Y114.655 E1185.90577
G1 X134.179 Y114.129 E1185.92513
G1 X134.028 Y113.554 E1185.9449
G1 X133.98 Y112.974 E1185.96426
G1 X134.034 Y112.396 E1185.98357
G1 X134.174 Y111.868 E1186.00174
G1 X134.435 Y111.313 E1186.02213
G1 X134.747 Y110.865 E1186.04029
G1 X135.181 Y110.431 E1186.06071
G1 X135.629 Y110.119 E1186.07886
G1 X136.185 Y109.858 E1186.09929
G1 X136.742 Y109.716 E1186.11841
G1 X137.322 Y109.668 E1186.13777
G1 X137.888 Y109.719 E1186.15667
G1 X138.441 Y109.862 E1186.17567
G1 X138.968 Y110.11 E1186.19504
G1 X139.453 Y110.453 E1186.2148
G1 X139.851 Y110.848 E1186.23345
G1 X140.186 Y111.328 E1186.25292
G1 X140.434 Y111.855 E1186.27229
G1 X140.577 Y112.409 E1186.29132
G1 X140.632 Y113.005 E1186.31123
G1 X140.58 Y113.556 E1186.32963
G1 X140.434 Y114.125 E1186.34917
G1 X140.177 Y114.667 E1186.36912
G1 X139.865 Y115.115 E1186.38728
G1 X139.444 Y115.535 E1186.40706
G1 X138.98 Y115.863 E1186.42596
G1 X138.441 Y116.118 E1186.44579
G1 X137.888 Y116.265 E1186.46482
G1 X137.286 Y116.316 E1186.48492
G1 F2700 E1181.48492
G0 F9000 X137.259 Y116.625
G0 X136.622 Y116.837
G0 X130.028 Y125.626
G0 X117.5 Y137.62
G1 F2700 E1186.48492
G1 F1500 X104.083 Y137.62 E1186.93117
G1 X103.973 Y137.938 E1186.94236
G1 X100.631 Y138.827 E1187.05738
G1 X100.527 Y138.804 E1187.06092
G1 X100.416 Y138.697 E1187.06605
G1 X100.416 Y132.008 E1187.28853
G1 X100.502 Y131.843 E1187.29472
G1 X100.627 Y131.808 E1187.29903
G1 X103.66 Y132.611 E1187.40339
G1 X103.66 Y128.889 E1187.52718
G1 X103.714 Y128.329 E1187.54589
G1 X103.858 Y127.791 E1187.56442
G1 X104.078 Y127.319 E1187.58174
G1 X104.4 Y126.856 E1187.6005
G1 X104.821 Y126.435 E1187.6203
G1 X105.241 Y126.143 E1187.63731
G1 X105.759 Y125.897 E1187.65638
G1 X106.307 Y125.75 E1187.67526
G1 X106.864 Y125.704 E1187.69384
G1 X128.153 Y125.704 E1188.40192
G1 X128.693 Y125.75 E1188.41995
G1 X129.237 Y125.897 E1188.43869
G1 X129.754 Y126.143 E1188.45773
G1 X130.206 Y126.458 E1188.47605
G1 X130.601 Y126.857 E1188.49473
G1 X130.918 Y127.319 E1188.51336
G1 X131.15 Y127.823 E1188.53182
G1 X131.286 Y128.327 E1188.54918
G1 X131.336 Y128.891 E1188.56801
G1 X131.336 Y132.611 E1188.69174
G1 X134.369 Y131.808 E1188.79609
G1 X134.494 Y131.843 E1188.80041
G1 X134.58 Y132.008 E1188.8066
G1 X134.58 Y138.697 E1189.02908
G1 X134.469 Y138.804 E1189.03421
G1 X134.345 Y138.822 E1189.03837
G1 X131.023 Y137.938 E1189.15271
G1 X130.913 Y137.62 E1189.1639
G1 X117.5 Y137.62 E1189.61002
G1 F2700 E1184.61002
G0 F9000 X117.5 Y137.931
G0 X117.5 Y138.2
G0 X117.5 Y139.856
G0 X117.5 Y140.456
G1 F2700 E1189.61002
G1 F1500 X136.996 Y140.455 E1190.25846
G1 X137.108 Y140.344 E1190.2637
G1 X137.111 Y139.618 E1190.28785
G1 X135.718 Y136.966 E1190.38748
G1 X135.771 Y136.811 E1190.39293
G1 X135.916 Y136.736 E1190.39836
G1 X137.104 Y136.739 E1190.43787
G1 X137.104 Y121.048 E1190.95976
G1 X137.135 Y120.96 E1190.96286
G1 X137.232 Y120.872 E1190.96722
G1 X138.337 Y120.801 E1191.00405
G1 X139.348 Y120.598 E1191.03834
G1 X140.315 Y120.27 E1191.07231
G1 X141.243 Y119.814 E1191.1067
G1 X142.097 Y119.241 E1191.1409
G1 X142.874 Y118.562 E1191.17522
G1 X143.552 Y117.786 E1191.2095
G1 X144.126 Y116.927 E1191.24386
G1 X144.582 Y116.002 E1191.27816
G1 X144.914 Y115.036 E1191.31213
G1 X145.113 Y114.022 E1191.3465
G1 X145.179 Y112.992 E1191.38083
G1 X145.113 Y111.962 E1191.41516
G1 X144.914 Y110.948 E1191.44953
G1 X144.582 Y109.981 E1191.48353
G1 X144.126 Y109.053 E1191.51792
G1 X143.553 Y108.199 E1191.55213
G1 X142.874 Y107.422 E1191.58645
G1 X142.097 Y106.744 E1191.62075
G1 X141.243 Y106.17 E1191.65497
G1 X140.315 Y105.714 E1191.68936
G1 X139.348 Y105.386 E1191.72332
G1 X138.337 Y105.183 E1191.75762
G1 X137.289 Y105.112 E1191.79256
G1 X124.069 Y105.11 E1192.23226
G1 X123.967 Y105.059 E1192.23605
G1 X123.904 Y104.93 E1192.24082
G1 X123.904 Y94.54 E1192.5864
G1 X121.373 Y94.54 E1192.67058
G1 X122.478 Y98.045 E1192.79281
G1 X122.46 Y98.168 E1192.79695
G1 X122.35 Y98.28 E1192.80217
G1 X112.646 Y98.28 E1193.12492
G1 X112.536 Y98.168 E1193.13014
G1 X112.512 Y98.061 E1193.13379
G1 X113.622 Y94.541 E1193.25655
G1 X111.097 Y94.541 E1193.34053
G1 X111.095 Y104.936 E1193.68627
G1 X111.059 Y105.029 E1193.68959
G1 X110.931 Y105.11 E1193.69463
G1 X97.711 Y105.112 E1194.13433
G1 X96.663 Y105.183 E1194.16926
G1 X95.648 Y105.386 E1194.20369
G1 X94.681 Y105.714 E1194.23765
G1 X93.757 Y106.17 E1194.27192
G1 X92.898 Y106.744 E1194.30628
G1 X92.122 Y107.422 E1194.34056
G1 X91.443 Y108.199 E1194.37488
G1 X90.87 Y109.053 E1194.40908
G1 X90.414 Y109.981 E1194.44347
G1 X90.086 Y110.948 E1194.47744
G1 X89.883 Y111.963 E1194.51186
G1 X89.817 Y112.992 E1194.54616
G1 X89.883 Y114.021 E1194.58045
G1 X90.086 Y115.036 E1194.61488
G1 X90.414 Y116.003 E1194.64884
G1 X90.87 Y116.927 E1194.68312
G1 X91.444 Y117.786 E1194.71748
G1 X92.122 Y118.562 E1194.75175
G1 X92.898 Y119.24 E1194.78602
G1 X93.757 Y119.814 E1194.82039
G1 X94.681 Y120.27 E1194.85466
G1 X95.648 Y120.598 E1194.88862
G1 X96.663 Y120.801 E1194.92305
G1 X97.764 Y120.871 E1194.95974
G1 X97.861 Y120.96 E1194.96412
G1 X97.892 Y121.048 E1194.96722
G1 X97.892 Y136.74 E1195.48914
G1 X99.08 Y136.74 E1195.52865
G1 X99.226 Y136.815 E1195.53411
G1 X99.279 Y136.972 E1195.53962
G1 X97.885 Y139.617 E1195.63907
G1 X97.891 Y140.344 E1195.66325
G1 X98.003 Y140.456 E1195.66852
G1 X117.5 Y140.456 E1196.31699
G1 F2700 E1191.31699
G0 F9000 X117.5 Y140.149
G0 X98.487 Y139.856
G0 X97.691 Y116.9
G0 X97.674 Y116.316
G1 F2700 E1196.31699
G1 F1500 X97.096 Y116.262 E1196.3363
G1 X96.559 Y116.118 E1196.35479
G1 X96.028 Y115.87 E1196.37428
G1 X95.552 Y115.535 E1196.39364
G1 X95.149 Y115.132 E1196.4126
G1 X94.817 Y114.664 E1196.43168
G1 X94.562 Y114.112 E1196.45191
G1 X94.419 Y113.576 E1196.47036
G1 X94.368 Y112.974 E1196.49045
G1 X94.422 Y112.396 E1196.50976
G1 X94.566 Y111.855 E1196.52838
G1 X94.81 Y111.328 E1196.54769
G1 X95.158 Y110.838 E1196.56768
G1 X95.552 Y110.445 E1196.58619
G1 X96.016 Y110.117 E1196.60509
G1 X96.539 Y109.87 E1196.62433
G1 X97.108 Y109.719 E1196.64391
G1 X97.71 Y109.668 E1196.664
G1 X98.287 Y109.722 E1196.68328
G1 X98.845 Y109.87 E1196.70248
G1 X99.372 Y110.12 E1196.72188
G1 X99.842 Y110.454 E1196.74106
G1 X100.248 Y110.864 E1196.76025
G1 X100.582 Y111.343 E1196.77967
G1 X100.822 Y111.868 E1196.79887
G1 X100.968 Y112.43 E1196.81818
G1 X101.016 Y113.01 E1196.83754
G1 X100.962 Y113.588 E1196.85685
G1 X100.817 Y114.128 E1196.87545
G1 X100.573 Y114.655 E1196.89476
G1 X100.238 Y115.129 E1196.91407
G1 X99.826 Y115.54 E1196.93342
G1 X99.358 Y115.869 E1196.95245
G1 X98.83 Y116.116 E1196.97184
G1 X98.254 Y116.268 E1196.99165
G1 X97.674 Y116.316 E1197.01101
G1 F2700 E1192.01101
G0 F9000 X97.647 Y116.625
G0 X99.653 Y116.368
G0 X135.35 Y116.374
G0 X137.288 Y117.08
;TYPE:SKIN
G1 F2700 E1197.01101
G1 F1500 X138.036 Y117.009 E1197.036
G1 X138.685 Y116.838 E1197.05832
G1 X139.344 Y116.526 E1197.08257
G1 X139.931 Y116.117 E1197.10637
G1 X140.42 Y115.635 E1197.1292
G1 X140.846 Y115.029 E1197.15384
G1 X141.154 Y114.373 E1197.17795
G1 X141.325 Y113.716 E1197.20053
G1 X141.396 Y113.008 E1197.22419
G1 X141.321 Y112.26 E1197.24919
G1 X141.15 Y111.606 E1197.27168
G1 X140.839 Y110.932 E1197.29637
G1 X140.419 Y110.34 E1197.32051
G1 X139.957 Y109.885 E1197.34208
G1 X139.329 Y109.44 E1197.36768
G1 X138.685 Y109.142 E1197.39128
G1 X138.036 Y108.971 E1197.4136
G1 X137.335 Y108.904 E1197.43702
G1 X136.585 Y108.966 E1197.46205
G1 X135.921 Y109.138 E1197.48487
G1 X135.278 Y109.439 E1197.50848
G1 X134.662 Y109.87 E1197.53348
G1 X134.186 Y110.346 E1197.55587
G1 X133.755 Y110.961 E1197.58085
G1 X133.467 Y111.565 E1197.60311
G1 X133.282 Y112.265 E1197.62719
G1 X133.216 Y112.974 E1197.65087
G1 X133.28 Y113.687 E1197.67468
G1 X133.463 Y114.389 E1197.69881
G1 X133.784 Y115.064 E1197.72367
G1 X134.175 Y115.622 E1197.74633
G1 X134.693 Y116.132 E1197.77051
G1 X135.258 Y116.529 E1197.79348
G1 X135.896 Y116.83 E1197.81694
G1 X136.6 Y117.012 E1197.84113
G1 X137.288 Y117.08 E1197.86412
G1 F2700 E1192.86412
G0 F9000 X137.312 Y116.821
G0 X136.622 Y116.837
G0 X135.114 Y136.936
G0 X134.18 Y139.628
G1 F2700 E1197.86412
G1 F1136.4 X134.553 Y139.631 E1197.8805
G0 F9000 X134.949 Y139.692
G1 F1295.9 X134.553 Y139.631 E1197.89592
G1 F1234.6 X134.783 Y139.515 E1197.90633
G1 F1382.5 X135.221 Y139.092 E1197.92831
G1 F1459.9 X135.34 Y138.647 E1197.94405
G1 F1500 X135.334 Y137.854 E1197.97042
G1 X136.293 Y139.691 E1198.03935
G1 X134.949 Y139.692 E1198.08405
G0 F9000 X135.66 Y139.274
G1 F1388.9 X135.633 Y139.321 E1198.086
G1 X135.579 Y139.321 E1198.08794
G1 X135.552 Y139.274 E1198.08988
G1 X135.579 Y139.227 E1198.09183
G1 X135.633 Y139.227 E1198.09377
G1 X135.66 Y139.274 E1198.09572
G1 F2700 E1193.09572
G0 F9000 X136.215 Y138.985
G0 X135.543 Y137.163
G0 X135.553 Y136.501
G0 X135.922 Y136.49
G0 X135.88 Y136.137
G0 X135.842 Y135.475
G1 F2700 E1198.09572
G1 F993.4 X135.842 Y131.971 E1198.2717
G1 F2700 E1193.2717
G0 F9000 X134.286 Y131.223
G0 X117.5 Y124.944
G1 F2700 E1198.2717
G1 F1500 X106.84 Y124.944 E1198.62625
G1 X106.182 Y124.998 E1198.64821
G1 X105.495 Y125.182 E1198.67186
G1 X104.865 Y125.475 E1198.69497
G1 X104.325 Y125.851 E1198.71686
G1 X103.834 Y126.338 E1198.73986
G1 X103.431 Y126.914 E1198.76324
G1 X103.142 Y127.523 E1198.78566
G1 X102.962 Y128.201 E1198.80899
G1 X102.9 Y128.821 E1198.82972
G1 X102.9 Y131.623 E1198.92291
G1 X100.714 Y131.044 E1198.99813
G1 X100.389 Y131.071 E1199.00897
G1 X100.064 Y131.213 E1199.02077
G1 X99.775 Y131.533 E1199.03511
G1 X99.662 Y131.961 E1199.04983
G1 X99.656 Y136.24 E1199.19215
G1 X99.154 Y135.98 E1199.21096
G1 X98.652 Y135.977 E1199.22765
G1 X98.646 Y120.962 E1199.72706
G1 X98.504 Y120.557 E1199.74133
G1 X98.292 Y120.312 E1199.75211
G1 X97.925 Y120.119 E1199.7659
G1 X96.759 Y120.045 E1199.80476
G1 X95.84 Y119.858 E1199.83595
G1 X94.973 Y119.566 E1199.86638
G1 X94.137 Y119.154 E1199.89738
G1 X93.358 Y118.632 E1199.92856
G1 X92.662 Y118.026 E1199.95926
G1 X92.048 Y117.318 E1199.99043
G1 X91.53 Y116.543 E1200.02143
G1 X91.113 Y115.707 E1200.05251
G1 X90.822 Y114.844 E1200.0828
G1 X90.639 Y113.921 E1200.11409
G1 X90.577 Y112.988 E1200.14519
G1 X90.639 Y112.059 E1200.17616
G1 X90.822 Y111.14 E1200.20733
G1 X91.114 Y110.277 E1200.23763
G1 X91.53 Y109.433 E1200.26893
G1 X92.047 Y108.663 E1200.29977
G1 X92.662 Y107.962 E1200.33079
G1 X93.363 Y107.347 E1200.36181
G1 X94.137 Y106.83 E1200.39276
G1 X94.973 Y106.414 E1200.42382
G1 X95.837 Y106.122 E1200.45415
G1 X96.759 Y105.935 E1200.48545
G1 X97.747 Y105.872 E1200.51837
G1 X111.008 Y105.865 E1200.95944
G1 X111.309 Y105.775 E1200.96988
G1 X111.557 Y105.612 E1200.97976
G1 X111.799 Y105.245 E1200.99438
G1 X111.847 Y105.022 E1201.00196
G1 X111.856 Y99.222 E1201.19487
G1 X111.889 Y98.596 E1201.21572
G1 X112.27 Y98.934 E1201.23266
G1 X112.673 Y99.035 E1201.24648
G1 X122.319 Y99.035 E1201.56731
G1 X122.709 Y98.936 E1201.58069
G1 X123.108 Y98.595 E1201.59815
G1 X123.144 Y99.191 E1201.61801
G1 X123.152 Y105.04 E1201.81255
G1 X123.271 Y105.391 E1201.82487
G1 X123.454 Y105.62 E1201.83462
G1 X123.717 Y105.789 E1201.84502
G1 X123.997 Y105.866 E1201.85468
G1 X137.249 Y105.872 E1202.29544
G1 X138.233 Y105.935 E1202.32824
G1 X139.155 Y106.122 E1202.35953
G1 X140.019 Y106.414 E1202.38986
G1 X140.859 Y106.83 E1202.42104
G1 X141.638 Y107.352 E1202.45223
G1 X142.33 Y107.954 E1202.48273
G1 X142.944 Y108.658 E1202.5138
G1 X143.462 Y109.432 E1202.54478
G1 X143.874 Y110.273 E1202.57593
G1 X144.174 Y111.145 E1202.6066
G1 X144.357 Y112.055 E1202.63747
G1 X144.415 Y112.988 E1202.66856
G1 X144.357 Y113.925 E1202.69979
G1 X144.174 Y114.835 E1202.73066
G1 X143.874 Y115.707 E1202.76133
G1 X143.466 Y116.543 E1202.79227
G1 X142.944 Y117.318 E1202.82335
G1 X142.334 Y118.022 E1202.85433
G1 X141.629 Y118.636 E1202.88543
G1 X140.859 Y119.154 E1202.91629
G1 X140.019 Y119.566 E1202.94741
G1 X139.155 Y119.858 E1202.97774
G1 X138.237 Y120.045 E1203.0089
G1 X137.066 Y120.119 E1203.04793
G1 X136.703 Y120.318 E1203.0617
G1 X136.488 Y120.556 E1203.07237
G1 X136.346 Y120.962 E1203.08667
G1 X136.344 Y135.976 E1203.58604
G1 X135.837 Y135.976 E1203.6029
G1 X135.34 Y136.235 E1203.62154
G1 X135.334 Y131.961 E1203.7637
G1 X135.221 Y131.527 E1203.77861
G1 X134.928 Y131.214 E1203.79287
G1 X134.606 Y131.071 E1203.80459
G1 X134.27 Y131.041 E1203.81581
G1 X132.096 Y131.623 E1203.89066
G1 X132.092 Y128.823 E1203.98379
G1 X132.044 Y128.235 E1204.00341
G1 X131.862 Y127.551 E1204.02696
G1 X131.568 Y126.912 E1204.05035
G1 X131.158 Y126.334 E1204.07392
G1 X130.698 Y125.874 E1204.09556
G1 X130.126 Y125.475 E1204.11875
G1 X129.472 Y125.173 E1204.14271
G1 X128.823 Y124.998 E1204.16507
G1 X128.214 Y124.944 E1204.1854
G1 X117.5 Y124.944 E1204.54175
G1 F2700 E1199.54175
G0 F9000 X117.499 Y125.204
G0 X106.264 Y125.505
G0 X105.681 Y125.661
G0 X105.135 Y125.916
G0 X104.644 Y126.261
G0 X104.218 Y126.685
G0 X103.873 Y127.178
G0 X103.618 Y127.724
G0 X103.463 Y128.305
G0 X103.412 Y128.885
G0 X103.427 Y132.309
G0 X100.789 Y131.59
G0 X100.179 Y131.601
G0 X100.179 Y139.034
G0 X100.789 Y139.045
G0 X103.951 Y138.195
G0 X117.5 Y138.2
G0 X117.5 Y139.856
G0 X117.5 Y139.694
G1 F2700 E1204.54175
G1 F1500 X104.235 Y139.696 E1204.98295
G1 F1401.9 X102.484 Y139.668 E1205.04527
G1 F1234.6 X100.733 Y139.64 E1205.11604
G1 X102.419 Y139.163 E1205.18685
G1 F1401.9 X104.104 Y138.686 E1205.24917
G1 F1500 X104.443 Y138.519 E1205.26174
G1 X104.533 Y138.38 E1205.26725
G1 X130.459 Y138.38 E1206.12955
G1 X130.549 Y138.518 E1206.13503
G1 X130.892 Y138.686 E1206.14773
G1 F1421.8 X131.988 Y139 E1206.18774
G1 F1290.3 X133.084 Y139.314 E1206.23182
G1 F1181.1 X134.18 Y139.628 E1206.27998
G1 X133.04 Y139.649 E1206.32814
G1 F1290.3 X131.901 Y139.671 E1206.37219
G1 F1421.8 X130.761 Y139.692 E1206.4122
G1 F1500 X117.5 Y139.694 E1206.85326
G1 F2700 E1201.85326
G0 F9000 X117.5 Y139.956
G0 X100.653 Y139.856
G0 X100.668 Y139.417
G0 X100.734 Y139.64
G1 F2700 E1206.85326
G1 F1171.9 X100.612 Y139.641 E1206.85845
G0 F9000 X100.214 Y139.695
G1 F1500 X98.699 Y139.695 E1206.90884
G1 X99.658 Y137.861 E1206.97768
G1 X99.656 Y138.619 E1207.00289
G1 X99.762 Y139.079 E1207.01859
G1 F1401.9 X100.167 Y139.475 E1207.03875
G1 F1244.8 X100.612 Y139.641 E1207.05778
G1 F1318.7 X100.214 Y139.695 E1207.07298
G0 F9000 X99.439 Y139.277
G1 F1376.1 X99.412 Y139.324 E1207.07494
G1 X99.358 Y139.324 E1207.0769
G1 X99.331 Y139.277 E1207.07887
G1 X99.358 Y139.23 E1207.08083
G1 X99.412 Y139.23 E1207.08279
G1 X99.439 Y139.277 E1207.08475
G1 F2700 E1202.08475
G0 F9000 X99.996 Y138.953
G0 X99.835 Y136.402
G0 X99.154 Y135.479
G1 F2700 E1207.08475
G1 F990.1 X99.152 Y131.979 E1207.26112
G1 F2700 E1202.26112
G0 F9000 X97.691 Y116.9
G0 X97.664 Y117.08
G1 F2700 E1207.26112
G1 F1500 X98.388 Y117.012 E1207.2853
G1 X99.106 Y116.825 E1207.30998
G1 X99.742 Y116.521 E1207.33343
G1 X100.291 Y116.141 E1207.35563
G1 X100.818 Y115.617 E1207.38035
G1 X101.22 Y115.052 E1207.40341
G1 X101.529 Y114.392 E1207.42765
G1 X101.71 Y113.72 E1207.4508
G1 X101.776 Y113.01 E1207.47452
G1 X101.716 Y112.298 E1207.49828
G1 X101.526 Y111.575 E1207.52315
G1 X101.225 Y110.933 E1207.54673
G1 X100.829 Y110.365 E1207.56976
G1 X100.312 Y109.852 E1207.59398
G1 X99.756 Y109.46 E1207.61661
G1 X99.071 Y109.138 E1207.64178
G1 X98.39 Y108.964 E1207.66516
G1 X97.657 Y108.904 E1207.68962
G1 X96.956 Y108.971 E1207.71305
G1 X96.328 Y109.138 E1207.73466
G1 X95.636 Y109.453 E1207.75995
G1 X95.043 Y109.877 E1207.78419
G1 X94.577 Y110.344 E1207.80614
G1 X94.136 Y110.959 E1207.83131
G1 X93.853 Y111.585 E1207.85416
G1 X93.674 Y112.252 E1207.87713
G1 X93.604 Y112.965 E1207.90095
G1 X93.671 Y113.723 E1207.92626
G1 X93.842 Y114.357 E1207.9481
G1 X94.149 Y115.036 E1207.97289
G1 X94.581 Y115.64 E1207.99759
G1 X95.034 Y116.094 E1208.01892
G1 X95.655 Y116.532 E1208.04419
G1 X96.312 Y116.834 E1208.06824
G1 X96.96 Y117.009 E1208.09057
G1 X97.664 Y117.08 E1208.1141
G1 F2700 E1203.1141
G0 F9000 X97.689 Y116.82
G0 X98.374 Y116.837
G0 X99.882 Y136.94
G0 X102.091 Y139.427
G1 F2700 E1208.1141
G1 F1500 X102.161 Y139.496 E1208.11737
G0 F9000 X102.539 Y139.309
G1 F1500 X102.726 Y139.496 E1208.12617
G0 F9000 X102.986 Y139.19
G1 F1500 X103.292 Y139.496 E1208.14056
G0 F9000 X103.433 Y139.071
G1 F1500 X103.858 Y139.496 E1208.16055
G0 F9000 X103.88 Y138.953
G1 F1500 X104.423 Y139.495 E1208.18607
G0 F9000 X104.988 Y139.495
G1 F1500 X104.303 Y138.81 E1208.21829
G0 F9000 X104.641 Y138.582
G1 F1500 X105.554 Y139.495 E1208.26123
G0 F9000 X106.12 Y139.495
G1 F1500 X105.205 Y138.58 E1208.30427
G0 F9000 X105.77 Y138.58
G1 F1500 X106.685 Y139.495 E1208.34731
G0 F9000 X107.251 Y139.495
G1 F1500 X106.336 Y138.58 E1208.39035
G0 F9000 X106.902 Y138.58
G1 F1500 X107.817 Y139.495 E1208.43339
G0 F9000 X108.382 Y139.495
G1 F1500 X107.468 Y138.58 E1208.4764
G0 F9000 X108.033 Y138.58
G1 F1500 X108.948 Y139.495 E1208.51944
G0 F9000 X109.514 Y139.495
G1 F1500 X108.599 Y138.58 E1208.56248
G0 F9000 X109.165 Y138.58
G1 F1500 X110.079 Y139.494 E1208.60547
G0 F9000 X110.645 Y139.494
G1 F1500 X109.73 Y138.58 E1208.64849
G0 F9000 X110.296 Y138.58
G1 F1500 X111.21 Y139.494 E1208.69148
G0 F9000 X111.776 Y139.494
G1 F1500 X110.862 Y138.58 E1208.73447
G0 F9000 X111.427 Y138.58
G1 F1500 X112.342 Y139.494 E1208.77749
G0 F9000 X112.907 Y139.494
G1 F1500 X111.993 Y138.58 E1208.82048
G0 F9000 X112.559 Y138.58
G1 F1500 X113.473 Y139.494 E1208.86347
G0 F9000 X114.039 Y139.494
G1 F1500 X113.124 Y138.58 E1208.90649
G0 F9000 X113.69 Y138.58
G1 F1500 X114.604 Y139.494 E1208.94948
G0 F9000 X115.169 Y139.494
G1 F1500 X114.256 Y138.58 E1208.99245
G0 F9000 X114.821 Y138.58
G1 F1500 X115.735 Y139.494 E1209.03544
G0 F9000 X116.301 Y139.494
G1 F1500 X115.387 Y138.58 E1209.07843
G0 F9000 X115.953 Y138.58
G1 F1500 X116.866 Y139.494 E1209.1214
G0 F9000 X117.432 Y139.494
G1 F1500 X116.518 Y138.58 E1209.16439
G0 F9000 X117.084 Y138.58
G1 F1500 X117.997 Y139.493 E1209.20733
G0 F9000 X118.563 Y139.493
G1 F1500 X117.65 Y138.58 E1209.25028
G0 F9000 X118.216 Y138.58
G1 F1500 X119.128 Y139.493 E1209.2932
G0 F9000 X119.694 Y139.493
G1 F1500 X118.781 Y138.58 E1209.33615
G0 F9000 X119.347 Y138.58
G1 F1500 X120.26 Y139.493 E1209.37909
G0 F9000 X120.825 Y139.493
G1 F1500 X119.913 Y138.58 E1209.42201
G0 F9000 X120.478 Y138.58
G1 F1500 X121.391 Y139.493 E1209.46496
G0 F9000 X121.957 Y139.493
G1 F1500 X121.044 Y138.58 E1209.5079
G0 F9000 X121.61 Y138.58
G1 F1500 X122.523 Y139.493 E1209.55085
G0 F9000 X123.088 Y139.493
G1 F1500 X122.175 Y138.58 E1209.59379
G0 F9000 X122.741 Y138.58
G1 F1500 X123.654 Y139.493 E1209.63673
G0 F9000 X124.22 Y139.493
G1 F1500 X123.307 Y138.58 E1209.67968
G0 F9000 X123.872 Y138.58
G1 F1500 X124.785 Y139.493 E1209.72262
G0 F9000 X125.35 Y139.492
G1 F1500 X124.438 Y138.58 E1209.76552
G0 F9000 X125.004 Y138.58
G1 F1500 X125.916 Y139.492 E1209.80842
G0 F9000 X126.482 Y139.492
G1 F1500 X125.569 Y138.58 E1209.85134
G0 F9000 X126.135 Y138.58
G1 F1500 X127.047 Y139.492 E1209.89424
G0 F9000 X127.613 Y139.492
G1 F1500 X126.701 Y138.58 E1209.93714
G0 F9000 X127.266 Y138.58
G1 F1500 X128.179 Y139.492 E1209.98006
G0 F9000 X128.744 Y139.492
G1 F1500 X127.832 Y138.58 E1210.02296
G0 F9000 X128.398 Y138.58
G1 F1500 X129.31 Y139.492 E1210.06585
G0 F9000 X129.876 Y139.492
G1 F1500 X128.964 Y138.58 E1210.10875
G0 F9000 X129.529 Y138.58
G1 F1500 X130.441 Y139.492 E1210.15165
G0 F9000 X131.007 Y139.492
G1 F1500 X130.095 Y138.58 E1210.19455
G0 F9000 X131.003 Y138.922
G1 F1500 X131.573 Y139.492 E1210.22136
G0 F9000 X131.774 Y139.128
G1 F1500 X132.138 Y139.492 E1210.23848
G0 F9000 X132.544 Y139.333
G1 F1500 X132.704 Y139.492 E1210.24598
G1 F2700 E1205.24598
G0 F9000 X132.704 Y139.956
G0 X132.797 Y139.009
G0 X132.452 Y131.32
G1 F2700 E1210.24598
G1 F1500 X132.295 Y131.164 E1210.25334
G0 F9000 X132.294 Y130.597
G1 F1500 X132.898 Y131.201 E1210.28175
G0 F9000 X133.344 Y131.081
G1 F1500 X132.293 Y130.031 E1210.33116
G0 F9000 X132.292 Y129.463
G1 F1500 X133.79 Y130.962 E1210.40165
G0 F9000 X134.236 Y130.842
G1 F1500 X132.291 Y128.897 E1210.49314
G0 F9000 X132.248 Y128.288
G1 F1500 X134.975 Y131.016 E1210.62143
G0 F9000 X135.357 Y131.397
G1 F1500 X135.666 Y131.706 E1210.63596
G0 F9000 X136.115 Y131.59
G1 F1500 X132.066 Y127.54 E1210.82644
G0 F9000 X131.623 Y127.659
G0 X130.983 Y126.531
G0 X131.361 Y126.269
G1 F1500 X136.146 Y131.055 E1211.05154
G0 F9000 X136.146 Y130.489
G1 F1500 X111.527 Y105.87 E1212.20954
G0 F9000 X111.811 Y105.588
G1 F1500 X136.146 Y129.924 E1213.3542
G0 F9000 X136.147 Y129.359
G1 F1500 X112.002 Y105.214 E1214.48991
G0 F9000 X112.046 Y104.692
G1 F1500 X136.147 Y128.793 E1215.62355
G0 F9000 X136.147 Y128.227
G1 F1500 X112.047 Y104.128 E1216.75712
G0 F9000 X112.048 Y103.563
G1 F1500 X136.147 Y127.662 E1217.89066
G0 F9000 X136.148 Y127.097
G1 F1500 X112.049 Y102.998 E1219.0242
G0 F9000 X112.05 Y102.434
G1 F1500 X136.148 Y126.531 E1220.15767
G0 F9000 X136.148 Y125.965
G1 F1500 X112.051 Y101.869 E1221.2911
G0 F9000 X112.052 Y101.304
G1 F1500 X136.148 Y125.4 E1222.4245
G0 F9000 X136.148 Y124.835
G1 F1500 X112.053 Y100.739 E1223.55788
G0 F9000 X112.054 Y100.174
G1 F1500 X136.148 Y124.269 E1224.69121
G0 F9000 X136.148 Y123.703
G1 F1500 X112.055 Y99.609 E1225.8245
G0 F9000 X112.056 Y99.045
G1 F1500 X136.148 Y123.138 E1226.95773
G0 F9000 X136.149 Y122.573
G1 F1500 X112.817 Y99.24 E1228.05522
G0 F9000 X113.382 Y99.24
G1 F1500 X136.149 Y122.007 E1229.12611
G0 F9000 X136.149 Y121.441
G1 F1500 X113.948 Y99.24 E1230.17038
G0 F9000 X114.514 Y99.24
G1 F1500 X136.163 Y120.889 E1231.18868
G0 F9000 X136.303 Y120.463
G1 F1500 X115.08 Y99.24 E1232.18695
G0 F9000 X115.645 Y99.24
G1 F1500 X136.572 Y120.167 E1233.17129
G0 F9000 X136.933 Y119.963
G1 F1500 X116.211 Y99.24 E1234.14601
G0 F9000 X116.777 Y99.24
G1 F1500 X137.431 Y119.895 E1235.11754
G0 F9000 X137.963 Y119.861
G1 F1500 X124.17 Y106.068 E1235.76632
G0 F9000 X124.736 Y106.068
G1 F1500 X133.412 Y114.744 E1236.17441
G0 F9000 X133.128 Y113.894
G1 F1500 X125.301 Y106.068 E1236.54254
G0 F9000 X125.867 Y106.068
G1 F1500 X133.037 Y113.238 E1236.8798
G0 F9000 X133.044 Y112.679
G1 F1500 X126.434 Y106.069 E1237.19071
G0 F9000 X126.999 Y106.069
G1 F1500 X133.1 Y112.17 E1237.47768
G0 F9000 X133.217 Y111.721
G1 F1500 X127.565 Y106.069 E1237.74354
G0 F9000 X128.131 Y106.07
G1 F1500 X133.369 Y111.307 E1237.98989
G0 F9000 X133.552 Y110.925
G1 F1500 X128.697 Y106.07 E1238.21826
G0 F9000 X129.263 Y106.07
G1 F1500 X133.776 Y110.583 E1238.43054
G0 F9000 X134.008 Y110.249
G1 F1500 X129.829 Y106.07 E1238.6271
G0 F9000 X130.395 Y106.07
G1 F1500 X134.291 Y109.966 E1238.81036
G0 F9000 X134.574 Y109.684
G1 F1500 X130.96 Y106.07 E1238.98035
G0 F9000 X131.526 Y106.07
G1 F1500 X134.908 Y109.452 E1239.13943
G0 F9000 X135.251 Y109.23
G1 F1500 X132.092 Y106.071 E1239.28802
G0 F9000 X132.658 Y106.071
G1 F1500 X135.635 Y109.048 E1239.42805
G0 F9000 X136.05 Y108.897
G1 F1500 X133.224 Y106.071 E1239.56097
G0 F9000 X133.79 Y106.072
G1 F1500 X136.501 Y108.782 E1239.68847
G0 F9000 X137.012 Y108.728
G1 F1500 X134.356 Y106.072 E1239.8134
G0 F9000 X134.922 Y106.072
G1 F1500 X137.58 Y108.73 E1239.93842
G0 F9000 X138.231 Y108.815
G1 F1500 X135.488 Y106.072 E1240.06744
G0 F9000 X136.054 Y106.072
G1 F1500 X139.091 Y109.11 E1240.21032
G1 F2700 E1235.21032
G0 F9000 X138.896 Y109.526
G0 X139.829 Y106.163
G0 X140.006 Y106.631
G1 F2700 E1240.21032
G1 F1500 X143.654 Y110.279 E1240.38191
G0 F9000 X143.968 Y111.159
G1 F1500 X139.136 Y106.326 E1240.60922
G0 F9000 X138.422 Y106.178
G1 F1500 X144.116 Y111.872 E1240.87704
G0 F9000 X144.185 Y112.507
G1 F1500 X137.785 Y106.107 E1241.17808
G0 F9000 X137.185 Y106.072
G1 F1500 X144.209 Y113.096 E1241.50847
G0 F9000 X144.176 Y113.629
G1 F1500 X136.619 Y106.072 E1241.86393
G0 F9000 X136.62 Y105.612
G0 X138.262 Y105.74
G0 X139.202 Y105.929
G0 X139.929 Y106.176
G0 X141.58 Y107
G0 X141.323 Y107.382
G1 F1500 X142.914 Y108.973 E1241.93876
G1 F2700 E1236.93876
G0 F9000 X143.298 Y108.717
G0 X143.605 Y109.354
G0 X140.691 Y111.035
G0 X141.185 Y111.204
G1 F2700 E1241.93876
G1 F1500 X144.112 Y114.131 E1242.07644
G0 F9000 X144.017 Y114.602
G1 F1500 X141.474 Y112.058 E1242.19608
G0 F9000 X141.57 Y112.72
G1 F1500 X143.892 Y115.042 E1242.3053
G0 F9000 X143.747 Y115.463
G1 F1500 X141.566 Y113.281 E1242.40791
G0 F9000 X141.51 Y113.792
G1 F1500 X143.577 Y115.859 E1242.50513
G0 F9000 X143.392 Y116.239
G1 F1500 X141.394 Y114.242 E1242.59909
G0 F9000 X141.24 Y114.653
G1 F1500 X143.187 Y116.6 E1242.69067
G0 F9000 X142.959 Y116.938
G1 F1500 X141.059 Y115.037 E1242.78006
G0 F9000 X140.84 Y115.384
G1 F1500 X142.723 Y117.267 E1242.86863
G0 F9000 X142.461 Y117.571
G1 F1500 X140.606 Y115.716 E1242.95589
G0 F9000 X140.331 Y116.007
G1 F1500 X142.198 Y117.874 E1243.04371
G0 F9000 X141.896 Y118.137
G1 F1500 X140.041 Y116.282 E1243.13096
G0 F9000 X139.708 Y116.515
G1 F1500 X141.593 Y118.4 E1243.21962
G0 F9000 X141.266 Y118.638
G1 F1500 X139.364 Y116.737 E1243.30906
G0 F9000 X138.98 Y116.918
G1 F1500 X140.928 Y118.866 E1243.40069
G0 F9000 X140.569 Y119.073
G1 F1500 X138.57 Y117.074 E1243.49472
G0 F9000 X138.123 Y117.193
G1 F1500 X140.19 Y119.259 E1243.59192
G0 F9000 X139.795 Y119.43
G1 F1500 X137.616 Y117.252 E1243.69439
G0 F9000 X137.053 Y117.254
G1 F1500 X139.373 Y119.574 E1243.80352
G0 F9000 X138.932 Y119.699
G1 F1500 X136.403 Y117.17 E1243.92247
G0 F9000 X135.559 Y116.892
G1 F1500 X138.462 Y119.794 E1244.059
G1 F2700 E1239.059
G0 F9000 X138.552 Y120.248
G0 X136.868 Y120.66
G0 X136.525 Y126.052
G0 X131.417 Y127.013
G0 X130.761 Y125.67
G1 F2700 E1244.059
G1 F1500 X111.13 Y106.038 E1244.9824
G0 F9000 X110.592 Y106.067
G1 F1500 X129.497 Y124.972 E1245.87164
G0 F9000 X128.751 Y124.791
G1 F1500 X110.027 Y106.067 E1246.75236
G0 F9000 X109.461 Y106.067
G1 F1500 X128.138 Y124.744 E1247.63087
G0 F9000 X127.573 Y124.744
G1 F1500 X108.896 Y106.067 E1248.50937
G0 F9000 X108.33 Y106.067
G1 F1500 X127.007 Y124.744 E1249.38788
G0 F9000 X126.441 Y124.744
G1 F1500 X107.764 Y106.067 E1250.26639
G0 F9000 X107.2 Y106.068
G1 F1500 X125.876 Y124.744 E1251.14485
G0 F9000 X125.31 Y124.744
G1 F1500 X106.634 Y106.068 E1252.02332
G0 F9000 X106.068 Y106.068
G1 F1500 X124.744 Y124.744 E1252.90178
G0 F9000 X124.179 Y124.744
G1 F1500 X105.503 Y106.069 E1253.78022
G0 F9000 X104.937 Y106.069
G1 F1500 X123.613 Y124.744 E1254.65865
G0 F9000 X123.047 Y124.744
G1 F1500 X104.372 Y106.07 E1255.53705
G0 F9000 X103.807 Y106.07
G1 F1500 X122.482 Y124.744 E1256.41544
G0 F9000 X121.916 Y124.744
G1 F1500 X103.241 Y106.07 E1257.29383
G0 F9000 X102.676 Y106.07
G1 F1500 X121.35 Y124.744 E1258.1722
G0 F9000 X120.784 Y124.744
G1 F1500 X102.11 Y106.07 E1259.05056
G0 F9000 X101.545 Y106.07
G1 F1500 X120.219 Y124.744 E1259.92893
G0 F9000 X119.653 Y124.744
G1 F1500 X100.98 Y106.071 E1260.80725
G0 F9000 X100.414 Y106.071
G1 F1500 X119.087 Y124.744 E1261.68557
G0 F9000 X118.522 Y124.744
G1 F1500 X99.848 Y106.071 E1262.56392
G0 F9000 X99.283 Y106.072
G1 F1500 X117.956 Y124.744 E1263.44221
G0 F9000 X117.39 Y124.744
G1 F1500 X98.718 Y106.072 E1264.32049
G0 F9000 X98.152 Y106.072
G1 F1500 X116.824 Y124.744 E1265.19876
G0 F9000 X116.258 Y124.744
G1 F1500 X97.597 Y106.082 E1266.07654
G0 F9000 X97.065 Y106.116
G1 F1500 X115.693 Y124.744 E1266.95274
G0 F9000 X115.127 Y124.744
G1 F1500 X101.557 Y111.173 E1267.59106
G0 F9000 X101.852 Y112.035
G1 F1500 X114.561 Y124.744 E1268.18885
G0 F9000 X113.996 Y124.744
G1 F1500 X101.948 Y112.696 E1268.75555
G0 F9000 X101.953 Y113.266
G1 F1500 X113.43 Y124.744 E1269.29542
G0 F9000 X112.864 Y124.744
G1 F1500 X101.9 Y113.779 E1269.81116
G0 F9000 X101.78 Y114.225
G1 F1500 X112.298 Y124.744 E1270.30591
G0 F9000 X111.733 Y124.744
G1 F1500 X101.632 Y114.643 E1270.78103
G0 F9000 X101.451 Y115.028
G1 F1500 X111.167 Y124.744 E1271.23804
G0 F9000 X110.601 Y124.744
G1 F1500 X101.234 Y115.376 E1271.67866
G0 F9000 X100.998 Y115.706
G1 F1500 X110.036 Y124.744 E1272.10378
G0 F9000 X109.47 Y124.744
G1 F1500 X100.722 Y115.995 E1272.51529
G0 F9000 X100.439 Y116.278
G1 F1500 X108.904 Y124.744 E1272.91348
G0 F9000 X108.339 Y124.744
G1 F1500 X100.106 Y116.511 E1273.30073
G0 F9000 X99.762 Y116.733
G1 F1500 X107.773 Y124.744 E1273.67754
G0 F9000 X107.207 Y124.744
G1 F1500 X99.38 Y116.916 E1274.04573
G0 F9000 X98.965 Y117.067
G1 F1500 X106.656 Y124.758 E1274.40749
G0 F9000 X106.136 Y124.804
G1 F1500 X98.519 Y117.187 E1274.76577
G0 F9000 X98.013 Y117.247
G1 F1500 X105.689 Y124.922 E1275.1268
G0 F9000 X105.27 Y125.069
G1 F1500 X97.461 Y117.26 E1275.49411
G0 F9000 X96.811 Y117.176
G1 F1500 X104.884 Y125.249 E1275.87384
G0 F9000 X104.532 Y125.463
G1 F1500 X95.958 Y116.888 E1276.27716
G1 F2700 E1271.27716
G0 F9000 X96.147 Y116.477
G0 X96.362 Y116.662
G0 X95.286 Y119.842
G0 X95.06 Y119.384
G1 F2700 E1276.27716
G1 F1500 X91.294 Y115.618 E1276.4543
G0 F9000 X91.012 Y114.771
G1 F1500 X95.91 Y119.669 E1276.68469
G0 F9000 X96.619 Y119.812
G1 F1500 X90.871 Y114.064 E1276.95505
G0 F9000 X90.807 Y113.434
G1 F1500 X97.248 Y119.875 E1277.25802
G0 F9000 X97.851 Y119.913
G1 F1500 X90.786 Y112.848 E1277.59034
G0 F9000 X90.822 Y112.318
G1 F1500 X104.201 Y125.697 E1278.21964
G0 F9000 X103.919 Y125.98
G1 F1500 X98.831 Y120.893 E1278.45894
G0 F9000 X98.843 Y121.47
G1 F1500 X103.639 Y126.266 E1278.68453
G0 F9000 X103.409 Y126.602
G1 F1500 X98.843 Y122.036 E1278.8993
G0 F9000 X98.844 Y122.602
G1 F1500 X103.192 Y126.95 E1279.10382
G0 F9000 X103.014 Y127.339
G1 F1500 X98.844 Y123.168 E1279.29999
G0 F9000 X98.844 Y123.734
G1 F1500 X102.872 Y127.762 E1279.48945
G0 F9000 X102.758 Y128.214
G1 F1500 X98.844 Y124.3 E1279.67355
G0 F9000 X98.845 Y124.867
G1 F1500 X102.708 Y128.729 E1279.85523
G0 F9000 X102.701 Y129.288
G1 F1500 X98.845 Y125.432 E1280.03661
G0 F9000 X98.846 Y125.999
G1 F1500 X102.701 Y129.854 E1280.21794
G0 F9000 X102.701 Y130.419
G1 F1500 X98.846 Y126.564 E1280.39926
G0 F9000 X98.846 Y127.131
G1 F1500 X102.701 Y130.985 E1280.58057
G0 F9000 X102.445 Y131.295
G1 F1500 X98.846 Y127.696 E1280.74985
G0 F9000 X98.847 Y128.263
G1 F1500 X101.671 Y131.087 E1280.88269
G0 F9000 X100.898 Y130.88
G1 F1500 X98.847 Y128.828 E1280.97918
G0 F9000 X98.848 Y129.395
G1 F1500 X100.331 Y130.878 E1281.04894
G0 F9000 X99.94 Y131.053
G1 F1500 X98.848 Y129.961 E1281.1003
G0 F9000 X98.849 Y130.527
G1 F1500 X99.672 Y131.35 E1281.13901
G0 F9000 X99.469 Y131.713
G1 F1500 X98.849 Y131.093 E1281.16818
G0 F9000 X98.391 Y131.093
G0 X98.132 Y120.66
G0 X94.554 Y119.728
G0 X93.535 Y119.064
G0 X93.791 Y118.682
G1 F1500 X92.007 Y116.897 E1281.25211
G1 F2700 E1276.25211
G0 F9000 X91.623 Y117.152
G0 X91.109 Y116.056
G0 X94.159 Y114.669
G0 X93.785 Y114.715
G1 F2700 E1281.25211
G1 F1500 X90.89 Y111.82 E1281.38829
G0 F9000 X90.984 Y111.349
G1 F1500 X93.504 Y113.869 E1281.50682
G0 F9000 X93.424 Y113.223
G1 F1500 X91.111 Y110.91 E1281.61561
G0 F9000 X91.254 Y110.487
G1 F1500 X93.436 Y112.669 E1281.71825
G0 F9000 X93.494 Y112.161
G1 F1500 X91.426 Y110.094 E1281.8155
G0 F9000 X91.613 Y109.715
G1 F1500 X93.614 Y111.716 E1281.90962
G0 F9000 X93.764 Y111.301
G1 F1500 X91.821 Y109.357 E1282.00104
G0 F9000 X92.048 Y109.019
G1 F1500 X93.943 Y110.913 E1282.09015
G0 F9000 X94.167 Y110.572
G1 F1500 X92.287 Y108.692 E1282.17858
G0 F9000 X92.551 Y108.39
G1 F1500 X94.405 Y110.244 E1282.26578
G0 F9000 X94.683 Y109.957
G1 F1500 X92.818 Y108.092 E1282.35351
G0 F9000 X93.12 Y107.827
G1 F1500 X94.974 Y109.682 E1282.44074
G0 F9000 X95.305 Y109.447
G1 F1500 X93.42 Y107.562 E1282.5294
G0 F9000 X93.752 Y107.328
G1 F1500 X95.648 Y109.225 E1282.61861
G0 F9000 X96.038 Y109.049
G1 F1500 X94.09 Y107.101 E1282.71023
G0 F9000 X94.452 Y106.897
G1 F1500 X96.454 Y108.899 E1282.8044
G0 F9000 X96.9 Y108.779
G1 F1500 X94.829 Y106.709 E1282.90179
G0 F9000 X95.226 Y106.54
G1 F1500 X97.412 Y108.726 E1283.00462
G0 F9000 X97.984 Y108.733
G1 F1500 X95.649 Y106.397 E1283.11447
G0 F9000 X96.092 Y106.275
G1 F1500 X98.635 Y108.817 E1283.23406
G0 F9000 X99.503 Y109.12
G1 F1500 X96.563 Y106.179 E1283.37237
G0 F9000 X96.474 Y105.73
G0 X111.334 Y105.353
G0 X111.696 Y98.494
G0 X111.747 Y97.844
G0 X112.325 Y98.563
G0 X117.342 Y98.78
G0 X117.342 Y99.24
G1 F1500 X122.95 Y104.848 E1283.63616
G0 F9000 X122.949 Y104.281
G1 F1500 X117.908 Y99.24 E1283.87327
G0 F9000 X118.474 Y99.24
G1 F1500 X122.949 Y103.716 E1284.08378
G0 F9000 X122.948 Y103.149
G1 F1500 X119.039 Y99.24 E1284.26765
G0 F9000 X119.605 Y99.24
G1 F1500 X122.947 Y102.583 E1284.42487
G0 F9000 X122.947 Y102.016
G1 F1500 X120.171 Y99.24 E1284.55545
G0 F9000 X120.736 Y99.24
G1 F1500 X122.947 Y101.451 E1284.65945
G0 F9000 X122.946 Y100.884
G1 F1500 X121.302 Y99.24 E1284.73677
G0 F9000 X121.868 Y99.24
G1 F1500 X122.945 Y100.318 E1284.78746
G0 F9000 X122.945 Y99.752
G1 F1500 X122.411 Y99.218 E1284.81257
G0 F9000 X122.841 Y99.083
G1 F1500 X122.945 Y99.186 E1284.81744
G0 F9000 X123.06 Y98.243
G0 X122.679 Y98.521
G0 X112.324 Y98.521
G0 X111.931 Y97.915
G0 X111.959 Y96.939
G1 F1183.4 X111.909 Y95.616 E1284.87326
G1 X111.909 Y95.353 E1284.88434
G1 X112.511 Y95.354 E1284.90972
G1 X112.412 Y95.671 E1284.92372
G1 X111.959 Y96.939 E1284.98049
G0 F9000 X111.931 Y97.915
G0 X112.324 Y98.521
G0 X122.679 Y98.521
G0 X123.068 Y97.919
G0 X123.038 Y96.955
G1 F1174.2 X122.584 Y95.679 E1285.03803
G1 X122.482 Y95.355 E1285.05247
G1 X123.097 Y95.355 E1285.0786
G1 X123.038 Y96.955 E1285.14663
G1 F2700 E1280.14663
;MESH:NONMESH
G0 F300 X123.038 Y96.955 Z4
G0 F9000 X123.068 Y97.919
G0 X122.679 Y98.521
G0 X116.845 Y98.497
G0 X112.716 Y98.88
G0 X101.367 Y111.656
G0 X97.69 Y116.719
;TIME_ELAPSED:2029.209306
;LAYER:19
;TYPE:WALL-INNER
;MESH:FT05-Frame Part B.stl
G1 F2700 E1285.14663
G1 F1500 X97.03 Y116.657 E1285.16868
G1 X96.431 Y116.497 E1285.1893
G1 X95.862 Y116.235 E1285.21013
G1 X95.297 Y115.847 E1285.23293
G1 X94.848 Y115.395 E1285.25412
G1 X94.46 Y114.851 E1285.27634
G1 X94.187 Y114.253 E1285.29821
G1 X94.027 Y113.654 E1285.31883
G1 X93.965 Y112.992 E1285.34094
G1 X94.023 Y112.339 E1285.36275
G1 X94.187 Y111.727 E1285.38382
G1 X94.462 Y111.125 E1285.40583
G1 X94.841 Y110.589 E1285.42767
G1 X95.288 Y110.144 E1285.44865
G1 X95.828 Y109.763 E1285.47063
G1 X96.431 Y109.483 E1285.49274
G1 X97.03 Y109.327 E1285.51333
G1 X97.715 Y109.268 E1285.53619
G1 X98.338 Y109.322 E1285.55699
G1 X98.967 Y109.486 E1285.57861
G1 X99.558 Y109.762 E1285.60031
G1 X100.092 Y110.138 E1285.62203
G1 X100.544 Y110.59 E1285.64329
G1 X100.923 Y111.127 E1285.66515
G1 X101.193 Y111.711 E1285.68655
G1 X101.362 Y112.347 E1285.70844
G1 X101.416 Y112.995 E1285.73007
G1 X101.359 Y113.643 E1285.7517
G1 X101.193 Y114.263 E1285.77305
G1 X100.917 Y114.859 E1285.79489
G1 X100.544 Y115.386 E1285.81637
G1 X100.077 Y115.852 E1285.83831
G1 X99.561 Y116.213 E1285.85926
G1 X98.969 Y116.494 E1285.88105
G1 X98.342 Y116.659 E1285.90262
G1 X97.69 Y116.719 E1285.92439
G1 F2700 E1280.92439
G0 F9000 X99.032 Y116.661
G0 X105.548 Y125.356
G0 X117.5 Y138.02
G1 F2700 E1285.92439
G1 F1500 X104.333 Y138.02 E1286.36233
G1 X104.228 Y138.234 E1286.37026
G1 X104.015 Y138.34 E1286.37817
G1 X100.655 Y139.233 E1286.4938
G1 X100.349 Y139.162 E1286.50425
G1 X100.086 Y138.908 E1286.51641
G1 X100.016 Y138.624 E1286.52614
G1 F1550.4 X100.029 Y136.94 E1286.58033
G1 X100.016 Y136.402 E1286.59765
G1 F1500 X100.016 Y132.008 E1286.7438
G1 X100.093 Y131.712 E1286.75397
G1 X100.276 Y131.513 E1286.76296
G1 X100.477 Y131.424 E1286.77027
G1 X100.683 Y131.405 E1286.77715
G1 X103.26 Y132.091 E1286.86585
G1 X103.262 Y128.853 E1286.97355
G1 X103.315 Y128.274 E1286.99288
G1 X103.473 Y127.672 E1287.01358
G1 X103.739 Y127.101 E1287.03454
G1 X104.104 Y126.582 E1287.05564
G1 X104.547 Y126.139 E1287.07648
G1 X105.054 Y125.787 E1287.097
G1 X105.614 Y125.524 E1287.11758
G1 X106.241 Y125.356 E1287.13917
G1 X106.816 Y125.305 E1287.15837
G1 X128.187 Y125.306 E1287.86917
G1 X128.759 Y125.356 E1287.88827
G1 X129.382 Y125.524 E1287.90973
G1 X129.944 Y125.787 E1287.93037
G1 X130.45 Y126.136 E1287.95081
G1 X130.897 Y126.583 E1287.97184
G1 X131.258 Y127.103 E1287.99289
G1 X131.523 Y127.672 E1288.01377
G1 X131.687 Y128.277 E1288.03462
G1 X131.735 Y128.858 E1288.05401
G1 X131.736 Y132.091 E1288.16154
G1 X134.312 Y131.405 E1288.2502
G1 X134.52 Y131.424 E1288.25715
G1 X134.72 Y131.513 E1288.26443
G1 X134.903 Y131.712 E1288.27342
G1 X134.98 Y132.008 E1288.2836
G1 X134.98 Y136.397 E1288.42958
G1 F1550.4 X134.967 Y136.936 E1288.44693
G1 F1566.6 X134.976 Y137.318 E1288.45909
G1 F1515.2 X134.98 Y138.624 E1288.5021
G1 F1500 X134.91 Y138.907 E1288.51179
G1 X134.647 Y139.162 E1288.52398
G1 X134.484 Y139.216 E1288.52969
G1 X134.276 Y139.216 E1288.53661
G1 X130.981 Y138.34 E1288.65001
G1 X130.768 Y138.234 E1288.65792
G1 X130.663 Y138.02 E1288.66585
G1 X117.5 Y138.02 E1289.10365
G1 F2700 E1284.10365
G0 F9000 X117.5 Y139.856
G0 X117.5 Y140.056
G1 F2700 E1289.10365
G1 F1500 X136.708 Y140.055 E1289.74251
G1 X136.71 Y139.716 E1289.75379
G1 F1515.2 X135.4 Y137.213 E1289.84681
G1 F1566.6 X135.341 Y136.936 E1289.85583
G1 F1550.4 X135.457 Y136.563 E1289.8684
G1 F1500 X135.892 Y136.337 E1289.8847
G1 X136.704 Y136.338 E1289.91171
G1 X136.706 Y121.01 E1290.42152
G1 X136.797 Y120.746 E1290.43081
G1 X136.93 Y120.597 E1290.43745
G1 X137.16 Y120.476 E1290.4461
G1 X138.285 Y120.403 E1290.48359
G1 X139.244 Y120.211 E1290.51612
G1 X140.162 Y119.9 E1290.54836
G1 X141.043 Y119.467 E1290.58101
G1 X141.853 Y118.923 E1290.61346
G1 X142.59 Y118.278 E1290.64604
G1 X143.234 Y117.542 E1290.67856
G1 X143.779 Y116.727 E1290.71117
G1 X144.212 Y115.848 E1290.74376
G1 X144.527 Y114.932 E1290.77598
G1 X144.715 Y113.97 E1290.80858
G1 X144.778 Y112.992 E1290.84118
G1 X144.715 Y112.014 E1290.87377
G1 X144.527 Y111.052 E1290.90638
G1 X144.212 Y110.135 E1290.93862
G1 X143.779 Y109.253 E1290.9713
G1 X143.235 Y108.443 E1291.00376
G1 X142.59 Y107.706 E1291.03633
G1 X141.853 Y107.062 E1291.06888
G1 X141.043 Y106.517 E1291.10136
G1 X140.162 Y106.084 E1291.13401
G1 X139.244 Y105.773 E1291.16624
G1 X138.284 Y105.581 E1291.19881
G1 X137.275 Y105.512 E1291.23244
G1 X124.046 Y105.51 E1291.67244
G1 X123.74 Y105.39 E1291.68337
G1 X123.539 Y105.115 E1291.6947
G1 X123.508 Y104.984 E1291.69918
G1 X123.504 Y99.185 E1291.89206
G1 F1438.8 X123.487 Y98.497 E1291.91592
G1 F1284.8 X123.454 Y98.239 E1291.92602
G1 F1200 X123.454 Y97.929 E1291.93891
G1 F1237.1 X123.469 Y97.81 E1291.94374
G1 F1379.3 X123.504 Y95.595 E1292.02387
G1 F1500 X123.504 Y94.94 E1292.04566
G1 X121.958 Y94.94 E1292.09708
G1 X122.225 Y95.79 E1292.12671
G1 F1379.3 X122.922 Y97.893 E1292.20685
G1 F1237.1 X122.958 Y97.972 E1292.21035
G1 F1200 X122.958 Y98.196 E1292.21966
G1 F1284.8 X122.872 Y98.355 E1292.22668
G1 F1438.8 X122.587 Y98.621 E1292.2402
G1 F1500 X122.315 Y98.684 E1292.24948
G1 X112.679 Y98.68 E1292.56998
G1 X112.409 Y98.616 E1292.57921
G1 F1438.8 X112.125 Y98.35 E1292.5927
G1 F1287.6 X112.04 Y98.192 E1292.59965
G1 F1239.7 X112.075 Y97.889 E1292.61193
G1 F1382.5 X112.772 Y95.79 E1292.69174
G1 F1500 X113.041 Y94.941 E1292.72136
G1 X111.497 Y94.941 E1292.77271
G1 X111.497 Y95.594 E1292.79443
G1 F1382.5 X111.53 Y97.805 E1292.87423
G1 F1239.7 X111.545 Y97.925 E1292.8791
G1 F1202.4 X111.545 Y98.235 E1292.89196
G1 F1287.6 X111.513 Y98.491 E1292.90196
G1 F1438.8 X111.496 Y99.177 E1292.92575
G1 F1500 X111.492 Y104.984 E1293.11889
G1 X111.357 Y105.297 E1293.13023
G1 X111.086 Y105.482 E1293.14114
G1 X110.954 Y105.51 E1293.14563
G1 X97.725 Y105.512 E1293.58563
G1 X96.716 Y105.58 E1293.61927
G1 X95.752 Y105.773 E1293.65196
G1 X94.834 Y106.084 E1293.6842
G1 X93.957 Y106.517 E1293.71673
G1 X93.142 Y107.062 E1293.74934
G1 X92.406 Y107.706 E1293.78187
G1 X91.761 Y108.443 E1293.81444
G1 X91.217 Y109.253 E1293.8469
G1 X90.784 Y110.134 E1293.87955
G1 X90.473 Y111.052 E1293.91178
G1 X90.281 Y112.015 E1293.94444
G1 X90.218 Y112.992 E1293.97701
G1 X90.281 Y113.969 E1294.00957
G1 X90.473 Y114.932 E1294.04223
G1 X90.784 Y115.849 E1294.07444
G1 X91.217 Y116.727 E1294.107
G1 X91.762 Y117.542 E1294.1396
G1 X92.406 Y118.278 E1294.17213
G1 X93.142 Y118.922 E1294.20466
G1 X93.957 Y119.467 E1294.23727
G1 X94.835 Y119.9 E1294.26983
G1 X95.752 Y120.211 E1294.30204
G1 X96.715 Y120.403 E1294.3347
G1 X97.836 Y120.476 E1294.37206
G1 X98.065 Y120.598 E1294.38069
G1 X98.199 Y120.745 E1294.38731
G1 X98.29 Y121.01 E1294.39662
G1 X98.292 Y136.34 E1294.9065
G1 X99.104 Y136.341 E1294.93351
G1 X99.54 Y136.567 E1294.94984
G1 F1550.4 X99.655 Y136.94 E1294.9624
G1 F1566.6 X99.595 Y137.218 E1294.97146
G1 F1515.2 X98.286 Y139.715 E1295.06429
G1 F1500 X98.289 Y140.056 E1295.07564
G1 X117.5 Y140.056 E1295.7146
G1 F2700 E1290.7146
G0 F9000 X136.509 Y139.855
G0 X137.305 Y116.9
G0 X137.303 Y116.719
G1 F2700 E1295.7146
G1 F1500 X136.654 Y116.659 E1295.73627
G1 X136.026 Y116.491 E1295.7579
G1 X135.439 Y116.214 E1295.77948
G1 X134.92 Y115.852 E1295.80053
G1 X134.452 Y115.386 E1295.8225
G1 X134.084 Y114.859 E1295.84388
G1 X133.803 Y114.265 E1295.86573
G1 X133.635 Y113.632 E1295.88751
G1 X133.58 Y112.995 E1295.90878
G1 X133.634 Y112.347 E1295.93041
G1 X133.802 Y111.712 E1295.95225
G1 X134.079 Y111.125 E1295.97384
G1 X134.451 Y110.591 E1295.99549
G1 X134.907 Y110.135 E1296.01694
G1 X135.441 Y109.763 E1296.03858
G1 X136.032 Y109.485 E1296.0603
G1 X136.656 Y109.325 E1296.08173
G1 X137.281 Y109.268 E1296.1026
G1 X137.966 Y109.327 E1296.12547
G1 X138.569 Y109.483 E1296.14619
G1 X139.133 Y109.744 E1296.16686
G1 X139.695 Y110.13 E1296.18953
G1 X140.163 Y110.593 E1296.21143
G1 X140.532 Y111.128 E1296.23305
G1 X140.812 Y111.725 E1296.25498
G1 X140.969 Y112.332 E1296.27583
G1 X141.035 Y112.997 E1296.29806
G1 X140.97 Y113.652 E1296.31995
G1 X140.813 Y114.255 E1296.34067
G1 X140.512 Y114.886 E1296.36393
G1 X140.159 Y115.391 E1296.38442
G1 X139.708 Y115.836 E1296.40549
G1 X139.168 Y116.217 E1296.42747
G1 X138.569 Y116.497 E1296.44947
G1 X137.967 Y116.657 E1296.47018
G1 X137.303 Y116.719 E1296.49237
G0 F9000 X137.286 Y116.316
;TYPE:WALL-OUTER
G1 F1500 X136.708 Y116.262 E1296.51167
G1 X136.184 Y116.122 E1296.52971
G1 X135.642 Y115.869 E1296.54961
G1 X135.181 Y115.549 E1296.56827
G1 X134.758 Y115.129 E1296.5881
G1 X134.428 Y114.655 E1296.60731
G1 X134.179 Y114.129 E1296.62666
G1 X134.028 Y113.554 E1296.64644
G1 X133.98 Y112.974 E1296.66579
G1 X134.034 Y112.396 E1296.6851
G1 X134.174 Y111.868 E1296.70327
G1 X134.435 Y111.313 E1296.72367
G1 X134.747 Y110.865 E1296.74183
G1 X135.181 Y110.431 E1296.76224
G1 X135.629 Y110.119 E1296.7804
G1 X136.185 Y109.858 E1296.80083
G1 X136.742 Y109.716 E1296.81995
G1 X137.322 Y109.668 E1296.8393
G1 X137.888 Y109.719 E1296.8582
G1 X138.441 Y109.862 E1296.8772
G1 X138.968 Y110.11 E1296.89657
G1 X139.453 Y110.453 E1296.91633
G1 X139.851 Y110.848 E1296.93498
G1 X140.186 Y111.328 E1296.95445
G1 X140.434 Y111.855 E1296.97382
G1 X140.577 Y112.409 E1296.99285
G1 X140.632 Y113.012 E1297.01299
G1 X140.58 Y113.556 E1297.03117
G1 X140.434 Y114.125 E1297.05071
G1 X140.177 Y114.667 E1297.07066
G1 X139.865 Y115.115 E1297.08881
G1 X139.444 Y115.535 E1297.10859
G1 X138.98 Y115.863 E1297.12749
G1 X138.441 Y116.118 E1297.14733
G1 X137.888 Y116.265 E1297.16636
G1 X137.286 Y116.316 E1297.18645
G1 F2700 E1292.18645
G0 F9000 X137.259 Y116.625
G0 X136.622 Y116.837
G0 X130.028 Y125.626
G0 X117.5 Y137.62
G1 F2700 E1297.18645
G1 F1500 X104.112 Y137.62 E1297.63174
G1 X103.973 Y137.938 E1297.64328
G1 X100.631 Y138.827 E1297.7583
G1 X100.527 Y138.804 E1297.76184
G1 X100.416 Y138.697 E1297.76697
G1 X100.416 Y132.008 E1297.98945
G1 X100.502 Y131.843 E1297.99564
G1 X100.627 Y131.808 E1297.99996
G1 X103.66 Y132.611 E1298.10431
G1 X103.66 Y128.889 E1298.2281
G1 X103.714 Y128.329 E1298.24682
G1 X103.858 Y127.791 E1298.26534
G1 X104.078 Y127.319 E1298.28266
G1 X104.4 Y126.856 E1298.30142
G1 X104.821 Y126.435 E1298.32122
G1 X105.241 Y126.143 E1298.33823
G1 X105.759 Y125.897 E1298.35731
G1 X106.307 Y125.75 E1298.37618
G1 X106.864 Y125.704 E1298.39477
G1 X128.153 Y125.704 E1299.10284
G1 X128.693 Y125.75 E1299.12087
G1 X129.237 Y125.897 E1299.13961
G1 X129.754 Y126.143 E1299.15865
G1 X130.206 Y126.458 E1299.17698
G1 X130.601 Y126.857 E1299.19565
G1 X130.918 Y127.319 E1299.21429
G1 X131.15 Y127.823 E1299.23274
G1 X131.286 Y128.327 E1299.2501
G1 X131.336 Y128.891 E1299.26893
G1 X131.336 Y132.611 E1299.39266
G1 X134.369 Y131.808 E1299.49702
G1 X134.494 Y131.843 E1299.50133
G1 X134.58 Y132.008 E1299.50752
G1 X134.58 Y138.697 E1299.73
G1 X134.469 Y138.804 E1299.73513
G1 X134.345 Y138.822 E1299.73929
G1 X131.023 Y137.938 E1299.85363
G1 X130.885 Y137.62 E1299.86516
G1 X117.5 Y137.62 E1300.31035
G1 F2700 E1295.31035
G0 F9000 X117.5 Y137.931
G0 X117.5 Y138.2
G0 X117.5 Y139.856
G0 X117.5 Y140.456
G1 F2700 E1300.31035
G1 F1500 X136.996 Y140.455 E1300.95879
G1 X137.108 Y140.344 E1300.96403
G1 X137.111 Y139.618 E1300.98818
G1 X135.718 Y136.966 E1301.08781
G1 X135.771 Y136.811 E1301.09326
G1 X135.916 Y136.736 E1301.09869
G1 X137.104 Y136.739 E1301.1382
G1 X137.104 Y121.048 E1301.66009
G1 X137.135 Y120.96 E1301.66319
G1 X137.232 Y120.872 E1301.66755
G1 X138.337 Y120.801 E1301.70437
G1 X139.348 Y120.598 E1301.73867
G1 X140.315 Y120.27 E1301.77263
G1 X141.243 Y119.814 E1301.80702
G1 X142.097 Y119.241 E1301.84123
G1 X142.874 Y118.562 E1301.87555
G1 X143.552 Y117.786 E1301.90982
G1 X144.126 Y116.927 E1301.94419
G1 X144.582 Y116.002 E1301.97849
G1 X144.914 Y115.036 E1302.01246
G1 X145.113 Y114.022 E1302.04683
G1 X145.179 Y112.992 E1302.08116
G1 X145.113 Y111.962 E1302.11549
G1 X144.914 Y110.948 E1302.14985
G1 X144.582 Y109.981 E1302.18386
G1 X144.126 Y109.053 E1302.21825
G1 X143.553 Y108.199 E1302.25246
G1 X142.874 Y107.422 E1302.28678
G1 X142.097 Y106.744 E1302.32107
G1 X141.243 Y106.17 E1302.3553
G1 X140.315 Y105.714 E1302.38969
G1 X139.348 Y105.386 E1302.42365
G1 X138.337 Y105.183 E1302.45795
G1 X137.289 Y105.112 E1302.49288
G1 X124.069 Y105.11 E1302.93258
G1 X123.967 Y105.059 E1302.93638
G1 X123.904 Y104.93 E1302.94115
G1 X123.904 Y94.54 E1303.28672
G1 X121.413 Y94.54 E1303.36958
G1 X122.514 Y98.049 E1303.4919
G1 X122.497 Y98.172 E1303.49603
G1 X122.386 Y98.284 E1303.50127
G1 X112.61 Y98.28 E1303.82642
G1 X112.5 Y98.168 E1303.83164
G1 X112.482 Y98.045 E1303.83578
G1 X113.587 Y94.541 E1303.95798
G1 X111.097 Y94.541 E1304.0408
G1 X111.095 Y104.936 E1304.38653
G1 X111.059 Y105.029 E1304.38985
G1 X110.931 Y105.11 E1304.39489
G1 X97.711 Y105.112 E1304.83459
G1 X96.663 Y105.183 E1304.86953
G1 X95.648 Y105.386 E1304.90395
G1 X94.681 Y105.714 E1304.93792
G1 X93.757 Y106.17 E1304.97219
G1 X92.898 Y106.744 E1305.00655
G1 X92.122 Y107.422 E1305.04082
G1 X91.443 Y108.199 E1305.07514
G1 X90.87 Y109.053 E1305.10935
G1 X90.414 Y109.981 E1305.14374
G1 X90.086 Y110.948 E1305.1777
G1 X89.883 Y111.963 E1305.21213
G1 X89.817 Y112.992 E1305.24642
G1 X89.883 Y114.021 E1305.28072
G1 X90.086 Y115.036 E1305.31515
G1 X90.414 Y116.003 E1305.34911
G1 X90.87 Y116.927 E1305.38338
G1 X91.444 Y117.786 E1305.41774
G1 X92.122 Y118.562 E1305.45201
G1 X92.898 Y119.24 E1305.48629
G1 X93.757 Y119.814 E1305.52065
G1 X94.681 Y120.27 E1305.55492
G1 X95.648 Y120.598 E1305.58888
G1 X96.663 Y120.801 E1305.62331
G1 X97.764 Y120.871 E1305.66
G1 X97.861 Y120.96 E1305.66438
G1 X97.892 Y121.048 E1305.66749
G1 X97.892 Y136.74 E1306.1894
G1 X99.08 Y136.74 E1306.22892
G1 X99.226 Y136.815 E1306.23438
G1 X99.279 Y136.972 E1306.23989
G1 X97.885 Y139.617 E1306.33933
G1 X97.891 Y140.344 E1306.36351
G1 X98.003 Y140.456 E1306.36878
G1 X117.5 Y140.456 E1307.01725
G1 F2700 E1302.01725
G0 F9000 X117.5 Y140.149
G0 X98.487 Y139.856
G0 X97.691 Y116.9
G0 X97.674 Y116.316
G1 F2700 E1307.01725
G1 F1500 X97.096 Y116.262 E1307.03656
G1 X96.559 Y116.118 E1307.05505
G1 X96.028 Y115.87 E1307.07454
G1 X95.552 Y115.535 E1307.0939
G1 X95.149 Y115.132 E1307.11286
G1 X94.817 Y114.664 E1307.13195
G1 X94.562 Y114.112 E1307.15217
G1 X94.419 Y113.576 E1307.17062
G1 X94.368 Y112.974 E1307.19071
G1 X94.422 Y112.396 E1307.21002
G1 X94.566 Y111.855 E1307.22864
G1 X94.81 Y111.328 E1307.24796
G1 X95.158 Y110.838 E1307.26795
G1 X95.552 Y110.445 E1307.28646
G1 X96.016 Y110.117 E1307.30536
G1 X96.539 Y109.87 E1307.32459
G1 X97.108 Y109.719 E1307.34417
G1 X97.7 Y109.668 E1307.36394
G1 X98.287 Y109.722 E1307.38354
G1 X98.845 Y109.87 E1307.40274
G1 X99.372 Y110.12 E1307.42214
G1 X99.842 Y110.454 E1307.44132
G1 X100.248 Y110.864 E1307.46051
G1 X100.582 Y111.343 E1307.47993
G1 X100.822 Y111.868 E1307.49913
G1 X100.968 Y112.43 E1307.51845
G1 X101.016 Y113.01 E1307.5378
G1 X100.962 Y113.588 E1307.55711
G1 X100.817 Y114.128 E1307.57571
G1 X100.573 Y114.655 E1307.59502
G1 X100.238 Y115.129 E1307.61433
G1 X99.826 Y115.54 E1307.63369
G1 X99.358 Y115.869 E1307.65271
G1 X98.83 Y116.116 E1307.6721
G1 X98.254 Y116.268 E1307.69191
G1 X97.674 Y116.316 E1307.71127
G1 F2700 E1302.71127
G0 F9000 X97.647 Y116.625
G0 X99.653 Y116.368
G0 X135.35 Y116.374
G0 X137.288 Y117.08
;TYPE:SKIN
G1 F2700 E1307.71127
G1 F1500 X138.036 Y117.009 E1307.73626
G1 X138.685 Y116.838 E1307.75858
G1 X139.344 Y116.526 E1307.78283
G1 X139.931 Y116.117 E1307.80663
G1 X140.42 Y115.635 E1307.82947
G1 X140.846 Y115.029 E1307.8541
G1 X141.154 Y114.373 E1307.87821
G1 X141.325 Y113.716 E1307.90079
G1 X141.396 Y113.008 E1307.92445
G1 X141.321 Y112.26 E1307.94946
G1 X141.15 Y111.606 E1307.97194
G1 X140.839 Y110.932 E1307.99663
G1 X140.419 Y110.34 E1308.02077
G1 X139.957 Y109.885 E1308.04234
G1 X139.329 Y109.44 E1308.06794
G1 X138.685 Y109.142 E1308.09154
G1 X138.036 Y108.971 E1308.11386
G1 X137.335 Y108.904 E1308.13728
G1 X136.585 Y108.966 E1308.16231
G1 X135.921 Y109.138 E1308.18513
G1 X135.278 Y109.439 E1308.20874
G1 X134.662 Y109.87 E1308.23375
G1 X134.186 Y110.346 E1308.25614
G1 X133.755 Y110.961 E1308.28111
G1 X133.467 Y111.565 E1308.30337
G1 X133.282 Y112.265 E1308.32745
G1 X133.216 Y112.974 E1308.35114
G1 X133.28 Y113.687 E1308.37495
G1 X133.463 Y114.389 E1308.39907
G1 X133.784 Y115.064 E1308.42393
G1 X134.175 Y115.622 E1308.4466
G1 X134.693 Y116.132 E1308.47077
G1 X135.258 Y116.529 E1308.49374
G1 X135.896 Y116.83 E1308.5172
G1 X136.6 Y117.012 E1308.54139
G1 X137.288 Y117.08 E1308.56438
G1 F2700 E1303.56438
G0 F9000 X137.312 Y116.821
G0 X136.622 Y116.837
G0 X135.114 Y136.936
G0 X134.18 Y139.628
G1 F2700 E1308.56438
G1 F1136.4 X134.553 Y139.631 E1308.58076
G0 F9000 X134.949 Y139.692
G1 F1295.9 X134.553 Y139.631 E1308.59619
G1 F1234.6 X134.783 Y139.515 E1308.6066
G1 F1382.5 X135.221 Y139.092 E1308.62857
G1 F1459.9 X135.34 Y138.647 E1308.64431
G1 F1500 X135.334 Y137.854 E1308.67069
G1 X136.293 Y139.691 E1308.73961
G1 X134.949 Y139.692 E1308.78431
G0 F9000 X135.66 Y139.274
G1 F1388.9 X135.633 Y139.321 E1308.78626
G1 X135.579 Y139.321 E1308.7882
G1 X135.552 Y139.274 E1308.79015
G1 X135.579 Y139.227 E1308.79209
G1 X135.633 Y139.227 E1308.79403
G1 X135.66 Y139.274 E1308.79598
G1 F2700 E1303.79598
G0 F9000 X136.215 Y138.985
G0 X135.543 Y137.163
G0 X135.553 Y136.501
G0 X135.922 Y136.49
G0 X135.88 Y136.137
G0 X135.842 Y135.475
G1 F2700 E1308.79598
G1 F993.4 X135.842 Y131.971 E1308.97196
G1 F2700 E1303.97196
G0 F9000 X134.286 Y131.223
G0 X117.5 Y124.944
G1 F2700 E1308.97196
G1 F1500 X106.84 Y124.944 E1309.32651
G1 X106.182 Y124.998 E1309.34847
G1 X105.495 Y125.182 E1309.37213
G1 X104.865 Y125.475 E1309.39524
G1 X104.325 Y125.851 E1309.41712
G1 X103.834 Y126.338 E1309.44012
G1 X103.431 Y126.914 E1309.4635
G1 X103.142 Y127.523 E1309.48593
G1 X102.962 Y128.201 E1309.50926
G1 X102.9 Y128.821 E1309.52998
G1 X102.9 Y131.623 E1309.62318
G1 X100.714 Y131.044 E1309.69839
G1 X100.389 Y131.071 E1309.70924
G1 X100.064 Y131.213 E1309.72103
G1 X99.775 Y131.533 E1309.73537
G1 X99.662 Y131.961 E1309.7501
G1 X99.656 Y136.24 E1309.89242
G1 X99.154 Y135.98 E1309.91122
G1 X98.652 Y135.977 E1309.92792
G1 X98.646 Y120.962 E1310.42732
G1 X98.504 Y120.557 E1310.44159
G1 X98.292 Y120.312 E1310.45237
G1 X97.925 Y120.119 E1310.46616
G1 X96.759 Y120.045 E1310.50502
G1 X95.84 Y119.858 E1310.53621
G1 X94.973 Y119.566 E1310.56664
G1 X94.137 Y119.154 E1310.59764
G1 X93.358 Y118.632 E1310.62883
G1 X92.662 Y118.026 E1310.65952
G1 X92.048 Y117.318 E1310.69069
G1 X91.53 Y116.543 E1310.7217
G1 X91.113 Y115.707 E1310.75277
G1 X90.822 Y114.844 E1310.78306
G1 X90.639 Y113.921 E1310.81436
G1 X90.577 Y112.988 E1310.84546
G1 X90.639 Y112.059 E1310.87642
G1 X90.822 Y111.14 E1310.90759
G1 X91.114 Y110.277 E1310.93789
G1 X91.53 Y109.433 E1310.96919
G1 X92.047 Y108.663 E1311.00004
G1 X92.662 Y107.962 E1311.03105
G1 X93.363 Y107.347 E1311.06207
G1 X94.137 Y106.83 E1311.09303
G1 X94.973 Y106.414 E1311.12408
G1 X95.837 Y106.122 E1311.15442
G1 X96.759 Y105.935 E1311.18571
G1 X97.747 Y105.872 E1311.21864
G1 X111.008 Y105.865 E1311.6597
G1 X111.309 Y105.775 E1311.67015
G1 X111.557 Y105.612 E1311.68002
G1 X111.799 Y105.245 E1311.69464
G1 X111.847 Y105.022 E1311.70223
G1 X111.856 Y99.196 E1311.896
G1 X111.885 Y98.62 E1311.91518
G1 X112.234 Y98.938 E1311.93089
G1 X112.68 Y99.041 E1311.94611
G1 X122.36 Y99.039 E1312.26807
G1 X122.762 Y98.935 E1312.28188
G1 X123.114 Y98.62 E1312.29759
G1 X123.144 Y99.176 E1312.31611
G1 X123.152 Y105.04 E1312.51115
G1 X123.271 Y105.391 E1312.52347
G1 X123.454 Y105.62 E1312.53322
G1 X123.717 Y105.789 E1312.54362
G1 X123.997 Y105.866 E1312.55328
G1 X137.249 Y105.872 E1312.99404
G1 X138.233 Y105.935 E1313.02684
G1 X139.155 Y106.122 E1313.05813
G1 X140.019 Y106.414 E1313.08846
G1 X140.859 Y106.83 E1313.11964
G1 X141.638 Y107.352 E1313.15083
G1 X142.33 Y107.954 E1313.18134
G1 X142.944 Y108.658 E1313.2124
G1 X143.462 Y109.432 E1313.24338
G1 X143.874 Y110.273 E1313.27453
G1 X144.174 Y111.145 E1313.3052
G1 X144.357 Y112.055 E1313.33607
G1 X144.415 Y112.988 E1313.36716
G1 X144.357 Y113.925 E1313.39839
G1 X144.174 Y114.835 E1313.42926
G1 X143.874 Y115.707 E1313.45993
G1 X143.466 Y116.543 E1313.49087
G1 X142.944 Y117.318 E1313.52195
G1 X142.334 Y118.022 E1313.55293
G1 X141.629 Y118.636 E1313.58403
G1 X140.859 Y119.154 E1313.61489
G1 X140.019 Y119.566 E1313.64601
G1 X139.155 Y119.858 E1313.67635
G1 X138.237 Y120.045 E1313.70751
G1 X137.066 Y120.119 E1313.74653
G1 X136.703 Y120.318 E1313.7603
G1 X136.488 Y120.556 E1313.77097
G1 X136.346 Y120.962 E1313.78527
G1 X136.344 Y135.976 E1314.28464
G1 X135.837 Y135.976 E1314.3015
G1 X135.34 Y136.235 E1314.32014
G1 X135.334 Y131.961 E1314.4623
G1 X135.221 Y131.527 E1314.47721
G1 X134.928 Y131.214 E1314.49147
G1 X134.606 Y131.071 E1314.50319
G1 X134.27 Y131.041 E1314.51441
G1 X132.096 Y131.623 E1314.58927
G1 X132.092 Y128.823 E1314.68239
G1 X132.044 Y128.235 E1314.70202
G1 X131.862 Y127.551 E1314.72556
G1 X131.568 Y126.912 E1314.74895
G1 X131.158 Y126.334 E1314.77252
G1 X130.698 Y125.874 E1314.79416
G1 X130.126 Y125.475 E1314.81736
G1 X129.472 Y125.173 E1314.84132
G1 X128.823 Y124.998 E1314.86367
G1 X128.214 Y124.944 E1314.88401
G1 X117.5 Y124.944 E1315.24036
G1 F2700 E1310.24036
G0 F9000 X117.499 Y125.204
G0 X106.264 Y125.505
G0 X105.681 Y125.661
G0 X105.135 Y125.916
G0 X104.644 Y126.261
G0 X104.218 Y126.685
G0 X103.873 Y127.178
G0 X103.618 Y127.724
G0 X103.463 Y128.305
G0 X103.412 Y128.885
G0 X103.427 Y132.309
G0 X100.789 Y131.59
G0 X100.179 Y131.601
G0 X100.179 Y139.034
G0 X100.789 Y139.045
G0 X103.951 Y138.195
G0 X117.5 Y138.2
G0 X117.5 Y139.856
G0 X117.5 Y139.694
G1 F2700 E1315.24036
G1 F1500 X104.235 Y139.696 E1315.68155
G1 F1401.9 X102.484 Y139.668 E1315.74387
G1 F1234.6 X100.733 Y139.64 E1315.81464
G1 X102.419 Y139.163 E1315.88545
G1 F1401.9 X104.104 Y138.686 E1315.94777
G1 F1500 X104.443 Y138.519 E1315.96034
G1 X104.533 Y138.38 E1315.96585
G1 X130.459 Y138.38 E1316.82815
G1 X130.549 Y138.518 E1316.83363
G1 X130.892 Y138.686 E1316.84634
G1 F1421.8 X131.988 Y139 E1316.88634
G1 F1290.3 X133.084 Y139.314 E1316.93042
G1 F1181.1 X134.18 Y139.628 E1316.97858
G1 X133.04 Y139.649 E1317.02674
G1 F1290.3 X131.901 Y139.671 E1317.07079
G1 F1421.8 X130.761 Y139.692 E1317.1108
G1 F1500 X117.5 Y139.694 E1317.55186
G1 F2700 E1312.55186
G0 F9000 X117.5 Y139.956
G0 X100.653 Y139.856
G0 X100.668 Y139.417
G0 X100.734 Y139.64
G1 F2700 E1317.55186
G1 F1171.9 X100.612 Y139.641 E1317.55706
G0 F9000 X100.214 Y139.695
G1 F1500 X98.699 Y139.695 E1317.60744
G1 X99.658 Y137.861 E1317.67628
G1 X99.656 Y138.619 E1317.70149
G1 X99.762 Y139.079 E1317.71719
G1 F1401.9 X100.167 Y139.475 E1317.73735
G1 F1244.8 X100.612 Y139.641 E1317.75639
G1 F1318.7 X100.214 Y139.695 E1317.77158
G0 F9000 X99.439 Y139.277
G1 F1376.1 X99.412 Y139.324 E1317.77355
G1 X99.358 Y139.324 E1317.7755
G1 X99.331 Y139.277 E1317.77747
G1 X99.358 Y139.23 E1317.77943
G1 X99.412 Y139.23 E1317.78139
G1 X99.439 Y139.277 E1317.78336
G1 F2700 E1312.78336
G0 F9000 X99.996 Y138.953
G0 X99.835 Y136.402
G0 X99.154 Y135.479
G1 F2700 E1317.78336
G1 F990.1 X99.152 Y131.979 E1317.95972
G1 F2700 E1312.95972
G0 F9000 X97.691 Y116.9
G0 X97.664 Y117.08
G1 F2700 E1317.95972
G1 F1500 X98.388 Y117.012 E1317.98391
G1 X99.106 Y116.825 E1318.00858
G1 X99.742 Y116.521 E1318.03203
G1 X100.291 Y116.141 E1318.05424
G1 X100.818 Y115.617 E1318.07895
G1 X101.22 Y115.052 E1318.10202
G1 X101.529 Y114.392 E1318.12626
G1 X101.71 Y113.72 E1318.1494
G1 X101.776 Y113.01 E1318.17312
G1 X101.716 Y112.298 E1318.19688
G1 X101.526 Y111.575 E1318.22175
G1 X101.225 Y110.933 E1318.24533
G1 X100.829 Y110.365 E1318.26836
G1 X100.312 Y109.852 E1318.29259
G1 X99.756 Y109.46 E1318.31521
G1 X99.071 Y109.138 E1318.34039
G1 X98.39 Y108.964 E1318.36376
G1 X97.694 Y108.904 E1318.387
G1 X96.956 Y108.971 E1318.41165
G1 X96.328 Y109.138 E1318.43326
G1 X95.636 Y109.453 E1318.45855
G1 X95.043 Y109.877 E1318.48279
G1 X94.577 Y110.344 E1318.50474
G1 X94.136 Y110.959 E1318.52991
G1 X93.853 Y111.585 E1318.55276
G1 X93.674 Y112.252 E1318.57573
G1 X93.604 Y112.965 E1318.59955
G1 X93.671 Y113.723 E1318.62486
G1 X93.842 Y114.357 E1318.6467
G1 X94.149 Y115.036 E1318.67149
G1 X94.581 Y115.64 E1318.69619
G1 X95.034 Y116.094 E1318.71752
G1 X95.655 Y116.532 E1318.74279
G1 X96.312 Y116.834 E1318.76684
G1 X96.96 Y117.009 E1318.78917
G1 X97.664 Y117.08 E1318.8127
G1 F2700 E1313.8127
G0 F9000 X97.689 Y116.82
G0 X95.905 Y116.09
G0 X95.396 Y115.732
G0 X94.954 Y115.292
G0 X94.596 Y114.781
G0 X94.333 Y114.216
G0 X94.172 Y113.614
G0 X94.116 Y112.993
G0 X94.172 Y112.372
G0 X94.333 Y111.77
G0 X94.546 Y111.313
G0 X95.735 Y109.605
G0 X94.249 Y106.596
G0 X94.524 Y106.86
G1 F2700 E1318.8127
G1 F1500 X91.559 Y109.825 E1318.95217
G0 F9000 X91.149 Y109.622
G0 X90.715 Y110.654
G0 X91.148 Y110.802
G1 F1500 X95.505 Y106.444 E1319.15713
G0 F9000 X96.28 Y106.236
G1 F1500 X90.94 Y111.576 E1319.40831
G0 F9000 X90.826 Y112.255
G1 F1500 X96.958 Y106.123 E1319.69674
G0 F9000 X97.563 Y106.084
G1 F1500 X90.786 Y112.861 E1320.01551
G0 F9000 X90.805 Y113.407
G1 F1500 X98.141 Y106.071 E1320.36057
G0 F9000 X98.707 Y106.071
G1 F1500 X95.389 Y109.389 E1320.51664
G0 F9000 X95.654 Y109.761
G0 X96.558 Y109.347
G0 X96.442 Y108.902
G1 F1500 X99.273 Y106.071 E1320.6498
G0 F9000 X99.839 Y106.07
G1 F1500 X97.157 Y108.752 E1320.77595
G0 F9000 X97.762 Y108.713
G1 F1500 X100.405 Y106.07 E1320.90027
G0 F9000 X100.971 Y106.07
G1 F1500 X98.281 Y108.759 E1321.02678
G0 F9000 X98.757 Y108.85
G1 F1500 X101.537 Y106.07 E1321.15754
G0 F9000 X102.103 Y106.07
G1 F1500 X99.194 Y108.978 E1321.29435
G0 F9000 X99.581 Y109.157
G1 F1500 X102.668 Y106.07 E1321.43955
G0 F9000 X103.235 Y106.069
G1 F1500 X99.947 Y109.357 E1321.59421
G0 F9000 X100.281 Y109.588
G1 F1500 X103.8 Y106.069 E1321.75973
G0 F9000 X104.366 Y106.069
G1 F1500 X100.588 Y109.847 E1321.93744
G0 F9000 X100.874 Y110.126
G1 F1500 X104.933 Y106.068 E1322.12834
G0 F9000 X105.498 Y106.068
G1 F1500 X101.123 Y110.443 E1322.33412
G0 F9000 X101.358 Y110.774
G1 F1500 X106.065 Y106.067 E1322.55553
G0 F9000 X106.63 Y106.067
G1 F1500 X101.547 Y111.151 E1322.79464
G0 F9000 X101.727 Y111.537
G1 F1500 X107.196 Y106.067 E1323.05191
G0 F9000 X107.762 Y106.067
G1 F1500 X101.841 Y111.988 E1323.33041
G0 F9000 X101.93 Y112.465
G1 F1500 X108.328 Y106.067 E1323.63135
G0 F9000 X108.894 Y106.067
G1 F1500 X101.972 Y112.989 E1323.95694
G0 F9000 X101.923 Y113.603
G1 F1500 X109.46 Y106.066 E1324.31146
G0 F9000 X110.026 Y106.066
G1 F1500 X101.749 Y114.343 E1324.70079
G0 F9000 X101.307 Y114.225
G0 X100.746 Y115.275
G0 X101.118 Y115.539
G1 F1500 X110.592 Y106.066 E1325.14639
G0 F9000 X111.21 Y106.014
G1 F1500 X97.342 Y119.881 E1325.79868
G0 F9000 X97.874 Y119.915
G1 F1500 X118.546 Y99.242 E1326.77105
G0 F9000 X117.981 Y99.242
G1 F1500 X112.001 Y105.222 E1327.05233
G0 F9000 X112.047 Y104.61
G1 F1500 X117.416 Y99.242 E1327.30485
G0 F9000 X116.85 Y99.242
G1 F1500 X112.048 Y104.044 E1327.53072
G0 F9000 X112.049 Y103.477
G1 F1500 X116.284 Y99.242 E1327.72992
G0 F9000 X115.719 Y99.242
G1 F1500 X112.05 Y102.91 E1327.90247
G0 F9000 X112.051 Y102.344
G1 F1500 X115.153 Y99.242 E1328.04838
G0 F9000 X114.588 Y99.241
G1 F1500 X112.052 Y101.777 E1328.16767
G0 F9000 X112.053 Y101.21
G1 F1500 X114.022 Y99.241 E1328.26028
G0 F9000 X113.457 Y99.241
G1 F1500 X112.054 Y100.644 E1328.32628
G0 F9000 X112.055 Y100.078
G1 F1500 X112.891 Y99.241 E1328.36562
G0 F9000 X112.384 Y99.182
G1 F1500 X112.056 Y99.51 E1328.38105
G0 F9000 X111.612 Y98.871
G0 X111.729 Y97.841
G0 X112.267 Y98.572
G0 X119.113 Y98.783
G0 X119.112 Y99.242
G1 F1500 X98.276 Y120.079 E1329.36114
G0 F9000 X98.582 Y120.338
G1 F1500 X119.678 Y99.242 E1330.35343
G0 F9000 X120.243 Y99.243
G1 F1500 X98.772 Y120.714 E1331.36336
G0 F9000 X98.844 Y121.208
G1 F1500 X120.808 Y99.243 E1332.3965
G0 F9000 X121.374 Y99.243
G1 F1500 X98.844 Y121.774 E1333.45627
G0 F9000 X98.844 Y122.339
G1 F1500 X121.94 Y99.243 E1334.54263
G0 F9000 X122.551 Y99.198
G1 F1500 X98.844 Y122.904 E1335.65771
G0 F9000 X98.845 Y123.469
G1 F1500 X122.944 Y99.37 E1336.79125
G0 F9000 X122.945 Y99.935
G1 F1500 X98.845 Y124.035 E1337.92484
G0 F9000 X98.846 Y124.6
G1 F1500 X122.945 Y100.501 E1339.05839
G0 F9000 X122.945 Y101.066
G1 F1500 X98.846 Y125.166 E1340.19195
G0 F9000 X98.846 Y125.731
G1 F1500 X122.946 Y101.631 E1341.32554
G0 F9000 X122.947 Y102.196
G1 F1500 X98.846 Y126.296 E1342.45916
G0 F9000 X98.847 Y126.861
G1 F1500 X122.947 Y102.762 E1343.59272
G0 F9000 X122.947 Y103.327
G1 F1500 X98.847 Y127.427 E1344.72631
G0 F9000 X98.847 Y127.993
G1 F1500 X122.948 Y103.892 E1345.85995
G0 F9000 X122.949 Y104.457
G1 F1500 X98.848 Y128.558 E1346.99359
G0 F9000 X98.848 Y129.123
G1 F1500 X122.949 Y105.022 E1348.12723
G0 F9000 X123.083 Y105.454
G1 F1500 X98.849 Y129.688 E1349.26712
G0 F9000 X98.849 Y130.254
G1 F1500 X123.326 Y105.777 E1350.41844
G0 F9000 X123.679 Y105.99
G1 F1500 X98.849 Y130.819 E1351.58635
G0 F9000 X98.849 Y131.385
G1 F1500 X103.112 Y127.122 E1351.78686
G0 F9000 X102.815 Y127.984
G1 F1500 X99.136 Y131.664 E1351.95994
G1 F2700 E1346.95994
G0 F9000 X99.875 Y131.859
G0 X100.504 Y130.861
G1 F2700 E1351.95994
G1 F1500 X102.715 Y128.65 E1352.06394
G0 F9000 X102.7 Y129.231
G1 F1500 X101.019 Y130.912 E1352.143
G0 F9000 X101.464 Y131.033
G1 F1500 X102.7 Y129.797 E1352.20114
G0 F9000 X102.7 Y130.362
G1 F1500 X101.91 Y131.152 E1352.2383
G0 F9000 X102.357 Y131.272
G1 F1500 X102.7 Y130.928 E1352.25446
G0 F9000 X103.16 Y130.929
G0 X103.463 Y128.305
G0 X103.618 Y127.724
G0 X103.873 Y127.178
G0 X104.068 Y126.898
G0 X105.265 Y125.577
G0 X105.072 Y125.162
G1 F1500 X124.167 Y106.067 E1353.15263
G0 F9000 X124.732 Y106.067
G1 F1500 X105.944 Y124.855 E1354.03636
G0 F9000 X106.603 Y124.763
G1 F1500 X125.298 Y106.067 E1354.91574
G0 F9000 X125.864 Y106.067
G1 F1500 X107.187 Y124.744 E1355.79425
G0 F9000 X107.752 Y124.744
G1 F1500 X126.429 Y106.068 E1356.67273
G0 F9000 X126.994 Y106.068
G1 F1500 X108.318 Y124.744 E1357.55119
G0 F9000 X108.884 Y124.744
G1 F1500 X127.56 Y106.068 E1358.42966
G0 F9000 X128.125 Y106.069
G1 F1500 X109.45 Y124.744 E1359.30807
G0 F9000 X110.015 Y124.744
G1 F1500 X128.691 Y106.069 E1360.18651
G0 F9000 X129.256 Y106.069
G1 F1500 X110.581 Y124.744 E1361.06492
G0 F9000 X111.147 Y124.744
G1 F1500 X129.821 Y106.07 E1361.94329
G0 F9000 X130.387 Y106.07
G1 F1500 X111.712 Y124.744 E1362.82168
G0 F9000 X112.278 Y124.744
G1 F1500 X130.953 Y106.07 E1363.70007
G0 F9000 X131.518 Y106.07
G1 F1500 X112.844 Y124.744 E1364.57844
G0 F9000 X113.409 Y124.744
G1 F1500 X132.083 Y106.07 E1365.45681
G0 F9000 X132.649 Y106.07
G1 F1500 X113.975 Y124.744 E1366.33518
G0 F9000 X114.541 Y124.744
G1 F1500 X133.215 Y106.07 E1367.21354
G0 F9000 X133.78 Y106.071
G1 F1500 X115.106 Y124.744 E1368.09189
G0 F9000 X115.672 Y124.744
G1 F1500 X134.345 Y106.071 E1368.97021
G0 F9000 X134.911 Y106.071
G1 F1500 X116.238 Y124.744 E1369.84853
G0 F9000 X116.803 Y124.744
G1 F1500 X135.476 Y106.072 E1370.72683
G0 F9000 X136.042 Y106.072
G1 F1500 X117.369 Y124.744 E1371.60512
G0 F9000 X117.934 Y124.745
G1 F1500 X136.607 Y106.072 E1372.48344
G0 F9000 X137.173 Y106.072
G1 F1500 X118.5 Y124.745 E1373.36176
G0 F9000 X119.065 Y124.745
G1 F1500 X137.708 Y106.102 E1374.23867
G0 F9000 X138.237 Y106.14
G1 F1500 X134.955 Y109.421 E1374.39303
G0 F9000 X135.216 Y109.798
G0 X136.157 Y109.348
G0 X136.041 Y108.901
G1 F1500 X138.707 Y106.234 E1374.51845
G0 F9000 X139.171 Y106.337
G1 F1500 X136.756 Y108.752 E1374.63204
G0 F9000 X137.363 Y108.711
G1 F1500 X139.593 Y106.48 E1374.73696
G0 F9000 X140.008 Y106.631
G1 F1500 X137.881 Y108.758 E1374.83701
G0 F9000 X138.356 Y108.848
G1 F1500 X140.386 Y106.818 E1374.93249
G0 F9000 X140.764 Y107.006
G1 F1500 X138.796 Y108.974 E1375.02506
G0 F9000 X139.183 Y109.153
G1 F1500 X141.102 Y107.233 E1375.11535
G0 F9000 X141.441 Y107.46
G1 F1500 X139.549 Y109.353 E1375.20437
G0 F9000 X139.882 Y109.585
G1 F1500 X141.752 Y107.716 E1375.2923
G0 F9000 X142.054 Y107.979
G1 F1500 X140.192 Y109.841 E1375.37988
G0 F9000 X140.478 Y110.121
G1 F1500 X142.334 Y108.264 E1375.46721
G0 F9000 X142.598 Y108.566
G1 F1500 X140.729 Y110.435 E1375.55512
G0 F9000 X140.962 Y110.768
G1 F1500 X142.85 Y108.88 E1375.64393
G0 F9000 X143.077 Y109.218
G1 F1500 X141.156 Y111.14 E1375.73431
G0 F9000 X141.333 Y111.528
G1 F1500 X143.302 Y109.56 E1375.8269
G0 F9000 X143.488 Y109.94
G1 F1500 X141.452 Y111.975 E1375.92264
G0 F9000 X141.542 Y112.451
G1 F1500 X143.673 Y110.319 E1376.0229
G0 F9000 X143.822 Y110.736
G1 F1500 X141.596 Y112.962 E1376.12761
G0 F9000 X141.537 Y113.587
G1 F1500 X143.967 Y111.157 E1376.24191
G0 F9000 X144.066 Y111.624
G1 F1500 X141.376 Y114.314 E1376.36844
G0 F9000 X140.932 Y114.197
G0 X140.396 Y115.224
G0 X140.768 Y115.488
G1 F1500 X144.159 Y112.097 E1376.52794
G0 F9000 X144.192 Y112.629
G1 F1500 X136.771 Y120.05 E1376.877
G0 F9000 X136.275 Y120.546
G1 F1500 X130.96 Y125.861 E1377.127
G0 F9000 X131.243 Y126.144
G1 F1500 X136.148 Y121.238 E1377.35774
G0 F9000 X136.148 Y121.804
G1 F1500 X131.494 Y126.458 E1377.57665
G0 F9000 X131.728 Y126.79
G1 F1500 X136.148 Y122.37 E1377.78455
G0 F9000 X136.148 Y122.935
G1 F1500 X131.907 Y127.177 E1377.98406
G0 F9000 X132.076 Y127.574
G1 F1500 X136.148 Y123.502 E1378.1756
G0 F9000 X136.148 Y124.068
G1 F1500 X132.192 Y128.023 E1378.36165
G0 F9000 X132.267 Y128.514
G1 F1500 X136.148 Y124.633 E1378.5442
G0 F9000 X136.147 Y125.2
G1 F1500 X132.292 Y129.055 E1378.72553
G0 F9000 X132.293 Y129.619
G1 F1500 X136.147 Y125.765 E1378.90681
G0 F9000 X136.147 Y126.331
G1 F1500 X132.294 Y130.184 E1379.08804
G0 F9000 X132.295 Y130.748
G1 F1500 X136.147 Y126.897 E1379.2692
G0 F9000 X136.146 Y127.463
G1 F1500 X132.296 Y131.313 E1379.4503
G0 F9000 X133.001 Y131.174
G1 F1500 X136.146 Y128.029 E1379.59823
G0 F9000 X136.146 Y128.594
G1 F1500 X133.774 Y130.967 E1379.70982
G0 F9000 X134.449 Y130.858
G1 F1500 X136.146 Y129.16 E1379.78967
G0 F9000 X136.146 Y129.727
G1 F1500 X134.893 Y130.98 E1379.84861
G0 F9000 X135.213 Y131.225
G1 F1500 X136.146 Y130.292 E1379.89249
G0 F9000 X136.146 Y130.858
G1 F1500 X135.446 Y131.557 E1379.92539
G0 F9000 X135.931 Y131.639
G1 F1500 X136.146 Y131.424 E1379.93551
G1 F2700 E1374.93551
G0 F9000 X136.604 Y131.425
G0 X136.526 Y125.98
G0 X131.04 Y126.471
G0 X130.657 Y125.598
G1 F2700 E1379.93551
G1 F1500 X139.818 Y116.437 E1380.36641
G0 F9000 X139.556 Y116.065
G0 X138.517 Y116.615
G0 X138.633 Y117.057
G1 F1500 X130.323 Y125.367 E1380.75729
G0 F9000 X129.948 Y125.176
G1 F1500 X137.902 Y117.222 E1381.13142
G0 F9000 X137.283 Y117.275
G1 F1500 X129.561 Y124.997 E1381.49464
G0 F9000 X129.121 Y124.872
G1 F1500 X136.767 Y117.226 E1381.85428
G0 F9000 X136.288 Y117.139
G1 F1500 X128.645 Y124.782 E1382.21379
G0 F9000 X128.116 Y124.745
G1 F1500 X135.842 Y117.02 E1382.57717
G0 F9000 X135.454 Y116.842
G1 F1500 X127.551 Y124.745 E1382.9489
G0 F9000 X126.985 Y124.745
G1 F1500 X135.082 Y116.648 E1383.32976
G0 F9000 X134.751 Y116.414
G1 F1500 X126.419 Y124.745 E1383.72165
G0 F9000 X125.854 Y124.745
G1 F1500 X134.438 Y116.161 E1384.12541
G0 F9000 X134.154 Y115.879
G1 F1500 X125.288 Y124.745 E1384.54244
G0 F9000 X124.722 Y124.745
G1 F1500 X133.896 Y115.571 E1384.97396
G0 F9000 X133.662 Y115.239
G1 F1500 X124.157 Y124.745 E1385.42107
G0 F9000 X123.591 Y124.745
G1 F1500 X133.469 Y114.867 E1385.8857
G0 F9000 X133.288 Y114.483
G1 F1500 X123.025 Y124.745 E1386.36842
G0 F9000 X122.46 Y124.745
G1 F1500 X133.165 Y114.039 E1386.87197
G0 F9000 X133.069 Y113.57
G1 F1500 X121.894 Y124.745 E1387.39761
G0 F9000 X121.328 Y124.745
G1 F1500 X133.019 Y113.054 E1387.94752
G0 F9000 X133.065 Y112.442
G1 F1500 X120.763 Y124.745 E1388.52619
G0 F9000 X120.197 Y124.745
G1 F1500 X133.215 Y111.727 E1389.13852
G0 F9000 X133.661 Y111.845
G0 X134.112 Y110.902
G0 X133.737 Y110.64
G1 F1500 X119.631 Y124.745 E1389.802
G1 F2700 E1384.802
G0 F9000 X119.63 Y125.205
G0 X128.736 Y125.505
G0 X129.319 Y125.661
G0 X129.865 Y125.916
G0 X130.356 Y126.261
G0 X130.782 Y126.685
G0 X131.127 Y127.178
G0 X131.382 Y127.724
G0 X131.537 Y128.305
G0 X131.588 Y128.885
G0 X131.573 Y132.309
G0 X134.211 Y131.59
G0 X134.821 Y131.601
G0 X134.821 Y139.034
G0 X134.211 Y139.045
G0 X131.049 Y138.195
G0 X119.373 Y138.12
G0 X119.373 Y138.579
G1 F2700 E1389.802
G1 F1500 X118.459 Y139.493 E1389.84499
G0 F9000 X117.894 Y139.493
G1 F1500 X118.807 Y138.579 E1389.88796
G0 F9000 X118.242 Y138.579
G1 F1500 X117.327 Y139.494 E1389.931
G0 F9000 X116.761 Y139.494
G1 F1500 X117.676 Y138.579 E1389.97403
G0 F9000 X117.11 Y138.579
G1 F1500 X116.195 Y139.494 E1390.01707
G0 F9000 X115.63 Y139.494
G1 F1500 X116.545 Y138.579 E1390.06011
G0 F9000 X115.979 Y138.579
G1 F1500 X115.064 Y139.494 E1390.10315
G0 F9000 X114.498 Y139.495
G1 F1500 X115.413 Y138.579 E1390.14621
G0 F9000 X114.848 Y138.579
G1 F1500 X113.932 Y139.495 E1390.1893
G0 F9000 X113.366 Y139.495
G1 F1500 X114.282 Y138.579 E1390.23238
G0 F9000 X113.716 Y138.579
G1 F1500 X112.801 Y139.495 E1390.27545
G0 F9000 X112.235 Y139.495
G1 F1500 X113.151 Y138.579 E1390.31853
G0 F9000 X112.585 Y138.579
G1 F1500 X111.669 Y139.495 E1390.36162
G0 F9000 X111.103 Y139.495
G1 F1500 X112.019 Y138.579 E1390.4047
G0 F9000 X111.453 Y138.579
G1 F1500 X110.538 Y139.495 E1390.44777
G0 F9000 X109.972 Y139.495
G1 F1500 X110.888 Y138.579 E1390.49085
G0 F9000 X110.322 Y138.579
G1 F1500 X109.406 Y139.496 E1390.53396
G0 F9000 X108.84 Y139.496
G1 F1500 X109.756 Y138.579 E1390.57707
G0 F9000 X109.191 Y138.579
G1 F1500 X108.274 Y139.496 E1390.6202
G0 F9000 X107.709 Y139.496
G1 F1500 X108.625 Y138.579 E1390.66331
G0 F9000 X108.059 Y138.579
G1 F1500 X107.143 Y139.496 E1390.70642
G0 F9000 X106.577 Y139.496
G1 F1500 X107.494 Y138.579 E1390.74956
G0 F9000 X106.928 Y138.579
G1 F1500 X106.012 Y139.496 E1390.79267
G0 F9000 X105.446 Y139.496
G1 F1500 X106.362 Y138.579 E1390.83577
G0 F9000 X105.797 Y138.579
G1 F1500 X104.88 Y139.496 E1390.87891
G0 F9000 X104.315 Y139.496
G1 F1500 X105.231 Y138.579 E1390.92202
G0 F9000 X104.665 Y138.579
G1 F1500 X104.559 Y138.686 E1390.92703
G1 X104.551 Y138.694
G1 X103.749 Y139.496 E1390.96475
G0 F9000 X103.672 Y139.007
G1 F1500 X103.183 Y139.496 E1390.98775
G0 F9000 X102.902 Y139.211
G1 F1500 X102.617 Y139.496 E1391.00116
G0 F9000 X102.132 Y139.415
G1 F1500 X102.052 Y139.496 E1391.00494
G0 F9000 X102.052 Y139.956
G0 X119.025 Y139.956
G0 X119.025 Y139.493
G1 F1500 X119.939 Y138.579 E1391.04793
G0 F9000 X120.504 Y138.579
G1 F1500 X119.591 Y139.493 E1391.0909
G0 F9000 X120.157 Y139.493
G1 F1500 X121.07 Y138.579 E1391.13387
G0 F9000 X121.636 Y138.579
G1 F1500 X120.722 Y139.493 E1391.17686
G0 F9000 X121.288 Y139.493
G1 F1500 X122.201 Y138.579 E1391.21983
G0 F9000 X122.767 Y138.579
G1 F1500 X121.854 Y139.493 E1391.2628
G0 F9000 X122.419 Y139.493
G1 F1500 X123.333 Y138.579 E1391.30579
G0 F9000 X123.899 Y138.579
G1 F1500 X122.985 Y139.493 E1391.34878
G0 F9000 X123.551 Y139.493
G1 F1500 X124.464 Y138.579 E1391.39175
G0 F9000 X125.03 Y138.579
G1 F1500 X124.117 Y139.492 E1391.4347
G0 F9000 X124.683 Y139.492
G1 F1500 X125.596 Y138.579 E1391.47764
G0 F9000 X126.161 Y138.579
G1 F1500 X125.248 Y139.492 E1391.52059
G0 F9000 X125.814 Y139.492
G1 F1500 X126.727 Y138.579 E1391.56353
G0 F9000 X127.293 Y138.579
G1 F1500 X126.38 Y139.492 E1391.60647
G0 F9000 X126.945 Y139.492
G1 F1500 X127.858 Y138.579 E1391.64942
G0 F9000 X128.424 Y138.579
G1 F1500 X127.511 Y139.492 E1391.69236
G0 F9000 X128.077 Y139.492
G1 F1500 X128.99 Y138.579 E1391.73531
G0 F9000 X129.555 Y138.579
G1 F1500 X128.643 Y139.492 E1391.77823
G0 F9000 X129.208 Y139.492
G1 F1500 X130.121 Y138.579 E1391.82117
G0 F9000 X130.531 Y138.735
G1 F1500 X129.774 Y139.492 E1391.85678
G0 F9000 X130.34 Y139.492
G1 F1500 X130.929 Y138.903 E1391.88449
G0 F9000 X131.376 Y139.021
G1 F1500 X130.905 Y139.493 E1391.90666
G0 F9000 X131.47 Y139.493
G1 F1500 X131.823 Y139.14 E1391.92327
G0 F9000 X132.036 Y139.493
G1 F1500 X132.27 Y139.259 E1391.93428
G0 F9000 X132.602 Y139.493
G1 F1500 X132.717 Y139.378 E1391.93968
G1 F2700 E1386.93968
G0 F9000 X132.834 Y138.937
G0 X134.211 Y139.045
G0 X134.821 Y139.034
G0 X134.821 Y131.601
G0 X134.561 Y131.248
G0 X136.524 Y131.25
G0 X137.495 Y119.891
G1 F2700 E1391.93968
G1 F1500 X144.202 Y113.184 E1392.25516
G0 F9000 X144.164 Y113.788
G1 F1500 X138.099 Y119.853 E1392.54044
G0 F9000 X138.789 Y119.729
G1 F1500 X144.042 Y114.476 E1392.78753
G0 F9000 X143.812 Y115.272
G1 F1500 X139.58 Y119.504 E1392.98659
G0 F9000 X139.727 Y119.941
G0 X140.787 Y119.48
G0 X140.583 Y119.066
G1 F1500 X143.373 Y116.277 E1393.1178
G1 F2700 E1388.1178
G0 F9000 X143.787 Y116.482
G0 X143.075 Y117.42
G0 X100.682 Y115.503
G0 X100.244 Y116.413
G1 F2700 E1393.1178
G1 F1500 X96.809 Y119.848 E1393.27937
G0 F9000 X96.336 Y119.756
G1 F1500 X99.047 Y117.045 E1393.40688
G0 F9000 X98.308 Y117.218
G1 F1500 X95.869 Y119.657 E1393.52161
G0 F9000 X95.445 Y119.515
G1 F1500 X97.683 Y117.277 E1393.62688
G0 F9000 X97.166 Y117.229
G1 F1500 X95.025 Y119.37 E1393.72758
G0 F9000 X94.646 Y119.183
G1 F1500 X96.687 Y117.142 E1393.82358
G0 F9000 X96.242 Y117.021
G1 F1500 X94.268 Y118.995 E1393.91644
G0 F9000 X93.926 Y118.772
G1 F1500 X95.858 Y116.84 E1394.00731
G0 F9000 X95.478 Y116.654
G1 F1500 X93.587 Y118.545 E1394.09626
G0 F9000 X93.273 Y118.293
G1 F1500 X95.147 Y116.419 E1394.1844
G0 F9000 X94.83 Y116.171
G1 F1500 X92.971 Y118.03 E1394.27185
G0 F9000 X92.687 Y117.748
G1 F1500 X94.547 Y115.888 E1394.35933
G0 F9000 X94.293 Y115.577
G1 F1500 X92.424 Y117.445 E1394.44722
G0 F9000 X92.167 Y117.136
G1 F1500 X94.058 Y115.246 E1394.53615
G0 F9000 X93.858 Y114.88
G1 F1500 X91.941 Y116.797 E1394.62632
G0 F9000 X91.715 Y116.458
G1 F1500 X93.683 Y114.489 E1394.71891
G0 F9000 X93.553 Y114.053
G1 F1500 X91.524 Y116.082 E1394.81435
G0 F9000 X91.336 Y115.705
G1 F1500 X93.457 Y113.584 E1394.91411
G0 F9000 X93.409 Y113.066
G1 F1500 X91.184 Y115.291 E1395.01877
G0 F9000 X91.042 Y114.867
G1 F1500 X93.454 Y112.455 E1395.13222
G0 F9000 X93.608 Y111.736
G1 F1500 X90.94 Y114.404 E1395.25772
G0 F9000 X90.846 Y113.933
G1 F1500 X94.062 Y110.716 E1395.40901
G1 F2700 E1390.40901
G0 F9000 X94.438 Y110.986
G0 X95.905 Y109.896
G0 X96.363 Y109.682
G0 X98.374 Y109.144
G0 X98.374 Y105.711
G0 X111.334 Y105.353
G0 X111.339 Y98.971
G0 X111.898 Y97.941
G0 X111.943 Y96.929
G1 F2700 E1395.40901
G1 F1222 X111.901 Y95.599 E1395.46334
G1 X111.901 Y95.346 E1395.47367
G1 X112.484 Y95.346 E1395.49747
G1 X112.347 Y95.771 E1395.5157
G1 X111.943 Y96.929 E1395.56577
G0 F9000 X111.898 Y97.941
G0 X112.288 Y98.521
G0 X122.713 Y98.522
G0 X123.09 Y97.929
G0 X123.052 Y96.927
G1 F1217 X122.509 Y95.346 E1395.6343
G1 X123.106 Y95.346 E1395.65877
G1 X123.052 Y96.927 E1395.72362
G1 F2700 E1390.72362
;MESH:NONMESH
G0 F300 X123.052 Y96.927 Z4.2
G0 F9000 X123.09 Y97.929
G0 X122.713 Y98.522
G0 X116.868 Y98.497
G0 X112.679 Y98.88
G0 X101.367 Y111.656
G0 X97.69 Y116.719
;TIME_ELAPSED:2205.619682
;LAYER:20
;TYPE:WALL-INNER
;MESH:FT05-Frame Part B.stl
G1 F2700 E1395.72362
G1 F1500 X97.03 Y116.657 E1395.74567
G1 X96.431 Y116.497 E1395.76629
G1 X95.862 Y116.235 E1395.78712
G1 X95.297 Y115.847 E1395.80992
G1 X94.848 Y115.395 E1395.83111
G1 X94.46 Y114.851 E1395.85333
G1 X94.187 Y114.253 E1395.8752
G1 X94.027 Y113.654 E1395.89582
G1 X93.965 Y112.992 E1395.91793
G1 X94.023 Y112.339 E1395.93974
G1 X94.187 Y111.727 E1395.96081
G1 X94.462 Y111.125 E1395.98282
G1 X94.841 Y110.589 E1396.00466
G1 X95.288 Y110.144 E1396.02564
G1 X95.828 Y109.763 E1396.04762
G1 X96.431 Y109.483 E1396.06973
G1 X97.03 Y109.327 E1396.09032
G1 X97.715 Y109.268 E1396.11319
G1 X98.338 Y109.322 E1396.13398
G1 X98.967 Y109.486 E1396.1556
G1 X99.558 Y109.762 E1396.1773
G1 X100.093 Y110.139 E1396.19907
G1 X100.54 Y110.589 E1396.22016
G1 X100.922 Y111.125 E1396.24205
G1 X101.201 Y111.739 E1396.26449
G1 X101.363 Y112.345 E1396.28535
G1 X101.419 Y112.986 E1396.30675
G1 X101.361 Y113.641 E1396.32862
G1 X101.202 Y114.237 E1396.34914
G1 X100.922 Y114.855 E1396.3717
G1 X100.542 Y115.389 E1396.3935
G1 X100.082 Y115.848 E1396.41512
G1 X99.562 Y116.216 E1396.4363
G1 X98.968 Y116.494 E1396.45812
G1 X98.342 Y116.659 E1396.47965
G1 X97.69 Y116.719 E1396.50143
G1 F2700 E1391.50143
G0 F9000 X98.683 Y116.424
G0 X100.679 Y115.507
G0 X102.479 Y115.292
G0 X105.668 Y115.792
G1 F2700 E1396.50143
G1 F1500 X103.216 Y115.791 E1396.58298
G1 X103.047 Y115.754 E1396.58873
G1 X102.883 Y115.66 E1396.59502
G1 X102.731 Y115.477 E1396.60293
G1 X102.66 Y115.269 E1396.61024
G1 X102.662 Y114.403 E1396.63905
G1 X102.718 Y114.196 E1396.64618
G1 X102.929 Y113.955 E1396.65683
G1 X103.26 Y113.856 E1396.66832
G1 X103.26 Y112.832 E1396.70238
G1 X102.938 Y112.732 E1396.7136
G1 X102.751 Y112.529 E1396.72278
G1 X102.677 Y112.285 E1396.73126
G1 X102.68 Y111.435 E1396.75953
G1 X102.747 Y111.228 E1396.76677
G1 X102.924 Y111.025 E1396.77572
G1 X103.084 Y110.943 E1396.7817
G1 X103.276 Y110.912 E1396.78817
G1 X105.747 Y110.912 E1396.87036
G1 X105.916 Y110.97 E1396.8763
G1 X106.108 Y111.116 E1396.88432
G1 X106.215 Y111.291 E1396.89114
G1 X106.253 Y111.451 E1396.89661
G1 X106.254 Y112.295 E1396.92469
G1 X106.132 Y112.602 E1396.93567
G1 X105.987 Y112.737 E1396.94226
G1 X105.656 Y112.836 E1396.95375
G1 X105.656 Y113.86 E1396.98781
G1 X105.978 Y113.96 E1396.99903
G1 X106.121 Y114.096 E1397.00559
G1 X106.239 Y114.33 E1397.01431
G1 X106.239 Y115.238 E1397.04451
G1 X106.182 Y115.451 E1397.05184
G1 X106.003 Y115.671 E1397.06127
G1 X105.859 Y115.752 E1397.06677
G1 X105.668 Y115.792 E1397.07326
G1 F2700 E1392.07326
G0 F9000 X106.419 Y115.252
G0 X126.294 Y115.117
G0 X126.993 Y115.644
G1 F2700 E1397.07326
G1 F1500 X126.673 Y115.493 E1397.08503
G1 X126.513 Y115.263 E1397.09435
G1 X126.474 Y115.1 E1397.09992
G1 X126.473 Y114.214 E1397.12939
G1 X126.589 Y113.951 E1397.13895
G1 X126.741 Y113.807 E1397.14591
G1 X127.072 Y113.708 E1397.15741
G1 X127.072 Y112.684 E1397.19146
G1 X126.75 Y112.584 E1397.20268
G1 X126.545 Y112.344 E1397.21318
G1 X126.488 Y112.12 E1397.22086
G1 X126.494 Y111.275 E1397.24897
G1 X126.574 Y111.053 E1397.25682
G1 X126.716 Y110.892 E1397.26396
G1 X126.982 Y110.764 E1397.27378
G1 X131.864 Y110.764 E1397.43615
G1 X132.063 Y110.797 E1397.44286
G1 X132.256 Y110.909 E1397.45028
G1 X132.418 Y111.133 E1397.45948
G1 X132.465 Y111.364 E1397.46732
G1 X132.464 Y112.206 E1397.49532
G1 X132.34 Y112.455 E1397.50458
G1 X132.195 Y112.589 E1397.51114
G1 X131.864 Y112.688 E1397.52263
G1 X131.864 Y113.712 E1397.55669
G1 X132.186 Y113.812 E1397.56791
G1 X132.363 Y114 E1397.57649
G1 X132.447 Y114.255 E1397.58542
G1 X132.446 Y115.156 E1397.61539
G1 X132.351 Y115.373 E1397.62327
G1 X132.182 Y115.543 E1397.63124
G1 X131.926 Y115.64 E1397.64035
G1 X126.993 Y115.644 E1397.80442
G1 F2700 E1392.80442
G0 F9000 X132.283 Y115.694
G0 X134.316 Y115.506
G0 X137.303 Y116.719
G1 F2700 E1397.80442
G1 F1500 X136.654 Y116.659 E1397.8261
G1 X136.026 Y116.491 E1397.84772
G1 X135.439 Y116.214 E1397.86931
G1 X134.916 Y115.849 E1397.89052
G1 X134.454 Y115.389 E1397.9122
G1 X134.078 Y114.854 E1397.93395
G1 X133.801 Y114.265 E1397.9556
G1 X133.635 Y113.641 E1397.97708
G1 X133.577 Y112.992 E1397.99875
G1 X133.635 Y112.34 E1398.02052
G1 X133.8 Y111.717 E1398.04196
G1 X134.08 Y111.124 E1398.06377
G1 X134.455 Y110.59 E1398.08547
G1 X134.906 Y110.136 E1398.10676
G1 X135.441 Y109.763 E1398.12845
G1 X136.032 Y109.485 E1398.15017
G1 X136.656 Y109.325 E1398.1716
G1 X137.281 Y109.268 E1398.19247
G1 X137.966 Y109.327 E1398.21534
G1 X138.569 Y109.483 E1398.23605
G1 X139.133 Y109.744 E1398.25672
G1 X139.695 Y110.13 E1398.2794
G1 X140.163 Y110.593 E1398.3013
G1 X140.532 Y111.128 E1398.32291
G1 X140.812 Y111.725 E1398.34484
G1 X140.969 Y112.332 E1398.3657
G1 X141.035 Y112.997 E1398.38792
G1 X140.97 Y113.652 E1398.40982
G1 X140.813 Y114.255 E1398.43054
G1 X140.512 Y114.886 E1398.45379
G1 X140.159 Y115.391 E1398.47429
G1 X139.708 Y115.836 E1398.49536
G1 X139.168 Y116.217 E1398.51734
G1 X138.569 Y116.497 E1398.53933
G1 X137.967 Y116.657 E1398.56005
G1 X137.303 Y116.719 E1398.58223
G1 F2700 E1393.58223
G0 F9000 X136.622 Y116.837
G0 X130.031 Y125.629
G0 X117.5 Y138.02
G1 F2700 E1398.58223
G1 F1500 X104.37 Y138.02 E1399.01894
G1 X104.194 Y138.242 E1399.02836
G1 X103.975 Y138.352 E1399.03651
G1 X100.655 Y139.233 E1399.15076
G1 X100.349 Y139.162 E1399.1612
G1 X100.086 Y138.907 E1399.17339
G1 X100.016 Y138.624 E1399.18308
G1 F1550.4 X100.029 Y136.936 E1399.2374
G1 X100.016 Y136.397 E1399.25475
G1 F1500 X100.016 Y132.008 E1399.40073
G1 X100.093 Y131.712 E1399.41091
G1 X100.276 Y131.513 E1399.4199
G1 X100.477 Y131.424 E1399.42721
G1 X100.683 Y131.405 E1399.43409
G1 X103.26 Y132.091 E1399.52279
G1 X103.262 Y128.853 E1399.63048
G1 X103.315 Y128.274 E1399.64982
G1 X103.473 Y127.672 E1399.67052
G1 X103.739 Y127.101 E1399.69147
G1 X104.104 Y126.582 E1399.71258
G1 X104.547 Y126.139 E1399.73341
G1 X105.053 Y125.787 E1399.75391
G1 X105.624 Y125.518 E1399.77491
G1 X106.236 Y125.356 E1399.79596
G1 X106.847 Y125.304 E1399.81636
G1 X128.187 Y125.306 E1400.52613
G1 X128.768 Y125.355 E1400.54552
G1 X129.373 Y125.518 E1400.56636
G1 X129.945 Y125.788 E1400.5874
G1 X130.45 Y126.136 E1400.6078
G1 X130.897 Y126.583 E1400.62882
G1 X131.258 Y127.103 E1400.64988
G1 X131.523 Y127.672 E1400.67076
G1 X131.687 Y128.277 E1400.6916
G1 X131.735 Y128.858 E1400.71099
G1 X131.736 Y132.091 E1400.81852
G1 X134.312 Y131.405 E1400.90719
G1 X134.52 Y131.424 E1400.91414
G1 X134.72 Y131.513 E1400.92142
G1 X134.903 Y131.712 E1400.93041
G1 X134.98 Y132.008 E1400.94058
G1 X134.98 Y136.397 E1401.08656
G1 F1550.4 X134.967 Y136.936 E1401.10391
G1 F1566.6 X134.976 Y137.318 E1401.11608
G1 F1515.2 X134.98 Y138.624 E1401.15908
G1 F1500 X134.91 Y138.907 E1401.16878
G1 X134.647 Y139.162 E1401.18096
G1 X134.484 Y139.216 E1401.18667
G1 X134.276 Y139.216 E1401.19359
G1 X131.021 Y138.352 E1401.3056
G1 X130.802 Y138.242 E1401.31375
G1 X130.626 Y138.02 E1401.32318
G1 X117.5 Y138.02 E1401.75975
G1 F2700 E1396.75975
G0 F9000 X117.5 Y139.856
G0 X117.5 Y140.056
G1 F2700 E1401.75975
G1 F1500 X136.708 Y140.055 E1402.39861
G1 X136.71 Y139.716 E1402.40988
G1 F1515.2 X135.4 Y137.213 E1402.50291
G1 F1566.6 X135.341 Y136.936 E1402.51193
G1 F1550.4 X135.457 Y136.563 E1402.5245
G1 F1500 X135.892 Y136.337 E1402.5408
G1 X136.704 Y136.336 E1402.56781
G1 X136.706 Y121.008 E1403.07762
G1 X136.75 Y120.835 E1403.08356
G1 X136.93 Y120.597 E1403.09348
G1 X137.16 Y120.476 E1403.10213
G1 X138.285 Y120.403 E1403.13962
G1 X139.244 Y120.211 E1403.17215
G1 X140.162 Y119.9 E1403.20439
G1 X141.043 Y119.467 E1403.23704
G1 X141.853 Y118.923 E1403.26949
G1 X142.59 Y118.278 E1403.30207
G1 X143.234 Y117.542 E1403.33459
G1 X143.779 Y116.727 E1403.3672
G1 X144.212 Y115.848 E1403.39979
G1 X144.527 Y114.932 E1403.43201
G1 X144.715 Y113.97 E1403.46461
G1 X144.778 Y112.992 E1403.49721
G1 X144.715 Y112.014 E1403.5298
G1 X144.527 Y111.052 E1403.56241
G1 X144.212 Y110.135 E1403.59465
G1 X143.779 Y109.253 E1403.62733
G1 X143.235 Y108.443 E1403.65979
G1 X142.59 Y107.706 E1403.69236
G1 X141.853 Y107.062 E1403.72491
G1 X141.043 Y106.517 E1403.75739
G1 X140.162 Y106.084 E1403.79004
G1 X139.244 Y105.773 E1403.82227
G1 X138.284 Y105.581 E1403.85483
G1 X137.275 Y105.512 E1403.88847
G1 X124.032 Y105.512 E1404.32894
G1 X123.87 Y105.465 E1404.33455
G1 X123.62 Y105.268 E1404.34513
G1 X123.506 Y104.965 E1404.3559
G1 X123.504 Y99.184 E1404.54818
G1 F1438.8 X123.487 Y98.497 E1404.57201
G1 F1284.8 X123.454 Y98.239 E1404.58211
G1 F1200 X123.454 Y97.929 E1404.59499
G1 F1237.1 X123.469 Y97.81 E1404.59983
G1 F1379.3 X123.504 Y95.595 E1404.67996
G1 F1500 X123.504 Y94.94 E1404.70174
G1 X121.958 Y94.94 E1404.75316
G1 X122.225 Y95.79 E1404.7828
G1 F1379.3 X122.922 Y97.893 E1404.86293
G1 F1237.1 X122.958 Y97.972 E1404.86643
G1 F1200 X122.958 Y98.196 E1404.87575
G1 F1284.8 X122.872 Y98.355 E1404.88277
G1 F1438.8 X122.587 Y98.62 E1404.89626
G1 F1500 X122.316 Y98.684 E1404.90552
G1 X112.68 Y98.684 E1405.22602
G1 X112.409 Y98.62 E1405.23528
G1 F1438.8 X112.125 Y98.355 E1405.24875
G1 F1287.6 X112.04 Y98.196 E1405.25573
G1 F1239.7 X112.075 Y97.893 E1405.26801
G1 F1382.5 X112.772 Y95.79 E1405.34796
G1 F1500 X113.041 Y94.941 E1405.37758
G1 X111.497 Y94.941 E1405.42893
G1 X111.497 Y95.594 E1405.45065
G1 F1382.5 X111.53 Y97.81 E1405.53063
G1 F1239.7 X111.545 Y97.929 E1405.53546
G1 F1202.4 X111.545 Y98.239 E1405.54832
G1 F1287.6 X111.513 Y98.496 E1405.55835
G1 F1438.8 X111.496 Y99.182 E1405.58215
G1 F1500 X111.493 Y105.011 E1405.77602
G1 X111.428 Y105.192 E1405.78242
G1 X111.3 Y105.357 E1405.78936
G1 X111.129 Y105.466 E1405.79611
G1 X110.973 Y105.508 E1405.80148
G1 X97.725 Y105.512 E1406.24211
G1 X96.716 Y105.58 E1406.27575
G1 X95.752 Y105.773 E1406.30845
G1 X94.834 Y106.084 E1406.34068
G1 X93.957 Y106.517 E1406.37321
G1 X93.142 Y107.062 E1406.40582
G1 X92.406 Y107.706 E1406.43835
G1 X91.761 Y108.443 E1406.47093
G1 X91.217 Y109.253 E1406.50338
G1 X90.784 Y110.134 E1406.53603
G1 X90.473 Y111.052 E1406.56827
G1 X90.281 Y112.015 E1406.60093
G1 X90.218 Y112.992 E1406.63349
G1 X90.281 Y113.969 E1406.66605
G1 X90.473 Y114.932 E1406.69871
G1 X90.784 Y115.849 E1406.73092
G1 X91.217 Y116.727 E1406.76348
G1 X91.762 Y117.542 E1406.79609
G1 X92.406 Y118.278 E1406.82861
G1 X93.142 Y118.922 E1406.86114
G1 X93.957 Y119.467 E1406.89375
G1 X94.835 Y119.9 E1406.92631
G1 X95.752 Y120.211 E1406.95852
G1 X96.715 Y120.403 E1406.99118
G1 X97.836 Y120.476 E1407.02854
G1 X98.065 Y120.598 E1407.03717
G1 X98.199 Y120.745 E1407.04379
G1 X98.292 Y120.972 E1407.05195
G1 X98.292 Y136.336 E1407.56295
G1 X99.104 Y136.337 E1407.58996
G1 X99.54 Y136.562 E1407.60628
G1 F1550.4 X99.655 Y136.936 E1407.61887
G1 F1566.6 X99.595 Y137.213 E1407.6279
G1 F1515.2 X98.286 Y139.714 E1407.72085
G1 F1500 X98.289 Y140.056 E1407.73222
G1 X117.5 Y140.056 E1408.37118
G0 F9000 X117.5 Y140.456
;TYPE:WALL-OUTER
G1 F1500 X136.996 Y140.455 E1409.01962
G1 X137.108 Y140.344 E1409.02487
G1 X137.111 Y139.618 E1409.04901
G1 X135.718 Y136.966 E1409.14865
G1 X135.771 Y136.811 E1409.1541
G1 X135.916 Y136.736 E1409.15953
G1 X137.104 Y136.736 E1409.19904
G1 X137.104 Y121.048 E1409.72082
G1 X137.165 Y120.923 E1409.72545
G1 X137.291 Y120.868 E1409.73002
G1 X138.337 Y120.801 E1409.76488
G1 X139.348 Y120.598 E1409.79918
G1 X140.315 Y120.27 E1409.83314
G1 X141.243 Y119.814 E1409.86753
G1 X142.097 Y119.241 E1409.90174
G1 X142.874 Y118.562 E1409.93606
G1 X143.552 Y117.786 E1409.97033
G1 X144.126 Y116.927 E1410.0047
G1 X144.582 Y116.002 E1410.039
G1 X144.914 Y115.036 E1410.07297
G1 X145.113 Y114.022 E1410.10734
G1 X145.179 Y112.992 E1410.14167
G1 X145.113 Y111.962 E1410.176
G1 X144.914 Y110.948 E1410.21036
G1 X144.582 Y109.981 E1410.24437
G1 X144.126 Y109.053 E1410.27876
G1 X143.553 Y108.199 E1410.31297
G1 X142.874 Y107.422 E1410.34729
G1 X142.097 Y106.744 E1410.38158
G1 X141.243 Y106.17 E1410.41581
G1 X140.315 Y105.714 E1410.4502
G1 X139.348 Y105.386 E1410.48416
G1 X138.337 Y105.183 E1410.51846
G1 X137.289 Y105.112 E1410.5534
G1 X124.072 Y105.11 E1410.99299
G1 X123.958 Y105.05 E1410.99728
G1 X123.904 Y104.93 E1411.00166
G1 X123.904 Y94.54 E1411.34723
G1 X121.413 Y94.54 E1411.43008
G1 X122.514 Y98.049 E1411.5524
G1 X122.497 Y98.172 E1411.55653
G1 X122.386 Y98.284 E1411.56177
G1 X112.61 Y98.284 E1411.88693
G1 X112.5 Y98.172 E1411.89215
G1 X112.482 Y98.049 E1411.89628
G1 X113.587 Y94.541 E1412.01861
G1 X111.097 Y94.541 E1412.10143
G1 X111.092 Y104.954 E1412.44776
G1 X111.015 Y105.074 E1412.45251
G1 X110.922 Y105.111 E1412.45584
G1 X97.711 Y105.112 E1412.89524
G1 X96.663 Y105.183 E1412.93017
G1 X95.648 Y105.386 E1412.9646
G1 X94.681 Y105.714 E1412.99856
G1 X93.757 Y106.17 E1413.03283
G1 X92.898 Y106.744 E1413.0672
G1 X92.122 Y107.422 E1413.10147
G1 X91.443 Y108.199 E1413.13579
G1 X90.87 Y109.053 E1413.16999
G1 X90.414 Y109.981 E1413.20438
G1 X90.086 Y110.948 E1413.23835
G1 X89.883 Y111.963 E1413.27277
G1 X89.817 Y112.992 E1413.30707
G1 X89.883 Y114.021 E1413.34136
G1 X90.086 Y115.036 E1413.37579
G1 X90.414 Y116.003 E1413.40975
G1 X90.87 Y116.927 E1413.44403
G1 X91.444 Y117.786 E1413.47839
G1 X92.122 Y118.562 E1413.51266
G1 X92.898 Y119.24 E1413.54693
G1 X93.757 Y119.814 E1413.5813
G1 X94.681 Y120.27 E1413.61557
G1 X95.648 Y120.598 E1413.64953
G1 X96.663 Y120.801 E1413.68396
G1 X97.765 Y120.872 E1413.72069
G1 X97.891 Y120.996 E1413.72657
G1 X97.892 Y136.736 E1414.25008
G1 X99.08 Y136.736 E1414.28959
G1 X99.226 Y136.811 E1414.29505
G1 X99.279 Y136.968 E1414.30056
G1 X97.885 Y139.617 E1414.40013
G1 X97.891 Y140.344 E1414.42431
G1 X98.003 Y140.456 E1414.42957
G1 X117.5 Y140.456 E1415.07805
G1 F2700 E1410.07805
G0 F9000 X117.5 Y140.149
G0 X117.5 Y139.856
G0 X117.5 Y138.2
G0 X117.5 Y137.62
G1 F2700 E1415.07805
G1 F1500 X104.14 Y137.62 E1415.5224
G1 X103.953 Y137.944 E1415.53484
G1 X100.631 Y138.827 E1415.64917
G1 X100.527 Y138.804 E1415.65271
G1 X100.416 Y138.697 E1415.65784
G1 X100.416 Y132.008 E1415.88032
G1 X100.502 Y131.843 E1415.88651
G1 X100.627 Y131.808 E1415.89083
G1 X103.66 Y132.611 E1415.99518
G1 X103.66 Y128.889 E1416.11897
G1 X103.714 Y128.329 E1416.13769
G1 X103.858 Y127.791 E1416.15621
G1 X104.096 Y127.288 E1416.17472
G1 X104.422 Y126.83 E1416.19342
G1 X104.821 Y126.435 E1416.21209
G1 X105.241 Y126.143 E1416.2291
G1 X105.747 Y125.902 E1416.24774
G1 X106.305 Y125.75 E1416.26698
G1 X106.864 Y125.704 E1416.28563
G1 X128.153 Y125.704 E1416.99371
G1 X128.713 Y125.754 E1417.01241
G1 X129.217 Y125.89 E1417.02977
G1 X129.754 Y126.143 E1417.04952
G1 X130.206 Y126.458 E1417.06784
G1 X130.601 Y126.857 E1417.08651
G1 X130.918 Y127.319 E1417.10515
G1 X131.15 Y127.823 E1417.1236
G1 X131.286 Y128.327 E1417.14097
G1 X131.336 Y128.891 E1417.1598
G1 X131.336 Y132.611 E1417.28353
G1 X134.369 Y131.808 E1417.38788
G1 X134.494 Y131.843 E1417.3922
G1 X134.58 Y132.008 E1417.39839
G1 X134.58 Y138.697 E1417.62086
G1 X134.469 Y138.804 E1417.62599
G1 X134.345 Y138.822 E1417.63016
G1 X131.043 Y137.944 E1417.7438
G1 X130.856 Y137.62 E1417.75624
G1 X117.5 Y137.62 E1418.20046
G1 F2700 E1413.20046
G0 F9000 X117.5 Y137.931
G0 X130.698 Y138.101
G0 X134.211 Y139.045
G0 X134.821 Y139.034
G0 X134.821 Y131.601
G0 X134.211 Y131.59
G0 X131.573 Y132.309
G0 X131.588 Y128.885
G0 X131.537 Y128.305
G0 X131.382 Y127.724
G0 X131.127 Y127.178
G0 X130.782 Y126.685
G0 X130.356 Y126.261
G0 X129.865 Y125.916
G0 X129.423 Y125.709
G0 X127.035 Y125.125
G0 X126.971 Y115.825
G0 X127.037 Y115.242
G1 F2700 E1418.20046
G1 F1500 X126.96 Y115.211 E1418.20322
G1 X126.872 Y115.1 E1418.20794
G1 X126.877 Y114.26 E1418.23587
G1 X126.961 Y114.141 E1418.24072
G1 X127.072 Y114.108 E1418.24457
G1 X127.472 Y114.108 E1418.25787
G1 X127.472 Y112.288 E1418.31841
G1 X127.088 Y112.288 E1418.33118
G1 X126.975 Y112.254 E1418.33511
G1 X126.888 Y112.127 E1418.34023
G1 X126.888 Y111.346 E1418.3662
G1 X126.935 Y111.234 E1418.37024
G1 X127.042 Y111.169 E1418.37441
G1 X131.913 Y111.164 E1418.53642
G1 X132.065 Y111.31 E1418.54343
G1 X132.058 Y112.14 E1418.57103
G1 X131.951 Y112.288 E1418.57711
G1 X131.464 Y112.288 E1418.5933
G1 X131.464 Y114.108 E1418.65384
G1 X131.848 Y114.108 E1418.66661
G1 X131.961 Y114.142 E1418.67053
G1 X132.048 Y114.29 E1418.67624
G1 X132.042 Y115.095 E1418.70302
G1 X131.96 Y115.211 E1418.70774
G1 X131.874 Y115.243 E1418.7108
G1 X127.037 Y115.242 E1418.87168
G1 F2700 E1413.87168
G0 F9000 X127.037 Y115.555
G0 X132.283 Y115.694
G0 X134.316 Y115.506
G0 X137.286 Y116.316
G1 F2700 E1418.87168
G1 F1500 X136.708 Y116.262 E1418.89098
G1 X136.184 Y116.122 E1418.90902
G1 X135.642 Y115.869 E1418.92892
G1 X135.181 Y115.549 E1418.94758
G1 X134.759 Y115.13 E1418.96736
G1 X134.435 Y114.667 E1418.98616
G1 X134.174 Y114.112 E1419.00656
G1 X134.028 Y113.554 E1419.02574
G1 X133.98 Y112.974 E1419.0451
G1 X134.034 Y112.396 E1419.0644
G1 X134.174 Y111.868 E1419.08257
G1 X134.435 Y111.313 E1419.10297
G1 X134.747 Y110.865 E1419.12113
G1 X135.181 Y110.431 E1419.14154
G1 X135.629 Y110.119 E1419.1597
G1 X136.185 Y109.858 E1419.18013
G1 X136.742 Y109.716 E1419.19925
G1 X137.322 Y109.668 E1419.21861
G1 X137.888 Y109.719 E1419.23751
G1 X138.441 Y109.862 E1419.2565
G1 X138.968 Y110.11 E1419.27588
G1 X139.453 Y110.453 E1419.29563
G1 X139.851 Y110.848 E1419.31428
G1 X140.186 Y111.328 E1419.33375
G1 X140.434 Y111.855 E1419.35313
G1 X140.577 Y112.409 E1419.37216
G1 X140.632 Y113.005 E1419.39206
G1 X140.58 Y113.556 E1419.41047
G1 X140.434 Y114.125 E1419.43001
G1 X140.177 Y114.667 E1419.44996
G1 X139.865 Y115.115 E1419.46812
G1 X139.444 Y115.535 E1419.4879
G1 X138.98 Y115.863 E1419.5068
G1 X138.441 Y116.118 E1419.52663
G1 X137.888 Y116.265 E1419.54566
G1 X137.286 Y116.316 E1419.56575
G1 F2700 E1414.56575
G0 F9000 X137.259 Y116.625
G0 X135.349 Y116.373
G0 X106.419 Y115.252
G0 X105.657 Y115.392
G1 F2700 E1419.56575
G1 F1500 X103.245 Y115.392 E1419.64598
G1 X103.134 Y115.348 E1419.64995
G1 X103.063 Y115.227 E1419.65461
G1 X103.06 Y114.391 E1419.68242
G1 X103.178 Y114.256 E1419.68838
G1 X103.66 Y114.256 E1419.70442
G1 X103.66 Y112.436 E1419.76495
G1 X103.276 Y112.436 E1419.77772
G1 X103.163 Y112.402 E1419.78165
G1 X103.076 Y112.253 E1419.78738
G1 X103.077 Y111.486 E1419.81289
G1 X103.158 Y111.349 E1419.81819
G1 X103.276 Y111.312 E1419.8223
G1 X105.701 Y111.317 E1419.90296
G1 X105.807 Y111.38 E1419.90706
G1 X105.855 Y111.491 E1419.91108
G1 X105.856 Y112.256 E1419.93652
G1 X105.767 Y112.403 E1419.94224
G1 X105.656 Y112.436 E1419.94609
G1 X105.256 Y112.436 E1419.9594
G1 X105.256 Y114.256 E1420.01993
G1 X105.64 Y114.256 E1420.0327
G1 X105.753 Y114.29 E1420.03663
G1 X105.835 Y114.407 E1420.04138
G1 X105.84 Y115.208 E1420.06802
G1 X105.811 Y115.298 E1420.07116
G1 X105.657 Y115.392 E1420.07717
G1 F2700 E1415.07717
G0 F9000 X105.657 Y115.703
G0 X102.824 Y115.631
G0 X102.572 Y115.563
G0 X100.679 Y115.507
G0 X97.674 Y116.316
G1 F2700 E1420.07717
G1 F1500 X97.096 Y116.262 E1420.09647
G1 X96.559 Y116.118 E1420.11497
G1 X96.028 Y115.87 E1420.13446
G1 X95.552 Y115.535 E1420.15382
G1 X95.149 Y115.132 E1420.17277
G1 X94.817 Y114.664 E1420.19186
G1 X94.562 Y114.112 E1420.21208
G1 X94.419 Y113.576 E1420.23053
G1 X94.368 Y112.974 E1420.25063
G1 X94.422 Y112.396 E1420.26994
G1 X94.566 Y111.855 E1420.28856
G1 X94.81 Y111.328 E1420.30787
G1 X95.158 Y110.838 E1420.32786
G1 X95.552 Y110.445 E1420.34637
G1 X96.016 Y110.117 E1420.36527
G1 X96.539 Y109.87 E1420.38451
G1 X97.108 Y109.719 E1420.40409
G1 X97.71 Y109.668 E1420.42418
G1 X98.287 Y109.722 E1420.44346
G1 X98.845 Y109.87 E1420.46266
G1 X99.372 Y110.12 E1420.48206
G1 X99.842 Y110.454 E1420.50123
G1 X100.236 Y110.849 E1420.51979
G1 X100.582 Y111.343 E1420.53985
G1 X100.822 Y111.868 E1420.55905
G1 X100.966 Y112.414 E1420.57783
G1 X101.016 Y112.974 E1420.59653
G1 X100.968 Y113.554 E1420.61589
G1 X100.82 Y114.119 E1420.63531
G1 X100.564 Y114.668 E1420.65546
G1 X100.237 Y115.13 E1420.67429
G1 X99.828 Y115.539 E1420.69352
G1 X99.37 Y115.862 E1420.71217
G1 X98.83 Y116.116 E1420.73201
G1 X98.254 Y116.268 E1420.75183
G1 X97.674 Y116.316 E1420.77118
G1 F2700 E1415.77118
G0 F9000 X97.647 Y116.625
G0 X97.691 Y116.9
G0 X99.152 Y131.979
;TYPE:SKIN
G1 F2700 E1420.77118
G1 F990.1 X99.154 Y135.475 E1420.94734
G1 F2700 E1415.94734
G0 F9000 X99.835 Y136.397
G0 X99.439 Y139.278
G1 F2700 E1420.94734
G1 F1376.1 X99.412 Y139.325 E1420.94931
G1 X99.358 Y139.325 E1420.95127
G1 X99.331 Y139.278 E1420.95323
G1 X99.358 Y139.231 E1420.9552
G1 X99.412 Y139.231 E1420.95715
G1 X99.439 Y139.278 E1420.95912
G0 F9000 X100.214 Y139.695
G1 F1500 X98.699 Y139.696 E1421.00951
G1 X99.658 Y137.858 E1421.07846
G1 X99.656 Y138.619 E1421.10377
G1 X99.762 Y139.079 E1421.11947
G1 F1401.9 X100.167 Y139.475 E1421.13963
G1 F1244.8 X100.612 Y139.641 E1421.15867
G1 F1318.7 X100.214 Y139.695 E1421.17386
G0 F9000 X100.612 Y139.641
G1 F1171.9 X100.734 Y139.64 E1421.17906
G1 F2700 E1416.17906
G0 F9000 X100.653 Y139.337
G0 X104.019 Y138.528
G0 X104.019 Y139.856
G0 X117.5 Y139.694
G1 F2700 E1421.17906
G1 F1500 X104.194 Y139.696 E1421.62162
G1 F1401.9 X102.464 Y139.668 E1421.68319
G1 F1234.6 X100.734 Y139.64 E1421.75311
G1 X102.399 Y139.169 E1421.82304
G1 F1401.9 X104.065 Y138.698 E1421.88465
G1 F1500 X104.42 Y138.522 E1421.89783
G1 X104.545 Y138.38 E1421.90412
G1 X130.448 Y138.38 E1422.76566
G1 X130.576 Y138.522 E1422.77202
G1 X130.89 Y138.683 E1422.78375
G1 F1421.8 X131.987 Y138.998 E1422.8238
G1 F1290.3 X133.083 Y139.313 E1422.8679
G1 F1181.1 X134.18 Y139.628 E1422.91611
G1 X133.053 Y139.649 E1422.96372
G1 F1290.3 X131.927 Y139.671 E1423.00726
G1 F1421.8 X130.8 Y139.692 E1423.04682
G1 F1500 X117.5 Y139.694 E1423.48918
G1 F2700 E1418.48918
G0 F9000 X117.5 Y139.956
G0 X134.255 Y139.856
G0 X134.255 Y139.393
G0 X134.18 Y139.628
G1 F2700 E1423.48918
G1 F1136.4 X134.553 Y139.631 E1423.50555
G0 F9000 X134.949 Y139.692
G1 F1295.9 X134.553 Y139.631 E1423.52098
G1 F1234.6 X134.783 Y139.515 E1423.53139
G1 F1382.5 X135.221 Y139.092 E1423.55336
G1 F1459.9 X135.34 Y138.647 E1423.5691
G1 F1500 X135.334 Y137.854 E1423.59548
G1 X136.293 Y139.691 E1423.6644
G1 X134.949 Y139.692 E1423.70911
G0 F9000 X135.66 Y139.274
G1 F1388.9 X135.633 Y139.321 E1423.71105
G1 X135.579 Y139.321 E1423.71299
G1 X135.552 Y139.274 E1423.71494
G1 X135.579 Y139.227 E1423.71689
G1 X135.633 Y139.227 E1423.71883
G1 X135.66 Y139.274 E1423.72077
G1 F2700 E1418.72077
G0 F9000 X136.215 Y138.985
G0 X135.543 Y137.163
G0 X135.553 Y136.501
G0 X135.922 Y136.49
G0 X135.88 Y136.137
G0 X135.842 Y135.475
G1 F2700 E1423.72077
G1 F993.4 X135.842 Y131.973 E1423.89665
G1 F2700 E1418.89665
G0 F9000 X137.249 Y116.896
G0 X137.321 Y117.08
G1 F2700 E1423.89665
G1 F1500 X138.036 Y117.009 E1423.92055
G1 X138.685 Y116.838 E1423.94287
G1 X139.344 Y116.526 E1423.96712
G1 X139.931 Y116.117 E1423.99092
G1 X140.42 Y115.635 E1424.01376
G1 X140.846 Y115.029 E1424.03839
G1 X141.154 Y114.37 E1424.06259
G1 X141.325 Y113.72 E1424.08494
G1 X141.396 Y113.008 E1424.10874
G1 X141.321 Y112.26 E1424.13375
G1 X141.15 Y111.606 E1424.15623
G1 X140.839 Y110.932 E1424.18092
G1 X140.419 Y110.34 E1424.20506
G1 X139.957 Y109.885 E1424.22663
G1 X139.329 Y109.44 E1424.25223
G1 X138.685 Y109.142 E1424.27583
G1 X138.036 Y108.971 E1424.29815
G1 X137.335 Y108.904 E1424.32157
G1 X136.585 Y108.966 E1424.3466
G1 X135.886 Y109.151 E1424.37065
G1 X135.278 Y109.439 E1424.39303
G1 X134.663 Y109.869 E1424.41799
G1 X134.163 Y110.369 E1424.4415
G1 X133.771 Y110.933 E1424.46435
G1 X133.47 Y111.566 E1424.48766
G1 F1445.8 X133.264 Y112.274 E1424.51311
G1 X133.216 Y112.978 E1424.53746
G1 F1500 X133.236 Y113.232 E1424.54593
G1 F1415.1 X133.238 Y113.527 E1424.55633
G1 F1257.9 X133.226 Y113.716 E1424.56384
G1 F1195.2 X133.342 Y114.135 E1424.58199
G1 F1287.6 X133.439 Y114.373 E1424.59195
G1 F1421.8 X133.462 Y114.403 E1424.59328
G1 F1477.8 X133.772 Y115.048 E1424.61743
G1 F1500 X134.184 Y115.628 E1424.6411
G1 X134.685 Y116.127 E1424.66462
G1 X135.269 Y116.535 E1424.68831
G1 X135.915 Y116.836 E1424.71201
G1 X136.6 Y117.012 E1424.73554
G1 X137.321 Y117.08 E1424.75962
G1 F2700 E1419.75962
G0 F9000 X137.305 Y116.82
G0 X135.349 Y116.373
G0 X132.283 Y115.694
G0 X126.937 Y116.004
G1 F2700 E1424.75962
G1 F1500 X131.979 Y115.994 E1424.92732
G1 X132.374 Y115.847 E1424.94134
G1 X132.64 Y115.581 E1424.95385
G1 X132.799 Y115.235 E1424.96652
G1 F1477.8 X132.809 Y114.548 E1424.98971
G1 F1321.6 X132.853 Y114.221 E1425.00217
G1 F1195.2 X132.737 Y113.834 E1425.01903
G1 F1327.4 X132.406 Y113.515 E1425.03631
G1 F1500 X132.224 Y113.455 E1425.04268
G1 X132.224 Y112.947 E1425.05958
G1 X132.393 Y112.889 E1425.06552
G1 F1485.1 X132.625 Y112.677 E1425.07608
G1 F1459.9 X132.84 Y112.28 E1425.09151
G1 F1470.6 X132.825 Y111.364 E1425.12259
G1 F1500 X132.755 Y110.998 E1425.13498
G1 X132.5 Y110.639 E1425.14963
G1 X132.179 Y110.455 E1425.16193
G1 X131.896 Y110.406 E1425.17149
G1 X127.057 Y110.406 E1425.33243
G1 X126.663 Y110.494 E1425.34586
G1 X126.352 Y110.741 E1425.35907
G1 X126.204 Y110.985 E1425.36856
G1 X126.129 Y111.309 E1425.37962
G1 X126.128 Y112.232 E1425.41032
G1 X126.299 Y112.644 E1425.42516
G1 X126.544 Y112.879 E1425.43645
G1 X126.712 Y112.938 E1425.44237
G1 X126.712 Y113.445 E1425.45923
G1 X126.542 Y113.504 E1425.46522
G1 X126.291 Y113.741 E1425.4767
G1 X126.169 Y113.976 E1425.48551
G1 X126.116 Y114.214 E1425.49362
G1 X126.114 Y115.147 E1425.52465
G1 X126.17 Y115.382 E1425.53268
G1 X126.338 Y115.664 E1425.5436
G1 X126.65 Y115.905 E1425.55671
G1 X126.937 Y116.004 E1425.56681
G1 F2700 E1420.56681
G0 F9000 X126.983 Y115.746
G0 X126.482 Y115.557
G0 X126.48 Y125.125
G0 X117.5 Y124.944
G1 F2700 E1425.56681
G1 F1500 X106.83 Y124.944 E1425.9217
G1 X106.186 Y125 E1425.9432
G1 X105.509 Y125.174 E1425.96645
G1 X104.89 Y125.463 E1425.98917
G1 X104.303 Y125.873 E1426.01298
G1 X103.811 Y126.365 E1426.03612
G1 X103.431 Y126.914 E1426.05833
G1 X103.142 Y127.523 E1426.08075
G1 X102.962 Y128.201 E1426.10408
G1 X102.9 Y128.821 E1426.12481
G1 X102.9 Y131.623 E1426.218
G1 X100.714 Y131.044 E1426.29322
G1 X100.389 Y131.071 E1426.30406
G1 X100.064 Y131.213 E1426.31586
G1 X99.775 Y131.533 E1426.3302
G1 X99.662 Y131.961 E1426.34492
G1 X99.656 Y136.236 E1426.48711
G1 X99.154 Y135.976 E1426.50591
G1 X98.652 Y135.973 E1426.52261
G1 X98.644 Y120.961 E1427.02191
G1 X98.534 Y120.609 E1427.03418
G1 X98.288 Y120.313 E1427.04698
G1 X97.926 Y120.119 E1427.06064
G1 X96.759 Y120.045 E1427.09953
G1 X95.84 Y119.858 E1427.13072
G1 X94.973 Y119.566 E1427.16115
G1 X94.137 Y119.154 E1427.19215
G1 X93.358 Y118.632 E1427.22334
G1 X92.662 Y118.026 E1427.25403
G1 X92.048 Y117.318 E1427.2852
G1 X91.53 Y116.543 E1427.31621
G1 X91.113 Y115.707 E1427.34728
G1 X90.822 Y114.844 E1427.37757
G1 X90.639 Y113.921 E1427.40887
G1 X90.577 Y112.988 E1427.43997
G1 X90.639 Y112.059 E1427.47094
G1 X90.822 Y111.14 E1427.5021
G1 X91.114 Y110.277 E1427.5324
G1 X91.53 Y109.433 E1427.5637
G1 X92.047 Y108.663 E1427.59455
G1 X92.662 Y107.962 E1427.62557
G1 X93.363 Y107.347 E1427.65658
G1 X94.137 Y106.83 E1427.68754
G1 X94.973 Y106.414 E1427.7186
G1 X95.837 Y106.122 E1427.74893
G1 X96.759 Y105.935 E1427.78022
G1 X97.747 Y105.872 E1427.81315
G1 X110.917 Y105.871 E1428.25118
G1 X111.292 Y105.788 E1428.26396
G1 X111.588 Y105.576 E1428.27607
G1 X111.773 Y105.299 E1428.28715
G1 X111.851 Y105.016 E1428.29691
G1 X111.856 Y99.2 E1428.49035
G1 X111.885 Y98.625 E1428.5095
G1 X112.233 Y98.938 E1428.52507
G1 X112.637 Y99.039 E1428.53892
G1 X122.36 Y99.039 E1428.86231
G1 X122.761 Y98.935 E1428.87609
G1 X123.114 Y98.62 E1428.89182
G1 X123.144 Y99.172 E1428.91021
G1 X123.148 Y105.123 E1429.10814
G1 X123.317 Y105.463 E1429.12077
G1 X123.5 Y105.657 E1429.12964
G1 X123.816 Y105.829 E1429.1416
G1 X124.084 Y105.871 E1429.15063
G1 X137.249 Y105.872 E1429.5885
G1 X138.233 Y105.935 E1429.62129
G1 X139.155 Y106.122 E1429.65258
G1 X140.019 Y106.414 E1429.68292
G1 X140.859 Y106.83 E1429.71409
G1 X141.638 Y107.352 E1429.74528
G1 X142.33 Y107.954 E1429.77579
G1 X142.944 Y108.658 E1429.80686
G1 X143.462 Y109.432 E1429.83783
G1 X143.874 Y110.273 E1429.86898
G1 X144.174 Y111.145 E1429.89965
G1 X144.357 Y112.055 E1429.93053
G1 X144.415 Y112.988 E1429.96162
G1 X144.357 Y113.926 E1429.99287
G1 X144.174 Y114.835 E1430.02371
G1 X143.874 Y115.707 E1430.05439
G1 X143.466 Y116.543 E1430.08533
G1 X142.944 Y117.318 E1430.1164
G1 X142.334 Y118.022 E1430.14739
G1 X141.629 Y118.636 E1430.17848
G1 X140.859 Y119.154 E1430.20935
G1 X140.019 Y119.566 E1430.24047
G1 X139.155 Y119.858 E1430.2708
G1 X138.237 Y120.045 E1430.30196
G1 X137.223 Y120.108 E1430.33575
G1 X136.87 Y120.207 E1430.34794
G1 X136.591 Y120.421 E1430.35964
G1 X136.412 Y120.699 E1430.37064
G1 X136.345 Y120.967 E1430.37982
G1 X136.344 Y135.973 E1430.87893
G1 X135.833 Y135.976 E1430.89592
G1 X135.34 Y136.234 E1430.91443
G1 X135.334 Y131.961 E1431.05655
G1 X135.221 Y131.527 E1431.07147
G1 X134.928 Y131.214 E1431.08573
G1 X134.606 Y131.071 E1431.09744
G1 X134.27 Y131.041 E1431.10866
G1 X132.096 Y131.623 E1431.18352
G1 X132.092 Y128.823 E1431.27665
G1 X132.044 Y128.235 E1431.29627
G1 X131.862 Y127.551 E1431.31981
G1 X131.568 Y126.912 E1431.3432
G1 X131.158 Y126.334 E1431.36677
G1 X130.698 Y125.874 E1431.38841
G1 X130.125 Y125.478 E1431.41158
G1 X129.484 Y125.174 E1431.43517
G1 X128.84 Y125.002 E1431.45734
G1 X128.214 Y124.944 E1431.47825
G1 X117.5 Y124.944 E1431.8346
G1 F2700 E1426.8346
G0 F9000 X117.499 Y125.204
G0 X106.842 Y125.123
G0 X105.706 Y115.971
G0 X105.733 Y116.146
G1 F2700 E1431.8346
G1 F1500 X105.989 Y116.087 E1431.84334
G1 X106.227 Y115.953 E1431.85243
G1 X106.506 Y115.613 E1431.86705
G1 X106.596 Y115.26 E1431.87917
G1 X106.595 Y114.349 E1431.90947
G1 X106.474 Y113.935 E1431.92382
G1 X106.181 Y113.662 E1431.93714
G1 X106.016 Y113.603 E1431.94296
G1 X106.016 Y113.095 E1431.95986
G1 X106.187 Y113.036 E1431.96588
G1 X106.481 Y112.761 E1431.97927
G1 X106.609 Y112.32 E1431.99454
G1 X106.611 Y111.41 E1432.02481
G1 X106.532 Y111.129 E1432.03451
G1 X106.378 Y110.879 E1432.04428
G1 X106.101 Y110.664 E1432.05594
G1 X105.809 Y110.552 E1432.06634
G1 X103.246 Y110.554 E1432.15159
G1 X102.972 Y110.598 E1432.16082
G1 X102.701 Y110.736 E1432.17094
G1 X102.435 Y111.044 E1432.18447
G1 X102.329 Y111.35 E1432.19524
G1 F1408.5 X102.253 Y112.313 E1432.22946
G1 F1330.4 X102.421 Y112.697 E1432.24518
G1 F1408.5 X102.732 Y113.027 E1432.26124
G1 F1500 X102.9 Y113.087 E1432.26717
G1 X102.9 Y113.593 E1432.284
G1 X102.655 Y113.72 E1432.29318
G1 F1369.9 X102.426 Y113.889 E1432.30355
G1 F1145 X102.331 Y113.939 E1432.30822
G1 F1041.7 X102.212 Y114.392 E1432.33066
G1 F1094.9 X102.241 Y114.52 E1432.33664
G1 F1304.3 X102.301 Y115.314 E1432.36709
G1 F1500 X102.418 Y115.654 E1432.37905
G1 X102.663 Y115.944 E1432.39168
G1 X102.935 Y116.098 E1432.40208
G1 X103.189 Y116.148 E1432.41069
G1 X105.733 Y116.146 E1432.4953
G1 F2700 E1427.4953
G0 F9000 X105.697 Y115.891
G0 X102.824 Y115.631
G0 X102.829 Y113.805
G0 X102.367 Y113.327
G1 F2700 E1432.4953
G1 F920.2 X102.327 Y113.397 E1432.49967
G1 X102.246 Y113.397 E1432.50406
G1 X102.205 Y113.327 E1432.50846
G1 X102.245 Y113.257 E1432.51283
G1 X102.326 Y113.257 E1432.51722
G1 X102.367 Y113.327 E1432.52162
G1 F2700 E1427.52162
G0 F9000 X101.539 Y113.68
G0 X97.664 Y117.08
G1 F2700 E1432.52162
G1 F1500 X98.388 Y117.012 E1432.54581
G1 X99.093 Y116.828 E1432.57004
G1 X99.742 Y116.521 E1432.59392
G1 X100.33 Y116.11 E1432.61778
G1 X100.806 Y115.634 E1432.64017
G1 X101.228 Y115.044 E1432.6643
G1 F1304.3 X101.593 Y114.382 E1432.69321
G1 F1094.9 X101.644 Y114.318 E1432.69694
G1 F1041.7 X101.794 Y113.746 E1432.72526
G1 F1145 X101.764 Y113.571 E1432.733
G1 F1369.9 X101.754 Y113.286 E1432.74338
G1 F1500 X101.78 Y113.007 E1432.7527
G1 F1467 X101.772 Y112.782 E1432.76036
G1 F1363.6 X101.79 Y112.321 E1432.77724
G1 F1392.1 X101.535 Y111.605 E1432.80448
G1 F1500 X101.243 Y110.957 E1432.82812
G1 X100.811 Y110.352 E1432.85284
G1 X100.339 Y109.871 E1432.87526
G1 X99.726 Y109.443 E1432.90012
G1 X99.071 Y109.138 E1432.92416
G1 X98.39 Y108.964 E1432.94753
G1 X97.694 Y108.904 E1432.97077
G1 X96.956 Y108.971 E1432.99542
G1 X96.328 Y109.138 E1433.01703
G1 X95.636 Y109.453 E1433.04232
G1 X95.043 Y109.877 E1433.06656
G1 X94.577 Y110.344 E1433.08851
G1 X94.136 Y110.959 E1433.11368
G1 X93.846 Y111.604 E1433.1372
G1 X93.674 Y112.252 E1433.1595
G1 X93.604 Y112.965 E1433.18332
G1 X93.671 Y113.723 E1433.20863
G1 X93.842 Y114.357 E1433.23047
G1 X94.149 Y115.036 E1433.25526
G1 X94.581 Y115.64 E1433.27996
G1 X95.044 Y116.099 E1433.30164
G1 X95.632 Y116.519 E1433.32568
G1 X96.312 Y116.834 E1433.3506
G1 X96.96 Y117.009 E1433.37293
G1 X97.664 Y117.08 E1433.39646
G1 F2700 E1428.39646
G0 F9000 X97.689 Y116.82
G0 X98.374 Y116.837
G0 X99.882 Y136.936
G0 X102.092 Y139.427
G1 F2700 E1433.39646
G1 F1500 X102.161 Y139.496 E1433.39971
G0 F9000 X102.54 Y139.309
G1 F1500 X102.726 Y139.496 E1433.40848
G0 F9000 X102.987 Y139.19
G1 F1500 X103.292 Y139.496 E1433.42285
G0 F9000 X103.433 Y139.072
G1 F1500 X103.858 Y139.496 E1433.44282
G0 F9000 X103.88 Y138.953
G1 F1500 X104.423 Y139.496 E1433.46836
G0 F9000 X104.989 Y139.496
G1 F1500 X104.301 Y138.808 E1433.50072
G0 F9000 X104.639 Y138.58
G1 F1500 X105.555 Y139.496 E1433.5438
G0 F9000 X106.12 Y139.496
G1 F1500 X105.205 Y138.58 E1433.58687
G0 F9000 X105.77 Y138.58
G1 F1500 X106.686 Y139.496 E1433.62995
G0 F9000 X107.252 Y139.496
G1 F1500 X106.336 Y138.58 E1433.67304
G0 F9000 X106.902 Y138.58
G1 F1500 X107.818 Y139.496 E1433.71612
G0 F9000 X108.382 Y139.495
G1 F1500 X107.468 Y138.58 E1433.75914
G0 F9000 X108.033 Y138.58
G1 F1500 X108.948 Y139.495 E1433.80218
G0 F9000 X109.514 Y139.495
G1 F1500 X108.599 Y138.58 E1433.84522
G0 F9000 X109.165 Y138.58
G1 F1500 X110.08 Y139.495 E1433.88826
G0 F9000 X110.645 Y139.495
G1 F1500 X109.73 Y138.58 E1433.93129
G0 F9000 X110.296 Y138.58
G1 F1500 X111.211 Y139.495 E1433.97433
G0 F9000 X111.777 Y139.495
G1 F1500 X110.862 Y138.58 E1434.01737
G0 F9000 X111.427 Y138.58
G1 F1500 X112.342 Y139.494 E1434.06039
G0 F9000 X112.907 Y139.494
G1 F1500 X111.993 Y138.58 E1434.10338
G0 F9000 X112.559 Y138.58
G1 F1500 X113.473 Y139.494 E1434.14637
G0 F9000 X114.039 Y139.494
G1 F1500 X113.124 Y138.58 E1434.18939
G0 F9000 X113.69 Y138.58
G1 F1500 X114.604 Y139.494 E1434.23238
G0 F9000 X115.17 Y139.494
G1 F1500 X114.256 Y138.58 E1434.27537
G0 F9000 X114.821 Y138.58
G1 F1500 X115.735 Y139.494 E1434.31836
G0 F9000 X116.301 Y139.494
G1 F1500 X115.387 Y138.58 E1434.36135
G0 F9000 X115.953 Y138.58
G1 F1500 X116.866 Y139.494 E1434.40432
G0 F9000 X117.432 Y139.494
G1 F1500 X116.518 Y138.58 E1434.44731
G0 F9000 X117.084 Y138.58
G1 F1500 X117.997 Y139.493 E1434.49026
G0 F9000 X118.563 Y139.493
G1 F1500 X117.65 Y138.58 E1434.5332
G0 F9000 X118.216 Y138.58
G1 F1500 X119.128 Y139.493 E1434.57612
G0 F9000 X119.694 Y139.493
G1 F1500 X118.781 Y138.58 E1434.61907
G0 F9000 X119.347 Y138.58
G1 F1500 X120.26 Y139.493 E1434.66201
G0 F9000 X120.825 Y139.493
G1 F1500 X119.913 Y138.58 E1434.70493
G0 F9000 X120.478 Y138.58
G1 F1500 X121.391 Y139.493 E1434.74788
G0 F9000 X121.957 Y139.493
G1 F1500 X121.044 Y138.58 E1434.79082
G0 F9000 X121.61 Y138.58
G1 F1500 X122.523 Y139.493 E1434.83377
G0 F9000 X123.087 Y139.492
G1 F1500 X122.175 Y138.58 E1434.87667
G0 F9000 X122.741 Y138.58
G1 F1500 X123.653 Y139.492 E1434.91956
G0 F9000 X124.219 Y139.492
G1 F1500 X123.307 Y138.58 E1434.96246
G0 F9000 X123.872 Y138.58
G1 F1500 X124.785 Y139.492 E1435.00538
G0 F9000 X125.35 Y139.492
G1 F1500 X124.438 Y138.58 E1435.04828
G0 F9000 X125.004 Y138.58
G1 F1500 X125.916 Y139.492 E1435.09118
G0 F9000 X126.482 Y139.492
G1 F1500 X125.569 Y138.58 E1435.1341
G0 F9000 X126.135 Y138.58
G1 F1500 X127.047 Y139.492 E1435.177
G0 F9000 X127.612 Y139.492
G1 F1500 X126.701 Y138.58 E1435.21987
G0 F9000 X127.266 Y138.58
G1 F1500 X128.178 Y139.492 E1435.26277
G0 F9000 X128.744 Y139.492
G1 F1500 X127.832 Y138.58 E1435.30567
G0 F9000 X128.398 Y138.58
G1 F1500 X129.309 Y139.492 E1435.34854
G0 F9000 X129.875 Y139.492
G1 F1500 X128.964 Y138.58 E1435.39141
G0 F9000 X129.529 Y138.58
G1 F1500 X130.441 Y139.492 E1435.43431
G0 F9000 X131.006 Y139.492
G1 F1500 X130.095 Y138.58 E1435.47719
G0 F9000 X131.006 Y138.926
G1 F1500 X131.572 Y139.492 E1435.50381
G0 F9000 X131.776 Y139.13
G1 F1500 X132.138 Y139.492 E1435.52084
G0 F9000 X132.545 Y139.333
G1 F1500 X132.703 Y139.492 E1435.52829
G1 F2700 E1430.52829
G0 F9000 X132.703 Y139.956
G0 X132.796 Y139.01
G0 X132.452 Y131.32
G1 F2700 E1435.52829
G1 F1500 X132.295 Y131.164 E1435.53565
G0 F9000 X132.294 Y130.597
G1 F1500 X132.898 Y131.201 E1435.56406
G0 F9000 X133.344 Y131.081
G1 F1500 X132.293 Y130.031 E1435.61348
G0 F9000 X132.292 Y129.463
G1 F1500 X133.79 Y130.962 E1435.68396
G0 F9000 X134.236 Y130.842
G1 F1500 X132.291 Y128.897 E1435.77545
G0 F9000 X132.248 Y128.288
G1 F1500 X134.975 Y131.016 E1435.90374
G0 F9000 X135.356 Y131.396
G1 F1500 X135.667 Y131.707 E1435.91837
G0 F9000 X136.117 Y131.591
G1 F1500 X132.066 Y127.54 E1436.10892
G0 F9000 X131.623 Y127.659
G0 X130.983 Y126.531
G0 X131.361 Y126.269
G1 F1500 X136.147 Y131.056 E1436.33406
G0 F9000 X136.147 Y130.49
G1 F1500 X111.525 Y105.868 E1437.4922
G0 F9000 X111.816 Y105.594
G1 F1500 X136.147 Y129.925 E1438.63666
G0 F9000 X136.148 Y129.36
G1 F1500 X112.004 Y105.215 E1439.77234
G0 F9000 X112.051 Y104.697
G1 F1500 X136.148 Y128.794 E1440.90579
G0 F9000 X136.148 Y128.228
G1 F1500 X112.052 Y104.132 E1442.03919
G0 F9000 X112.052 Y103.566
G1 F1500 X136.148 Y127.662 E1443.17259
G0 F9000 X136.148 Y127.097
G1 F1500 X112.052 Y103.001 E1444.306
G0 F9000 X112.053 Y102.436
G1 F1500 X136.148 Y126.532 E1445.43937
G0 F9000 X136.148 Y125.966
G1 F1500 X112.054 Y101.871 E1446.57271
G0 F9000 X112.055 Y101.306
G1 F1500 X125.917 Y115.169 E1447.22475
G0 F9000 X125.917 Y114.604
G1 F1500 X112.055 Y100.741 E1447.8768
G0 F9000 X112.055 Y100.176
G1 F1500 X125.946 Y114.066 E1448.53017
G0 F9000 X126.108 Y113.663
G1 F1500 X112.056 Y99.611 E1449.19113
G0 F9000 X112.122 Y99.112
G1 F1500 X126.388 Y113.377 E1449.86214
G0 F9000 X126.681 Y113.726
G0 X126.904 Y113.591
G0 X126.904 Y112.799
G0 X126.41 Y112.234
G0 X125.987 Y112.411
G1 F1500 X112.821 Y99.245 E1450.48143
G0 F9000 X113.387 Y99.245
G1 F1500 X125.93 Y111.788 E1451.07141
G0 F9000 X125.943 Y111.235
G1 F1500 X113.952 Y99.245 E1451.63541
G0 F9000 X114.518 Y99.245
G1 F1500 X126.078 Y110.804 E1452.17913
G0 F9000 X126.335 Y110.496
G1 F1500 X115.084 Y99.245 E1452.70834
G0 F9000 X115.649 Y99.245
G1 F1500 X126.688 Y110.283 E1453.22756
G0 F9000 X127.179 Y110.208
G1 F1500 X116.215 Y99.245 E1453.74325
G0 F9000 X116.781 Y99.245
G1 F1500 X127.744 Y110.208 E1454.25892
G0 F9000 X128.309 Y110.208
G1 F1500 X124.174 Y106.072 E1454.45344
G0 F9000 X124.74 Y106.072
G1 F1500 X128.874 Y110.207 E1454.64791
G0 F9000 X129.439 Y110.206
G1 F1500 X125.306 Y106.072 E1454.84234
G0 F9000 X125.871 Y106.072
G1 F1500 X130.004 Y110.205 E1455.03674
G0 F9000 X130.569 Y110.205
G1 F1500 X126.437 Y106.072 E1455.23112
G0 F9000 X127.003 Y106.072
G1 F1500 X131.135 Y110.205 E1455.4255
G0 F9000 X131.7 Y110.204
G1 F1500 X127.568 Y106.072 E1455.61986
G0 F9000 X128.134 Y106.072
G1 F1500 X132.436 Y110.374 E1455.82221
G0 F9000 X132.849 Y110.787
G1 F1500 X133.372 Y111.31 E1455.84681
G0 F9000 X133.026 Y111.53
G1 F1500 X133.215 Y111.719 E1455.8557
G0 F9000 X133.556 Y110.928
G1 F1500 X128.7 Y106.072 E1456.08411
G0 F9000 X129.265 Y106.072
G1 F1500 X133.775 Y110.582 E1456.29625
G0 F9000 X134.008 Y110.249
G1 F1500 X129.831 Y106.072 E1456.49272
G0 F9000 X130.397 Y106.072
G1 F1500 X134.286 Y109.961 E1456.67565
G0 F9000 X134.577 Y109.687
G1 F1500 X130.963 Y106.072 E1456.84567
G0 F9000 X131.528 Y106.072
G1 F1500 X134.91 Y109.454 E1457.00474
G0 F9000 X135.251 Y109.23
G1 F1500 X132.094 Y106.072 E1457.15326
G0 F9000 X132.66 Y106.072
G1 F1500 X135.635 Y109.048 E1457.29322
G0 F9000 X136.05 Y108.897
G1 F1500 X133.225 Y106.072 E1457.4261
G0 F9000 X133.791 Y106.072
G1 F1500 X136.5 Y108.781 E1457.55352
G0 F9000 X137.012 Y108.728
G1 F1500 X134.357 Y106.072 E1457.67843
G0 F9000 X134.922 Y106.072
G1 F1500 X137.58 Y108.73 E1457.80346
G0 F9000 X138.231 Y108.815
G1 F1500 X135.488 Y106.072 E1457.93248
G0 F9000 X136.054 Y106.072
G1 F1500 X139.091 Y109.11 E1458.07535
G1 F2700 E1453.07535
G0 F9000 X138.896 Y109.526
G0 X139.829 Y106.163
G0 X140.006 Y106.631
G1 F2700 E1458.07535
G1 F1500 X143.654 Y110.279 E1458.24694
G0 F9000 X143.968 Y111.159
G1 F1500 X139.136 Y106.326 E1458.47425
G0 F9000 X138.422 Y106.178
G1 F1500 X144.116 Y111.872 E1458.74208
G0 F9000 X144.185 Y112.507
G1 F1500 X137.785 Y106.107 E1459.04311
G0 F9000 X137.185 Y106.072
G1 F1500 X144.209 Y113.096 E1459.3735
G0 F9000 X144.176 Y113.629
G1 F1500 X136.619 Y106.072 E1459.72896
G0 F9000 X136.619 Y105.612
G0 X138.262 Y105.74
G0 X139.202 Y105.929
G0 X139.929 Y106.176
G0 X141.58 Y107
G0 X141.323 Y107.382
G1 F1500 X142.914 Y108.973 E1459.80379
G1 F2700 E1454.80379
G0 F9000 X143.298 Y108.717
G0 X143.605 Y109.354
G0 X140.691 Y111.035
G0 X141.185 Y111.204
G1 F2700 E1459.80379
G1 F1500 X144.113 Y114.131 E1459.9415
G0 F9000 X144.018 Y114.602
G1 F1500 X141.474 Y112.058 E1460.06116
G0 F9000 X141.57 Y112.72
G1 F1500 X143.892 Y115.042 E1460.17038
G0 F9000 X143.747 Y115.463
G1 F1500 X141.566 Y113.281 E1460.27299
G0 F9000 X141.512 Y113.793
G1 F1500 X143.577 Y115.859 E1460.37014
G0 F9000 X143.392 Y116.239
G1 F1500 X141.394 Y114.241 E1460.46412
G0 F9000 X141.24 Y114.652
G1 F1500 X143.187 Y116.6 E1460.55573
G0 F9000 X142.959 Y116.938
G1 F1500 X141.059 Y115.037 E1460.64512
G0 F9000 X140.84 Y115.384
G1 F1500 X142.723 Y117.267 E1460.73369
G0 F9000 X142.461 Y117.571
G1 F1500 X140.606 Y115.716 E1460.82095
G0 F9000 X140.331 Y116.007
G1 F1500 X142.198 Y117.874 E1460.90876
G0 F9000 X141.896 Y118.137
G1 F1500 X140.041 Y116.282 E1460.99602
G0 F9000 X139.708 Y116.515
G1 F1500 X141.593 Y118.4 E1461.08468
G0 F9000 X141.266 Y118.638
G1 F1500 X139.364 Y116.737 E1461.17412
G0 F9000 X138.98 Y116.918
G1 F1500 X140.928 Y118.866 E1461.26575
G0 F9000 X140.569 Y119.073
G1 F1500 X138.57 Y117.074 E1461.35978
G0 F9000 X138.123 Y117.193
G1 F1500 X140.19 Y119.259 E1461.45698
G0 F9000 X139.795 Y119.43
G1 F1500 X137.616 Y117.252 E1461.55945
G0 F9000 X137.051 Y117.252
G1 F1500 X139.373 Y119.574 E1461.66867
G0 F9000 X138.932 Y119.699
G1 F1500 X136.403 Y117.17 E1461.78762
G0 F9000 X135.56 Y116.893
G1 F1500 X138.462 Y119.794 E1461.9241
G0 F9000 X137.963 Y119.861
G1 F1500 X133.007 Y114.906 E1462.15719
G0 F9000 X133.389 Y114.721
G1 F1500 X133.054 Y114.387 E1462.17293
G0 F9000 X132.979 Y113.746
G1 F1500 X132.424 Y113.191 E1462.19903
G0 F9000 X132.688 Y112.889
G1 F1500 X133.036 Y113.237 E1462.2154
G0 F9000 X133.034 Y112.67
G1 F1500 X132.924 Y112.559 E1462.2206
G0 F9000 X132.503 Y112.347
G0 X132.032 Y112.805
G0 X132.032 Y113.597
G0 X132.306 Y113.778
G0 X132.527 Y115.219
G0 X132.94 Y115.403
G1 F1500 X137.43 Y119.894 E1462.43182
G0 F9000 X136.947 Y119.977
G1 F1500 X132.737 Y115.766 E1462.62987
G0 F9000 X132.445 Y116.04
G1 F1500 X136.58 Y120.175 E1462.82437
G0 F9000 X136.315 Y120.476
G1 F1500 X132.031 Y116.192 E1463.02587
G0 F9000 X131.471 Y116.197
G1 F1500 X136.159 Y120.886 E1463.2464
G0 F9000 X136.15 Y121.442
G1 F1500 X130.906 Y116.198 E1463.49307
G0 F9000 X130.341 Y116.199
G1 F1500 X136.15 Y122.008 E1463.7663
G0 F9000 X136.15 Y122.573
G1 F1500 X129.777 Y116.2 E1464.06607
G0 F9000 X129.212 Y116.201
G1 F1500 X136.149 Y123.138 E1464.39237
G0 F9000 X136.149 Y123.704
G1 F1500 X128.647 Y116.202 E1464.74524
G0 F9000 X128.082 Y116.203
G1 F1500 X136.149 Y124.27 E1465.12468
G0 F9000 X136.149 Y124.835
G1 F1500 X127.518 Y116.204 E1465.53066
G0 F9000 X126.953 Y116.205
G1 F1500 X136.148 Y125.4 E1465.96316
G1 F2700 E1460.96316
G0 F9000 X136.606 Y125.401
G0 X136.525 Y126.054
G0 X131.417 Y127.013
G0 X130.764 Y125.673
G1 F2700 E1465.96316
G1 F1500 X111.122 Y106.031 E1466.88706
G0 F9000 X110.595 Y106.07
G1 F1500 X129.503 Y124.978 E1467.77644
G0 F9000 X128.756 Y124.796
G1 F1500 X110.029 Y106.07 E1468.65727
G0 F9000 X109.464 Y106.07
G1 F1500 X128.138 Y124.744 E1469.53564
G0 F9000 X127.573 Y124.744
G1 F1500 X108.898 Y106.07 E1470.41403
G0 F9000 X108.332 Y106.07
G1 F1500 X127.007 Y124.744 E1471.29243
G0 F9000 X126.441 Y124.744
G1 F1500 X107.767 Y106.07 E1472.17079
G0 F9000 X107.202 Y106.07
G1 F1500 X125.876 Y124.744 E1473.04916
G0 F9000 X125.31 Y124.744
G1 F1500 X106.636 Y106.07 E1473.92753
G0 F9000 X106.07 Y106.07
G1 F1500 X124.744 Y124.744 E1474.8059
G0 F9000 X124.179 Y124.744
G1 F1500 X105.505 Y106.07 E1475.68426
G0 F9000 X104.939 Y106.07
G1 F1500 X123.613 Y124.744 E1476.56263
G0 F9000 X123.047 Y124.744
G1 F1500 X104.373 Y106.07 E1477.441
G0 F9000 X103.808 Y106.071
G1 F1500 X122.482 Y124.744 E1478.31934
G0 F9000 X121.916 Y124.744
G1 F1500 X103.243 Y106.071 E1479.19766
G0 F9000 X102.677 Y106.071
G1 F1500 X121.35 Y124.744 E1480.07598
G0 F9000 X120.784 Y124.744
G1 F1500 X102.111 Y106.071 E1480.95431
G0 F9000 X101.545 Y106.071
G1 F1500 X105.826 Y110.352 E1481.15567
G0 F9000 X105.261 Y110.352
G1 F1500 X100.981 Y106.072 E1481.35699
G0 F9000 X100.415 Y106.072
G1 F1500 X104.695 Y110.352 E1481.55831
G0 F9000 X104.129 Y110.352
G1 F1500 X99.849 Y106.072 E1481.75962
G0 F9000 X99.283 Y106.072
G1 F1500 X103.564 Y110.352 E1481.96097
G0 F9000 X103.03 Y110.384
G1 F1500 X98.718 Y106.072 E1482.16379
G0 F9000 X98.152 Y106.072
G1 F1500 X102.629 Y110.549 E1482.37437
G0 F9000 X102.352 Y110.837
G1 F1500 X97.597 Y106.082 E1482.59803
G0 F9000 X97.065 Y106.116
G1 F1500 X102.163 Y111.214 E1482.83783
G0 F9000 X102.091 Y111.707
G1 F1500 X101.553 Y111.17 E1482.86311
G0 F9000 X101.137 Y111.358
G0 X99.308 Y109.534
G0 X99.503 Y109.12
G1 F1500 X96.563 Y106.179 E1483.00142
G0 F9000 X96.092 Y106.275
G1 F1500 X98.635 Y108.817 E1483.12101
G0 F9000 X97.984 Y108.733
G1 F1500 X95.649 Y106.397 E1483.23087
G0 F9000 X95.226 Y106.54
G1 F1500 X97.412 Y108.726 E1483.33369
G0 F9000 X96.9 Y108.779
G1 F1500 X94.829 Y106.709 E1483.43108
G0 F9000 X94.452 Y106.897
G1 F1500 X96.454 Y108.899 E1483.52525
G0 F9000 X96.038 Y109.049
G1 F1500 X94.09 Y107.101 E1483.61688
G0 F9000 X93.752 Y107.328
G1 F1500 X95.648 Y109.225 E1483.70608
G0 F9000 X95.305 Y109.447
G1 F1500 X93.42 Y107.562 E1483.79475
G0 F9000 X93.12 Y107.827
G1 F1500 X94.974 Y109.682 E1483.88198
G0 F9000 X94.683 Y109.957
G1 F1500 X92.818 Y108.092 E1483.9697
G0 F9000 X92.551 Y108.39
G1 F1500 X94.405 Y110.244 E1484.05691
G0 F9000 X94.167 Y110.572
G1 F1500 X92.287 Y108.692 E1484.14534
G0 F9000 X92.048 Y109.019
G1 F1500 X93.943 Y110.914 E1484.23447
G0 F9000 X93.767 Y111.304
G1 F1500 X91.821 Y109.357 E1484.32603
G0 F9000 X91.613 Y109.715
G1 F1500 X93.61 Y111.712 E1484.41996
G0 F9000 X93.493 Y112.161
G1 F1500 X91.426 Y110.094 E1484.51719
G0 F9000 X91.254 Y110.487
G1 F1500 X93.436 Y112.669 E1484.61982
G0 F9000 X93.424 Y113.223
G1 F1500 X91.111 Y110.91 E1484.72862
G0 F9000 X90.984 Y111.349
G1 F1500 X93.504 Y113.869 E1484.84715
G0 F9000 X93.785 Y114.715
G1 F1500 X90.89 Y111.82 E1484.98332
G0 F9000 X90.822 Y112.318
G1 F1500 X104.205 Y125.701 E1485.61282
G0 F9000 X103.914 Y125.976
G1 F1500 X98.842 Y120.904 E1485.85139
G0 F9000 X98.844 Y121.471
G1 F1500 X103.638 Y126.265 E1486.07689
G0 F9000 X103.409 Y126.602
G1 F1500 X98.844 Y122.037 E1486.29161
G0 F9000 X98.844 Y122.603
G1 F1500 X103.192 Y126.95 E1486.4961
G0 F9000 X103.013 Y127.338
G1 F1500 X98.844 Y123.169 E1486.6922
G0 F9000 X98.845 Y123.735
G1 F1500 X102.87 Y127.76 E1486.88152
G0 F9000 X102.762 Y128.218
G1 F1500 X98.845 Y124.301 E1487.06577
G0 F9000 X98.846 Y124.867
G1 F1500 X102.709 Y128.73 E1487.24747
G0 F9000 X102.701 Y129.288
G1 F1500 X98.846 Y125.433 E1487.4288
G0 F9000 X98.846 Y125.999
G1 F1500 X102.701 Y129.854 E1487.61013
G0 F9000 X102.701 Y130.419
G1 F1500 X98.846 Y126.565 E1487.79143
G0 F9000 X98.847 Y127.131
G1 F1500 X102.701 Y130.985 E1487.97271
G0 F9000 X102.445 Y131.295
G1 F1500 X98.847 Y127.697 E1488.14195
G0 F9000 X98.848 Y128.264
G1 F1500 X101.671 Y131.087 E1488.27473
G0 F9000 X100.898 Y130.88
G1 F1500 X98.848 Y128.829 E1488.37118
G0 F9000 X98.849 Y129.396
G1 F1500 X100.331 Y130.878 E1488.44089
G0 F9000 X99.94 Y131.053
G1 F1500 X98.849 Y129.961 E1488.49223
G0 F9000 X98.849 Y130.528
G1 F1500 X99.672 Y131.35 E1488.53092
G0 F9000 X99.47 Y131.714
G1 F1500 X98.849 Y131.093 E1488.56013
G1 F2700 E1483.56013
G0 F9000 X98.39 Y131.093
G0 X98.487 Y125.845
G0 X103.962 Y126.469
G0 X104.538 Y125.468
G1 F2700 E1488.56013
G1 F1500 X95.958 Y116.888 E1488.96371
G0 F9000 X96.811 Y117.176
G1 F1500 X104.882 Y125.246 E1489.34332
G0 F9000 X105.268 Y125.067
G1 F1500 X97.461 Y117.26 E1489.71054
G0 F9000 X98.015 Y117.248
G1 F1500 X105.687 Y124.92 E1490.0714
G0 F9000 X106.141 Y124.809
G1 F1500 X98.516 Y117.183 E1490.43008
G0 F9000 X98.963 Y117.065
G1 F1500 X106.659 Y124.761 E1490.79208
G0 F9000 X107.208 Y124.744
G1 F1500 X99.379 Y116.915 E1491.16033
G0 F9000 X99.761 Y116.732
G1 F1500 X107.774 Y124.744 E1491.53722
G0 F9000 X108.339 Y124.744
G1 F1500 X100.107 Y116.511 E1491.92445
G0 F9000 X100.44 Y116.279
G1 F1500 X108.905 Y124.744 E1492.32261
G0 F9000 X109.471 Y124.744
G1 F1500 X100.724 Y115.997 E1492.73405
G0 F9000 X100.999 Y115.707
G1 F1500 X110.036 Y124.744 E1493.15912
G0 F9000 X110.602 Y124.744
G1 F1500 X101.235 Y115.377 E1493.59971
G0 F9000 X101.467 Y115.043
G1 F1500 X111.168 Y124.744 E1494.05602
G0 F9000 X111.733 Y124.744
G1 F1500 X103.337 Y116.347 E1494.45097
G0 F9000 X103.902 Y116.347
G1 F1500 X112.299 Y124.744 E1494.84593
G0 F9000 X112.865 Y124.744
G1 F1500 X104.467 Y116.346 E1495.24095
G0 F9000 X105.031 Y116.345
G1 F1500 X113.431 Y124.744 E1495.63604
G0 F9000 X113.996 Y124.744
G1 F1500 X105.596 Y116.344 E1496.03115
G0 F9000 X106.081 Y116.263
G1 F1500 X114.562 Y124.744 E1496.43007
G0 F9000 X115.128 Y124.744
G1 F1500 X106.415 Y116.031 E1496.8399
G0 F9000 X106.673 Y115.724
G1 F1500 X115.693 Y124.744 E1497.26417
G0 F9000 X116.259 Y124.744
G1 F1500 X106.794 Y115.279 E1497.70938
G0 F9000 X106.792 Y114.711
G1 F1500 X116.825 Y124.744 E1498.1813
G0 F9000 X117.39 Y124.744
G1 F1500 X106.724 Y114.078 E1498.683
G0 F9000 X106.359 Y113.147
G1 F1500 X117.956 Y124.744 E1499.22848
G0 F9000 X118.522 Y124.744
G1 F1500 X106.653 Y112.875 E1499.78676
G0 F9000 X106.78 Y112.437
G1 F1500 X119.087 Y124.744 E1500.36565
G0 F9000 X119.653 Y124.744
G1 F1500 X106.808 Y111.899 E1500.96984
G0 F9000 X106.792 Y111.317
G1 F1500 X120.219 Y124.744 E1501.6014
G1 F2700 E1496.6014
G0 F9000 X120.218 Y125.205
G0 X123.405 Y125.125
G0 X123.873 Y105.679
G0 X122.95 Y104.848
G1 F2700 E1501.6014
G1 F1500 X117.346 Y99.245 E1501.86497
G0 F9000 X117.912 Y99.245
G1 F1500 X122.95 Y104.282 E1502.10192
G0 F9000 X122.949 Y103.716
G1 F1500 X118.478 Y99.245 E1502.31222
G0 F9000 X119.044 Y99.245
G1 F1500 X122.949 Y103.15 E1502.4959
G0 F9000 X122.948 Y102.584
G1 F1500 X119.609 Y99.245 E1502.65296
G0 F9000 X120.175 Y99.245
G1 F1500 X122.947 Y102.017 E1502.78335
G0 F9000 X122.947 Y101.451
G1 F1500 X120.741 Y99.245 E1502.88711
G0 F9000 X121.306 Y99.245
G1 F1500 X122.946 Y100.884 E1502.96423
G0 F9000 X122.945 Y100.318
G1 F1500 X121.872 Y99.245 E1503.0147
G0 F9000 X122.423 Y99.23
G1 F1500 X122.945 Y99.752 E1503.03925
G0 F9000 X122.945 Y99.186
G1 F1500 X122.86 Y99.101 E1503.04325
G1 F2700 E1498.04325
G0 F9000 X123.093 Y98.227
G0 X122.713 Y98.523
G0 X118.807 Y98.497
G0 X112.68 Y98.884
G0 X105.776 Y110.731
G0 X102.075 Y115.086
G1 F2700 E1503.04325
G1 F1500 X101.69 Y114.701 E1503.06136
G1 F2700 E1498.06136
G0 F9000 X101.201 Y114.482
G0 X99.032 Y116.661
G0 X97.885 Y120.279
G0 X97.851 Y119.913
G1 F2700 E1503.06136
G1 F1500 X90.786 Y112.848 E1503.39367
G0 F9000 X90.807 Y113.434
G1 F1500 X97.248 Y119.875 E1503.69664
G0 F9000 X96.619 Y119.812
G1 F1500 X90.871 Y114.064 E1503.96701
G0 F9000 X91.012 Y114.771
G1 F1500 X95.91 Y119.669 E1504.19739
G0 F9000 X95.06 Y119.384
G1 F1500 X91.294 Y115.618 E1504.37454
G0 F9000 X90.861 Y115.764
G0 X91.623 Y117.152
G0 X92.007 Y116.897
G1 F1500 X93.791 Y118.682 E1504.45847
G1 F2700 E1499.45847
G0 F9000 X93.535 Y119.064
G0 X92.519 Y118.165
G0 X91.89 Y117.444
G0 X91.357 Y116.646
G0 X90.933 Y115.788
G0 X90.629 Y114.89
G0 X90.441 Y113.948
G0 X90.378 Y112.992
G0 X90.441 Y112.036
G0 X90.629 Y111.094
G0 X90.934 Y110.196
G0 X91.357 Y109.334
G0 X91.889 Y108.541
G0 X92.52 Y107.82
G0 X93.24 Y107.19
G0 X94.037 Y106.657
G0 X94.896 Y106.233
G0 X95.794 Y105.929
G0 X96.737 Y105.74
G0 X105.455 Y105.356
G0 X111.334 Y105.353
G0 X111.331 Y99.273
G0 X111.898 Y97.946
G0 X111.941 Y96.935
G1 F2700 E1504.45847
G1 F1217 X111.902 Y95.599 E1504.51326
G1 X111.902 Y95.346 E1504.52363
G1 X112.486 Y95.346 E1504.54757
G1 X112.387 Y95.656 E1504.56091
G1 X111.941 Y96.935 E1504.61644
G0 F9000 X111.898 Y97.946
G0 X112.288 Y98.522
G0 X122.713 Y98.523
G0 X123.09 Y97.929
G0 X123.052 Y96.927
G1 F1217 X122.509 Y95.346 E1504.68497
G1 X123.098 Y95.346 E1504.70911
G1 X123.097 Y95.602 E1504.71961
G1 X123.052 Y96.927 E1504.77395
G1 F2700 E1499.77395
G0 F9000 X123.09 Y97.929
G0 X123.668 Y99.306
G0 X123.666 Y105.353
G0 X129.176 Y105.356
G0 X129.468 Y105.712
G0 X129.468 Y112.518
G0 X129.468 Y112.688
;TYPE:WALL-INNER
G1 F2700 E1504.77395
G1 F1500 X129.468 Y113.708 E1504.80788
G0 F9000 X129.068 Y114.108
;TYPE:WALL-OUTER
G1 F1500 X129.868 Y114.108 E1504.83449
G1 X129.868 Y112.288 E1504.89502
G1 X129.068 Y112.288 E1504.92163
G1 X129.068 Y114.108 E1504.98216
G1 F2700 E1499.98216
;MESH:NONMESH
G0 F300 X129.068 Y114.108 Z4.4
G0 F9000 X129.348 Y113.83
G0 X99.649 Y116.371
G0 X97.69 Y116.923
;TIME_ELAPSED:2388.865771
;LAYER:21
;TYPE:WALL-INNER
;MESH:FT05-Frame Part B.stl
G1 F2700 E1504.98216
G1 F1500 X96.994 Y116.857 E1505.00542
G1 X96.36 Y116.688 E1505.02724
G1 X95.724 Y116.396 E1505.05051
G1 X95.16 Y115.996 E1505.07351
G1 X94.679 Y115.517 E1505.09609
G1 X94.289 Y114.955 E1505.11884
G1 X93.999 Y114.326 E1505.14188
G1 X93.827 Y113.686 E1505.16392
G1 X93.761 Y112.991 E1505.18714
G1 X93.823 Y112.307 E1505.20998
G1 X94 Y111.656 E1505.23242
G1 X94.277 Y111.062 E1505.25422
G1 X94.692 Y110.46 E1505.27854
G1 X95.164 Y109.988 E1505.30074
G1 X95.728 Y109.591 E1505.32368
G1 X96.363 Y109.295 E1505.34698
G1 X96.994 Y109.127 E1505.3687
G1 X97.716 Y109.064 E1505.39281
G1 X98.376 Y109.122 E1505.41484
G1 X99.034 Y109.298 E1505.4375
G1 X99.664 Y109.591 E1505.46061
G1 X100.217 Y109.979 E1505.48308
G1 X100.7 Y110.465 E1505.50587
G1 X101.091 Y111.017 E1505.52836
G1 X101.384 Y111.639 E1505.55123
G1 X101.562 Y112.308 E1505.57426
G1 X101.619 Y112.99 E1505.59702
G1 X101.557 Y113.677 E1505.61996
G1 X101.386 Y114.329 E1505.64238
G1 X101.089 Y114.96 E1505.66558
G1 X100.699 Y115.512 E1505.68806
G1 X100.213 Y116.006 E1505.71111
G1 X99.66 Y116.386 E1505.73342
G1 X99.043 Y116.679 E1505.75614
G1 X98.375 Y116.859 E1505.77915
G1 X97.69 Y116.923 E1505.80203
G1 F2700 E1500.80203
G0 F9000 X100.319 Y116.149
G0 X102.6 Y115.611
G0 X105.64 Y115.793
G1 F2700 E1505.80203
G1 F1500 X103.185 Y115.788 E1505.88369
G1 X102.928 Y115.692 E1505.89281
G1 X102.753 Y115.514 E1505.90111
G1 X102.66 Y115.288 E1505.90924
G1 X102.661 Y114.342 E1505.94071
G1 X102.781 Y114.093 E1505.9499
G1 X102.929 Y113.955 E1505.95663
G1 X103.26 Y113.856 E1505.96812
G1 X103.26 Y112.832 E1506.00218
G1 X102.938 Y112.732 E1506.01339
G1 X102.768 Y112.557 E1506.02151
G1 X102.677 Y112.347 E1506.02912
G1 X102.676 Y111.432 E1506.05955
G1 X102.773 Y111.184 E1506.06841
G1 X102.971 Y110.995 E1506.07752
G1 X103.205 Y110.912 E1506.08577
G1 X105.747 Y110.912 E1506.17032
G1 X105.916 Y110.97 E1506.17626
G1 X106.108 Y111.116 E1506.18429
G1 X106.215 Y111.291 E1506.19111
G1 X106.253 Y111.451 E1506.19658
G1 X106.254 Y112.295 E1506.22465
G1 X106.19 Y112.512 E1506.23217
G1 X105.987 Y112.737 E1506.24225
G1 X105.656 Y112.836 E1506.25374
G1 X105.656 Y113.86 E1506.2878
G1 X105.978 Y113.96 E1506.29902
G1 X106.121 Y114.096 E1506.30558
G1 X106.239 Y114.33 E1506.3143
G1 X106.239 Y115.238 E1506.3445
G1 X106.182 Y115.451 E1506.35183
G1 X106.002 Y115.671 E1506.36129
G1 X105.858 Y115.752 E1506.36678
G1 X105.64 Y115.793 E1506.37416
G1 F2700 E1501.37416
G0 F9000 X106.419 Y115.252
G0 X126.294 Y115.117
G0 X126.993 Y115.644
G1 F2700 E1506.37416
G1 F1500 X126.673 Y115.493 E1506.38593
G1 X126.513 Y115.263 E1506.39525
G1 X126.474 Y115.1 E1506.40082
G1 X126.473 Y114.214 E1506.43029
G1 X126.589 Y113.951 E1506.43985
G1 X126.741 Y113.807 E1506.44681
G1 X127.072 Y113.708 E1506.4583
G1 X127.072 Y112.684 E1506.49236
G1 X126.75 Y112.584 E1506.50358
G1 X126.545 Y112.344 E1506.51407
G1 X126.488 Y112.12 E1506.52176
G1 X126.494 Y111.275 E1506.54987
G1 X126.574 Y111.053 E1506.55772
G1 X126.716 Y110.892 E1506.56486
G1 X126.982 Y110.764 E1506.57467
G1 X131.982 Y110.764 E1506.74098
G1 X132.211 Y110.874 E1506.74943
G1 X132.4 Y111.093 E1506.75905
G1 X132.465 Y111.351 E1506.7679
G1 X132.464 Y112.208 E1506.7964
G1 X132.316 Y112.483 E1506.80679
G1 X132.195 Y112.589 E1506.81214
G1 X131.864 Y112.688 E1506.82363
G1 X131.864 Y113.712 E1506.85769
G1 X132.197 Y113.819 E1506.86932
G1 X132.357 Y113.989 E1506.87708
G1 X132.447 Y114.255 E1506.88642
G1 X132.443 Y115.129 E1506.91549
G1 X132.321 Y115.415 E1506.92584
G1 X132.129 Y115.575 E1506.93415
G1 X131.907 Y115.642 E1506.94186
G1 X126.993 Y115.644 E1507.1053
G1 F2700 E1502.1053
G0 F9000 X132.427 Y115.595
G0 X134.16 Y115.634
G0 X137.303 Y116.923
G1 F2700 E1507.1053
G1 F1500 X136.618 Y116.859 E1507.12818
G1 X135.959 Y116.683 E1507.15087
G1 X135.339 Y116.395 E1507.17361
G1 X134.791 Y116.009 E1507.1959
G1 X134.298 Y115.517 E1507.21907
G1 X133.904 Y114.955 E1507.2419
G1 X133.614 Y114.337 E1507.2646
G1 X133.438 Y113.676 E1507.28735
G1 X133.377 Y112.992 E1507.31019
G1 X133.439 Y112.308 E1507.33304
G1 X133.615 Y111.645 E1507.35585
G1 X133.906 Y111.027 E1507.37857
G1 X134.299 Y110.466 E1507.40135
G1 X134.783 Y109.979 E1507.42419
G1 X135.337 Y109.59 E1507.4467
G1 X135.97 Y109.295 E1507.46993
G1 X136.624 Y109.124 E1507.49242
G1 X137.282 Y109.064 E1507.51439
G1 X137.991 Y109.122 E1507.53805
G1 X138.637 Y109.295 E1507.56029
G1 X139.307 Y109.612 E1507.58495
G1 X139.836 Y109.988 E1507.60653
G1 X140.308 Y110.46 E1507.62873
G1 X140.705 Y111.025 E1507.6517
G1 X141 Y111.658 E1507.67493
G1 X141.169 Y112.295 E1507.69685
G1 X141.233 Y112.994 E1507.7202
G1 X141.173 Y113.676 E1507.74297
G1 X140.997 Y114.326 E1507.76536
G1 X140.705 Y114.955 E1507.78843
G1 X140.319 Y115.511 E1507.81094
G1 X139.836 Y115.996 E1507.83371
G1 X139.275 Y116.39 E1507.85651
G1 X138.634 Y116.684 E1507.87996
G1 X138.002 Y116.853 E1507.90172
G1 X137.303 Y116.923 E1507.92509
G1 F2700 E1502.92509
G0 F9000 X135.899 Y116.858
G0 X129.434 Y125.347
G0 X117.5 Y138.02
G1 F2700 E1507.92509
G1 F1500 X104.403 Y138.02 E1508.3607
G1 X104.228 Y138.234 E1508.36989
G1 X104.015 Y138.34 E1508.3778
G1 X100.655 Y139.233 E1508.49344
G1 X100.349 Y139.162 E1508.50388
G1 X100.086 Y138.907 E1508.51607
G1 X100.016 Y138.624 E1508.52577
G1 F1550.4 X100.029 Y136.936 E1508.58009
G1 X100.016 Y136.397 E1508.59743
G1 F1500 X100.016 Y132.008 E1508.74341
G1 X100.093 Y131.712 E1508.75359
G1 X100.276 Y131.513 E1508.76258
G1 X100.477 Y131.424 E1508.76989
G1 X100.683 Y131.405 E1508.77677
G1 X103.26 Y132.091 E1508.86547
G1 X103.262 Y128.853 E1508.97316
G1 X103.315 Y128.274 E1508.9925
G1 X103.473 Y127.672 E1509.0132
G1 X103.739 Y127.101 E1509.03415
G1 X104.104 Y126.582 E1509.05526
G1 X104.542 Y126.144 E1509.07586
G1 X105.054 Y125.787 E1509.09662
G1 X105.625 Y125.517 E1509.11763
G1 X106.232 Y125.356 E1509.13851
G1 X106.844 Y125.304 E1509.15894
G1 X128.187 Y125.306 E1509.86881
G1 X128.768 Y125.355 E1509.88821
G1 X129.373 Y125.518 E1509.90905
G1 X129.945 Y125.788 E1509.93008
G1 X130.448 Y126.135 E1509.95041
G1 X130.899 Y126.591 E1509.97174
G1 X131.252 Y127.091 E1509.9921
G1 X131.523 Y127.666 E1510.01324
G1 X131.687 Y128.28 E1510.03438
G1 X131.735 Y128.853 E1510.0535
G1 X131.736 Y132.091 E1510.1612
G1 X134.312 Y131.405 E1510.24986
G1 X134.52 Y131.424 E1510.25681
G1 X134.72 Y131.513 E1510.26409
G1 X134.903 Y131.712 E1510.27308
G1 X134.98 Y132.008 E1510.28325
G1 X134.98 Y136.397 E1510.42923
G1 F1550.4 X134.967 Y136.936 E1510.44658
G1 F1566.6 X134.976 Y137.318 E1510.45875
G1 F1515.2 X134.98 Y138.624 E1510.50175
G1 F1500 X134.91 Y138.907 E1510.51145
G1 X134.647 Y139.162 E1510.52363
G1 X134.484 Y139.216 E1510.52935
G1 X134.276 Y139.216 E1510.53626
G1 X130.981 Y138.34 E1510.64966
G1 X130.768 Y138.234 E1510.65758
G1 X130.593 Y138.02 E1510.66677
G1 X117.5 Y138.02 E1511.10225
G1 F2700 E1506.10225
G0 F9000 X117.5 Y139.856
G0 X117.5 Y140.056
G1 F2700 E1511.10225
G1 F1500 X136.708 Y140.055 E1511.74111
G1 X136.71 Y139.716 E1511.75238
G1 F1515.2 X135.4 Y137.213 E1511.84541
G1 F1566.6 X135.341 Y136.936 E1511.85442
G1 F1550.4 X135.457 Y136.563 E1511.86699
G1 F1500 X135.892 Y136.337 E1511.8833
G1 X136.704 Y136.336 E1511.91031
G1 X136.706 Y121.008 E1512.42012
G1 X136.78 Y120.774 E1512.42828
G1 X136.912 Y120.613 E1512.4352
G1 X137.15 Y120.477 E1512.44432
G1 X138.285 Y120.403 E1512.48215
G1 X139.251 Y120.211 E1512.51491
G1 X140.161 Y119.9 E1512.5469
G1 X141.043 Y119.467 E1512.57958
G1 X141.853 Y118.923 E1512.61203
G1 X142.59 Y118.278 E1512.6446
G1 X143.234 Y117.542 E1512.67713
G1 X143.779 Y116.726 E1512.70977
G1 X144.212 Y115.852 E1512.74221
G1 X144.526 Y114.932 E1512.77454
G1 X144.715 Y113.978 E1512.80689
G1 X144.778 Y112.996 E1512.83962
G1 X144.715 Y112.014 E1512.87234
G1 X144.527 Y111.056 E1512.90482
G1 X144.212 Y110.135 E1512.93719
G1 X143.779 Y109.253 E1512.96987
G1 X143.235 Y108.442 E1513.00235
G1 X142.594 Y107.71 E1513.03471
G1 X141.853 Y107.061 E1513.06747
G1 X141.046 Y106.52 E1513.09979
G1 X140.168 Y106.084 E1513.13239
G1 X139.252 Y105.773 E1513.16457
G1 X138.288 Y105.581 E1513.19726
G1 X137.279 Y105.513 E1513.2309
G1 X124.032 Y105.512 E1513.67149
G1 X123.87 Y105.465 E1513.6771
G1 X123.62 Y105.268 E1513.68769
G1 X123.506 Y104.965 E1513.69846
G1 X123.504 Y99.184 E1513.89073
G1 F1438.8 X123.487 Y98.497 E1513.91456
G1 F1284.8 X123.454 Y98.239 E1513.92466
G1 F1200 X123.454 Y97.929 E1513.93755
G1 F1237.1 X123.469 Y97.81 E1513.94239
G1 F1379.3 X123.504 Y95.595 E1514.02251
G1 F1500 X123.504 Y94.94 E1514.0443
G1 X121.958 Y94.94 E1514.09572
G1 X122.225 Y95.79 E1514.12535
G1 F1379.3 X122.922 Y97.893 E1514.20549
G1 F1237.1 X122.958 Y97.972 E1514.20899
G1 F1200 X122.958 Y98.196 E1514.2183
G1 F1284.8 X122.872 Y98.355 E1514.22532
G1 F1438.8 X122.587 Y98.62 E1514.23882
G1 F1500 X122.316 Y98.684 E1514.24808
G1 X112.68 Y98.684 E1514.56857
G1 X112.409 Y98.62 E1514.57783
G1 F1438.8 X112.125 Y98.355 E1514.5913
G1 F1287.6 X112.04 Y98.196 E1514.59829
G1 F1239.7 X112.075 Y97.893 E1514.61056
G1 F1382.5 X112.772 Y95.79 E1514.69051
G1 F1500 X113.041 Y94.941 E1514.72014
G1 X111.497 Y94.941 E1514.77149
G1 X111.497 Y95.594 E1514.79321
G1 F1382.5 X111.53 Y97.81 E1514.87319
G1 F1239.7 X111.545 Y97.929 E1514.87801
G1 F1202.4 X111.545 Y98.239 E1514.89088
G1 F1287.6 X111.513 Y98.496 E1514.90091
G1 F1438.8 X111.496 Y99.182 E1514.9247
G1 F1500 X111.493 Y105.011 E1515.11858
G1 X111.428 Y105.192 E1515.12497
G1 X111.3 Y105.357 E1515.13192
G1 X111.129 Y105.466 E1515.13866
G1 X110.973 Y105.508 E1515.14404
G1 X97.725 Y105.512 E1515.58467
G1 X96.716 Y105.581 E1515.61831
G1 X95.752 Y105.773 E1515.651
G1 X94.835 Y106.084 E1515.6832
G1 X93.957 Y106.517 E1515.71577
G1 X93.142 Y107.062 E1515.74837
G1 X92.406 Y107.706 E1515.7809
G1 X91.762 Y108.442 E1515.81343
G1 X91.225 Y109.245 E1515.84556
G1 X90.787 Y110.132 E1515.87846
G1 X90.473 Y111.045 E1515.91057
G1 X90.285 Y111.999 E1515.94291
G1 X90.218 Y112.986 E1515.97582
G1 X90.28 Y113.969 E1516.00858
G1 X90.473 Y114.931 E1516.04121
G1 X90.784 Y115.846 E1516.07335
G1 X91.217 Y116.727 E1516.106
G1 X91.762 Y117.542 E1516.13861
G1 X92.398 Y118.271 E1516.17079
G1 X93.143 Y118.923 E1516.20372
G1 X93.949 Y119.463 E1516.23599
G1 X94.831 Y119.896 E1516.26867
G1 X95.746 Y120.211 E1516.30085
G1 X96.708 Y120.403 E1516.33348
G1 X97.846 Y120.481 E1516.37142
G1 X98.086 Y120.619 E1516.38063
G1 X98.216 Y120.779 E1516.38748
G1 X98.292 Y121.039 E1516.39649
G1 X98.292 Y136.336 E1516.90527
G1 X99.104 Y136.337 E1516.93228
G1 X99.54 Y136.562 E1516.9486
G1 F1550.4 X99.655 Y136.936 E1516.96119
G1 F1566.6 X99.595 Y137.213 E1516.97022
G1 F1515.2 X98.286 Y139.714 E1517.06317
G1 F1500 X98.289 Y140.056 E1517.07454
G1 X117.5 Y140.056 E1517.7135
G0 F9000 X117.5 Y140.455
;TYPE:WALL-OUTER
G1 F1500 X136.996 Y140.455 E1518.36194
G1 X137.108 Y140.344 E1518.36719
G1 X137.111 Y139.618 E1518.39133
G1 X135.718 Y136.966 E1518.49097
G1 X135.771 Y136.811 E1518.49642
G1 X135.916 Y136.736 E1518.50184
G1 X137.104 Y136.736 E1518.54136
G1 X137.104 Y120.995 E1519.06491
G1 X137.227 Y120.872 E1519.07069
G1 X138.337 Y120.801 E1519.10769
G1 X139.355 Y120.598 E1519.14221
G1 X140.315 Y120.27 E1519.17595
G1 X141.243 Y119.814 E1519.21034
G1 X142.097 Y119.241 E1519.24455
G1 X142.874 Y118.562 E1519.27887
G1 X143.552 Y117.786 E1519.31314
G1 X144.126 Y116.927 E1519.3475
G1 X144.582 Y116.006 E1519.38169
G1 X144.914 Y115.036 E1519.41579
G1 X145.113 Y114.03 E1519.44989
G1 X145.179 Y112.996 E1519.48435
G1 X145.113 Y111.962 E1519.51882
G1 X144.914 Y110.952 E1519.55305
G1 X144.582 Y109.981 E1519.58719
G1 X144.126 Y109.053 E1519.62158
G1 X143.553 Y108.198 E1519.65581
G1 X142.878 Y107.426 E1519.68992
G1 X142.097 Y106.743 E1519.72442
G1 X141.247 Y106.174 E1519.75845
G1 X140.322 Y105.714 E1519.79281
G1 X139.356 Y105.386 E1519.82674
G1 X138.341 Y105.183 E1519.86116
G1 X137.293 Y105.113 E1519.8961
G1 X124.072 Y105.11 E1520.33583
G1 X123.958 Y105.05 E1520.34011
G1 X123.904 Y104.93 E1520.34449
G1 X123.904 Y94.54 E1520.69006
G1 X121.413 Y94.54 E1520.77292
G1 X122.514 Y98.049 E1520.89524
G1 X122.497 Y98.172 E1520.89937
G1 X122.386 Y98.284 E1520.90461
G1 X112.61 Y98.284 E1521.22976
G1 X112.5 Y98.172 E1521.23498
G1 X112.482 Y98.049 E1521.23912
G1 X113.587 Y94.541 E1521.36144
G1 X111.097 Y94.541 E1521.44426
G1 X111.092 Y104.954 E1521.7906
G1 X111.015 Y105.074 E1521.79534
G1 X110.922 Y105.111 E1521.79867
G1 X97.711 Y105.112 E1522.23807
G1 X96.663 Y105.183 E1522.27301
G1 X95.648 Y105.386 E1522.30744
G1 X94.681 Y105.714 E1522.3414
G1 X93.757 Y106.17 E1522.37567
G1 X92.898 Y106.744 E1522.41003
G1 X92.122 Y107.422 E1522.4443
G1 X91.444 Y108.198 E1522.47858
G1 X90.878 Y109.045 E1522.51246
G1 X90.417 Y109.978 E1522.54707
G1 X90.086 Y110.941 E1522.58094
G1 X89.887 Y111.947 E1522.61505
G1 X89.817 Y112.985 E1522.64965
G1 X89.883 Y114.021 E1522.68418
G1 X90.086 Y115.035 E1522.71857
G1 X90.414 Y115.999 E1522.75244
G1 X90.87 Y116.927 E1522.78683
G1 X91.444 Y117.786 E1522.8212
G1 X92.114 Y118.554 E1522.85509
G1 X92.899 Y119.241 E1522.88979
G1 X93.749 Y119.81 E1522.92381
G1 X94.677 Y120.266 E1522.9582
G1 X95.641 Y120.598 E1522.99211
G1 X96.655 Y120.801 E1523.02651
G1 X97.711 Y120.872 E1523.06171
G1 X97.824 Y120.921 E1523.0658
G1 X97.893 Y121.022 E1523.06987
G1 X97.892 Y136.736 E1523.59252
G1 X99.08 Y136.736 E1523.63204
G1 X99.226 Y136.811 E1523.63749
G1 X99.279 Y136.968 E1523.64301
G1 X97.885 Y139.617 E1523.74257
G1 X97.892 Y140.345 E1523.76678
G1 X98.001 Y140.456 E1523.77196
G1 X117.5 Y140.455 E1524.4205
G1 F2700 E1519.4205
G0 F9000 X117.501 Y140.149
G0 X117.5 Y139.856
G0 X117.5 Y138.2
G0 X117.5 Y137.62
G1 F2700 E1524.4205
G1 F1500 X104.172 Y137.62 E1524.86379
G1 X103.992 Y137.933 E1524.8758
G1 X100.631 Y138.827 E1524.99147
G1 X100.527 Y138.804 E1524.99501
G1 X100.416 Y138.697 E1525.00014
G1 X100.416 Y132.008 E1525.22262
G1 X100.502 Y131.843 E1525.22881
G1 X100.627 Y131.808 E1525.23312
G1 X103.66 Y132.611 E1525.33748
G1 X103.66 Y128.889 E1525.46127
G1 X103.714 Y128.329 E1525.47998
G1 X103.858 Y127.791 E1525.49851
G1 X104.078 Y127.319 E1525.51583
G1 X104.4 Y126.856 E1525.53458
G1 X104.79 Y126.462 E1525.55302
G1 X105.27 Y126.127 E1525.57249
G1 X105.779 Y125.89 E1525.59117
G1 X106.301 Y125.75 E1525.60914
G1 X106.86 Y125.704 E1525.6278
G1 X128.153 Y125.704 E1526.33601
G1 X128.713 Y125.754 E1526.35471
G1 X129.217 Y125.89 E1526.37207
G1 X129.754 Y126.143 E1526.39181
G1 X130.207 Y126.459 E1526.41018
G1 X130.6 Y126.86 E1526.42886
G1 X130.896 Y127.28 E1526.44595
G1 X131.15 Y127.82 E1526.46579
G1 X131.286 Y128.328 E1526.48329
G1 X131.336 Y128.887 E1526.50195
G1 X131.336 Y132.611 E1526.62581
G1 X134.369 Y131.808 E1526.73017
G1 X134.494 Y131.843 E1526.73448
G1 X134.58 Y132.008 E1526.74067
G1 X134.58 Y138.697 E1526.96315
G1 X134.469 Y138.804 E1526.96828
G1 X134.345 Y138.822 E1526.97245
G1 X131.004 Y137.933 E1527.08743
G1 X130.824 Y137.62 E1527.09944
G1 X117.5 Y137.62 E1527.5426
G1 F2700 E1522.5426
G0 F9000 X117.5 Y137.931
G0 X130.845 Y138.145
G0 X134.211 Y139.045
G0 X134.821 Y139.034
G0 X134.821 Y131.601
G0 X134.211 Y131.59
G0 X131.573 Y132.309
G0 X131.588 Y128.882
G0 X131.537 Y128.303
G0 X131.381 Y127.722
G0 X131.126 Y127.176
G0 X130.781 Y126.684
G0 X130.356 Y126.261
G0 X129.865 Y125.916
G0 X129.423 Y125.709
G0 X127.035 Y125.125
G0 X126.97 Y115.825
G0 X127.037 Y115.242
G1 F2700 E1527.5426
G1 F1500 X126.96 Y115.211 E1527.54536
G1 X126.872 Y115.1 E1527.55007
G1 X126.877 Y114.26 E1527.57801
G1 X126.961 Y114.141 E1527.58286
G1 X127.072 Y114.108 E1527.58671
G1 X127.472 Y114.108 E1527.60001
G1 X127.472 Y112.288 E1527.66055
G1 X127.088 Y112.288 E1527.67332
G1 X126.975 Y112.254 E1527.67724
G1 X126.888 Y112.127 E1527.68236
G1 X126.888 Y111.346 E1527.70834
G1 X126.935 Y111.234 E1527.71238
G1 X127.042 Y111.169 E1527.71654
G1 X131.904 Y111.164 E1527.87825
G1 X132.066 Y111.291 E1527.8851
G1 X132.058 Y112.141 E1527.91337
G1 X131.951 Y112.288 E1527.91942
G1 X131.464 Y112.288 E1527.93562
G1 X131.464 Y114.108 E1527.99615
G1 X131.848 Y114.108 E1528.00892
G1 X131.961 Y114.142 E1528.01285
G1 X132.049 Y114.272 E1528.01807
G1 X132.047 Y115.073 E1528.04471
G1 X132.006 Y115.168 E1528.04815
G1 X131.905 Y115.244 E1528.05236
G1 X127.037 Y115.242 E1528.21427
G1 F2700 E1523.21427
G0 F9000 X127.037 Y115.555
G0 X132.427 Y115.595
G0 X134.16 Y115.634
G0 X137.286 Y116.52
G1 F2700 E1528.21427
G1 F1500 X136.672 Y116.462 E1528.23478
G1 X136.082 Y116.302 E1528.25511
G1 X135.554 Y116.054 E1528.27451
G1 X135.045 Y115.699 E1528.29515
G1 X134.603 Y115.258 E1528.31592
G1 X134.246 Y114.742 E1528.33679
G1 X133.986 Y114.18 E1528.35739
G1 X133.832 Y113.59 E1528.37767
G1 X133.78 Y112.974 E1528.39823
G1 X133.838 Y112.36 E1528.41874
G1 X133.998 Y111.77 E1528.43907
G1 X134.263 Y111.213 E1528.45959
G1 X134.591 Y110.741 E1528.47871
G1 X135.03 Y110.298 E1528.49945
G1 X135.555 Y109.93 E1528.52077
G1 X136.116 Y109.67 E1528.54134
G1 X136.693 Y109.518 E1528.56118
G1 X137.322 Y109.464 E1528.58218
G1 X137.924 Y109.519 E1528.60229
G1 X138.509 Y109.674 E1528.62242
G1 X139.062 Y109.932 E1528.64271
G1 X139.572 Y110.289 E1528.66342
G1 X140.007 Y110.724 E1528.68388
G1 X140.358 Y111.224 E1528.7042
G1 X140.622 Y111.787 E1528.72488
G1 X140.777 Y112.373 E1528.74504
G1 X140.833 Y112.993 E1528.76575
G1 X140.774 Y113.621 E1528.78673
G1 X140.618 Y114.197 E1528.80657
G1 X140.358 Y114.756 E1528.82708
G1 X140.007 Y115.256 E1528.8474
G1 X139.572 Y115.695 E1528.86795
G1 X139.057 Y116.05 E1528.88876
G1 X138.492 Y116.31 E1528.90944
G1 X137.924 Y116.461 E1528.92899
G1 X137.286 Y116.52 E1528.9503
G1 F2700 E1523.9503
G0 F9000 X137.259 Y116.827
G0 X136.906 Y116.747
G0 X134.677 Y116.149
G0 X106.419 Y115.252
G0 X105.697 Y115.392
G1 F2700 E1528.9503
G1 F1500 X103.235 Y115.391 E1529.03219
G1 X103.111 Y115.327 E1529.03683
G1 X103.064 Y115.236 E1529.04024
G1 X103.066 Y114.405 E1529.06787
G1 X103.173 Y114.256 E1529.07398
G1 X103.66 Y114.256 E1529.09017
G1 X103.66 Y112.436 E1529.15071
G1 X103.276 Y112.436 E1529.16348
G1 X103.163 Y112.402 E1529.1674
G1 X103.076 Y112.25 E1529.17323
G1 X103.078 Y111.479 E1529.19887
G1 X103.108 Y111.402 E1529.20162
G1 X103.224 Y111.318 E1529.20638
G1 X105.701 Y111.317 E1529.28877
G1 X105.807 Y111.38 E1529.29287
G1 X105.855 Y111.491 E1529.29689
G1 X105.856 Y112.256 E1529.32234
G1 X105.767 Y112.403 E1529.32805
G1 X105.656 Y112.436 E1529.3319
G1 X105.256 Y112.436 E1529.34521
G1 X105.256 Y114.256 E1529.40574
G1 X105.64 Y114.256 E1529.41851
G1 X105.753 Y114.29 E1529.42244
G1 X105.835 Y114.407 E1529.42719
G1 X105.84 Y115.208 E1529.45383
G1 X105.811 Y115.298 E1529.45698
G1 X105.697 Y115.392 E1529.46189
G1 F2700 E1524.46189
G0 F9000 X105.697 Y115.703
G0 X102.6 Y115.611
G0 X100.841 Y115.629
G0 X97.674 Y116.52
G1 F2700 E1529.46189
G1 F1500 X97.072 Y116.465 E1529.482
G1 X96.49 Y116.31 E1529.50203
G1 X95.912 Y116.039 E1529.52326
G1 X95.424 Y115.695 E1529.54312
G1 X94.989 Y115.26 E1529.56358
G1 X94.645 Y114.768 E1529.58355
G1 X94.374 Y114.185 E1529.60493
G1 X94.219 Y113.608 E1529.6248
G1 X94.164 Y112.974 E1529.64597
G1 X94.222 Y112.363 E1529.66638
G1 X94.378 Y111.786 E1529.68626
G1 X94.651 Y111.213 E1529.70737
G1 X94.979 Y110.741 E1529.72649
G1 X95.428 Y110.289 E1529.74768
G1 X95.942 Y109.93 E1529.76853
G1 X96.47 Y109.682 E1529.78794
G1 X97.072 Y109.519 E1529.80868
G1 X97.71 Y109.464 E1529.82998
G1 X98.324 Y109.522 E1529.85049
G1 X98.913 Y109.682 E1529.87079
G1 X99.445 Y109.93 E1529.89031
G1 X99.97 Y110.298 E1529.91164
G1 X100.396 Y110.725 E1529.9317
G1 X100.753 Y111.238 E1529.95249
G1 X101.002 Y111.766 E1529.9719
G1 X101.162 Y112.36 E1529.99236
G1 X101.216 Y113.01 E1530.01406
G1 X101.158 Y113.619 E1530.0344
G1 X101.013 Y114.178 E1530.05361
G1 X100.732 Y114.771 E1530.07544
G1 X100.393 Y115.254 E1530.09506
G1 X99.938 Y115.709 E1530.11647
G1 X99.458 Y116.041 E1530.13588
G1 X98.903 Y116.304 E1530.1563
G1 X98.321 Y116.462 E1530.17636
G1 X97.674 Y116.52 E1530.19797
G1 F2700 E1525.19797
G0 F9000 X97.647 Y116.827
G0 X98.408 Y117.037
G0 X99.882 Y136.936
G0 X100.676 Y139.336
G1 F2700 E1530.19797
G0 F9000 X100.214 Y139.695
;TYPE:SKIN
G1 F1500 X98.699 Y139.696 E1530.24836
G1 X99.658 Y137.858 E1530.31731
G1 X99.656 Y138.619 E1530.34262
G1 X99.762 Y139.079 E1530.35832
G1 F1401.9 X100.167 Y139.475 E1530.37848
G1 F1244.8 X100.612 Y139.641 E1530.39752
G1 F1318.7 X100.214 Y139.695 E1530.41271
G0 F9000 X100.612 Y139.641
G1 F1171.9 X100.734 Y139.64 E1530.41791
G1 F2700 E1525.41791
G0 F9000 X100.653 Y139.337
G0 X100.179 Y139.034
G0 X100.179 Y131.601
G0 X100.789 Y131.59
G0 X103.427 Y132.309
G0 X103.412 Y128.885
G0 X103.463 Y128.305
G0 X103.618 Y127.724
G0 X103.873 Y127.178
G0 X104.218 Y126.685
G0 X104.644 Y126.261
G0 X105.133 Y125.917
G0 X105.679 Y125.662
G0 X106.261 Y125.505
G0 X128.203 Y125.125
G0 X133.26 Y113.706
G0 X132.953 Y112.25
G1 F2700 E1530.41791
G1 F911.9 X132.944 Y112.322 E1530.42188
G1 F2700 E1525.42188
G0 F9000 X132.568 Y112.223
G0 X132.452 Y112.603
G0 X133.197 Y112.993
G0 X137.292 Y117.284
G1 F2700 E1530.42188
G1 F1500 X138.053 Y117.208 E1530.44731
G1 X138.748 Y117.026 E1530.47121
G1 X139.441 Y116.706 E1530.4966
G1 X140.076 Y116.263 E1530.52235
G1 X140.567 Y115.769 E1530.54551
G1 X141.018 Y115.132 E1530.57147
G1 X141.338 Y114.441 E1530.5968
G1 X141.521 Y113.752 E1530.62051
G1 X141.592 Y113.007 E1530.6454
G1 X141.521 Y112.22 E1530.67168
G1 X141.338 Y111.523 E1530.69565
G1 X141.011 Y110.836 E1530.72096
G1 X140.575 Y110.22 E1530.74606
G1 X140.072 Y109.716 E1530.76974
G1 X139.445 Y109.272 E1530.7953
G1 X138.749 Y108.95 E1530.8208
G1 X138.068 Y108.771 E1530.84422
G1 X137.336 Y108.7 E1530.86868
G1 X136.569 Y108.768 E1530.89429
G1 X135.827 Y108.962 E1530.9198
G1 X135.137 Y109.287 E1530.94517
G1 X134.569 Y109.683 E1530.9682
G1 X134.007 Y110.25 E1530.99475
G1 X133.599 Y110.837 E1531.01853
G1 X133.283 Y111.493 E1531.04275
G1 F1293.1 X132.945 Y112.268 E1531.07537
G1 X132.824 Y111.471 E1531.10647
G1 F1500 X132.819 Y111.303 E1531.11206
G1 X132.71 Y110.864 E1531.1271
G1 X132.404 Y110.571 E1531.14119
G1 X132.127 Y110.439 E1531.1514
G1 X131.882 Y110.405 E1531.15963
G1 X127.057 Y110.406 E1531.32011
G1 X126.663 Y110.494 E1531.33353
G1 X126.352 Y110.741 E1531.34674
G1 X126.204 Y110.985 E1531.35624
G1 X126.129 Y111.309 E1531.3673
G1 X126.128 Y112.232 E1531.398
G1 X126.299 Y112.644 E1531.41283
G1 X126.544 Y112.879 E1531.42412
G1 X126.712 Y112.938 E1531.43005
G1 X126.712 Y113.445 E1531.44691
G1 X126.542 Y113.504 E1531.45289
G1 X126.291 Y113.741 E1531.46438
G1 X126.169 Y113.976 E1531.47318
G1 X126.116 Y114.214 E1531.48129
G1 X126.114 Y115.147 E1531.51232
G1 X126.17 Y115.382 E1531.52036
G1 X126.338 Y115.664 E1531.53128
G1 X126.65 Y115.905 E1531.54439
G1 X126.937 Y116.004 E1531.55449
G1 X131.925 Y116.001 E1531.72039
G1 X132.157 Y115.952 E1531.72827
G1 X132.561 Y115.717 E1531.74382
G1 X132.749 Y115.371 E1531.75692
G1 X132.808 Y115.118 E1531.76556
G1 X132.803 Y114.226 E1531.79523
G1 F1496.3 X132.67 Y113.797 E1531.8102
G1 F1492.5 X132.389 Y113.514 E1531.82353
G1 F1500 X132.224 Y113.455 E1531.82936
G1 X132.224 Y112.947 E1531.84626
G1 F1290.3 X132.452 Y112.868 E1531.85559
G1 F1008.4 X132.944 Y112.322 E1531.89195
G1 F1132.1 X133.03 Y112.814 E1531.91396
G1 F1500 X133.016 Y112.969 E1531.91914
G1 F1485.1 X133.079 Y113.738 E1531.94506
G1 X133.267 Y114.435 E1531.96931
G1 F1500 X133.599 Y115.146 E1531.99541
G1 X134.007 Y115.735 E1532.01924
G1 X134.547 Y116.271 E1532.04454
G1 X135.157 Y116.704 E1532.06942
G1 X135.857 Y117.03 E1532.09511
G1 X136.564 Y117.212 E1532.11939
G1 X137.292 Y117.284 E1532.14372
G1 F2700 E1527.14372
G0 F9000 X137.317 Y117.025
G0 X136.586 Y117.037
G0 X135.114 Y136.936
G0 X134.949 Y139.692
G1 F2700 E1532.14372
G1 F1295.9 X134.553 Y139.631 E1532.15914
G1 F1234.6 X134.783 Y139.515 E1532.16955
G1 F1382.5 X135.221 Y139.092 E1532.19153
G1 F1459.9 X135.34 Y138.647 E1532.20727
G1 F1500 X135.334 Y137.854 E1532.23365
G1 X136.293 Y139.691 E1532.30257
G1 X134.949 Y139.692 E1532.34727
G0 F9000 X134.553 Y139.631
G1 F1136.4 X134.18 Y139.628 E1532.36365
G1 F2700 E1527.36365
G0 F9000 X134.255 Y139.313
G0 X130.937 Y138.515
G0 X130.937 Y139.856
G0 X117.5 Y139.694
G1 F2700 E1532.36365
G1 F1500 X104.235 Y139.696 E1532.80484
G1 F1401.9 X102.484 Y139.668 E1532.86717
G1 F1234.6 X100.733 Y139.64 E1532.93794
G1 X102.419 Y139.163 E1533.00874
G1 F1401.9 X104.104 Y138.686 E1533.07107
G1 F1500 X104.446 Y138.515 E1533.08378
G1 X104.57 Y138.38 E1533.08988
G1 X130.422 Y138.38 E1533.94972
G1 X130.546 Y138.515 E1533.95582
G1 X130.855 Y138.672 E1533.96735
G1 F1421.8 X131.963 Y138.991 E1534.0078
G1 F1290.3 X133.071 Y139.309 E1534.05237
G1 F1181.1 X134.179 Y139.628 E1534.10108
G1 X133.04 Y139.649 E1534.1492
G1 F1290.3 X131.901 Y139.671 E1534.19325
G1 F1421.8 X130.761 Y139.692 E1534.23325
G1 F1500 X117.5 Y139.694 E1534.67432
G1 F2700 E1529.67432
G0 F9000 X117.5 Y139.956
G0 X117.499 Y138.2
G0 X117.5 Y124.944
G1 F2700 E1534.67432
G1 F1500 X106.826 Y124.944 E1535.02934
G1 X106.169 Y125.002 E1535.05127
G1 X105.518 Y125.17 E1535.07363
G1 X104.89 Y125.463 E1535.09668
G1 X104.299 Y125.877 E1535.12068
G1 X103.835 Y126.337 E1535.14241
G1 X103.431 Y126.914 E1535.16584
G1 X103.142 Y127.523 E1535.18826
G1 X102.962 Y128.197 E1535.21147
G1 X102.9 Y128.821 E1535.23232
G1 X102.9 Y131.623 E1535.32552
G1 X100.714 Y131.044 E1535.40073
G1 X100.389 Y131.071 E1535.41158
G1 X100.064 Y131.213 E1535.42337
G1 X99.774 Y131.533 E1535.43774
G1 X99.662 Y131.961 E1535.45245
G1 X99.656 Y136.236 E1535.59464
G1 X99.154 Y135.976 E1535.61344
G1 X98.652 Y135.973 E1535.63014
G1 X98.649 Y120.934 E1536.13034
G1 X98.533 Y120.605 E1536.14194
G1 X98.329 Y120.349 E1536.15283
G1 X97.94 Y120.123 E1536.16779
G1 X96.755 Y120.045 E1536.20729
G1 X95.837 Y119.858 E1536.23845
G1 X94.969 Y119.558 E1536.269
G1 X94.128 Y119.15 E1536.30009
G1 X93.363 Y118.637 E1536.33072
G1 X92.651 Y118.01 E1536.36228
G1 X92.051 Y117.322 E1536.39264
G1 X91.526 Y116.543 E1536.42388
G1 X91.114 Y115.699 E1536.45512
G1 X90.822 Y114.839 E1536.48533
G1 X90.635 Y113.922 E1536.51645
G1 X90.581 Y112.985 E1536.54767
G1 X90.643 Y112.039 E1536.5792
G1 X90.822 Y111.137 E1536.60979
G1 X91.122 Y110.27 E1536.6403
G1 X91.538 Y109.425 E1536.67163
G1 X92.047 Y108.663 E1536.70211
G1 X92.662 Y107.962 E1536.73312
G1 X93.363 Y107.347 E1536.76414
G1 X94.137 Y106.83 E1536.7951
G1 X94.973 Y106.414 E1536.82616
G1 X95.837 Y106.122 E1536.85649
G1 X96.759 Y105.935 E1536.88778
G1 X97.747 Y105.872 E1536.92071
G1 X110.917 Y105.871 E1537.35874
G1 X111.292 Y105.788 E1537.37152
G1 X111.588 Y105.576 E1537.38363
G1 X111.773 Y105.299 E1537.39471
G1 X111.851 Y105.016 E1537.40447
G1 X111.856 Y99.2 E1537.59791
G1 X111.885 Y98.625 E1537.61706
G1 X112.233 Y98.938 E1537.63263
G1 X112.637 Y99.039 E1537.64648
G1 X122.36 Y99.039 E1537.96987
G1 X122.761 Y98.935 E1537.98364
G1 X123.114 Y98.62 E1537.99938
G1 X123.144 Y99.172 E1538.01777
G1 X123.148 Y105.123 E1538.2157
G1 X123.317 Y105.463 E1538.22833
G1 X123.5 Y105.657 E1538.2372
G1 X123.816 Y105.829 E1538.24916
G1 X124.084 Y105.871 E1538.25819
G1 X137.253 Y105.872 E1538.69619
G1 X138.241 Y105.935 E1538.72912
G1 X139.163 Y106.122 E1538.76041
G1 X140.023 Y106.414 E1538.79061
G1 X140.863 Y106.83 E1538.82179
G1 X141.63 Y107.348 E1538.85257
G1 X142.338 Y107.962 E1538.88374
G1 X142.948 Y108.662 E1538.91463
G1 X143.462 Y109.433 E1538.94545
G1 X143.878 Y110.273 E1538.97662
G1 X144.174 Y111.145 E1539.00725
G1 X144.357 Y112.055 E1539.03812
G1 X144.415 Y112.988 E1539.06921
G1 X144.357 Y113.93 E1539.10061
G1 X144.174 Y114.839 E1539.13145
G1 X143.878 Y115.711 E1539.16207
G1 X143.466 Y116.543 E1539.19295
G1 X142.948 Y117.318 E1539.22396
G1 X142.33 Y118.026 E1539.25521
G1 X141.634 Y118.633 E1539.28593
G1 X140.859 Y119.154 E1539.31699
G1 X140.019 Y119.566 E1539.34811
G1 X139.159 Y119.858 E1539.37832
G1 X138.237 Y120.045 E1539.40961
G1 X137.049 Y120.119 E1539.4492
G1 X136.669 Y120.343 E1539.46387
G1 X136.463 Y120.597 E1539.47474
G1 X136.345 Y120.972 E1539.48782
G1 X136.344 Y135.973 E1539.98675
G1 X135.833 Y135.976 E1540.00375
G1 X135.34 Y136.234 E1540.02226
G1 X135.334 Y131.961 E1540.16438
G1 X135.221 Y131.527 E1540.17929
G1 X134.928 Y131.214 E1540.19355
G1 X134.606 Y131.071 E1540.20527
G1 X134.27 Y131.041 E1540.21649
G1 X132.096 Y131.623 E1540.29135
G1 X132.092 Y128.819 E1540.38461
G1 X132.038 Y128.2 E1540.40527
G1 X131.854 Y127.522 E1540.42864
G1 X131.574 Y126.926 E1540.45054
G1 X131.18 Y126.364 E1540.47337
G1 X130.699 Y125.875 E1540.49618
G1 X130.125 Y125.478 E1540.5194
G1 X129.484 Y125.174 E1540.54299
G1 X128.84 Y125.002 E1540.56516
G1 X128.214 Y124.944 E1540.58607
G1 X117.5 Y124.944 E1540.94242
G1 F2700 E1535.94242
G0 F9000 X117.499 Y125.204
G0 X106.838 Y125.123
G0 X105.705 Y115.971
G0 X105.736 Y116.146
G1 F2700 E1540.94242
G1 F1500 X105.992 Y116.084 E1540.95118
G1 X106.309 Y115.88 E1540.96372
G1 X106.547 Y115.507 E1540.97844
G1 X106.596 Y115.268 E1540.98655
G1 X106.596 Y114.358 E1541.01682
G1 X106.477 Y113.938 E1541.03134
G1 X106.181 Y113.662 E1541.0448
G1 X106.016 Y113.603 E1541.05063
G1 X106.016 Y113.095 E1541.06752
G1 X106.187 Y113.036 E1541.07354
G1 X106.427 Y112.808 E1541.08455
G1 X106.566 Y112.54 E1541.09459
G1 X106.612 Y112.307 E1541.10249
G1 X106.611 Y111.41 E1541.13232
G1 X106.532 Y111.129 E1541.14203
G1 X106.378 Y110.879 E1541.1518
G1 X106.101 Y110.664 E1541.16346
G1 X105.809 Y110.552 E1541.17386
G1 X103.105 Y110.554 E1541.2638
G1 X102.777 Y110.685 E1541.27555
G1 X102.461 Y110.988 E1541.29011
G1 X102.317 Y111.39 E1541.30431
G1 F1496.3 X102.312 Y112.322 E1541.33539
G1 F1492.5 X102.456 Y112.746 E1541.35035
G1 F1500 X102.732 Y113.027 E1541.36345
G1 X102.9 Y113.087 E1541.36939
G1 X102.9 Y113.595 E1541.38628
G1 X102.727 Y113.655 E1541.39237
G1 F1442.3 X102.498 Y113.864 E1541.4031
G1 F1369.9 X102.267 Y114.254 E1541.41961
G1 F1401.9 X102.295 Y114.605 E1541.43214
G1 F1481.5 X102.302 Y115.346 E1541.45709
G1 F1500 X102.454 Y115.715 E1541.47037
G1 X102.718 Y115.986 E1541.48295
G1 X103.143 Y116.143 E1541.49802
G1 X105.736 Y116.146 E1541.58426
G1 F2700 E1536.58426
G0 F9000 X105.696 Y115.891
G0 X102.6 Y115.611
G0 X100.841 Y115.629
G0 X97.672 Y117.284
G1 F2700 E1541.58426
G1 F1500 X98.42 Y117.216 E1541.60924
G1 X99.18 Y117.008 E1541.63545
G1 X99.825 Y116.706 E1541.65914
G1 X100.431 Y116.288 E1541.68362
G1 X100.985 Y115.735 E1541.70966
G1 X101.397 Y115.143 E1541.73365
G1 F1456.3 X101.742 Y114.441 E1541.76044
G1 F1354.4 X101.862 Y114.052 E1541.77544
G1 F1369.9 X101.912 Y113.756 E1541.78637
G1 F1474.2 X101.98 Y112.969 E1541.81311
G1 F1488.8 X101.913 Y112.251 E1541.83727
G1 X101.731 Y111.531 E1541.86216
G1 F1500 X101.409 Y110.849 E1541.88724
G1 X100.969 Y110.222 E1541.91272
G1 X100.439 Y109.692 E1541.93765
G1 X99.825 Y109.266 E1541.9625
G1 X99.177 Y108.962 E1541.98631
G1 X98.459 Y108.77 E1542.01103
G1 X97.698 Y108.7 E1542.03645
G1 X96.924 Y108.771 E1542.0623
G1 X96.243 Y108.954 E1542.08575
G1 X95.558 Y109.268 E1542.11081
G1 X94.923 Y109.717 E1542.13668
G1 X94.43 Y110.21 E1542.15987
G1 X93.979 Y110.846 E1542.1858
G1 X93.658 Y111.534 E1542.21105
G1 X93.47 Y112.223 E1542.23481
G1 X93.396 Y112.973 E1542.25987
G1 X93.471 Y113.752 E1542.2859
G1 X93.658 Y114.441 E1542.30965
G1 X93.978 Y115.136 E1542.3351
G1 X94.413 Y115.76 E1542.3604
G1 X94.915 Y116.259 E1542.38394
G1 X95.532 Y116.699 E1542.40914
G1 X96.238 Y117.026 E1542.43502
G1 X96.924 Y117.209 E1542.45864
G1 X97.672 Y117.284 E1542.48364
G1 F2700 E1537.48364
G0 F9000 X97.697 Y117.025
G0 X95.805 Y116.265
G0 X95.265 Y115.887
G0 X94.799 Y115.42
G0 X94.423 Y114.881
G0 X94.144 Y114.285
G0 X94.005 Y113.77
G0 X93.829 Y111.597
G0 X90.966 Y110.179
G0 X91.57 Y109.814
G1 F2700 E1542.48364
G1 F1500 X94.524 Y106.86 E1542.62259
G0 F9000 X94.322 Y106.449
G0 X95.358 Y106.013
G0 X95.504 Y106.446
G1 F1500 X91.152 Y110.798 E1542.82729
G0 F9000 X90.94 Y111.576
G1 F1500 X96.279 Y106.236 E1543.07845
G0 F9000 X96.958 Y106.123
G1 F1500 X90.83 Y112.251 E1543.36669
G0 F9000 X90.79 Y112.856
G1 F1500 X97.563 Y106.084 E1543.68525
G0 F9000 X98.141 Y106.071
G1 F1500 X90.806 Y113.406 E1544.03026
G0 F9000 X90.843 Y113.935
G1 F1500 X93.61 Y111.168 E1544.16041
G0 F9000 X93.315 Y112.028
G1 F1500 X90.938 Y114.406 E1544.27224
G0 F9000 X91.043 Y114.867
G1 F1500 X93.228 Y112.682 E1544.37502
G0 F9000 X93.22 Y113.255
G1 F1500 X91.186 Y115.289 E1544.47069
G0 F9000 X91.338 Y115.702
G1 F1500 X93.272 Y113.769 E1544.56164
G0 F9000 X93.389 Y114.218
G1 F1500 X91.524 Y116.083 E1544.64936
G0 F9000 X91.711 Y116.461
G1 F1500 X93.533 Y114.64 E1544.73504
G0 F9000 X93.709 Y115.029
G1 F1500 X91.939 Y116.798 E1544.81827
G0 F9000 X92.167 Y117.136
G1 F1500 X93.912 Y115.391 E1544.90035
G0 F9000 X94.145 Y115.724
G1 F1500 X92.424 Y117.445 E1544.9813
G0 F9000 X92.688 Y117.747
G1 F1500 X94.404 Y116.031 E1545.06202
G0 F9000 X94.687 Y116.313
G1 F1500 X92.973 Y118.027 E1545.14264
G0 F9000 X93.274 Y118.293
G1 F1500 X95.002 Y116.564 E1545.22394
G0 F9000 X95.332 Y116.8
G1 F1500 X93.586 Y118.546 E1545.30607
G0 F9000 X93.925 Y118.773
G1 F1500 X95.701 Y116.997 E1545.38961
G0 F9000 X96.088 Y117.175
G1 F1500 X94.268 Y118.995 E1545.47521
G0 F9000 X94.648 Y119.181
G1 F1500 X96.521 Y117.308 E1545.56331
G0 F9000 X96.98 Y117.414
G1 F1500 X95.029 Y119.365 E1545.65508
G0 F9000 X95.448 Y119.512
G1 F1500 X97.494 Y117.466 E1545.75132
G0 F9000 X98.081 Y117.445
G1 F1500 X95.869 Y119.657 E1545.85536
G0 F9000 X96.336 Y119.756
G1 F1500 X98.761 Y117.331 E1545.96943
G0 F9000 X99.653 Y117.005
G1 F1500 X96.809 Y119.848 E1546.10318
G0 F9000 X97.34 Y119.883
G1 F1500 X102.099 Y115.124 E1546.32703
G0 F9000 X101.725 Y114.932
G1 F1500 X102.085 Y114.573 E1546.34394
G0 F9000 X102.096 Y113.996
G1 F1500 X102.325 Y113.766 E1546.35473
G0 F9000 X102.48 Y113.612
G1 F1500 X102.7 Y113.392 E1546.36508
G0 F9000 X102.473 Y113.053
G1 F1500 X102.145 Y113.381 E1546.38051
G0 F9000 X102.163 Y112.797
G1 F1500 X102.237 Y112.723 E1546.38399
G0 F9000 X102.011 Y111.818
G1 F1500 X102.114 Y111.715 E1546.38883
G0 F9000 X101.883 Y111.381
G1 F1500 X102.232 Y111.031 E1546.40527
G0 F9000 X101.699 Y110.999
G1 F1500 X106.628 Y106.07 E1546.63712
G0 F9000 X107.194 Y106.07
G1 F1500 X102.806 Y110.458 E1546.84352
G0 F9000 X103.477 Y110.352
G1 F1500 X107.76 Y106.069 E1547.04498
G0 F9000 X108.326 Y106.069
G1 F1500 X104.043 Y110.352 E1547.24644
G0 F9000 X104.609 Y110.352
G1 F1500 X108.892 Y106.069 E1547.44789
G0 F9000 X109.457 Y106.069
G1 F1500 X105.174 Y110.352 E1547.64935
G0 F9000 X105.74 Y110.352
G1 F1500 X110.023 Y106.069 E1547.85081
G0 F9000 X110.589 Y106.069
G1 F1500 X106.172 Y110.485 E1548.05855
G0 F9000 X106.504 Y110.719
G1 F1500 X111.217 Y106.007 E1548.28021
G0 F9000 X111.123 Y105.562
G0 X111.561 Y105.107
G0 X112.003 Y105.22
G1 F1500 X117.979 Y99.244 E1548.56131
G0 F9000 X117.414 Y99.244
G1 F1500 X112.052 Y104.606 E1548.81352
G0 F9000 X112.052 Y104.039
G1 F1500 X116.848 Y99.244 E1549.03908
G0 F9000 X116.282 Y99.244
G1 F1500 X112.052 Y103.474 E1549.23805
G0 F9000 X112.053 Y102.907
G1 F1500 X115.717 Y99.244 E1549.41037
G0 F9000 X115.151 Y99.244
G1 F1500 X112.054 Y102.341 E1549.55604
G0 F9000 X112.054 Y101.775
G1 F1500 X114.585 Y99.244 E1549.67509
G0 F9000 X114.02 Y99.244
G1 F1500 X112.055 Y101.209 E1549.76752
G0 F9000 X112.055 Y100.643
G1 F1500 X113.454 Y99.244 E1549.83333
G0 F9000 X112.888 Y99.244
G1 F1500 X112.055 Y100.077 E1549.87251
G0 F9000 X112.056 Y99.51
G1 F1500 X112.385 Y99.181 E1549.88798
G0 F9000 X111.612 Y98.876
G0 X111.729 Y97.845
G0 X112.267 Y98.575
G0 X118.545 Y98.784
G0 X118.545 Y99.244
G1 F1500 X106.726 Y111.062 E1550.44389
G0 F9000 X106.809 Y111.545
G1 F1500 X119.111 Y99.244 E1551.02251
G0 F9000 X119.676 Y99.244
G1 F1500 X106.811 Y112.109 E1551.62764
G0 F9000 X106.623 Y112.863
G1 F1500 X120.242 Y99.244 E1552.26824
G0 F9000 X120.808 Y99.244
G1 F1500 X106.429 Y113.622 E1552.94456
G0 F9000 X106.684 Y113.933
G1 F1500 X121.373 Y99.244 E1553.63549
G0 F9000 X121.939 Y99.244
G1 F1500 X106.796 Y114.387 E1554.34777
G0 F9000 X106.796 Y114.953
G1 F1500 X122.552 Y99.197 E1555.08888
G0 F9000 X122.944 Y99.37
G1 F1500 X106.736 Y115.579 E1555.85128
G0 F9000 X106.04 Y116.275
G1 F1500 X98.852 Y123.462 E1556.18936
G0 F9000 X98.852 Y122.897
G1 F1500 X105.403 Y116.346 E1556.49749
G0 F9000 X104.838 Y116.345
G1 F1500 X98.852 Y122.331 E1556.77906
G0 F9000 X98.852 Y121.765
G1 F1500 X104.274 Y116.344 E1557.03407
G0 F9000 X103.709 Y116.342
G1 F1500 X98.852 Y121.2 E1557.26255
G0 F9000 X98.781 Y120.705
G1 F1500 X103.145 Y116.341 E1557.46782
G0 F9000 X102.719 Y116.202
G1 F1500 X98.577 Y120.343 E1557.66262
G0 F9000 X98.272 Y120.082
G1 F1500 X102.405 Y115.95 E1557.857
G0 F9000 X102.185 Y115.603
G1 F1500 X97.871 Y119.918 E1558.05994
G0 F9000 X97.84 Y120.379
G0 X98.103 Y120.632
G0 X98.393 Y124.027
G0 X98.852 Y124.028
G1 F1500 X122.945 Y99.935 E1559.1932
G0 F9000 X122.945 Y100.5
G1 F1500 X98.852 Y124.594 E1560.32649
G0 F9000 X98.852 Y125.159
G1 F1500 X122.945 Y101.066 E1561.45975
G0 F9000 X122.946 Y101.631
G1 F1500 X98.852 Y125.725 E1562.59306
G0 F9000 X98.852 Y126.291
G1 F1500 X122.947 Y102.196 E1563.72641
G0 F9000 X122.947 Y102.761
G1 F1500 X98.852 Y126.856 E1564.85977
G0 F9000 X98.852 Y127.422
G1 F1500 X122.948 Y103.326 E1565.99317
G0 F9000 X122.949 Y103.891
G1 F1500 X98.852 Y127.988 E1567.12662
G0 F9000 X98.852 Y128.553
G1 F1500 X122.949 Y104.457 E1568.26004
G0 F9000 X122.95 Y105.022
G1 F1500 X98.852 Y129.119 E1569.39352
G0 F9000 X98.852 Y129.685
G1 F1500 X123.087 Y105.45 E1570.53346
G0 F9000 X123.331 Y105.771
G1 F1500 X98.852 Y130.25 E1571.68487
G0 F9000 X98.852 Y130.816
G1 F1500 X123.682 Y105.986 E1572.8528
G0 F9000 X124.162 Y106.072
G1 F1500 X105.085 Y125.149 E1573.75012
G0 F9000 X105.946 Y124.854
G1 F1500 X124.728 Y106.072 E1574.63357
G0 F9000 X125.294 Y106.072
G1 F1500 X106.601 Y124.764 E1575.51281
G0 F9000 X107.186 Y124.745
G1 F1500 X125.859 Y106.072 E1576.39113
G0 F9000 X126.425 Y106.072
G1 F1500 X107.752 Y124.745 E1577.26945
G0 F9000 X108.317 Y124.745
G1 F1500 X126.991 Y106.072 E1578.1478
G0 F9000 X127.556 Y106.072
G1 F1500 X108.883 Y124.745 E1579.02612
G0 F9000 X109.449 Y124.745
G1 F1500 X128.122 Y106.072 E1579.90444
G0 F9000 X128.688 Y106.072
G1 F1500 X110.015 Y124.745 E1580.78276
G0 F9000 X110.58 Y124.745
G1 F1500 X129.253 Y106.072 E1581.66108
G0 F9000 X129.819 Y106.072
G1 F1500 X111.146 Y124.745 E1582.5394
G0 F9000 X111.712 Y124.745
G1 F1500 X130.385 Y106.072 E1583.41772
G0 F9000 X130.951 Y106.072
G1 F1500 X126.753 Y110.269 E1583.61516
G0 F9000 X127.379 Y110.209
G1 F1500 X131.516 Y106.072 E1583.80975
G0 F9000 X132.082 Y106.072
G1 F1500 X127.945 Y110.209 E1584.00434
G0 F9000 X128.51 Y110.209
G1 F1500 X132.648 Y106.072 E1584.19896
G0 F9000 X133.213 Y106.072
G1 F1500 X129.077 Y110.208 E1584.3935
G0 F9000 X129.642 Y110.208
G1 F1500 X133.779 Y106.072 E1584.58807
G0 F9000 X134.345 Y106.072
G1 F1500 X130.208 Y110.208 E1584.78264
G0 F9000 X130.774 Y110.208
G1 F1500 X134.91 Y106.072 E1584.97718
G0 F9000 X135.476 Y106.072
G1 F1500 X131.34 Y110.208 E1585.17173
G0 F9000 X131.906 Y110.208
G1 F1500 X136.042 Y106.072 E1585.36627
G0 F9000 X136.607 Y106.072
G1 F1500 X132.352 Y110.327 E1585.56641
G0 F9000 X132.684 Y110.561
G1 F1500 X137.173 Y106.072 E1585.77756
G0 F9000 X137.709 Y106.101
G1 F1500 X132.923 Y110.888 E1586.00271
G0 F9000 X133.225 Y111.152
G1 F1500 X133.025 Y111.351 E1586.01209
G1 F2700 E1581.01209
G0 F9000 X132.565 Y111.35
G0 X132.452 Y112.603
G0 X133.224 Y112.672
G0 X132.837 Y113.236
G1 F2700 E1586.01209
G1 F1500 X132.618 Y113.455 E1586.02239
G0 F9000 X132.284 Y113.775
G0 X132.646 Y114.44
G0 X133.403 Y114.241
G0 X133.14 Y114.63
G1 F1500 X133.006 Y114.764 E1586.02869
G0 F9000 X133.321 Y115.015
G1 F1500 X132.961 Y115.375 E1586.04563
G0 F9000 X133.519 Y115.382
G1 F1500 X124.157 Y124.745 E1586.48601
G0 F9000 X124.722 Y124.745
G1 F1500 X133.751 Y115.717 E1586.91068
G0 F9000 X134.011 Y116.022
G1 F1500 X125.288 Y124.745 E1587.32099
G0 F9000 X125.854 Y124.745
G1 F1500 X134.297 Y116.302 E1587.71812
G0 F9000 X134.606 Y116.559
G1 F1500 X126.419 Y124.745 E1588.10319
G0 F9000 X126.985 Y124.745
G1 F1500 X134.937 Y116.793 E1588.47722
G0 F9000 X135.303 Y116.992
G1 F1500 X127.551 Y124.745 E1588.84188
G0 F9000 X128.116 Y124.745
G1 F1500 X135.688 Y117.173 E1589.19804
G0 F9000 X136.124 Y117.303
G1 F1500 X128.642 Y124.785 E1589.54997
G0 F9000 X129.12 Y124.873
G1 F1500 X136.582 Y117.411 E1589.90096
G0 F9000 X137.098 Y117.46
G1 F1500 X129.563 Y124.995 E1590.25538
G0 F9000 X129.95 Y125.174
G1 F1500 X137.677 Y117.447 E1590.61884
G0 F9000 X138.353 Y117.337
G1 F1500 X130.32 Y125.369 E1590.99666
G0 F9000 X130.656 Y125.6
G1 F1500 X139.234 Y117.022 E1591.40015
G1 F2700 E1586.40015
G0 F9000 X139.042 Y116.608
G0 X139.371 Y116.543
G0 X140.765 Y119.381
G0 X140.581 Y119.068
G1 F2700 E1591.40015
G1 F1500 X143.377 Y116.272 E1591.53166
G0 F9000 X143.789 Y116.477
G0 X144.254 Y115.416
G0 X143.818 Y115.266
G1 F1500 X139.579 Y119.505 E1591.73105
G0 F9000 X138.789 Y119.729
G1 F1500 X144.043 Y114.476 E1591.97816
G0 F9000 X144.165 Y113.788
G1 F1500 X138.099 Y119.853 E1592.26346
G0 F9000 X137.496 Y119.891
G1 F1500 X144.202 Y113.184 E1592.57892
G0 F9000 X144.192 Y112.629
G1 F1500 X136.774 Y120.048 E1592.92786
G0 F9000 X136.265 Y120.556
G1 F1500 X130.964 Y125.857 E1593.1772
G0 F9000 X131.245 Y126.141
G1 F1500 X136.146 Y121.241 E1593.40771
G0 F9000 X136.146 Y121.807
G1 F1500 X131.489 Y126.464 E1593.62676
G0 F9000 X131.723 Y126.795
G1 F1500 X136.146 Y122.373 E1593.83478
G0 F9000 X136.146 Y122.938
G1 F1500 X131.911 Y127.172 E1594.03396
G0 F9000 X132.073 Y127.576
G1 F1500 X136.146 Y123.504 E1594.22551
G0 F9000 X136.146 Y124.07
G1 F1500 X132.196 Y128.02 E1594.41131
G0 F9000 X132.265 Y128.516
G1 F1500 X136.146 Y124.635 E1594.59386
G0 F9000 X136.146 Y125.201
G1 F1500 X132.291 Y129.055 E1594.77516
G0 F9000 X132.293 Y129.62
G1 F1500 X136.146 Y125.767 E1594.9564
G0 F9000 X136.145 Y126.333
G1 F1500 X132.294 Y130.184 E1595.13754
G0 F9000 X132.295 Y130.748
G1 F1500 X136.145 Y126.899 E1595.31861
G0 F9000 X136.145 Y127.464
G1 F1500 X132.296 Y131.313 E1595.49965
G0 F9000 X133.001 Y131.174
G1 F1500 X136.145 Y128.03 E1595.64753
G0 F9000 X136.145 Y128.596
G1 F1500 X133.774 Y130.967 E1595.75906
G0 F9000 X134.449 Y130.858
G1 F1500 X136.145 Y129.162 E1595.83883
G0 F9000 X136.145 Y129.727
G1 F1500 X134.893 Y130.98 E1595.89775
G0 F9000 X135.213 Y131.225
G1 F1500 X136.145 Y130.293 E1595.94159
G0 F9000 X136.144 Y130.859
G1 F1500 X135.439 Y131.565 E1595.97477
G0 F9000 X135.54 Y132.029
G1 F1500 X136.144 Y131.425 E1596.00318
G0 F9000 X136.144 Y131.991
G1 F1500 X135.54 Y132.595 E1596.03159
G0 F9000 X135.54 Y133.16
G1 F1500 X136.144 Y132.556 E1596.06
G0 F9000 X136.144 Y133.122
G1 F1500 X135.54 Y133.726 E1596.08841
G0 F9000 X135.54 Y134.292
G1 F1500 X136.144 Y133.688 E1596.11682
G0 F9000 X136.144 Y134.253
G1 F1500 X135.54 Y134.857 E1596.14523
G0 F9000 X135.54 Y135.423
G1 F1500 X136.144 Y134.819 E1596.17364
G0 F9000 X136.144 Y135.385
G1 F1500 X135.681 Y135.848 E1596.19542
G0 F9000 X135.887 Y136.245
G0 X135.553 Y136.501
G0 X135.545 Y137.037
G0 X135.993 Y138.559
G0 X135.586 Y138.771
G1 F1500 X135.486 Y138.872 E1596.20015
G0 F9000 X135.781 Y139.142
G1 F1500 X135.431 Y139.492 E1596.21661
G1 F2700 E1591.21661
G0 F9000 X135.431 Y139.956
G0 X132.834 Y139.856
G0 X133.043 Y139.074
G0 X132.717 Y139.378
G1 F2700 E1596.21661
G1 F1500 X132.602 Y139.493 E1596.22202
G0 F9000 X132.27 Y139.259
G1 F1500 X132.036 Y139.493 E1596.23303
G0 F9000 X131.823 Y139.14
G1 F1500 X131.47 Y139.493 E1596.24963
G0 F9000 X131.376 Y139.021
G1 F1500 X130.905 Y139.493 E1596.27181
G0 F9000 X130.339 Y139.493
G1 F1500 X130.929 Y138.903 E1596.29956
G0 F9000 X130.532 Y138.734
G1 F1500 X129.773 Y139.493 E1596.33526
G0 F9000 X129.208 Y139.493
G1 F1500 X130.121 Y138.579 E1596.37823
G0 F9000 X129.555 Y138.579
G1 F1500 X128.642 Y139.493 E1596.4212
G0 F9000 X128.076 Y139.493
G1 F1500 X128.99 Y138.579 E1596.46419
G0 F9000 X128.424 Y138.579
G1 F1500 X127.51 Y139.493 E1596.50718
G0 F9000 X126.945 Y139.493
G1 F1500 X127.858 Y138.579 E1596.55015
G0 F9000 X127.293 Y138.579
G1 F1500 X126.378 Y139.494 E1596.59319
G0 F9000 X125.813 Y139.494
G1 F1500 X126.727 Y138.579 E1596.6362
G0 F9000 X126.161 Y138.579
G1 F1500 X125.247 Y139.494 E1596.67922
G0 F9000 X124.681 Y139.494
G1 F1500 X125.596 Y138.579 E1596.72226
G0 F9000 X125.03 Y138.579
G1 F1500 X124.116 Y139.494 E1596.76527
G0 F9000 X123.55 Y139.494
G1 F1500 X124.464 Y138.579 E1596.80829
G0 F9000 X123.899 Y138.579
G1 F1500 X122.984 Y139.494 E1596.85133
G0 F9000 X122.419 Y139.494
G1 F1500 X123.333 Y138.579 E1596.89434
G0 F9000 X122.767 Y138.579
G1 F1500 X121.853 Y139.494 E1596.93736
G0 F9000 X121.287 Y139.494
G1 F1500 X122.201 Y138.579 E1596.98037
G0 F9000 X121.636 Y138.579
G1 F1500 X120.722 Y139.494 E1597.02339
G0 F9000 X120.155 Y139.494
G1 F1500 X121.07 Y138.579 E1597.06643
G0 F9000 X120.504 Y138.579
G1 F1500 X119.589 Y139.494 E1597.10947
G0 F9000 X119.024 Y139.494
G1 F1500 X119.939 Y138.579 E1597.1525
G0 F9000 X119.373 Y138.579
G1 F1500 X118.458 Y139.494 E1597.19554
G0 F9000 X117.892 Y139.494
G1 F1500 X118.807 Y138.579 E1597.23858
G0 F9000 X118.242 Y138.579
G1 F1500 X117.327 Y139.494 E1597.28162
G0 F9000 X116.761 Y139.494
G1 F1500 X117.676 Y138.579 E1597.32466
G0 F9000 X117.11 Y138.579
G1 F1500 X116.195 Y139.494 E1597.3677
G0 F9000 X115.63 Y139.494
G1 F1500 X116.545 Y138.579 E1597.41074
G0 F9000 X115.979 Y138.579
G1 F1500 X115.064 Y139.494 E1597.45378
G0 F9000 X114.498 Y139.494
G1 F1500 X115.413 Y138.579 E1597.49682
G0 F9000 X114.848 Y138.579
G1 F1500 X113.932 Y139.495 E1597.5399
G0 F9000 X113.366 Y139.495
G1 F1500 X114.282 Y138.579 E1597.58299
G0 F9000 X113.716 Y138.579
G1 F1500 X112.801 Y139.495 E1597.62605
G0 F9000 X112.235 Y139.495
G1 F1500 X113.151 Y138.579 E1597.66914
G0 F9000 X112.585 Y138.579
G1 F1500 X111.669 Y139.495 E1597.71222
G0 F9000 X111.103 Y139.495
G1 F1500 X112.019 Y138.579 E1597.75531
G0 F9000 X111.453 Y138.579
G1 F1500 X110.538 Y139.495 E1597.79837
G0 F9000 X109.972 Y139.495
G1 F1500 X110.888 Y138.579 E1597.84145
G0 F9000 X110.322 Y138.579
G1 F1500 X109.406 Y139.495 E1597.88454
G0 F9000 X108.841 Y139.495
G1 F1500 X109.756 Y138.579 E1597.9276
G0 F9000 X109.191 Y138.579
G1 F1500 X108.275 Y139.495 E1597.97069
G0 F9000 X107.709 Y139.496
G1 F1500 X108.625 Y138.579 E1598.0138
G0 F9000 X108.059 Y138.579
G1 F1500 X107.143 Y139.496 E1598.05691
G0 F9000 X106.577 Y139.496
G1 F1500 X107.494 Y138.579 E1598.10004
G0 F9000 X106.928 Y138.579
G1 F1500 X106.012 Y139.496 E1598.14315
G0 F9000 X105.446 Y139.496
G1 F1500 X106.362 Y138.579 E1598.18626
G0 F9000 X105.797 Y138.579
G1 F1500 X104.88 Y139.496 E1598.22939
G0 F9000 X104.315 Y139.496
G1 F1500 X105.231 Y138.579 E1598.2725
G0 F9000 X104.665 Y138.579
G1 F1500 X103.749 Y139.496 E1598.31561
G0 F9000 X103.672 Y139.007
G1 F1500 X103.183 Y139.496 E1598.33861
G0 F9000 X102.902 Y139.211
G1 F1500 X102.617 Y139.496 E1598.35202
G0 F9000 X102.132 Y139.415
G1 F1500 X102.052 Y139.496 E1598.3558
G1 F2700 E1593.3558
G0 F9000 X102.052 Y139.956
G0 X100.656 Y139.856
G0 X100.668 Y139.417
G0 X99.846 Y139.439
G1 F2700 E1598.3558
G1 F1500 X99.789 Y139.496 E1598.35848
G0 F9000 X99.572 Y139.147
G1 F1500 X99.223 Y139.496 E1598.3749
G0 F9000 X99.223 Y139.956
G0 X98.459 Y139.884
G0 X99.457 Y137.163
G0 X99.447 Y136.501
G0 X98.983 Y136.236
G0 X98.984 Y135.776
G1 F1500 X99.456 Y135.303 E1598.39713
G0 F9000 X99.456 Y134.738
G1 F1500 X98.852 Y135.342 E1598.42554
G0 F9000 X98.852 Y134.776
G1 F1500 X99.456 Y134.172 E1598.45395
G0 F9000 X99.456 Y133.606
G1 F1500 X98.852 Y134.21 E1598.48236
G0 F9000 X98.852 Y133.645
G1 F1500 X99.456 Y133.041 E1598.51077
G0 F9000 X99.456 Y132.475
G1 F1500 X98.852 Y133.079 E1598.53918
G0 F9000 X98.852 Y132.513
G1 F1500 X99.474 Y131.892 E1598.56841
G0 F9000 X98.852 Y131.948
G1 F1500 X102.817 Y127.983 E1598.75491
G0 F9000 X102.715 Y128.65
G1 F1500 X100.504 Y130.861 E1598.85891
G0 F9000 X101.019 Y130.912
G1 F1500 X102.7 Y129.231 E1598.93798
G0 F9000 X102.7 Y129.797
G1 F1500 X101.464 Y131.033 E1598.99612
G0 F9000 X101.91 Y131.152
G1 F1500 X102.7 Y130.362 E1599.03328
G0 F9000 X102.7 Y130.928
G1 F1500 X102.357 Y131.272 E1599.04943
G1 F2700 E1594.04943
G0 F9000 X102.239 Y131.714
G0 X100.789 Y131.59
G0 X100.24 Y131.6
G0 X99.897 Y131.776
G0 X98.473 Y131.774
G0 X98.852 Y131.382
G1 F2700 E1599.04943
G1 F1500 X103.107 Y127.127 E1599.24958
G0 F9000 X103.524 Y127.322
G0 X104.644 Y126.261
G0 X105.133 Y125.917
G0 X105.679 Y125.662
G0 X106.203 Y125.521
G0 X112.276 Y125.204
G0 X112.277 Y124.745
G1 F1500 X125.989 Y111.033 E1599.89455
G0 F9000 X125.93 Y111.658
G1 F1500 X112.843 Y124.745 E1600.51012
G0 F9000 X113.409 Y124.745
G1 F1500 X125.929 Y112.224 E1601.09904
G0 F9000 X126.081 Y112.639
G1 F1500 X113.974 Y124.745 E1601.6685
G0 F9000 X114.54 Y124.745
G1 F1500 X126.335 Y112.95 E1602.2233
G0 F9000 X126.022 Y113.829
G1 F1500 X115.106 Y124.745 E1602.73675
G0 F9000 X115.671 Y124.745
G1 F1500 X125.917 Y114.499 E1603.21869
G0 F9000 X125.916 Y115.066
G1 F1500 X116.237 Y124.745 E1603.67396
G0 F9000 X116.803 Y124.745
G1 F1500 X126.025 Y115.523 E1604.10774
G0 F9000 X126.255 Y115.859
G1 F1500 X117.368 Y124.745 E1604.52573
G0 F9000 X117.934 Y124.745
G1 F1500 X126.587 Y116.092 E1604.93274
G0 F9000 X127.047 Y116.198
G1 F1500 X118.5 Y124.745 E1605.33477
G0 F9000 X119.065 Y124.745
G1 F1500 X127.612 Y116.198 E1605.73679
G0 F9000 X128.178 Y116.198
G1 F1500 X119.631 Y124.745 E1606.13882
G0 F9000 X120.197 Y124.745
G1 F1500 X128.744 Y116.198 E1606.54084
G0 F9000 X129.309 Y116.198
G1 F1500 X120.763 Y124.745 E1606.94284
G0 F9000 X121.328 Y124.745
G1 F1500 X129.875 Y116.198 E1607.34487
G0 F9000 X130.441 Y116.198
G1 F1500 X121.894 Y124.745 E1607.74689
G0 F9000 X122.46 Y124.745
G1 F1500 X131.006 Y116.198 E1608.14889
G0 F9000 X131.572 Y116.198
G1 F1500 X123.025 Y124.745 E1608.55092
G0 F9000 X123.591 Y124.745
G1 F1500 X132.198 Y116.138 E1608.95577
G1 F2700 E1603.95577
G0 F9000 X132.06 Y115.713
G0 X132.266 Y115.506
G0 X132.509 Y113.892
G0 X133.26 Y113.706
G0 X135.459 Y108.917
G1 F2700 E1608.95577
G1 F1500 X138.238 Y106.138 E1609.08648
G0 F9000 X138.708 Y106.234
G1 F1500 X136.313 Y108.629 E1609.19913
G0 F9000 X136.979 Y108.529
G1 F1500 X139.172 Y106.335 E1609.30231
G0 F9000 X139.594 Y106.479
G1 F1500 X137.549 Y108.524 E1609.3985
G0 F9000 X138.068 Y108.571
G1 F1500 X140.009 Y106.63 E1609.4898
G0 F9000 X140.388 Y106.817
G1 F1500 X138.521 Y108.684 E1609.57762
G0 F9000 X138.948 Y108.822
G1 F1500 X140.765 Y107.005 E1609.66308
G0 F9000 X141.103 Y107.233
G1 F1500 X139.335 Y109.001 E1609.74624
G0 F9000 X139.695 Y109.207
G1 F1500 X141.44 Y107.461 E1609.82835
G0 F9000 X141.75 Y107.717
G1 F1500 X140.026 Y109.441 E1609.90944
G0 F9000 X140.335 Y109.698
G1 F1500 X142.054 Y107.979 E1609.9903
G0 F9000 X142.335 Y108.264
G1 F1500 X140.618 Y109.981 E1610.07106
G0 F9000 X140.872 Y110.292
G1 F1500 X142.598 Y108.566 E1610.15224
G0 F9000 X142.851 Y108.879
G1 F1500 X141.107 Y110.623 E1610.23428
G0 F9000 X141.305 Y110.991
G1 F1500 X143.078 Y109.218 E1610.31767
G0 F9000 X143.302 Y109.56
G1 F1500 X141.487 Y111.374 E1610.40302
G0 F9000 X141.619 Y111.808
G1 F1500 X143.489 Y109.938 E1610.49098
G0 F9000 X143.676 Y110.316
G1 F1500 X141.725 Y112.267 E1610.58275
G0 F9000 X141.775 Y112.784
G1 F1500 X143.823 Y110.735 E1610.6791
G0 F9000 X143.967 Y111.157
G1 F1500 X141.755 Y113.369 E1610.78315
G0 F9000 X141.652 Y114.038
G1 F1500 X144.066 Y111.624 E1610.8967
G0 F9000 X144.159 Y112.097
G1 F1500 X141.333 Y114.923 E1611.02962
G1 F2700 E1606.02962
G0 F9000 X140.92 Y114.732
G0 X139.734 Y115.886
G0 X139.194 Y116.264
G0 X138.597 Y116.542
G0 X137.963 Y116.712
G0 X137.307 Y116.772
G0 X136.65 Y116.713
G0 X136.015 Y116.543
G0 X135.418 Y116.265
G0 X134.878 Y115.887
G0 X134.412 Y115.42
G0 X134.036 Y114.881
G0 X133.81 Y114.399
G0 X133.259 Y112.277
G0 X110.896 Y105.712
G0 X106.062 Y106.07
G1 F2700 E1611.02962
G1 F1500 X101.502 Y110.63 E1611.24411
G0 F9000 X101.268 Y110.298
G1 F1500 X105.497 Y106.07 E1611.44301
G0 F9000 X104.931 Y106.07
G1 F1500 X101.014 Y109.986 E1611.62723
G0 F9000 X100.73 Y109.705
G1 F1500 X104.365 Y106.07 E1611.79821
G0 F9000 X103.799 Y106.07
G1 F1500 X100.428 Y109.441 E1611.95677
G0 F9000 X100.095 Y109.208
G1 F1500 X103.233 Y106.07 E1612.10437
G0 F9000 X102.668 Y106.07
G1 F1500 X99.732 Y109.006 E1612.24247
G0 F9000 X99.349 Y108.823
G1 F1500 X102.102 Y106.07 E1612.37196
G0 F9000 X101.536 Y106.07
G1 F1500 X98.916 Y108.69 E1612.4952
G0 F9000 X98.469 Y108.572
G1 F1500 X100.97 Y106.071 E1612.61284
G0 F9000 X100.404 Y106.071
G1 F1500 X97.951 Y108.525 E1612.72824
G0 F9000 X97.383 Y108.527
G1 F1500 X99.839 Y106.071 E1612.84377
G0 F9000 X99.273 Y106.071
G1 F1500 X96.727 Y108.617 E1612.96352
G0 F9000 X95.871 Y108.907
G1 F1500 X98.707 Y106.071 E1613.09692
G0 F9000 X98.707 Y105.612
G0 X111.334 Y105.353
G0 X111.339 Y98.979
G0 X111.897 Y97.948
G0 X111.941 Y96.935
G1 F1217 X111.902 Y95.599 E1613.15171
G1 X111.902 Y95.346 E1613.16208
G1 X112.486 Y95.346 E1613.18602
G1 X112.387 Y95.656 E1613.19936
G1 X111.941 Y96.935 E1613.25489
G0 F9000 X111.897 Y97.948
G0 X112.287 Y98.523
G0 X122.713 Y98.523
G0 X123.09 Y97.929
G0 X123.052 Y96.927
G1 F1217 X122.509 Y95.346 E1613.32341
G1 X123.106 Y95.346 E1613.34789
G1 X123.052 Y96.927 E1613.41274
G1 F2700 E1608.41274
G0 F9000 X123.09 Y97.929
G0 X123.668 Y99.304
G0 X123.666 Y105.353
G0 X129.47 Y105.693
G0 X129.47 Y112.518
G0 X129.468 Y112.688
;TYPE:WALL-INNER
G1 F2700 E1613.41274
G1 F1500 X129.468 Y113.708 E1613.44666
G0 F9000 X129.068 Y114.108
;TYPE:WALL-OUTER
G1 F1500 X129.868 Y114.108 E1613.47327
G1 X129.868 Y112.288 E1613.5338
G1 X129.068 Y112.288 E1613.56041
G1 X129.068 Y114.108 E1613.62094
;TIME_ELAPSED:2569.944961
G1 F2700 E1608.62094
M140 S0
M107
G91 ;Relative positioning
G1 E-2 F2700 ;Retract a bit
G1 E-2 Z0.2 F2400 ;Retract and raise Z
G1 X5 Y5 F3000 ;Wipe out
G1 Z10 ;Raise Z more
G90 ;Absolute positioning

G1 X0 Y235 ;Present print
M106 S0 ;Turn-off fan
M104 S0 ;Turn-off hotend
M140 S0 ;Turn-off bed

M84 X Y E ;Disable all steppers but Z

M82 ;absolute extrusion mode
M104 S0
;End of Gcode
;SETTING_3 {"global_quality": "[general]\\nversion = 4\\nname = Standard Quality
;SETTING_3  #2\\ndefinition = creality_ender3\\n\\n[metadata]\\ntype = quality_c
;SETTING_3 hanges\\nquality_type = standard\\nsetting_version = 25\\n\\n[values]
;SETTING_3 \\nadhesion_type = brim\\nsupport_enable = True\\nsupport_structure =
;SETTING_3  tree\\n\\n", "extruder_quality": ["[general]\\nversion = 4\\nname = 
;SETTING_3 Standard Quality #2\\ndefinition = creality_ender3\\n\\n[metadata]\\n
;SETTING_3 type = quality_changes\\nquality_type = standard\\nsetting_version = 
;SETTING_3 25\\nposition = 0\\n\\n[values]\\ninfill_pattern = grid\\ninfill_spar
;SETTING_3 se_density = 20\\nsupport_type = buildplate\\n\\n"]}
