;FLAVOR:Marlin
;TIME:772
;Filament used: 0.419239m
;Layer height: 0.2
;MINX:91.176
;MINY:99.829
;MINZ:0.2
;MAXX:143.824
;MAXY:135.233
;MAXZ:1.8
;TARGET_MACHINE.NAME:Creality Ender-3
;Generated with Cura_SteamEngine 5.10.2
M140 S50
M105
M190 S50
M104 S200
M105
M109 S200
; Ender 3 Custom Start G-code
G92 E0 ; Reset Extruder
G28 ; Home all axes
G1 Z2.0 F3000 ; Move Z Axis up little to prevent scratching of Heat Bed
G1 X0.1 Y20 Z0.3 F5000.0 ; Move to start position
G1 X0.1 Y200.0 Z0.3 F1500.0 E15 ; Draw the first line
G1 X0.4 Y200.0 Z0.3 F5000.0 ; Move to side a little
G1 X0.4 Y20 Z0.3 F1500.0 E30 ; Draw the second line
G92 E0 ; Reset Extruder
G1 Z2.0 F3000 ; Move Z Axis up little to prevent scratching of Heat Bed
G1 X5 Y20 Z0.3 F5000.0 ; Move over to prevent blob squish
M82 ;absolute extrusion mode
G92 E0
G92 E0
G1 F2700 E-5
;LAYER_COUNT:9
;LAYER:0
M107
G0 F6000 X93.806 Y104.532 Z0.2
;TYPE:SKIRT
G1 F2700 E0
G1 F1200 X95.741 Y103.158 E0.07893
G1 X98.15 Y101.835 E0.17034
G1 X100.279 Y100.978 E0.24668
G1 X103.087 Y100.233 E0.3433
G1 X106.58 Y99.829 E0.46025
G1 X108.557 Y99.857 E0.52602
G1 X111.742 Y100.296 E0.63295
G1 X114.756 Y101.16 E0.73724
G1 X116.771 Y102.027 E0.8102
G1 X117.5 Y102.447 E0.83818
G1 X118.667 Y101.814 E0.88233
G1 X120.75 Y100.978 E0.95699
G1 X123.559 Y100.233 E1.05365
G1 X127.051 Y99.829 E1.17056
G1 X129.029 Y99.857 E1.23636
G1 X132.158 Y100.285 E1.3414
G1 X135.323 Y101.194 E1.45092
G1 X137.116 Y101.964 E1.51583
G1 X139.967 Y103.632 E1.62569
G1 X141.796 Y105.017 E1.70199
G1 X142.96 Y106.902 E1.77568
G1 X143.551 Y108.161 E1.82194
G1 X143.78 Y109.786 E1.87652
G1 X143.824 Y118.355 E2.16153
G1 X143.756 Y119.684 E2.20579
G1 X143.539 Y121.315 E2.26051
G1 X143.182 Y122.958 E2.31644
G1 X142.775 Y124.277 E2.36235
G1 X142.086 Y125.994 E2.42388
G1 X141.642 Y126.892 E2.4572
G1 X140.519 Y128.749 E2.52938
G1 X139.787 Y129.747 E2.57054
G1 X138.864 Y130.827 E2.6178
G1 X137.463 Y132.212 E2.68332
G1 X136.605 Y132.927 E2.72047
G1 X134.819 Y134.211 E2.79363
G1 X132.748 Y135.04 E2.86782
G1 X130.104 Y135.2 E2.95592
G1 X127.951 Y134.571 E3.03053
G1 X127.588 Y134.41 E3.04373
G1 X126.77 Y134.777 E3.07355
G1 X125.488 Y135.071 E3.1173
G1 X123.486 Y135.065 E3.18389
G1 X122.568 Y134.95 E3.21466
G1 X120.567 Y134.158 E3.28624
G1 X119.005 Y133.035 E3.35022
G1 X117.85 Y132.064 E3.40041
G1 X117.5 Y131.714 E3.41687
G1 X117.043 Y132.166 E3.43825
G1 X116.109 Y132.946 E3.47872
G1 X114.207 Y134.314 E3.55665
G1 X112.306 Y134.993 E3.62379
G1 X110.177 Y135.233 E3.69505
G1 X107.771 Y134.75 E3.77667
G1 X107.143 Y134.398 E3.80061
G1 X106.299 Y134.777 E3.83138
G1 X105.033 Y135.065 E3.87457
G1 X103.246 Y135.082 E3.934
G1 X102.136 Y134.96 E3.97115
G1 X100.092 Y134.155 E4.04421
G1 X98.505 Y133.013 E4.10924
G1 X97.316 Y132.007 E4.16104
G1 X95.971 Y130.649 E4.22461
G1 X95.198 Y129.727 E4.26463
G1 X94.072 Y128.126 E4.32973
G1 X93.512 Y127.176 E4.36641
G1 X92.649 Y125.388 E4.43245
G1 X92.291 Y124.47 E4.46522
G1 X91.674 Y122.409 E4.53677
G1 X91.479 Y121.478 E4.56841
G1 X91.214 Y119.331 E4.64036
G1 X91.176 Y118.414 E4.67089
G1 X91.176 Y109.154 E4.97888
G1 X91.994 Y106.909 E5.05835
G1 X92.465 Y106.028 E5.09157
G1 X93.806 Y104.532 E5.1584
G0 F6000 X94.074 Y104.832
G1 F1200 X95.934 Y103.509 E5.23431
G1 X98.343 Y102.186 E5.32572
G1 X100.382 Y101.365 E5.39883
G1 X103.19 Y100.62 E5.49546
G1 X106.574 Y100.229 E5.60876
G1 X108.551 Y100.257 E5.67452
G1 X111.632 Y100.681 E5.77796
G1 X114.646 Y101.545 E5.88224
G1 X116.571 Y102.374 E5.95196
G1 X117.494 Y102.906 E5.98739
G1 X118.858 Y102.166 E6.039
G1 X120.853 Y101.365 E6.1105
G1 X123.662 Y100.62 E6.20716
G1 X127.045 Y100.229 E6.32043
G1 X129.023 Y100.257 E6.38623
G1 X132.103 Y100.681 E6.48963
G1 X135.165 Y101.562 E6.59561
G1 X136.958 Y102.332 E6.66051
G1 X139.726 Y103.951 E6.76716
G1 X141.494 Y105.29 E6.84093
G1 X142.598 Y107.072 E6.91065
G1 X143.163 Y108.276 E6.95489
G1 X143.38 Y109.788 E7.00569
G1 X143.424 Y118.357 E7.2907
G1 X143.359 Y119.631 E7.33313
G1 X143.142 Y121.262 E7.38786
G1 X142.8 Y122.84 E7.44156
G1 X142.404 Y124.128 E7.48638
G1 X141.727 Y125.817 E7.5469
G1 X141.283 Y126.715 E7.58022
G1 X140.196 Y128.512 E7.65007
G1 X139.464 Y129.51 E7.69123
G1 X138.56 Y130.567 E7.73749
G1 X137.207 Y131.905 E7.80078
G1 X136.372 Y132.602 E7.83696
G1 X134.625 Y133.858 E7.90852
G1 X132.659 Y134.645 E7.97896
G1 X130.15 Y134.797 E8.06256
G1 X128.113 Y134.205 E8.13311
G1 X127.587 Y133.972 E8.15225
G1 X126.642 Y134.396 E8.1867
G1 X125.443 Y134.671 E8.22761
G1 X123.536 Y134.668 E8.29104
G1 X122.668 Y134.559 E8.32014
G1 X120.762 Y133.805 E8.38831
G1 X119.239 Y132.71 E8.4507
G1 X118.108 Y131.758 E8.49987
G1 X117.502 Y131.15 E8.52842
G1 X116.786 Y131.859 E8.56193
G1 X115.875 Y132.621 E8.60144
G1 X114.019 Y133.956 E8.67748
G1 X112.211 Y134.602 E8.74133
G1 X110.195 Y134.829 E8.80881
G1 X107.911 Y134.37 E8.8863
G1 X107.162 Y133.951 E8.91484
G1 X106.171 Y134.396 E8.95097
G1 X104.986 Y134.665 E8.99139
G1 X103.29 Y134.684 E9.0478
G1 X102.231 Y134.568 E9.08323
G1 X100.287 Y133.802 E9.15273
G1 X98.739 Y132.688 E9.21616
G1 X97.575 Y131.702 E9.2669
G1 X96.278 Y130.392 E9.32821
G1 X95.505 Y129.47 E9.36823
G1 X94.417 Y127.923 E9.43114
G1 X93.857 Y126.973 E9.46781
G1 X93.022 Y125.243 E9.53171
G1 X92.664 Y124.325 E9.56448
G1 X92.066 Y122.327 E9.63384
G1 X91.871 Y121.396 E9.66548
G1 X91.614 Y119.314 E9.73525
G1 X91.576 Y118.397 E9.76578
G1 X91.576 Y109.224 E10.07088
G1 X92.347 Y107.098 E10.14609
G1 X92.796 Y106.258 E10.17777
G1 X94.074 Y104.832 E10.24146
G0 F6000 X94.342 Y105.132
G1 F1200 X96.127 Y103.86 E10.31436
G1 X98.536 Y102.537 E10.40577
G1 X100.485 Y101.752 E10.47566
G1 X103.293 Y101.007 E10.57228
G1 X106.568 Y100.629 E10.68193
G1 X108.545 Y100.657 E10.7477
G1 X111.522 Y101.066 E10.84764
G1 X114.536 Y101.93 E10.95193
G1 X116.371 Y102.721 E11.01839
G1 X117.488 Y103.364 E11.06125
G1 X119.007 Y102.537 E11.11878
G1 X120.956 Y101.752 E11.18866
G1 X123.765 Y101.007 E11.28532
G1 X127.039 Y100.629 E11.39494
G1 X129.017 Y100.657 E11.46073
G1 X131.993 Y101.066 E11.56065
G1 X135.007 Y101.93 E11.66493
G1 X136.8 Y102.7 E11.72983
G1 X139.485 Y104.27 E11.83328
G1 X141.193 Y105.563 E11.90453
G1 X142.258 Y107.283 E11.97182
G1 X142.775 Y108.39 E12.01245
G1 X142.98 Y109.79 E12.05951
G1 X143.024 Y118.359 E12.34452
G1 X142.962 Y119.578 E12.38512
G1 X142.745 Y121.209 E12.43985
G1 X142.409 Y122.755 E12.49247
G1 X142.033 Y123.979 E12.53506
G1 X141.368 Y125.64 E12.59456
G1 X140.924 Y126.538 E12.62788
G1 X139.873 Y128.275 E12.69541
G1 X139.141 Y129.273 E12.73657
G1 X138.256 Y130.307 E12.78184
G1 X136.951 Y131.598 E12.8429
G1 X136.138 Y132.277 E12.87813
G1 X134.429 Y133.506 E12.94814
G1 X132.57 Y134.25 E13.01474
G1 X130.195 Y134.394 E13.09388
G1 X128.275 Y133.839 E13.16035
G1 X127.586 Y133.534 E13.18541
G1 X126.514 Y134.015 E13.22449
G1 X125.398 Y134.271 E13.26257
G1 X123.586 Y134.271 E13.32284
G1 X122.768 Y134.168 E13.35026
G1 X120.957 Y133.452 E13.41503
G1 X119.473 Y132.385 E13.47582
G1 X118.366 Y131.452 E13.52398
G1 X117.503 Y130.585 E13.56466
G1 X116.504 Y131.575 E13.61144
G1 X115.641 Y132.296 E13.64884
G1 X113.831 Y133.598 E13.723
G1 X112.116 Y134.211 E13.78358
G1 X110.214 Y134.425 E13.84724
G1 X108.053 Y133.991 E13.92055
G1 X107.182 Y133.503 E13.95376
G1 X106.042 Y134.015 E13.99532
G1 X104.94 Y134.265 E14.0329
G1 X103.334 Y134.286 E14.08632
G1 X102.325 Y134.175 E14.12009
G1 X100.483 Y133.45 E14.18593
G1 X98.973 Y132.363 E14.24781
G1 X97.834 Y131.397 E14.29748
G1 X96.585 Y130.135 E14.35654
G1 X95.812 Y129.213 E14.39656
G1 X94.762 Y127.72 E14.45726
G1 X94.202 Y126.77 E14.49394
G1 X93.395 Y125.098 E14.55569
G1 X93.037 Y124.18 E14.58846
G1 X92.458 Y122.245 E14.65564
G1 X92.263 Y121.314 E14.68728
G1 X92.014 Y119.297 E14.75487
G1 X91.976 Y118.38 E14.7854
G1 X91.976 Y109.294 E15.0876
G1 X92.7 Y107.287 E15.15856
G1 X93.127 Y106.488 E15.1887
G1 X94.342 Y105.132 E15.24925
G0 F6000 X94.611 Y105.431
G1 F1200 X96.32 Y104.21 E15.31911
G1 X98.686 Y102.908 E15.40893
G1 X100.588 Y102.139 E15.47717
G1 X103.396 Y101.394 E15.57379
G1 X106.562 Y101.029 E15.67979
G1 X108.539 Y101.057 E15.74556
G1 X111.467 Y101.462 E15.84387
G1 X114.378 Y102.298 E15.9446
G1 X116.171 Y103.068 E16.0095
G1 X117.483 Y103.823 E16.05985
G1 X119.157 Y102.908 E16.1233
G1 X121.059 Y102.139 E16.19154
G1 X123.868 Y101.394 E16.2882
G1 X127.033 Y101.029 E16.39416
G1 X129.011 Y101.057 E16.45996
G1 X131.938 Y101.462 E16.55824
G1 X134.849 Y102.298 E16.65897
G1 X136.642 Y103.068 E16.72387
G1 X139.243 Y104.589 E16.82409
G1 X140.892 Y105.838 E16.89289
G1 X141.918 Y107.494 E16.95768
G1 X142.387 Y108.505 E16.99475
G1 X142.584 Y109.848 E17.0399
G1 X142.624 Y118.361 E17.32305
G1 X142.565 Y119.526 E17.36184
G1 X142.354 Y121.124 E17.41545
G1 X142.018 Y122.67 E17.46808
G1 X141.662 Y123.83 E17.50843
G1 X141.009 Y125.463 E17.56693
G1 X140.565 Y126.361 E17.60025
G1 X139.55 Y128.038 E17.66545
G1 X138.818 Y129.036 E17.70661
G1 X137.974 Y130.023 E17.7498
G1 X136.694 Y131.291 E17.80973
G1 X135.904 Y131.952 E17.84399
G1 X134.233 Y133.154 E17.91245
G1 X132.481 Y133.855 E17.97522
G1 X130.24 Y133.991 E18.04989
G1 X128.435 Y133.472 E18.11236
G1 X127.783 Y133.188 E18.13601
G1 X127.62 Y133.08 E18.14251
G1 X126.386 Y133.634 E18.1875
G1 X125.353 Y133.871 E18.22275
G1 X123.636 Y133.874 E18.27986
G1 X122.868 Y133.777 E18.30561
G1 X121.152 Y133.099 E18.36697
G1 X119.707 Y132.06 E18.42617
G1 X118.649 Y131.17 E18.47215
G1 X117.504 Y130.02 E18.52613
G1 X116.247 Y131.268 E18.58504
G1 X115.407 Y131.971 E18.62147
G1 X113.643 Y133.24 E18.69375
G1 X112.021 Y133.82 E18.75104
G1 X110.232 Y134.021 E18.81092
G1 X108.195 Y133.612 E18.88002
G1 X107.202 Y133.055 E18.91789
G1 X105.914 Y133.634 E18.96486
G1 X104.893 Y133.866 E18.99968
G1 X103.329 Y133.886 E19.05171
G1 X102.423 Y133.784 E19.08203
G1 X100.678 Y133.097 E19.14441
G1 X99.207 Y132.038 E19.20469
G1 X98.093 Y131.092 E19.2533
G1 X96.892 Y129.878 E19.3101
G1 X96.119 Y128.956 E19.35012
G1 X95.107 Y127.517 E19.40863
G1 X94.547 Y126.567 E19.44531
G1 X93.768 Y124.953 E19.50491
G1 X93.41 Y124.035 E19.53769
G1 X92.85 Y122.163 E19.60268
G1 X92.655 Y121.232 E19.63431
G1 X92.414 Y119.28 E19.69973
G1 X92.376 Y118.363 E19.73025
G1 X92.376 Y109.365 E20.02953
G1 X93.053 Y107.476 E20.09627
G1 X93.458 Y106.718 E20.12486
G1 X94.611 Y105.431 E20.18233
G0 F6000 X94.88 Y105.73
G1 F1200 X96.513 Y104.56 E20.24914
G1 X98.837 Y103.279 E20.3374
G1 X100.691 Y102.526 E20.40396
G1 X103.499 Y101.781 E20.50059
G1 X106.556 Y101.429 E20.60293
G1 X108.533 Y101.457 E20.6687
G1 X111.412 Y101.858 E20.76538
G1 X114.22 Y102.666 E20.86256
G1 X116.013 Y103.436 E20.92746
G1 X117.478 Y104.282 E20.98373
G1 X119.308 Y103.279 E21.05314
G1 X121.162 Y102.526 E21.11969
G1 X123.971 Y101.781 E21.21635
G1 X127.027 Y101.429 E21.31867
G1 X129.005 Y101.457 E21.38446
G1 X131.883 Y101.858 E21.48111
G1 X134.691 Y102.666 E21.57829
G1 X136.484 Y103.436 E21.64319
G1 X139.002 Y104.908 E21.7402
G1 X140.591 Y106.111 E21.80649
G1 X141.578 Y107.705 E21.86885
G1 X141.999 Y108.618 E21.90229
G1 X142.188 Y109.906 E21.94559
G1 X142.224 Y118.363 E22.22687
G1 X142.168 Y119.474 E22.26387
G1 X141.963 Y121.039 E22.31637
G1 X141.627 Y122.585 E22.36899
G1 X141.291 Y123.682 E22.40715
G1 X140.65 Y125.286 E22.4646
G1 X140.206 Y126.184 E22.49792
G1 X139.227 Y127.801 E22.56079
G1 X138.495 Y128.799 E22.60195
G1 X137.67 Y129.763 E22.64415
G1 X136.437 Y130.984 E22.70187
G1 X135.647 Y131.645 E22.73613
G1 X134.039 Y132.801 E22.802
G1 X132.392 Y133.46 E22.861
G1 X130.286 Y133.588 E22.93117
G1 X128.595 Y133.105 E22.98967
G1 X127.943 Y132.821 E23.01332
G1 X127.666 Y132.621 E23.02468
G1 X126.258 Y133.253 E23.07602
G1 X125.307 Y133.471 E23.10847
G1 X123.686 Y133.477 E23.16238
G1 X122.968 Y133.386 E23.18645
G1 X121.347 Y132.746 E23.24442
G1 X119.941 Y131.735 E23.30202
G1 X118.933 Y130.888 E23.34581
G1 X117.481 Y129.429 E23.41427
G1 X117.181 Y129.782 E23.42968
G1 X115.99 Y130.961 E23.48542
G1 X115.173 Y131.646 E23.52088
G1 X113.455 Y132.882 E23.59127
G1 X111.93 Y133.427 E23.64513
G1 X110.247 Y133.616 E23.70146
G1 X108.337 Y133.233 E23.76625
G1 X107.222 Y132.607 E23.80878
G1 X105.786 Y133.253 E23.86116
G1 X104.846 Y133.467 E23.89322
G1 X103.374 Y133.488 E23.94218
G1 X102.518 Y133.392 E23.97083
G1 X100.873 Y132.744 E24.02964
G1 X99.441 Y131.713 E24.08833
G1 X98.377 Y130.81 E24.13474
G1 X97.199 Y129.621 E24.19041
G1 X96.426 Y128.699 E24.23043
G1 X95.452 Y127.314 E24.28674
G1 X94.892 Y126.364 E24.32342
G1 X94.141 Y124.808 E24.38089
G1 X93.783 Y123.89 E24.41366
G1 X93.242 Y122.081 E24.47646
G1 X93.047 Y121.15 E24.5081
G1 X92.814 Y119.263 E24.57134
G1 X92.776 Y118.346 E24.60186
G1 X92.776 Y109.436 E24.89821
G1 X93.43 Y107.611 E24.96269
G1 X93.788 Y106.949 E24.98772
G1 X94.88 Y105.73 E25.04215
G0 F6000 X95.149 Y106.029
G1 F1200 X96.706 Y104.91 E25.10593
G1 X98.988 Y103.65 E25.19263
G1 X100.842 Y102.897 E25.25918
G1 X103.601 Y102.168 E25.3541
G1 X106.55 Y101.829 E25.45283
G1 X108.527 Y101.857 E25.51859
G1 X111.302 Y102.243 E25.61178
G1 X114.062 Y103.034 E25.70727
G1 X115.855 Y103.804 E25.77217
G1 X117.474 Y104.741 E25.83439
G1 X119.459 Y103.65 E25.90972
G1 X121.313 Y102.897 E25.97628
G1 X124.073 Y102.168 E26.07123
G1 X127.021 Y101.829 E26.16992
G1 X128.999 Y101.857 E26.23572
G1 X131.773 Y102.243 E26.32887
G1 X134.533 Y103.034 E26.42436
G1 X136.326 Y103.804 E26.48927
G1 X138.76 Y105.227 E26.58304
G1 X140.29 Y106.386 E26.64688
G1 X141.238 Y107.916 E26.70675
G1 X141.611 Y108.733 E26.73662
G1 X141.792 Y109.964 E26.778
G1 X141.824 Y118.343 E27.05669
G1 X141.771 Y119.422 E27.09262
G1 X141.572 Y120.954 E27.144
G1 X141.236 Y122.5 E27.19662
G1 X140.919 Y123.534 E27.23259
G1 X140.291 Y125.109 E27.28899
G1 X139.847 Y126.007 E27.32231
G1 X138.904 Y127.564 E27.38285
G1 X138.172 Y128.562 E27.42402
G1 X137.366 Y129.503 E27.46523
G1 X136.18 Y130.677 E27.52073
G1 X135.413 Y131.32 E27.55402
G1 X133.843 Y132.449 E27.61834
G1 X132.303 Y133.065 E27.6735
G1 X130.332 Y133.185 E27.73918
G1 X128.705 Y132.72 E27.79546
G1 X128.104 Y132.455 E27.81731
G1 X127.681 Y132.127 E27.83511
G1 X127.516 Y132.25 E27.84196
G1 X126.13 Y132.872 E27.89249
G1 X125.261 Y133.071 E27.92214
G1 X123.736 Y133.08 E27.97286
G1 X123.068 Y132.995 E27.99526
G1 X121.542 Y132.393 E28.04982
G1 X120.175 Y131.41 E28.10582
G1 X119.191 Y130.582 E28.14859
G1 X117.961 Y129.347 E28.20657
G1 X117.496 Y128.794 E28.2306
G1 X116.876 Y129.523 E28.26243
G1 X115.733 Y130.654 E28.31591
G1 X114.916 Y131.339 E28.35137
G1 X113.269 Y132.523 E28.41883
G1 X111.839 Y133.034 E28.46934
G1 X110.262 Y133.211 E28.52212
G1 X108.479 Y132.854 E28.5826
G1 X107.198 Y132.134 E28.63148
G1 X107.046 Y132.249 E28.63782
G1 X105.658 Y132.872 E28.68842
G1 X104.798 Y133.068 E28.71776
G1 X103.418 Y133.09 E28.76366
G1 X102.614 Y133 E28.79057
G1 X101.068 Y132.391 E28.84583
G1 X99.675 Y131.388 E28.90293
G1 X98.636 Y130.505 E28.94828
G1 X97.506 Y129.364 E29.00169
G1 X96.733 Y128.442 E29.04171
G1 X95.797 Y127.111 E29.09583
G1 X95.237 Y126.161 E29.1325
G1 X94.514 Y124.663 E29.18783
G1 X94.156 Y123.745 E29.2206
G1 X93.634 Y121.999 E29.28121
G1 X93.439 Y121.068 E29.31285
G1 X93.214 Y119.246 E29.37391
G1 X93.176 Y118.329 E29.40443
G1 X93.176 Y109.507 E29.69786
G1 X93.807 Y107.746 E29.76007
G1 X94.117 Y107.181 E29.78151
G1 X95.149 Y106.029 E29.83295
G0 F6000 X95.417 Y106.33
G1 F1200 X96.94 Y105.235 E29.89534
G1 X99.139 Y104.021 E29.97888
G1 X100.993 Y103.268 E30.04544
G1 X103.703 Y102.555 E30.13864
G1 X106.544 Y102.229 E30.23375
G1 X108.521 Y102.257 E30.29952
G1 X111.246 Y102.639 E30.39104
G1 X113.904 Y103.402 E30.48301
G1 X115.697 Y104.172 E30.54791
G1 X117.468 Y105.2 E30.61602
G1 X119.61 Y104.021 E30.69734
G1 X121.464 Y103.268 E30.7639
G1 X124.175 Y102.555 E30.85713
G1 X127.015 Y102.229 E30.95221
G1 X128.993 Y102.257 E31.01801
G1 X131.717 Y102.639 E31.1095
G1 X134.375 Y103.402 E31.20147
G1 X136.168 Y104.172 E31.26637
G1 X138.518 Y105.546 E31.35691
G1 X139.989 Y106.661 E31.41831
G1 X140.898 Y108.127 E31.47568
G1 X141.223 Y108.845 E31.50189
G1 X141.396 Y110.022 E31.54146
G1 X141.424 Y118.324 E31.81759
G1 X141.374 Y119.371 E31.85245
G1 X141.181 Y120.87 E31.90272
G1 X140.854 Y122.383 E31.9542
G1 X140.547 Y123.386 E31.98909
G1 X139.932 Y124.932 E32.04443
G1 X139.488 Y125.83 E32.07775
G1 X138.581 Y127.327 E32.13597
G1 X137.849 Y128.325 E32.17713
G1 X137.062 Y129.243 E32.21735
G1 X135.923 Y130.37 E32.27064
G1 X135.156 Y131.013 E32.30393
G1 X133.649 Y132.096 E32.36565
G1 X132.214 Y132.67 E32.41706
G1 X130.377 Y132.782 E32.47827
G1 X128.866 Y132.354 E32.5305
G1 X128.31 Y132.109 E32.55071
G1 X127.659 Y131.605 E32.5781
G1 X127.352 Y131.885 E32.59192
G1 X126.002 Y132.491 E32.64113
G1 X125.215 Y132.671 E32.66798
G1 X123.787 Y132.683 E32.71548
G1 X123.167 Y132.604 E32.73627
G1 X121.737 Y132.04 E32.7874
G1 X120.409 Y131.085 E32.8418
G1 X119.449 Y130.276 E32.88356
G1 X118.267 Y129.089 E32.93927
G1 X117.497 Y128.175 E32.97902
G1 X116.571 Y129.264 E33.02657
G1 X115.476 Y130.347 E33.07779
G1 X114.659 Y131.032 E33.11325
G1 X113.082 Y132.165 E33.17784
G1 X111.746 Y132.642 E33.22502
G1 X110.28 Y132.807 E33.27409
G1 X108.621 Y132.475 E33.33036
G1 X107.58 Y131.89 E33.37008
G1 X107.193 Y131.6 E33.38616
G1 X106.882 Y131.884 E33.40017
G1 X105.53 Y132.491 E33.44946
G1 X104.75 Y132.669 E33.47607
G1 X103.462 Y132.692 E33.51892
G1 X102.71 Y132.608 E33.54408
G1 X101.263 Y132.038 E33.59581
G1 X99.909 Y131.063 E33.6513
G1 X98.895 Y130.2 E33.69559
G1 X97.813 Y129.107 E33.74674
G1 X97.04 Y128.185 E33.78676
G1 X96.142 Y126.908 E33.83869
G1 X95.582 Y125.958 E33.87536
G1 X94.887 Y124.518 E33.92855
G1 X94.529 Y123.6 E33.96132
G1 X94.026 Y121.917 E34.01974
G1 X93.831 Y120.986 E34.05138
G1 X93.614 Y119.229 E34.11026
G1 X93.576 Y118.312 E34.14079
G1 X93.576 Y109.578 E34.43128
G1 X94.184 Y107.881 E34.49124
G1 X94.445 Y107.415 E34.509
G1 X95.417 Y106.33 E34.55745
G0 F6000 X95.685 Y106.631
G1 F1200 X97.174 Y105.56 E34.61846
G1 X99.29 Y104.392 E34.69884
G1 X101.144 Y103.639 E34.7654
G1 X103.804 Y102.942 E34.85686
G1 X106.538 Y102.629 E34.94839
G1 X108.515 Y102.657 E35.01415
G1 X111.19 Y103.035 E35.104
G1 X113.746 Y103.77 E35.19246
G1 X115.539 Y104.54 E35.25736
G1 X117.487 Y105.674 E35.33233
G1 X117.686 Y105.535 E35.34041
G1 X119.761 Y104.392 E35.4192
G1 X121.615 Y103.639 E35.48575
G1 X124.276 Y102.942 E35.57725
G1 X127.009 Y102.629 E35.66874
G1 X128.987 Y102.657 E35.73453
G1 X131.661 Y103.035 E35.82436
G1 X134.217 Y103.77 E35.91281
G1 X136.01 Y104.54 E35.97772
G1 X138.276 Y105.865 E36.06502
G1 X139.689 Y106.936 E36.12399
G1 X140.534 Y108.292 E36.17713
G1 X140.835 Y108.957 E36.20141
G1 X141 Y110.08 E36.23916
G1 X141.024 Y118.305 E36.51273
G1 X140.977 Y119.32 E36.54653
G1 X140.79 Y120.786 E36.59568
G1 X140.471 Y122.266 E36.64604
G1 X140.175 Y123.238 E36.67983
G1 X139.573 Y124.755 E36.73411
G1 X139.129 Y125.653 E36.76743
G1 X138.258 Y127.09 E36.82332
G1 X137.526 Y128.088 E36.86449
G1 X136.758 Y128.983 E36.90371
G1 X135.666 Y130.063 E36.95479
G1 X134.899 Y130.706 E36.98808
G1 X133.455 Y131.743 E37.04721
G1 X132.125 Y132.275 E37.09486
G1 X130.422 Y132.379 E37.1516
G1 X128.975 Y131.969 E37.20163
G1 X128.515 Y131.762 E37.2184
G1 X127.638 Y131.082 E37.25531
G1 X127.128 Y131.547 E37.27827
G1 X125.874 Y132.11 E37.32399
G1 X125.168 Y132.271 E37.34807
G1 X123.838 Y132.286 E37.39231
G1 X123.266 Y132.213 E37.41149
G1 X121.932 Y131.687 E37.45918
G1 X120.643 Y130.76 E37.51199
G1 X119.732 Y129.994 E37.55158
G1 X118.573 Y128.831 E37.60619
G1 X117.883 Y128.012 E37.64181
G1 X117.508 Y127.484 E37.66335
G1 X117.225 Y127.878 E37.67948
G1 X116.289 Y128.98 E37.72757
G1 X115.219 Y130.04 E37.77767
G1 X114.402 Y130.725 E37.81313
G1 X112.896 Y131.806 E37.87479
G1 X111.651 Y132.251 E37.91876
G1 X110.298 Y132.403 E37.96404
G1 X108.761 Y132.095 E38.01618
G1 X107.82 Y131.57 E38.05202
G1 X107.168 Y131.082 E38.07911
G1 X106.66 Y131.545 E38.10197
G1 X105.402 Y132.11 E38.14784
G1 X104.702 Y132.27 E38.17172
G1 X103.506 Y132.294 E38.21151
G1 X102.806 Y132.216 E38.23493
G1 X101.456 Y131.684 E38.28319
G1 X100.168 Y130.758 E38.33595
G1 X99.179 Y129.918 E38.37911
G1 X98.12 Y128.85 E38.42914
G1 X97.347 Y127.928 E38.46915
G1 X96.487 Y126.705 E38.51888
G1 X95.927 Y125.755 E38.55556
G1 X95.26 Y124.373 E38.6066
G1 X94.902 Y123.455 E38.63937
G1 X94.418 Y121.835 E38.69561
G1 X94.223 Y120.904 E38.72724
G1 X94.014 Y119.212 E38.78395
G1 X93.976 Y118.295 E38.81447
G1 X93.976 Y109.649 E39.10204
G1 X94.561 Y108.016 E39.15973
G1 X94.772 Y107.649 E39.17381
G1 X95.685 Y106.631 E39.21929
G0 F6000 X95.953 Y106.932
G1 F1200 X97.408 Y105.885 E39.27892
G1 X99.441 Y104.763 E39.35615
G1 X101.295 Y104.01 E39.4227
G1 X103.905 Y103.329 E39.51242
G1 X106.532 Y103.029 E39.60036
G1 X108.509 Y103.057 E39.66612
G1 X111.08 Y103.42 E39.75248
G1 X113.588 Y104.138 E39.83925
G1 X115.381 Y104.908 E39.90415
G1 X117.509 Y106.15 E39.9861
G1 X117.879 Y105.885 E40.00124
G1 X119.912 Y104.763 E40.07847
G1 X121.766 Y104.01 E40.14503
G1 X124.377 Y103.329 E40.23478
G1 X127.003 Y103.029 E40.32269
G1 X128.981 Y103.057 E40.38848
G1 X131.551 Y103.42 E40.47481
G1 X134.059 Y104.138 E40.56157
G1 X135.852 Y104.908 E40.62648
G1 X138.034 Y106.184 E40.71055
G1 X139.39 Y107.211 E40.76712
G1 X140.17 Y108.457 E40.81602
G1 X140.447 Y109.069 E40.83836
G1 X140.604 Y110.138 E40.8743
G1 X140.624 Y118.287 E41.14533
G1 X140.58 Y119.27 E41.17806
G1 X140.399 Y120.702 E41.22607
G1 X140.088 Y122.149 E41.2753
G1 X139.792 Y123.121 E41.30909
G1 X139.214 Y124.578 E41.36122
G1 X138.77 Y125.476 E41.39454
G1 X137.935 Y126.853 E41.44811
G1 X137.203 Y127.851 E41.48927
G1 X136.476 Y128.699 E41.52642
G1 X135.409 Y129.756 E41.57637
G1 X134.642 Y130.399 E41.60966
G1 X133.261 Y131.39 E41.6662
G1 X132.036 Y131.88 E41.71008
G1 X130.466 Y131.976 E41.7624
G1 X129.139 Y131.604 E41.80823
G1 X128.721 Y131.416 E41.82348
G1 X127.777 Y130.684 E41.86321
G1 X127.641 Y130.538 E41.86985
G1 X126.906 Y131.208 E41.90292
G1 X125.746 Y131.729 E41.94522
G1 X125.121 Y131.871 E41.96654
G1 X123.889 Y131.889 E42.00752
G1 X123.365 Y131.822 E42.02509
G1 X122.127 Y131.334 E42.06935
G1 X120.877 Y130.435 E42.12056
G1 X119.99 Y129.688 E42.15913
G1 X118.879 Y128.573 E42.21148
G1 X118.189 Y127.754 E42.2471
G1 X117.508 Y126.794 E42.28625
G1 X116.92 Y127.619 E42.31994
G1 X115.984 Y128.721 E42.36803
G1 X114.962 Y129.733 E42.41587
G1 X114.145 Y130.418 E42.45133
G1 X112.71 Y131.447 E42.51006
G1 X111.56 Y131.858 E42.55068
G1 X110.313 Y131.998 E42.59242
G1 X108.903 Y131.716 E42.64024
G1 X108.06 Y131.25 E42.67228
G1 X107.142 Y130.563 E42.71041
G1 X106.436 Y131.207 E42.7422
G1 X105.274 Y131.729 E42.78457
G1 X104.653 Y131.871 E42.80575
G1 X103.55 Y131.896 E42.84245
G1 X102.902 Y131.824 E42.86413
G1 X101.651 Y131.331 E42.90886
G1 X100.402 Y130.433 E42.96002
G1 X99.463 Y129.636 E43.00099
G1 X98.427 Y128.593 E43.04988
G1 X97.654 Y127.671 E43.0899
G1 X96.832 Y126.502 E43.13743
G1 X96.272 Y125.552 E43.17411
G1 X95.633 Y124.228 E43.22301
G1 X95.275 Y123.31 E43.25578
G1 X94.81 Y121.753 E43.30982
G1 X94.615 Y120.822 E43.34146
G1 X94.414 Y119.195 E43.39599
G1 X94.376 Y118.278 E43.42651
G1 X94.376 Y109.72 E43.71115
G1 X94.938 Y108.151 E43.76658
G1 X95.096 Y107.887 E43.77682
G1 X95.953 Y106.932 E43.8195
G0 F6000 X96.223 Y107.23
G1 F1200 X97.602 Y106.235 E43.87605
G1 X99.592 Y105.134 E43.9517
G1 X101.446 Y104.381 E44.01825
G1 X104.006 Y103.716 E44.10622
G1 X106.526 Y103.429 E44.19058
G1 X108.503 Y103.457 E44.25634
G1 X110.97 Y103.805 E44.33921
G1 X113.43 Y104.506 E44.42429
G1 X115.223 Y105.276 E44.48919
G1 X117.321 Y106.503 E44.57003
G1 X117.507 Y106.644 E44.57779
G1 X118.073 Y106.235 E44.60101
G1 X120.063 Y105.134 E44.67666
G1 X121.917 Y104.381 E44.74321
G1 X124.478 Y103.716 E44.83122
G1 X126.997 Y103.429 E44.91554
G1 X128.975 Y103.457 E44.98134
G1 X131.441 Y103.805 E45.06417
G1 X133.901 Y104.506 E45.14925
G1 X135.694 Y105.276 E45.21415
G1 X137.793 Y106.503 E45.29501
G1 X139.089 Y107.484 E45.34908
G1 X139.805 Y108.622 E45.39379
G1 X140.059 Y109.184 E45.41431
G1 X140.208 Y110.196 E45.44833
G1 X140.224 Y118.269 E45.71684
G1 X140.18 Y119.252 E45.74957
G1 X140.008 Y120.618 E45.79536
G1 X139.705 Y122.032 E45.84345
G1 X139.409 Y123.004 E45.87725
G1 X138.855 Y124.401 E45.92723
G1 X138.411 Y125.299 E45.96055
G1 X137.612 Y126.617 E46.01182
G1 X136.899 Y127.591 E46.05196
G1 X136.172 Y128.439 E46.08911
G1 X135.152 Y129.449 E46.13686
G1 X134.385 Y130.092 E46.17015
G1 X133.067 Y131.037 E46.22409
G1 X131.947 Y131.485 E46.26421
G1 X130.509 Y131.573 E46.31213
G1 X129.303 Y131.239 E46.35375
G1 X128.927 Y131.07 E46.36746
G1 X128.022 Y130.368 E46.40555
G1 X127.676 Y129.965 E46.42322
G1 X126.684 Y130.869 E46.46786
G1 X125.618 Y131.348 E46.50673
G1 X125.073 Y131.472 E46.52532
G1 X123.94 Y131.492 E46.56301
G1 X123.464 Y131.431 E46.57897
G1 X122.322 Y130.981 E46.61979
G1 X121.111 Y130.11 E46.66941
G1 X120.248 Y129.382 E46.70696
G1 X119.185 Y128.315 E46.75706
G1 X118.495 Y127.496 E46.79267
G1 X117.649 Y126.302 E46.84135
G1 X117.496 Y126.042 E46.85138
G1 X117.151 Y126.612 E46.87354
G1 X116.595 Y127.385 E46.90521
G1 X115.679 Y128.462 E46.95223
G1 X114.705 Y129.426 E46.99781
G1 X113.888 Y130.111 E47.03327
G1 X112.523 Y131.089 E47.08912
G1 X111.467 Y131.466 E47.12642
G1 X110.331 Y131.594 E47.16444
G1 X109.043 Y131.336 E47.20813
G1 X108.3 Y130.93 E47.23629
G1 X107.49 Y130.324 E47.26994
G1 X107.192 Y129.975 E47.2852
G1 X106.212 Y130.869 E47.32932
G1 X105.146 Y131.348 E47.36819
G1 X104.604 Y131.472 E47.38669
G1 X103.594 Y131.498 E47.42029
G1 X102.998 Y131.432 E47.44023
G1 X101.846 Y130.978 E47.48142
G1 X100.636 Y130.108 E47.53098
G1 X99.747 Y129.354 E47.56976
G1 X98.734 Y128.336 E47.61752
G1 X97.961 Y127.414 E47.65754
G1 X97.177 Y126.299 E47.70287
G1 X96.617 Y125.349 E47.73955
G1 X96.006 Y124.083 E47.78631
G1 X95.648 Y123.165 E47.81908
G1 X95.202 Y121.671 E47.87094
G1 X95.007 Y120.74 E47.90257
G1 X94.814 Y119.178 E47.95492
G1 X94.776 Y118.261 E47.98545
G1 X94.776 Y109.791 E48.26716
G1 X95.315 Y108.286 E48.32033
G1 X95.394 Y108.154 E48.32545
G1 X96.223 Y107.23 E48.36674
G0 F6000 X96.492 Y107.53
G1 F1200 X97.796 Y106.585 E48.4203
G1 X99.743 Y105.505 E48.49435
G1 X101.597 Y104.752 E48.56091
G1 X104.106 Y104.103 E48.6471
G1 X106.52 Y103.829 E48.72791
G1 X108.497 Y103.857 E48.79367
G1 X110.861 Y104.19 E48.87307
G1 X113.272 Y104.874 E48.95643
G1 X115.065 Y105.644 E49.02133
G1 X117.08 Y106.822 E49.09896
G1 X117.503 Y107.142 E49.1166
G1 X118.267 Y106.585 E49.14805
G1 X120.214 Y105.505 E49.2221
G1 X122.068 Y104.752 E49.28866
G1 X124.578 Y104.103 E49.37489
G1 X126.991 Y103.829 E49.45566
G1 X128.969 Y103.857 E49.52146
G1 X131.332 Y104.19 E49.60083
G1 X133.743 Y104.874 E49.68418
G1 X135.536 Y105.644 E49.74908
G1 X137.552 Y106.822 E49.82674
G1 X138.788 Y107.758 E49.87831
G1 X139.466 Y108.835 E49.92064
G1 X139.671 Y109.298 E49.93748
G1 X139.812 Y110.254 E49.96962
G1 X139.824 Y118.251 E50.2356
G1 X139.78 Y119.234 E50.26833
G1 X139.617 Y120.534 E50.31191
G1 X139.322 Y121.915 E50.35888
G1 X139.026 Y122.887 E50.39267
G1 X138.496 Y124.224 E50.44051
G1 X138.052 Y125.122 E50.47382
G1 X137.289 Y126.381 E50.52279
G1 X136.595 Y127.331 E50.56192
G1 X135.868 Y128.179 E50.59907
G1 X134.895 Y129.142 E50.6446
G1 X134.128 Y129.785 E50.67789
G1 X132.873 Y130.684 E50.72924
G1 X131.858 Y131.09 E50.7656
G1 X130.552 Y131.17 E50.80912
G1 X129.467 Y130.874 E50.84652
G1 X129.133 Y130.724 E50.8587
G1 X128.299 Y130.077 E50.89381
G1 X127.874 Y129.582 E50.91551
G1 X127.673 Y129.216 E50.92939
G1 X127.424 Y129.653 E50.94612
G1 X126.462 Y130.53 E50.98942
G1 X125.49 Y130.967 E51.02487
G1 X125.025 Y131.073 E51.04073
G1 X123.991 Y131.095 E51.07513
G1 X123.563 Y131.04 E51.08948
G1 X122.517 Y130.628 E51.12687
G1 X121.345 Y129.785 E51.17489
G1 X120.506 Y129.076 E51.21142
G1 X119.491 Y128.057 E51.25926
G1 X118.801 Y127.238 E51.29488
G1 X117.994 Y126.099 E51.34131
G1 X117.501 Y125.262 E51.37362
G1 X116.826 Y126.378 E51.417
G1 X116.27 Y127.151 E51.44867
G1 X115.374 Y128.203 E51.49463
G1 X114.448 Y129.119 E51.53795
G1 X113.631 Y129.804 E51.57341
G1 X112.337 Y130.73 E51.62633
G1 X111.372 Y131.075 E51.66042
G1 X110.349 Y131.19 E51.69466
G1 X109.182 Y130.956 E51.73424
G1 X108.54 Y130.61 E51.7585
G1 X107.765 Y130.03 E51.7907
G1 X107.442 Y129.652 E51.80723
G1 X107.202 Y129.214 E51.82385
G1 X106.952 Y129.653 E51.84065
G1 X105.99 Y130.53 E51.88395
G1 X105.018 Y130.967 E51.91939
G1 X104.554 Y131.073 E51.93522
G1 X103.584 Y131.098 E51.96749
G1 X103.096 Y131.041 E51.98384
G1 X102.041 Y130.625 E52.02155
G1 X100.87 Y129.783 E52.06953
G1 X100.031 Y129.072 E52.1061
G1 X99.018 Y128.054 E52.15387
G1 X98.288 Y127.184 E52.19164
G1 X97.522 Y126.096 E52.2359
G1 X96.962 Y125.146 E52.27258
G1 X96.379 Y123.938 E52.31719
G1 X96.021 Y123.02 E52.34996
G1 X95.594 Y121.589 E52.39963
G1 X95.399 Y120.658 E52.43127
G1 X95.214 Y119.161 E52.48144
G1 X95.176 Y118.244 E52.51196
G1 X95.176 Y109.862 E52.79075
G1 X95.692 Y108.421 E52.84166
G1 X96.492 Y107.53 E52.88148
G0 F6000 X96.761 Y107.829
G1 F1200 X97.991 Y106.935 E52.93206
G1 X99.894 Y105.876 E53.00449
G1 X101.748 Y105.123 E53.07105
G1 X104.152 Y104.5 E53.15365
G1 X106.514 Y104.229 E53.23272
G1 X108.491 Y104.257 E53.29849
G1 X110.752 Y104.575 E53.37443
G1 X113.114 Y105.242 E53.45606
G1 X114.907 Y106.012 E53.52096
G1 X116.839 Y107.141 E53.59539
G1 X117.499 Y107.64 E53.62291
G1 X118.462 Y106.935 E53.6626
G1 X120.365 Y105.876 E53.73504
G1 X122.219 Y105.123 E53.80159
G1 X124.624 Y104.5 E53.88422
G1 X126.985 Y104.229 E53.96327
G1 X128.963 Y104.257 E54.02906
G1 X131.223 Y104.575 E54.10497
G1 X133.585 Y105.242 E54.1866
G1 X135.378 Y106.012 E54.25151
G1 X137.31 Y107.141 E54.32593
G1 X138.489 Y108.034 E54.37512
G1 X139.1 Y108.997 E54.41306
G1 X139.283 Y109.41 E54.42808
G1 X139.416 Y110.312 E54.45841
G1 X139.424 Y118.233 E54.72186
G1 X139.38 Y119.216 E54.75459
G1 X139.226 Y120.451 E54.79598
G1 X138.939 Y121.798 E54.84179
G1 X138.643 Y122.77 E54.87558
G1 X138.137 Y124.047 E54.92127
G1 X137.693 Y124.945 E54.95459
G1 X136.966 Y126.145 E55.00125
G1 X136.291 Y127.071 E55.03937
G1 X135.564 Y127.919 E55.07652
G1 X134.638 Y128.835 E55.11984
G1 X133.871 Y129.478 E55.15313
G1 X132.678 Y130.332 E55.20193
G1 X131.77 Y130.695 E55.23445
G1 X130.594 Y130.767 E55.27364
G1 X129.631 Y130.509 E55.3068
G1 X129.339 Y130.378 E55.31744
G1 X128.576 Y129.786 E55.34956
G1 X128.205 Y129.354 E55.3685
G1 X127.77 Y128.561 E55.39858
G1 X127.682 Y128.217 E55.41039
G1 X127.587 Y128.556 E55.4221
G1 X127.107 Y129.401 E55.45443
G1 X126.24 Y130.191 E55.49344
G1 X125.362 Y130.586 E55.52546
G1 X124.976 Y130.674 E55.53863
G1 X124.042 Y130.698 E55.5697
G1 X123.662 Y130.649 E55.58245
G1 X122.71 Y130.274 E55.61648
G1 X121.603 Y129.479 E55.66181
G1 X120.764 Y128.77 E55.69834
G1 X119.797 Y127.799 E55.74392
G1 X119.107 Y126.98 E55.77954
G1 X118.339 Y125.896 E55.82373
G1 X117.788 Y124.961 E55.85982
G1 X117.502 Y124.37 E55.88166
G1 X117.169 Y125.038 E55.90648
G1 X116.501 Y126.144 E55.94946
G1 X115.945 Y126.917 E55.98113
G1 X115.07 Y127.943 E56.02598
G1 X114.191 Y128.812 E56.06709
G1 X113.374 Y129.497 E56.10255
G1 X112.151 Y130.371 E56.15255
G1 X111.281 Y130.682 E56.18328
G1 X110.364 Y130.785 E56.21397
G1 X109.321 Y130.576 E56.24935
G1 X108.78 Y130.29 E56.2697
G1 X108.04 Y129.736 E56.30045
G1 X107.773 Y129.424 E56.31411
G1 X107.301 Y128.564 E56.34673
G1 X107.211 Y128.214 E56.35875
G1 X107.115 Y128.556 E56.37057
G1 X106.635 Y129.401 E56.40289
G1 X105.768 Y130.191 E56.4419
G1 X104.89 Y130.586 E56.47392
G1 X104.504 Y130.674 E56.48709
G1 X103.574 Y130.698 E56.51803
G1 X103.194 Y130.65 E56.53077
G1 X102.236 Y130.272 E56.56503
G1 X101.104 Y129.458 E56.6114
G1 X100.314 Y128.79 E56.64581
G1 X99.324 Y127.797 E56.69245
G1 X98.615 Y126.953 E56.72911
G1 X97.867 Y125.893 E56.77226
G1 X97.307 Y124.943 E56.80894
G1 X96.752 Y123.793 E56.85141
G1 X96.394 Y122.875 E56.88418
G1 X95.986 Y121.507 E56.93166
G1 X95.791 Y120.576 E56.9633
G1 X95.614 Y119.144 E57.01129
G1 X95.576 Y118.227 E57.04182
G1 X95.576 Y109.933 E57.31768
G1 X96.043 Y108.629 E57.36374
G1 X96.761 Y107.829 E57.3995
G0 F6000 X97.028 Y108.13
G1 F1200 X98.186 Y107.285 E57.44718
G1 X100.089 Y106.226 E57.51961
G1 X101.848 Y105.51 E57.58278
G1 X104.252 Y104.887 E57.66538
G1 X106.508 Y104.629 E57.7409
G1 X108.485 Y104.657 E57.80666
G1 X110.644 Y104.96 E57.87917
G1 X112.956 Y105.61 E57.95905
G1 X114.749 Y106.38 E58.02395
G1 X116.598 Y107.46 E58.09517
G1 X117.495 Y108.139 E58.13259
G1 X118.657 Y107.285 E58.18056
G1 X120.56 Y106.226 E58.25299
G1 X122.319 Y105.51 E58.31616
G1 X124.724 Y104.887 E58.39879
G1 X126.979 Y104.629 E58.47428
G1 X128.957 Y104.657 E58.54007
G1 X131.115 Y104.96 E58.61255
G1 X133.427 Y105.61 E58.69243
G1 X135.22 Y106.38 E58.75733
G1 X137.069 Y107.46 E58.82855
G1 X138.189 Y108.308 E58.87528
G1 X138.734 Y109.159 E58.90889
G1 X138.895 Y109.522 E58.9221
G1 X139.02 Y110.37 E58.95061
G1 X139.024 Y118.215 E59.21153
G1 X138.98 Y119.198 E59.24426
G1 X138.835 Y120.368 E59.28347
G1 X138.556 Y121.681 E59.32812
G1 X138.26 Y122.653 E59.36191
G1 X137.778 Y123.87 E59.40545
G1 X137.334 Y124.768 E59.43877
G1 X136.643 Y125.91 E59.48316
G1 X135.987 Y126.811 E59.52023
G1 X135.26 Y127.659 E59.55738
G1 X134.381 Y128.528 E59.59849
G1 X133.614 Y129.171 E59.63178
G1 X132.483 Y129.98 E59.67803
G1 X131.682 Y130.3 E59.70672
G1 X130.635 Y130.364 E59.74161
G1 X129.795 Y130.144 E59.77049
G1 X129.545 Y130.032 E59.7796
G1 X128.853 Y129.495 E59.80873
G1 X128.536 Y129.126 E59.82491
G1 X128.144 Y128.411 E59.85203
G1 X127.699 Y126.673 E59.91171
G1 X127.216 Y128.399 E59.97132
G1 X126.79 Y129.149 E60.00001
G1 X126.018 Y129.852 E60.03473
G1 X125.234 Y130.205 E60.06333
G1 X124.926 Y130.275 E60.07384
G1 X124.032 Y130.298 E60.10358
G1 X123.762 Y130.259 E60.11265
G1 X122.903 Y129.92 E60.14337
G1 X121.861 Y129.173 E60.18601
G1 X121.022 Y128.464 E60.22255
G1 X120.103 Y127.541 E60.26587
G1 X119.413 Y126.722 E60.30149
G1 X118.683 Y125.692 E60.34348
G1 X118.148 Y124.787 E60.37844
G1 X117.59 Y123.633 E60.42108
G1 X117.496 Y123.393 E60.42965
G1 X117.309 Y123.861 E60.44641
G1 X116.811 Y124.859 E60.48351
G1 X116.176 Y125.91 E60.52435
G1 X115.62 Y126.683 E60.55602
G1 X114.788 Y127.659 E60.59868
G1 X113.934 Y128.505 E60.63866
G1 X113.117 Y129.19 E60.67412
G1 X111.965 Y130.012 E60.72119
G1 X111.19 Y130.289 E60.74856
G1 X110.379 Y130.38 E60.7757
G1 X109.459 Y130.196 E60.80691
G1 X108.967 Y129.936 E60.82542
G1 X108.316 Y129.443 E60.85258
G1 X108.105 Y129.197 E60.86336
G1 X107.674 Y128.412 E60.89314
G1 X107.227 Y126.671 E60.95293
G1 X106.744 Y128.399 E61.0126
G1 X106.318 Y129.149 E61.04129
G1 X105.546 Y129.852 E61.07602
G1 X104.762 Y130.205 E61.10462
G1 X104.454 Y130.275 E61.11512
G1 X103.564 Y130.298 E61.14473
G1 X103.294 Y130.259 E61.15381
G1 X102.431 Y129.919 E61.18466
G1 X101.338 Y129.133 E61.22944
G1 X100.573 Y128.485 E61.26278
G1 X99.63 Y127.539 E61.30721
G1 X98.942 Y126.722 E61.34273
G1 X98.212 Y125.69 E61.38478
G1 X97.652 Y124.74 E61.42145
G1 X97.125 Y123.648 E61.46178
G1 X96.767 Y122.73 E61.49456
G1 X96.378 Y121.425 E61.53985
G1 X96.183 Y120.494 E61.57148
G1 X96.014 Y119.127 E61.6173
G1 X95.976 Y118.21 E61.64782
G1 X95.976 Y110.004 E61.92076
G1 X96.394 Y108.835 E61.96205
G1 X97.028 Y108.13 E61.99358
G0 F6000 X97.296 Y108.431
G1 F1200 X98.381 Y107.635 E62.03834
G1 X100.284 Y106.576 E62.11077
G1 X101.998 Y105.881 E62.17229
G1 X104.352 Y105.274 E62.25315
G1 X106.502 Y105.029 E62.32512
G1 X108.479 Y105.057 E62.39088
G1 X110.536 Y105.345 E62.45996
G1 X112.798 Y105.978 E62.53809
G1 X114.591 Y106.748 E62.60299
G1 X116.357 Y107.779 E62.67101
G1 X117.361 Y108.539 E62.71289
G1 X117.506 Y108.719 E62.72057
G1 X117.764 Y108.433 E62.73339
G1 X118.852 Y107.635 E62.77826
G1 X120.755 Y106.576 E62.8507
G1 X122.469 Y105.881 E62.91221
G1 X124.824 Y105.274 E62.9931
G1 X126.973 Y105.029 E63.06504
G1 X128.951 Y105.057 E63.13083
G1 X131.007 Y105.345 E63.19989
G1 X133.269 Y105.978 E63.27801
G1 X135.062 Y106.748 E63.34291
G1 X136.828 Y107.779 E63.41093
G1 X137.89 Y108.583 E63.45523
G1 X138.397 Y109.375 E63.48651
G1 X138.506 Y109.632 E63.49579
G1 X138.624 Y110.429 E63.52259
G1 X138.624 Y118.197 E63.78095
G1 X138.58 Y119.18 E63.81368
G1 X138.438 Y120.318 E63.85182
G1 X138.173 Y121.564 E63.89419
G1 X137.877 Y122.536 E63.92799
G1 X137.419 Y123.693 E63.96938
G1 X136.975 Y124.591 E64.00269
G1 X136.319 Y125.675 E64.04484
G1 X135.683 Y126.551 E64.08084
G1 X134.978 Y127.375 E64.11691
G1 X134.124 Y128.221 E64.15689
G1 X133.357 Y128.864 E64.19018
G1 X132.288 Y129.627 E64.23386
G1 X131.593 Y129.905 E64.25876
G1 X130.675 Y129.961 E64.28935
G1 X129.896 Y129.757 E64.31613
G1 X129.752 Y129.686 E64.32147
G1 X129.13 Y129.204 E64.34765
G1 X128.867 Y128.898 E64.36107
G1 X128.518 Y128.261 E64.38522
G1 X127.715 Y125.128 E64.4928
G1 X126.845 Y128.242 E64.60033
G1 X126.473 Y128.897 E64.62539
G1 X125.796 Y129.513 E64.65583
G1 X125.07 Y129.84 E64.68231
G1 X124.916 Y129.875 E64.68757
G1 X124.022 Y129.898 E64.71731
G1 X123.865 Y129.87 E64.72262
G1 X123.095 Y129.566 E64.75015
G1 X122.094 Y128.848 E64.79112
G1 X121.305 Y128.181 E64.82549
G1 X120.409 Y127.283 E64.86768
G1 X119.719 Y126.464 E64.9033
G1 X119.027 Y125.488 E64.94309
G1 X118.508 Y124.612 E64.97695
G1 X117.963 Y123.488 E65.0185
G1 X117.611 Y122.585 E65.05074
G1 X117.502 Y122.221 E65.06338
G1 X117.406 Y122.536 E65.07433
G1 X116.951 Y123.682 E65.11534
G1 X116.453 Y124.68 E65.15243
G1 X115.851 Y125.676 E65.19114
G1 X115.295 Y126.449 E65.22281
G1 X114.484 Y127.399 E65.26436
G1 X113.677 Y128.198 E65.30213
G1 X112.86 Y128.883 E65.33759
G1 X111.778 Y129.654 E65.38178
G1 X111.097 Y129.897 E65.40583
G1 X110.397 Y129.976 E65.42926
G1 X109.597 Y129.816 E65.45639
G1 X109.154 Y129.582 E65.47306
G1 X108.56 Y129.126 E65.49796
G1 X108.456 Y129.004 E65.5033
G1 X108.047 Y128.26 E65.53153
G1 X107.244 Y125.126 E65.63914
G1 X106.373 Y128.242 E65.74675
G1 X106.001 Y128.897 E65.7718
G1 X105.324 Y129.513 E65.80225
G1 X104.598 Y129.84 E65.82873
G1 X104.444 Y129.875 E65.83398
G1 X103.554 Y129.898 E65.86359
G1 X103.397 Y129.87 E65.8689
G1 X102.624 Y129.565 E65.89654
G1 X101.597 Y128.828 E65.93858
G1 X100.832 Y128.18 E65.97193
G1 X99.936 Y127.281 E66.01414
G1 X99.248 Y126.464 E66.04967
G1 X98.556 Y125.487 E66.08949
G1 X98.012 Y124.566 E66.12506
G1 X97.498 Y123.503 E66.16434
G1 X97.14 Y122.585 E66.19711
G1 X96.77 Y121.343 E66.24021
G1 X96.575 Y120.412 E66.27185
G1 X96.414 Y119.11 E66.31548
G1 X96.376 Y118.193 E66.34601
G1 X96.376 Y110.075 E66.61601
G1 X96.745 Y109.043 E66.65247
G1 X97.296 Y108.431 E66.67986
G0 F6000 X97.561 Y108.733
G1 F1200 X98.618 Y107.958 E66.72345
G1 X100.434 Y106.947 E66.79258
G1 X102.148 Y106.252 E66.8541
G1 X104.398 Y105.671 E66.93139
G1 X106.496 Y105.429 E67.00163
G1 X108.473 Y105.457 E67.06739
G1 X110.429 Y105.73 E67.13308
G1 X112.64 Y106.346 E67.20942
G1 X114.433 Y107.116 E67.27432
G1 X116.116 Y108.098 E67.33913
G1 X117.12 Y108.858 E67.38101
G1 X117.497 Y109.447 E67.40427
G1 X117.62 Y109.191 E67.41371
G1 X118.032 Y108.733 E67.4342
G1 X119.089 Y107.958 E67.4778
G1 X120.905 Y106.947 E67.54693
G1 X122.619 Y106.252 E67.60844
G1 X124.87 Y105.671 E67.68577
G1 X126.967 Y105.429 E67.75597
G1 X128.945 Y105.457 E67.82177
G1 X130.9 Y105.73 E67.88742
G1 X133.111 Y106.346 E67.96376
G1 X134.904 Y107.116 E68.02867
G1 X136.587 Y108.098 E68.09347
G1 X137.591 Y108.858 E68.13536
G1 X138.06 Y109.591 E68.1643
G1 X138.118 Y109.743 E68.16971
G1 X138.224 Y110.429 E68.1928
G1 X138.224 Y118.179 E68.45056
G1 X138.18 Y119.162 E68.48329
G1 X138.047 Y120.235 E68.51925
G1 X137.79 Y121.447 E68.56046
G1 X137.494 Y122.419 E68.59425
G1 X137.06 Y123.516 E68.63349
G1 X136.616 Y124.414 E68.66681
G1 X135.995 Y125.44 E68.7067
G1 X135.379 Y126.291 E68.74164
G1 X134.674 Y127.115 E68.77771
G1 X133.867 Y127.914 E68.81548
G1 X133.1 Y128.557 E68.84877
G1 X132.094 Y129.274 E68.88986
G1 X131.504 Y129.51 E68.91099
G1 X130.715 Y129.558 E68.93728
G1 X129.997 Y129.37 E68.96197
G1 X129.41 Y128.915 E68.98667
G1 X129.198 Y128.668 E68.9975
G1 X128.891 Y128.109 E69.01871
G1 X127.732 Y123.583 E69.1741
G1 X126.473 Y128.087 E69.32965
G1 X126.157 Y128.644 E69.35095
G1 X125.574 Y129.174 E69.37715
G1 X124.906 Y129.475 E69.40152
G1 X124.012 Y129.498 E69.43127
G1 X123.288 Y129.212 E69.45716
G1 X122.327 Y128.523 E69.49649
G1 X121.588 Y127.898 E69.52868
G1 X120.715 Y127.025 E69.56974
G1 X120.025 Y126.206 E69.60536
G1 X119.371 Y125.284 E69.64296
G1 X118.868 Y124.437 E69.67572
G1 X118.336 Y123.343 E69.71618
G1 X117.984 Y122.44 E69.74842
G1 X117.633 Y121.261 E69.78933
G1 X117.497 Y120.612 E69.81139
G1 X117.319 Y121.447 E69.83978
G1 X117.023 Y122.419 E69.87358
G1 X116.593 Y123.503 E69.91237
G1 X116.095 Y124.501 E69.94946
G1 X115.526 Y125.442 E69.98604
G1 X114.97 Y126.215 E70.01771
G1 X114.18 Y127.139 E70.05814
G1 X113.42 Y127.891 E70.0937
G1 X112.603 Y128.576 E70.12916
G1 X111.592 Y129.295 E70.17042
G1 X111.002 Y129.506 E70.19127
G1 X110.415 Y129.572 E70.21091
G1 X109.735 Y129.436 E70.23398
G1 X109.341 Y129.228 E70.2488
G1 X108.806 Y128.811 E70.27136
G1 X108.421 Y128.111 E70.29793
G1 X107.261 Y123.582 E70.45343
G1 X106.001 Y128.087 E70.60901
G1 X105.685 Y128.644 E70.63031
G1 X105.102 Y129.174 E70.65652
G1 X104.434 Y129.475 E70.68089
G1 X103.544 Y129.498 E70.7105
G1 X102.817 Y129.211 E70.73649
G1 X101.856 Y128.523 E70.7758
G1 X101.091 Y127.875 E70.80915
G1 X100.242 Y127.023 E70.84915
G1 X99.554 Y126.206 E70.88468
G1 X98.9 Y125.283 E70.9223
G1 X98.372 Y124.392 E70.95675
G1 X97.871 Y123.358 E70.99497
G1 X97.513 Y122.44 E71.02774
G1 X97.162 Y121.261 E71.06865
G1 X96.967 Y120.33 E71.10029
G1 X96.814 Y119.093 E71.14175
G1 X96.776 Y118.176 E71.17227
G1 X96.776 Y110.146 E71.43935
G1 X97.096 Y109.25 E71.471
G1 X97.561 Y108.733 E71.49412
G1 F2700 E66.49412
G0 F6000 X98.352 Y119.055
G0 X98.472 Y120.02
G0 X98.673 Y120.973
G0 X98.952 Y121.906
G0 X99.306 Y122.812
G0 X99.734 Y123.686
G0 X100.235 Y124.52
G0 X100.802 Y125.311
G0 X101.433 Y126.053
G0 X102.124 Y126.739
G0 X102.869 Y127.366
G0 X104.31 Y128.367
G0 X107.161 Y119.523
G1 F2700 E71.49412
G1 F1200 X107.161 Y121.153 E71.54834
G1 X107.255 Y121.282 E71.55365
G1 X107.372 Y121.153 E71.55944
G1 X107.372 Y119.526 E71.61355
G1 X107.241 Y119.494 E71.61804
G1 X107.161 Y119.523 E71.62087
G0 F6000 X107.001 Y119.155
G1 F1200 X106.761 Y119.193 E71.62895
G1 X106.761 Y121.284 E71.6985
G1 X107.062 Y121.696 E71.71547
G1 X107.272 Y122.18 E71.73302
G1 X107.374 Y121.863 E71.74409
G1 X107.567 Y121.528 E71.75695
G1 X107.772 Y121.314 E71.76681
G1 X107.772 Y119.21 E71.83679
G1 X107.343 Y119.108 E71.85145
G1 X107.243 Y119.07 E71.85501
G1 X107.001 Y119.155 E71.86354
G0 F6000 X106.939 Y118.76
G1 F1200 X106.361 Y118.851 E71.883
G1 X106.361 Y121.48 E71.97044
G1 X106.509 Y121.617 E71.97715
G1 X106.714 Y121.897 E71.98869
G1 X106.893 Y122.299 E72.00333
G1 X106.989 Y122.728 E72.01795
G1 X106.946 Y123.226 E72.03458
G1 X105.629 Y127.932 E72.19711
G1 X105.369 Y128.391 E72.21466
G1 X104.88 Y128.835 E72.23663
G1 X104.343 Y129.077 E72.25622
G1 X103.615 Y129.096 E72.28044
G1 X103.009 Y128.857 E72.30211
G1 X102.114 Y128.217 E72.3387
G1 X101.374 Y127.592 E72.37092
G1 X100.548 Y126.765 E72.40979
G1 X99.86 Y125.948 E72.44532
G1 X99.244 Y125.079 E72.48075
G1 X98.732 Y124.217 E72.51409
G1 X98.244 Y123.213 E72.55122
G1 X97.886 Y122.295 E72.58399
G1 X97.554 Y121.179 E72.62272
G1 X97.359 Y120.248 E72.65436
G1 X97.214 Y119.076 E72.69364
G1 X97.176 Y118.159 E72.72416
G1 X97.176 Y110.216 E72.98835
G1 X97.446 Y109.459 E73.01508
G1 X97.832 Y109.03 E73.03427
G1 X98.813 Y108.307 E73.0748
G1 X100.584 Y107.318 E73.14227
G1 X102.298 Y106.623 E73.20379
G1 X104.444 Y106.068 E73.27751
G1 X106.49 Y105.829 E73.34602
G1 X108.467 Y105.857 E73.41179
G1 X110.322 Y106.115 E73.47408
G1 X112.482 Y106.714 E73.54863
G1 X114.275 Y107.484 E73.61353
G1 X115.914 Y108.443 E73.67669
G1 X116.82 Y109.132 E73.71455
G1 X117.252 Y109.807 E73.7412
G1 X117.353 Y110.429 E73.76216
G1 X117.353 Y118.161 E74.01933
G1 X117.309 Y119.144 E74.05206
G1 X117.179 Y120.185 E74.08695
G1 X116.936 Y121.33 E74.12588
G1 X116.64 Y122.302 E74.15968
G1 X116.235 Y123.325 E74.19627
G1 X115.753 Y124.294 E74.23227
G1 X115.201 Y125.208 E74.26778
G1 X114.645 Y125.981 E74.29945
G1 X113.876 Y126.879 E74.33877
G1 X113.163 Y127.584 E74.37212
G1 X112.346 Y128.269 E74.40758
G1 X111.405 Y128.937 E74.44597
G1 X110.909 Y129.114 E74.46348
G1 X110.433 Y129.168 E74.47941
G1 X109.87 Y129.055 E74.49851
G1 X109.587 Y128.912 E74.50906
G1 X109.117 Y128.546 E74.52887
G1 X108.796 Y127.962 E74.55104
G1 X107.56 Y123.134 E74.7168
G1 X107.558 Y122.599 E74.73459
G1 X107.742 Y122.026 E74.75461
G1 X107.914 Y121.727 E74.76608
G1 X108.172 Y121.488 E74.77778
G1 X108.172 Y118.83 E74.86618
G1 X107.849 Y118.819 E74.87693
G1 X107.437 Y118.719 E74.89103
G1 X107.26 Y118.634 E74.89756
G1 X106.939 Y118.76 E74.90903
G1 F2700 E69.90903
G0 F6000 X107.267 Y114.591
G1 F2700 E74.90903
G1 F1200 X107.415 Y114.057 E74.92746
G1 X107.415 Y113.342 E74.95124
G1 X107.284 Y113.198 E74.95772
G1 X107.205 Y113.219 E74.96044
G1 X107.118 Y113.331 E74.96515
G1 X107.118 Y114.057 E74.9893
G1 X107.267 Y114.591 E75.00774
G0 F6000 X107.815 Y114.11
G1 F1200 X107.815 Y113.235 E75.03684
G1 X107.65 Y112.948 E75.04785
G1 X107.408 Y112.807 E75.05717
G1 X107.266 Y112.789 E75.06193
G1 X106.997 Y112.861 E75.07119
G1 X106.799 Y113.058 E75.08048
G1 X106.718 Y113.253 E75.08751
G1 X106.718 Y114.11 E75.11601
G1 X107.267 Y116.082 E75.18409
G1 X107.815 Y114.11 E75.25217
G1 F2700 E70.25217
G0 F6000 X127.632 Y119.523
G1 F2700 E75.25217
G1 F1200 X127.632 Y121.153 E75.30638
G1 X127.726 Y121.282 E75.31169
G1 X127.843 Y121.153 E75.31748
G1 X127.843 Y119.526 E75.3716
G1 X127.712 Y119.494 E75.37608
G1 X127.632 Y119.523 E75.37891
G0 F6000 X127.472 Y119.155
G1 F1200 X127.232 Y119.193 E75.38699
G1 X127.232 Y121.284 E75.45654
G1 X127.533 Y121.696 E75.47351
G1 X127.743 Y122.18 E75.49106
G1 X127.845 Y121.863 E75.50214
G1 X128.038 Y121.528 E75.51499
G1 X128.243 Y121.314 E75.52485
G1 X128.243 Y119.21 E75.59483
G1 X127.814 Y119.108 E75.6095
G1 X127.714 Y119.07 E75.61305
G1 X127.472 Y119.155 E75.62159
G0 F6000 X127.41 Y118.76
G1 F1200 X126.832 Y118.851 E75.64105
G1 X126.832 Y121.48 E75.72849
G1 X126.98 Y121.617 E75.7352
G1 X127.185 Y121.897 E75.74674
G1 X127.364 Y122.299 E75.76137
G1 X127.46 Y122.728 E75.77599
G1 X127.417 Y123.226 E75.79262
G1 X126.101 Y127.932 E75.95515
G1 X125.841 Y128.391 E75.97269
G1 X125.352 Y128.835 E75.99466
G1 X124.815 Y129.077 E76.01425
G1 X124.083 Y129.096 E76.03861
G1 X123.481 Y128.858 E76.06014
G1 X122.585 Y128.217 E76.09678
G1 X121.871 Y127.615 E76.12784
G1 X121.021 Y126.767 E76.16778
G1 X120.331 Y125.948 E76.20339
G1 X119.715 Y125.079 E76.23882
G1 X119.228 Y124.262 E76.27046
G1 X118.709 Y123.198 E76.30983
G1 X118.357 Y122.295 E76.34207
G1 X118.025 Y121.179 E76.38079
G1 X117.83 Y120.248 E76.41243
G1 X117.685 Y119.076 E76.45171
G1 X117.647 Y118.159 E76.48223
G1 X117.647 Y110.216 E76.74642
G1 X117.917 Y109.459 E76.77315
G1 X118.303 Y109.03 E76.79234
G1 X119.284 Y108.307 E76.83288
G1 X121.055 Y107.318 E76.90034
G1 X122.769 Y106.623 E76.96186
G1 X124.916 Y106.068 E77.03562
G1 X126.961 Y105.829 E77.1041
G1 X128.939 Y105.857 E77.16989
G1 X130.793 Y106.115 E77.23215
G1 X132.953 Y106.714 E77.3067
G1 X134.746 Y107.484 E77.3716
G1 X136.385 Y108.443 E77.43476
G1 X137.291 Y109.132 E77.47262
G1 X137.723 Y109.807 E77.49928
G1 X137.824 Y110.429 E77.52023
G1 X137.824 Y118.161 E77.7774
G1 X137.78 Y119.144 E77.81013
G1 X137.65 Y120.185 E77.84502
G1 X137.407 Y121.33 E77.88395
G1 X137.111 Y122.302 E77.91775
G1 X136.701 Y123.339 E77.95484
G1 X136.257 Y124.237 E77.98816
G1 X135.671 Y125.206 E78.02582
G1 X135.075 Y126.031 E78.05967
G1 X134.37 Y126.855 E78.09574
G1 X133.61 Y127.607 E78.1313
G1 X132.843 Y128.25 E78.16459
G1 X131.9 Y128.921 E78.20308
G1 X131.415 Y129.115 E78.22046
G1 X130.755 Y129.155 E78.24245
G1 X130.177 Y129.004 E78.26232
G1 X129.655 Y128.599 E78.28429
G1 X129.549 Y128.475 E78.28972
G1 X129.266 Y127.96 E78.30926
G1 X128.031 Y123.134 E78.47495
G1 X128.029 Y122.599 E78.49274
G1 X128.213 Y122.026 E78.51276
G1 X128.385 Y121.727 E78.52423
G1 X128.643 Y121.488 E78.53593
G1 X128.643 Y118.83 E78.62434
G1 X128.32 Y118.819 E78.63508
G1 X127.908 Y118.719 E78.64919
G1 X127.731 Y118.634 E78.65572
G1 X127.41 Y118.76 E78.66719
G0 F6000 X127.344 Y118.366
G1 F1200 X126.964 Y118.43 E78.68
G1 X126.432 Y118.43 E78.6977
G1 X126.432 Y121.671 E78.80549
G1 X126.657 Y121.853 E78.81512
G1 X126.838 Y122.1 E78.8253
G1 X126.983 Y122.426 E78.83717
G1 X127.056 Y122.752 E78.84828
G1 X127.021 Y123.157 E78.8618
G1 X125.729 Y127.777 E79.02136
G1 X125.525 Y128.138 E79.03515
G1 X125.13 Y128.496 E79.05288
G1 X124.724 Y128.679 E79.06769
G1 X124.154 Y128.694 E79.08666
G1 X123.673 Y128.504 E79.10386
G1 X122.843 Y127.911 E79.13779
G1 X122.129 Y127.309 E79.16885
G1 X121.327 Y126.509 E79.20653
G1 X120.657 Y125.716 E79.24106
G1 X120.059 Y124.874 E79.2754
G1 X119.572 Y124.057 E79.30704
G1 X119.082 Y123.053 E79.3442
G1 X118.73 Y122.15 E79.37643
G1 X118.417 Y121.097 E79.41297
G1 X118.222 Y120.166 E79.44461
G1 X118.085 Y119.059 E79.48171
G1 X118.047 Y118.142 E79.51223
G1 X118.047 Y110.285 E79.77356
G1 X118.267 Y109.668 E79.79534
G1 X118.575 Y109.326 E79.81065
G1 X119.48 Y108.656 E79.8481
G1 X121.205 Y107.689 E79.91388
G1 X122.919 Y106.994 E79.97539
G1 X124.963 Y106.465 E80.04562
G1 X126.955 Y106.229 E80.11234
G1 X128.933 Y106.257 E80.17813
G1 X130.737 Y106.511 E80.23872
G1 X132.795 Y107.082 E80.30976
G1 X134.588 Y107.852 E80.37466
G1 X136.182 Y108.788 E80.43614
G1 X136.992 Y109.407 E80.47005
G1 X137.342 Y109.954 E80.49165
G1 X137.424 Y110.429 E80.50768
G1 X137.424 Y118.143 E80.76425
G1 X137.38 Y119.126 E80.79698
G1 X137.259 Y120.102 E80.82969
G1 X137.024 Y121.213 E80.86746
G1 X136.728 Y122.185 E80.90125
G1 X136.342 Y123.162 E80.93619
G1 X135.898 Y124.06 E80.96951
G1 X135.347 Y124.972 E81.00495
G1 X134.771 Y125.771 E81.03771
G1 X134.066 Y126.595 E81.07378
G1 X133.353 Y127.3 E81.10713
G1 X132.586 Y127.943 E81.14042
G1 X131.705 Y128.569 E81.17636
G1 X131.327 Y128.72 E81.1899
G1 X130.795 Y128.752 E81.20763
G1 X130.357 Y128.638 E81.22268
G1 X129.9 Y128.283 E81.24193
G1 X129.642 Y127.813 E81.25976
G1 X128.431 Y123.081 E81.42222
G1 X128.429 Y122.661 E81.43619
G1 X128.594 Y122.148 E81.45411
G1 X128.7 Y121.98 E81.46072
G1 X129.043 Y121.662 E81.47628
G1 X129.043 Y118.43 E81.58377
G1 X128.414 Y118.43 E81.60469
G1 X128.002 Y118.33 E81.61879
G1 X127.731 Y118.169 E81.62928
G1 X127.616 Y118.249 E81.63394
G1 X127.344 Y118.366 E81.64379
G0 F6000 X127.271 Y117.973
G1 F1200 X126.964 Y118.03 E81.65417
G1 X126.032 Y118.03 E81.68517
G1 X126.032 Y121.905 E81.81405
G1 X126.143 Y121.955 E81.8181
G1 X126.345 Y122.104 E81.82645
G1 X126.473 Y122.263 E81.83324
G1 X126.618 Y122.589 E81.84511
G1 X126.652 Y122.775 E81.85139
G1 X126.625 Y123.088 E81.86184
G1 X125.356 Y127.625 E82.01854
G1 X125.21 Y127.884 E82.02843
G1 X124.909 Y128.157 E82.04194
G1 X124.633 Y128.281 E82.052
G1 X124.225 Y128.292 E82.06558
G1 X123.866 Y128.15 E82.07842
G1 X123.101 Y127.605 E82.10966
G1 X122.387 Y127.003 E82.14072
G1 X121.632 Y126.25 E82.17619
G1 X120.983 Y125.484 E82.20958
G1 X120.403 Y124.669 E82.24285
G1 X119.916 Y123.852 E82.27449
G1 X119.455 Y122.908 E82.30943
G1 X119.103 Y122.005 E82.34166
G1 X118.809 Y121.015 E82.37601
G1 X118.614 Y120.084 E82.40765
G1 X118.485 Y119.042 E82.44257
G1 X118.447 Y118.125 E82.4731
G1 X118.447 Y110.354 E82.73156
G1 X118.617 Y109.877 E82.7484
G1 X118.845 Y109.624 E82.75973
G1 X119.676 Y109.005 E82.7942
G1 X121.355 Y108.06 E82.85828
G1 X123.069 Y107.365 E82.91979
G1 X125.011 Y106.862 E82.98652
G1 X126.95 Y106.629 E83.05147
G1 X128.877 Y106.653 E83.11557
G1 X130.681 Y106.907 E83.17616
G1 X132.638 Y107.45 E83.24371
G1 X134.385 Y108.197 E83.30691
G1 X135.979 Y109.133 E83.36839
G1 X136.693 Y109.682 E83.39834
G1 X136.962 Y110.102 E83.41493
G1 X137.024 Y110.429 E83.426
G1 X137.024 Y118.125 E83.68197
G1 X136.98 Y119.108 E83.7147
G1 X136.862 Y120.052 E83.74634
G1 X136.641 Y121.097 E83.78187
G1 X136.356 Y122.038 E83.81457
G1 X135.983 Y122.985 E83.84842
G1 X135.539 Y123.883 E83.88174
G1 X135.022 Y124.739 E83.915
G1 X134.467 Y125.511 E83.94662
G1 X133.784 Y126.311 E83.98161
G1 X133.096 Y126.993 E84.01383
G1 X132.329 Y127.636 E84.04712
G1 X131.513 Y128.215 E84.0804
G1 X131.238 Y128.325 E84.09025
G1 X130.835 Y128.349 E84.10368
G1 X130.539 Y128.272 E84.11385
G1 X130.21 Y128.016 E84.12771
G1 X130.018 Y127.667 E84.14096
G1 X128.831 Y123.028 E84.30023
G1 X128.829 Y122.724 E84.31034
G1 X128.975 Y122.271 E84.32617
G1 X129.293 Y121.97 E84.34073
G1 X129.443 Y121.898 E84.34627
G1 X129.443 Y118.03 E84.47492
G1 X128.463 Y118.03 E84.50751
G1 X128.096 Y117.941 E84.52007
G1 X127.829 Y117.744 E84.53111
G1 X127.744 Y117.639 E84.5356
G1 X127.441 Y117.89 E84.54869
G1 X127.271 Y117.973 E84.55498
G1 F2700 E79.55498
G0 F6000 X126.517 Y122.17
G0 X124.782 Y128.366
G0 X123.34 Y127.366
G0 X122.595 Y126.739
G0 X121.905 Y126.053
G0 X121.273 Y125.312
G0 X120.952 Y124.863
G0 X116.953 Y118.143
G1 F2700 E84.55498
G1 F1200 X116.909 Y119.126 E84.58771
G1 X116.788 Y120.102 E84.62042
G1 X116.553 Y121.213 E84.65819
G1 X116.257 Y122.185 E84.69198
G1 X115.877 Y123.147 E84.72638
G1 X115.41 Y124.088 E84.76132
G1 X114.876 Y124.974 E84.79573
G1 X114.32 Y125.747 E84.8274
G1 X113.594 Y126.595 E84.86453
G1 X112.906 Y127.277 E84.89675
G1 X112.089 Y127.962 E84.93221
G1 X111.22 Y128.578 E84.96764
G1 X110.816 Y128.722 E84.9819
G1 X110.451 Y128.764 E84.99412
G1 X110 Y128.673 E85.00943
G1 X109.833 Y128.596 E85.01554
G1 X109.428 Y128.281 E85.03261
G1 X109.171 Y127.813 E85.05037
G1 X107.96 Y123.081 E85.21283
G1 X107.958 Y122.661 E85.2268
G1 X108.123 Y122.148 E85.24472
G1 X108.229 Y121.98 E85.25133
G1 X108.572 Y121.662 E85.26688
G1 X108.572 Y118.43 E85.37438
G1 X107.943 Y118.43 E85.3953
G1 X107.531 Y118.33 E85.4094
G1 X107.26 Y118.169 E85.41989
G1 X107.145 Y118.249 E85.42454
G1 X106.873 Y118.366 E85.43439
G1 X106.493 Y118.43 E85.44721
G1 X105.961 Y118.43 E85.4649
G1 X105.961 Y121.671 E85.5727
G1 X106.186 Y121.853 E85.58233
G1 X106.367 Y122.1 E85.59251
G1 X106.512 Y122.426 E85.60438
G1 X106.585 Y122.752 E85.61549
G1 X106.55 Y123.157 E85.62901
G1 X105.257 Y127.777 E85.78858
G1 X105.053 Y128.138 E85.80237
G1 X104.658 Y128.496 E85.8201
G1 X104.252 Y128.679 E85.83491
G1 X103.685 Y128.694 E85.85377
G1 X103.202 Y128.504 E85.87104
G1 X102.372 Y127.911 E85.90497
G1 X101.657 Y127.309 E85.93605
G1 X100.854 Y126.507 E85.9738
G1 X100.186 Y125.716 E86.00824
G1 X99.588 Y124.874 E86.04258
G1 X99.092 Y124.042 E86.0748
G1 X98.617 Y123.068 E86.11084
G1 X98.259 Y122.15 E86.14362
G1 X97.946 Y121.097 E86.18015
G1 X97.751 Y120.166 E86.21179
G1 X97.614 Y119.059 E86.24889
G1 X97.576 Y118.142 E86.27942
G1 X97.576 Y110.285 E86.54074
G1 X97.796 Y109.668 E86.56253
G1 X98.104 Y109.326 E86.57784
G1 X99.009 Y108.656 E86.61529
G1 X100.734 Y107.689 E86.68106
G1 X102.448 Y106.994 E86.74258
G1 X104.491 Y106.465 E86.81277
G1 X106.484 Y106.229 E86.87952
G1 X108.461 Y106.257 E86.94528
G1 X110.266 Y106.511 E87.00591
G1 X112.324 Y107.082 E87.07694
G1 X114.117 Y107.852 E87.14184
G1 X115.711 Y108.788 E87.20333
G1 X116.521 Y109.407 E87.23723
G1 X116.871 Y109.954 E87.25883
G1 X116.953 Y110.429 E87.27486
G1 X116.953 Y118.143 E87.53143
G0 F6000 X116.553 Y118.125
G1 F1200 X116.509 Y119.108 E87.56416
G1 X116.391 Y120.052 E87.5958
G1 X116.17 Y121.097 E87.63133
G1 X115.885 Y122.038 E87.66403
G1 X115.518 Y122.97 E87.69734
G1 X115.067 Y123.882 E87.73118
G1 X114.551 Y124.74 E87.76448
G1 X113.995 Y125.513 E87.79615
G1 X113.312 Y126.311 E87.83109
G1 X112.649 Y126.97 E87.86218
G1 X111.832 Y127.655 E87.89764
G1 X111.036 Y128.219 E87.93009
G1 X110.682 Y128.345 E87.94259
G1 X110.469 Y128.36 E87.94969
G1 X110.079 Y128.281 E87.96292
G1 X109.739 Y128.016 E87.97726
G1 X109.547 Y127.667 E87.99051
G1 X108.36 Y123.028 E88.14977
G1 X108.358 Y122.724 E88.15989
G1 X108.504 Y122.271 E88.17572
G1 X108.822 Y121.97 E88.19028
G1 X108.972 Y121.898 E88.19581
G1 X108.972 Y118.03 E88.32446
G1 X107.992 Y118.03 E88.35706
G1 X107.625 Y117.941 E88.36962
G1 X107.358 Y117.744 E88.38065
G1 X107.273 Y117.639 E88.38515
G1 X106.97 Y117.89 E88.39823
G1 X106.8 Y117.973 E88.40453
G1 X106.493 Y118.03 E88.41491
G1 X105.561 Y118.03 E88.44591
G1 X105.561 Y121.905 E88.57479
G1 X105.672 Y121.955 E88.57884
G1 X105.874 Y122.104 E88.58719
G1 X106.002 Y122.263 E88.59398
G1 X106.147 Y122.589 E88.60585
G1 X106.181 Y122.775 E88.61214
G1 X106.154 Y123.088 E88.62259
G1 X104.884 Y127.625 E88.77929
G1 X104.738 Y127.884 E88.78918
G1 X104.437 Y128.157 E88.80269
G1 X104.161 Y128.281 E88.81275
G1 X103.754 Y128.292 E88.8263
G1 X103.393 Y128.15 E88.8392
G1 X102.63 Y127.605 E88.87039
G1 X101.915 Y127.003 E88.90147
G1 X101.159 Y126.249 E88.93699
G1 X100.512 Y125.484 E88.97031
G1 X99.932 Y124.669 E89.00358
G1 X99.436 Y123.837 E89.0358
G1 X98.99 Y122.923 E89.06962
G1 X98.632 Y122.005 E89.1024
G1 X98.338 Y121.015 E89.13674
G1 X98.143 Y120.084 E89.16838
G1 X98.014 Y119.042 E89.2033
G1 X97.976 Y118.125 E89.23383
G1 X97.976 Y110.354 E89.49229
G1 X98.146 Y109.877 E89.50914
G1 X98.374 Y109.624 E89.52046
G1 X99.205 Y109.005 E89.55493
G1 X100.884 Y108.06 E89.61901
G1 X102.598 Y107.365 E89.68053
G1 X104.539 Y106.862 E89.74722
G1 X106.479 Y106.629 E89.8122
G1 X108.405 Y106.653 E89.87627
G1 X110.21 Y106.907 E89.93689
G1 X112.167 Y107.45 E90.00444
G1 X113.914 Y108.197 E90.06764
G1 X115.508 Y109.133 E90.12912
G1 X116.222 Y109.682 E90.15908
G1 X116.491 Y110.102 E90.17566
G1 X116.553 Y110.429 E90.18673
G1 X116.553 Y118.125 E90.4427
G0 F6000 X115.753 Y118.091
G1 F1200 X115.715 Y119.008 E90.47323
G1 X115.597 Y119.952 E90.50487
G1 X115.404 Y120.867 E90.53597
G1 X115.141 Y121.746 E90.56649
G1 X114.8 Y122.617 E90.5976
G1 X114.381 Y123.471 E90.62924
G1 X113.901 Y124.273 E90.66033
G1 X113.366 Y125.019 E90.69086
G1 X112.748 Y125.743 E90.72252
G1 X112.085 Y126.402 E90.75361
G1 X111.37 Y127.003 E90.78468
G1 X110.621 Y127.534 E90.81522
G1 X110.501 Y127.571 E90.81939
G1 X110.383 Y127.53 E90.82355
G1 X110.311 Y127.421 E90.82789
G1 X109.148 Y122.875 E90.98396
G1 X109.157 Y122.75 E90.98813
G1 X109.262 Y122.625 E90.99356
G1 X109.772 Y122.626 E91.01052
G1 X109.772 Y117.23 E91.18999
G1 X108.041 Y117.23 E91.24757
G1 X107.922 Y117.191 E91.25173
G1 X107.85 Y117.089 E91.25588
G1 X107.848 Y116.976 E91.25964
G1 X108.615 Y114.216 E91.35492
G1 X108.615 Y113.339 E91.38409
G1 X108.568 Y112.982 E91.39607
G1 X108.432 Y112.655 E91.40785
G1 X108.218 Y112.376 E91.41954
G1 X107.939 Y112.161 E91.43126
G1 X107.614 Y112.027 E91.44295
G1 X107.267 Y111.981 E91.45459
G1 X106.919 Y112.027 E91.46627
G1 X106.595 Y112.161 E91.47793
G1 X106.315 Y112.376 E91.48967
G1 X106.101 Y112.655 E91.50136
G1 X105.965 Y112.982 E91.51314
G1 X105.918 Y113.339 E91.52512
G1 X105.918 Y114.216 E91.55429
G1 X106.686 Y116.976 E91.64957
G1 X106.68 Y117.101 E91.65374
G1 X106.601 Y117.198 E91.6579
G1 X106.493 Y117.23 E91.66164
G1 X104.761 Y117.23 E91.71925
G1 X104.761 Y122.617 E91.89842
G1 X105.191 Y122.618 E91.91272
G1 X105.31 Y122.657 E91.91689
G1 X105.382 Y122.759 E91.92104
G1 X105.384 Y122.872 E91.9248
G1 X104.127 Y127.361 E92.07985
G1 X104.057 Y127.465 E92.08402
G1 X103.94 Y127.507 E92.08815
G1 X103.818 Y127.47 E92.09239
G1 X103.146 Y126.993 E92.1198
G1 X102.431 Y126.391 E92.15089
G1 X101.769 Y125.731 E92.18198
G1 X101.163 Y125.019 E92.21308
G1 X100.619 Y124.259 E92.24416
G1 X100.139 Y123.456 E92.27528
G1 X99.735 Y122.632 E92.3058
G1 X99.388 Y121.746 E92.33745
G1 X99.121 Y120.851 E92.36852
G1 X98.932 Y119.952 E92.39907
G1 X98.814 Y119.008 E92.43071
G1 X98.776 Y118.091 E92.46124
G1 X98.776 Y110.423 E92.71628
G1 X98.855 Y110.263 E92.72221
G1 X99.599 Y109.701 E92.75322
G1 X101.184 Y108.802 E92.81383
G1 X102.898 Y108.107 E92.87535
G1 X104.636 Y107.656 E92.93507
G1 X106.471 Y107.429 E92.99656
G1 X108.293 Y107.445 E93.05717
G1 X110.098 Y107.699 E93.11779
G1 X111.854 Y108.186 E93.1784
G1 X113.508 Y108.887 E93.23815
G1 X115.102 Y109.823 E93.29963
G1 X115.676 Y110.271 E93.32385
G1 X115.753 Y110.429 E93.3297
G1 X115.753 Y118.091 E93.58454
G0 F6000 X116.153 Y118.108
G1 F1200 X116.112 Y119.058 E93.61616
G1 X115.994 Y120.002 E93.6478
G1 X115.787 Y120.982 E93.68112
G1 X115.513 Y121.892 E93.71273
G1 X115.159 Y122.793 E93.74492
G1 X114.724 Y123.676 E93.77766
G1 X114.226 Y124.506 E93.80986
G1 X113.67 Y125.279 E93.84153
G1 X113.03 Y126.027 E93.87427
G1 X112.367 Y126.686 E93.90536
G1 X111.601 Y127.329 E93.93862
G1 X110.852 Y127.86 E93.96916
G1 X110.548 Y127.968 E93.97989
G1 X110.252 Y127.908 E93.98994
G1 X110.049 Y127.75 E93.99849
G1 X109.923 Y127.52 E94.00722
G1 X108.76 Y122.974 E94.16329
G1 X108.758 Y122.721 E94.1717
G1 X108.851 Y122.493 E94.17989
G1 X109.097 Y122.26 E94.19116
G1 X109.372 Y122.225 E94.20038
G1 X109.372 Y117.63 E94.35321
G1 X108.041 Y117.63 E94.39748
G1 X107.797 Y117.571 E94.40583
G1 X107.595 Y117.422 E94.41418
G1 X107.45 Y117.096 E94.42604
G1 X107.463 Y116.869 E94.43361
G1 X108.215 Y114.163 E94.52702
G1 X108.215 Y113.368 E94.55346
G1 X108.178 Y113.085 E94.56295
G1 X108.082 Y112.855 E94.57124
G1 X107.934 Y112.662 E94.57933
G1 X107.737 Y112.51 E94.58761
G1 X107.512 Y112.417 E94.59571
G1 X107.266 Y112.385 E94.60396
G1 X107.023 Y112.417 E94.61211
G1 X106.796 Y112.511 E94.62028
G1 X106.599 Y112.663 E94.62856
G1 X106.451 Y112.855 E94.63662
G1 X106.355 Y113.085 E94.64491
G1 X106.318 Y113.368 E94.6544
G1 X106.318 Y114.163 E94.68084
G1 X107.071 Y116.869 E94.77427
G1 X107.08 Y117.12 E94.78262
G1 X106.99 Y117.354 E94.79096
G1 X106.715 Y117.582 E94.80284
G1 X106.493 Y117.63 E94.81039
G1 X105.161 Y117.63 E94.8547
G1 X105.161 Y122.218 E95.00729
G1 X105.435 Y122.277 E95.01662
G1 X105.637 Y122.426 E95.02496
G1 X105.782 Y122.752 E95.03683
G1 X105.769 Y122.98 E95.04443
G1 X104.512 Y127.469 E95.19947
G1 X104.389 Y127.688 E95.20783
G1 X104.192 Y127.841 E95.21613
G1 X104.075 Y127.883 E95.22026
G1 X103.824 Y127.89 E95.22861
G1 X103.586 Y127.796 E95.23712
G1 X102.888 Y127.299 E95.26562
G1 X102.173 Y126.697 E95.29671
G1 X101.464 Y125.99 E95.33001
G1 X100.838 Y125.252 E95.3622
G1 X100.276 Y124.464 E95.39439
G1 X99.78 Y123.632 E95.42661
G1 X99.363 Y122.778 E95.45822
G1 X99.005 Y121.86 E95.49099
G1 X98.73 Y120.933 E95.52315
G1 X98.535 Y120.002 E95.55479
G1 X98.414 Y119.025 E95.58753
G1 X98.376 Y118.108 E95.61806
G1 X98.376 Y110.423 E95.87366
G1 X98.496 Y110.086 E95.88556
G1 X98.614 Y109.944 E95.8917
G1 X99.402 Y109.353 E95.92446
G1 X101.034 Y108.431 E95.9868
G1 X102.748 Y107.736 E96.04832
G1 X104.587 Y107.259 E96.11151
G1 X106.475 Y107.029 E96.17477
G1 X108.349 Y107.049 E96.2371
G1 X110.154 Y107.303 E96.29773
G1 X112.01 Y107.818 E96.36179
G1 X113.711 Y108.542 E96.42328
G1 X115.305 Y109.478 E96.48476
G1 X115.922 Y109.956 E96.51072
G1 X116.113 Y110.254 E96.52249
G1 X116.153 Y110.429 E96.52846
G1 X116.153 Y118.108 E96.78387
G1 F2700 E91.78387
G0 F6000 X127.738 Y114.59
G1 F2700 E96.78387
G1 F1200 X127.886 Y114.057 E96.80226
G1 X127.886 Y113.342 E96.82605
G1 X127.755 Y113.198 E96.83252
G1 X127.675 Y113.219 E96.83527
G1 X127.59 Y113.332 E96.83997
G1 X127.59 Y114.057 E96.86409
G1 X127.738 Y114.59 E96.88249
G0 F6000 X128.286 Y114.11
G1 F1200 X128.286 Y113.235 E96.91159
G1 X128.12 Y112.946 E96.92267
G1 X127.878 Y112.807 E96.93196
G1 X127.738 Y112.789 E96.93665
G1 X127.468 Y112.861 E96.94594
G1 X127.27 Y113.058 E96.95523
G1 X127.19 Y113.251 E96.96218
G1 X127.19 Y114.11 E96.99075
G1 X127.738 Y116.082 E97.05883
G1 X128.286 Y114.11 E97.1269
G0 F6000 X129.086 Y114.216
G1 F1200 X129.086 Y113.339 E97.15607
G1 X129.039 Y112.98 E97.16811
G1 X128.905 Y112.656 E97.17978
G1 X128.69 Y112.376 E97.19152
G1 X128.41 Y112.161 E97.20326
G1 X128.086 Y112.027 E97.21492
G1 X127.738 Y111.981 E97.2266
G1 X127.39 Y112.027 E97.23827
G1 X127.066 Y112.161 E97.24993
G1 X126.786 Y112.376 E97.26167
G1 X126.572 Y112.655 E97.27337
G1 X126.436 Y112.982 E97.28515
G1 X126.39 Y113.339 E97.29712
G1 X126.39 Y114.216 E97.32629
G1 X127.157 Y116.976 E97.42157
G1 X127.151 Y117.101 E97.42573
G1 X127.072 Y117.198 E97.42989
G1 X126.964 Y117.23 E97.43364
G1 X125.232 Y117.23 E97.49124
G1 X125.232 Y122.617 E97.67041
G1 X125.662 Y122.618 E97.68472
G1 X125.781 Y122.657 E97.68888
G1 X125.853 Y122.759 E97.69303
G1 X125.855 Y122.872 E97.69679
G1 X124.599 Y127.361 E97.85183
G1 X124.529 Y127.465 E97.856
G1 X124.412 Y127.507 E97.86014
G1 X124.29 Y127.47 E97.86438
G1 X123.617 Y126.993 E97.89181
G1 X122.903 Y126.391 E97.92287
G1 X122.241 Y125.731 E97.95397
G1 X121.634 Y125.019 E97.98509
G1 X121.09 Y124.259 E98.01617
G1 X120.619 Y123.471 E98.04671
G1 X120.2 Y122.617 E98.07834
G1 X119.859 Y121.746 E98.10945
G1 X119.592 Y120.851 E98.14052
G1 X119.403 Y119.952 E98.17107
G1 X119.285 Y119.008 E98.20272
G1 X119.247 Y118.091 E98.23324
G1 X119.247 Y110.423 E98.48828
G1 X119.326 Y110.263 E98.49421
G1 X120.07 Y109.701 E98.52523
G1 X121.655 Y108.802 E98.58583
G1 X123.369 Y108.107 E98.64735
G1 X125.108 Y107.656 E98.7071
G1 X126.942 Y107.429 E98.76857
G1 X128.765 Y107.445 E98.8292
G1 X130.569 Y107.699 E98.8898
G1 X132.325 Y108.186 E98.9504
G1 X133.979 Y108.887 E99.01015
G1 X135.573 Y109.823 E99.07163
G1 X136.147 Y110.271 E99.09585
G1 X136.224 Y110.429 E99.1017
G1 X136.224 Y118.091 E99.35654
G1 X136.186 Y119.008 E99.38706
G1 X136.068 Y119.952 E99.41871
G1 X135.875 Y120.867 E99.44981
G1 X135.612 Y121.746 E99.48032
G1 X135.265 Y122.632 E99.51197
G1 X134.853 Y123.471 E99.54306
G1 X134.372 Y124.273 E99.57416
G1 X133.837 Y125.019 E99.6047
G1 X133.22 Y125.743 E99.63634
G1 X132.557 Y126.402 E99.66743
G1 X131.841 Y127.003 E99.69852
G1 X131.092 Y127.534 E99.72906
G1 X130.972 Y127.571 E99.73323
G1 X130.854 Y127.53 E99.73739
G1 X130.782 Y127.421 E99.74173
G1 X129.619 Y122.875 E99.8978
G1 X129.628 Y122.75 E99.90197
G1 X129.733 Y122.625 E99.9074
G1 X130.243 Y122.626 E99.92436
G1 X130.243 Y117.23 E100.10384
G1 X128.512 Y117.23 E100.16141
G1 X128.393 Y117.191 E100.16557
G1 X128.321 Y117.089 E100.16973
G1 X128.319 Y116.976 E100.17349
G1 X129.086 Y114.216 E100.26876
G0 F6000 X128.686 Y114.163
G1 F1200 X128.686 Y113.368 E100.2952
G1 X128.649 Y113.084 E100.30473
G1 X128.555 Y112.857 E100.3129
G1 X128.405 Y112.661 E100.32111
G1 X128.209 Y112.511 E100.32932
G1 X127.982 Y112.417 E100.33749
G1 X127.738 Y112.385 E100.34568
G1 X127.494 Y112.417 E100.35386
G1 X127.267 Y112.511 E100.36203
G1 X127.07 Y112.663 E100.37031
G1 X126.922 Y112.855 E100.37837
G1 X126.826 Y113.085 E100.38666
G1 X126.79 Y113.367 E100.39612
G1 X126.79 Y114.163 E100.42259
G1 X127.542 Y116.869 E100.516
G1 X127.551 Y117.12 E100.52436
G1 X127.461 Y117.354 E100.5327
G1 X127.186 Y117.582 E100.54458
G1 X126.964 Y117.63 E100.55213
G1 X125.632 Y117.63 E100.59644
G1 X125.632 Y122.218 E100.74903
G1 X125.906 Y122.277 E100.75835
G1 X126.108 Y122.426 E100.7667
G1 X126.253 Y122.752 E100.77857
G1 X126.24 Y122.98 E100.78617
G1 X124.984 Y127.469 E100.9412
G1 X124.861 Y127.688 E100.94956
G1 X124.664 Y127.841 E100.95786
G1 X124.547 Y127.883 E100.96199
G1 X124.296 Y127.89 E100.97034
G1 X124.059 Y127.796 E100.97882
G1 X123.359 Y127.299 E101.00737
G1 X122.645 Y126.697 E101.03844
G1 X121.937 Y125.991 E101.07169
G1 X121.309 Y125.252 E101.10395
G1 X120.747 Y124.464 E101.13614
G1 X120.26 Y123.647 E101.16777
G1 X119.828 Y122.763 E101.2005
G1 X119.476 Y121.86 E101.23273
G1 X119.201 Y120.933 E101.26489
G1 X119.006 Y120.002 E101.29653
G1 X118.885 Y119.025 E101.32928
G1 X118.847 Y118.108 E101.3598
G1 X118.847 Y110.423 E101.61541
G1 X118.967 Y110.086 E101.6273
G1 X119.085 Y109.944 E101.63344
G1 X119.873 Y109.353 E101.66621
G1 X121.505 Y108.431 E101.72855
G1 X123.219 Y107.736 E101.79007
G1 X125.059 Y107.259 E101.85329
G1 X126.946 Y107.029 E101.91651
G1 X128.821 Y107.049 E101.97888
G1 X130.625 Y107.303 E102.03947
G1 X132.481 Y107.818 E102.10354
G1 X134.182 Y108.542 E102.16502
G1 X135.776 Y109.478 E102.2265
G1 X136.393 Y109.956 E102.25246
G1 X136.584 Y110.254 E102.26424
G1 X136.624 Y110.429 E102.27021
G1 X136.624 Y118.108 E102.52561
G1 X136.583 Y119.058 E102.55724
G1 X136.465 Y120.002 E102.58888
G1 X136.258 Y120.982 E102.62219
G1 X135.984 Y121.892 E102.6538
G1 X135.624 Y122.808 E102.68654
G1 X135.196 Y123.677 E102.71876
G1 X134.697 Y124.506 E102.75094
G1 X134.162 Y125.252 E102.78147
G1 X133.502 Y126.027 E102.81533
G1 X132.839 Y126.686 E102.84642
G1 X132.072 Y127.329 E102.87971
G1 X131.323 Y127.86 E102.91025
G1 X131.09 Y127.953 E102.91859
G1 X130.841 Y127.949 E102.92687
G1 X130.723 Y127.908 E102.93103
G1 X130.52 Y127.75 E102.93958
G1 X130.394 Y127.52 E102.94831
G1 X129.231 Y122.974 E103.10438
G1 X129.229 Y122.721 E103.11279
G1 X129.322 Y122.493 E103.12098
G1 X129.568 Y122.26 E103.13225
G1 X129.843 Y122.225 E103.14147
G1 X129.843 Y117.63 E103.2943
G1 X128.512 Y117.63 E103.33857
G1 X128.268 Y117.571 E103.34692
G1 X128.066 Y117.422 E103.35527
G1 X127.921 Y117.096 E103.36714
G1 X127.934 Y116.869 E103.3747
G1 X128.686 Y114.163 E103.46811
G1 F2700 E98.46811
;MESH:FT08-Gear Clips.stl
G0 F6000 X125.107 Y123.239
G0 X124.056 Y126.316
;TYPE:WALL-INNER
G1 F2700 E103.46811
G1 F1200 X124.89 Y123.337 E103.571
G1 X124.518 Y123.127 E103.58521
G1 X124.435 Y122.881 E103.59385
G1 X124.432 Y117.028 E103.78852
G1 X124.533 Y116.693 E103.80016
G1 X124.738 Y116.505 E103.80941
G1 X125.032 Y116.428 E103.81951
G1 X126.174 Y116.428 E103.8575
G1 X125.589 Y114.33 E103.92994
G1 X125.593 Y113.245 E103.96603
G1 X125.655 Y112.776 E103.98176
G1 X125.87 Y112.251 E104.00063
G1 X126.211 Y111.803 E104.01936
G1 X126.659 Y111.462 E104.03808
G1 X127.189 Y111.246 E104.05712
G1 X127.737 Y111.174 E104.0755
G1 X128.294 Y111.249 E104.09419
G1 X128.813 Y111.462 E104.11285
G1 X129.261 Y111.804 E104.1316
G1 X129.603 Y112.254 E104.1504
G1 X129.816 Y112.767 E104.16887
G1 X129.88 Y113.245 E104.18491
G1 X129.883 Y114.332 E104.22107
G1 X129.302 Y116.428 E104.29341
G1 X130.44 Y116.428 E104.33126
G1 X130.735 Y116.505 E104.3414
G1 X130.939 Y116.693 E104.35063
G1 X131.04 Y116.903 E104.35838
G1 X131.037 Y122.886 E104.55737
G1 X130.945 Y123.148 E104.56661
G1 X130.568 Y123.355 E104.58091
G1 X131.341 Y126.373 E104.68453
G1 X132.018 Y125.805 E104.71393
G1 X132.627 Y125.2 E104.74248
G1 X133.206 Y124.518 E104.77223
G1 X133.697 Y123.834 E104.80024
G1 X134.156 Y123.068 E104.82994
G1 X134.53 Y122.309 E104.85808
G1 X134.855 Y121.481 E104.88767
G1 X135.101 Y120.648 E104.91655
G1 X135.275 Y119.825 E104.94453
G1 X135.385 Y118.934 E104.97439
G1 X135.424 Y118.062 E105.00342
G1 X135.424 Y110.722 E105.24755
G1 X135.106 Y110.474 E105.26097
G1 X133.629 Y109.606 E105.31795
G1 X132.05 Y108.937 E105.37498
G1 X130.386 Y108.477 E105.4324
G1 X128.696 Y108.24 E105.48916
G1 X126.975 Y108.228 E105.54641
G1 X125.269 Y108.439 E105.60358
G1 X123.606 Y108.871 E105.66073
G1 X122.018 Y109.518 E105.71776
G1 X120.518 Y110.363 E105.77502
G1 X120.044 Y110.723 E105.79482
G1 X120.044 Y118.074 E106.03931
G1 X120.083 Y118.933 E106.06791
G1 X120.193 Y119.825 E106.09781
G1 X120.366 Y120.648 E106.12578
G1 X120.612 Y121.48 E106.15464
G1 X120.938 Y122.305 E106.18414
G1 X121.312 Y123.069 E106.21243
G1 X121.771 Y123.835 E106.24213
G1 X122.266 Y124.53 E106.27051
G1 X122.832 Y125.191 E106.29946
G1 X123.45 Y125.804 E106.32841
G1 X124.056 Y126.316 E106.35479
G1 F2700 E101.35479
G0 F6000 X125.091 Y123.251
G0 X124.594 Y123.254
G0 X124.594 Y116.592
G0 X126.393 Y116.596
G0 X125.741 Y114.306
G0 X125.741 Y113.3
G0 X125.804 Y112.81
G0 X126.005 Y112.327
G0 X126.323 Y111.913
G0 X126.739 Y111.595
G0 X127.22 Y111.396
G0 X127.738 Y111.326
G0 X128.256 Y111.396
G0 X128.737 Y111.595
G0 X129.153 Y111.913
G0 X129.471 Y112.329
G0 X129.67 Y112.81
G0 X129.735 Y113.299
G0 X129.735 Y114.306
G0 X129.083 Y116.596
G0 X130.881 Y116.592
G0 X130.881 Y123.265
G0 X131.259 Y126.599
G0 X131.098 Y127.036
;TYPE:WALL-OUTER
G1 F2700 E106.35479
G1 F1200 X131.613 Y126.669 E106.37583
G1 X132.288 Y126.1 E106.40519
G1 X132.921 Y125.472 E106.43485
G1 X133.522 Y124.764 E106.46574
G1 X134.032 Y124.054 E106.49481
G1 X134.508 Y123.26 E106.5256
G1 X134.896 Y122.471 E106.55484
G1 X135.234 Y121.611 E106.58558
G1 X135.489 Y120.746 E106.61557
G1 X135.67 Y119.891 E106.64464
G1 X135.784 Y118.967 E106.67561
G1 X135.824 Y118.071 E106.70544
G1 X135.824 Y110.526 E106.95638
G1 X135.331 Y110.142 E106.97717
G1 X133.809 Y109.248 E107.03588
G1 X132.182 Y108.558 E107.09466
G1 X130.467 Y108.085 E107.15383
G1 X128.725 Y107.84 E107.21234
G1 X126.952 Y107.828 E107.27131
G1 X125.194 Y108.045 E107.33022
G1 X123.48 Y108.491 E107.38913
G1 X121.844 Y109.157 E107.44788
G1 X120.298 Y110.028 E107.5069
G1 X119.644 Y110.524 E107.5342
G1 X119.644 Y118.083 E107.78561
G1 X119.684 Y118.967 E107.81504
G1 X119.798 Y119.891 E107.84601
G1 X119.978 Y120.746 E107.87507
G1 X120.234 Y121.61 E107.90504
G1 X120.572 Y122.467 E107.93568
G1 X120.96 Y123.26 E107.96505
G1 X121.436 Y124.054 E107.99584
G1 X121.95 Y124.776 E108.02531
G1 X122.539 Y125.463 E108.05541
G1 X123.18 Y126.1 E108.08547
G1 X123.855 Y126.669 E108.11483
G1 X124.287 Y126.976 E108.13246
G1 X125.396 Y123.016 E108.26924
G1 X125.032 Y123.016 E108.28134
G1 X124.86 Y122.92 E108.28789
G1 X124.833 Y122.838 E108.29077
G1 X124.832 Y116.988 E108.48534
G1 X124.953 Y116.828 E108.49201
G1 X126.7 Y116.828 E108.55012
G1 X125.988 Y114.258 E108.63881
G1 X125.989 Y113.297 E108.67078
G1 X126.043 Y112.89 E108.68443
G1 X126.236 Y112.43 E108.70102
G1 X126.496 Y112.088 E108.71531
G1 X126.841 Y111.826 E108.72972
G1 X127.277 Y111.64 E108.74549
G1 X127.736 Y111.577 E108.7609
G1 X128.198 Y111.641 E108.77641
G1 X128.634 Y111.828 E108.79219
G1 X128.975 Y112.089 E108.80647
G1 X129.241 Y112.437 E108.82104
G1 X129.425 Y112.873 E108.83678
G1 X129.483 Y113.297 E108.85101
G1 X129.484 Y114.258 E108.88298
G1 X128.776 Y116.828 E108.97164
G1 X130.52 Y116.828 E109.02964
G1 X130.64 Y116.985 E109.03622
G1 X130.639 Y122.845 E109.23112
G1 X130.609 Y122.932 E109.23418
G1 X130.44 Y123.024 E109.24058
G1 X130.07 Y123.024 E109.25289
G1 X131.098 Y127.036 E109.39064
G1 F2700 E104.39064
G0 F6000 X131.259 Y126.599
G0 X130.372 Y123.26
G0 X130.881 Y123.265
G0 X130.881 Y116.592
G0 X129.083 Y116.596
G0 X129.735 Y114.306
G0 X129.735 Y113.299
G0 X129.67 Y112.81
G0 X129.471 Y112.329
G0 X129.153 Y111.913
G0 X128.737 Y111.595
G0 X128.256 Y111.396
G0 X127.738 Y111.326
G0 X127.22 Y111.396
G0 X126.739 Y111.595
G0 X126.323 Y111.913
G0 X126.005 Y112.327
G0 X125.804 Y112.81
G0 X125.741 Y113.3
G0 X125.741 Y114.306
G0 X126.393 Y116.596
G0 X124.594 Y116.592
G0 X124.594 Y123.254
G0 X125.091 Y123.251
G0 X123.959 Y126.001
G0 X123.698 Y125.882
G0 X123.853 Y125.699
;TYPE:SKIN
G1 F2700 E109.39064
G1 F1200 X123.103 Y124.951 E109.42587
G1 X122.554 Y124.312 E109.45389
G1 X122.08 Y123.646 E109.48108
G1 X121.62 Y122.884 E109.51068
G1 X121.26 Y122.143 E109.53808
G1 X120.95 Y121.358 E109.56615
G1 X120.715 Y120.559 E109.59385
G1 X120.55 Y119.763 E109.62089
G1 X120.44 Y118.891 E109.65013
G1 X120.404 Y118.071 E109.67742
G1 X120.404 Y110.9 E109.91593
G1 X120.71 Y110.668 E109.92871
G1 X122.176 Y109.841 E109.98469
G1 X123.72 Y109.211 E110.04015
G1 X125.334 Y108.793 E110.0956
G1 X127 Y108.588 E110.15143
G1 X128.673 Y108.6 E110.20708
G1 X130.307 Y108.829 E110.26196
G1 X131.93 Y109.278 E110.31797
G1 X133.466 Y109.928 E110.37344
G1 X134.895 Y110.766 E110.42854
G1 X135.064 Y110.898 E110.43567
G1 X135.064 Y118.047 E110.67345
G1 X135.024 Y118.891 E110.70155
G1 X134.914 Y119.779 E110.73131
G1 X134.753 Y120.547 E110.75741
G1 X134.518 Y121.351 E110.78527
G1 X134.196 Y122.166 E110.81442
G1 X133.844 Y122.884 E110.84101
G1 X133.384 Y123.646 E110.87062
G1 X132.93 Y124.284 E110.89666
G1 X132.349 Y124.963 E110.92638
G1 X131.78 Y125.528 E110.95305
G1 X131.547 Y125.728 E110.96327
G1 X130.981 Y123.51 E111.0394
G1 X131.281 Y123.319 E111.05123
G1 X131.395 Y122.927 E111.06481
G1 X131.398 Y117.005 E111.26178
G1 X131.362 Y116.769 E111.26972
G1 X131.238 Y116.483 E111.28008
G1 X130.904 Y116.185 E111.29497
G1 X130.483 Y116.074 E111.30945
G1 X129.775 Y116.068 E111.333
G1 X130.24 Y114.357 E111.39197
G1 X130.235 Y113.197 E111.43056
G1 X130.161 Y112.661 E111.44855
G1 X129.925 Y112.094 E111.46898
G1 X129.515 Y111.541 E111.49188
G1 X128.974 Y111.139 E111.51429
G1 X128.402 Y110.901 E111.5349
G1 X127.737 Y110.809 E111.55723
G1 X127.093 Y110.896 E111.57884
G1 X126.482 Y111.141 E111.60074
G1 X125.954 Y111.543 E111.62281
G1 X125.572 Y112.047 E111.64384
G1 X125.311 Y112.66 E111.666
G1 X125.233 Y113.196 E111.68402
G1 X125.23 Y114.381 E111.72343
G1 X125.7 Y116.068 E111.78168
G1 X125.036 Y116.068 E111.80376
G1 X124.564 Y116.18 E111.8199
G1 X124.234 Y116.485 E111.83484
G1 X124.105 Y116.772 E111.84531
G1 X124.073 Y117 E111.85297
G1 X124.077 Y122.916 E112.04973
G1 X124.183 Y123.289 E112.06263
G1 X124.473 Y123.485 E112.07427
G1 X123.853 Y125.699 E112.15074
G0 F6000 X123.848 Y124.979
G1 F1200 X122.008 Y123.14 E112.23727
G0 F6000 X121.613 Y123.376
G0 X120.981 Y122.14
G0 X121.407 Y121.973
G1 F1200 X123.971 Y124.537 E112.35787
G0 F6000 X124.095 Y124.095
G1 F1200 X121.074 Y121.074 E112.49997
G0 F6000 X120.864 Y120.299
G1 F1200 X124.219 Y123.653 E112.65775
G0 F6000 X123.878 Y122.747
G1 F1200 X120.73 Y119.599 E112.80583
G0 F6000 X120.648 Y118.951
G1 F1200 X123.878 Y122.181 E112.95776
G0 F6000 X123.878 Y121.615
G1 F1200 X120.616 Y118.353 E113.11119
G0 F6000 X120.604 Y117.776
G1 F1200 X123.877 Y121.049 E113.26514
G0 F6000 X123.877 Y120.483
G1 F1200 X120.604 Y117.21 E113.41909
G0 F6000 X120.604 Y116.644
G1 F1200 X123.877 Y119.917 E113.57305
G0 F6000 X123.877 Y119.351
G1 F1200 X120.604 Y116.079 E113.72697
G0 F6000 X120.604 Y115.513
G1 F1200 X123.877 Y118.785 E113.8809
G0 F6000 X123.876 Y118.219
G1 F1200 X120.604 Y114.947 E114.03481
G0 F6000 X120.604 Y114.382
G1 F1200 X123.876 Y117.653 E114.18869
G0 F6000 X123.876 Y117.088
G1 F1200 X120.604 Y113.816 E114.34259
G0 F6000 X120.604 Y113.25
G1 F1200 X123.957 Y116.603 E114.50031
G0 F6000 X124.181 Y116.261
G1 F1200 X120.604 Y112.685 E114.66854
G0 F6000 X120.604 Y112.119
G1 F1200 X124.48 Y115.995 E114.85085
G0 F6000 X124.932 Y115.881
G1 F1200 X120.604 Y111.553 E115.05443
G0 F6000 X120.611 Y110.995
G1 F1200 X125.418 Y115.801 E115.28051
G0 F6000 X125.2 Y115.017
G1 F1200 X120.947 Y110.765 E115.48053
G0 F6000 X121.309 Y110.561
G1 F1200 X125.03 Y114.282 E115.65556
G0 F6000 X125.033 Y113.719
G1 F1200 X121.67 Y110.357 E115.81372
G0 F6000 X122.032 Y110.152
G1 F1200 X125.038 Y113.158 E115.95511
G0 F6000 X125.106 Y112.66
G1 F1200 X122.408 Y109.963 E116.082
G0 F6000 X122.81 Y109.799
G1 F1200 X125.264 Y112.253 E116.19742
G0 F6000 X125.452 Y111.876
G1 F1200 X123.211 Y109.635 E116.30283
G0 F6000 X123.613 Y109.471
G1 F1200 X125.696 Y111.554 E116.40081
G0 F6000 X125.98 Y111.272
G1 F1200 X124.042 Y109.334 E116.49197
G0 F6000 X124.491 Y109.218
G1 F1200 X126.301 Y111.027 E116.57708
G0 F6000 X126.683 Y110.844
G1 F1200 X124.941 Y109.102 E116.65902
G0 F6000 X125.393 Y108.988
G1 F1200 X127.101 Y110.696 E116.73936
G0 F6000 X127.6 Y110.63
G1 F1200 X125.896 Y108.926 E116.81951
G0 F6000 X126.4 Y108.864
G1 F1200 X128.212 Y110.676 E116.90474
G0 F6000 X129.059 Y110.957
G1 F1200 X126.904 Y108.802 E117.00611
G0 F6000 X127.46 Y108.792
G1 F1200 X134.864 Y116.197 E117.35439
G0 F6000 X134.864 Y116.762
G1 F1200 X130.103 Y112.001 E117.57834
G0 F6000 X130.388 Y112.851
G1 F1200 X134.864 Y117.328 E117.7889
G0 F6000 X134.864 Y117.894
G1 F1200 X130.434 Y113.464 E117.99727
G0 F6000 X130.438 Y114.033
G1 F1200 X134.845 Y118.44 E118.20456
G0 F6000 X134.812 Y118.973
G1 F1200 X130.396 Y114.557 E118.41228
G0 F6000 X130.275 Y115.001
G1 F1200 X134.75 Y119.476 E118.62277
G0 F6000 X134.671 Y119.963
G1 F1200 X131.578 Y116.87 E118.76825
G0 F6000 X131.6 Y117.458
G1 F1200 X134.574 Y120.432 E118.90814
G0 F6000 X134.45 Y120.874
G1 F1200 X131.599 Y118.022 E119.04227
G0 F6000 X131.598 Y118.587
G1 F1200 X134.32 Y121.309 E119.1703
G0 F6000 X134.16 Y121.715
G1 F1200 X131.598 Y119.152 E119.29083
G0 F6000 X131.597 Y119.717
G1 F1200 X133.997 Y122.118 E119.40374
G0 F6000 X133.811 Y122.498
G1 F1200 X131.597 Y120.283 E119.50791
G0 F6000 X131.596 Y120.848
G1 F1200 X133.619 Y122.871 E119.60306
G0 F6000 X133.406 Y123.224
G1 F1200 X131.595 Y121.413 E119.68825
G0 F6000 X131.595 Y121.978
G1 F1200 X133.191 Y123.574 E119.76332
G0 F6000 X132.955 Y123.904
G1 F1200 X131.594 Y122.543 E119.82734
G0 F6000 X131.558 Y123.073
G1 F1200 X132.714 Y124.229 E119.88171
G0 F6000 X132.454 Y124.534
G1 F1200 X131.392 Y123.473 E119.93164
G0 F6000 X131.298 Y123.944
G1 F1200 X132.191 Y124.837 E119.97364
G0 F6000 X131.907 Y125.119
G1 F1200 X131.491 Y124.703 E119.99321
G0 F6000 X131.046 Y124.816
G0 X130.758 Y123.416
G0 X130.881 Y116.592
G0 X130.491 Y116.344
G0 X130.608 Y115.9
G1 F1200 X130.153 Y115.445 E120.01461
G0 F6000 X129.713 Y115.323
G0 X129.534 Y116.252
G0 X131.073 Y116.605
G0 X131.105 Y123.219
G0 X130.758 Y123.416
G0 X131.444 Y126.055
G0 X132.509 Y125.091
G0 X133.563 Y123.745
G0 X134.383 Y122.244
G0 X134.945 Y120.608
G0 X135.197 Y119.089
G0 X135.324 Y115.631
G0 X134.864 Y115.631
G1 F1200 X128.029 Y108.795 E120.33613
G0 F6000 X128.599 Y108.8
G1 F1200 X134.864 Y115.065 E120.63082
G0 F6000 X134.864 Y114.5
G1 F1200 X129.247 Y108.882 E120.89505
G0 F6000 X129.905 Y108.974
G1 F1200 X134.864 Y113.934 E121.12833
G0 F6000 X134.864 Y113.368
G1 F1200 X130.618 Y109.122 E121.32805
G0 F6000 X131.401 Y109.339
G1 F1200 X134.864 Y112.803 E121.49096
G0 F6000 X134.864 Y112.237
G1 F1200 X132.264 Y109.636 E121.61328
G0 F6000 X132.444 Y109.213
G0 X133.424 Y109.628
G0 X133.244 Y110.051
G1 F1200 X134.864 Y111.671 E121.68948
G0 F6000 X134.864 Y111.106
G1 F1200 X134.56 Y110.802 E121.70378
G1 F2700 E116.70378
G0 F6000 X134.793 Y110.407
G0 X135.259 Y110.802
G0 X135.225 Y118.92
G0 X134.945 Y120.608
G0 X134.383 Y122.244
G0 X133.563 Y123.745
G0 X132.509 Y125.091
G0 X131.444 Y126.055
G0 X130.758 Y123.416
G0 X131.197 Y122.902
G0 X131.073 Y116.605
G0 X129.534 Y116.252
G0 X129.728 Y113.979
G0 X129.735 Y113.299
G0 X129.67 Y112.81
G0 X129.471 Y112.329
G0 X129.153 Y111.913
G0 X128.737 Y111.595
G0 X128.256 Y111.396
G0 X127.738 Y111.326
G0 X127.22 Y111.396
G0 X126.739 Y111.595
G0 X126.323 Y111.913
G0 X126.005 Y112.327
G0 X125.804 Y112.81
G0 X125.741 Y113.3
G0 X125.741 Y114.306
G0 X126.017 Y116.597
G0 X124.594 Y116.592
G0 X124.364 Y123.198
G0 X124.699 Y123.393
G0 X123.959 Y126.001
G0 X122.95 Y125.082
G0 X121.905 Y123.746
G0 X120.203 Y120.698
G0 X119.155 Y121.012
G0 X113.756 Y125.272
G0 X110.869 Y126.373
;TYPE:WALL-INNER
G1 F2700 E121.70378
G1 F1200 X111.546 Y125.805 E121.73317
G1 X112.164 Y125.191 E121.76215
G1 X112.73 Y124.529 E121.79112
G1 X113.225 Y123.835 E121.81947
G1 X113.684 Y123.068 E121.8492
G1 X114.062 Y122.305 E121.87752
G1 X114.384 Y121.48 E121.90697
G1 X114.633 Y120.648 E121.93586
G1 X114.803 Y119.825 E121.96381
G1 X114.917 Y118.934 E121.99369
G1 X114.952 Y118.064 E122.02265
G1 X114.952 Y110.722 E122.26684
G1 X114.634 Y110.474 E122.28026
G1 X113.157 Y109.606 E122.33724
G1 X111.578 Y108.936 E122.39429
G1 X109.917 Y108.478 E122.45159
G1 X108.224 Y108.24 E122.50846
G1 X106.507 Y108.228 E122.56557
G1 X104.797 Y108.439 E122.62287
G1 X103.134 Y108.871 E122.68002
G1 X101.546 Y109.518 E122.73705
G1 X100.051 Y110.363 E122.79417
G1 X99.576 Y110.723 E122.81399
G1 X99.576 Y118.075 E123.05852
G1 X99.611 Y118.935 E123.08715
G1 X99.721 Y119.825 E123.11697
G1 X99.894 Y120.647 E123.14491
G1 X100.144 Y121.479 E123.17381
G1 X100.47 Y122.31 E123.2035
G1 X100.84 Y123.069 E123.23158
G1 X101.298 Y123.834 E123.26124
G1 X101.79 Y124.517 E123.28923
G1 X102.369 Y125.2 E123.31902
G1 X102.978 Y125.804 E123.34754
G1 X103.584 Y126.316 E123.37393
G1 X104.418 Y123.337 E123.47682
G1 X104.046 Y123.127 E123.49103
G1 X103.963 Y122.88 E123.4997
G1 X103.96 Y117.028 E123.69433
G1 X104.061 Y116.693 E123.70597
G1 X104.266 Y116.505 E123.71522
G1 X104.56 Y116.428 E123.72533
G1 X105.702 Y116.428 E123.76331
G1 X105.117 Y114.33 E123.83576
G1 X105.121 Y113.245 E123.87184
G1 X105.185 Y112.762 E123.88805
G1 X105.408 Y112.243 E123.90684
G1 X105.738 Y111.804 E123.9251
G1 X106.192 Y111.462 E123.94401
G1 X106.689 Y111.257 E123.96189
G1 X107.261 Y111.173 E123.98112
G1 X107.822 Y111.249 E123.99995
G1 X108.342 Y111.458 E124.01859
G1 X108.791 Y111.805 E124.03746
G1 X109.131 Y112.254 E124.05619
G1 X109.344 Y112.767 E124.07467
G1 X109.408 Y113.245 E124.09071
G1 X109.411 Y114.332 E124.12686
G1 X108.83 Y116.428 E124.1992
G1 X109.972 Y116.428 E124.23719
G1 X110.266 Y116.504 E124.24729
G1 X110.471 Y116.693 E124.25656
G1 X110.572 Y116.903 E124.26431
G1 X110.569 Y122.888 E124.46337
G1 X110.477 Y123.15 E124.47261
G1 X110.096 Y123.357 E124.48703
G1 X110.869 Y126.373 E124.59059
G0 F6000 X110.626 Y127.036
;TYPE:WALL-OUTER
G1 F1200 X111.141 Y126.669 E124.61162
G1 X111.816 Y126.1 E124.64098
G1 X112.457 Y125.463 E124.67104
G1 X113.046 Y124.776 E124.70114
G1 X113.56 Y124.054 E124.73062
G1 X114.036 Y123.26 E124.76141
G1 X114.428 Y122.467 E124.79083
G1 X114.762 Y121.61 E124.82142
G1 X115.021 Y120.746 E124.85142
G1 X115.198 Y119.891 E124.88046
G1 X115.316 Y118.967 E124.91144
G1 X115.352 Y118.072 E124.94123
G1 X115.352 Y110.526 E125.19221
G1 X114.859 Y110.142 E125.213
G1 X113.337 Y109.248 E125.27171
G1 X111.71 Y108.558 E125.33049
G1 X109.999 Y108.085 E125.38953
G1 X108.253 Y107.84 E125.44817
G1 X106.484 Y107.828 E125.50701
G1 X104.722 Y108.045 E125.56606
G1 X103.008 Y108.491 E125.62496
G1 X101.372 Y109.157 E125.68371
G1 X99.831 Y110.028 E125.74259
G1 X99.176 Y110.524 E125.76991
G1 X99.176 Y118.083 E126.02133
G1 X99.212 Y118.967 E126.05075
G1 X99.326 Y119.891 E126.08172
G1 X99.506 Y120.746 E126.11078
G1 X99.766 Y121.61 E126.14079
G1 X100.104 Y122.471 E126.17155
G1 X100.488 Y123.26 E126.20074
G1 X100.964 Y124.054 E126.23153
G1 X101.474 Y124.764 E126.26061
G1 X102.075 Y125.472 E126.29149
G1 X102.708 Y126.1 E126.32115
G1 X103.383 Y126.669 E126.35051
G1 X103.815 Y126.976 E126.36814
G1 X104.924 Y123.016 E126.50492
G1 X104.56 Y123.016 E126.51703
G1 X104.388 Y122.92 E126.52358
G1 X104.361 Y122.838 E126.52645
G1 X104.36 Y116.988 E126.72102
G1 X104.481 Y116.828 E126.72769
G1 X106.228 Y116.828 E126.7858
G1 X105.516 Y114.258 E126.8745
G1 X105.517 Y113.297 E126.90646
G1 X105.571 Y112.89 E126.92011
G1 X105.767 Y112.431 E126.93671
G1 X106.025 Y112.088 E126.95099
G1 X106.414 Y111.803 E126.96703
G1 X106.805 Y111.64 E126.98112
G1 X107.264 Y111.578 E126.99652
G1 X107.707 Y111.636 E127.01138
G1 X108.143 Y111.809 E127.02698
G1 X108.52 Y112.11 E127.04303
G1 X108.769 Y112.437 E127.0567
G1 X108.953 Y112.873 E127.07244
G1 X109.011 Y113.297 E127.08667
G1 X109.012 Y114.258 E127.11864
G1 X108.304 Y116.828 E127.2073
G1 X110.051 Y116.828 E127.2654
G1 X110.172 Y116.985 E127.272
G1 X110.171 Y122.846 E127.46694
G1 X110.141 Y122.933 E127.47
G1 X109.972 Y123.024 E127.47638
G1 X109.598 Y123.024 E127.48882
G1 X110.626 Y127.036 E127.62657
G0 F6000 X110.788 Y126.599
G0 X110.824 Y125.791
G0 X111.075 Y125.728
;TYPE:SKIN
G1 F1200 X110.508 Y123.513 E127.70262
G1 X110.797 Y123.355 E127.71357
G1 X110.928 Y122.924 E127.72855
G1 X110.932 Y117.037 E127.92436
G1 X110.894 Y116.766 E127.93346
G1 X110.77 Y116.483 E127.94373
G1 X110.434 Y116.181 E127.95876
G1 X110.014 Y116.074 E127.97318
G1 X109.303 Y116.068 E127.99682
G1 X109.768 Y114.357 E128.0558
G1 X109.763 Y113.197 E128.09438
G1 X109.689 Y112.661 E128.11238
G1 X109.429 Y112.048 E128.13452
G1 X109.027 Y111.533 E128.15625
G1 X108.519 Y111.139 E128.17763
G1 X107.93 Y110.901 E128.19876
G1 X107.261 Y110.809 E128.22122
G1 X106.617 Y110.896 E128.24284
G1 X106.007 Y111.144 E128.26474
G1 X105.482 Y111.543 E128.28667
G1 X105.104 Y112.043 E128.30752
G1 X104.839 Y112.66 E128.32985
G1 X104.761 Y113.192 E128.34774
G1 X104.758 Y114.381 E128.38728
G1 X105.228 Y116.068 E128.44553
G1 X104.564 Y116.068 E128.46761
G1 X104.092 Y116.18 E128.48375
G1 X103.762 Y116.485 E128.4987
G1 X103.633 Y116.772 E128.50916
G1 X103.601 Y117 E128.51682
G1 X103.605 Y122.918 E128.71365
G1 X103.723 Y123.3 E128.72695
G1 X104.001 Y123.485 E128.73806
G1 X103.381 Y125.699 E128.81453
G1 X102.644 Y124.964 E128.84915
G1 X102.066 Y124.284 E128.87883
G1 X101.6 Y123.638 E128.90532
G1 X101.128 Y122.84 E128.93616
G1 X100.804 Y122.175 E128.96076
G1 X100.478 Y121.346 E128.99039
G1 X100.243 Y120.559 E129.01771
G1 X100.078 Y119.763 E129.04475
G1 X99.968 Y118.895 E129.07385
G1 X99.936 Y118.072 E129.10124
G1 X99.936 Y110.903 E129.33968
G1 X100.251 Y110.66 E129.35292
G1 X101.704 Y109.841 E129.40839
G1 X103.244 Y109.215 E129.46368
G1 X104.866 Y108.793 E129.51942
G1 X106.528 Y108.588 E129.57512
G1 X108.201 Y108.6 E129.63077
G1 X109.839 Y108.829 E129.68578
G1 X111.458 Y109.278 E129.74166
G1 X112.994 Y109.928 E129.79713
G1 X114.423 Y110.766 E129.85223
G1 X114.592 Y110.898 E129.85936
G1 X114.592 Y118.047 E130.09714
G1 X114.556 Y118.891 E130.12524
G1 X114.446 Y119.751 E130.15407
G1 X114.277 Y120.571 E130.18192
G1 X114.046 Y121.346 E130.20882
G1 X113.728 Y122.159 E130.23785
G1 X113.364 Y122.9 E130.26531
G1 X112.928 Y123.626 E130.29348
G1 X112.438 Y124.316 E130.32163
G1 X111.909 Y124.935 E130.34871
G1 X111.309 Y125.528 E130.37677
G1 X111.075 Y125.728 E130.387
G1 F2700 E125.387
G0 F6000 X110.824 Y125.791
G0 X109.901 Y123.26
G0 X110.41 Y123.265
G0 X110.41 Y116.592
G0 X108.612 Y116.596
G0 X109.264 Y114.306
G0 X109.264 Y113.299
G0 X109.199 Y112.81
G0 X108.999 Y112.328
G0 X108.682 Y111.913
G0 X108.267 Y111.595
G0 X107.784 Y111.396
G0 X107.267 Y111.326
G0 X106.749 Y111.396
G0 X106.268 Y111.595
G0 X105.852 Y111.913
G0 X105.534 Y112.327
G0 X105.334 Y112.81
G0 X105.269 Y113.299
G0 X105.269 Y114.306
G0 X105.922 Y116.596
G0 X104.123 Y116.592
G0 X104.123 Y123.254
G0 X103.843 Y125.019
G0 X103.399 Y124.895
G1 F2700 E130.387
G1 F1200 X101.376 Y122.873 E130.48214
G0 F6000 X100.981 Y123.109
G0 X100.445 Y121.97
G0 X100.872 Y121.803
G1 F1200 X103.523 Y124.453 E130.60681
G0 F6000 X103.646 Y124.011
G1 F1200 X100.56 Y120.925 E130.75196
G0 F6000 X100.365 Y120.164
G1 F1200 X103.508 Y123.307 E130.8998
G0 F6000 X103.406 Y122.639
G1 F1200 X100.242 Y119.476 E131.0486
G0 F6000 X100.165 Y118.833
G1 F1200 X103.406 Y122.074 E131.20105
G0 F6000 X103.406 Y121.508
G1 F1200 X100.143 Y118.245 E131.35453
G0 F6000 X100.136 Y117.672
G1 F1200 X103.405 Y120.941 E131.50829
G0 F6000 X103.405 Y120.376
G1 F1200 X100.136 Y117.106 E131.66208
G0 F6000 X100.136 Y116.54
G1 F1200 X103.404 Y119.809 E131.81582
G0 F6000 X103.404 Y119.244
G1 F1200 X100.136 Y115.975 E131.96956
G0 F6000 X100.136 Y115.409
G1 F1200 X103.404 Y118.678 E132.1233
G0 F6000 X103.404 Y118.112
G1 F1200 X100.136 Y114.843 E132.27704
G0 F6000 X100.136 Y114.278
G1 F1200 X103.404 Y117.546 E132.43076
G0 F6000 X103.404 Y116.98
G1 F1200 X100.136 Y113.712 E132.58448
G0 F6000 X100.136 Y113.146
G1 F1200 X103.524 Y116.535 E132.74386
G0 F6000 X103.765 Y116.21
G1 F1200 X100.136 Y112.581 E132.91456
G0 F6000 X100.136 Y112.015
G1 F1200 X104.094 Y115.973 E133.10073
G0 F6000 X104.554 Y115.868
G1 F1200 X100.136 Y111.449 E133.30856
G0 F6000 X100.202 Y110.95
G1 F1200 X104.905 Y115.653 E133.52978
G0 F6000 X104.686 Y114.868
G1 F1200 X100.543 Y110.725 E133.72465
G0 F6000 X100.905 Y110.521
G1 F1200 X104.558 Y114.174 E133.89648
G0 F6000 X104.561 Y113.612
G1 F1200 X101.266 Y110.317 E134.05146
G0 F6000 X101.628 Y110.113
G1 F1200 X104.578 Y113.063 E134.19022
G0 F6000 X104.657 Y112.577
G1 F1200 X102.012 Y109.932 E134.31463
G0 F6000 X102.415 Y109.768
G1 F1200 X104.824 Y112.178 E134.42797
G0 F6000 X105.026 Y111.814
G1 F1200 X102.817 Y109.605 E134.53188
G0 F6000 X103.218 Y109.441
G1 F1200 X105.27 Y111.492 E134.62837
G0 F6000 X105.569 Y111.226
G1 F1200 X103.658 Y109.314 E134.71828
G0 F6000 X104.107 Y109.198
G1 F1200 X105.891 Y110.982 E134.8022
G0 F6000 X106.289 Y110.814
G1 F1200 X104.555 Y109.08 E134.88376
G0 F6000 X105.017 Y108.976
G1 F1200 X106.724 Y110.683 E134.96405
G0 F6000 X107.223 Y110.617
G1 F1200 X105.52 Y108.914 E135.04415
G0 F6000 X106.024 Y108.852
G1 F1200 X107.864 Y110.693 E135.13073
G0 F6000 X107.802 Y111.146
G0 X108.699 Y111.606
G0 X108.981 Y111.244
G1 F1200 X106.528 Y108.79 E135.24613
G0 F6000 X107.096 Y108.793
G1 F1200 X114.392 Y116.089 E135.58931
G0 F6000 X114.392 Y115.524
G1 F1200 X107.665 Y108.796 E135.90575
G0 F6000 X108.242 Y108.808
G1 F1200 X114.392 Y114.958 E136.19503
G0 F6000 X114.392 Y114.392
G1 F1200 X108.899 Y108.899 E136.4534
G0 F6000 X109.557 Y108.991
G1 F1200 X114.392 Y113.827 E136.68085
G0 F6000 X114.392 Y113.261
G1 F1200 X110.294 Y109.162 E136.87363
G0 F6000 X111.077 Y109.38
G1 F1200 X114.392 Y112.695 E137.02956
G0 F6000 X114.392 Y112.129
G1 F1200 X111.978 Y109.715 E137.14311
G0 F6000 X112.158 Y109.292
G0 X113.213 Y109.756
G0 X112.98 Y110.152
G1 F1200 X114.392 Y111.564 E137.20952
G1 F2700 E132.20952
G0 F6000 X114.852 Y111.564
G0 X114.756 Y118.92
G0 X114.477 Y120.608
G0 X113.915 Y122.24
G0 X113.09 Y123.746
G0 X112.046 Y125.082
G0 X111.438 Y125.686
G0 X110.972 Y126.055
G0 X110.286 Y123.419
G0 X110.729 Y122.904
G0 X110.605 Y116.604
G0 X109.062 Y116.252
G0 X109.447 Y112.791
G0 X109.901 Y112.73
G1 F2700 E137.20952
G1 F1200 X114.392 Y117.221 E137.42077
G0 F6000 X114.392 Y117.786
G1 F1200 X109.961 Y113.356 E137.62916
G0 F6000 X109.965 Y113.925
G1 F1200 X114.379 Y118.339 E137.83678
G0 F6000 X114.355 Y118.881
G1 F1200 X109.947 Y114.473 E138.04412
G0 F6000 X109.826 Y114.917
G1 F1200 X114.292 Y119.383 E138.25419
G0 F6000 X114.218 Y119.874
G1 F1200 X111.094 Y116.75 E138.40113
G0 F6000 X111.132 Y117.354
G1 F1200 X114.121 Y120.343 E138.54173
G0 F6000 X114.003 Y120.792
G1 F1200 X111.131 Y117.919 E138.67684
G0 F6000 X111.131 Y118.485
G1 F1200 X113.873 Y121.227 E138.80582
G0 F6000 X113.718 Y121.638
G1 F1200 X111.13 Y119.05 E138.92755
G0 F6000 X111.13 Y119.615
G1 F1200 X113.559 Y122.045 E139.04182
G0 F6000 X113.375 Y122.426
G1 F1200 X111.129 Y120.18 E139.14747
G0 F6000 X111.129 Y120.746
G1 F1200 X113.188 Y122.805 E139.24432
G0 F6000 X112.976 Y123.158
G1 F1200 X111.128 Y121.311 E139.33122
G0 F6000 X111.127 Y121.876
G1 F1200 X112.763 Y123.511 E139.40815
G0 F6000 X112.529 Y123.843
G1 F1200 X111.127 Y122.44 E139.47412
G0 F6000 X111.118 Y122.998
G1 F1200 X112.294 Y124.174 E139.52943
G0 F6000 X112.035 Y124.48
G1 F1200 X110.98 Y123.425 E139.57906
G0 F6000 X110.787 Y123.797
G1 F1200 X111.774 Y124.785 E139.6255
G0 F6000 X111.491 Y125.067
G1 F1200 X110.982 Y124.558 E139.64945
G0 F6000 X110.536 Y124.671
G0 X110.972 Y126.055
G0 X111.438 Y125.686
G0 X112.604 Y124.43
G0 X113.544 Y122.991
G0 X114.231 Y121.428
G0 X114.645 Y119.798
G0 X114.728 Y118.812
G0 X114.852 Y116.655
G0 X114.392 Y116.655
G1 F1200 X109.342 Y111.605 E139.88698
G0 F6000 X108.976 Y111.883
G0 X109.235 Y113.157
G0 X109.264 Y115.238
G0 X109.703 Y115.36
G1 F1200 X110.278 Y115.934 E139.91401
G0 F6000 X109.645 Y115.868
G1 F1200 X109.582 Y115.804 E139.91699
;MESH:NONMESH
G0 F300 X109.582 Y115.804 Z0.4
G0 F6000 X109.141 Y115.682
G0 X109.062 Y116.252
G0 X110.41 Y116.592
G0 X110.41 Y123.265
G0 X110.869 Y126.373
;TIME_ELAPSED:244.593631
;LAYER:1
M106 S85
;TYPE:WALL-INNER
;MESH:FT08-Gear Clips.stl
G1 F1350 X111.546 Y125.805 E139.94639
G1 X112.164 Y125.191 E139.97536
G1 X112.73 Y124.529 E140.00433
G1 X113.225 Y123.835 E140.03268
G1 X113.684 Y123.068 E140.06241
G1 X114.062 Y122.305 E140.09073
G1 X114.384 Y121.48 E140.12019
G1 X114.633 Y120.648 E140.14907
G1 X114.803 Y119.825 E140.17702
G1 X114.917 Y118.934 E140.2069
G1 X114.952 Y118.064 E140.23586
G1 X114.952 Y110.722 E140.48006
G1 X114.634 Y110.474 E140.49347
G1 X113.157 Y109.606 E140.55045
G1 X111.578 Y108.936 E140.6075
G1 X109.917 Y108.478 E140.66481
G1 X108.224 Y108.24 E140.72167
G1 X106.507 Y108.228 E140.77878
G1 X104.797 Y108.439 E140.83608
G1 X103.134 Y108.871 E140.89323
G1 X101.546 Y109.518 E140.95026
G1 X100.051 Y110.363 E141.00738
G1 X99.576 Y110.723 E141.0272
G1 X99.576 Y118.075 E141.27173
G1 X99.611 Y118.935 E141.30036
G1 X99.721 Y119.825 E141.33019
G1 X99.894 Y120.647 E141.35813
G1 X100.144 Y121.479 E141.38702
G1 X100.47 Y122.31 E141.41671
G1 X100.84 Y123.069 E141.44479
G1 X101.298 Y123.834 E141.47445
G1 X101.79 Y124.517 E141.50245
G1 X102.369 Y125.2 E141.53223
G1 X102.978 Y125.804 E141.56076
G1 X103.584 Y126.316 E141.58714
G1 X104.418 Y123.337 E141.69003
G1 X104.046 Y123.127 E141.70424
G1 X103.963 Y122.88 E141.71291
G1 X103.96 Y117.028 E141.90755
G1 X104.061 Y116.693 E141.91918
G1 X104.266 Y116.505 E141.92844
G1 X104.56 Y116.428 E141.93854
G1 X105.702 Y116.428 E141.97653
G1 X105.117 Y114.33 E142.04897
G1 X105.121 Y113.245 E142.08506
G1 X105.185 Y112.762 E142.10126
G1 X105.408 Y112.243 E142.12005
G1 X105.738 Y111.804 E142.13832
G1 X106.192 Y111.462 E142.15722
G1 X106.689 Y111.257 E142.1751
G1 X107.261 Y111.173 E142.19433
G1 X107.822 Y111.249 E142.21316
G1 X108.342 Y111.458 E142.2318
G1 X108.791 Y111.805 E142.25067
G1 X109.131 Y112.254 E142.26941
G1 X109.344 Y112.767 E142.28788
G1 X109.408 Y113.245 E142.30392
G1 X109.411 Y114.332 E142.34008
G1 X108.83 Y116.428 E142.41242
G1 X109.972 Y116.428 E142.4504
G1 X110.266 Y116.504 E142.4605
G1 X110.471 Y116.693 E142.46977
G1 X110.572 Y116.903 E142.47752
G1 X110.569 Y122.888 E142.67659
G1 X110.477 Y123.15 E142.68582
G1 X110.096 Y123.357 E142.70024
G1 X110.869 Y126.373 E142.8038
G0 F7500 X110.626 Y127.036
;TYPE:WALL-OUTER
G1 F1350 X111.141 Y126.669 E142.82483
G1 X111.816 Y126.1 E142.8542
G1 X112.457 Y125.463 E142.88425
G1 X113.046 Y124.776 E142.91435
G1 X113.56 Y124.054 E142.94383
G1 X114.036 Y123.26 E142.97462
G1 X114.428 Y122.467 E143.00404
G1 X114.762 Y121.61 E143.03463
G1 X115.021 Y120.746 E143.06463
G1 X115.198 Y119.891 E143.09367
G1 X115.316 Y118.967 E143.12465
G1 X115.352 Y118.072 E143.15445
G1 X115.352 Y110.526 E143.40543
G1 X114.859 Y110.142 E143.42621
G1 X113.337 Y109.248 E143.48492
G1 X111.71 Y108.558 E143.5437
G1 X109.999 Y108.085 E143.60274
G1 X108.253 Y107.84 E143.66138
G1 X106.484 Y107.828 E143.72022
G1 X104.722 Y108.045 E143.77927
G1 X103.008 Y108.491 E143.83818
G1 X101.372 Y109.157 E143.89693
G1 X99.831 Y110.028 E143.9558
G1 X99.176 Y110.524 E143.98313
G1 X99.176 Y118.083 E144.23454
G1 X99.212 Y118.967 E144.26397
G1 X99.326 Y119.891 E144.29493
G1 X99.506 Y120.746 E144.32399
G1 X99.766 Y121.61 E144.354
G1 X100.104 Y122.471 E144.38477
G1 X100.488 Y123.26 E144.41395
G1 X100.964 Y124.054 E144.44474
G1 X101.474 Y124.764 E144.47382
G1 X102.075 Y125.472 E144.50471
G1 X102.708 Y126.1 E144.53436
G1 X103.383 Y126.669 E144.56373
G1 X103.815 Y126.976 E144.58135
G1 X104.924 Y123.016 E144.71813
G1 X104.56 Y123.016 E144.73024
G1 X104.388 Y122.92 E144.73679
G1 X104.361 Y122.838 E144.73966
G1 X104.36 Y116.988 E144.93423
G1 X104.481 Y116.828 E144.9409
G1 X106.228 Y116.828 E144.99901
G1 X105.516 Y114.258 E145.08771
G1 X105.517 Y113.297 E145.11967
G1 X105.571 Y112.89 E145.13333
G1 X105.767 Y112.431 E145.14993
G1 X106.025 Y112.088 E145.1642
G1 X106.414 Y111.803 E145.18024
G1 X106.805 Y111.64 E145.19433
G1 X107.264 Y111.578 E145.20974
G1 X107.707 Y111.636 E145.2246
G1 X108.143 Y111.809 E145.2402
G1 X108.52 Y112.11 E145.25624
G1 X108.769 Y112.437 E145.26991
G1 X108.953 Y112.873 E145.28565
G1 X109.011 Y113.297 E145.29989
G1 X109.012 Y114.258 E145.33185
G1 X108.304 Y116.828 E145.42051
G1 X110.051 Y116.828 E145.47862
G1 X110.172 Y116.985 E145.48521
G1 X110.171 Y122.846 E145.68015
G1 X110.141 Y122.933 E145.68321
G1 X109.972 Y123.024 E145.68959
G1 X109.598 Y123.024 E145.70203
G1 X110.626 Y127.036 E145.83978
G0 F7500 X110.788 Y126.599
G0 X110.824 Y125.791
G0 X111.075 Y125.728
;TYPE:SKIN
G1 F1350 X110.508 Y123.513 E145.91583
G1 X110.797 Y123.355 E145.92678
G1 X110.928 Y122.924 E145.94177
G1 X110.932 Y117.037 E146.13757
G1 X110.894 Y116.766 E146.14667
G1 X110.77 Y116.483 E146.15695
G1 X110.434 Y116.181 E146.17197
G1 X110.014 Y116.074 E146.18639
G1 X109.303 Y116.068 E146.21004
G1 X109.768 Y114.357 E146.26901
G1 X109.763 Y113.197 E146.30759
G1 X109.689 Y112.661 E146.32559
G1 X109.429 Y112.048 E146.34773
G1 X109.027 Y111.533 E146.36946
G1 X108.519 Y111.139 E146.39085
G1 X107.93 Y110.901 E146.41198
G1 X107.261 Y110.809 E146.43444
G1 X106.617 Y110.896 E146.45605
G1 X106.007 Y111.144 E146.47795
G1 X105.482 Y111.543 E146.49988
G1 X105.104 Y112.043 E146.52073
G1 X104.839 Y112.66 E146.54307
G1 X104.761 Y113.192 E146.56095
G1 X104.758 Y114.381 E146.6005
G1 X105.228 Y116.068 E146.65874
G1 X104.564 Y116.068 E146.68083
G1 X104.092 Y116.18 E146.69696
G1 X103.762 Y116.485 E146.71191
G1 X103.633 Y116.772 E146.72237
G1 X103.601 Y117 E146.73003
G1 X103.605 Y122.918 E146.92686
G1 X103.723 Y123.3 E146.94016
G1 X104.001 Y123.485 E146.95127
G1 X103.381 Y125.699 E147.02774
G1 X102.644 Y124.964 E147.06236
G1 X102.066 Y124.284 E147.09204
G1 X101.6 Y123.638 E147.11854
G1 X101.128 Y122.84 E147.14937
G1 X100.804 Y122.175 E147.17398
G1 X100.478 Y121.346 E147.2036
G1 X100.243 Y120.559 E147.23092
G1 X100.078 Y119.763 E147.25796
G1 X99.968 Y118.895 E147.28706
G1 X99.936 Y118.072 E147.31445
G1 X99.936 Y110.903 E147.5529
G1 X100.251 Y110.66 E147.56613
G1 X101.704 Y109.841 E147.6216
G1 X103.244 Y109.215 E147.67689
G1 X104.866 Y108.793 E147.73264
G1 X106.528 Y108.588 E147.78833
G1 X108.201 Y108.6 E147.84398
G1 X109.839 Y108.829 E147.89899
G1 X111.458 Y109.278 E147.95487
G1 X112.994 Y109.928 E148.01034
G1 X114.423 Y110.766 E148.06544
G1 X114.592 Y110.898 E148.07258
G1 X114.592 Y118.047 E148.31035
G1 X114.556 Y118.891 E148.33845
G1 X114.446 Y119.751 E148.36729
G1 X114.277 Y120.571 E148.39513
G1 X114.046 Y121.346 E148.42203
G1 X113.728 Y122.159 E148.45107
G1 X113.364 Y122.9 E148.47852
G1 X112.928 Y123.626 E148.50669
G1 X112.438 Y124.316 E148.53484
G1 X111.909 Y124.935 E148.56192
G1 X111.309 Y125.528 E148.58998
G1 X111.075 Y125.728 E148.60022
G0 F7500 X111.169 Y125.287
G1 F1350 X112.321 Y124.135 E148.6544
G0 F7500 X112.697 Y124.402
G0 X111.438 Y125.686
G0 X110.972 Y126.055
G0 X110.493 Y124.5
G0 X110.938 Y124.387
G1 F1350 X113.737 Y121.588 E148.78606
G0 F7500 X114.017 Y120.742
G1 F1350 X110.823 Y123.937 E148.93632
G0 F7500 X111.082 Y123.112
G1 F1350 X114.19 Y120.004 E149.08251
G0 F7500 X114.298 Y119.33
G1 F1350 X111.127 Y122.501 E149.23166
G0 F7500 X111.128 Y121.934
G1 F1350 X114.363 Y118.699 E149.38383
G0 F7500 X114.389 Y118.108
G1 F1350 X111.129 Y121.368 E149.53717
G0 F7500 X111.129 Y120.802
G1 F1350 X114.391 Y117.54 E149.6906
G0 F7500 X114.391 Y116.974
G1 F1350 X111.13 Y120.236 E149.84401
G0 F7500 X111.13 Y119.669
G1 F1350 X114.391 Y116.408 E149.9974
G0 F7500 X114.391 Y115.842
G1 F1350 X111.131 Y119.103 E150.15077
G0 F7500 X111.131 Y118.537
G1 F1350 X114.391 Y115.277 E150.30411
G0 F7500 X114.391 Y114.711
G1 F1350 X111.132 Y117.971 E150.45742
G0 F7500 X111.132 Y117.404
G1 F1350 X114.391 Y114.145 E150.61072
G0 F7500 X114.391 Y113.58
G1 F1350 X111.109 Y116.862 E150.76509
G0 F7500 X110.968 Y116.438
G1 F1350 X114.391 Y113.014 E150.92612
G0 F7500 X114.391 Y112.448
G1 F1350 X110.692 Y116.148 E151.10014
G0 F7500 X110.326 Y115.948
G1 F1350 X114.391 Y111.883 E151.29134
G0 F7500 X114.391 Y111.317
G1 F1350 X109.877 Y115.832 E151.50369
G0 F7500 X109.675 Y115.468
G1 F1350 X114.248 Y110.895 E151.71879
G0 F7500 X113.892 Y110.686
G1 F1350 X109.889 Y114.688 E151.90705
G0 F7500 X109.966 Y114.045
G1 F1350 X113.535 Y110.476 E152.07493
G0 F7500 X113.179 Y110.267
G1 F1350 X109.963 Y113.483 E152.2262
G0 F7500 X109.932 Y112.948
G1 F1350 X112.813 Y110.068 E152.36169
G0 F7500 X112.415 Y109.899
G1 F1350 X109.833 Y112.482 E152.48316
G0 F7500 X109.667 Y112.082
G1 F1350 X112.017 Y109.732 E152.5937
G0 F7500 X111.62 Y109.563
G1 F1350 X109.445 Y111.738 E152.696
G0 F7500 X109.199 Y111.418
G1 F1350 X111.203 Y109.414 E152.79027
G0 F7500 X110.76 Y109.291
G1 F1350 X108.883 Y111.168 E152.87855
G0 F7500 X108.549 Y110.937
G1 F1350 X110.318 Y109.168 E152.96176
G0 F7500 X109.875 Y109.045
G1 F1350 X108.147 Y110.773 E153.04304
G0 F7500 X107.685 Y110.669
G1 F1350 X109.388 Y108.967 E153.12312
G0 F7500 X108.891 Y108.898
G1 F1350 X107.163 Y110.625 E153.20438
G0 F7500 X106.49 Y110.734
G1 F1350 X108.395 Y108.829 E153.29399
G0 F7500 X107.861 Y108.797
G1 F1350 X100.136 Y116.521 E153.65732
G0 F7500 X100.136 Y115.956
G1 F1350 X107.299 Y108.793 E153.99425
G0 F7500 X106.737 Y108.789
G1 F1350 X100.136 Y115.39 E154.30474
G0 F7500 X100.136 Y114.824
G1 F1350 X106.12 Y108.84 E154.58621
G0 F7500 X105.476 Y108.919
G1 F1350 X100.136 Y114.259 E154.83738
G0 F7500 X100.136 Y113.693
G1 F1350 X104.817 Y109.012 E155.05756
G0 F7500 X104.053 Y109.211
G1 F1350 X100.136 Y113.127 E155.24178
G0 F7500 X100.136 Y112.562
G1 F1350 X103.284 Y109.414 E155.38986
G0 F7500 X103.112 Y108.989
G0 X102.158 Y109.377
G0 X102.33 Y109.802
G1 F1350 X100.136 Y111.996 E155.49306
G0 F7500 X100.136 Y111.43
G1 F1350 X101.228 Y110.338 E155.54442
G1 F2700 E150.54442
G0 F7500 X101.003 Y109.939
G0 X99.741 Y110.805
G0 X99.772 Y118.921
G0 X100.05 Y120.607
G0 X100.618 Y122.245
G0 X101.433 Y123.745
G0 X102.487 Y125.091
G0 X103.487 Y126.001
G0 X104.227 Y123.393
G0 X103.803 Y122.896
G0 X103.927 Y116.605
G0 X105.47 Y116.252
G0 X105.09 Y112.738
G0 X104.665 Y112.559
G1 F2700 E155.54442
G1 F1350 X100.136 Y117.087 E155.75743
G0 F7500 X100.136 Y117.653
G1 F1350 X104.562 Y113.227 E155.96561
G0 F7500 X104.559 Y113.795
G1 F1350 X100.142 Y118.213 E156.1734
G0 F7500 X100.162 Y118.758
G1 F1350 X104.556 Y114.364 E156.38008
G0 F7500 X104.671 Y114.815
G1 F1350 X100.217 Y119.269 E156.58958
G0 F7500 X100.283 Y119.768
G1 F1350 X103.532 Y116.519 E156.7424
G0 F7500 X103.403 Y117.214
G1 F1350 X100.38 Y120.237 E156.8846
G0 F7500 X100.491 Y120.692
G1 F1350 X103.403 Y117.78 E157.02157
G0 F7500 X103.403 Y118.346
G1 F1350 X100.621 Y121.127 E157.1524
G0 F7500 X100.771 Y121.543
G1 F1350 X103.404 Y118.911 E157.27623
G0 F7500 X103.404 Y119.476
G1 F1350 X100.93 Y121.95 E157.3926
G0 F7500 X101.107 Y122.339
G1 F1350 X103.404 Y120.041 E157.50066
G0 F7500 X103.404 Y120.607
G1 F1350 X101.293 Y122.718 E157.59996
G0 F7500 X101.5 Y123.078
G1 F1350 X103.404 Y121.173 E157.68954
G0 F7500 X103.405 Y121.738
G1 F1350 X101.711 Y123.432 E157.76922
G0 F7500 X101.941 Y123.768
G1 F1350 X103.405 Y122.303 E157.83811
G0 F7500 X103.405 Y122.869
G1 F1350 X102.177 Y124.097 E157.89587
G0 F7500 X102.433 Y124.407
G1 F1350 X103.513 Y123.326 E157.94669
G0 F7500 X103.743 Y123.662
G1 F1350 X102.693 Y124.712 E157.99608
G0 F7500 X102.993 Y124.978
G1 F1350 X103.523 Y124.448 E158.02101
G1 F2700 E153.02101
G0 F7500 X103.968 Y124.572
G0 X104.619 Y123.251
G0 X104.123 Y123.254
G0 X104.123 Y116.592
G0 X105.922 Y116.596
G0 X105.269 Y114.306
G0 X105.269 Y113.299
G0 X105.334 Y112.81
G0 X105.534 Y112.327
G0 X105.852 Y111.913
G0 X106.268 Y111.595
G0 X106.749 Y111.396
G0 X107.267 Y111.326
G0 X107.784 Y111.396
G0 X108.267 Y111.595
G0 X108.682 Y111.913
G0 X108.999 Y112.328
G0 X109.199 Y112.81
G0 X109.264 Y113.299
G0 X109.264 Y114.306
G0 X108.612 Y116.596
G0 X110.41 Y116.592
G0 X110.41 Y123.265
G0 X110.608 Y124.951
G0 X111.053 Y124.838
G1 F2700 E158.02101
G1 F1350 X113.286 Y122.605 E158.12604
G0 F7500 X113.7 Y122.81
G0 X112.604 Y124.43
G0 X111.438 Y125.686
G0 X110.972 Y126.055
G0 X110.286 Y123.419
G0 X110.729 Y122.904
G0 X110.41 Y116.592
G0 X108.612 Y116.596
G0 X109.264 Y114.306
G0 X109.264 Y113.299
G0 X109.199 Y112.81
G0 X108.999 Y112.328
G0 X108.682 Y111.913
G0 X108.267 Y111.595
G0 X107.784 Y111.396
G0 X107.267 Y111.326
G0 X106.749 Y111.396
G0 X106.268 Y111.595
G0 X105.852 Y111.913
G0 X105.534 Y112.327
G0 X105.334 Y112.81
G0 X105.269 Y113.299
G0 X105.269 Y113.584
G0 X105.361 Y115.578
G0 X104.918 Y115.7
G1 F1350 X104.749 Y115.869 E158.13399
G0 F7500 X104.794 Y115.258
G1 F1350 X104.071 Y115.98 E158.16798
G1 F2700 E153.16798
G0 F7500 X104.215 Y116.417
G0 X105.922 Y116.596
G0 X105.269 Y114.306
G0 X105.269 Y113.299
G0 X105.334 Y112.81
G0 X105.534 Y112.327
G0 X105.852 Y111.913
G0 X106.268 Y111.595
G0 X106.749 Y111.396
G0 X107.267 Y111.326
G0 X107.784 Y111.396
G0 X108.267 Y111.595
G0 X108.682 Y111.913
G0 X108.999 Y112.328
G0 X109.199 Y112.81
G0 X109.264 Y113.299
G0 X109.264 Y114.306
G0 X108.612 Y116.596
G0 X110.41 Y116.592
G0 X110.636 Y123.221
G0 X110.286 Y123.419
G0 X110.972 Y126.055
G0 X111.438 Y125.686
G0 X112.382 Y124.669
G0 X114.219 Y122.374
G0 X115.238 Y122.772
G0 X121.876 Y126.018
G0 X124.056 Y126.316
;TYPE:WALL-INNER
G1 F2700 E158.16798
G1 F1350 X124.89 Y123.337 E158.27087
G1 X124.518 Y123.127 E158.28508
G1 X124.435 Y122.881 E158.29371
G1 X124.432 Y117.028 E158.48838
G1 X124.533 Y116.693 E158.50002
G1 X124.738 Y116.505 E158.50927
G1 X125.032 Y116.428 E158.51938
G1 X126.174 Y116.428 E158.55736
G1 X125.589 Y114.33 E158.6298
G1 X125.593 Y113.245 E158.66589
G1 X125.655 Y112.776 E158.68163
G1 X125.87 Y112.251 E158.7005
G1 X126.211 Y111.803 E158.71922
G1 X126.659 Y111.462 E158.73795
G1 X127.189 Y111.246 E158.75698
G1 X127.737 Y111.174 E158.77537
G1 X128.294 Y111.249 E158.79406
G1 X128.813 Y111.462 E158.81272
G1 X129.261 Y111.804 E158.83146
G1 X129.603 Y112.254 E158.85026
G1 X129.816 Y112.767 E158.86874
G1 X129.88 Y113.245 E158.88478
G1 X129.883 Y114.332 E158.92093
G1 X129.302 Y116.428 E158.99327
G1 X130.44 Y116.428 E159.03112
G1 X130.735 Y116.505 E159.04126
G1 X130.939 Y116.693 E159.05049
G1 X131.04 Y116.903 E159.05824
G1 X131.037 Y122.886 E159.25724
G1 X130.945 Y123.148 E159.26647
G1 X130.568 Y123.355 E159.28078
G1 X131.341 Y126.373 E159.3844
G1 X132.018 Y125.805 E159.41379
G1 X132.627 Y125.2 E159.44234
G1 X133.206 Y124.518 E159.4721
G1 X133.697 Y123.834 E159.5001
G1 X134.156 Y123.068 E159.5298
G1 X134.53 Y122.309 E159.55795
G1 X134.855 Y121.481 E159.58753
G1 X135.101 Y120.648 E159.61642
G1 X135.275 Y119.825 E159.6444
G1 X135.385 Y118.934 E159.67426
G1 X135.424 Y118.062 E159.70329
G1 X135.424 Y110.722 E159.94742
G1 X135.106 Y110.474 E159.96083
G1 X133.629 Y109.606 E160.01781
G1 X132.05 Y108.937 E160.07485
G1 X130.386 Y108.477 E160.13227
G1 X128.696 Y108.24 E160.18903
G1 X126.975 Y108.228 E160.24627
G1 X125.269 Y108.439 E160.30344
G1 X123.606 Y108.871 E160.36059
G1 X122.018 Y109.518 E160.41763
G1 X120.518 Y110.363 E160.47489
G1 X120.044 Y110.723 E160.49468
G1 X120.044 Y118.074 E160.73918
G1 X120.083 Y118.933 E160.76778
G1 X120.193 Y119.825 E160.79767
G1 X120.366 Y120.648 E160.82564
G1 X120.612 Y121.48 E160.8545
G1 X120.938 Y122.305 E160.884
G1 X121.312 Y123.069 E160.9123
G1 X121.771 Y123.835 E160.942
G1 X122.266 Y124.53 E160.97038
G1 X122.832 Y125.191 E160.99932
G1 X123.45 Y125.804 E161.02827
G1 X124.056 Y126.316 E161.05466
G1 F2700 E156.05466
G0 F7500 X125.091 Y123.251
G0 X124.594 Y123.254
G0 X124.594 Y116.592
G0 X126.393 Y116.596
G0 X125.741 Y114.306
G0 X125.741 Y113.3
G0 X125.804 Y112.81
G0 X126.005 Y112.327
G0 X126.323 Y111.913
G0 X126.739 Y111.595
G0 X127.22 Y111.396
G0 X127.738 Y111.326
G0 X128.256 Y111.396
G0 X128.737 Y111.595
G0 X129.153 Y111.913
G0 X129.471 Y112.329
G0 X129.67 Y112.81
G0 X129.735 Y113.299
G0 X129.735 Y114.306
G0 X129.083 Y116.596
G0 X130.881 Y116.592
G0 X130.881 Y123.265
G0 X131.259 Y126.599
G0 X131.098 Y127.036
;TYPE:WALL-OUTER
G1 F2700 E161.05466
G1 F1350 X131.613 Y126.669 E161.07569
G1 X132.288 Y126.1 E161.10505
G1 X132.921 Y125.472 E161.13471
G1 X133.522 Y124.764 E161.1656
G1 X134.032 Y124.054 E161.19468
G1 X134.508 Y123.26 E161.22547
G1 X134.896 Y122.471 E161.25471
G1 X135.234 Y121.611 E161.28544
G1 X135.489 Y120.746 E161.31544
G1 X135.67 Y119.891 E161.3445
G1 X135.784 Y118.967 E161.37547
G1 X135.824 Y118.071 E161.4053
G1 X135.824 Y110.526 E161.65625
G1 X135.331 Y110.142 E161.67703
G1 X133.809 Y109.248 E161.73574
G1 X132.182 Y108.558 E161.79452
G1 X130.467 Y108.085 E161.85369
G1 X128.725 Y107.84 E161.9122
G1 X126.952 Y107.828 E161.97117
G1 X125.194 Y108.045 E162.03009
G1 X123.48 Y108.491 E162.08899
G1 X121.844 Y109.157 E162.14774
G1 X120.298 Y110.028 E162.20676
G1 X119.644 Y110.524 E162.23406
G1 X119.644 Y118.083 E162.48548
G1 X119.684 Y118.967 E162.51491
G1 X119.798 Y119.891 E162.54587
G1 X119.978 Y120.746 E162.57493
G1 X120.234 Y121.61 E162.60491
G1 X120.572 Y122.467 E162.63555
G1 X120.96 Y123.26 E162.66491
G1 X121.436 Y124.054 E162.6957
G1 X121.95 Y124.776 E162.72518
G1 X122.539 Y125.463 E162.75528
G1 X123.18 Y126.1 E162.78533
G1 X123.855 Y126.669 E162.8147
G1 X124.287 Y126.976 E162.83232
G1 X125.396 Y123.016 E162.9691
G1 X125.032 Y123.016 E162.98121
G1 X124.86 Y122.92 E162.98776
G1 X124.833 Y122.838 E162.99063
G1 X124.832 Y116.988 E163.1852
G1 X124.953 Y116.828 E163.19187
G1 X126.7 Y116.828 E163.24998
G1 X125.988 Y114.258 E163.33868
G1 X125.989 Y113.297 E163.37064
G1 X126.043 Y112.89 E163.3843
G1 X126.236 Y112.43 E163.40089
G1 X126.496 Y112.088 E163.41518
G1 X126.841 Y111.826 E163.42959
G1 X127.277 Y111.64 E163.44535
G1 X127.736 Y111.577 E163.46076
G1 X128.198 Y111.641 E163.47627
G1 X128.634 Y111.828 E163.49205
G1 X128.975 Y112.089 E163.50634
G1 X129.241 Y112.437 E163.5209
G1 X129.425 Y112.873 E163.53664
G1 X129.483 Y113.297 E163.55088
G1 X129.484 Y114.258 E163.58284
G1 X128.776 Y116.828 E163.6715
G1 X130.52 Y116.828 E163.72951
G1 X130.64 Y116.985 E163.73608
G1 X130.639 Y122.845 E163.93099
G1 X130.609 Y122.932 E163.93405
G1 X130.44 Y123.024 E163.94045
G1 X130.07 Y123.024 E163.95275
G1 X131.098 Y127.036 E164.0905
G1 F2700 E159.0905
G0 F7500 X131.259 Y126.599
G0 X130.372 Y123.26
G0 X130.881 Y123.265
G0 X130.881 Y116.592
G0 X129.083 Y116.596
G0 X129.735 Y114.306
G0 X129.735 Y113.299
G0 X129.67 Y112.81
G0 X129.471 Y112.329
G0 X129.153 Y111.913
G0 X128.737 Y111.595
G0 X128.256 Y111.396
G0 X127.738 Y111.326
G0 X127.22 Y111.396
G0 X126.739 Y111.595
G0 X126.323 Y111.913
G0 X126.005 Y112.327
G0 X125.804 Y112.81
G0 X125.741 Y113.3
G0 X125.741 Y114.306
G0 X126.393 Y116.596
G0 X124.594 Y116.592
G0 X124.594 Y123.254
G0 X125.091 Y123.251
G0 X123.959 Y126.001
G0 X123.698 Y125.882
G0 X123.853 Y125.699
;TYPE:SKIN
G1 F2700 E164.0905
G1 F1350 X123.103 Y124.951 E164.12573
G1 X122.554 Y124.312 E164.15375
G1 X122.08 Y123.646 E164.18094
G1 X121.62 Y122.884 E164.21055
G1 X121.26 Y122.143 E164.23795
G1 X120.95 Y121.358 E164.26602
G1 X120.715 Y120.559 E164.29372
G1 X120.55 Y119.763 E164.32076
G1 X120.44 Y118.891 E164.34999
G1 X120.404 Y118.071 E164.37729
G1 X120.404 Y110.9 E164.6158
G1 X120.71 Y110.668 E164.62857
G1 X122.176 Y109.841 E164.68455
G1 X123.72 Y109.211 E164.74002
G1 X125.334 Y108.793 E164.79547
G1 X127 Y108.588 E164.8513
G1 X128.673 Y108.6 E164.90694
G1 X130.307 Y108.829 E164.96182
G1 X131.93 Y109.278 E165.01783
G1 X133.466 Y109.928 E165.07331
G1 X134.895 Y110.766 E165.1284
G1 X135.064 Y110.898 E165.13554
G1 X135.064 Y118.047 E165.37331
G1 X135.024 Y118.891 E165.40142
G1 X134.914 Y119.779 E165.43118
G1 X134.753 Y120.547 E165.45728
G1 X134.518 Y121.351 E165.48514
G1 X134.196 Y122.166 E165.51428
G1 X133.844 Y122.884 E165.54088
G1 X133.384 Y123.646 E165.57048
G1 X132.93 Y124.284 E165.59653
G1 X132.349 Y124.963 E165.62625
G1 X131.78 Y125.528 E165.65292
G1 X131.547 Y125.728 E165.66313
G1 X130.981 Y123.51 E165.73927
G1 X131.281 Y123.319 E165.7511
G1 X131.395 Y122.927 E165.76467
G1 X131.398 Y117.005 E165.96164
G1 X131.362 Y116.769 E165.96958
G1 X131.238 Y116.483 E165.97995
G1 X130.904 Y116.185 E165.99484
G1 X130.483 Y116.074 E166.00932
G1 X129.775 Y116.068 E166.03287
G1 X130.24 Y114.357 E166.09184
G1 X130.235 Y113.197 E166.13042
G1 X130.161 Y112.661 E166.14842
G1 X129.925 Y112.094 E166.16884
G1 X129.515 Y111.541 E166.19174
G1 X128.974 Y111.139 E166.21416
G1 X128.402 Y110.901 E166.23476
G1 X127.737 Y110.809 E166.25709
G1 X127.093 Y110.896 E166.27871
G1 X126.482 Y111.141 E166.3006
G1 X125.954 Y111.543 E166.32267
G1 X125.572 Y112.047 E166.34371
G1 X125.311 Y112.66 E166.36587
G1 X125.233 Y113.196 E166.38388
G1 X125.23 Y114.381 E166.4233
G1 X125.7 Y116.068 E166.48154
G1 X125.036 Y116.068 E166.50363
G1 X124.564 Y116.18 E166.51976
G1 X124.234 Y116.485 E166.53471
G1 X124.105 Y116.772 E166.54517
G1 X124.073 Y117 E166.55283
G1 X124.077 Y122.916 E166.7496
G1 X124.183 Y123.289 E166.7625
G1 X124.473 Y123.485 E166.77414
G1 X123.853 Y125.699 E166.85061
G1 F2700 E161.85061
G0 F7500 X123.698 Y125.882
G0 X123.959 Y126.001
G0 X125.091 Y123.251
G0 X124.594 Y123.254
G0 X124.594 Y116.592
G0 X126.393 Y116.596
G0 X125.741 Y114.306
G0 X125.741 Y113.3
G0 X125.804 Y112.81
G0 X126.005 Y112.327
G0 X126.323 Y111.913
G0 X126.739 Y111.595
G0 X127.22 Y111.396
G0 X127.738 Y111.326
G0 X128.256 Y111.396
G0 X128.737 Y111.595
G0 X129.153 Y111.913
G0 X129.471 Y112.329
G0 X129.67 Y112.81
G0 X129.735 Y113.299
G0 X129.735 Y114.306
G0 X129.083 Y116.596
G0 X130.881 Y116.592
G0 X130.881 Y123.265
G0 X131.174 Y125.315
G0 X131.619 Y125.202
G1 F2700 E166.85061
G1 F1350 X133.049 Y123.773 E166.91785
G0 F7500 X133.424 Y124.043
G0 X134.274 Y122.6
G0 X133.86 Y122.395
G1 F1350 X131.505 Y124.751 E167.02864
G0 F7500 X131.39 Y124.3
G1 F1350 X134.28 Y121.41 E167.16458
G0 F7500 X134.532 Y120.592
G1 F1350 X131.274 Y123.85 E167.31783
G0 F7500 X131.588 Y122.97
G1 F1350 X134.69 Y119.868 E167.46373
G0 F7500 X134.782 Y119.21
G1 F1350 X131.595 Y122.398 E167.61366
G0 F7500 X131.595 Y121.832
G1 F1350 X134.836 Y118.591 E167.76611
G0 F7500 X134.864 Y117.998
G1 F1350 X131.596 Y121.265 E167.9198
G0 F7500 X131.597 Y120.699
G1 F1350 X134.864 Y117.432 E168.07347
G0 F7500 X134.864 Y116.866
G1 F1350 X131.598 Y120.132 E168.2271
G0 F7500 X131.598 Y119.566
G1 F1350 X134.864 Y116.301 E168.3807
G0 F7500 X134.864 Y115.735
G1 F1350 X131.599 Y119 E168.53427
G0 F7500 X131.599 Y118.434
G1 F1350 X134.864 Y115.169 E168.68785
G0 F7500 X134.864 Y114.604
G1 F1350 X131.6 Y117.868 E168.84138
G0 F7500 X131.6 Y117.301
G1 F1350 X134.864 Y114.038 E168.99488
G0 F7500 X134.864 Y113.472
G1 F1350 X131.565 Y116.771 E169.15006
G0 F7500 X131.405 Y116.365
G1 F1350 X134.864 Y112.907 E169.31273
G0 F7500 X134.864 Y112.341
G1 F1350 X131.105 Y116.099 E169.48952
G0 F7500 X130.711 Y115.928
G1 F1350 X134.864 Y111.775 E169.68487
G0 F7500 X134.864 Y111.21
G1 F1350 X130.205 Y115.868 E169.90399
G0 F7500 X130.188 Y115.32
G1 F1350 X134.653 Y110.855 E170.11401
G0 F7500 X134.296 Y110.646
G1 F1350 X130.401 Y114.541 E170.29722
G0 F7500 X130.438 Y113.938
G1 F1350 X133.939 Y110.437 E170.46189
G0 F7500 X133.583 Y110.227
G1 F1350 X130.434 Y113.376 E170.61001
G0 F7500 X130.389 Y112.856
G1 F1350 X133.209 Y110.036 E170.74266
G0 F7500 X132.812 Y109.867
G1 F1350 X130.271 Y112.408 E170.86218
G0 F7500 X130.106 Y112.007
G1 F1350 X132.414 Y109.699 E170.97074
G0 F7500 X132.017 Y109.531
G1 F1350 X129.87 Y111.678 E171.07173
G0 F7500 X129.616 Y111.366
G1 F1350 X131.591 Y109.391 E171.16462
G0 F7500 X131.148 Y109.269
G1 F1350 X129.294 Y111.123 E171.25183
G0 F7500 X128.942 Y110.909
G1 F1350 X130.705 Y109.145 E171.33478
G0 F7500 X130.261 Y109.024
G1 F1350 X128.541 Y110.744 E171.41568
G0 F7500 X128.063 Y110.657
G1 F1350 X129.765 Y108.954 E171.49576
G0 F7500 X129.269 Y108.885
G1 F1350 X127.511 Y110.642 E171.57843
G0 F7500 X126.782 Y110.806
G1 F1350 X128.773 Y108.815 E171.67208
G0 F7500 X128.226 Y108.796
G1 F1350 X120.604 Y116.418 E172.0306
G0 F7500 X120.604 Y116.984
G1 F1350 X125.213 Y112.375 E172.24739
G0 F7500 X125.043 Y113.11
G1 F1350 X120.604 Y117.549 E172.45619
G0 F7500 X120.606 Y118.113
G1 F1350 X125.032 Y113.687 E172.66437
G0 F7500 X125.029 Y114.256
G1 F1350 X120.63 Y118.655 E172.87129
G0 F7500 X120.678 Y119.173
G1 F1350 X125.119 Y114.732 E173.08018
G0 F7500 X125.243 Y115.174
G1 F1350 X120.741 Y119.675 E173.29192
G0 F7500 X120.835 Y120.147
G1 F1350 X123.875 Y117.107 E173.43491
G0 F7500 X123.875 Y117.672
G1 F1350 X120.938 Y120.61 E173.57308
G0 F7500 X121.067 Y121.047
G1 F1350 X123.875 Y118.238 E173.70518
G0 F7500 X123.876 Y118.803
G1 F1350 X121.209 Y121.47 E173.83063
G0 F7500 X121.369 Y121.876
G1 F1350 X123.876 Y119.369 E173.94855
G0 F7500 X123.876 Y119.935
G1 F1350 X121.543 Y122.267 E174.05827
G0 F7500 X121.728 Y122.648
G1 F1350 X123.877 Y120.499 E174.15935
G0 F7500 X123.877 Y121.065
G1 F1350 X121.931 Y123.01 E174.25086
G0 F7500 X122.144 Y123.363
G1 F1350 X123.877 Y121.63 E174.33237
G0 F7500 X123.877 Y122.196
G1 F1350 X122.368 Y123.705 E174.40335
G0 F7500 X122.604 Y124.035
G1 F1350 X123.877 Y122.762 E174.46323
G0 F7500 X123.962 Y123.242
G1 F1350 X122.853 Y124.352 E174.51542
G0 F7500 X123.114 Y124.657
G1 F1350 X124.211 Y123.559 E174.56704
G0 F7500 X124.037 Y124.299
G1 F1350 X123.385 Y124.951 E174.59771
G0 F7500 X123.668 Y125.234
G1 F1350 X123.817 Y125.084 E174.60474
G0 F7500 X124.262 Y125.208
G0 X124.699 Y123.393
G0 X124.45 Y123.247
G0 X124.594 Y116.592
G0 X125.114 Y116.328
G0 X125.114 Y115.868
G1 F1350 X125.366 Y115.615 E174.61662
G0 F7500 X125.809 Y115.493
G0 X125.942 Y116.252
G0 X124.399 Y116.605
G0 X124.364 Y123.198
G0 X124.699 Y123.393
G0 X123.959 Y126.001
G0 X122.95 Y125.082
G0 X121.905 Y123.746
G0 X121.085 Y122.24
G0 X120.764 Y121.428
G0 X120.352 Y119.798
G0 X120.269 Y118.818
G0 X120.144 Y115.852
G0 X120.604 Y115.852
G1 F1350 X127.664 Y108.793 E174.94867
G0 F7500 X127.102 Y108.788
G1 F1350 X120.604 Y115.287 E175.25434
G0 F7500 X120.604 Y114.721
G1 F1350 X126.47 Y108.855 E175.53026
G0 F7500 X125.825 Y108.934
G1 F1350 X120.604 Y114.155 E175.77584
G0 F7500 X120.604 Y113.59
G1 F1350 X125.146 Y109.048 E175.98948
G0 F7500 X124.383 Y109.245
G1 F1350 X120.604 Y113.024 E176.16724
G0 F7500 X120.604 Y112.458
G1 F1350 X123.578 Y109.484 E176.30712
G0 F7500 X123.407 Y109.06
G0 X122.45 Y109.45
G0 X122.622 Y109.874
G1 F1350 X120.604 Y111.893 E176.40207
G0 F7500 X120.604 Y111.327
G1 F1350 X121.451 Y110.48 E176.44191
G1 F2700 E171.44191
;MESH:NONMESH
G0 F300 X121.451 Y110.48 Z0.6
G0 F7500 X121.226 Y110.079
G0 X120.209 Y110.805
G0 X119.876 Y118.066
G0 X118.784 Y118.112
G0 X115.238 Y122.772
G0 X110.869 Y126.373
;TIME_ELAPSED:317.892929
;LAYER:2
M106 S170
;TYPE:WALL-INNER
;MESH:FT08-Gear Clips.stl
G1 F2700 E176.44191
G1 F1500 X111.546 Y125.805 E176.4713
G1 X112.164 Y125.191 E176.50028
G1 X112.73 Y124.529 E176.52925
G1 X113.225 Y123.835 E176.5576
G1 X113.684 Y123.068 E176.58733
G1 X114.062 Y122.305 E176.61565
G1 X114.384 Y121.48 E176.6451
G1 X114.633 Y120.648 E176.67399
G1 X114.803 Y119.825 E176.70194
G1 X114.917 Y118.934 E176.73182
G1 X114.952 Y118.064 E176.76078
G1 X114.952 Y110.722 E177.00497
G1 X114.634 Y110.474 E177.01838
G1 X113.157 Y109.606 E177.07537
G1 X111.578 Y108.936 E177.13242
G1 X109.917 Y108.478 E177.18972
G1 X108.224 Y108.24 E177.24659
G1 X106.507 Y108.228 E177.30369
G1 X104.797 Y108.439 E177.361
G1 X103.134 Y108.871 E177.41815
G1 X101.546 Y109.518 E177.47518
G1 X100.051 Y110.363 E177.5323
G1 X99.576 Y110.723 E177.55212
G1 X99.576 Y118.075 E177.79665
G1 X99.611 Y118.935 E177.82528
G1 X99.721 Y119.825 E177.8551
G1 X99.894 Y120.647 E177.88304
G1 X100.144 Y121.479 E177.91194
G1 X100.47 Y122.31 E177.94163
G1 X100.84 Y123.069 E177.96971
G1 X101.298 Y123.834 E177.99937
G1 X101.79 Y124.517 E178.02736
G1 X102.369 Y125.2 E178.05714
G1 X102.978 Y125.804 E178.08567
G1 X103.584 Y126.316 E178.11206
G1 X104.418 Y123.337 E178.21495
G1 X104.046 Y123.127 E178.22916
G1 X103.963 Y122.88 E178.23783
G1 X103.96 Y117.028 E178.43246
G1 X104.061 Y116.693 E178.4441
G1 X104.266 Y116.505 E178.45335
G1 X104.56 Y116.428 E178.46346
G1 X105.702 Y116.428 E178.50144
G1 X105.117 Y114.33 E178.57389
G1 X105.121 Y113.245 E178.60997
G1 X105.185 Y112.762 E178.62618
G1 X105.408 Y112.243 E178.64497
G1 X105.738 Y111.804 E178.66323
G1 X106.192 Y111.462 E178.68214
G1 X106.689 Y111.257 E178.70002
G1 X107.261 Y111.173 E178.71925
G1 X107.822 Y111.249 E178.73808
G1 X108.342 Y111.458 E178.75672
G1 X108.791 Y111.805 E178.77559
G1 X109.131 Y112.254 E178.79432
G1 X109.344 Y112.767 E178.8128
G1 X109.408 Y113.245 E178.82884
G1 X109.411 Y114.332 E178.86499
G1 X108.83 Y116.428 E178.93733
G1 X109.972 Y116.428 E178.97532
G1 X110.266 Y116.504 E178.98542
G1 X110.471 Y116.693 E178.99469
G1 X110.572 Y116.903 E179.00244
G1 X110.569 Y122.888 E179.2015
G1 X110.477 Y123.15 E179.21074
G1 X110.096 Y123.357 E179.22516
G1 X110.869 Y126.373 E179.32872
G0 F9000 X110.626 Y127.036
;TYPE:WALL-OUTER
G1 F1500 X111.141 Y126.669 E179.34975
G1 X111.816 Y126.1 E179.37911
G1 X112.457 Y125.463 E179.40917
G1 X113.046 Y124.776 E179.43927
G1 X113.56 Y124.054 E179.46874
G1 X114.036 Y123.26 E179.49953
G1 X114.428 Y122.467 E179.52896
G1 X114.762 Y121.61 E179.55955
G1 X115.021 Y120.746 E179.58955
G1 X115.198 Y119.891 E179.61859
G1 X115.316 Y118.967 E179.64957
G1 X115.352 Y118.072 E179.67936
G1 X115.352 Y110.526 E179.93034
G1 X114.859 Y110.142 E179.95113
G1 X113.337 Y109.248 E180.00984
G1 X111.71 Y108.558 E180.06862
G1 X109.999 Y108.085 E180.12766
G1 X108.253 Y107.84 E180.1863
G1 X106.484 Y107.828 E180.24514
G1 X104.722 Y108.045 E180.30419
G1 X103.008 Y108.491 E180.36309
G1 X101.372 Y109.157 E180.42184
G1 X99.831 Y110.028 E180.48072
G1 X99.176 Y110.524 E180.50804
G1 X99.176 Y118.083 E180.75946
G1 X99.212 Y118.967 E180.78888
G1 X99.326 Y119.891 E180.81985
G1 X99.506 Y120.746 E180.84891
G1 X99.766 Y121.61 E180.87892
G1 X100.104 Y122.471 E180.90968
G1 X100.488 Y123.26 E180.93887
G1 X100.964 Y124.054 E180.96966
G1 X101.474 Y124.764 E180.99873
G1 X102.075 Y125.472 E181.02962
G1 X102.708 Y126.1 E181.05928
G1 X103.383 Y126.669 E181.08864
G1 X103.815 Y126.976 E181.10627
G1 X104.924 Y123.016 E181.24305
G1 X104.56 Y123.016 E181.25515
G1 X104.388 Y122.92 E181.26171
G1 X104.361 Y122.838 E181.26458
G1 X104.36 Y116.988 E181.45915
G1 X104.481 Y116.828 E181.46582
G1 X106.228 Y116.828 E181.52393
G1 X105.516 Y114.258 E181.61262
G1 X105.517 Y113.297 E181.64459
G1 X105.571 Y112.89 E181.65824
G1 X105.767 Y112.431 E181.67484
G1 X106.025 Y112.088 E181.68912
G1 X106.414 Y111.803 E181.70516
G1 X106.805 Y111.64 E181.71925
G1 X107.264 Y111.578 E181.73465
G1 X107.707 Y111.636 E181.74951
G1 X108.143 Y111.809 E181.76511
G1 X108.52 Y112.11 E181.78116
G1 X108.769 Y112.437 E181.79483
G1 X108.953 Y112.873 E181.81057
G1 X109.011 Y113.297 E181.8248
G1 X109.012 Y114.258 E181.85677
G1 X108.304 Y116.828 E181.94543
G1 X110.051 Y116.828 E182.00353
G1 X110.172 Y116.985 E182.01013
G1 X110.171 Y122.846 E182.20506
G1 X110.141 Y122.933 E182.20812
G1 X109.972 Y123.024 E182.21451
G1 X109.598 Y123.024 E182.22695
G1 X110.626 Y127.036 E182.3647
G0 F9000 X110.788 Y126.599
G0 X110.824 Y125.791
G0 X111.075 Y125.728
;TYPE:SKIN
G1 F1500 X110.508 Y123.513 E182.44075
G1 X110.797 Y123.355 E182.4517
G1 X110.928 Y122.924 E182.46668
G1 X110.932 Y117.037 E182.66249
G1 X110.894 Y116.766 E182.67159
G1 X110.77 Y116.483 E182.68186
G1 X110.434 Y116.181 E182.69689
G1 X110.014 Y116.074 E182.71131
G1 X109.303 Y116.068 E182.73495
G1 X109.768 Y114.357 E182.79393
G1 X109.763 Y113.197 E182.83251
G1 X109.689 Y112.661 E182.8505
G1 X109.429 Y112.048 E182.87265
G1 X109.027 Y111.533 E182.89438
G1 X108.519 Y111.139 E182.91576
G1 X107.93 Y110.901 E182.93689
G1 X107.261 Y110.809 E182.95935
G1 X106.617 Y110.896 E182.98097
G1 X106.007 Y111.144 E183.00287
G1 X105.482 Y111.543 E183.0248
G1 X105.104 Y112.043 E183.04565
G1 X104.839 Y112.66 E183.06798
G1 X104.761 Y113.192 E183.08587
G1 X104.758 Y114.381 E183.12541
G1 X105.228 Y116.068 E183.18366
G1 X104.564 Y116.068 E183.20574
G1 X104.092 Y116.18 E183.22188
G1 X103.762 Y116.485 E183.23682
G1 X103.633 Y116.772 E183.24729
G1 X103.601 Y117 E183.25495
G1 X103.605 Y122.918 E183.45178
G1 X103.723 Y123.3 E183.46508
G1 X104.001 Y123.485 E183.47619
G1 X103.381 Y125.699 E183.55266
G1 X102.644 Y124.964 E183.58728
G1 X102.066 Y124.284 E183.61696
G1 X101.6 Y123.638 E183.64345
G1 X101.128 Y122.84 E183.67429
G1 X100.804 Y122.175 E183.69889
G1 X100.478 Y121.346 E183.72852
G1 X100.243 Y120.559 E183.75584
G1 X100.078 Y119.763 E183.78288
G1 X99.968 Y118.895 E183.81198
G1 X99.936 Y118.072 E183.83937
G1 X99.936 Y110.903 E184.07781
G1 X100.251 Y110.66 E184.09104
G1 X101.704 Y109.841 E184.14652
G1 X103.244 Y109.215 E184.20181
G1 X104.866 Y108.793 E184.25755
G1 X106.528 Y108.588 E184.31325
G1 X108.201 Y108.6 E184.3689
G1 X109.839 Y108.829 E184.42391
G1 X111.458 Y109.278 E184.47979
G1 X112.994 Y109.928 E184.53526
G1 X114.423 Y110.766 E184.59036
G1 X114.592 Y110.898 E184.59749
G1 X114.592 Y118.047 E184.83527
G1 X114.556 Y118.891 E184.86337
G1 X114.446 Y119.751 E184.8922
G1 X114.277 Y120.571 E184.92005
G1 X114.046 Y121.346 E184.94695
G1 X113.728 Y122.159 E184.97598
G1 X113.364 Y122.9 E185.00344
G1 X112.928 Y123.626 E185.03161
G1 X112.438 Y124.316 E185.05975
G1 X111.909 Y124.935 E185.08684
G1 X111.309 Y125.528 E185.11489
G1 X111.075 Y125.728 E185.12513
G1 F2700 E180.12513
G0 F9000 X110.824 Y125.791
G0 X109.901 Y123.26
G0 X110.41 Y123.265
G0 X110.41 Y116.592
G0 X108.612 Y116.596
G0 X109.264 Y114.306
G0 X109.264 Y113.299
G0 X109.199 Y112.81
G0 X108.999 Y112.328
G0 X108.682 Y111.913
G0 X108.267 Y111.595
G0 X107.784 Y111.396
G0 X107.267 Y111.326
G0 X106.749 Y111.396
G0 X106.268 Y111.595
G0 X105.852 Y111.913
G0 X105.534 Y112.327
G0 X105.334 Y112.81
G0 X105.269 Y113.299
G0 X105.269 Y114.306
G0 X105.922 Y116.596
G0 X104.123 Y116.592
G0 X104.123 Y123.254
G0 X103.844 Y125.016
G0 X103.394 Y124.89
G1 F2700 E185.12513
G1 F1500 X101.376 Y122.873 E185.22003
G0 F9000 X100.981 Y123.109
G0 X100.445 Y121.97
G0 X100.872 Y121.803
G1 F1500 X103.523 Y124.453 E185.3447
G0 F9000 X103.646 Y124.011
G1 F1500 X100.56 Y120.925 E185.48986
G0 F9000 X100.365 Y120.164
G1 F1500 X103.508 Y123.307 E185.63769
G0 F9000 X103.406 Y122.639
G1 F1500 X100.242 Y119.476 E185.7865
G0 F9000 X100.165 Y118.832
G1 F1500 X103.406 Y122.074 E185.93897
G0 F9000 X103.406 Y121.508
G1 F1500 X100.143 Y118.245 E186.09245
G0 F9000 X100.136 Y117.672
G1 F1500 X103.405 Y120.941 E186.24621
G0 F9000 X103.405 Y120.376
G1 F1500 X100.136 Y117.106 E186.4
G0 F9000 X100.136 Y116.54
G1 F1500 X103.404 Y119.809 E186.55374
G0 F9000 X103.404 Y119.244
G1 F1500 X100.136 Y115.975 E186.70748
G0 F9000 X100.136 Y115.409
G1 F1500 X103.404 Y118.678 E186.86122
G0 F9000 X103.404 Y118.112
G1 F1500 X100.136 Y114.843 E187.01496
G0 F9000 X100.136 Y114.278
G1 F1500 X103.404 Y117.546 E187.16868
G0 F9000 X103.404 Y116.98
G1 F1500 X100.136 Y113.712 E187.32239
G0 F9000 X100.136 Y113.146
G1 F1500 X103.524 Y116.535 E187.48178
G0 F9000 X103.765 Y116.21
G1 F1500 X100.136 Y112.581 E187.65247
G0 F9000 X100.136 Y112.015
G1 F1500 X104.095 Y115.974 E187.83869
G0 F9000 X104.554 Y115.868
G1 F1500 X100.136 Y111.449 E188.04653
G0 F9000 X100.202 Y110.95
G1 F1500 X104.906 Y115.654 E188.26779
G0 F9000 X104.686 Y114.869
G1 F1500 X100.543 Y110.725 E188.46269
G0 F9000 X100.905 Y110.521
G1 F1500 X104.558 Y114.174 E188.63451
G0 F9000 X104.561 Y113.612
G1 F1500 X101.266 Y110.317 E188.7895
G0 F9000 X101.628 Y110.113
G1 F1500 X104.578 Y113.063 E188.92826
G0 F9000 X104.657 Y112.577
G1 F1500 X102.012 Y109.932 E189.05267
G0 F9000 X102.415 Y109.768
G1 F1500 X104.824 Y112.178 E189.16601
G0 F9000 X105.026 Y111.814
G1 F1500 X102.817 Y109.605 E189.26991
G0 F9000 X103.218 Y109.441
G1 F1500 X105.27 Y111.492 E189.36641
G0 F9000 X105.569 Y111.226
G1 F1500 X103.658 Y109.314 E189.45632
G0 F9000 X104.107 Y109.198
G1 F1500 X105.891 Y110.982 E189.54023
G0 F9000 X106.289 Y110.814
G1 F1500 X104.555 Y109.08 E189.62179
G0 F9000 X105.017 Y108.976
G1 F1500 X106.724 Y110.683 E189.70209
G0 F9000 X107.223 Y110.617
G1 F1500 X105.52 Y108.914 E189.78219
G0 F9000 X106.024 Y108.852
G1 F1500 X107.864 Y110.693 E189.86876
G0 F9000 X107.802 Y111.146
G0 X108.698 Y111.606
G0 X108.98 Y111.243
G1 F1500 X106.528 Y108.79 E189.98412
G0 F9000 X107.096 Y108.793
G1 F1500 X114.392 Y116.089 E190.3273
G0 F9000 X114.392 Y115.524
G1 F1500 X107.665 Y108.796 E190.64374
G0 F9000 X108.242 Y108.808
G1 F1500 X114.392 Y114.958 E190.93302
G0 F9000 X114.392 Y114.392
G1 F1500 X108.899 Y108.899 E191.19139
G0 F9000 X109.557 Y108.991
G1 F1500 X114.392 Y113.827 E191.41884
G0 F9000 X114.392 Y113.261
G1 F1500 X110.294 Y109.162 E191.61162
G0 F9000 X111.077 Y109.38
G1 F1500 X114.392 Y112.695 E191.76755
G0 F9000 X114.392 Y112.129
G1 F1500 X111.978 Y109.715 E191.88109
G0 F9000 X112.158 Y109.292
G0 X113.213 Y109.756
G0 X112.98 Y110.152
G1 F1500 X114.392 Y111.564 E191.94751
G1 F2700 E186.94751
G0 F9000 X114.852 Y111.564
G0 X114.756 Y118.92
G0 X114.477 Y120.608
G0 X113.915 Y122.24
G0 X113.09 Y123.746
G0 X112.046 Y125.082
G0 X111.438 Y125.686
G0 X110.972 Y126.055
G0 X110.286 Y123.419
G0 X110.729 Y122.904
G0 X110.605 Y116.604
G0 X109.062 Y116.252
G0 X109.447 Y112.791
G0 X109.901 Y112.73
G1 F2700 E191.94751
G1 F1500 X114.392 Y117.221 E192.15875
G0 F9000 X114.392 Y117.786
G1 F1500 X109.961 Y113.356 E192.36715
G0 F9000 X109.965 Y113.925
G1 F1500 X114.379 Y118.339 E192.57477
G0 F9000 X114.355 Y118.881
G1 F1500 X109.947 Y114.473 E192.78211
G0 F9000 X109.826 Y114.917
G1 F1500 X114.292 Y119.383 E192.99218
G0 F9000 X114.218 Y119.874
G1 F1500 X111.094 Y116.75 E193.13912
G0 F9000 X111.132 Y117.354
G1 F1500 X114.121 Y120.343 E193.27971
G0 F9000 X114.003 Y120.792
G1 F1500 X111.131 Y117.919 E193.41483
G0 F9000 X111.131 Y118.485
G1 F1500 X113.873 Y121.227 E193.5438
G0 F9000 X113.718 Y121.638
G1 F1500 X111.13 Y119.05 E193.66554
G0 F9000 X111.13 Y119.615
G1 F1500 X113.559 Y122.045 E193.77981
G0 F9000 X113.375 Y122.426
G1 F1500 X111.129 Y120.18 E193.88546
G0 F9000 X111.129 Y120.746
G1 F1500 X113.188 Y122.805 E193.98231
G0 F9000 X112.976 Y123.158
G1 F1500 X111.128 Y121.311 E194.06921
G0 F9000 X111.127 Y121.876
G1 F1500 X112.763 Y123.511 E194.14613
G0 F9000 X112.529 Y123.843
G1 F1500 X111.127 Y122.44 E194.2121
G0 F9000 X111.118 Y122.998
G1 F1500 X112.294 Y124.174 E194.26742
G0 F9000 X112.035 Y124.48
G1 F1500 X110.98 Y123.425 E194.31704
G0 F9000 X110.787 Y123.797
G1 F1500 X111.774 Y124.785 E194.36349
G0 F9000 X111.49 Y125.067
G1 F1500 X110.981 Y124.558 E194.38743
G0 F9000 X110.536 Y124.671
G0 X110.972 Y126.055
G0 X111.438 Y125.686
G0 X112.604 Y124.43
G0 X113.544 Y122.991
G0 X114.231 Y121.428
G0 X114.645 Y119.798
G0 X114.728 Y118.812
G0 X114.852 Y116.655
G0 X114.392 Y116.655
G1 F1500 X109.341 Y111.603 E194.62504
G0 F9000 X108.974 Y111.881
G0 X109.235 Y113.157
G0 X109.264 Y115.238
G0 X109.703 Y115.36
G1 F1500 X110.278 Y115.934 E194.65206
G0 F9000 X109.645 Y115.868
G1 F1500 X109.582 Y115.804 E194.65505
G1 F2700 E189.65505
G0 F9000 X109.141 Y115.682
G0 X109.062 Y116.252
G0 X110.41 Y116.592
G0 X110.636 Y123.221
G0 X110.286 Y123.419
G0 X110.972 Y126.055
G0 X111.438 Y125.686
G0 X112.604 Y124.43
G0 X113.365 Y123.264
G0 X114.797 Y120.698
G0 X115.846 Y121.011
G0 X120.683 Y124.483
G0 X124.056 Y126.316
;TYPE:WALL-INNER
G1 F2700 E194.65505
G1 F1500 X124.89 Y123.337 E194.75794
G1 X124.518 Y123.127 E194.77215
G1 X124.435 Y122.881 E194.78079
G1 X124.432 Y117.028 E194.97546
G1 X124.533 Y116.693 E194.9871
G1 X124.738 Y116.505 E194.99635
G1 X125.032 Y116.428 E195.00645
G1 X126.174 Y116.428 E195.04444
G1 X125.589 Y114.33 E195.11688
G1 X125.593 Y113.245 E195.15297
G1 X125.655 Y112.776 E195.1687
G1 X125.87 Y112.251 E195.18757
G1 X126.211 Y111.803 E195.2063
G1 X126.659 Y111.462 E195.22502
G1 X127.189 Y111.246 E195.24406
G1 X127.737 Y111.174 E195.26244
G1 X128.294 Y111.249 E195.28113
G1 X128.813 Y111.462 E195.29979
G1 X129.261 Y111.804 E195.31854
G1 X129.603 Y112.254 E195.33734
G1 X129.816 Y112.767 E195.35581
G1 X129.88 Y113.245 E195.37185
G1 X129.883 Y114.332 E195.40801
G1 X129.302 Y116.428 E195.48035
G1 X130.44 Y116.428 E195.5182
G1 X130.735 Y116.505 E195.52834
G1 X130.939 Y116.693 E195.53757
G1 X131.04 Y116.903 E195.54532
G1 X131.037 Y122.886 E195.74431
G1 X130.945 Y123.148 E195.75355
G1 X130.568 Y123.355 E195.76785
G1 X131.341 Y126.373 E195.87147
G1 X132.018 Y125.805 E195.90087
G1 X132.627 Y125.2 E195.92942
G1 X133.206 Y124.518 E195.95917
G1 X133.697 Y123.834 E195.98718
G1 X134.156 Y123.068 E196.01688
G1 X134.53 Y122.309 E196.04502
G1 X134.855 Y121.481 E196.07461
G1 X135.101 Y120.648 E196.10349
G1 X135.275 Y119.825 E196.13147
G1 X135.385 Y118.934 E196.16133
G1 X135.424 Y118.062 E196.19036
G1 X135.424 Y110.722 E196.43449
G1 X135.106 Y110.474 E196.44791
G1 X133.629 Y109.606 E196.50489
G1 X132.05 Y108.937 E196.56192
G1 X130.386 Y108.477 E196.61934
G1 X128.696 Y108.24 E196.6761
G1 X126.975 Y108.228 E196.73335
G1 X125.269 Y108.439 E196.79052
G1 X123.606 Y108.871 E196.84767
G1 X122.018 Y109.518 E196.9047
G1 X120.518 Y110.363 E196.96196
G1 X120.044 Y110.723 E196.98176
G1 X120.044 Y118.074 E197.22625
G1 X120.083 Y118.933 E197.25485
G1 X120.193 Y119.825 E197.28475
G1 X120.366 Y120.648 E197.31272
G1 X120.612 Y121.48 E197.34158
G1 X120.938 Y122.305 E197.37108
G1 X121.312 Y123.069 E197.39937
G1 X121.771 Y123.835 E197.42907
G1 X122.266 Y124.53 E197.45745
G1 X122.832 Y125.191 E197.4864
G1 X123.45 Y125.804 E197.51535
G1 X124.056 Y126.316 E197.54173
G1 F2700 E192.54173
G0 F9000 X125.091 Y123.251
G0 X124.594 Y123.254
G0 X124.594 Y116.592
G0 X126.393 Y116.596
G0 X125.741 Y114.306
G0 X125.741 Y113.3
G0 X125.804 Y112.81
G0 X126.005 Y112.327
G0 X126.323 Y111.913
G0 X126.739 Y111.595
G0 X127.22 Y111.396
G0 X127.738 Y111.326
G0 X128.256 Y111.396
G0 X128.737 Y111.595
G0 X129.153 Y111.913
G0 X129.471 Y112.329
G0 X129.67 Y112.81
G0 X129.735 Y113.299
G0 X129.735 Y114.306
G0 X129.083 Y116.596
G0 X130.881 Y116.592
G0 X130.881 Y123.265
G0 X131.259 Y126.599
G0 X131.098 Y127.036
;TYPE:WALL-OUTER
G1 F2700 E197.54173
G1 F1500 X131.613 Y126.669 E197.56277
G1 X132.288 Y126.1 E197.59213
G1 X132.921 Y125.472 E197.62179
G1 X133.522 Y124.764 E197.65267
G1 X134.032 Y124.054 E197.68175
G1 X134.508 Y123.26 E197.71254
G1 X134.896 Y122.471 E197.74178
G1 X135.234 Y121.611 E197.77252
G1 X135.489 Y120.746 E197.80251
G1 X135.67 Y119.891 E197.83158
G1 X135.784 Y118.967 E197.86255
G1 X135.824 Y118.071 E197.89238
G1 X135.824 Y110.526 E198.14332
G1 X135.331 Y110.142 E198.16411
G1 X133.809 Y109.248 E198.22282
G1 X132.182 Y108.558 E198.2816
G1 X130.467 Y108.085 E198.34077
G1 X128.725 Y107.84 E198.39928
G1 X126.952 Y107.828 E198.45825
G1 X125.194 Y108.045 E198.51716
G1 X123.48 Y108.491 E198.57607
G1 X121.844 Y109.157 E198.63482
G1 X120.298 Y110.028 E198.69384
G1 X119.644 Y110.524 E198.72114
G1 X119.644 Y118.083 E198.97255
G1 X119.684 Y118.967 E199.00198
G1 X119.798 Y119.891 E199.03295
G1 X119.978 Y120.746 E199.06201
G1 X120.234 Y121.61 E199.09198
G1 X120.572 Y122.467 E199.12262
G1 X120.96 Y123.26 E199.15199
G1 X121.436 Y124.054 E199.18278
G1 X121.95 Y124.776 E199.21225
G1 X122.539 Y125.463 E199.24235
G1 X123.18 Y126.1 E199.27241
G1 X123.855 Y126.669 E199.30177
G1 X124.287 Y126.976 E199.3194
G1 X125.396 Y123.016 E199.45618
G1 X125.032 Y123.016 E199.46828
G1 X124.86 Y122.92 E199.47483
G1 X124.833 Y122.838 E199.47771
G1 X124.832 Y116.988 E199.67228
G1 X124.953 Y116.828 E199.67895
G1 X126.7 Y116.828 E199.73706
G1 X125.988 Y114.258 E199.82575
G1 X125.989 Y113.297 E199.85772
G1 X126.043 Y112.89 E199.87137
G1 X126.236 Y112.43 E199.88796
G1 X126.496 Y112.088 E199.90225
G1 X126.841 Y111.826 E199.91666
G1 X127.277 Y111.64 E199.93243
G1 X127.736 Y111.577 E199.94784
G1 X128.198 Y111.641 E199.96335
G1 X128.634 Y111.828 E199.97913
G1 X128.975 Y112.089 E199.99341
G1 X129.241 Y112.437 E200.00798
G1 X129.425 Y112.873 E200.02372
G1 X129.483 Y113.297 E200.03795
G1 X129.484 Y114.258 E200.06992
G1 X128.776 Y116.828 E200.15858
G1 X130.52 Y116.828 E200.21658
G1 X130.64 Y116.985 E200.22316
G1 X130.639 Y122.845 E200.41806
G1 X130.609 Y122.932 E200.42112
G1 X130.44 Y123.024 E200.42752
G1 X130.07 Y123.024 E200.43983
G1 X131.098 Y127.036 E200.57758
G1 F2700 E195.57758
G0 F9000 X131.259 Y126.599
G0 X130.372 Y123.26
G0 X130.881 Y123.265
G0 X130.881 Y116.592
G0 X129.083 Y116.596
G0 X129.735 Y114.306
G0 X129.735 Y113.299
G0 X129.67 Y112.81
G0 X129.471 Y112.329
G0 X129.153 Y111.913
G0 X128.737 Y111.595
G0 X128.256 Y111.396
G0 X127.738 Y111.326
G0 X127.22 Y111.396
G0 X126.739 Y111.595
G0 X126.323 Y111.913
G0 X126.005 Y112.327
G0 X125.804 Y112.81
G0 X125.741 Y113.3
G0 X125.741 Y114.306
G0 X126.393 Y116.596
G0 X124.594 Y116.592
G0 X124.594 Y123.254
G0 X125.091 Y123.251
G0 X123.959 Y126.001
G0 X123.698 Y125.882
G0 X123.853 Y125.699
;TYPE:SKIN
G1 F2700 E200.57758
G1 F1500 X123.103 Y124.951 E200.61281
G1 X122.554 Y124.312 E200.64083
G1 X122.08 Y123.646 E200.66802
G1 X121.62 Y122.884 E200.69762
G1 X121.26 Y122.143 E200.72502
G1 X120.95 Y121.358 E200.75309
G1 X120.715 Y120.559 E200.78079
G1 X120.55 Y119.763 E200.80783
G1 X120.44 Y118.891 E200.83707
G1 X120.404 Y118.071 E200.86436
G1 X120.404 Y110.9 E201.10287
G1 X120.71 Y110.668 E201.11565
G1 X122.176 Y109.841 E201.17163
G1 X123.72 Y109.211 E201.22709
G1 X125.334 Y108.793 E201.28254
G1 X127 Y108.588 E201.33837
G1 X128.673 Y108.6 E201.39402
G1 X130.307 Y108.829 E201.4489
G1 X131.93 Y109.278 E201.50491
G1 X133.466 Y109.928 E201.56038
G1 X134.895 Y110.766 E201.61548
G1 X135.064 Y110.898 E201.62261
G1 X135.064 Y118.047 E201.86039
G1 X135.024 Y118.891 E201.88849
G1 X134.914 Y119.779 E201.91825
G1 X134.753 Y120.547 E201.94435
G1 X134.518 Y121.351 E201.97221
G1 X134.196 Y122.166 E202.00136
G1 X133.844 Y122.884 E202.02795
G1 X133.384 Y123.646 E202.05756
G1 X132.93 Y124.284 E202.0836
G1 X132.349 Y124.963 E202.11332
G1 X131.78 Y125.528 E202.13999
G1 X131.547 Y125.728 E202.15021
G1 X130.981 Y123.51 E202.22634
G1 X131.281 Y123.319 E202.23817
G1 X131.395 Y122.927 E202.25175
G1 X131.398 Y117.005 E202.44872
G1 X131.362 Y116.769 E202.45666
G1 X131.238 Y116.483 E202.46702
G1 X130.904 Y116.185 E202.48191
G1 X130.483 Y116.074 E202.49639
G1 X129.775 Y116.068 E202.51994
G1 X130.24 Y114.357 E202.57891
G1 X130.235 Y113.197 E202.6175
G1 X130.161 Y112.661 E202.63549
G1 X129.925 Y112.094 E202.65592
G1 X129.515 Y111.541 E202.67882
G1 X128.974 Y111.139 E202.70123
G1 X128.402 Y110.901 E202.72184
G1 X127.737 Y110.809 E202.74417
G1 X127.093 Y110.896 E202.76578
G1 X126.482 Y111.141 E202.78768
G1 X125.954 Y111.543 E202.80975
G1 X125.572 Y112.047 E202.83078
G1 X125.311 Y112.66 E202.85294
G1 X125.233 Y113.196 E202.87096
G1 X125.23 Y114.381 E202.91037
G1 X125.7 Y116.068 E202.96862
G1 X125.036 Y116.068 E202.9907
G1 X124.564 Y116.18 E203.00684
G1 X124.234 Y116.485 E203.02178
G1 X124.105 Y116.772 E203.03225
G1 X124.073 Y117 E203.03991
G1 X124.077 Y122.916 E203.23667
G1 X124.183 Y123.289 E203.24957
G1 X124.473 Y123.485 E203.26121
G1 X123.853 Y125.699 E203.33768
G0 F9000 X123.848 Y124.979
G1 F1500 X122.008 Y123.14 E203.42421
G0 F9000 X121.613 Y123.376
G0 X120.981 Y122.14
G0 X121.407 Y121.973
G1 F1500 X123.971 Y124.537 E203.54481
G0 F9000 X124.095 Y124.095
G1 F1500 X121.074 Y121.074 E203.68691
G0 F9000 X120.866 Y120.301
G1 F1500 X124.219 Y123.653 E203.8446
G0 F9000 X123.878 Y122.747
G1 F1500 X120.731 Y119.599 E203.99265
G0 F9000 X120.649 Y118.952
G1 F1500 X123.878 Y122.181 E204.14453
G0 F9000 X123.878 Y121.615
G1 F1500 X120.616 Y118.353 E204.29797
G0 F9000 X120.604 Y117.776
G1 F1500 X123.877 Y121.049 E204.45192
G0 F9000 X123.877 Y120.483
G1 F1500 X120.604 Y117.21 E204.60587
G0 F9000 X120.604 Y116.644
G1 F1500 X123.877 Y119.917 E204.75982
G0 F9000 X123.877 Y119.351
G1 F1500 X120.604 Y116.079 E204.91375
G0 F9000 X120.604 Y115.513
G1 F1500 X123.877 Y118.785 E205.06768
G0 F9000 X123.876 Y118.219
G1 F1500 X120.604 Y114.947 E205.22158
G0 F9000 X120.604 Y114.382
G1 F1500 X123.876 Y117.653 E205.37546
G0 F9000 X123.876 Y117.088
G1 F1500 X120.604 Y113.816 E205.52937
G0 F9000 X120.604 Y113.25
G1 F1500 X123.957 Y116.603 E205.68708
G0 F9000 X124.181 Y116.261
G1 F1500 X120.604 Y112.685 E205.85531
G0 F9000 X120.604 Y112.119
G1 F1500 X124.48 Y115.995 E206.03763
G0 F9000 X124.932 Y115.881
G1 F1500 X120.604 Y111.553 E206.2412
G0 F9000 X120.611 Y110.995
G1 F1500 X125.419 Y115.802 E206.46733
G0 F9000 X125.2 Y115.018
G1 F1500 X120.947 Y110.765 E206.66738
G0 F9000 X121.309 Y110.561
G1 F1500 X125.03 Y114.282 E206.84241
G0 F9000 X125.033 Y113.719
G1 F1500 X121.67 Y110.357 E207.00057
G0 F9000 X122.032 Y110.152
G1 F1500 X125.038 Y113.158 E207.14196
G0 F9000 X125.106 Y112.66
G1 F1500 X122.408 Y109.963 E207.26884
G0 F9000 X122.81 Y109.799
G1 F1500 X125.264 Y112.253 E207.38427
G0 F9000 X125.452 Y111.876
G1 F1500 X123.211 Y109.635 E207.48968
G0 F9000 X123.613 Y109.471
G1 F1500 X125.696 Y111.554 E207.58766
G0 F9000 X125.98 Y111.272
G1 F1500 X124.042 Y109.334 E207.67882
G0 F9000 X124.491 Y109.218
G1 F1500 X126.301 Y111.027 E207.76393
G0 F9000 X126.683 Y110.844
G1 F1500 X124.941 Y109.102 E207.84587
G0 F9000 X125.393 Y108.988
G1 F1500 X127.101 Y110.696 E207.92621
G0 F9000 X127.6 Y110.63
G1 F1500 X125.896 Y108.926 E208.00636
G0 F9000 X126.4 Y108.864
G1 F1500 X128.212 Y110.676 E208.09159
G0 F9000 X129.059 Y110.957
G1 F1500 X126.904 Y108.802 E208.19295
G0 F9000 X127.46 Y108.792
G1 F1500 X134.864 Y116.197 E208.54124
G0 F9000 X134.864 Y116.762
G1 F1500 X130.103 Y112.001 E208.76518
G0 F9000 X130.388 Y112.851
G1 F1500 X134.864 Y117.328 E208.97574
G0 F9000 X134.864 Y117.894
G1 F1500 X130.434 Y113.464 E209.18412
G0 F9000 X130.438 Y114.033
G1 F1500 X134.845 Y118.44 E209.39141
G0 F9000 X134.812 Y118.973
G1 F1500 X130.396 Y114.557 E209.59912
G0 F9000 X130.275 Y115.001
G1 F1500 X134.75 Y119.476 E209.80961
G0 F9000 X134.671 Y119.963
G1 F1500 X131.578 Y116.87 E209.9551
G0 F9000 X131.6 Y117.458
G1 F1500 X134.574 Y120.432 E210.09499
G0 F9000 X134.45 Y120.874
G1 F1500 X131.599 Y118.022 E210.22911
G0 F9000 X131.598 Y118.587
G1 F1500 X134.32 Y121.309 E210.35715
G0 F9000 X134.159 Y121.714
G1 F1500 X131.598 Y119.152 E210.47763
G0 F9000 X131.597 Y119.717
G1 F1500 X133.997 Y122.117 E210.59052
G0 F9000 X133.811 Y122.497
G1 F1500 X131.597 Y120.283 E210.69466
G0 F9000 X131.596 Y120.848
G1 F1500 X133.618 Y122.87 E210.78977
G0 F9000 X133.406 Y123.223
G1 F1500 X131.595 Y121.413 E210.87493
G0 F9000 X131.595 Y121.978
G1 F1500 X133.191 Y123.574 E210.95
G0 F9000 X132.955 Y123.904
G1 F1500 X131.594 Y122.543 E211.01402
G0 F9000 X131.558 Y123.073
G1 F1500 X132.714 Y124.229 E211.06839
G0 F9000 X132.454 Y124.534
G1 F1500 X131.392 Y123.473 E211.11832
G0 F9000 X131.298 Y123.944
G1 F1500 X132.191 Y124.837 E211.16033
G0 F9000 X131.907 Y125.119
G1 F1500 X131.491 Y124.703 E211.17989
G0 F9000 X131.046 Y124.816
G0 X130.758 Y123.416
G0 X130.881 Y116.592
G0 X130.491 Y116.344
G0 X130.608 Y115.9
G1 F1500 X130.153 Y115.445 E211.20129
G0 F9000 X129.713 Y115.323
G0 X129.534 Y116.252
G0 X131.073 Y116.605
G0 X131.105 Y123.219
G0 X130.758 Y123.416
G0 X131.444 Y126.055
G0 X132.509 Y125.091
G0 X133.563 Y123.745
G0 X134.383 Y122.244
G0 X134.945 Y120.608
G0 X135.197 Y119.089
G0 X135.324 Y115.631
G0 X134.864 Y115.631
G1 F1500 X128.029 Y108.795 E211.52282
G0 F9000 X128.599 Y108.8
G1 F1500 X134.864 Y115.065 E211.8175
G0 F9000 X134.864 Y114.5
G1 F1500 X129.247 Y108.882 E212.08173
G0 F9000 X129.905 Y108.974
G1 F1500 X134.864 Y113.934 E212.31501
G0 F9000 X134.864 Y113.368
G1 F1500 X130.618 Y109.122 E212.51473
G0 F9000 X131.401 Y109.339
G1 F1500 X134.864 Y112.803 E212.67764
G0 F9000 X134.864 Y112.237
G1 F1500 X132.264 Y109.636 E212.79996
G0 F9000 X132.444 Y109.213
G0 X133.424 Y109.628
G0 X133.244 Y110.051
G1 F1500 X134.864 Y111.671 E212.87616
G0 F9000 X134.864 Y111.106
G1 F1500 X134.56 Y110.802 E212.89046
G1 F2700 E207.89046
;MESH:NONMESH
G0 F300 X134.56 Y110.802 Z0.8
G0 F9000 X134.793 Y110.407
G0 X135.259 Y110.802
G0 X135.225 Y118.92
G0 X134.945 Y120.608
G0 X134.383 Y122.244
G0 X133.563 Y123.745
G0 X132.509 Y125.091
G0 X131.444 Y126.055
G0 X130.758 Y123.416
G0 X131.197 Y122.902
G0 X131.073 Y116.605
G0 X129.534 Y116.252
G0 X129.728 Y113.979
G0 X129.735 Y113.299
G0 X129.67 Y112.81
G0 X129.471 Y112.329
G0 X129.153 Y111.913
G0 X128.737 Y111.595
G0 X128.256 Y111.396
G0 X127.738 Y111.326
G0 X127.22 Y111.396
G0 X126.739 Y111.595
G0 X126.323 Y111.913
G0 X126.005 Y112.327
G0 X125.804 Y112.81
G0 X125.741 Y113.3
G0 X125.741 Y114.306
G0 X126.017 Y116.597
G0 X124.594 Y116.592
G0 X124.364 Y123.198
G0 X124.699 Y123.393
G0 X123.959 Y126.001
G0 X122.95 Y125.082
G0 X121.905 Y123.746
G0 X120.203 Y120.698
G0 X119.155 Y121.012
G0 X113.756 Y125.272
G0 X110.869 Y126.373
;TIME_ELAPSED:386.209066
;LAYER:3
M106 S255
;TYPE:WALL-INNER
;MESH:FT08-Gear Clips.stl
G1 F2700 E212.89046
G1 F1500 X111.546 Y125.805 E212.91985
G1 X112.164 Y125.191 E212.94883
G1 X112.73 Y124.529 E212.9778
G1 X113.225 Y123.835 E213.00615
G1 X113.684 Y123.068 E213.03588
G1 X114.062 Y122.305 E213.0642
G1 X114.384 Y121.48 E213.09366
G1 X114.633 Y120.648 E213.12254
G1 X114.803 Y119.825 E213.15049
G1 X114.917 Y118.934 E213.18037
G1 X114.952 Y118.064 E213.20933
G1 X114.952 Y110.722 E213.45352
G1 X114.634 Y110.474 E213.46694
G1 X113.157 Y109.606 E213.52392
G1 X111.578 Y108.936 E213.58097
G1 X109.917 Y108.478 E213.63827
G1 X108.224 Y108.24 E213.69514
G1 X106.507 Y108.228 E213.75225
G1 X104.797 Y108.439 E213.80955
G1 X103.134 Y108.871 E213.8667
G1 X101.546 Y109.518 E213.92373
G1 X100.051 Y110.363 E213.98085
G1 X99.576 Y110.723 E214.00067
G1 X99.576 Y118.075 E214.2452
G1 X99.611 Y118.935 E214.27383
G1 X99.721 Y119.825 E214.30366
G1 X99.894 Y120.647 E214.33159
G1 X100.144 Y121.479 E214.36049
G1 X100.47 Y122.31 E214.39018
G1 X100.84 Y123.069 E214.41826
G1 X101.298 Y123.834 E214.44792
G1 X101.79 Y124.517 E214.47592
G1 X102.369 Y125.2 E214.5057
G1 X102.978 Y125.804 E214.53422
G1 X103.584 Y126.316 E214.56061
G1 X104.418 Y123.337 E214.6635
G1 X104.046 Y123.127 E214.67771
G1 X103.963 Y122.88 E214.68638
G1 X103.96 Y117.028 E214.88102
G1 X104.061 Y116.693 E214.89265
G1 X104.266 Y116.505 E214.9019
G1 X104.56 Y116.428 E214.91201
G1 X105.702 Y116.428 E214.95
G1 X105.117 Y114.33 E215.02244
G1 X105.121 Y113.245 E215.05853
G1 X105.185 Y112.762 E215.07473
G1 X105.408 Y112.243 E215.09352
G1 X105.738 Y111.804 E215.11178
G1 X106.192 Y111.462 E215.13069
G1 X106.689 Y111.257 E215.14857
G1 X107.261 Y111.173 E215.1678
G1 X107.822 Y111.249 E215.18663
G1 X108.342 Y111.458 E215.20527
G1 X108.791 Y111.805 E215.22414
G1 X109.131 Y112.254 E215.24288
G1 X109.344 Y112.767 E215.26135
G1 X109.408 Y113.245 E215.27739
G1 X109.411 Y114.332 E215.31354
G1 X108.83 Y116.428 E215.38589
G1 X109.972 Y116.428 E215.42387
G1 X110.266 Y116.504 E215.43397
G1 X110.471 Y116.693 E215.44324
G1 X110.572 Y116.903 E215.45099
G1 X110.569 Y122.888 E215.65006
G1 X110.477 Y123.15 E215.65929
G1 X110.096 Y123.357 E215.67371
G1 X110.869 Y126.373 E215.77727
G0 F9000 X110.626 Y127.036
;TYPE:WALL-OUTER
G1 F1500 X111.141 Y126.669 E215.7983
G1 X111.816 Y126.1 E215.82766
G1 X112.457 Y125.463 E215.85772
G1 X113.046 Y124.776 E215.88782
G1 X113.56 Y124.054 E215.9173
G1 X114.036 Y123.26 E215.94809
G1 X114.428 Y122.467 E215.97751
G1 X114.762 Y121.61 E216.0081
G1 X115.021 Y120.746 E216.0381
G1 X115.198 Y119.891 E216.06714
G1 X115.316 Y118.967 E216.09812
G1 X115.352 Y118.072 E216.12792
G1 X115.352 Y110.526 E216.3789
G1 X114.859 Y110.142 E216.39968
G1 X113.337 Y109.248 E216.45839
G1 X111.71 Y108.558 E216.51717
G1 X109.999 Y108.085 E216.57621
G1 X108.253 Y107.84 E216.63485
G1 X106.484 Y107.828 E216.69369
G1 X104.722 Y108.045 E216.75274
G1 X103.008 Y108.491 E216.81164
G1 X101.372 Y109.157 E216.87039
G1 X99.831 Y110.028 E216.92927
G1 X99.176 Y110.524 E216.9566
G1 X99.176 Y118.083 E217.20801
G1 X99.212 Y118.967 E217.23744
G1 X99.326 Y119.891 E217.2684
G1 X99.506 Y120.746 E217.29746
G1 X99.766 Y121.61 E217.32747
G1 X100.104 Y122.471 E217.35824
G1 X100.488 Y123.26 E217.38742
G1 X100.964 Y124.054 E217.41821
G1 X101.474 Y124.764 E217.44729
G1 X102.075 Y125.472 E217.47818
G1 X102.708 Y126.1 E217.50783
G1 X103.383 Y126.669 E217.5372
G1 X103.815 Y126.976 E217.55482
G1 X104.924 Y123.016 E217.6916
G1 X104.56 Y123.016 E217.70371
G1 X104.388 Y122.92 E217.71026
G1 X104.361 Y122.838 E217.71313
G1 X104.36 Y116.988 E217.9077
G1 X104.481 Y116.828 E217.91437
G1 X106.228 Y116.828 E217.97248
G1 X105.516 Y114.258 E218.06118
G1 X105.517 Y113.297 E218.09314
G1 X105.571 Y112.89 E218.1068
G1 X105.767 Y112.431 E218.1234
G1 X106.025 Y112.088 E218.13767
G1 X106.414 Y111.803 E218.15371
G1 X106.805 Y111.64 E218.1678
G1 X107.264 Y111.578 E218.1832
G1 X107.707 Y111.636 E218.19806
G1 X108.143 Y111.809 E218.21367
G1 X108.52 Y112.11 E218.22971
G1 X108.769 Y112.437 E218.24338
G1 X108.953 Y112.873 E218.25912
G1 X109.011 Y113.297 E218.27335
G1 X109.012 Y114.258 E218.30532
G1 X108.304 Y116.828 E218.39398
G1 X110.051 Y116.828 E218.45209
G1 X110.172 Y116.985 E218.45868
G1 X110.171 Y122.846 E218.65362
G1 X110.141 Y122.933 E218.65668
G1 X109.972 Y123.024 E218.66306
G1 X109.598 Y123.024 E218.6755
G1 X110.626 Y127.036 E218.81325
G0 F9000 X110.788 Y126.599
G0 X110.824 Y125.791
G0 X111.075 Y125.728
;TYPE:SKIN
G1 F1500 X110.508 Y123.513 E218.8893
G1 X110.797 Y123.355 E218.90025
G1 X110.928 Y122.924 E218.91524
G1 X110.932 Y117.037 E219.11104
G1 X110.894 Y116.766 E219.12014
G1 X110.77 Y116.483 E219.13042
G1 X110.434 Y116.181 E219.14544
G1 X110.014 Y116.074 E219.15986
G1 X109.303 Y116.068 E219.18351
G1 X109.768 Y114.357 E219.24248
G1 X109.763 Y113.197 E219.28106
G1 X109.689 Y112.661 E219.29906
G1 X109.429 Y112.048 E219.3212
G1 X109.027 Y111.533 E219.34293
G1 X108.519 Y111.139 E219.36432
G1 X107.93 Y110.901 E219.38544
G1 X107.261 Y110.809 E219.40791
G1 X106.617 Y110.896 E219.42952
G1 X106.007 Y111.144 E219.45142
G1 X105.482 Y111.543 E219.47335
G1 X105.104 Y112.043 E219.4942
G1 X104.839 Y112.66 E219.51653
G1 X104.761 Y113.192 E219.53442
G1 X104.758 Y114.381 E219.57396
G1 X105.228 Y116.068 E219.63221
G1 X104.564 Y116.068 E219.6543
G1 X104.092 Y116.18 E219.67043
G1 X103.762 Y116.485 E219.68538
G1 X103.633 Y116.772 E219.69584
G1 X103.601 Y117 E219.7035
G1 X103.605 Y122.918 E219.90033
G1 X103.723 Y123.3 E219.91363
G1 X104.001 Y123.485 E219.92474
G1 X103.381 Y125.699 E220.00121
G1 X102.644 Y124.964 E220.03583
G1 X102.066 Y124.284 E220.06551
G1 X101.6 Y123.638 E220.092
G1 X101.128 Y122.84 E220.12284
G1 X100.804 Y122.175 E220.14744
G1 X100.478 Y121.346 E220.17707
G1 X100.243 Y120.559 E220.20439
G1 X100.078 Y119.763 E220.23143
G1 X99.968 Y118.895 E220.26053
G1 X99.936 Y118.072 E220.28792
G1 X99.936 Y110.903 E220.52636
G1 X100.251 Y110.66 E220.5396
G1 X101.704 Y109.841 E220.59507
G1 X103.244 Y109.215 E220.65036
G1 X104.866 Y108.793 E220.70611
G1 X106.528 Y108.588 E220.7618
G1 X108.201 Y108.6 E220.81745
G1 X109.839 Y108.829 E220.87246
G1 X111.458 Y109.278 E220.92834
G1 X112.994 Y109.928 E220.98381
G1 X114.423 Y110.766 E221.03891
G1 X114.592 Y110.898 E221.04604
G1 X114.592 Y118.047 E221.28382
G1 X114.556 Y118.891 E221.31192
G1 X114.446 Y119.751 E221.34075
G1 X114.277 Y120.571 E221.3686
G1 X114.046 Y121.346 E221.3955
G1 X113.728 Y122.159 E221.42453
G1 X113.364 Y122.9 E221.45199
G1 X112.928 Y123.626 E221.48016
G1 X112.438 Y124.316 E221.50831
G1 X111.909 Y124.935 E221.53539
G1 X111.309 Y125.528 E221.56345
G1 X111.075 Y125.728 E221.57369
G0 F9000 X111.169 Y125.287
G1 F1500 X112.321 Y124.135 E221.62787
G0 F9000 X112.697 Y124.402
G0 X111.438 Y125.686
G0 X110.972 Y126.055
G0 X110.493 Y124.5
G0 X110.938 Y124.387
G1 F1500 X113.737 Y121.588 E221.75953
G0 F9000 X114.017 Y120.742
G1 F1500 X110.823 Y123.937 E221.90979
G0 F9000 X111.082 Y123.112
G1 F1500 X114.19 Y120.004 E222.05598
G0 F9000 X114.298 Y119.33
G1 F1500 X111.127 Y122.501 E222.20513
G0 F9000 X111.128 Y121.934
G1 F1500 X114.363 Y118.699 E222.3573
G0 F9000 X114.389 Y118.108
G1 F1500 X111.129 Y121.368 E222.51064
G0 F9000 X111.129 Y120.802
G1 F1500 X114.391 Y117.54 E222.66407
G0 F9000 X114.391 Y116.974
G1 F1500 X111.13 Y120.236 E222.81748
G0 F9000 X111.13 Y119.669
G1 F1500 X114.391 Y116.408 E222.97087
G0 F9000 X114.391 Y115.842
G1 F1500 X111.131 Y119.103 E223.12423
G0 F9000 X111.131 Y118.537
G1 F1500 X114.391 Y115.277 E223.27757
G0 F9000 X114.391 Y114.711
G1 F1500 X111.132 Y117.971 E223.43089
G0 F9000 X111.132 Y117.404
G1 F1500 X114.391 Y114.145 E223.58418
G0 F9000 X114.391 Y113.58
G1 F1500 X111.109 Y116.862 E223.73856
G0 F9000 X110.968 Y116.438
G1 F1500 X114.391 Y113.014 E223.89959
G0 F9000 X114.391 Y112.448
G1 F1500 X110.692 Y116.148 E224.0736
G0 F9000 X110.326 Y115.948
G1 F1500 X114.391 Y111.883 E224.26481
G0 F9000 X114.391 Y111.317
G1 F1500 X109.877 Y115.832 E224.47716
G0 F9000 X109.675 Y115.468
G1 F1500 X114.248 Y110.895 E224.69226
G0 F9000 X113.892 Y110.686
G1 F1500 X109.889 Y114.688 E224.88052
G0 F9000 X109.966 Y114.045
G1 F1500 X113.535 Y110.476 E225.0484
G0 F9000 X113.179 Y110.267
G1 F1500 X109.963 Y113.483 E225.19967
G0 F9000 X109.932 Y112.948
G1 F1500 X112.813 Y110.068 E225.33516
G0 F9000 X112.415 Y109.899
G1 F1500 X109.833 Y112.482 E225.45663
G0 F9000 X109.667 Y112.082
G1 F1500 X112.017 Y109.732 E225.56717
G0 F9000 X111.62 Y109.563
G1 F1500 X109.445 Y111.738 E225.66947
G0 F9000 X109.199 Y111.418
G1 F1500 X111.203 Y109.414 E225.76374
G0 F9000 X110.76 Y109.291
G1 F1500 X108.883 Y111.168 E225.85202
G0 F9000 X108.549 Y110.937
G1 F1500 X110.318 Y109.168 E225.93523
G0 F9000 X109.875 Y109.045
G1 F1500 X108.147 Y110.773 E226.01651
G0 F9000 X107.685 Y110.669
G1 F1500 X109.388 Y108.967 E226.09659
G0 F9000 X108.891 Y108.898
G1 F1500 X107.163 Y110.625 E226.17785
G0 F9000 X106.49 Y110.734
G1 F1500 X108.395 Y108.829 E226.26745
G0 F9000 X107.861 Y108.797
G1 F1500 X100.136 Y116.521 E226.63079
G0 F9000 X100.136 Y115.956
G1 F1500 X107.299 Y108.793 E226.96772
G0 F9000 X106.737 Y108.789
G1 F1500 X100.136 Y115.39 E227.27821
G0 F9000 X100.136 Y114.824
G1 F1500 X106.12 Y108.84 E227.55968
G0 F9000 X105.476 Y108.919
G1 F1500 X100.136 Y114.259 E227.81085
G0 F9000 X100.136 Y113.693
G1 F1500 X104.817 Y109.012 E228.03103
G0 F9000 X104.053 Y109.211
G1 F1500 X100.136 Y113.127 E228.21525
G0 F9000 X100.136 Y112.562
G1 F1500 X103.284 Y109.414 E228.36333
G0 F9000 X103.112 Y108.989
G0 X102.158 Y109.377
G0 X102.33 Y109.802
G1 F1500 X100.136 Y111.996 E228.46652
G0 F9000 X100.136 Y111.43
G1 F1500 X101.228 Y110.338 E228.51789
G1 F2700 E223.51789
G0 F9000 X101.003 Y109.939
G0 X99.741 Y110.805
G0 X99.772 Y118.921
G0 X100.05 Y120.607
G0 X100.618 Y122.245
G0 X101.433 Y123.745
G0 X102.487 Y125.091
G0 X103.487 Y126.001
G0 X104.227 Y123.393
G0 X103.803 Y122.896
G0 X103.927 Y116.605
G0 X105.47 Y116.252
G0 X105.09 Y112.738
G0 X104.665 Y112.559
G1 F2700 E228.51789
G1 F1500 X100.136 Y117.087 E228.7309
G0 F9000 X100.136 Y117.653
G1 F1500 X104.562 Y113.227 E228.93908
G0 F9000 X104.559 Y113.795
G1 F1500 X100.142 Y118.213 E229.14687
G0 F9000 X100.162 Y118.758
G1 F1500 X104.556 Y114.364 E229.35355
G0 F9000 X104.671 Y114.815
G1 F1500 X100.217 Y119.269 E229.56305
G0 F9000 X100.283 Y119.768
G1 F1500 X103.532 Y116.519 E229.71587
G0 F9000 X103.403 Y117.214
G1 F1500 X100.38 Y120.237 E229.85807
G0 F9000 X100.491 Y120.692
G1 F1500 X103.403 Y117.78 E229.99504
G0 F9000 X103.403 Y118.346
G1 F1500 X100.621 Y121.127 E230.12587
G0 F9000 X100.771 Y121.543
G1 F1500 X103.404 Y118.911 E230.24969
G0 F9000 X103.404 Y119.476
G1 F1500 X100.93 Y121.95 E230.36606
G0 F9000 X101.107 Y122.339
G1 F1500 X103.404 Y120.041 E230.47413
G0 F9000 X103.404 Y120.607
G1 F1500 X101.293 Y122.718 E230.57343
G0 F9000 X101.5 Y123.078
G1 F1500 X103.404 Y121.173 E230.66301
G0 F9000 X103.405 Y121.738
G1 F1500 X101.711 Y123.432 E230.74269
G0 F9000 X101.941 Y123.768
G1 F1500 X103.405 Y122.303 E230.81157
G0 F9000 X103.405 Y122.869
G1 F1500 X102.177 Y124.097 E230.86934
G0 F9000 X102.433 Y124.407
G1 F1500 X103.513 Y123.326 E230.92016
G0 F9000 X103.743 Y123.662
G1 F1500 X102.693 Y124.712 E230.96955
G0 F9000 X102.993 Y124.978
G1 F1500 X103.523 Y124.448 E230.99448
G1 F2700 E225.99448
G0 F9000 X103.968 Y124.572
G0 X104.619 Y123.251
G0 X104.123 Y123.254
G0 X104.123 Y116.592
G0 X105.922 Y116.596
G0 X105.269 Y114.306
G0 X105.269 Y113.299
G0 X105.334 Y112.81
G0 X105.534 Y112.327
G0 X105.852 Y111.913
G0 X106.268 Y111.595
G0 X106.749 Y111.396
G0 X107.267 Y111.326
G0 X107.784 Y111.396
G0 X108.267 Y111.595
G0 X108.682 Y111.913
G0 X108.999 Y112.328
G0 X109.199 Y112.81
G0 X109.264 Y113.299
G0 X109.264 Y114.306
G0 X108.612 Y116.596
G0 X110.41 Y116.592
G0 X110.41 Y123.265
G0 X110.608 Y124.951
G0 X111.053 Y124.838
G1 F2700 E230.99448
G1 F1500 X113.286 Y122.605 E231.09951
G0 F9000 X113.7 Y122.81
G0 X112.604 Y124.43
G0 X111.438 Y125.686
G0 X110.972 Y126.055
G0 X110.286 Y123.419
G0 X110.729 Y122.904
G0 X110.41 Y116.592
G0 X108.612 Y116.596
G0 X109.264 Y114.306
G0 X109.264 Y113.299
G0 X109.199 Y112.81
G0 X108.999 Y112.328
G0 X108.682 Y111.913
G0 X108.267 Y111.595
G0 X107.784 Y111.396
G0 X107.267 Y111.326
G0 X106.749 Y111.396
G0 X106.268 Y111.595
G0 X105.852 Y111.913
G0 X105.534 Y112.327
G0 X105.334 Y112.81
G0 X105.269 Y113.299
G0 X105.269 Y113.584
G0 X105.361 Y115.578
G0 X104.918 Y115.7
G1 F1500 X104.749 Y115.869 E231.10746
G0 F9000 X104.794 Y115.258
G1 F1500 X104.071 Y115.98 E231.14144
G1 F2700 E226.14144
G0 F9000 X104.215 Y116.417
G0 X105.922 Y116.596
G0 X105.269 Y114.306
G0 X105.269 Y113.299
G0 X105.334 Y112.81
G0 X105.534 Y112.327
G0 X105.852 Y111.913
G0 X106.268 Y111.595
G0 X106.749 Y111.396
G0 X107.267 Y111.326
G0 X107.784 Y111.396
G0 X108.267 Y111.595
G0 X108.682 Y111.913
G0 X108.999 Y112.328
G0 X109.199 Y112.81
G0 X109.264 Y113.299
G0 X109.264 Y114.306
G0 X108.612 Y116.596
G0 X110.41 Y116.592
G0 X110.636 Y123.221
G0 X110.286 Y123.419
G0 X110.972 Y126.055
G0 X111.438 Y125.686
G0 X112.382 Y124.669
G0 X114.219 Y122.374
G0 X115.238 Y122.772
G0 X121.876 Y126.018
G0 X124.056 Y126.316
;TYPE:WALL-INNER
G1 F2700 E231.14144
G1 F1500 X124.89 Y123.337 E231.24434
G1 X124.518 Y123.127 E231.25854
G1 X124.435 Y122.881 E231.26718
G1 X124.432 Y117.028 E231.46185
G1 X124.533 Y116.693 E231.47349
G1 X124.738 Y116.505 E231.48274
G1 X125.032 Y116.428 E231.49285
G1 X126.174 Y116.428 E231.53083
G1 X125.589 Y114.33 E231.60327
G1 X125.593 Y113.245 E231.63936
G1 X125.655 Y112.776 E231.6551
G1 X125.87 Y112.251 E231.67396
G1 X126.211 Y111.803 E231.69269
G1 X126.659 Y111.462 E231.71142
G1 X127.189 Y111.246 E231.73045
G1 X127.737 Y111.174 E231.74883
G1 X128.294 Y111.249 E231.76753
G1 X128.813 Y111.462 E231.78619
G1 X129.261 Y111.804 E231.80493
G1 X129.603 Y112.254 E231.82373
G1 X129.816 Y112.767 E231.84221
G1 X129.88 Y113.245 E231.85825
G1 X129.883 Y114.332 E231.8944
G1 X129.302 Y116.428 E231.96674
G1 X130.44 Y116.428 E232.00459
G1 X130.735 Y116.505 E232.01473
G1 X130.939 Y116.693 E232.02396
G1 X131.04 Y116.903 E232.03171
G1 X131.037 Y122.886 E232.23071
G1 X130.945 Y123.148 E232.23994
G1 X130.568 Y123.355 E232.25425
G1 X131.341 Y126.373 E232.35787
G1 X132.018 Y125.805 E232.38726
G1 X132.627 Y125.2 E232.41581
G1 X133.206 Y124.518 E232.44557
G1 X133.697 Y123.834 E232.47357
G1 X134.156 Y123.068 E232.50327
G1 X134.53 Y122.309 E232.53141
G1 X134.855 Y121.481 E232.561
G1 X135.101 Y120.648 E232.58989
G1 X135.275 Y119.825 E232.61787
G1 X135.385 Y118.934 E232.64773
G1 X135.424 Y118.062 E232.67676
G1 X135.424 Y110.722 E232.92089
G1 X135.106 Y110.474 E232.9343
G1 X133.629 Y109.606 E232.99128
G1 X132.05 Y108.937 E233.04832
G1 X130.386 Y108.477 E233.10574
G1 X128.696 Y108.24 E233.1625
G1 X126.975 Y108.228 E233.21974
G1 X125.269 Y108.439 E233.27691
G1 X123.606 Y108.871 E233.33406
G1 X122.018 Y109.518 E233.39109
G1 X120.518 Y110.363 E233.44836
G1 X120.044 Y110.723 E233.46815
G1 X120.044 Y118.074 E233.71265
G1 X120.083 Y118.933 E233.74125
G1 X120.193 Y119.825 E233.77114
G1 X120.366 Y120.648 E233.79911
G1 X120.612 Y121.48 E233.82797
G1 X120.938 Y122.305 E233.85747
G1 X121.312 Y123.069 E233.88576
G1 X121.771 Y123.835 E233.91547
G1 X122.266 Y124.53 E233.94385
G1 X122.832 Y125.191 E233.97279
G1 X123.45 Y125.804 E234.00174
G1 X124.056 Y126.316 E234.02813
G1 F2700 E229.02813
G0 F9000 X125.091 Y123.251
G0 X124.594 Y123.254
G0 X124.594 Y116.592
G0 X126.393 Y116.596
G0 X125.741 Y114.306
G0 X125.741 Y113.3
G0 X125.804 Y112.81
G0 X126.005 Y112.327
G0 X126.323 Y111.913
G0 X126.739 Y111.595
G0 X127.22 Y111.396
G0 X127.738 Y111.326
G0 X128.256 Y111.396
G0 X128.737 Y111.595
G0 X129.153 Y111.913
G0 X129.471 Y112.329
G0 X129.67 Y112.81
G0 X129.735 Y113.299
G0 X129.735 Y114.306
G0 X129.083 Y116.596
G0 X130.881 Y116.592
G0 X130.881 Y123.265
G0 X131.259 Y126.599
G0 X131.098 Y127.036
;TYPE:WALL-OUTER
G1 F2700 E234.02813
G1 F1500 X131.613 Y126.669 E234.04916
G1 X132.288 Y126.1 E234.07852
G1 X132.921 Y125.472 E234.10818
G1 X133.522 Y124.764 E234.13907
G1 X134.032 Y124.054 E234.16814
G1 X134.508 Y123.26 E234.19893
G1 X134.896 Y122.471 E234.22818
G1 X135.234 Y121.611 E234.25891
G1 X135.489 Y120.746 E234.28891
G1 X135.67 Y119.891 E234.31797
G1 X135.784 Y118.967 E234.34894
G1 X135.824 Y118.071 E234.37877
G1 X135.824 Y110.526 E234.62972
G1 X135.331 Y110.142 E234.6505
G1 X133.809 Y109.248 E234.70921
G1 X132.182 Y108.558 E234.76799
G1 X130.467 Y108.085 E234.82716
G1 X128.725 Y107.84 E234.88567
G1 X126.952 Y107.828 E234.94464
G1 X125.194 Y108.045 E235.00356
G1 X123.48 Y108.491 E235.06246
G1 X121.844 Y109.157 E235.12121
G1 X120.298 Y110.028 E235.18023
G1 X119.644 Y110.524 E235.20753
G1 X119.644 Y118.083 E235.45895
G1 X119.684 Y118.967 E235.48838
G1 X119.798 Y119.891 E235.51934
G1 X119.978 Y120.746 E235.5484
G1 X120.234 Y121.61 E235.57838
G1 X120.572 Y122.467 E235.60902
G1 X120.96 Y123.26 E235.63838
G1 X121.436 Y124.054 E235.66917
G1 X121.95 Y124.776 E235.69865
G1 X122.539 Y125.463 E235.72875
G1 X123.18 Y126.1 E235.7588
G1 X123.855 Y126.669 E235.78816
G1 X124.287 Y126.976 E235.80579
G1 X125.396 Y123.016 E235.94257
G1 X125.032 Y123.016 E235.95468
G1 X124.86 Y122.92 E235.96123
G1 X124.833 Y122.838 E235.9641
G1 X124.832 Y116.988 E236.15867
G1 X124.953 Y116.828 E236.16534
G1 X126.7 Y116.828 E236.22345
G1 X125.988 Y114.258 E236.31215
G1 X125.989 Y113.297 E236.34411
G1 X126.043 Y112.89 E236.35777
G1 X126.236 Y112.43 E236.37436
G1 X126.496 Y112.088 E236.38865
G1 X126.841 Y111.826 E236.40305
G1 X127.277 Y111.64 E236.41882
G1 X127.736 Y111.577 E236.43423
G1 X128.198 Y111.641 E236.44974
G1 X128.634 Y111.828 E236.46552
G1 X128.975 Y112.089 E236.4798
G1 X129.241 Y112.437 E236.49437
G1 X129.425 Y112.873 E236.51011
G1 X129.483 Y113.297 E236.52435
G1 X129.484 Y114.258 E236.55631
G1 X128.776 Y116.828 E236.64497
G1 X130.52 Y116.828 E236.70298
G1 X130.64 Y116.985 E236.70955
G1 X130.639 Y122.845 E236.90445
G1 X130.609 Y122.932 E236.90752
G1 X130.44 Y123.024 E236.91392
G1 X130.07 Y123.024 E236.92622
G1 X131.098 Y127.036 E237.06397
G1 F2700 E232.06397
G0 F9000 X131.259 Y126.599
G0 X130.372 Y123.26
G0 X130.881 Y123.265
G0 X130.881 Y116.592
G0 X129.083 Y116.596
G0 X129.735 Y114.306
G0 X129.735 Y113.299
G0 X129.67 Y112.81
G0 X129.471 Y112.329
G0 X129.153 Y111.913
G0 X128.737 Y111.595
G0 X128.256 Y111.396
G0 X127.738 Y111.326
G0 X127.22 Y111.396
G0 X126.739 Y111.595
G0 X126.323 Y111.913
G0 X126.005 Y112.327
G0 X125.804 Y112.81
G0 X125.741 Y113.3
G0 X125.741 Y114.306
G0 X126.393 Y116.596
G0 X124.594 Y116.592
G0 X124.594 Y123.254
G0 X125.091 Y123.251
G0 X123.959 Y126.001
G0 X123.698 Y125.882
G0 X123.853 Y125.699
;TYPE:SKIN
G1 F2700 E237.06397
G1 F1500 X123.103 Y124.951 E237.0992
G1 X122.554 Y124.312 E237.12722
G1 X122.08 Y123.646 E237.15441
G1 X121.62 Y122.884 E237.18402
G1 X121.26 Y122.143 E237.21142
G1 X120.95 Y121.358 E237.23949
G1 X120.715 Y120.559 E237.26719
G1 X120.55 Y119.763 E237.29423
G1 X120.44 Y118.891 E237.32346
G1 X120.404 Y118.071 E237.35076
G1 X120.404 Y110.9 E237.58927
G1 X120.71 Y110.668 E237.60204
G1 X122.176 Y109.841 E237.65802
G1 X123.72 Y109.211 E237.71349
G1 X125.334 Y108.793 E237.76894
G1 X127 Y108.588 E237.82477
G1 X128.673 Y108.6 E237.88041
G1 X130.307 Y108.829 E237.93529
G1 X131.93 Y109.278 E237.9913
G1 X133.466 Y109.928 E238.04677
G1 X134.895 Y110.766 E238.10187
G1 X135.064 Y110.898 E238.109
G1 X135.064 Y118.047 E238.34678
G1 X135.024 Y118.891 E238.37488
G1 X134.914 Y119.779 E238.40464
G1 X134.753 Y120.547 E238.43074
G1 X134.518 Y121.351 E238.4586
G1 X134.196 Y122.166 E238.48775
G1 X133.844 Y122.884 E238.51435
G1 X133.384 Y123.646 E238.54395
G1 X132.93 Y124.284 E238.56999
G1 X132.349 Y124.963 E238.59972
G1 X131.78 Y125.528 E238.62639
G1 X131.547 Y125.728 E238.6366
G1 X130.981 Y123.51 E238.71274
G1 X131.281 Y123.319 E238.72456
G1 X131.395 Y122.927 E238.73814
G1 X131.398 Y117.005 E238.93511
G1 X131.362 Y116.769 E238.94305
G1 X131.238 Y116.483 E238.95342
G1 X130.904 Y116.185 E238.9683
G1 X130.483 Y116.074 E238.98279
G1 X129.775 Y116.068 E239.00633
G1 X130.24 Y114.357 E239.06531
G1 X130.235 Y113.197 E239.10389
G1 X130.161 Y112.661 E239.12189
G1 X129.925 Y112.094 E239.14231
G1 X129.515 Y111.541 E239.16521
G1 X128.974 Y111.139 E239.18763
G1 X128.402 Y110.901 E239.20823
G1 X127.737 Y110.809 E239.23056
G1 X127.093 Y110.896 E239.25218
G1 X126.482 Y111.141 E239.27407
G1 X125.954 Y111.543 E239.29614
G1 X125.572 Y112.047 E239.31718
G1 X125.311 Y112.66 E239.33934
G1 X125.233 Y113.196 E239.35735
G1 X125.23 Y114.381 E239.39676
G1 X125.7 Y116.068 E239.45501
G1 X125.036 Y116.068 E239.4771
G1 X124.564 Y116.18 E239.49323
G1 X124.234 Y116.485 E239.50818
G1 X124.105 Y116.772 E239.51864
G1 X124.073 Y117 E239.5263
G1 X124.077 Y122.916 E239.72307
G1 X124.183 Y123.289 E239.73596
G1 X124.473 Y123.485 E239.74761
G1 X123.853 Y125.699 E239.82408
G1 F2700 E234.82408
G0 F9000 X123.698 Y125.882
G0 X123.959 Y126.001
G0 X125.091 Y123.251
G0 X124.594 Y123.254
G0 X124.594 Y116.592
G0 X126.393 Y116.596
G0 X125.741 Y114.306
G0 X125.741 Y113.3
G0 X125.804 Y112.81
G0 X126.005 Y112.327
G0 X126.323 Y111.913
G0 X126.739 Y111.595
G0 X127.22 Y111.396
G0 X127.738 Y111.326
G0 X128.256 Y111.396
G0 X128.737 Y111.595
G0 X129.153 Y111.913
G0 X129.471 Y112.329
G0 X129.67 Y112.81
G0 X129.735 Y113.299
G0 X129.735 Y114.306
G0 X129.083 Y116.596
G0 X130.881 Y116.592
G0 X130.881 Y123.265
G0 X131.174 Y125.315
G0 X131.619 Y125.202
G1 F2700 E239.82408
G1 F1500 X133.049 Y123.773 E239.89132
G0 F9000 X133.424 Y124.043
G0 X134.274 Y122.6
G0 X133.86 Y122.395
G1 F1500 X131.505 Y124.751 E240.00211
G0 F9000 X131.39 Y124.3
G1 F1500 X134.28 Y121.41 E240.13805
G0 F9000 X134.532 Y120.592
G1 F1500 X131.274 Y123.85 E240.29129
G0 F9000 X131.588 Y122.97
G1 F1500 X134.69 Y119.868 E240.4372
G0 F9000 X134.782 Y119.21
G1 F1500 X131.595 Y122.398 E240.58713
G0 F9000 X131.595 Y121.832
G1 F1500 X134.836 Y118.591 E240.73958
G0 F9000 X134.864 Y117.998
G1 F1500 X131.596 Y121.265 E240.89327
G0 F9000 X131.597 Y120.699
G1 F1500 X134.864 Y117.432 E241.04694
G0 F9000 X134.864 Y116.866
G1 F1500 X131.598 Y120.132 E241.20057
G0 F9000 X131.598 Y119.566
G1 F1500 X134.864 Y116.301 E241.35416
G0 F9000 X134.864 Y115.735
G1 F1500 X131.599 Y119 E241.50774
G0 F9000 X131.599 Y118.434
G1 F1500 X134.864 Y115.169 E241.66132
G0 F9000 X134.864 Y114.604
G1 F1500 X131.6 Y117.868 E241.81484
G0 F9000 X131.6 Y117.301
G1 F1500 X134.864 Y114.038 E241.96835
G0 F9000 X134.864 Y113.472
G1 F1500 X131.565 Y116.771 E242.12352
G0 F9000 X131.405 Y116.365
G1 F1500 X134.864 Y112.907 E242.2862
G0 F9000 X134.864 Y112.341
G1 F1500 X131.105 Y116.099 E242.46299
G0 F9000 X130.711 Y115.928
G1 F1500 X134.864 Y111.775 E242.65833
G0 F9000 X134.864 Y111.21
G1 F1500 X130.205 Y115.868 E242.87746
G0 F9000 X130.188 Y115.32
G1 F1500 X134.653 Y110.855 E243.08748
G0 F9000 X134.296 Y110.646
G1 F1500 X130.401 Y114.541 E243.27068
G0 F9000 X130.438 Y113.938
G1 F1500 X133.939 Y110.437 E243.43536
G0 F9000 X133.583 Y110.227
G1 F1500 X130.434 Y113.376 E243.58348
G0 F9000 X130.389 Y112.856
G1 F1500 X133.209 Y110.036 E243.71612
G0 F9000 X132.812 Y109.867
G1 F1500 X130.271 Y112.408 E243.83564
G0 F9000 X130.106 Y112.007
G1 F1500 X132.414 Y109.699 E243.94421
G0 F9000 X132.017 Y109.531
G1 F1500 X129.87 Y111.678 E244.04519
G0 F9000 X129.616 Y111.366
G1 F1500 X131.591 Y109.391 E244.13809
G0 F9000 X131.148 Y109.269
G1 F1500 X129.294 Y111.123 E244.2253
G0 F9000 X128.942 Y110.909
G1 F1500 X130.705 Y109.145 E244.30825
G0 F9000 X130.261 Y109.024
G1 F1500 X128.541 Y110.744 E244.38915
G0 F9000 X128.063 Y110.657
G1 F1500 X129.765 Y108.954 E244.46923
G0 F9000 X129.269 Y108.885
G1 F1500 X127.511 Y110.642 E244.5519
G0 F9000 X126.782 Y110.806
G1 F1500 X128.773 Y108.815 E244.64555
G0 F9000 X128.226 Y108.796
G1 F1500 X120.604 Y116.418 E245.00407
G0 F9000 X120.604 Y116.984
G1 F1500 X125.213 Y112.375 E245.22086
G0 F9000 X125.043 Y113.11
G1 F1500 X120.604 Y117.549 E245.42966
G0 F9000 X120.606 Y118.113
G1 F1500 X125.032 Y113.687 E245.63784
G0 F9000 X125.029 Y114.256
G1 F1500 X120.63 Y118.655 E245.84476
G0 F9000 X120.678 Y119.173
G1 F1500 X125.119 Y114.732 E246.05365
G0 F9000 X125.243 Y115.174
G1 F1500 X120.741 Y119.675 E246.26538
G0 F9000 X120.835 Y120.147
G1 F1500 X123.875 Y117.107 E246.40838
G0 F9000 X123.875 Y117.672
G1 F1500 X120.938 Y120.61 E246.54655
G0 F9000 X121.067 Y121.047
G1 F1500 X123.875 Y118.238 E246.67865
G0 F9000 X123.876 Y118.803
G1 F1500 X121.209 Y121.47 E246.8041
G0 F9000 X121.369 Y121.876
G1 F1500 X123.876 Y119.369 E246.92202
G0 F9000 X123.876 Y119.935
G1 F1500 X121.543 Y122.267 E247.03173
G0 F9000 X121.728 Y122.648
G1 F1500 X123.877 Y120.499 E247.13282
G0 F9000 X123.877 Y121.065
G1 F1500 X121.931 Y123.01 E247.22433
G0 F9000 X122.144 Y123.363
G1 F1500 X123.877 Y121.63 E247.30584
G0 F9000 X123.877 Y122.196
G1 F1500 X122.368 Y123.705 E247.37682
G0 F9000 X122.604 Y124.035
G1 F1500 X123.877 Y122.762 E247.4367
G0 F9000 X123.962 Y123.242
G1 F1500 X122.853 Y124.352 E247.48889
G0 F9000 X123.114 Y124.657
G1 F1500 X124.211 Y123.559 E247.54051
G0 F9000 X124.037 Y124.299
G1 F1500 X123.385 Y124.951 E247.57118
G0 F9000 X123.668 Y125.234
G1 F1500 X123.817 Y125.084 E247.57821
G0 F9000 X124.262 Y125.208
G0 X124.699 Y123.393
G0 X124.45 Y123.247
G0 X124.594 Y116.592
G0 X125.114 Y116.328
G0 X125.114 Y115.868
G1 F1500 X125.366 Y115.615 E247.59009
G0 F9000 X125.809 Y115.493
G0 X125.942 Y116.252
G0 X124.399 Y116.605
G0 X124.364 Y123.198
G0 X124.699 Y123.393
G0 X123.959 Y126.001
G0 X122.95 Y125.082
G0 X121.905 Y123.746
G0 X121.085 Y122.24
G0 X120.764 Y121.428
G0 X120.352 Y119.798
G0 X120.269 Y118.818
G0 X120.144 Y115.852
G0 X120.604 Y115.852
G1 F1500 X127.664 Y108.793 E247.92214
G0 F9000 X127.102 Y108.788
G1 F1500 X120.604 Y115.287 E248.22781
G0 F9000 X120.604 Y114.721
G1 F1500 X126.47 Y108.855 E248.50373
G0 F9000 X125.825 Y108.934
G1 F1500 X120.604 Y114.155 E248.74931
G0 F9000 X120.604 Y113.59
G1 F1500 X125.146 Y109.048 E248.96295
G0 F9000 X124.383 Y109.245
G1 F1500 X120.604 Y113.024 E249.14071
G0 F9000 X120.604 Y112.458
G1 F1500 X123.578 Y109.484 E249.28059
G0 F9000 X123.407 Y109.06
G0 X122.45 Y109.45
G0 X122.622 Y109.874
G1 F1500 X120.604 Y111.893 E249.37554
G0 F9000 X120.604 Y111.327
G1 F1500 X121.451 Y110.48 E249.41538
G1 F2700 E244.41538
;MESH:NONMESH
G0 F300 X121.451 Y110.48 Z1
G0 F9000 X121.226 Y110.079
G0 X120.209 Y110.805
G0 X119.876 Y118.066
G0 X118.784 Y118.112
G0 X115.238 Y122.772
G0 X110.869 Y126.373
;TIME_ELAPSED:455.750480
;LAYER:4
;TYPE:WALL-INNER
;MESH:FT08-Gear Clips.stl
G1 F2700 E249.41538
G1 F1500 X111.546 Y125.805 E249.44477
G1 X112.164 Y125.191 E249.47375
G1 X112.73 Y124.529 E249.50271
G1 X113.225 Y123.835 E249.53107
G1 X113.684 Y123.068 E249.5608
G1 X114.062 Y122.305 E249.58912
G1 X114.384 Y121.48 E249.61857
G1 X114.633 Y120.648 E249.64746
G1 X114.803 Y119.825 E249.67541
G1 X114.917 Y118.934 E249.70529
G1 X114.952 Y118.064 E249.73424
G1 X114.952 Y110.722 E249.97844
G1 X114.634 Y110.474 E249.99185
G1 X113.157 Y109.606 E250.04883
G1 X111.578 Y108.936 E250.10588
G1 X109.917 Y108.478 E250.16319
G1 X108.224 Y108.24 E250.22005
G1 X106.507 Y108.228 E250.27716
G1 X104.797 Y108.439 E250.33447
G1 X103.134 Y108.871 E250.39162
G1 X101.546 Y109.518 E250.44865
G1 X100.051 Y110.363 E250.50577
G1 X99.576 Y110.723 E250.52559
G1 X99.576 Y118.075 E250.77012
G1 X99.611 Y118.935 E250.79875
G1 X99.721 Y119.825 E250.82857
G1 X99.894 Y120.647 E250.85651
G1 X100.144 Y121.479 E250.88541
G1 X100.47 Y122.31 E250.9151
G1 X100.84 Y123.069 E250.94318
G1 X101.298 Y123.834 E250.97284
G1 X101.79 Y124.517 E251.00083
G1 X102.369 Y125.2 E251.03061
G1 X102.978 Y125.804 E251.05914
G1 X103.584 Y126.316 E251.08553
G1 X104.418 Y123.337 E251.18842
G1 X104.046 Y123.127 E251.20263
G1 X103.963 Y122.88 E251.21129
G1 X103.96 Y117.028 E251.40593
G1 X104.061 Y116.693 E251.41757
G1 X104.266 Y116.505 E251.42682
G1 X104.56 Y116.428 E251.43693
G1 X105.702 Y116.428 E251.47491
G1 X105.117 Y114.33 E251.54735
G1 X105.121 Y113.245 E251.58344
G1 X105.185 Y112.762 E251.59965
G1 X105.408 Y112.243 E251.61843
G1 X105.738 Y111.804 E251.6367
G1 X106.192 Y111.462 E251.65561
G1 X106.689 Y111.257 E251.67349
G1 X107.261 Y111.173 E251.69272
G1 X107.822 Y111.249 E251.71155
G1 X108.342 Y111.458 E251.73019
G1 X108.791 Y111.805 E251.74906
G1 X109.131 Y112.254 E251.76779
G1 X109.344 Y112.767 E251.78627
G1 X109.408 Y113.245 E251.80231
G1 X109.411 Y114.332 E251.83846
G1 X108.83 Y116.428 E251.9108
G1 X109.972 Y116.428 E251.94879
G1 X110.266 Y116.504 E251.95889
G1 X110.471 Y116.693 E251.96816
G1 X110.572 Y116.903 E251.97591
G1 X110.569 Y122.888 E252.17497
G1 X110.477 Y123.15 E252.18421
G1 X110.096 Y123.357 E252.19863
G1 X110.869 Y126.373 E252.30218
G0 F9000 X110.626 Y127.036
;TYPE:WALL-OUTER
G1 F1500 X111.141 Y126.669 E252.32322
G1 X111.816 Y126.1 E252.35258
G1 X112.457 Y125.463 E252.38264
G1 X113.046 Y124.776 E252.41274
G1 X113.56 Y124.054 E252.44221
G1 X114.036 Y123.26 E252.473
G1 X114.428 Y122.467 E252.50243
G1 X114.762 Y121.61 E252.53302
G1 X115.021 Y120.746 E252.56302
G1 X115.198 Y119.891 E252.59206
G1 X115.316 Y118.967 E252.62304
G1 X115.352 Y118.072 E252.65283
G1 X115.352 Y110.526 E252.90381
G1 X114.859 Y110.142 E252.9246
G1 X113.337 Y109.248 E252.98331
G1 X111.71 Y108.558 E253.04209
G1 X109.999 Y108.085 E253.10113
G1 X108.253 Y107.84 E253.15977
G1 X106.484 Y107.828 E253.21861
G1 X104.722 Y108.045 E253.27765
G1 X103.008 Y108.491 E253.33656
G1 X101.372 Y109.157 E253.39531
G1 X99.831 Y110.028 E253.45419
G1 X99.176 Y110.524 E253.48151
G1 X99.176 Y118.083 E253.73293
G1 X99.212 Y118.967 E253.76235
G1 X99.326 Y119.891 E253.79332
G1 X99.506 Y120.746 E253.82238
G1 X99.766 Y121.61 E253.85239
G1 X100.104 Y122.471 E253.88315
G1 X100.488 Y123.26 E253.91234
G1 X100.964 Y124.054 E253.94313
G1 X101.474 Y124.764 E253.9722
G1 X102.075 Y125.472 E254.00309
G1 X102.708 Y126.1 E254.03275
G1 X103.383 Y126.669 E254.06211
G1 X103.815 Y126.976 E254.07974
G1 X104.924 Y123.016 E254.21652
G1 X104.56 Y123.016 E254.22862
G1 X104.388 Y122.92 E254.23517
G1 X104.361 Y122.838 E254.23805
G1 X104.36 Y116.988 E254.43262
G1 X104.481 Y116.828 E254.43929
G1 X106.228 Y116.828 E254.4974
G1 X105.516 Y114.258 E254.58609
G1 X105.517 Y113.297 E254.61806
G1 X105.571 Y112.89 E254.63171
G1 X105.767 Y112.431 E254.64831
G1 X106.025 Y112.088 E254.66259
G1 X106.414 Y111.803 E254.67863
G1 X106.805 Y111.64 E254.69272
G1 X107.264 Y111.578 E254.70812
G1 X107.707 Y111.636 E254.72298
G1 X108.143 Y111.809 E254.73858
G1 X108.52 Y112.11 E254.75463
G1 X108.769 Y112.437 E254.7683
G1 X108.953 Y112.873 E254.78404
G1 X109.011 Y113.297 E254.79827
G1 X109.012 Y114.258 E254.83023
G1 X108.304 Y116.828 E254.9189
G1 X110.051 Y116.828 E254.977
G1 X110.172 Y116.985 E254.9836
G1 X110.171 Y122.846 E255.17853
G1 X110.141 Y122.933 E255.18159
G1 X109.972 Y123.024 E255.18798
G1 X109.598 Y123.024 E255.20042
G1 X110.626 Y127.036 E255.33817
G0 F9000 X110.788 Y126.599
G0 X111.133 Y125.752
G0 X111.2 Y125.834
;TYPE:FILL
G1 F3000 X111.2 Y123.801 E255.40579
G0 F9000 X112 Y123.315
G1 F3000 X112 Y125.072 E255.46422
G0 F9000 X111.926 Y124.997
G0 X112.691 Y124.056
G0 X112.875 Y124.189
G1 F3000 X111.2 Y122.513 E255.54303
G1 X111.2 Y118.144 E255.68835
G1 X110.651 Y118.692 E255.71415
G0 F9000 X111.2 Y118.144
G1 F3000 X114.196 Y115.147 E255.85509
G1 X114.155 Y119.811 E256.01022
G1 X114.626 Y120.283 E256.0324
G1 X114.602 Y120.398
G1 X114 Y120.999 E256.0607
G1 X114 Y119.658 E256.1053
G1 X111.452 Y117.108 E256.22519
G1 X110.683 Y113.003 E256.3641
G1 X110.434 Y113.251 E256.37579
G1 X108.092 Y109.938 E256.51073
G1 X107.342 Y110.685 E256.54594
G1 X104.979 Y110.635 E256.62455
G1 X103.264 Y108.921 E256.7052
G0 F9000 X103.518 Y108.854
G1 F3000 X103.048 Y109.326 E256.72735
G0 F9000 X103.583 Y109.005
G1 F3000 X108.912 Y109.117 E256.90463
G0 F9000 X109.196 Y108.836
G1 F3000 X109.527 Y108.503 E256.92025
G0 F9000 X109.495 Y108.733
G0 X108.305 Y108.567
G0 X108.337 Y108.337
G1 F3000 X113.2 Y113.199 E257.14897
G0 F9000 X113.6 Y113.599
G1 F3000 X113.6 Y110.099 E257.26538
G1 X113.68 Y110.006
G1 X113.27 Y110.415 E257.28464
G1 X109.196 Y108.836 E257.42996
G1 X108.379 Y109.651 E257.46835
G0 F9000 X108.092 Y109.938
G1 F3000 X108.379 Y109.651 E257.48184
G1 X110.722 Y112.965 E257.61683
G1 X113.2 Y110.487 E257.73339
G1 X113.2 Y113.199 E257.82359
G1 X114.872 Y114.872 E257.90226
G0 F9000 X114.872 Y114.471
G1 F3000 X114.196 Y115.147 E257.93406
G0 F9000 X114.4 Y114.399
G1 F3000 X114.4 Y110.569 E258.06145
G0 F9000 X114 Y110.334
G1 F3000 X114 Y113.999 E258.18334
G0 F9000 X110.722 Y112.965
G1 F3000 X110.683 Y113.003 E258.18516
G0 F9000 X110.434 Y113.251
G1 F3000 X110.341 Y113.346 E258.18958
G0 F9000 X109.998 Y113.688
G1 F3000 X110.341 Y113.346 E258.20569
G1 X110.951 Y116.607 E258.31603
G1 X111.452 Y117.108 E258.3396
G0 F9000 X110.951 Y116.607
G1 F3000 X110.45 Y116.106 E258.36316
G1 X109.998 Y113.688 E258.44498
G1 X109.491 Y114.195 E258.46882
G0 F9000 X109.315 Y114.972
G1 F3000 X110.45 Y116.106 E258.52219
G0 F9000 X109.589 Y112.705
G0 X109.394 Y112.235
G0 X108.752 Y111.386
G0 X108.686 Y111.471
G1 F3000 X107.805 Y110.225 E258.57294
G0 F9000 X107.342 Y110.685
G1 F3000 X106.886 Y111.143 E258.59444
G0 F9000 X106.857 Y110.916
G0 X105.777 Y111.39
G0 X105.914 Y111.571
G1 F3000 X104.979 Y110.635 E258.63844
G0 F9000 X104.855 Y112.92
G0 X105.08 Y112.95
G1 F3000 X104.783 Y113.247 E258.65241
G1 X103.048 Y109.326 E258.79502
G1 X100.4 Y111.973 E258.91955
G0 F9000 X100.131 Y111.444
G1 F3000 X102.039 Y109.533 E259.00937
G0 F9000 X102.079 Y109.634
G0 X99.886 Y110.97
G0 X99.656 Y110.97
G1 F3000 X105.034 Y116.348 E259.26233
G1 X105.004 Y116.227
G1 X104.307 Y113.724 E259.34875
G0 F9000 X104.783 Y113.247
G1 F3000 X103.2 Y114.83 E259.42321
G0 F9000 X100.4 Y117.37
G1 F3000 X99.656 Y116.627 E259.45818
G0 F9000 X99.886 Y116.627
G0 X100.116 Y117.913
G1 F3000 X103.2 Y114.83 E259.60322
G1 X103.2 Y120.17 E259.78083
G1 X103.882 Y120.853 E259.81293
G0 F9000 X103.014 Y120.673
G1 F3000 X103.763 Y121.842 E259.85911
G0 F9000 X103.764 Y122.585
G1 F3000 X102.724 Y120.963 E259.9232
G0 F9000 X102.435 Y121.253
G1 F3000 X104.077 Y123.814 E260.02438
G0 F9000 X103.933 Y124.331
G1 F3000 X102.145 Y121.542 E260.13457
G0 F9000 X101.722 Y121.963
G1 F3000 X101.414 Y122.272 E260.14908
G1 X99.808 Y118.221 E260.29402
G1 X99.668 Y118.361 E260.3006
G1 X99.808 Y118.221
G1 X100.116 Y117.913 E260.31509
G1 X101.722 Y121.963 E260.46
G1 X103.881 Y119.805 E260.56153
G0 F9000 X103.2 Y120.17
G1 F3000 X100.4 Y117.37 E260.69323
G1 X100.4 Y111.973 E260.87273
G1 X99.656 Y112.716 E260.90771
G0 F9000 X99.886 Y112.716
G0 X101.566 Y122.121
G1 F3000 X103.644 Y125.362 E261.03576
G0 F9000 X103.686 Y125.657
G1 F3000 X103.338 Y126.005 E261.05213
G0 F9000 X103.5 Y125.879
G1 F3000 X101.277 Y122.411 E261.18913
G1 X101.414 Y122.272
G1 X100.827 Y122.859 E261.21675
G0 F9000 X101.033 Y122.758
G0 X102.098 Y124.405
G0 X101.924 Y124.551
G1 F3000 X103.543 Y126.17 E261.2929
G1 F2700 E256.2929
G0 F9000 X103.444 Y125.854
G0 X103.723 Y116.192
G0 X105.185 Y112.125
G0 X105.566 Y111.627
G0 X106.066 Y111.245
G0 X106.645 Y111.006
G0 X107.267 Y110.923
G0 X107.888 Y111.006
G0 X108.468 Y111.245
G0 X108.967 Y111.628
G0 X109.348 Y112.125
G0 X110.81 Y116.192
G0 X110.81 Y123.665
G0 X110.701 Y124.466
G0 X110.478 Y124.522
G1 F2700 E261.2929
G1 F3000 X114 Y120.999 E261.45859
G0 F9000 X113.866 Y121.961
G0 X113.966 Y122
G1 F3000 X113.001 Y122 E261.49068
G0 F9000 X113.594 Y122.8
G1 F3000 X112.201 Y122.8 E261.53701
G0 F9000 X111.485 Y122.8
G1 F3000 X110.768 Y122.8 E261.56086
G0 F9000 X111.2 Y122.513
G1 F3000 X110.648 Y121.962 E261.5868
G0 F9000 X110.882 Y121.962
G0 X114 Y119.658
G1 F3000 X114.155 Y119.811 E261.59405
G0 F9000 X113.2 Y110.487
G1 F3000 X113.27 Y110.415 E261.59739
G1 F2700 E256.59739
G0 F9000 X115.124 Y118.066
G0 X116.217 Y118.111
G0 X119.41 Y121.862
G0 X120.457 Y121.548
G0 X123.872 Y125.841
G0 X124.056 Y126.316
;TYPE:WALL-INNER
G1 F2700 E261.59739
G1 F1500 X124.89 Y123.337 E261.70028
G1 X124.518 Y123.127 E261.71449
G1 X124.435 Y122.881 E261.72312
G1 X124.432 Y117.028 E261.91779
G1 X124.533 Y116.693 E261.92943
G1 X124.738 Y116.505 E261.93868
G1 X125.032 Y116.428 E261.94879
G1 X126.174 Y116.428 E261.98677
G1 X125.589 Y114.33 E262.05921
G1 X125.593 Y113.245 E262.0953
G1 X125.655 Y112.776 E262.11104
G1 X125.87 Y112.251 E262.12991
G1 X126.211 Y111.803 E262.14863
G1 X126.659 Y111.462 E262.16736
G1 X127.189 Y111.246 E262.18639
G1 X127.737 Y111.174 E262.20478
G1 X128.294 Y111.249 E262.22347
G1 X128.813 Y111.462 E262.24213
G1 X129.261 Y111.804 E262.26087
G1 X129.603 Y112.254 E262.27967
G1 X129.816 Y112.767 E262.29815
G1 X129.88 Y113.245 E262.31419
G1 X129.883 Y114.332 E262.35034
G1 X129.302 Y116.428 E262.42268
G1 X130.44 Y116.428 E262.46053
G1 X130.735 Y116.505 E262.47067
G1 X130.939 Y116.693 E262.4799
G1 X131.04 Y116.903 E262.48765
G1 X131.037 Y122.886 E262.68665
G1 X130.945 Y123.148 E262.69588
G1 X130.568 Y123.355 E262.71019
G1 X131.341 Y126.373 E262.81381
G1 X132.018 Y125.805 E262.8432
G1 X132.627 Y125.2 E262.87175
G1 X133.206 Y124.518 E262.90151
G1 X133.697 Y123.834 E262.92951
G1 X134.156 Y123.068 E262.95921
G1 X134.53 Y122.309 E262.98736
G1 X134.855 Y121.481 E263.01694
G1 X135.101 Y120.648 E263.04583
G1 X135.275 Y119.825 E263.07381
G1 X135.385 Y118.934 E263.10367
G1 X135.424 Y118.062 E263.1327
G1 X135.424 Y110.722 E263.37683
G1 X135.106 Y110.474 E263.39024
G1 X133.629 Y109.606 E263.44722
G1 X132.05 Y108.937 E263.50426
G1 X130.386 Y108.477 E263.56168
G1 X128.696 Y108.24 E263.61844
G1 X126.975 Y108.228 E263.67568
G1 X125.269 Y108.439 E263.73285
G1 X123.606 Y108.871 E263.79
G1 X122.018 Y109.518 E263.84703
G1 X120.518 Y110.363 E263.9043
G1 X120.044 Y110.723 E263.92409
G1 X120.044 Y118.074 E264.16859
G1 X120.083 Y118.933 E264.19719
G1 X120.193 Y119.825 E264.22708
G1 X120.366 Y120.648 E264.25505
G1 X120.612 Y121.48 E264.28391
G1 X120.938 Y122.305 E264.31341
G1 X121.312 Y123.069 E264.34171
G1 X121.771 Y123.835 E264.37141
G1 X122.266 Y124.53 E264.39979
G1 X122.832 Y125.191 E264.42873
G1 X123.45 Y125.804 E264.45768
G1 X124.056 Y126.316 E264.48407
G1 F2700 E259.48407
G0 F9000 X123.872 Y125.841
G0 X124.594 Y116.592
G0 X125.804 Y112.81
G0 X126.005 Y112.327
G0 X126.323 Y111.913
G0 X126.739 Y111.595
G0 X127.22 Y111.396
G0 X127.738 Y111.326
G0 X128.256 Y111.396
G0 X128.737 Y111.595
G0 X129.153 Y111.913
G0 X129.471 Y112.329
G0 X130.881 Y116.592
G0 X131.259 Y126.599
G0 X131.098 Y127.036
;TYPE:WALL-OUTER
G1 F2700 E264.48407
G1 F1500 X131.613 Y126.669 E264.5051
G1 X132.288 Y126.1 E264.53446
G1 X132.921 Y125.472 E264.56412
G1 X133.522 Y124.764 E264.59501
G1 X134.032 Y124.054 E264.62408
G1 X134.508 Y123.26 E264.65488
G1 X134.896 Y122.471 E264.68412
G1 X135.234 Y121.611 E264.71485
G1 X135.489 Y120.746 E264.74485
G1 X135.67 Y119.891 E264.77391
G1 X135.784 Y118.967 E264.80488
G1 X135.824 Y118.071 E264.83471
G1 X135.824 Y110.526 E265.08566
G1 X135.331 Y110.142 E265.10644
G1 X133.809 Y109.248 E265.16515
G1 X132.182 Y108.558 E265.22393
G1 X130.467 Y108.085 E265.2831
G1 X128.725 Y107.84 E265.34161
G1 X126.952 Y107.828 E265.40058
G1 X125.194 Y108.045 E265.4595
G1 X123.48 Y108.491 E265.5184
G1 X121.844 Y109.157 E265.57715
G1 X120.298 Y110.028 E265.63617
G1 X119.644 Y110.524 E265.66347
G1 X119.644 Y118.083 E265.91489
G1 X119.684 Y118.967 E265.94432
G1 X119.798 Y119.891 E265.97528
G1 X119.978 Y120.746 E266.00434
G1 X120.234 Y121.61 E266.03432
G1 X120.572 Y122.467 E266.06496
G1 X120.96 Y123.26 E266.09432
G1 X121.436 Y124.054 E266.12511
G1 X121.95 Y124.776 E266.15459
G1 X122.539 Y125.463 E266.18469
G1 X123.18 Y126.1 E266.21474
G1 X123.855 Y126.669 E266.24411
G1 X124.287 Y126.976 E266.26173
G1 X125.396 Y123.016 E266.39851
G1 X125.032 Y123.016 E266.41062
G1 X124.86 Y122.92 E266.41717
G1 X124.833 Y122.838 E266.42004
G1 X124.832 Y116.988 E266.61461
G1 X124.953 Y116.828 E266.62128
G1 X126.7 Y116.828 E266.67939
G1 X125.988 Y114.258 E266.76809
G1 X125.989 Y113.297 E266.80005
G1 X126.043 Y112.89 E266.81371
G1 X126.236 Y112.43 E266.8303
G1 X126.496 Y112.088 E266.84459
G1 X126.841 Y111.826 E266.859
G1 X127.277 Y111.64 E266.87476
G1 X127.736 Y111.577 E266.89017
G1 X128.198 Y111.641 E266.90568
G1 X128.634 Y111.828 E266.92146
G1 X128.975 Y112.089 E266.93575
G1 X129.241 Y112.437 E266.95031
G1 X129.425 Y112.873 E266.96605
G1 X129.483 Y113.297 E266.98029
G1 X129.484 Y114.258 E267.01225
G1 X128.776 Y116.828 E267.10091
G1 X130.52 Y116.828 E267.15892
G1 X130.64 Y116.985 E267.16549
G1 X130.639 Y122.845 E267.3604
G1 X130.609 Y122.932 E267.36346
G1 X130.44 Y123.024 E267.36986
G1 X130.07 Y123.024 E267.38216
G1 X131.098 Y127.036 E267.51991
G0 F9000 X131.441 Y126.187
;TYPE:FILL
G1 F3000 X133.056 Y124.572 E267.59588
G0 F9000 X132.8 Y124.687
G1 F3000 X132.8 Y121.488 E267.70228
G0 F9000 X133.6 Y122.288
G1 F3000 X133.6 Y123.607 E267.74615
G0 F9000 X134.171 Y122.857
G1 F3000 X133.76 Y122.445 E267.7655
G1 X134.826 Y117.856 E267.9222
G1 X130.987 Y114.015 E268.10282
G1 X130.057 Y110.6 E268.22054
G1 X129.826 Y110.83 E268.23138
G1 X127.468 Y110.497 E268.31059
G1 X127.279 Y110.309 E268.31945
G0 F9000 X127.468 Y110.497
G1 F3000 X128.115 Y111.144 E268.34989
G0 F9000 X128.146 Y110.917
G0 X129.226 Y111.389
G0 X129.087 Y111.57
G1 F3000 X129.731 Y110.926 E268.38018
G1 X130.417 Y113.445 E268.46701
G1 X130.987 Y114.015 E268.49382
G0 F9000 X131.37 Y114.4
G1 F3000 X130.071 Y114.4 E268.53703
G0 F9000 X129.85 Y115.2
G1 F3000 X131.113 Y115.2 E268.57903
G1 X131.2 Y115.115
G1 X131.2 Y116.779 E268.63438
G0 F9000 X130.8 Y116.321
G1 F3000 X130.8 Y115.515 E268.66119
G0 F9000 X131.6 Y114.715
G1 F3000 X132.571 Y113.743 E268.70688
G0 F9000 X132.897 Y113.417
G1 F3000 X132.571 Y113.743 E268.72222
G1 X131.36 Y109.297 E268.87548
G1 X131.241 Y109.414 E268.88103
G1 X126.287 Y108.715 E269.04743
G1 X125.894 Y109.106 E269.06587
G1 X121.547 Y110.232 E269.21523
G1 X121.318 Y110.004 E269.22597
G0 F9000 X121.547 Y110.232
G1 F3000 X124.452 Y113.136 E269.36259
G0 F9000 X125.002 Y113.69
G1 F3000 X125.51 Y114.196 E269.38644
G0 F9000 X125.685 Y114.972
G1 F3000 X124.992 Y115.665 E269.41904
G1 X125.002 Y113.69 E269.48473
G1 X124.452 Y113.136 E269.51069
G1 X127.279 Y110.309 E269.64366
G1 X125.467 Y108.496 E269.72892
G0 F9000 X125.894 Y109.106
G1 F3000 X120.599 Y114.403 E269.97803
G0 F9000 X120.933 Y114.066
G1 F3000 X120.664 Y110.51 E270.09664
G0 F9000 X121.049 Y110.293
G1 F3000 X121.306 Y113.694 E270.21008
G0 F9000 X120.357 Y114.467
G0 X120.124 Y114.467
G1 F3000 X120.596 Y114.937 E270.23223
G0 F9000 X120.823 Y115.166
G1 F3000 X123.6 Y117.944 E270.36288
G1 X123.6 Y122.713 E270.52149
G1 X124.355 Y121.958 E270.55701
G0 F9000 X124.122 Y121.958
G0 X123.6 Y122.713
G1 F3000 X122.658 Y123.656 E270.60134
G1 X121.428 Y121.429 E270.68596
G1 X121.2 Y121.198 E270.69675
G1 X121.2 Y119.458 E270.75462
G1 X121.021 Y119.635 E270.763
G1 X120.823 Y115.166 E270.91178
G1 X120.596 Y114.937 E270.92251
G1 X120.599 Y114.403 E270.94027
G1 X120.124 Y114.876 E270.96256
G0 F9000 X120.357 Y114.876
G0 X123.458 Y117.2
G1 F3000 X124.232 Y117.2 E270.98831
G0 F9000 X123.6 Y117.944
G1 F3000 X124.353 Y118.696 E271.0237
G0 F9000 X124.122 Y118.696
G0 X124.194 Y116.192
G0 X124.992 Y115.665
G1 F3000 X121.2 Y119.458 E271.20209
G0 F9000 X121.021 Y119.635
G1 F3000 X120.373 Y120.284 E271.23259
G1 X120.396 Y120.396
G1 X121.2 Y121.198 E271.27036
G0 F9000 X121.428 Y121.429
G1 F3000 X124.486 Y124.486 E271.41418
G0 F9000 X124.433 Y124.229
G1 F3000 X123.414 Y122.9 E271.46988
G0 F9000 X122.68 Y123.635
G1 F3000 X124.183 Y125.122 E271.5402
G0 F9000 X124.06 Y125.563
G1 F3000 X122.397 Y123.918 E271.618
G0 F9000 X122.658 Y123.656
G1 F3000 X122.123 Y124.191 E271.64317
G0 F9000 X122.311 Y124.057
G0 X124.194 Y116.192
G0 X125.058 Y115.6
G1 F3000 X125.736 Y115.6 E271.66572
G0 F9000 X125.63 Y115.628
G0 X125.341 Y114.36
G0 X125.341 Y113.274
G0 X125.415 Y112.706
G0 X125.656 Y112.126
G0 X126.037 Y111.627
G0 X126.537 Y111.245
G0 X127.116 Y111.006
G0 X127.738 Y110.923
G0 X128.36 Y111.006
G0 X128.939 Y111.245
G0 X129.439 Y111.627
G0 X129.821 Y112.127
G0 X130.06 Y112.706
G0 X130.135 Y113.273
G0 X130.135 Y113.889
G0 X129.966 Y116.12
G0 X129.966 Y116.348
G1 F3000 X131.6 Y114.715 E271.74255
G1 X131.6 Y120.286 E271.92784
G1 X133.76 Y122.445 E272.02942
G0 F9000 X131.6 Y120.371
G1 F3000 X131.6 Y125.896 E272.21318
G1 X131.659 Y126.002
G1 X131.214 Y125.557 E272.23411
G0 F9000 X131.436 Y125.501
G0 X131.353 Y120.853
G0 X131.117 Y120.853
G1 F3000 X134.8 Y117.17 E272.40735
G0 F9000 X134.826 Y117.856
G1 F3000 X135.331 Y118.36 E272.43108
G0 F9000 X135.104 Y118.35
G0 X135.114 Y116.627
G0 X135.344 Y116.627
G1 F3000 X134.8 Y117.17 E272.45665
G1 X134.8 Y112.174 E272.62281
G1 X132.719 Y110.091 E272.72074
G0 F9000 X131.7 Y109.162
G0 X131.719 Y109.093
G1 F3000 X132.719 Y110.091 E272.76773
G1 X134.924 Y111.388 E272.85282
G1 X135.344 Y110.97 E272.87253
G0 F9000 X134.924 Y111.388
G1 F3000 X132.897 Y113.417 E272.96792
G1 X131.719 Y109.093 E273.11698
G1 X131.494 Y108.866 E273.12761
G0 F9000 X131.727 Y108.93
G1 F3000 X131.36 Y109.297 E273.14487
G1 X131.241 Y109.414
G1 X130.057 Y110.6 E273.20061
G0 F9000 X129.826 Y110.83
G1 F3000 X129.731 Y110.926 E273.2051
G0 F9000 X130.15 Y112.919
G0 X129.92 Y112.949
G1 F3000 X130.417 Y113.445 E273.22845
G0 F9000 X134.8 Y112.174
G1 F3000 X135.344 Y112.717 E273.25402
G0 F9000 X135.114 Y112.717
G0 X131.353 Y119.804
G0 X131.117 Y119.804
G1 F3000 X131.6 Y120.286 E273.27671
G0 F9000 X131.281 Y116.192
G0 X129.821 Y112.127
G0 X129.511 Y111.722
G0 X126.287 Y108.715
G1 F3000 X126.651 Y108.349 E273.29388
G0 F9000 X126.715 Y108.875
G1 F2700 E268.29388
;MESH:NONMESH
G0 F300 X126.715 Y108.875 Z1.2
G0 F9000 X119.876 Y118.066
G0 X118.784 Y118.112
G0 X115.238 Y122.772
G0 X114.219 Y122.374
G0 X111.067 Y125.897
G0 X110.869 Y126.373
;TIME_ELAPSED:498.904168
;LAYER:5
;TYPE:WALL-INNER
;MESH:FT08-Gear Clips.stl
G1 F2700 E273.29388
G1 F1500 X111.546 Y125.805 E273.32328
G1 X112.164 Y125.191 E273.35225
G1 X112.73 Y124.529 E273.38122
G1 X113.225 Y123.835 E273.40957
G1 X113.684 Y123.068 E273.4393
G1 X114.062 Y122.305 E273.46762
G1 X114.384 Y121.48 E273.49708
G1 X114.633 Y120.648 E273.52596
G1 X114.803 Y119.825 E273.55391
G1 X114.917 Y118.934 E273.58379
G1 X114.952 Y118.064 E273.61275
G1 X114.952 Y110.722 E273.85695
G1 X114.634 Y110.474 E273.87036
G1 X113.157 Y109.606 E273.92734
G1 X111.578 Y108.936 E273.98439
G1 X109.917 Y108.478 E274.0417
G1 X108.224 Y108.24 E274.09856
G1 X106.507 Y108.228 E274.15567
G1 X104.797 Y108.439 E274.21297
G1 X103.134 Y108.871 E274.27012
G1 X101.546 Y109.518 E274.32715
G1 X100.051 Y110.363 E274.38427
G1 X99.576 Y110.723 E274.40409
G1 X99.576 Y118.075 E274.64862
G1 X99.611 Y118.935 E274.67725
G1 X99.721 Y119.825 E274.70708
G1 X99.894 Y120.647 E274.73502
G1 X100.144 Y121.479 E274.76391
G1 X100.47 Y122.31 E274.7936
G1 X100.84 Y123.069 E274.82168
G1 X101.298 Y123.834 E274.85134
G1 X101.79 Y124.517 E274.87934
G1 X102.369 Y125.2 E274.90912
G1 X102.978 Y125.804 E274.93765
G1 X103.584 Y126.316 E274.96403
G1 X104.418 Y123.337 E275.06692
G1 X104.046 Y123.127 E275.08113
G1 X103.963 Y122.88 E275.0898
G1 X103.96 Y117.028 E275.28444
G1 X104.061 Y116.693 E275.29607
G1 X104.266 Y116.505 E275.30533
G1 X104.56 Y116.428 E275.31543
G1 X105.702 Y116.428 E275.35342
G1 X105.117 Y114.33 E275.42586
G1 X105.121 Y113.245 E275.46195
G1 X105.185 Y112.762 E275.47815
G1 X105.408 Y112.243 E275.49694
G1 X105.738 Y111.804 E275.51521
G1 X106.192 Y111.462 E275.53411
G1 X106.689 Y111.257 E275.55199
G1 X107.261 Y111.173 E275.57122
G1 X107.822 Y111.249 E275.59005
G1 X108.342 Y111.458 E275.60869
G1 X108.791 Y111.805 E275.62756
G1 X109.131 Y112.254 E275.6463
G1 X109.344 Y112.767 E275.66477
G1 X109.408 Y113.245 E275.68081
G1 X109.411 Y114.332 E275.71697
G1 X108.83 Y116.428 E275.78931
G1 X109.972 Y116.428 E275.82729
G1 X110.266 Y116.504 E275.83739
G1 X110.471 Y116.693 E275.84666
G1 X110.572 Y116.903 E275.85442
G1 X110.569 Y122.888 E276.05348
G1 X110.477 Y123.15 E276.06271
G1 X110.096 Y123.357 E276.07713
G1 X110.869 Y126.373 E276.18069
G0 F9000 X110.626 Y127.036
;TYPE:WALL-OUTER
G1 F1500 X111.141 Y126.669 E276.20172
G1 X111.816 Y126.1 E276.23109
G1 X112.457 Y125.463 E276.26114
G1 X113.046 Y124.776 E276.29124
G1 X113.56 Y124.054 E276.32072
G1 X114.036 Y123.26 E276.35151
G1 X114.428 Y122.467 E276.38093
G1 X114.762 Y121.61 E276.41152
G1 X115.021 Y120.746 E276.44152
G1 X115.198 Y119.891 E276.47056
G1 X115.316 Y118.967 E276.50154
G1 X115.352 Y118.072 E276.53134
G1 X115.352 Y110.526 E276.78232
G1 X114.859 Y110.142 E276.8031
G1 X113.337 Y109.248 E276.86181
G1 X111.71 Y108.558 E276.92059
G1 X109.999 Y108.085 E276.97963
G1 X108.253 Y107.84 E277.03827
G1 X106.484 Y107.828 E277.09711
G1 X104.722 Y108.045 E277.15616
G1 X103.008 Y108.491 E277.21507
G1 X101.372 Y109.157 E277.27382
G1 X99.831 Y110.028 E277.33269
G1 X99.176 Y110.524 E277.36002
G1 X99.176 Y118.083 E277.61143
G1 X99.212 Y118.967 E277.64086
G1 X99.326 Y119.891 E277.67182
G1 X99.506 Y120.746 E277.70088
G1 X99.766 Y121.61 E277.73089
G1 X100.104 Y122.471 E277.76166
G1 X100.488 Y123.26 E277.79084
G1 X100.964 Y124.054 E277.82163
G1 X101.474 Y124.764 E277.85071
G1 X102.075 Y125.472 E277.8816
G1 X102.708 Y126.1 E277.91125
G1 X103.383 Y126.669 E277.94062
G1 X103.815 Y126.976 E277.95824
G1 X104.924 Y123.016 E278.09502
G1 X104.56 Y123.016 E278.10713
G1 X104.388 Y122.92 E278.11368
G1 X104.361 Y122.838 E278.11655
G1 X104.36 Y116.988 E278.31112
G1 X104.481 Y116.828 E278.31779
G1 X106.228 Y116.828 E278.3759
G1 X105.516 Y114.258 E278.4646
G1 X105.517 Y113.297 E278.49656
G1 X105.571 Y112.89 E278.51022
G1 X105.767 Y112.431 E278.52682
G1 X106.025 Y112.088 E278.54109
G1 X106.414 Y111.803 E278.55713
G1 X106.805 Y111.64 E278.57122
G1 X107.264 Y111.578 E278.58663
G1 X107.707 Y111.636 E278.60149
G1 X108.143 Y111.809 E278.61709
G1 X108.52 Y112.11 E278.63313
G1 X108.769 Y112.437 E278.6468
G1 X108.953 Y112.873 E278.66254
G1 X109.011 Y113.297 E278.67678
G1 X109.012 Y114.258 E278.70874
G1 X108.304 Y116.828 E278.7974
G1 X110.051 Y116.828 E278.85551
G1 X110.172 Y116.985 E278.8621
G1 X110.171 Y122.846 E279.05704
G1 X110.141 Y122.933 E279.0601
G1 X109.972 Y123.024 E279.06648
G1 X109.598 Y123.024 E279.07892
G1 X110.626 Y127.036 E279.21667
G0 F9000 X110.788 Y126.599
G0 X110.824 Y125.791
G0 X111.075 Y125.728
;TYPE:SKIN
G1 F1500 X110.508 Y123.513 E279.29272
G1 X110.797 Y123.355 E279.30367
G1 X110.928 Y122.924 E279.31866
G1 X110.932 Y117.037 E279.51446
G1 X110.894 Y116.766 E279.52356
G1 X110.77 Y116.483 E279.53384
G1 X110.434 Y116.181 E279.54886
G1 X110.014 Y116.074 E279.56328
G1 X109.303 Y116.068 E279.58693
G1 X109.768 Y114.357 E279.6459
G1 X109.763 Y113.197 E279.68448
G1 X109.689 Y112.661 E279.70248
G1 X109.429 Y112.048 E279.72463
G1 X109.027 Y111.533 E279.74635
G1 X108.519 Y111.139 E279.76774
G1 X107.93 Y110.901 E279.78887
G1 X107.261 Y110.809 E279.81133
G1 X106.617 Y110.896 E279.83294
G1 X106.007 Y111.144 E279.85484
G1 X105.482 Y111.543 E279.87677
G1 X105.104 Y112.043 E279.89762
G1 X104.839 Y112.66 E279.91996
G1 X104.761 Y113.192 E279.93784
G1 X104.758 Y114.381 E279.97739
G1 X105.228 Y116.068 E280.03563
G1 X104.564 Y116.068 E280.05772
G1 X104.092 Y116.18 E280.07385
G1 X103.762 Y116.485 E280.0888
G1 X103.633 Y116.772 E280.09926
G1 X103.601 Y117 E280.10692
G1 X103.605 Y122.918 E280.30375
G1 X103.723 Y123.3 E280.31705
G1 X104.001 Y123.485 E280.32816
G1 X103.381 Y125.699 E280.40463
G1 X102.644 Y124.964 E280.43925
G1 X102.066 Y124.284 E280.46893
G1 X101.6 Y123.638 E280.49543
G1 X101.128 Y122.84 E280.52626
G1 X100.804 Y122.175 E280.55087
G1 X100.478 Y121.346 E280.58049
G1 X100.243 Y120.559 E280.60781
G1 X100.078 Y119.763 E280.63485
G1 X99.968 Y118.895 E280.66395
G1 X99.936 Y118.072 E280.69134
G1 X99.936 Y110.903 E280.92979
G1 X100.251 Y110.66 E280.94302
G1 X101.704 Y109.841 E280.99849
G1 X103.244 Y109.215 E281.05378
G1 X104.866 Y108.793 E281.10953
G1 X106.528 Y108.588 E281.16522
G1 X108.201 Y108.6 E281.22087
G1 X109.839 Y108.829 E281.27588
G1 X111.458 Y109.278 E281.33176
G1 X112.994 Y109.928 E281.38723
G1 X114.423 Y110.766 E281.44233
G1 X114.592 Y110.898 E281.44947
G1 X114.592 Y118.047 E281.68724
G1 X114.556 Y118.891 E281.71534
G1 X114.446 Y119.751 E281.74418
G1 X114.277 Y120.571 E281.77202
G1 X114.046 Y121.346 E281.79892
G1 X113.728 Y122.159 E281.82796
G1 X113.364 Y122.9 E281.85541
G1 X112.928 Y123.626 E281.88358
G1 X112.438 Y124.316 E281.91173
G1 X111.909 Y124.935 E281.93881
G1 X111.309 Y125.528 E281.96687
G1 X111.075 Y125.728 E281.97711
G0 F9000 X111.169 Y125.287
G1 F1500 X112.321 Y124.135 E282.03129
G0 F9000 X112.697 Y124.402
G0 X111.438 Y125.686
G0 X110.972 Y126.055
G0 X110.493 Y124.5
G0 X110.938 Y124.387
G1 F1500 X113.737 Y121.588 E282.16295
G0 F9000 X114.017 Y120.742
G1 F1500 X110.823 Y123.937 E282.31321
G0 F9000 X111.082 Y123.112
G1 F1500 X114.19 Y120.004 E282.4594
G0 F9000 X114.298 Y119.33
G1 F1500 X111.127 Y122.501 E282.60855
G0 F9000 X111.128 Y121.934
G1 F1500 X114.363 Y118.699 E282.76072
G0 F9000 X114.389 Y118.108
G1 F1500 X111.129 Y121.368 E282.91406
G0 F9000 X111.129 Y120.802
G1 F1500 X114.391 Y117.54 E283.06749
G0 F9000 X114.391 Y116.974
G1 F1500 X111.13 Y120.236 E283.2209
G0 F9000 X111.13 Y119.669
G1 F1500 X114.391 Y116.408 E283.37429
G0 F9000 X114.391 Y115.842
G1 F1500 X111.131 Y119.103 E283.52766
G0 F9000 X111.131 Y118.537
G1 F1500 X114.391 Y115.277 E283.681
G0 F9000 X114.391 Y114.711
G1 F1500 X111.132 Y117.971 E283.83431
G0 F9000 X111.132 Y117.404
G1 F1500 X114.391 Y114.145 E283.98761
G0 F9000 X114.391 Y113.58
G1 F1500 X111.109 Y116.862 E284.14198
G0 F9000 X110.968 Y116.438
G1 F1500 X114.391 Y113.014 E284.30301
G0 F9000 X114.391 Y112.448
G1 F1500 X110.692 Y116.148 E284.47703
G0 F9000 X110.326 Y115.948
G1 F1500 X114.391 Y111.883 E284.66823
G0 F9000 X114.391 Y111.317
G1 F1500 X109.877 Y115.832 E284.88058
G0 F9000 X109.675 Y115.468
G1 F1500 X114.248 Y110.895 E285.09568
G0 F9000 X113.892 Y110.686
G1 F1500 X109.889 Y114.688 E285.28394
G0 F9000 X109.966 Y114.045
G1 F1500 X113.535 Y110.476 E285.45182
G0 F9000 X113.179 Y110.267
G1 F1500 X109.963 Y113.483 E285.60309
G0 F9000 X109.932 Y112.948
G1 F1500 X112.813 Y110.068 E285.73858
G0 F9000 X112.415 Y109.899
G1 F1500 X109.833 Y112.482 E285.86005
G0 F9000 X109.667 Y112.082
G1 F1500 X112.017 Y109.732 E285.97059
G0 F9000 X111.62 Y109.563
G1 F1500 X109.445 Y111.738 E286.07289
G0 F9000 X109.199 Y111.418
G1 F1500 X111.203 Y109.414 E286.16716
G0 F9000 X110.76 Y109.291
G1 F1500 X108.883 Y111.168 E286.25545
G0 F9000 X108.549 Y110.937
G1 F1500 X110.318 Y109.168 E286.33865
G0 F9000 X109.875 Y109.045
G1 F1500 X108.147 Y110.773 E286.41993
G0 F9000 X107.685 Y110.669
G1 F1500 X109.388 Y108.967 E286.50001
G0 F9000 X108.891 Y108.898
G1 F1500 X107.163 Y110.625 E286.58127
G0 F9000 X106.49 Y110.734
G1 F1500 X108.395 Y108.829 E286.67088
G0 F9000 X107.861 Y108.797
G1 F1500 X100.136 Y116.521 E287.03421
G0 F9000 X100.136 Y115.956
G1 F1500 X107.299 Y108.793 E287.37114
G0 F9000 X106.737 Y108.789
G1 F1500 X100.136 Y115.39 E287.68163
G0 F9000 X100.136 Y114.824
G1 F1500 X106.12 Y108.84 E287.9631
G0 F9000 X105.476 Y108.919
G1 F1500 X100.136 Y114.259 E288.21427
G0 F9000 X100.136 Y113.693
G1 F1500 X104.817 Y109.012 E288.43445
G0 F9000 X104.053 Y109.211
G1 F1500 X100.136 Y113.127 E288.61867
G0 F9000 X100.136 Y112.562
G1 F1500 X103.284 Y109.414 E288.76675
G0 F9000 X103.112 Y108.989
G0 X102.158 Y109.377
G0 X102.33 Y109.802
G1 F1500 X100.136 Y111.996 E288.86995
G0 F9000 X100.136 Y111.43
G1 F1500 X101.228 Y110.338 E288.92131
G1 F2700 E283.92131
G0 F9000 X101.003 Y109.939
G0 X99.741 Y110.805
G0 X99.772 Y118.921
G0 X100.05 Y120.607
G0 X100.618 Y122.245
G0 X101.433 Y123.745
G0 X102.487 Y125.091
G0 X103.487 Y126.001
G0 X104.227 Y123.393
G0 X103.803 Y122.896
G0 X103.927 Y116.605
G0 X105.47 Y116.252
G0 X105.09 Y112.738
G0 X104.665 Y112.559
G1 F2700 E288.92131
G1 F1500 X100.136 Y117.087 E289.13432
G0 F9000 X100.136 Y117.653
G1 F1500 X104.562 Y113.227 E289.3425
G0 F9000 X104.559 Y113.795
G1 F1500 X100.142 Y118.213 E289.55029
G0 F9000 X100.162 Y118.758
G1 F1500 X104.556 Y114.364 E289.75697
G0 F9000 X104.671 Y114.815
G1 F1500 X100.217 Y119.269 E289.96647
G0 F9000 X100.283 Y119.768
G1 F1500 X103.532 Y116.519 E290.11929
G0 F9000 X103.403 Y117.214
G1 F1500 X100.38 Y120.237 E290.26149
G0 F9000 X100.491 Y120.692
G1 F1500 X103.403 Y117.78 E290.39846
G0 F9000 X103.403 Y118.346
G1 F1500 X100.621 Y121.127 E290.52929
G0 F9000 X100.771 Y121.543
G1 F1500 X103.404 Y118.911 E290.65312
G0 F9000 X103.404 Y119.476
G1 F1500 X100.93 Y121.95 E290.76949
G0 F9000 X101.107 Y122.339
G1 F1500 X103.404 Y120.041 E290.87755
G0 F9000 X103.404 Y120.607
G1 F1500 X101.293 Y122.718 E290.97685
G0 F9000 X101.5 Y123.078
G1 F1500 X103.404 Y121.173 E291.06643
G0 F9000 X103.405 Y121.738
G1 F1500 X101.711 Y123.432 E291.14611
G0 F9000 X101.941 Y123.768
G1 F1500 X103.405 Y122.303 E291.215
G0 F9000 X103.405 Y122.869
G1 F1500 X102.177 Y124.097 E291.27276
G0 F9000 X102.433 Y124.407
G1 F1500 X103.513 Y123.326 E291.32358
G0 F9000 X103.743 Y123.662
G1 F1500 X102.693 Y124.712 E291.37297
G0 F9000 X102.993 Y124.978
G1 F1500 X103.523 Y124.448 E291.3979
G1 F2700 E286.3979
G0 F9000 X103.968 Y124.572
G0 X104.619 Y123.251
G0 X104.123 Y123.254
G0 X104.123 Y116.592
G0 X105.922 Y116.596
G0 X105.269 Y114.306
G0 X105.269 Y113.299
G0 X105.334 Y112.81
G0 X105.534 Y112.327
G0 X105.852 Y111.913
G0 X106.268 Y111.595
G0 X106.749 Y111.396
G0 X107.267 Y111.326
G0 X107.784 Y111.396
G0 X108.267 Y111.595
G0 X108.682 Y111.913
G0 X108.999 Y112.328
G0 X109.199 Y112.81
G0 X109.264 Y113.299
G0 X109.264 Y114.306
G0 X108.612 Y116.596
G0 X110.41 Y116.592
G0 X110.41 Y123.265
G0 X110.608 Y124.951
G0 X111.053 Y124.838
G1 F2700 E291.3979
G1 F1500 X113.286 Y122.605 E291.50293
G0 F9000 X113.7 Y122.81
G0 X112.604 Y124.43
G0 X111.438 Y125.686
G0 X110.972 Y126.055
G0 X110.286 Y123.419
G0 X110.729 Y122.904
G0 X110.41 Y116.592
G0 X108.612 Y116.596
G0 X109.264 Y114.306
G0 X109.264 Y113.299
G0 X109.199 Y112.81
G0 X108.999 Y112.328
G0 X108.682 Y111.913
G0 X108.267 Y111.595
G0 X107.784 Y111.396
G0 X107.267 Y111.326
G0 X106.749 Y111.396
G0 X106.268 Y111.595
G0 X105.852 Y111.913
G0 X105.534 Y112.327
G0 X105.334 Y112.81
G0 X105.269 Y113.299
G0 X105.269 Y113.584
G0 X105.361 Y115.578
G0 X104.918 Y115.7
G1 F1500 X104.749 Y115.869 E291.51088
G0 F9000 X104.794 Y115.258
G1 F1500 X104.071 Y115.98 E291.54487
G1 F2700 E286.54487
G0 F9000 X104.215 Y116.417
G0 X105.922 Y116.596
G0 X105.269 Y114.306
G0 X105.269 Y113.299
G0 X105.334 Y112.81
G0 X105.534 Y112.327
G0 X105.852 Y111.913
G0 X106.268 Y111.595
G0 X106.749 Y111.396
G0 X107.267 Y111.326
G0 X107.784 Y111.396
G0 X108.267 Y111.595
G0 X108.682 Y111.913
G0 X108.999 Y112.328
G0 X109.199 Y112.81
G0 X109.264 Y113.299
G0 X109.264 Y114.306
G0 X108.612 Y116.596
G0 X110.41 Y116.592
G0 X110.636 Y123.221
G0 X110.286 Y123.419
G0 X110.972 Y126.055
G0 X111.438 Y125.686
G0 X112.382 Y124.669
G0 X114.219 Y122.374
G0 X115.238 Y122.772
G0 X121.876 Y126.018
G0 X124.056 Y126.316
;TYPE:WALL-INNER
G1 F2700 E291.54487
G1 F1500 X124.89 Y123.337 E291.64776
G1 X124.518 Y123.127 E291.66197
G1 X124.435 Y122.881 E291.6706
G1 X124.432 Y117.028 E291.86527
G1 X124.533 Y116.693 E291.87691
G1 X124.738 Y116.505 E291.88616
G1 X125.032 Y116.428 E291.89627
G1 X126.174 Y116.428 E291.93425
G1 X125.589 Y114.33 E292.00669
G1 X125.593 Y113.245 E292.04278
G1 X125.655 Y112.776 E292.05852
G1 X125.87 Y112.251 E292.07739
G1 X126.211 Y111.803 E292.09611
G1 X126.659 Y111.462 E292.11484
G1 X127.189 Y111.246 E292.13387
G1 X127.737 Y111.174 E292.15226
G1 X128.294 Y111.249 E292.17095
G1 X128.813 Y111.462 E292.18961
G1 X129.261 Y111.804 E292.20835
G1 X129.603 Y112.254 E292.22715
G1 X129.816 Y112.767 E292.24563
G1 X129.88 Y113.245 E292.26167
G1 X129.883 Y114.332 E292.29782
G1 X129.302 Y116.428 E292.37016
G1 X130.44 Y116.428 E292.40801
G1 X130.735 Y116.505 E292.41816
G1 X130.939 Y116.693 E292.42738
G1 X131.04 Y116.903 E292.43513
G1 X131.037 Y122.886 E292.63413
G1 X130.945 Y123.148 E292.64336
G1 X130.568 Y123.355 E292.65767
G1 X131.341 Y126.373 E292.76129
G1 X132.018 Y125.805 E292.79068
G1 X132.627 Y125.2 E292.81923
G1 X133.206 Y124.518 E292.84899
G1 X133.697 Y123.834 E292.87699
G1 X134.156 Y123.068 E292.90669
G1 X134.53 Y122.309 E292.93484
G1 X134.855 Y121.481 E292.96442
G1 X135.101 Y120.648 E292.99331
G1 X135.275 Y119.825 E293.02129
G1 X135.385 Y118.934 E293.05115
G1 X135.424 Y118.062 E293.08018
G1 X135.424 Y110.722 E293.32431
G1 X135.106 Y110.474 E293.33772
G1 X133.629 Y109.606 E293.3947
G1 X132.05 Y108.937 E293.45174
G1 X130.386 Y108.477 E293.50916
G1 X128.696 Y108.24 E293.56592
G1 X126.975 Y108.228 E293.62316
G1 X125.269 Y108.439 E293.68034
G1 X123.606 Y108.871 E293.73748
G1 X122.018 Y109.518 E293.79452
G1 X120.518 Y110.363 E293.85178
G1 X120.044 Y110.723 E293.87157
G1 X120.044 Y118.074 E294.11607
G1 X120.083 Y118.933 E294.14467
G1 X120.193 Y119.825 E294.17456
G1 X120.366 Y120.648 E294.20253
G1 X120.612 Y121.48 E294.23139
G1 X120.938 Y122.305 E294.26089
G1 X121.312 Y123.069 E294.28919
G1 X121.771 Y123.835 E294.31889
G1 X122.266 Y124.53 E294.34727
G1 X122.832 Y125.191 E294.37621
G1 X123.45 Y125.804 E294.40516
G1 X124.056 Y126.316 E294.43155
G1 F2700 E289.43155
G0 F9000 X125.091 Y123.251
G0 X124.594 Y123.254
G0 X124.594 Y116.592
G0 X126.393 Y116.596
G0 X125.741 Y114.306
G0 X125.741 Y113.3
G0 X125.804 Y112.81
G0 X126.005 Y112.327
G0 X126.323 Y111.913
G0 X126.739 Y111.595
G0 X127.22 Y111.396
G0 X127.738 Y111.326
G0 X128.256 Y111.396
G0 X128.737 Y111.595
G0 X129.153 Y111.913
G0 X129.471 Y112.329
G0 X129.67 Y112.81
G0 X129.735 Y113.299
G0 X129.735 Y114.306
G0 X129.083 Y116.596
G0 X130.881 Y116.592
G0 X130.881 Y123.265
G0 X131.259 Y126.599
G0 X131.098 Y127.036
;TYPE:WALL-OUTER
G1 F2700 E294.43155
G1 F1500 X131.613 Y126.669 E294.45258
G1 X132.288 Y126.1 E294.48194
G1 X132.921 Y125.472 E294.5116
G1 X133.522 Y124.764 E294.54249
G1 X134.032 Y124.054 E294.57157
G1 X134.508 Y123.26 E294.60236
G1 X134.896 Y122.471 E294.6316
G1 X135.234 Y121.611 E294.66233
G1 X135.489 Y120.746 E294.69233
G1 X135.67 Y119.891 E294.72139
G1 X135.784 Y118.967 E294.75236
G1 X135.824 Y118.071 E294.78219
G1 X135.824 Y110.526 E295.03314
G1 X135.331 Y110.142 E295.05392
G1 X133.809 Y109.248 E295.11263
G1 X132.182 Y108.558 E295.17141
G1 X130.467 Y108.085 E295.23058
G1 X128.725 Y107.84 E295.28909
G1 X126.952 Y107.828 E295.34806
G1 X125.194 Y108.045 E295.40698
G1 X123.48 Y108.491 E295.46588
G1 X121.844 Y109.157 E295.52463
G1 X120.298 Y110.028 E295.58365
G1 X119.644 Y110.524 E295.61095
G1 X119.644 Y118.083 E295.86237
G1 X119.684 Y118.967 E295.8918
G1 X119.798 Y119.891 E295.92276
G1 X119.978 Y120.746 E295.95183
G1 X120.234 Y121.61 E295.9818
G1 X120.572 Y122.467 E296.01244
G1 X120.96 Y123.26 E296.0418
G1 X121.436 Y124.054 E296.07259
G1 X121.95 Y124.776 E296.10207
G1 X122.539 Y125.463 E296.13217
G1 X123.18 Y126.1 E296.16222
G1 X123.855 Y126.669 E296.19159
G1 X124.287 Y126.976 E296.20921
G1 X125.396 Y123.016 E296.34599
G1 X125.032 Y123.016 E296.3581
G1 X124.86 Y122.92 E296.36465
G1 X124.833 Y122.838 E296.36752
G1 X124.832 Y116.988 E296.56209
G1 X124.953 Y116.828 E296.56876
G1 X126.7 Y116.828 E296.62687
G1 X125.988 Y114.258 E296.71557
G1 X125.989 Y113.297 E296.74753
G1 X126.043 Y112.89 E296.76119
G1 X126.236 Y112.43 E296.77778
G1 X126.496 Y112.088 E296.79207
G1 X126.841 Y111.826 E296.80648
G1 X127.277 Y111.64 E296.82224
G1 X127.736 Y111.577 E296.83765
G1 X128.198 Y111.641 E296.85316
G1 X128.634 Y111.828 E296.86894
G1 X128.975 Y112.089 E296.88323
G1 X129.241 Y112.437 E296.89779
G1 X129.425 Y112.873 E296.91353
G1 X129.483 Y113.297 E296.92777
G1 X129.484 Y114.258 E296.95973
G1 X128.776 Y116.828 E297.04839
G1 X130.52 Y116.828 E297.1064
G1 X130.64 Y116.985 E297.11297
G1 X130.639 Y122.845 E297.30788
G1 X130.609 Y122.932 E297.31094
G1 X130.44 Y123.024 E297.31734
G1 X130.07 Y123.024 E297.32964
G1 X131.098 Y127.036 E297.46739
G1 F2700 E292.46739
G0 F9000 X131.259 Y126.599
G0 X130.372 Y123.26
G0 X130.881 Y123.265
G0 X130.881 Y116.592
G0 X129.083 Y116.596
G0 X129.735 Y114.306
G0 X129.735 Y113.299
G0 X129.67 Y112.81
G0 X129.471 Y112.329
G0 X129.153 Y111.913
G0 X128.737 Y111.595
G0 X128.256 Y111.396
G0 X127.738 Y111.326
G0 X127.22 Y111.396
G0 X126.739 Y111.595
G0 X126.323 Y111.913
G0 X126.005 Y112.327
G0 X125.804 Y112.81
G0 X125.741 Y113.3
G0 X125.741 Y114.306
G0 X126.393 Y116.596
G0 X124.594 Y116.592
G0 X124.594 Y123.254
G0 X125.091 Y123.251
G0 X123.959 Y126.001
G0 X123.698 Y125.882
G0 X123.853 Y125.699
;TYPE:SKIN
G1 F2700 E297.46739
G1 F1500 X123.103 Y124.951 E297.50262
G1 X122.554 Y124.312 E297.53064
G1 X122.08 Y123.646 E297.55783
G1 X121.62 Y122.884 E297.58744
G1 X121.26 Y122.143 E297.61484
G1 X120.95 Y121.358 E297.64291
G1 X120.715 Y120.559 E297.67061
G1 X120.55 Y119.763 E297.69765
G1 X120.44 Y118.891 E297.72688
G1 X120.404 Y118.071 E297.75418
G1 X120.404 Y110.9 E297.99269
G1 X120.71 Y110.668 E298.00546
G1 X122.176 Y109.841 E298.06144
G1 X123.72 Y109.211 E298.11691
G1 X125.334 Y108.793 E298.17236
G1 X127 Y108.588 E298.22819
G1 X128.673 Y108.6 E298.28383
G1 X130.307 Y108.829 E298.33871
G1 X131.93 Y109.278 E298.39472
G1 X133.466 Y109.928 E298.4502
G1 X134.895 Y110.766 E298.50529
G1 X135.064 Y110.898 E298.51243
G1 X135.064 Y118.047 E298.7502
G1 X135.024 Y118.891 E298.77831
G1 X134.914 Y119.779 E298.80807
G1 X134.753 Y120.547 E298.83417
G1 X134.518 Y121.351 E298.86203
G1 X134.196 Y122.166 E298.89117
G1 X133.844 Y122.884 E298.91777
G1 X133.384 Y123.646 E298.94737
G1 X132.93 Y124.284 E298.97342
G1 X132.349 Y124.963 E299.00314
G1 X131.78 Y125.528 E299.02981
G1 X131.547 Y125.728 E299.04002
G1 X130.981 Y123.51 E299.11616
G1 X131.281 Y123.319 E299.12799
G1 X131.395 Y122.927 E299.14156
G1 X131.398 Y117.005 E299.33853
G1 X131.362 Y116.769 E299.34647
G1 X131.238 Y116.483 E299.35684
G1 X130.904 Y116.185 E299.37173
G1 X130.483 Y116.074 E299.38621
G1 X129.775 Y116.068 E299.40976
G1 X130.24 Y114.357 E299.46873
G1 X130.235 Y113.197 E299.50731
G1 X130.161 Y112.661 E299.52531
G1 X129.925 Y112.094 E299.54573
G1 X129.515 Y111.541 E299.56863
G1 X128.974 Y111.139 E299.59105
G1 X128.402 Y110.901 E299.61165
G1 X127.737 Y110.809 E299.63398
G1 X127.093 Y110.896 E299.6556
G1 X126.482 Y111.141 E299.67749
G1 X125.954 Y111.543 E299.69956
G1 X125.572 Y112.047 E299.7206
G1 X125.311 Y112.66 E299.74276
G1 X125.233 Y113.196 E299.76077
G1 X125.23 Y114.381 E299.80019
G1 X125.7 Y116.068 E299.85843
G1 X125.036 Y116.068 E299.88052
G1 X124.564 Y116.18 E299.89665
G1 X124.234 Y116.485 E299.9116
G1 X124.105 Y116.772 E299.92206
G1 X124.073 Y117 E299.92972
G1 X124.077 Y122.916 E300.12649
G1 X124.183 Y123.289 E300.13939
G1 X124.473 Y123.485 E300.15103
G1 X123.853 Y125.699 E300.2275
G1 F2700 E295.2275
G0 F9000 X123.698 Y125.882
G0 X123.959 Y126.001
G0 X125.091 Y123.251
G0 X124.594 Y123.254
G0 X124.594 Y116.592
G0 X126.393 Y116.596
G0 X125.741 Y114.306
G0 X125.741 Y113.3
G0 X125.804 Y112.81
G0 X126.005 Y112.327
G0 X126.323 Y111.913
G0 X126.739 Y111.595
G0 X127.22 Y111.396
G0 X127.738 Y111.326
G0 X128.256 Y111.396
G0 X128.737 Y111.595
G0 X129.153 Y111.913
G0 X129.471 Y112.329
G0 X129.67 Y112.81
G0 X129.735 Y113.299
G0 X129.735 Y114.306
G0 X129.083 Y116.596
G0 X130.881 Y116.592
G0 X130.881 Y123.265
G0 X131.174 Y125.315
G0 X131.619 Y125.202
G1 F2700 E300.2275
G1 F1500 X133.049 Y123.773 E300.29474
G0 F9000 X133.424 Y124.043
G0 X134.274 Y122.6
G0 X133.86 Y122.395
G1 F1500 X131.505 Y124.751 E300.40553
G0 F9000 X131.39 Y124.3
G1 F1500 X134.28 Y121.41 E300.54147
G0 F9000 X134.532 Y120.592
G1 F1500 X131.274 Y123.85 E300.69472
G0 F9000 X131.588 Y122.97
G1 F1500 X134.69 Y119.868 E300.84062
G0 F9000 X134.782 Y119.21
G1 F1500 X131.595 Y122.398 E300.99055
G0 F9000 X131.595 Y121.832
G1 F1500 X134.836 Y118.591 E301.143
G0 F9000 X134.864 Y117.998
G1 F1500 X131.596 Y121.265 E301.29669
G0 F9000 X131.597 Y120.699
G1 F1500 X134.864 Y117.432 E301.45036
G0 F9000 X134.864 Y116.866
G1 F1500 X131.598 Y120.132 E301.60399
G0 F9000 X131.598 Y119.566
G1 F1500 X134.864 Y116.301 E301.75759
G0 F9000 X134.864 Y115.735
G1 F1500 X131.599 Y119 E301.91116
G0 F9000 X131.599 Y118.434
G1 F1500 X134.864 Y115.169 E302.06474
G0 F9000 X134.864 Y114.604
G1 F1500 X131.6 Y117.868 E302.21827
G0 F9000 X131.6 Y117.301
G1 F1500 X134.864 Y114.038 E302.37177
G0 F9000 X134.864 Y113.472
G1 F1500 X131.565 Y116.771 E302.52695
G0 F9000 X131.405 Y116.365
G1 F1500 X134.864 Y112.907 E302.68962
G0 F9000 X134.864 Y112.341
G1 F1500 X131.105 Y116.099 E302.86641
G0 F9000 X130.711 Y115.928
G1 F1500 X134.864 Y111.775 E303.06176
G0 F9000 X134.864 Y111.21
G1 F1500 X130.205 Y115.868 E303.28088
G0 F9000 X130.188 Y115.32
G1 F1500 X134.653 Y110.855 E303.4909
G0 F9000 X134.296 Y110.646
G1 F1500 X130.401 Y114.541 E303.67411
G0 F9000 X130.438 Y113.938
G1 F1500 X133.939 Y110.437 E303.83878
G0 F9000 X133.583 Y110.227
G1 F1500 X130.434 Y113.376 E303.9869
G0 F9000 X130.389 Y112.856
G1 F1500 X133.209 Y110.036 E304.11955
G0 F9000 X132.812 Y109.867
G1 F1500 X130.271 Y112.408 E304.23907
G0 F9000 X130.106 Y112.007
G1 F1500 X132.414 Y109.699 E304.34763
G0 F9000 X132.017 Y109.531
G1 F1500 X129.87 Y111.678 E304.44862
G0 F9000 X129.616 Y111.366
G1 F1500 X131.591 Y109.391 E304.54151
G0 F9000 X131.148 Y109.269
G1 F1500 X129.294 Y111.123 E304.62872
G0 F9000 X128.942 Y110.909
G1 F1500 X130.705 Y109.145 E304.71167
G0 F9000 X130.261 Y109.024
G1 F1500 X128.541 Y110.744 E304.79257
G0 F9000 X128.063 Y110.657
G1 F1500 X129.765 Y108.954 E304.87265
G0 F9000 X129.269 Y108.885
G1 F1500 X127.511 Y110.642 E304.95532
G0 F9000 X126.782 Y110.806
G1 F1500 X128.773 Y108.815 E305.04897
G0 F9000 X128.226 Y108.796
G1 F1500 X120.604 Y116.418 E305.40749
G0 F9000 X120.604 Y116.984
G1 F1500 X125.213 Y112.375 E305.62428
G0 F9000 X125.043 Y113.11
G1 F1500 X120.604 Y117.549 E305.83308
G0 F9000 X120.606 Y118.113
G1 F1500 X125.032 Y113.687 E306.04126
G0 F9000 X125.029 Y114.256
G1 F1500 X120.63 Y118.655 E306.24818
G0 F9000 X120.678 Y119.173
G1 F1500 X125.119 Y114.732 E306.45707
G0 F9000 X125.243 Y115.174
G1 F1500 X120.741 Y119.675 E306.66881
G0 F9000 X120.835 Y120.147
G1 F1500 X123.875 Y117.107 E306.8118
G0 F9000 X123.875 Y117.672
G1 F1500 X120.938 Y120.61 E306.94997
G0 F9000 X121.067 Y121.047
G1 F1500 X123.875 Y118.238 E307.08207
G0 F9000 X123.876 Y118.803
G1 F1500 X121.209 Y121.47 E307.20752
G0 F9000 X121.369 Y121.876
G1 F1500 X123.876 Y119.369 E307.32544
G0 F9000 X123.876 Y119.935
G1 F1500 X121.543 Y122.267 E307.43516
G0 F9000 X121.728 Y122.648
G1 F1500 X123.877 Y120.499 E307.53624
G0 F9000 X123.877 Y121.065
G1 F1500 X121.931 Y123.01 E307.62775
G0 F9000 X122.144 Y123.363
G1 F1500 X123.877 Y121.63 E307.70926
G0 F9000 X123.877 Y122.196
G1 F1500 X122.368 Y123.705 E307.78024
G0 F9000 X122.604 Y124.035
G1 F1500 X123.877 Y122.762 E307.84012
G0 F9000 X123.962 Y123.242
G1 F1500 X122.853 Y124.352 E307.89231
G0 F9000 X123.114 Y124.657
G1 F1500 X124.211 Y123.559 E307.94393
G0 F9000 X124.037 Y124.299
G1 F1500 X123.385 Y124.951 E307.9746
G0 F9000 X123.668 Y125.234
G1 F1500 X123.817 Y125.084 E307.98163
G0 F9000 X124.262 Y125.208
G0 X124.699 Y123.393
G0 X124.45 Y123.247
G0 X124.594 Y116.592
G0 X125.114 Y116.328
G0 X125.114 Y115.868
G1 F1500 X125.366 Y115.615 E307.99351
G0 F9000 X125.809 Y115.493
G0 X125.942 Y116.252
G0 X124.399 Y116.605
G0 X124.364 Y123.198
G0 X124.699 Y123.393
G0 X123.959 Y126.001
G0 X122.95 Y125.082
G0 X121.905 Y123.746
G0 X121.085 Y122.24
G0 X120.764 Y121.428
G0 X120.352 Y119.798
G0 X120.269 Y118.818
G0 X120.144 Y115.852
G0 X120.604 Y115.852
G1 F1500 X127.664 Y108.793 E308.32556
G0 F9000 X127.102 Y108.788
G1 F1500 X120.604 Y115.287 E308.63123
G0 F9000 X120.604 Y114.721
G1 F1500 X126.47 Y108.855 E308.90715
G0 F9000 X125.825 Y108.934
G1 F1500 X120.604 Y114.155 E309.15273
G0 F9000 X120.604 Y113.59
G1 F1500 X125.146 Y109.048 E309.36637
G0 F9000 X124.383 Y109.245
G1 F1500 X120.604 Y113.024 E309.54413
G0 F9000 X120.604 Y112.458
G1 F1500 X123.578 Y109.484 E309.68402
G0 F9000 X123.407 Y109.06
G0 X122.45 Y109.45
G0 X122.622 Y109.874
G1 F1500 X120.604 Y111.893 E309.77896
G0 F9000 X120.604 Y111.327
G1 F1500 X121.451 Y110.48 E309.8188
G1 F2700 E304.8188
;MESH:NONMESH
G0 F300 X121.451 Y110.48 Z1.4
G0 F9000 X121.226 Y110.079
G0 X120.209 Y110.805
G0 X119.876 Y118.066
G0 X118.784 Y118.112
G0 X115.238 Y122.772
G0 X110.869 Y126.373
;TIME_ELAPSED:568.445583
;LAYER:6
;TYPE:WALL-INNER
;MESH:FT08-Gear Clips.stl
G1 F2700 E309.8188
G1 F1500 X111.546 Y125.805 E309.84819
G1 X112.164 Y125.191 E309.87717
G1 X112.73 Y124.529 E309.90614
G1 X113.225 Y123.835 E309.93449
G1 X113.684 Y123.068 E309.96422
G1 X114.062 Y122.305 E309.99254
G1 X114.384 Y121.48 E310.02199
G1 X114.633 Y120.648 E310.05088
G1 X114.803 Y119.825 E310.07883
G1 X114.917 Y118.934 E310.10871
G1 X114.952 Y118.064 E310.13767
G1 X114.952 Y110.722 E310.38186
G1 X114.634 Y110.474 E310.39528
G1 X113.157 Y109.606 E310.45226
G1 X111.578 Y108.936 E310.50931
G1 X109.917 Y108.478 E310.56661
G1 X108.224 Y108.24 E310.62348
G1 X106.507 Y108.228 E310.68058
G1 X104.797 Y108.439 E310.73789
G1 X103.134 Y108.871 E310.79504
G1 X101.546 Y109.518 E310.85207
G1 X100.051 Y110.363 E310.90919
G1 X99.576 Y110.723 E310.92901
G1 X99.576 Y118.075 E311.17354
G1 X99.611 Y118.935 E311.20217
G1 X99.721 Y119.825 E311.23199
G1 X99.894 Y120.647 E311.25993
G1 X100.144 Y121.479 E311.28883
G1 X100.47 Y122.31 E311.31852
G1 X100.84 Y123.069 E311.3466
G1 X101.298 Y123.834 E311.37626
G1 X101.79 Y124.517 E311.40425
G1 X102.369 Y125.2 E311.43403
G1 X102.978 Y125.804 E311.46256
G1 X103.584 Y126.316 E311.48895
G1 X104.418 Y123.337 E311.59184
G1 X104.046 Y123.127 E311.60605
G1 X103.963 Y122.88 E311.61472
G1 X103.96 Y117.028 E311.80935
G1 X104.061 Y116.693 E311.82099
G1 X104.266 Y116.505 E311.83024
G1 X104.56 Y116.428 E311.84035
G1 X105.702 Y116.428 E311.87833
G1 X105.117 Y114.33 E311.95078
G1 X105.121 Y113.245 E311.98686
G1 X105.185 Y112.762 E312.00307
G1 X105.408 Y112.243 E312.02186
G1 X105.738 Y111.804 E312.04012
G1 X106.192 Y111.462 E312.05903
G1 X106.689 Y111.257 E312.07691
G1 X107.261 Y111.173 E312.09614
G1 X107.822 Y111.249 E312.11497
G1 X108.342 Y111.458 E312.13361
G1 X108.791 Y111.805 E312.15248
G1 X109.131 Y112.254 E312.17121
G1 X109.344 Y112.767 E312.18969
G1 X109.408 Y113.245 E312.20573
G1 X109.411 Y114.332 E312.24188
G1 X108.83 Y116.428 E312.31422
G1 X109.972 Y116.428 E312.35221
G1 X110.266 Y116.504 E312.36231
G1 X110.471 Y116.693 E312.37158
G1 X110.572 Y116.903 E312.37933
G1 X110.569 Y122.888 E312.57839
G1 X110.477 Y123.15 E312.58763
G1 X110.096 Y123.357 E312.60205
G1 X110.869 Y126.373 E312.70561
G0 F9000 X110.626 Y127.036
;TYPE:WALL-OUTER
G1 F1500 X111.141 Y126.669 E312.72664
G1 X111.816 Y126.1 E312.756
G1 X112.457 Y125.463 E312.78606
G1 X113.046 Y124.776 E312.81616
G1 X113.56 Y124.054 E312.84563
G1 X114.036 Y123.26 E312.87642
G1 X114.428 Y122.467 E312.90585
G1 X114.762 Y121.61 E312.93644
G1 X115.021 Y120.746 E312.96644
G1 X115.198 Y119.891 E312.99548
G1 X115.316 Y118.967 E313.02646
G1 X115.352 Y118.072 E313.05625
G1 X115.352 Y110.526 E313.30723
G1 X114.859 Y110.142 E313.32802
G1 X113.337 Y109.248 E313.38673
G1 X111.71 Y108.558 E313.44551
G1 X109.999 Y108.085 E313.50455
G1 X108.253 Y107.84 E313.56319
G1 X106.484 Y107.828 E313.62203
G1 X104.722 Y108.045 E313.68108
G1 X103.008 Y108.491 E313.73998
G1 X101.372 Y109.157 E313.79873
G1 X99.831 Y110.028 E313.85761
G1 X99.176 Y110.524 E313.88493
G1 X99.176 Y118.083 E314.13635
G1 X99.212 Y118.967 E314.16577
G1 X99.326 Y119.891 E314.19674
G1 X99.506 Y120.746 E314.2258
G1 X99.766 Y121.61 E314.25581
G1 X100.104 Y122.471 E314.28657
G1 X100.488 Y123.26 E314.31576
G1 X100.964 Y124.054 E314.34655
G1 X101.474 Y124.764 E314.37562
G1 X102.075 Y125.472 E314.40651
G1 X102.708 Y126.1 E314.43617
G1 X103.383 Y126.669 E314.46553
G1 X103.815 Y126.976 E314.48316
G1 X104.924 Y123.016 E314.61994
G1 X104.56 Y123.016 E314.63204
G1 X104.388 Y122.92 E314.6386
G1 X104.361 Y122.838 E314.64147
G1 X104.36 Y116.988 E314.83604
G1 X104.481 Y116.828 E314.84271
G1 X106.228 Y116.828 E314.90082
G1 X105.516 Y114.258 E314.98951
G1 X105.517 Y113.297 E315.02148
G1 X105.571 Y112.89 E315.03513
G1 X105.767 Y112.431 E315.05173
G1 X106.025 Y112.088 E315.06601
G1 X106.414 Y111.803 E315.08205
G1 X106.805 Y111.64 E315.09614
G1 X107.264 Y111.578 E315.11154
G1 X107.707 Y111.636 E315.1264
G1 X108.143 Y111.809 E315.142
G1 X108.52 Y112.11 E315.15805
G1 X108.769 Y112.437 E315.17172
G1 X108.953 Y112.873 E315.18746
G1 X109.011 Y113.297 E315.20169
G1 X109.012 Y114.258 E315.23366
G1 X108.304 Y116.828 E315.32232
G1 X110.051 Y116.828 E315.38042
G1 X110.172 Y116.985 E315.38702
G1 X110.171 Y122.846 E315.58195
G1 X110.141 Y122.933 E315.58502
G1 X109.972 Y123.024 E315.5914
G1 X109.598 Y123.024 E315.60384
G1 X110.626 Y127.036 E315.74159
G0 F9000 X110.788 Y126.599
G0 X110.824 Y125.791
G0 X111.075 Y125.728
;TYPE:SKIN
G1 F1500 X110.508 Y123.513 E315.81764
G1 X110.797 Y123.355 E315.82859
G1 X110.928 Y122.924 E315.84357
G1 X110.932 Y117.037 E316.03938
G1 X110.894 Y116.766 E316.04848
G1 X110.77 Y116.483 E316.05875
G1 X110.434 Y116.181 E316.07378
G1 X110.014 Y116.074 E316.0882
G1 X109.303 Y116.068 E316.11184
G1 X109.768 Y114.357 E316.17082
G1 X109.763 Y113.197 E316.2094
G1 X109.689 Y112.661 E316.2274
G1 X109.429 Y112.048 E316.24954
G1 X109.027 Y111.533 E316.27127
G1 X108.519 Y111.139 E316.29265
G1 X107.93 Y110.901 E316.31378
G1 X107.261 Y110.809 E316.33624
G1 X106.617 Y110.896 E316.35786
G1 X106.007 Y111.144 E316.37976
G1 X105.482 Y111.543 E316.40169
G1 X105.104 Y112.043 E316.42254
G1 X104.839 Y112.66 E316.44487
G1 X104.761 Y113.192 E316.46276
G1 X104.758 Y114.381 E316.5023
G1 X105.228 Y116.068 E316.56055
G1 X104.564 Y116.068 E316.58263
G1 X104.092 Y116.18 E316.59877
G1 X103.762 Y116.485 E316.61371
G1 X103.633 Y116.772 E316.62418
G1 X103.601 Y117 E316.63184
G1 X103.605 Y122.918 E316.82867
G1 X103.723 Y123.3 E316.84197
G1 X104.001 Y123.485 E316.85308
G1 X103.381 Y125.699 E316.92955
G1 X102.644 Y124.964 E316.96417
G1 X102.066 Y124.284 E316.99385
G1 X101.6 Y123.638 E317.02034
G1 X101.128 Y122.84 E317.05118
G1 X100.804 Y122.175 E317.07578
G1 X100.478 Y121.346 E317.10541
G1 X100.243 Y120.559 E317.13273
G1 X100.078 Y119.763 E317.15977
G1 X99.968 Y118.895 E317.18887
G1 X99.936 Y118.072 E317.21626
G1 X99.936 Y110.903 E317.4547
G1 X100.251 Y110.66 E317.46793
G1 X101.704 Y109.841 E317.52341
G1 X103.244 Y109.215 E317.5787
G1 X104.866 Y108.793 E317.63444
G1 X106.528 Y108.588 E317.69014
G1 X108.201 Y108.6 E317.74579
G1 X109.839 Y108.829 E317.8008
G1 X111.458 Y109.278 E317.85668
G1 X112.994 Y109.928 E317.91215
G1 X114.423 Y110.766 E317.96725
G1 X114.592 Y110.898 E317.97438
G1 X114.592 Y118.047 E318.21216
G1 X114.556 Y118.891 E318.24026
G1 X114.446 Y119.751 E318.26909
G1 X114.277 Y120.571 E318.29694
G1 X114.046 Y121.346 E318.32384
G1 X113.728 Y122.159 E318.35287
G1 X113.364 Y122.9 E318.38033
G1 X112.928 Y123.626 E318.4085
G1 X112.438 Y124.316 E318.43664
G1 X111.909 Y124.935 E318.46373
G1 X111.309 Y125.528 E318.49178
G1 X111.075 Y125.728 E318.50202
G1 F2700 E313.50202
G0 F9000 X110.824 Y125.791
G0 X109.901 Y123.26
G0 X110.41 Y123.265
G0 X110.41 Y116.592
G0 X108.612 Y116.596
G0 X109.264 Y114.306
G0 X109.264 Y113.299
G0 X109.199 Y112.81
G0 X108.999 Y112.328
G0 X108.682 Y111.913
G0 X108.267 Y111.595
G0 X107.784 Y111.396
G0 X107.267 Y111.326
G0 X106.749 Y111.396
G0 X106.268 Y111.595
G0 X105.852 Y111.913
G0 X105.534 Y112.327
G0 X105.334 Y112.81
G0 X105.269 Y113.299
G0 X105.269 Y114.306
G0 X105.922 Y116.596
G0 X104.123 Y116.592
G0 X104.123 Y123.254
G0 X103.844 Y125.016
G0 X103.394 Y124.89
G1 F2700 E318.50202
G1 F1500 X101.376 Y122.873 E318.59692
G0 F9000 X100.981 Y123.109
G0 X100.445 Y121.97
G0 X100.872 Y121.803
G1 F1500 X103.523 Y124.453 E318.72159
G0 F9000 X103.646 Y124.011
G1 F1500 X100.56 Y120.925 E318.86675
G0 F9000 X100.365 Y120.164
G1 F1500 X103.508 Y123.307 E319.01458
G0 F9000 X103.406 Y122.639
G1 F1500 X100.242 Y119.476 E319.16339
G0 F9000 X100.165 Y118.832
G1 F1500 X103.406 Y122.074 E319.31586
G0 F9000 X103.406 Y121.508
G1 F1500 X100.143 Y118.245 E319.46934
G0 F9000 X100.136 Y117.672
G1 F1500 X103.405 Y120.941 E319.6231
G0 F9000 X103.405 Y120.376
G1 F1500 X100.136 Y117.106 E319.77689
G0 F9000 X100.136 Y116.54
G1 F1500 X103.404 Y119.809 E319.93063
G0 F9000 X103.404 Y119.244
G1 F1500 X100.136 Y115.975 E320.08437
G0 F9000 X100.136 Y115.409
G1 F1500 X103.404 Y118.678 E320.23811
G0 F9000 X103.404 Y118.112
G1 F1500 X100.136 Y114.843 E320.39185
G0 F9000 X100.136 Y114.278
G1 F1500 X103.404 Y117.546 E320.54557
G0 F9000 X103.404 Y116.98
G1 F1500 X100.136 Y113.712 E320.69928
G0 F9000 X100.136 Y113.146
G1 F1500 X103.524 Y116.535 E320.85867
G0 F9000 X103.765 Y116.21
G1 F1500 X100.136 Y112.581 E321.02936
G0 F9000 X100.136 Y112.015
G1 F1500 X104.095 Y115.974 E321.21558
G0 F9000 X104.554 Y115.868
G1 F1500 X100.136 Y111.449 E321.42342
G0 F9000 X100.202 Y110.95
G1 F1500 X104.906 Y115.654 E321.64468
G0 F9000 X104.686 Y114.869
G1 F1500 X100.543 Y110.725 E321.83958
G0 F9000 X100.905 Y110.521
G1 F1500 X104.558 Y114.174 E322.0114
G0 F9000 X104.561 Y113.612
G1 F1500 X101.266 Y110.317 E322.16639
G0 F9000 X101.628 Y110.113
G1 F1500 X104.578 Y113.063 E322.30515
G0 F9000 X104.657 Y112.577
G1 F1500 X102.012 Y109.932 E322.42956
G0 F9000 X102.415 Y109.768
G1 F1500 X104.824 Y112.178 E322.5429
G0 F9000 X105.026 Y111.814
G1 F1500 X102.817 Y109.605 E322.6468
G0 F9000 X103.218 Y109.441
G1 F1500 X105.27 Y111.492 E322.7433
G0 F9000 X105.569 Y111.226
G1 F1500 X103.658 Y109.314 E322.83321
G0 F9000 X104.107 Y109.198
G1 F1500 X105.891 Y110.982 E322.91712
G0 F9000 X106.289 Y110.814
G1 F1500 X104.555 Y109.08 E322.99868
G0 F9000 X105.017 Y108.976
G1 F1500 X106.724 Y110.683 E323.07898
G0 F9000 X107.223 Y110.617
G1 F1500 X105.52 Y108.914 E323.15908
G0 F9000 X106.024 Y108.852
G1 F1500 X107.864 Y110.693 E323.24565
G0 F9000 X107.802 Y111.146
G0 X108.698 Y111.606
G0 X108.98 Y111.243
G1 F1500 X106.528 Y108.79 E323.36101
G0 F9000 X107.096 Y108.793
G1 F1500 X114.392 Y116.089 E323.70419
G0 F9000 X114.392 Y115.524
G1 F1500 X107.665 Y108.796 E324.02063
G0 F9000 X108.242 Y108.808
G1 F1500 X114.392 Y114.958 E324.30991
G0 F9000 X114.392 Y114.392
G1 F1500 X108.899 Y108.899 E324.56828
G0 F9000 X109.557 Y108.991
G1 F1500 X114.392 Y113.827 E324.79573
G0 F9000 X114.392 Y113.261
G1 F1500 X110.294 Y109.162 E324.98851
G0 F9000 X111.077 Y109.38
G1 F1500 X114.392 Y112.695 E325.14444
G0 F9000 X114.392 Y112.129
G1 F1500 X111.978 Y109.715 E325.25799
G0 F9000 X112.158 Y109.292
G0 X113.213 Y109.756
G0 X112.98 Y110.152
G1 F1500 X114.392 Y111.564 E325.3244
G1 F2700 E320.3244
G0 F9000 X114.852 Y111.564
G0 X114.756 Y118.92
G0 X114.477 Y120.608
G0 X113.915 Y122.24
G0 X113.09 Y123.746
G0 X112.046 Y125.082
G0 X111.438 Y125.686
G0 X110.972 Y126.055
G0 X110.286 Y123.419
G0 X110.729 Y122.904
G0 X110.605 Y116.604
G0 X109.062 Y116.252
G0 X109.447 Y112.791
G0 X109.901 Y112.73
G1 F2700 E325.3244
G1 F1500 X114.392 Y117.221 E325.53564
G0 F9000 X114.392 Y117.786
G1 F1500 X109.961 Y113.356 E325.74404
G0 F9000 X109.965 Y113.925
G1 F1500 X114.379 Y118.339 E325.95166
G0 F9000 X114.355 Y118.881
G1 F1500 X109.947 Y114.473 E326.159
G0 F9000 X109.826 Y114.917
G1 F1500 X114.292 Y119.383 E326.36907
G0 F9000 X114.218 Y119.874
G1 F1500 X111.094 Y116.75 E326.51601
G0 F9000 X111.132 Y117.354
G1 F1500 X114.121 Y120.343 E326.6566
G0 F9000 X114.003 Y120.792
G1 F1500 X111.131 Y117.919 E326.79172
G0 F9000 X111.131 Y118.485
G1 F1500 X113.873 Y121.227 E326.92069
G0 F9000 X113.718 Y121.638
G1 F1500 X111.13 Y119.05 E327.04243
G0 F9000 X111.13 Y119.615
G1 F1500 X113.559 Y122.045 E327.1567
G0 F9000 X113.375 Y122.426
G1 F1500 X111.129 Y120.18 E327.26235
G0 F9000 X111.129 Y120.746
G1 F1500 X113.188 Y122.805 E327.3592
G0 F9000 X112.976 Y123.158
G1 F1500 X111.128 Y121.311 E327.4461
G0 F9000 X111.127 Y121.876
G1 F1500 X112.763 Y123.511 E327.52303
G0 F9000 X112.529 Y123.843
G1 F1500 X111.127 Y122.44 E327.58899
G0 F9000 X111.118 Y122.998
G1 F1500 X112.294 Y124.174 E327.64431
G0 F9000 X112.035 Y124.48
G1 F1500 X110.98 Y123.425 E327.69393
G0 F9000 X110.787 Y123.797
G1 F1500 X111.774 Y124.785 E327.74038
G0 F9000 X111.49 Y125.067
G1 F1500 X110.981 Y124.558 E327.76432
G0 F9000 X110.536 Y124.671
G0 X110.972 Y126.055
G0 X111.438 Y125.686
G0 X112.604 Y124.43
G0 X113.544 Y122.991
G0 X114.231 Y121.428
G0 X114.645 Y119.798
G0 X114.728 Y118.812
G0 X114.852 Y116.655
G0 X114.392 Y116.655
G1 F1500 X109.341 Y111.603 E328.00193
G0 F9000 X108.974 Y111.881
G0 X109.235 Y113.157
G0 X109.264 Y115.238
G0 X109.703 Y115.36
G1 F1500 X110.278 Y115.934 E328.02895
G0 F9000 X109.645 Y115.868
G1 F1500 X109.582 Y115.804 E328.03194
G1 F2700 E323.03194
G0 F9000 X109.141 Y115.682
G0 X109.062 Y116.252
G0 X110.41 Y116.592
G0 X110.636 Y123.221
G0 X110.286 Y123.419
G0 X110.972 Y126.055
G0 X111.438 Y125.686
G0 X112.604 Y124.43
G0 X113.365 Y123.264
G0 X114.797 Y120.698
G0 X115.846 Y121.011
G0 X120.683 Y124.483
G0 X124.056 Y126.316
;TYPE:WALL-INNER
G1 F2700 E328.03194
G1 F1500 X124.89 Y123.337 E328.13483
G1 X124.518 Y123.127 E328.14904
G1 X124.435 Y122.881 E328.15768
G1 X124.432 Y117.028 E328.35235
G1 X124.533 Y116.693 E328.36399
G1 X124.738 Y116.505 E328.37324
G1 X125.032 Y116.428 E328.38335
G1 X126.174 Y116.428 E328.42133
G1 X125.589 Y114.33 E328.49377
G1 X125.593 Y113.245 E328.52986
G1 X125.655 Y112.776 E328.54559
G1 X125.87 Y112.251 E328.56446
G1 X126.211 Y111.803 E328.58319
G1 X126.659 Y111.462 E328.60191
G1 X127.189 Y111.246 E328.62095
G1 X127.737 Y111.174 E328.63933
G1 X128.294 Y111.249 E328.65802
G1 X128.813 Y111.462 E328.67668
G1 X129.261 Y111.804 E328.69543
G1 X129.603 Y112.254 E328.71423
G1 X129.816 Y112.767 E328.7327
G1 X129.88 Y113.245 E328.74874
G1 X129.883 Y114.332 E328.7849
G1 X129.302 Y116.428 E328.85724
G1 X130.44 Y116.428 E328.89509
G1 X130.735 Y116.505 E328.90523
G1 X130.939 Y116.693 E328.91446
G1 X131.04 Y116.903 E328.92221
G1 X131.037 Y122.886 E329.1212
G1 X130.945 Y123.148 E329.13044
G1 X130.568 Y123.355 E329.14474
G1 X131.341 Y126.373 E329.24836
G1 X132.018 Y125.805 E329.27776
G1 X132.627 Y125.2 E329.30631
G1 X133.206 Y124.518 E329.33606
G1 X133.697 Y123.834 E329.36407
G1 X134.156 Y123.068 E329.39377
G1 X134.53 Y122.309 E329.42191
G1 X134.855 Y121.481 E329.4515
G1 X135.101 Y120.648 E329.48038
G1 X135.275 Y119.825 E329.50836
G1 X135.385 Y118.934 E329.53822
G1 X135.424 Y118.062 E329.56725
G1 X135.424 Y110.722 E329.81138
G1 X135.106 Y110.474 E329.8248
G1 X133.629 Y109.606 E329.88178
G1 X132.05 Y108.937 E329.93881
G1 X130.386 Y108.477 E329.99623
G1 X128.696 Y108.24 E330.05299
G1 X126.975 Y108.228 E330.11024
G1 X125.269 Y108.439 E330.16741
G1 X123.606 Y108.871 E330.22456
G1 X122.018 Y109.518 E330.28159
G1 X120.518 Y110.363 E330.33885
G1 X120.044 Y110.723 E330.35865
G1 X120.044 Y118.074 E330.60314
G1 X120.083 Y118.933 E330.63174
G1 X120.193 Y119.825 E330.66164
G1 X120.366 Y120.648 E330.68961
G1 X120.612 Y121.48 E330.71847
G1 X120.938 Y122.305 E330.74797
G1 X121.312 Y123.069 E330.77626
G1 X121.771 Y123.835 E330.80596
G1 X122.266 Y124.53 E330.83434
G1 X122.832 Y125.191 E330.86329
G1 X123.45 Y125.804 E330.89224
G1 X124.056 Y126.316 E330.91862
G1 F2700 E325.91862
G0 F9000 X125.091 Y123.251
G0 X124.594 Y123.254
G0 X124.594 Y116.592
G0 X126.393 Y116.596
G0 X125.741 Y114.306
G0 X125.741 Y113.3
G0 X125.804 Y112.81
G0 X126.005 Y112.327
G0 X126.323 Y111.913
G0 X126.739 Y111.595
G0 X127.22 Y111.396
G0 X127.738 Y111.326
G0 X128.256 Y111.396
G0 X128.737 Y111.595
G0 X129.153 Y111.913
G0 X129.471 Y112.329
G0 X129.67 Y112.81
G0 X129.735 Y113.299
G0 X129.735 Y114.306
G0 X129.083 Y116.596
G0 X130.881 Y116.592
G0 X130.881 Y123.265
G0 X131.259 Y126.599
G0 X131.098 Y127.036
;TYPE:WALL-OUTER
G1 F2700 E330.91862
G1 F1500 X131.613 Y126.669 E330.93966
G1 X132.288 Y126.1 E330.96902
G1 X132.921 Y125.472 E330.99868
G1 X133.522 Y124.764 E331.02957
G1 X134.032 Y124.054 E331.05864
G1 X134.508 Y123.26 E331.08943
G1 X134.896 Y122.471 E331.11867
G1 X135.234 Y121.611 E331.14941
G1 X135.489 Y120.746 E331.1794
G1 X135.67 Y119.891 E331.20847
G1 X135.784 Y118.967 E331.23944
G1 X135.824 Y118.071 E331.26927
G1 X135.824 Y110.526 E331.52021
G1 X135.331 Y110.142 E331.541
G1 X133.809 Y109.248 E331.59971
G1 X132.182 Y108.558 E331.65849
G1 X130.467 Y108.085 E331.71766
G1 X128.725 Y107.84 E331.77617
G1 X126.952 Y107.828 E331.83514
G1 X125.194 Y108.045 E331.89405
G1 X123.48 Y108.491 E331.95296
G1 X121.844 Y109.157 E332.01171
G1 X120.298 Y110.028 E332.07073
G1 X119.644 Y110.524 E332.09803
G1 X119.644 Y118.083 E332.34944
G1 X119.684 Y118.967 E332.37887
G1 X119.798 Y119.891 E332.40984
G1 X119.978 Y120.746 E332.4389
G1 X120.234 Y121.61 E332.46887
G1 X120.572 Y122.467 E332.49951
G1 X120.96 Y123.26 E332.52888
G1 X121.436 Y124.054 E332.55967
G1 X121.95 Y124.776 E332.58914
G1 X122.539 Y125.463 E332.61924
G1 X123.18 Y126.1 E332.6493
G1 X123.855 Y126.669 E332.67866
G1 X124.287 Y126.976 E332.69629
G1 X125.396 Y123.016 E332.83307
G1 X125.032 Y123.016 E332.84517
G1 X124.86 Y122.92 E332.85172
G1 X124.833 Y122.838 E332.8546
G1 X124.832 Y116.988 E333.04917
G1 X124.953 Y116.828 E333.05584
G1 X126.7 Y116.828 E333.11395
G1 X125.988 Y114.258 E333.20264
G1 X125.989 Y113.297 E333.23461
G1 X126.043 Y112.89 E333.24826
G1 X126.236 Y112.43 E333.26485
G1 X126.496 Y112.088 E333.27914
G1 X126.841 Y111.826 E333.29355
G1 X127.277 Y111.64 E333.30932
G1 X127.736 Y111.577 E333.32473
G1 X128.198 Y111.641 E333.34024
G1 X128.634 Y111.828 E333.35602
G1 X128.975 Y112.089 E333.3703
G1 X129.241 Y112.437 E333.38487
G1 X129.425 Y112.873 E333.40061
G1 X129.483 Y113.297 E333.41484
G1 X129.484 Y114.258 E333.44681
G1 X128.776 Y116.828 E333.53547
G1 X130.52 Y116.828 E333.59347
G1 X130.64 Y116.985 E333.60005
G1 X130.639 Y122.845 E333.79495
G1 X130.609 Y122.932 E333.79801
G1 X130.44 Y123.024 E333.80441
G1 X130.07 Y123.024 E333.81672
G1 X131.098 Y127.036 E333.95447
G1 F2700 E328.95447
G0 F9000 X131.259 Y126.599
G0 X130.372 Y123.26
G0 X130.881 Y123.265
G0 X130.881 Y116.592
G0 X129.083 Y116.596
G0 X129.735 Y114.306
G0 X129.735 Y113.299
G0 X129.67 Y112.81
G0 X129.471 Y112.329
G0 X129.153 Y111.913
G0 X128.737 Y111.595
G0 X128.256 Y111.396
G0 X127.738 Y111.326
G0 X127.22 Y111.396
G0 X126.739 Y111.595
G0 X126.323 Y111.913
G0 X126.005 Y112.327
G0 X125.804 Y112.81
G0 X125.741 Y113.3
G0 X125.741 Y114.306
G0 X126.393 Y116.596
G0 X124.594 Y116.592
G0 X124.594 Y123.254
G0 X125.091 Y123.251
G0 X123.959 Y126.001
G0 X123.698 Y125.882
G0 X123.853 Y125.699
;TYPE:SKIN
G1 F2700 E333.95447
G1 F1500 X123.103 Y124.951 E333.9897
G1 X122.554 Y124.312 E334.01772
G1 X122.08 Y123.646 E334.04491
G1 X121.62 Y122.884 E334.07451
G1 X121.26 Y122.143 E334.10191
G1 X120.95 Y121.358 E334.12998
G1 X120.715 Y120.559 E334.15768
G1 X120.55 Y119.763 E334.18472
G1 X120.44 Y118.891 E334.21396
G1 X120.404 Y118.071 E334.24125
G1 X120.404 Y110.9 E334.47976
G1 X120.71 Y110.668 E334.49254
G1 X122.176 Y109.841 E334.54852
G1 X123.72 Y109.211 E334.60398
G1 X125.334 Y108.793 E334.65944
G1 X127 Y108.588 E334.71526
G1 X128.673 Y108.6 E334.77091
G1 X130.307 Y108.829 E334.82579
G1 X131.93 Y109.278 E334.8818
G1 X133.466 Y109.928 E334.93727
G1 X134.895 Y110.766 E334.99237
G1 X135.064 Y110.898 E334.9995
G1 X135.064 Y118.047 E335.23728
G1 X135.024 Y118.891 E335.26538
G1 X134.914 Y119.779 E335.29514
G1 X134.753 Y120.547 E335.32124
G1 X134.518 Y121.351 E335.3491
G1 X134.196 Y122.166 E335.37825
G1 X133.844 Y122.884 E335.40484
G1 X133.384 Y123.646 E335.43445
G1 X132.93 Y124.284 E335.46049
G1 X132.349 Y124.963 E335.49021
G1 X131.78 Y125.528 E335.51688
G1 X131.547 Y125.728 E335.5271
G1 X130.981 Y123.51 E335.60323
G1 X131.281 Y123.319 E335.61506
G1 X131.395 Y122.927 E335.62864
G1 X131.398 Y117.005 E335.82561
G1 X131.362 Y116.769 E335.83355
G1 X131.238 Y116.483 E335.84391
G1 X130.904 Y116.185 E335.8588
G1 X130.483 Y116.074 E335.87328
G1 X129.775 Y116.068 E335.89683
G1 X130.24 Y114.357 E335.9558
G1 X130.235 Y113.197 E335.99439
G1 X130.161 Y112.661 E336.01238
G1 X129.925 Y112.094 E336.03281
G1 X129.515 Y111.541 E336.05571
G1 X128.974 Y111.139 E336.07812
G1 X128.402 Y110.901 E336.09873
G1 X127.737 Y110.809 E336.12106
G1 X127.093 Y110.896 E336.14267
G1 X126.482 Y111.141 E336.16457
G1 X125.954 Y111.543 E336.18664
G1 X125.572 Y112.047 E336.20767
G1 X125.311 Y112.66 E336.22983
G1 X125.233 Y113.196 E336.24785
G1 X125.23 Y114.381 E336.28726
G1 X125.7 Y116.068 E336.34551
G1 X125.036 Y116.068 E336.36759
G1 X124.564 Y116.18 E336.38373
G1 X124.234 Y116.485 E336.39867
G1 X124.105 Y116.772 E336.40914
G1 X124.073 Y117 E336.4168
G1 X124.077 Y122.916 E336.61356
G1 X124.183 Y123.289 E336.62646
G1 X124.473 Y123.485 E336.6381
G1 X123.853 Y125.699 E336.71457
G0 F9000 X123.848 Y124.979
G1 F1500 X122.008 Y123.14 E336.8011
G0 F9000 X121.613 Y123.376
G0 X120.981 Y122.14
G0 X121.407 Y121.973
G1 F1500 X123.971 Y124.537 E336.9217
G0 F9000 X124.095 Y124.095
G1 F1500 X121.074 Y121.074 E337.0638
G0 F9000 X120.866 Y120.301
G1 F1500 X124.219 Y123.653 E337.22149
G0 F9000 X123.878 Y122.747
G1 F1500 X120.731 Y119.599 E337.36954
G0 F9000 X120.649 Y118.952
G1 F1500 X123.878 Y122.181 E337.52142
G0 F9000 X123.878 Y121.615
G1 F1500 X120.616 Y118.353 E337.67486
G0 F9000 X120.604 Y117.776
G1 F1500 X123.877 Y121.049 E337.82881
G0 F9000 X123.877 Y120.483
G1 F1500 X120.604 Y117.21 E337.98276
G0 F9000 X120.604 Y116.644
G1 F1500 X123.877 Y119.917 E338.13671
G0 F9000 X123.877 Y119.351
G1 F1500 X120.604 Y116.079 E338.29064
G0 F9000 X120.604 Y115.513
G1 F1500 X123.877 Y118.785 E338.44457
G0 F9000 X123.876 Y118.219
G1 F1500 X120.604 Y114.947 E338.59847
G0 F9000 X120.604 Y114.382
G1 F1500 X123.876 Y117.653 E338.75235
G0 F9000 X123.876 Y117.088
G1 F1500 X120.604 Y113.816 E338.90626
G0 F9000 X120.604 Y113.25
G1 F1500 X123.957 Y116.603 E339.06397
G0 F9000 X124.181 Y116.261
G1 F1500 X120.604 Y112.685 E339.2322
G0 F9000 X120.604 Y112.119
G1 F1500 X124.48 Y115.995 E339.41452
G0 F9000 X124.932 Y115.881
G1 F1500 X120.604 Y111.553 E339.61809
G0 F9000 X120.611 Y110.995
G1 F1500 X125.419 Y115.802 E339.84422
G0 F9000 X125.2 Y115.018
G1 F1500 X120.947 Y110.765 E340.04427
G0 F9000 X121.309 Y110.561
G1 F1500 X125.03 Y114.282 E340.2193
G0 F9000 X125.033 Y113.719
G1 F1500 X121.67 Y110.357 E340.37746
G0 F9000 X122.032 Y110.152
G1 F1500 X125.038 Y113.158 E340.51885
G0 F9000 X125.106 Y112.66
G1 F1500 X122.408 Y109.963 E340.64573
G0 F9000 X122.81 Y109.799
G1 F1500 X125.264 Y112.253 E340.76116
G0 F9000 X125.452 Y111.876
G1 F1500 X123.211 Y109.635 E340.86657
G0 F9000 X123.613 Y109.471
G1 F1500 X125.696 Y111.554 E340.96455
G0 F9000 X125.98 Y111.272
G1 F1500 X124.042 Y109.334 E341.05571
G0 F9000 X124.491 Y109.218
G1 F1500 X126.301 Y111.027 E341.14082
G0 F9000 X126.683 Y110.844
G1 F1500 X124.941 Y109.102 E341.22276
G0 F9000 X125.393 Y108.988
G1 F1500 X127.101 Y110.696 E341.3031
G0 F9000 X127.6 Y110.63
G1 F1500 X125.896 Y108.926 E341.38325
G0 F9000 X126.4 Y108.864
G1 F1500 X128.212 Y110.676 E341.46848
G0 F9000 X129.059 Y110.957
G1 F1500 X126.904 Y108.802 E341.56984
G0 F9000 X127.46 Y108.792
G1 F1500 X134.864 Y116.197 E341.91813
G0 F9000 X134.864 Y116.762
G1 F1500 X130.103 Y112.001 E342.14207
G0 F9000 X130.388 Y112.851
G1 F1500 X134.864 Y117.328 E342.35263
G0 F9000 X134.864 Y117.894
G1 F1500 X130.434 Y113.464 E342.56101
G0 F9000 X130.438 Y114.033
G1 F1500 X134.845 Y118.44 E342.7683
G0 F9000 X134.812 Y118.973
G1 F1500 X130.396 Y114.557 E342.97601
G0 F9000 X130.275 Y115.001
G1 F1500 X134.75 Y119.476 E343.1865
G0 F9000 X134.671 Y119.963
G1 F1500 X131.578 Y116.87 E343.33199
G0 F9000 X131.6 Y117.458
G1 F1500 X134.574 Y120.432 E343.47188
G0 F9000 X134.45 Y120.874
G1 F1500 X131.599 Y118.022 E343.606
G0 F9000 X131.598 Y118.587
G1 F1500 X134.32 Y121.309 E343.73404
G0 F9000 X134.159 Y121.714
G1 F1500 X131.598 Y119.152 E343.85452
G0 F9000 X131.597 Y119.717
G1 F1500 X133.997 Y122.117 E343.96741
G0 F9000 X133.811 Y122.497
G1 F1500 X131.597 Y120.283 E344.07155
G0 F9000 X131.596 Y120.848
G1 F1500 X133.618 Y122.87 E344.16666
G0 F9000 X133.406 Y123.223
G1 F1500 X131.595 Y121.413 E344.25182
G0 F9000 X131.595 Y121.978
G1 F1500 X133.191 Y123.574 E344.32689
G0 F9000 X132.955 Y123.904
G1 F1500 X131.594 Y122.543 E344.39091
G0 F9000 X131.558 Y123.073
G1 F1500 X132.714 Y124.229 E344.44528
G0 F9000 X132.454 Y124.534
G1 F1500 X131.392 Y123.473 E344.49521
G0 F9000 X131.298 Y123.944
G1 F1500 X132.191 Y124.837 E344.53722
G0 F9000 X131.907 Y125.119
G1 F1500 X131.491 Y124.703 E344.55678
G0 F9000 X131.046 Y124.816
G0 X130.758 Y123.416
G0 X130.881 Y116.592
G0 X130.491 Y116.344
G0 X130.608 Y115.9
G1 F1500 X130.153 Y115.445 E344.57818
G0 F9000 X129.713 Y115.323
G0 X129.534 Y116.252
G0 X131.073 Y116.605
G0 X131.105 Y123.219
G0 X130.758 Y123.416
G0 X131.444 Y126.055
G0 X132.509 Y125.091
G0 X133.563 Y123.745
G0 X134.383 Y122.244
G0 X134.945 Y120.608
G0 X135.197 Y119.089
G0 X135.324 Y115.631
G0 X134.864 Y115.631
G1 F1500 X128.029 Y108.795 E344.89971
G0 F9000 X128.599 Y108.8
G1 F1500 X134.864 Y115.065 E345.19439
G0 F9000 X134.864 Y114.5
G1 F1500 X129.247 Y108.882 E345.45862
G0 F9000 X129.905 Y108.974
G1 F1500 X134.864 Y113.934 E345.6919
G0 F9000 X134.864 Y113.368
G1 F1500 X130.618 Y109.122 E345.89162
G0 F9000 X131.401 Y109.339
G1 F1500 X134.864 Y112.803 E346.05453
G0 F9000 X134.864 Y112.237
G1 F1500 X132.264 Y109.636 E346.17685
G0 F9000 X132.444 Y109.213
G0 X133.424 Y109.628
G0 X133.244 Y110.051
G1 F1500 X134.864 Y111.671 E346.25305
G0 F9000 X134.864 Y111.106
G1 F1500 X134.56 Y110.802 E346.26735
G1 F2700 E341.26735
;MESH:NONMESH
G0 F300 X134.56 Y110.802 Z1.6
G0 F9000 X134.793 Y110.407
G0 X135.259 Y110.802
G0 X135.225 Y118.92
G0 X134.945 Y120.608
G0 X134.383 Y122.244
G0 X133.563 Y123.745
G0 X132.509 Y125.091
G0 X131.444 Y126.055
G0 X130.758 Y123.416
G0 X131.197 Y122.902
G0 X131.073 Y116.605
G0 X129.534 Y116.252
G0 X129.728 Y113.979
G0 X129.735 Y113.299
G0 X129.67 Y112.81
G0 X129.471 Y112.329
G0 X129.153 Y111.913
G0 X128.737 Y111.595
G0 X128.256 Y111.396
G0 X127.738 Y111.326
G0 X127.22 Y111.396
G0 X126.739 Y111.595
G0 X126.323 Y111.913
G0 X126.005 Y112.327
G0 X125.804 Y112.81
G0 X125.741 Y113.3
G0 X125.741 Y114.306
G0 X126.017 Y116.597
G0 X124.594 Y116.592
G0 X124.364 Y123.198
G0 X124.699 Y123.393
G0 X123.959 Y126.001
G0 X122.95 Y125.082
G0 X121.905 Y123.746
G0 X120.203 Y120.698
G0 X119.155 Y121.012
G0 X113.756 Y125.272
G0 X110.869 Y126.373
;TIME_ELAPSED:636.761719
;LAYER:7
;TYPE:WALL-INNER
;MESH:FT08-Gear Clips.stl
G1 F2700 E346.26735
G1 F1500 X111.546 Y125.805 E346.29674
G1 X112.164 Y125.191 E346.32572
G1 X112.73 Y124.529 E346.35469
G1 X113.225 Y123.835 E346.38304
G1 X113.684 Y123.068 E346.41277
G1 X114.062 Y122.305 E346.44109
G1 X114.384 Y121.48 E346.47055
G1 X114.633 Y120.648 E346.49943
G1 X114.803 Y119.825 E346.52738
G1 X114.917 Y118.934 E346.55726
G1 X114.952 Y118.064 E346.58622
G1 X114.952 Y110.722 E346.83041
G1 X114.634 Y110.474 E346.84383
G1 X113.157 Y109.606 E346.90081
G1 X111.578 Y108.936 E346.95786
G1 X109.917 Y108.478 E347.01516
G1 X108.224 Y108.24 E347.07203
G1 X106.507 Y108.228 E347.12914
G1 X104.797 Y108.439 E347.18644
G1 X103.134 Y108.871 E347.24359
G1 X101.546 Y109.518 E347.30062
G1 X100.051 Y110.363 E347.35774
G1 X99.576 Y110.723 E347.37756
G1 X99.576 Y118.075 E347.62209
G1 X99.611 Y118.935 E347.65072
G1 X99.721 Y119.825 E347.68055
G1 X99.894 Y120.647 E347.70848
G1 X100.144 Y121.479 E347.73738
G1 X100.47 Y122.31 E347.76707
G1 X100.84 Y123.069 E347.79515
G1 X101.298 Y123.834 E347.82481
G1 X101.79 Y124.517 E347.85281
G1 X102.369 Y125.2 E347.88259
G1 X102.978 Y125.804 E347.91111
G1 X103.584 Y126.316 E347.9375
G1 X104.418 Y123.337 E348.04039
G1 X104.046 Y123.127 E348.0546
G1 X103.963 Y122.88 E348.06327
G1 X103.96 Y117.028 E348.25791
G1 X104.061 Y116.693 E348.26954
G1 X104.266 Y116.505 E348.27879
G1 X104.56 Y116.428 E348.2889
G1 X105.702 Y116.428 E348.32689
G1 X105.117 Y114.33 E348.39933
G1 X105.121 Y113.245 E348.43542
G1 X105.185 Y112.762 E348.45162
G1 X105.408 Y112.243 E348.47041
G1 X105.738 Y111.804 E348.48867
G1 X106.192 Y111.462 E348.50758
G1 X106.689 Y111.257 E348.52546
G1 X107.261 Y111.173 E348.54469
G1 X107.822 Y111.249 E348.56352
G1 X108.342 Y111.458 E348.58216
G1 X108.791 Y111.805 E348.60103
G1 X109.131 Y112.254 E348.61977
G1 X109.344 Y112.767 E348.63824
G1 X109.408 Y113.245 E348.65428
G1 X109.411 Y114.332 E348.69043
G1 X108.83 Y116.428 E348.76278
G1 X109.972 Y116.428 E348.80076
G1 X110.266 Y116.504 E348.81086
G1 X110.471 Y116.693 E348.82013
G1 X110.572 Y116.903 E348.82788
G1 X110.569 Y122.888 E349.02695
G1 X110.477 Y123.15 E349.03618
G1 X110.096 Y123.357 E349.0506
G1 X110.869 Y126.373 E349.15416
G0 F9000 X110.626 Y127.036
;TYPE:WALL-OUTER
G1 F1500 X111.141 Y126.669 E349.17519
G1 X111.816 Y126.1 E349.20455
G1 X112.457 Y125.463 E349.23461
G1 X113.046 Y124.776 E349.26471
G1 X113.56 Y124.054 E349.29419
G1 X114.036 Y123.26 E349.32498
G1 X114.428 Y122.467 E349.3544
G1 X114.762 Y121.61 E349.38499
G1 X115.021 Y120.746 E349.41499
G1 X115.198 Y119.891 E349.44403
G1 X115.316 Y118.967 E349.47501
G1 X115.352 Y118.072 E349.50481
G1 X115.352 Y110.526 E349.75579
G1 X114.859 Y110.142 E349.77657
G1 X113.337 Y109.248 E349.83528
G1 X111.71 Y108.558 E349.89406
G1 X109.999 Y108.085 E349.9531
G1 X108.253 Y107.84 E350.01174
G1 X106.484 Y107.828 E350.07058
G1 X104.722 Y108.045 E350.12963
G1 X103.008 Y108.491 E350.18853
G1 X101.372 Y109.157 E350.24728
G1 X99.831 Y110.028 E350.30616
G1 X99.176 Y110.524 E350.33349
G1 X99.176 Y118.083 E350.5849
G1 X99.212 Y118.967 E350.61433
G1 X99.326 Y119.891 E350.64529
G1 X99.506 Y120.746 E350.67435
G1 X99.766 Y121.61 E350.70436
G1 X100.104 Y122.471 E350.73513
G1 X100.488 Y123.26 E350.76431
G1 X100.964 Y124.054 E350.7951
G1 X101.474 Y124.764 E350.82418
G1 X102.075 Y125.472 E350.85507
G1 X102.708 Y126.1 E350.88472
G1 X103.383 Y126.669 E350.91409
G1 X103.815 Y126.976 E350.93171
G1 X104.924 Y123.016 E351.06849
G1 X104.56 Y123.016 E351.0806
G1 X104.388 Y122.92 E351.08715
G1 X104.361 Y122.838 E351.09002
G1 X104.36 Y116.988 E351.28459
G1 X104.481 Y116.828 E351.29126
G1 X106.228 Y116.828 E351.34937
G1 X105.516 Y114.258 E351.43807
G1 X105.517 Y113.297 E351.47003
G1 X105.571 Y112.89 E351.48369
G1 X105.767 Y112.431 E351.50029
G1 X106.025 Y112.088 E351.51456
G1 X106.414 Y111.803 E351.5306
G1 X106.805 Y111.64 E351.54469
G1 X107.264 Y111.578 E351.56009
G1 X107.707 Y111.636 E351.57495
G1 X108.143 Y111.809 E351.59056
G1 X108.52 Y112.11 E351.6066
G1 X108.769 Y112.437 E351.62027
G1 X108.953 Y112.873 E351.63601
G1 X109.011 Y113.297 E351.65024
G1 X109.012 Y114.258 E351.68221
G1 X108.304 Y116.828 E351.77087
G1 X110.051 Y116.828 E351.82898
G1 X110.172 Y116.985 E351.83557
G1 X110.171 Y122.846 E352.03051
G1 X110.141 Y122.933 E352.03357
G1 X109.972 Y123.024 E352.03995
G1 X109.598 Y123.024 E352.05239
G1 X110.626 Y127.036 E352.19014
G0 F9000 X110.788 Y126.599
G0 X110.824 Y125.791
G0 X111.075 Y125.728
;TYPE:SKIN
G1 F1500 X110.508 Y123.513 E352.26619
G1 X110.797 Y123.355 E352.27714
G1 X110.928 Y122.924 E352.29213
G1 X110.932 Y117.037 E352.48793
G1 X110.894 Y116.766 E352.49703
G1 X110.77 Y116.483 E352.50731
G1 X110.434 Y116.181 E352.52233
G1 X110.014 Y116.074 E352.53675
G1 X109.303 Y116.068 E352.5604
G1 X109.768 Y114.357 E352.61937
G1 X109.763 Y113.197 E352.65795
G1 X109.689 Y112.661 E352.67595
G1 X109.429 Y112.048 E352.69809
G1 X109.027 Y111.533 E352.71982
G1 X108.519 Y111.139 E352.74121
G1 X107.93 Y110.901 E352.76233
G1 X107.261 Y110.809 E352.7848
G1 X106.617 Y110.896 E352.80641
G1 X106.007 Y111.144 E352.82831
G1 X105.482 Y111.543 E352.85024
G1 X105.104 Y112.043 E352.87109
G1 X104.839 Y112.66 E352.89342
G1 X104.761 Y113.192 E352.91131
G1 X104.758 Y114.381 E352.95085
G1 X105.228 Y116.068 E353.0091
G1 X104.564 Y116.068 E353.03119
G1 X104.092 Y116.18 E353.04732
G1 X103.762 Y116.485 E353.06227
G1 X103.633 Y116.772 E353.07273
G1 X103.601 Y117 E353.08039
G1 X103.605 Y122.918 E353.27722
G1 X103.723 Y123.3 E353.29052
G1 X104.001 Y123.485 E353.30163
G1 X103.381 Y125.699 E353.3781
G1 X102.644 Y124.964 E353.41272
G1 X102.066 Y124.284 E353.4424
G1 X101.6 Y123.638 E353.46889
G1 X101.128 Y122.84 E353.49973
G1 X100.804 Y122.175 E353.52433
G1 X100.478 Y121.346 E353.55396
G1 X100.243 Y120.559 E353.58128
G1 X100.078 Y119.763 E353.60832
G1 X99.968 Y118.895 E353.63742
G1 X99.936 Y118.072 E353.66481
G1 X99.936 Y110.903 E353.90325
G1 X100.251 Y110.66 E353.91649
G1 X101.704 Y109.841 E353.97196
G1 X103.244 Y109.215 E354.02725
G1 X104.866 Y108.793 E354.083
G1 X106.528 Y108.588 E354.13869
G1 X108.201 Y108.6 E354.19434
G1 X109.839 Y108.829 E354.24935
G1 X111.458 Y109.278 E354.30523
G1 X112.994 Y109.928 E354.3607
G1 X114.423 Y110.766 E354.4158
G1 X114.592 Y110.898 E354.42293
G1 X114.592 Y118.047 E354.66071
G1 X114.556 Y118.891 E354.68881
G1 X114.446 Y119.751 E354.71764
G1 X114.277 Y120.571 E354.74549
G1 X114.046 Y121.346 E354.77239
G1 X113.728 Y122.159 E354.80142
G1 X113.364 Y122.9 E354.82888
G1 X112.928 Y123.626 E354.85705
G1 X112.438 Y124.316 E354.8852
G1 X111.909 Y124.935 E354.91228
G1 X111.309 Y125.528 E354.94034
G1 X111.075 Y125.728 E354.95058
G0 F9000 X111.169 Y125.287
G1 F1500 X112.321 Y124.135 E355.00476
G0 F9000 X112.697 Y124.402
G0 X111.438 Y125.686
G0 X110.972 Y126.055
G0 X110.493 Y124.5
G0 X110.938 Y124.387
G1 F1500 X113.737 Y121.588 E355.13642
G0 F9000 X114.017 Y120.742
G1 F1500 X110.823 Y123.937 E355.28668
G0 F9000 X111.082 Y123.112
G1 F1500 X114.19 Y120.004 E355.43287
G0 F9000 X114.298 Y119.33
G1 F1500 X111.127 Y122.501 E355.58202
G0 F9000 X111.128 Y121.934
G1 F1500 X114.363 Y118.699 E355.73419
G0 F9000 X114.389 Y118.108
G1 F1500 X111.129 Y121.368 E355.88753
G0 F9000 X111.129 Y120.802
G1 F1500 X114.391 Y117.54 E356.04096
G0 F9000 X114.391 Y116.974
G1 F1500 X111.13 Y120.236 E356.19437
G0 F9000 X111.13 Y119.669
G1 F1500 X114.391 Y116.408 E356.34776
G0 F9000 X114.391 Y115.842
G1 F1500 X111.131 Y119.103 E356.50112
G0 F9000 X111.131 Y118.537
G1 F1500 X114.391 Y115.277 E356.65446
G0 F9000 X114.391 Y114.711
G1 F1500 X111.132 Y117.971 E356.80778
G0 F9000 X111.132 Y117.404
G1 F1500 X114.391 Y114.145 E356.96107
G0 F9000 X114.391 Y113.58
G1 F1500 X111.109 Y116.862 E357.11545
G0 F9000 X110.968 Y116.438
G1 F1500 X114.391 Y113.014 E357.27648
G0 F9000 X114.391 Y112.448
G1 F1500 X110.692 Y116.148 E357.45049
G0 F9000 X110.326 Y115.948
G1 F1500 X114.391 Y111.883 E357.6417
G0 F9000 X114.391 Y111.317
G1 F1500 X109.877 Y115.832 E357.85405
G0 F9000 X109.675 Y115.468
G1 F1500 X114.248 Y110.895 E358.06915
G0 F9000 X113.892 Y110.686
G1 F1500 X109.889 Y114.688 E358.25741
G0 F9000 X109.966 Y114.045
G1 F1500 X113.535 Y110.476 E358.42529
G0 F9000 X113.179 Y110.267
G1 F1500 X109.963 Y113.483 E358.57656
G0 F9000 X109.932 Y112.948
G1 F1500 X112.813 Y110.068 E358.71205
G0 F9000 X112.415 Y109.899
G1 F1500 X109.833 Y112.482 E358.83352
G0 F9000 X109.667 Y112.082
G1 F1500 X112.017 Y109.732 E358.94406
G0 F9000 X111.62 Y109.563
G1 F1500 X109.445 Y111.738 E359.04636
G0 F9000 X109.199 Y111.418
G1 F1500 X111.203 Y109.414 E359.14063
G0 F9000 X110.76 Y109.291
G1 F1500 X108.883 Y111.168 E359.22891
G0 F9000 X108.549 Y110.937
G1 F1500 X110.318 Y109.168 E359.31212
G0 F9000 X109.875 Y109.045
G1 F1500 X108.147 Y110.773 E359.3934
G0 F9000 X107.685 Y110.669
G1 F1500 X109.388 Y108.967 E359.47348
G0 F9000 X108.891 Y108.898
G1 F1500 X107.163 Y110.625 E359.55474
G0 F9000 X106.49 Y110.734
G1 F1500 X108.395 Y108.829 E359.64434
G0 F9000 X107.861 Y108.797
G1 F1500 X100.136 Y116.521 E360.00768
G0 F9000 X100.136 Y115.956
G1 F1500 X107.299 Y108.793 E360.34461
G0 F9000 X106.737 Y108.789
G1 F1500 X100.136 Y115.39 E360.6551
G0 F9000 X100.136 Y114.824
G1 F1500 X106.12 Y108.84 E360.93657
G0 F9000 X105.476 Y108.919
G1 F1500 X100.136 Y114.259 E361.18774
G0 F9000 X100.136 Y113.693
G1 F1500 X104.817 Y109.012 E361.40792
G0 F9000 X104.053 Y109.211
G1 F1500 X100.136 Y113.127 E361.59214
G0 F9000 X100.136 Y112.562
G1 F1500 X103.284 Y109.414 E361.74022
G0 F9000 X103.112 Y108.989
G0 X102.158 Y109.377
G0 X102.33 Y109.802
G1 F1500 X100.136 Y111.996 E361.84341
G0 F9000 X100.136 Y111.43
G1 F1500 X101.228 Y110.338 E361.89478
G1 F2700 E356.89478
G0 F9000 X101.003 Y109.939
G0 X99.741 Y110.805
G0 X99.772 Y118.921
G0 X100.05 Y120.607
G0 X100.618 Y122.245
G0 X101.433 Y123.745
G0 X102.487 Y125.091
G0 X103.487 Y126.001
G0 X104.227 Y123.393
G0 X103.803 Y122.896
G0 X103.927 Y116.605
G0 X105.47 Y116.252
G0 X105.09 Y112.738
G0 X104.665 Y112.559
G1 F2700 E361.89478
G1 F1500 X100.136 Y117.087 E362.10779
G0 F9000 X100.136 Y117.653
G1 F1500 X104.562 Y113.227 E362.31597
G0 F9000 X104.559 Y113.795
G1 F1500 X100.142 Y118.213 E362.52376
G0 F9000 X100.162 Y118.758
G1 F1500 X104.556 Y114.364 E362.73044
G0 F9000 X104.671 Y114.815
G1 F1500 X100.217 Y119.269 E362.93994
G0 F9000 X100.283 Y119.768
G1 F1500 X103.532 Y116.519 E363.09276
G0 F9000 X103.403 Y117.214
G1 F1500 X100.38 Y120.237 E363.23496
G0 F9000 X100.491 Y120.692
G1 F1500 X103.403 Y117.78 E363.37193
G0 F9000 X103.403 Y118.346
G1 F1500 X100.621 Y121.127 E363.50276
G0 F9000 X100.771 Y121.543
G1 F1500 X103.404 Y118.911 E363.62658
G0 F9000 X103.404 Y119.476
G1 F1500 X100.93 Y121.95 E363.74295
G0 F9000 X101.107 Y122.339
G1 F1500 X103.404 Y120.041 E363.85102
G0 F9000 X103.404 Y120.607
G1 F1500 X101.293 Y122.718 E363.95032
G0 F9000 X101.5 Y123.078
G1 F1500 X103.404 Y121.173 E364.0399
G0 F9000 X103.405 Y121.738
G1 F1500 X101.711 Y123.432 E364.11958
G0 F9000 X101.941 Y123.768
G1 F1500 X103.405 Y122.303 E364.18846
G0 F9000 X103.405 Y122.869
G1 F1500 X102.177 Y124.097 E364.24623
G0 F9000 X102.433 Y124.407
G1 F1500 X103.513 Y123.326 E364.29705
G0 F9000 X103.743 Y123.662
G1 F1500 X102.693 Y124.712 E364.34644
G0 F9000 X102.993 Y124.978
G1 F1500 X103.523 Y124.448 E364.37137
G1 F2700 E359.37137
G0 F9000 X103.968 Y124.572
G0 X104.619 Y123.251
G0 X104.123 Y123.254
G0 X104.123 Y116.592
G0 X105.922 Y116.596
G0 X105.269 Y114.306
G0 X105.269 Y113.299
G0 X105.334 Y112.81
G0 X105.534 Y112.327
G0 X105.852 Y111.913
G0 X106.268 Y111.595
G0 X106.749 Y111.396
G0 X107.267 Y111.326
G0 X107.784 Y111.396
G0 X108.267 Y111.595
G0 X108.682 Y111.913
G0 X108.999 Y112.328
G0 X109.199 Y112.81
G0 X109.264 Y113.299
G0 X109.264 Y114.306
G0 X108.612 Y116.596
G0 X110.41 Y116.592
G0 X110.41 Y123.265
G0 X110.608 Y124.951
G0 X111.053 Y124.838
G1 F2700 E364.37137
G1 F1500 X113.286 Y122.605 E364.4764
G0 F9000 X113.7 Y122.81
G0 X112.604 Y124.43
G0 X111.438 Y125.686
G0 X110.972 Y126.055
G0 X110.286 Y123.419
G0 X110.729 Y122.904
G0 X110.41 Y116.592
G0 X108.612 Y116.596
G0 X109.264 Y114.306
G0 X109.264 Y113.299
G0 X109.199 Y112.81
G0 X108.999 Y112.328
G0 X108.682 Y111.913
G0 X108.267 Y111.595
G0 X107.784 Y111.396
G0 X107.267 Y111.326
G0 X106.749 Y111.396
G0 X106.268 Y111.595
G0 X105.852 Y111.913
G0 X105.534 Y112.327
G0 X105.334 Y112.81
G0 X105.269 Y113.299
G0 X105.269 Y113.584
G0 X105.361 Y115.578
G0 X104.918 Y115.7
G1 F1500 X104.749 Y115.869 E364.48435
G0 F9000 X104.794 Y115.258
G1 F1500 X104.071 Y115.98 E364.51833
G1 F2700 E359.51833
G0 F9000 X104.215 Y116.417
G0 X105.922 Y116.596
G0 X105.269 Y114.306
G0 X105.269 Y113.299
G0 X105.334 Y112.81
G0 X105.534 Y112.327
G0 X105.852 Y111.913
G0 X106.268 Y111.595
G0 X106.749 Y111.396
G0 X107.267 Y111.326
G0 X107.784 Y111.396
G0 X108.267 Y111.595
G0 X108.682 Y111.913
G0 X108.999 Y112.328
G0 X109.199 Y112.81
G0 X109.264 Y113.299
G0 X109.264 Y114.306
G0 X108.612 Y116.596
G0 X110.41 Y116.592
G0 X110.636 Y123.221
G0 X110.286 Y123.419
G0 X110.972 Y126.055
G0 X111.438 Y125.686
G0 X112.382 Y124.669
G0 X114.219 Y122.374
G0 X115.238 Y122.772
G0 X121.876 Y126.018
G0 X124.056 Y126.316
;TYPE:WALL-INNER
G1 F2700 E364.51833
G1 F1500 X124.89 Y123.337 E364.62123
G1 X124.518 Y123.127 E364.63543
G1 X124.435 Y122.881 E364.64407
G1 X124.432 Y117.028 E364.83874
G1 X124.533 Y116.693 E364.85038
G1 X124.738 Y116.505 E364.85963
G1 X125.032 Y116.428 E364.86974
G1 X126.174 Y116.428 E364.90772
G1 X125.589 Y114.33 E364.98016
G1 X125.593 Y113.245 E365.01625
G1 X125.655 Y112.776 E365.03199
G1 X125.87 Y112.251 E365.05085
G1 X126.211 Y111.803 E365.06958
G1 X126.659 Y111.462 E365.08831
G1 X127.189 Y111.246 E365.10734
G1 X127.737 Y111.174 E365.12572
G1 X128.294 Y111.249 E365.14442
G1 X128.813 Y111.462 E365.16308
G1 X129.261 Y111.804 E365.18182
G1 X129.603 Y112.254 E365.20062
G1 X129.816 Y112.767 E365.2191
G1 X129.88 Y113.245 E365.23514
G1 X129.883 Y114.332 E365.27129
G1 X129.302 Y116.428 E365.34363
G1 X130.44 Y116.428 E365.38148
G1 X130.735 Y116.505 E365.39162
G1 X130.939 Y116.693 E365.40085
G1 X131.04 Y116.903 E365.4086
G1 X131.037 Y122.886 E365.6076
G1 X130.945 Y123.148 E365.61683
G1 X130.568 Y123.355 E365.63114
G1 X131.341 Y126.373 E365.73476
G1 X132.018 Y125.805 E365.76415
G1 X132.627 Y125.2 E365.7927
G1 X133.206 Y124.518 E365.82246
G1 X133.697 Y123.834 E365.85046
G1 X134.156 Y123.068 E365.88016
G1 X134.53 Y122.309 E365.9083
G1 X134.855 Y121.481 E365.93789
G1 X135.101 Y120.648 E365.96678
G1 X135.275 Y119.825 E365.99476
G1 X135.385 Y118.934 E366.02462
G1 X135.424 Y118.062 E366.05365
G1 X135.424 Y110.722 E366.29778
G1 X135.106 Y110.474 E366.31119
G1 X133.629 Y109.606 E366.36817
G1 X132.05 Y108.937 E366.42521
G1 X130.386 Y108.477 E366.48263
G1 X128.696 Y108.24 E366.53939
G1 X126.975 Y108.228 E366.59663
G1 X125.269 Y108.439 E366.6538
G1 X123.606 Y108.871 E366.71095
G1 X122.018 Y109.518 E366.76798
G1 X120.518 Y110.363 E366.82525
G1 X120.044 Y110.723 E366.84504
G1 X120.044 Y118.074 E367.08954
G1 X120.083 Y118.933 E367.11814
G1 X120.193 Y119.825 E367.14803
G1 X120.366 Y120.648 E367.176
G1 X120.612 Y121.48 E367.20486
G1 X120.938 Y122.305 E367.23436
G1 X121.312 Y123.069 E367.26265
G1 X121.771 Y123.835 E367.29236
G1 X122.266 Y124.53 E367.32074
G1 X122.832 Y125.191 E367.34968
G1 X123.45 Y125.804 E367.37863
G1 X124.056 Y126.316 E367.40502
G1 F2700 E362.40502
G0 F9000 X125.091 Y123.251
G0 X124.594 Y123.254
G0 X124.594 Y116.592
G0 X126.393 Y116.596
G0 X125.741 Y114.306
G0 X125.741 Y113.3
G0 X125.804 Y112.81
G0 X126.005 Y112.327
G0 X126.323 Y111.913
G0 X126.739 Y111.595
G0 X127.22 Y111.396
G0 X127.738 Y111.326
G0 X128.256 Y111.396
G0 X128.737 Y111.595
G0 X129.153 Y111.913
G0 X129.471 Y112.329
G0 X129.67 Y112.81
G0 X129.735 Y113.299
G0 X129.735 Y114.306
G0 X129.083 Y116.596
G0 X130.881 Y116.592
G0 X130.881 Y123.265
G0 X131.259 Y126.599
G0 X131.098 Y127.036
;TYPE:WALL-OUTER
G1 F2700 E367.40502
G1 F1500 X131.613 Y126.669 E367.42605
G1 X132.288 Y126.1 E367.45541
G1 X132.921 Y125.472 E367.48507
G1 X133.522 Y124.764 E367.51596
G1 X134.032 Y124.054 E367.54503
G1 X134.508 Y123.26 E367.57582
G1 X134.896 Y122.471 E367.60507
G1 X135.234 Y121.611 E367.6358
G1 X135.489 Y120.746 E367.6658
G1 X135.67 Y119.891 E367.69486
G1 X135.784 Y118.967 E367.72583
G1 X135.824 Y118.071 E367.75566
G1 X135.824 Y110.526 E368.00661
G1 X135.331 Y110.142 E368.02739
G1 X133.809 Y109.248 E368.0861
G1 X132.182 Y108.558 E368.14488
G1 X130.467 Y108.085 E368.20405
G1 X128.725 Y107.84 E368.26256
G1 X126.952 Y107.828 E368.32153
G1 X125.194 Y108.045 E368.38045
G1 X123.48 Y108.491 E368.43935
G1 X121.844 Y109.157 E368.4981
G1 X120.298 Y110.028 E368.55712
G1 X119.644 Y110.524 E368.58442
G1 X119.644 Y118.083 E368.83584
G1 X119.684 Y118.967 E368.86527
G1 X119.798 Y119.891 E368.89623
G1 X119.978 Y120.746 E368.92529
G1 X120.234 Y121.61 E368.95527
G1 X120.572 Y122.467 E368.98591
G1 X120.96 Y123.26 E369.01527
G1 X121.436 Y124.054 E369.04606
G1 X121.95 Y124.776 E369.07554
G1 X122.539 Y125.463 E369.10564
G1 X123.18 Y126.1 E369.13569
G1 X123.855 Y126.669 E369.16506
G1 X124.287 Y126.976 E369.18268
G1 X125.396 Y123.016 E369.31946
G1 X125.032 Y123.016 E369.33157
G1 X124.86 Y122.92 E369.33812
G1 X124.833 Y122.838 E369.34099
G1 X124.832 Y116.988 E369.53556
G1 X124.953 Y116.828 E369.54223
G1 X126.7 Y116.828 E369.60034
G1 X125.988 Y114.258 E369.68904
G1 X125.989 Y113.297 E369.721
G1 X126.043 Y112.89 E369.73466
G1 X126.236 Y112.43 E369.75125
G1 X126.496 Y112.088 E369.76554
G1 X126.841 Y111.826 E369.77994
G1 X127.277 Y111.64 E369.79571
G1 X127.736 Y111.577 E369.81112
G1 X128.198 Y111.641 E369.82663
G1 X128.634 Y111.828 E369.84241
G1 X128.975 Y112.089 E369.85669
G1 X129.241 Y112.437 E369.87126
G1 X129.425 Y112.873 E369.887
G1 X129.483 Y113.297 E369.90124
G1 X129.484 Y114.258 E369.9332
G1 X128.776 Y116.828 E370.02186
G1 X130.52 Y116.828 E370.07987
G1 X130.64 Y116.985 E370.08644
G1 X130.639 Y122.845 E370.28134
G1 X130.609 Y122.932 E370.28441
G1 X130.44 Y123.024 E370.29081
G1 X130.07 Y123.024 E370.30311
G1 X131.098 Y127.036 E370.44086
G1 F2700 E365.44086
G0 F9000 X131.259 Y126.599
G0 X130.372 Y123.26
G0 X130.881 Y123.265
G0 X130.881 Y116.592
G0 X129.083 Y116.596
G0 X129.735 Y114.306
G0 X129.735 Y113.299
G0 X129.67 Y112.81
G0 X129.471 Y112.329
G0 X129.153 Y111.913
G0 X128.737 Y111.595
G0 X128.256 Y111.396
G0 X127.738 Y111.326
G0 X127.22 Y111.396
G0 X126.739 Y111.595
G0 X126.323 Y111.913
G0 X126.005 Y112.327
G0 X125.804 Y112.81
G0 X125.741 Y113.3
G0 X125.741 Y114.306
G0 X126.393 Y116.596
G0 X124.594 Y116.592
G0 X124.594 Y123.254
G0 X125.091 Y123.251
G0 X123.959 Y126.001
G0 X123.698 Y125.882
G0 X123.853 Y125.699
;TYPE:SKIN
G1 F2700 E370.44086
G1 F1500 X123.103 Y124.951 E370.47609
G1 X122.554 Y124.312 E370.50411
G1 X122.08 Y123.646 E370.5313
G1 X121.62 Y122.884 E370.56091
G1 X121.26 Y122.143 E370.58831
G1 X120.95 Y121.358 E370.61638
G1 X120.715 Y120.559 E370.64408
G1 X120.55 Y119.763 E370.67112
G1 X120.44 Y118.891 E370.70035
G1 X120.404 Y118.071 E370.72765
G1 X120.404 Y110.9 E370.96616
G1 X120.71 Y110.668 E370.97893
G1 X122.176 Y109.841 E371.03491
G1 X123.72 Y109.211 E371.09038
G1 X125.334 Y108.793 E371.14583
G1 X127 Y108.588 E371.20166
G1 X128.673 Y108.6 E371.2573
G1 X130.307 Y108.829 E371.31218
G1 X131.93 Y109.278 E371.36819
G1 X133.466 Y109.928 E371.42366
G1 X134.895 Y110.766 E371.47876
G1 X135.064 Y110.898 E371.48589
G1 X135.064 Y118.047 E371.72367
G1 X135.024 Y118.891 E371.75177
G1 X134.914 Y119.779 E371.78154
G1 X134.753 Y120.547 E371.80763
G1 X134.518 Y121.351 E371.83549
G1 X134.196 Y122.166 E371.86464
G1 X133.844 Y122.884 E371.89124
G1 X133.384 Y123.646 E371.92084
G1 X132.93 Y124.284 E371.94688
G1 X132.349 Y124.963 E371.97661
G1 X131.78 Y125.528 E372.00328
G1 X131.547 Y125.728 E372.01349
G1 X130.981 Y123.51 E372.08963
G1 X131.281 Y123.319 E372.10145
G1 X131.395 Y122.927 E372.11503
G1 X131.398 Y117.005 E372.312
G1 X131.362 Y116.769 E372.31994
G1 X131.238 Y116.483 E372.33031
G1 X130.904 Y116.185 E372.3452
G1 X130.483 Y116.074 E372.35968
G1 X129.775 Y116.068 E372.38323
G1 X130.24 Y114.357 E372.4422
G1 X130.235 Y113.197 E372.48078
G1 X130.161 Y112.661 E372.49878
G1 X129.925 Y112.094 E372.5192
G1 X129.515 Y111.541 E372.5421
G1 X128.974 Y111.139 E372.56452
G1 X128.402 Y110.901 E372.58512
G1 X127.737 Y110.809 E372.60745
G1 X127.093 Y110.896 E372.62907
G1 X126.482 Y111.141 E372.65096
G1 X125.954 Y111.543 E372.67303
G1 X125.572 Y112.047 E372.69407
G1 X125.311 Y112.66 E372.71623
G1 X125.233 Y113.196 E372.73424
G1 X125.23 Y114.381 E372.77365
G1 X125.7 Y116.068 E372.8319
G1 X125.036 Y116.068 E372.85399
G1 X124.564 Y116.18 E372.87012
G1 X124.234 Y116.485 E372.88507
G1 X124.105 Y116.772 E372.89553
G1 X124.073 Y117 E372.90319
G1 X124.077 Y122.916 E373.09996
G1 X124.183 Y123.289 E373.11285
G1 X124.473 Y123.485 E373.1245
G1 X123.853 Y125.699 E373.20097
G1 F2700 E368.20097
G0 F9000 X123.698 Y125.882
G0 X123.959 Y126.001
G0 X125.091 Y123.251
G0 X124.594 Y123.254
G0 X124.594 Y116.592
G0 X126.393 Y116.596
G0 X125.741 Y114.306
G0 X125.741 Y113.3
G0 X125.804 Y112.81
G0 X126.005 Y112.327
G0 X126.323 Y111.913
G0 X126.739 Y111.595
G0 X127.22 Y111.396
G0 X127.738 Y111.326
G0 X128.256 Y111.396
G0 X128.737 Y111.595
G0 X129.153 Y111.913
G0 X129.471 Y112.329
G0 X129.67 Y112.81
G0 X129.735 Y113.299
G0 X129.735 Y114.306
G0 X129.083 Y116.596
G0 X130.881 Y116.592
G0 X130.881 Y123.265
G0 X131.174 Y125.315
G0 X131.619 Y125.202
G1 F2700 E373.20097
G1 F1500 X133.049 Y123.773 E373.26821
G0 F9000 X133.424 Y124.043
G0 X134.274 Y122.6
G0 X133.86 Y122.395
G1 F1500 X131.505 Y124.751 E373.379
G0 F9000 X131.39 Y124.3
G1 F1500 X134.28 Y121.41 E373.51494
G0 F9000 X134.532 Y120.592
G1 F1500 X131.274 Y123.85 E373.66818
G0 F9000 X131.588 Y122.97
G1 F1500 X134.69 Y119.868 E373.81409
G0 F9000 X134.782 Y119.21
G1 F1500 X131.595 Y122.398 E373.96402
G0 F9000 X131.595 Y121.832
G1 F1500 X134.836 Y118.591 E374.11647
G0 F9000 X134.864 Y117.998
G1 F1500 X131.596 Y121.265 E374.27016
G0 F9000 X131.597 Y120.699
G1 F1500 X134.864 Y117.432 E374.42383
G0 F9000 X134.864 Y116.866
G1 F1500 X131.598 Y120.132 E374.57746
G0 F9000 X131.598 Y119.566
G1 F1500 X134.864 Y116.301 E374.73105
G0 F9000 X134.864 Y115.735
G1 F1500 X131.599 Y119 E374.88463
G0 F9000 X131.599 Y118.434
G1 F1500 X134.864 Y115.169 E375.03821
G0 F9000 X134.864 Y114.604
G1 F1500 X131.6 Y117.868 E375.19173
G0 F9000 X131.6 Y117.301
G1 F1500 X134.864 Y114.038 E375.34524
G0 F9000 X134.864 Y113.472
G1 F1500 X131.565 Y116.771 E375.50041
G0 F9000 X131.405 Y116.365
G1 F1500 X134.864 Y112.907 E375.66309
G0 F9000 X134.864 Y112.341
G1 F1500 X131.105 Y116.099 E375.83988
G0 F9000 X130.711 Y115.928
G1 F1500 X134.864 Y111.775 E376.03522
G0 F9000 X134.864 Y111.21
G1 F1500 X130.205 Y115.868 E376.25435
G0 F9000 X130.188 Y115.32
G1 F1500 X134.653 Y110.855 E376.46437
G0 F9000 X134.296 Y110.646
G1 F1500 X130.401 Y114.541 E376.64757
G0 F9000 X130.438 Y113.938
G1 F1500 X133.939 Y110.437 E376.81225
G0 F9000 X133.583 Y110.227
G1 F1500 X130.434 Y113.376 E376.96037
G0 F9000 X130.389 Y112.856
G1 F1500 X133.209 Y110.036 E377.09301
G0 F9000 X132.812 Y109.867
G1 F1500 X130.271 Y112.408 E377.21254
G0 F9000 X130.106 Y112.007
G1 F1500 X132.414 Y109.699 E377.3211
G0 F9000 X132.017 Y109.531
G1 F1500 X129.87 Y111.678 E377.42208
G0 F9000 X129.616 Y111.366
G1 F1500 X131.591 Y109.391 E377.51498
G0 F9000 X131.148 Y109.269
G1 F1500 X129.294 Y111.123 E377.60219
G0 F9000 X128.942 Y110.909
G1 F1500 X130.705 Y109.145 E377.68514
G0 F9000 X130.261 Y109.024
G1 F1500 X128.541 Y110.744 E377.76604
G0 F9000 X128.063 Y110.657
G1 F1500 X129.765 Y108.954 E377.84612
G0 F9000 X129.269 Y108.885
G1 F1500 X127.511 Y110.642 E377.92879
G0 F9000 X126.782 Y110.806
G1 F1500 X128.773 Y108.815 E378.02244
G0 F9000 X128.226 Y108.796
G1 F1500 X120.604 Y116.418 E378.38096
G0 F9000 X120.604 Y116.984
G1 F1500 X125.213 Y112.375 E378.59775
G0 F9000 X125.043 Y113.11
G1 F1500 X120.604 Y117.549 E378.80655
G0 F9000 X120.606 Y118.113
G1 F1500 X125.032 Y113.687 E379.01473
G0 F9000 X125.029 Y114.256
G1 F1500 X120.63 Y118.655 E379.22165
G0 F9000 X120.678 Y119.173
G1 F1500 X125.119 Y114.732 E379.43054
G0 F9000 X125.243 Y115.174
G1 F1500 X120.741 Y119.675 E379.64228
G0 F9000 X120.835 Y120.147
G1 F1500 X123.875 Y117.107 E379.78527
G0 F9000 X123.875 Y117.672
G1 F1500 X120.938 Y120.61 E379.92344
G0 F9000 X121.067 Y121.047
G1 F1500 X123.875 Y118.238 E380.05554
G0 F9000 X123.876 Y118.803
G1 F1500 X121.209 Y121.47 E380.18099
G0 F9000 X121.369 Y121.876
G1 F1500 X123.876 Y119.369 E380.29891
G0 F9000 X123.876 Y119.935
G1 F1500 X121.543 Y122.267 E380.40862
G0 F9000 X121.728 Y122.648
G1 F1500 X123.877 Y120.499 E380.50971
G0 F9000 X123.877 Y121.065
G1 F1500 X121.931 Y123.01 E380.60122
G0 F9000 X122.144 Y123.363
G1 F1500 X123.877 Y121.63 E380.68273
G0 F9000 X123.877 Y122.196
G1 F1500 X122.368 Y123.705 E380.75371
G0 F9000 X122.604 Y124.035
G1 F1500 X123.877 Y122.762 E380.81359
G0 F9000 X123.962 Y123.242
G1 F1500 X122.853 Y124.352 E380.86578
G0 F9000 X123.114 Y124.657
G1 F1500 X124.211 Y123.559 E380.9174
G0 F9000 X124.037 Y124.299
G1 F1500 X123.385 Y124.951 E380.94807
G0 F9000 X123.668 Y125.234
G1 F1500 X123.817 Y125.084 E380.9551
G0 F9000 X124.262 Y125.208
G0 X124.699 Y123.393
G0 X124.45 Y123.247
G0 X124.594 Y116.592
G0 X125.114 Y116.328
G0 X125.114 Y115.868
G1 F1500 X125.366 Y115.615 E380.96698
G0 F9000 X125.809 Y115.493
G0 X125.942 Y116.252
G0 X124.399 Y116.605
G0 X124.364 Y123.198
G0 X124.699 Y123.393
G0 X123.959 Y126.001
G0 X122.95 Y125.082
G0 X121.905 Y123.746
G0 X121.085 Y122.24
G0 X120.764 Y121.428
G0 X120.352 Y119.798
G0 X120.269 Y118.818
G0 X120.144 Y115.852
G0 X120.604 Y115.852
G1 F1500 X127.664 Y108.793 E381.29903
G0 F9000 X127.102 Y108.788
G1 F1500 X120.604 Y115.287 E381.6047
G0 F9000 X120.604 Y114.721
G1 F1500 X126.47 Y108.855 E381.88062
G0 F9000 X125.825 Y108.934
G1 F1500 X120.604 Y114.155 E382.1262
G0 F9000 X120.604 Y113.59
G1 F1500 X125.146 Y109.048 E382.33984
G0 F9000 X124.383 Y109.245
G1 F1500 X120.604 Y113.024 E382.5176
G0 F9000 X120.604 Y112.458
G1 F1500 X123.578 Y109.484 E382.65748
G0 F9000 X123.407 Y109.06
G0 X122.45 Y109.45
G0 X122.622 Y109.874
G1 F1500 X120.604 Y111.893 E382.75243
G0 F9000 X120.604 Y111.327
G1 F1500 X121.451 Y110.48 E382.79227
G1 F2700 E377.79227
;MESH:NONMESH
G0 F300 X121.451 Y110.48 Z1.8
G0 F9000 X121.226 Y110.079
G0 X120.209 Y110.805
G0 X119.876 Y118.066
G0 X118.784 Y118.112
G0 X115.238 Y122.772
G0 X110.869 Y126.373
;TIME_ELAPSED:706.303133
;LAYER:8
;TYPE:WALL-INNER
;MESH:FT08-Gear Clips.stl
G1 F2700 E382.79227
G1 F1500 X111.546 Y125.805 E382.82166
G1 X112.164 Y125.191 E382.85064
G1 X112.73 Y124.529 E382.8796
G1 X113.225 Y123.835 E382.90796
G1 X113.684 Y123.068 E382.93769
G1 X114.062 Y122.305 E382.96601
G1 X114.384 Y121.48 E382.99546
G1 X114.633 Y120.648 E383.02435
G1 X114.803 Y119.825 E383.0523
G1 X114.917 Y118.933 E383.08221
G1 X114.952 Y118.103 E383.10984
G1 X114.952 Y110.722 E383.35533
G1 X114.634 Y110.474 E383.36874
G1 X113.157 Y109.606 E383.42573
G1 X111.578 Y108.936 E383.48278
G1 X109.917 Y108.478 E383.54008
G1 X108.224 Y108.24 E383.59694
G1 X106.507 Y108.228 E383.65405
G1 X104.797 Y108.439 E383.71136
G1 X103.134 Y108.871 E383.76851
G1 X101.546 Y109.518 E383.82554
G1 X100.051 Y110.363 E383.88266
G1 X99.576 Y110.723 E383.90248
G1 X99.576 Y118.075 E384.14701
G1 X99.611 Y118.935 E384.17564
G1 X99.721 Y119.825 E384.20546
G1 X99.894 Y120.647 E384.2334
G1 X100.144 Y121.479 E384.2623
G1 X100.47 Y122.31 E384.29199
G1 X100.84 Y123.069 E384.32007
G1 X101.298 Y123.834 E384.34973
G1 X101.79 Y124.517 E384.37772
G1 X102.369 Y125.2 E384.4075
G1 X102.978 Y125.804 E384.43603
G1 X103.584 Y126.316 E384.46242
G1 X104.418 Y123.337 E384.56531
G1 X104.046 Y123.127 E384.57952
G1 X103.963 Y122.88 E384.58818
G1 X103.96 Y117.028 E384.78282
G1 X104.061 Y116.693 E384.79446
G1 X104.266 Y116.505 E384.80371
G1 X104.56 Y116.428 E384.81382
G1 X105.702 Y116.428 E384.8518
G1 X105.117 Y114.33 E384.92425
G1 X105.121 Y113.245 E384.96033
G1 X105.185 Y112.762 E384.97654
G1 X105.408 Y112.243 E384.99533
G1 X105.738 Y111.804 E385.01359
G1 X106.192 Y111.462 E385.0325
G1 X106.689 Y111.257 E385.05038
G1 X107.261 Y111.173 E385.06961
G1 X107.822 Y111.249 E385.08844
G1 X108.342 Y111.458 E385.10708
G1 X108.791 Y111.805 E385.12595
G1 X109.131 Y112.254 E385.14468
G1 X109.344 Y112.767 E385.16316
G1 X109.408 Y113.245 E385.1792
G1 X109.411 Y114.332 E385.21535
G1 X108.83 Y116.428 E385.28769
G1 X109.972 Y116.428 E385.32568
G1 X110.266 Y116.504 E385.33578
G1 X110.471 Y116.693 E385.34505
G1 X110.572 Y116.903 E385.3528
G1 X110.569 Y122.888 E385.55186
G1 X110.477 Y123.15 E385.5611
G1 X110.096 Y123.357 E385.57552
G1 X110.869 Y126.373 E385.67908
G0 F9000 X110.626 Y127.036
;TYPE:WALL-OUTER
G1 F1500 X111.141 Y126.669 E385.70011
G1 X111.816 Y126.1 E385.72947
G1 X112.457 Y125.463 E385.75953
G1 X113.046 Y124.776 E385.78963
G1 X113.56 Y124.054 E385.8191
G1 X114.036 Y123.26 E385.84989
G1 X114.428 Y122.467 E385.87932
G1 X114.762 Y121.61 E385.90991
G1 X115.021 Y120.746 E385.93991
G1 X115.198 Y119.891 E385.96895
G1 X115.316 Y118.967 E385.99993
G1 X115.352 Y118.111 E386.02843
G1 X115.352 Y110.526 E386.2807
G1 X114.859 Y110.142 E386.30149
G1 X113.337 Y109.248 E386.3602
G1 X111.71 Y108.558 E386.41898
G1 X109.999 Y108.085 E386.47802
G1 X108.253 Y107.84 E386.53666
G1 X106.484 Y107.828 E386.5955
G1 X104.722 Y108.045 E386.65455
G1 X103.008 Y108.491 E386.71345
G1 X101.372 Y109.157 E386.7722
G1 X99.831 Y110.028 E386.83108
G1 X99.176 Y110.524 E386.8584
G1 X99.176 Y118.083 E387.10982
G1 X99.212 Y118.967 E387.13924
G1 X99.326 Y119.891 E387.17021
G1 X99.506 Y120.746 E387.19927
G1 X99.766 Y121.61 E387.22928
G1 X100.104 Y122.471 E387.26004
G1 X100.488 Y123.26 E387.28923
G1 X100.964 Y124.054 E387.32002
G1 X101.474 Y124.764 E387.3491
G1 X102.075 Y125.472 E387.37998
G1 X102.708 Y126.1 E387.40964
G1 X103.383 Y126.669 E387.439
G1 X103.815 Y126.976 E387.45663
G1 X104.924 Y123.016 E387.59341
G1 X104.56 Y123.016 E387.60552
G1 X104.388 Y122.92 E387.61207
G1 X104.361 Y122.838 E387.61494
G1 X104.36 Y116.988 E387.80951
G1 X104.481 Y116.828 E387.81618
G1 X106.228 Y116.828 E387.87429
G1 X105.516 Y114.258 E387.96299
G1 X105.517 Y113.297 E387.99495
G1 X105.571 Y112.89 E388.0086
G1 X105.767 Y112.431 E388.0252
G1 X106.025 Y112.088 E388.03948
G1 X106.414 Y111.803 E388.05552
G1 X106.805 Y111.64 E388.06961
G1 X107.264 Y111.578 E388.08501
G1 X107.707 Y111.636 E388.09987
G1 X108.143 Y111.809 E388.11547
G1 X108.52 Y112.11 E388.13152
G1 X108.769 Y112.437 E388.14519
G1 X108.953 Y112.873 E388.16093
G1 X109.011 Y113.297 E388.17516
G1 X109.012 Y114.258 E388.20713
G1 X108.304 Y116.828 E388.29579
G1 X110.051 Y116.828 E388.35389
G1 X110.172 Y116.985 E388.36049
G1 X110.171 Y122.846 E388.55543
G1 X110.141 Y122.933 E388.55849
G1 X109.972 Y123.024 E388.56487
G1 X109.598 Y123.024 E388.57731
G1 X110.626 Y127.036 E388.71506
G0 F9000 X110.788 Y126.599
G0 X110.824 Y125.791
G0 X111.075 Y125.728
;TYPE:SKIN
G1 F1500 X110.508 Y123.513 E388.79111
G1 X110.797 Y123.355 E388.80206
G1 X110.928 Y122.924 E388.81704
G1 X110.932 Y117.037 E389.01285
G1 X110.894 Y116.766 E389.02195
G1 X110.77 Y116.483 E389.03222
G1 X110.434 Y116.181 E389.04725
G1 X110.014 Y116.074 E389.06167
G1 X109.303 Y116.068 E389.08531
G1 X109.768 Y114.357 E389.14429
G1 X109.763 Y113.197 E389.18287
G1 X109.689 Y112.661 E389.20087
G1 X109.429 Y112.048 E389.22301
G1 X109.027 Y111.533 E389.24474
G1 X108.519 Y111.139 E389.26612
G1 X107.93 Y110.901 E389.28725
G1 X107.261 Y110.809 E389.30971
G1 X106.617 Y110.896 E389.33133
G1 X106.007 Y111.144 E389.35323
G1 X105.482 Y111.543 E389.37516
G1 X105.104 Y112.043 E389.39601
G1 X104.839 Y112.66 E389.41834
G1 X104.761 Y113.192 E389.43623
G1 X104.758 Y114.381 E389.47577
G1 X105.228 Y116.068 E389.53402
G1 X104.564 Y116.068 E389.5561
G1 X104.092 Y116.18 E389.57224
G1 X103.762 Y116.485 E389.58719
G1 X103.633 Y116.772 E389.59765
G1 X103.601 Y117 E389.60531
G1 X103.605 Y122.918 E389.80214
G1 X103.723 Y123.3 E389.81544
G1 X104.001 Y123.485 E389.82655
G1 X103.381 Y125.699 E389.90302
G1 X102.644 Y124.964 E389.93764
G1 X102.066 Y124.284 E389.96732
G1 X101.6 Y123.638 E389.99381
G1 X101.128 Y122.84 E390.02465
G1 X100.804 Y122.175 E390.04925
G1 X100.478 Y121.346 E390.07888
G1 X100.243 Y120.559 E390.1062
G1 X100.078 Y119.763 E390.13324
G1 X99.968 Y118.895 E390.16234
G1 X99.936 Y118.072 E390.18973
G1 X99.936 Y110.903 E390.42817
G1 X100.251 Y110.66 E390.4414
G1 X101.704 Y109.841 E390.49688
G1 X103.244 Y109.215 E390.55217
G1 X104.866 Y108.793 E390.60791
G1 X106.528 Y108.588 E390.66361
G1 X108.201 Y108.6 E390.71926
G1 X109.839 Y108.829 E390.77427
G1 X111.458 Y109.278 E390.83015
G1 X112.994 Y109.928 E390.88562
G1 X114.423 Y110.766 E390.94072
G1 X114.592 Y110.898 E390.94785
G1 X114.592 Y118.087 E391.18696
G1 X114.556 Y118.89 E391.21369
G1 X114.446 Y119.751 E391.24256
G1 X114.277 Y120.571 E391.27041
G1 X114.046 Y121.346 E391.29731
G1 X113.728 Y122.159 E391.32634
G1 X113.364 Y122.9 E391.3538
G1 X112.928 Y123.626 E391.38197
G1 X112.438 Y124.316 E391.41012
G1 X111.909 Y124.935 E391.4372
G1 X111.309 Y125.528 E391.46526
G1 X111.075 Y125.728 E391.47549
G1 F2700 E386.47549
G0 F9000 X110.824 Y125.791
G0 X109.901 Y123.26
G0 X110.41 Y123.265
G0 X110.41 Y116.592
G0 X108.612 Y116.596
G0 X109.264 Y114.306
G0 X109.264 Y113.299
G0 X109.199 Y112.81
G0 X108.999 Y112.328
G0 X108.682 Y111.913
G0 X108.267 Y111.595
G0 X107.784 Y111.396
G0 X107.267 Y111.326
G0 X106.749 Y111.396
G0 X106.268 Y111.595
G0 X105.852 Y111.913
G0 X105.534 Y112.327
G0 X105.334 Y112.81
G0 X105.269 Y113.299
G0 X105.269 Y114.306
G0 X105.922 Y116.596
G0 X104.123 Y116.592
G0 X104.123 Y123.254
G0 X103.843 Y125.019
G1 F2700 E391.47549
G0 F9000 X103.399 Y124.895
G1 F1500 X101.376 Y122.873 E391.57063
G0 F9000 X100.981 Y123.109
G0 X100.445 Y121.97
G0 X100.872 Y121.803
G1 F1500 X103.523 Y124.453 E391.6953
G0 F9000 X103.646 Y124.011
G1 F1500 X100.56 Y120.925 E391.84045
G0 F9000 X100.365 Y120.164
G1 F1500 X103.508 Y123.307 E391.98829
G0 F9000 X103.406 Y122.639
G1 F1500 X100.242 Y119.476 E392.13709
G0 F9000 X100.165 Y118.833
G1 F1500 X103.406 Y122.074 E392.28954
G0 F9000 X103.406 Y121.508
G1 F1500 X100.143 Y118.245 E392.44302
G0 F9000 X100.136 Y117.672
G1 F1500 X103.405 Y120.941 E392.59678
G0 F9000 X103.405 Y120.376
G1 F1500 X100.136 Y117.106 E392.75057
G0 F9000 X100.136 Y116.54
G1 F1500 X103.404 Y119.809 E392.90431
G0 F9000 X103.404 Y119.244
G1 F1500 X100.136 Y115.975 E393.05805
G0 F9000 X100.136 Y115.409
G1 F1500 X103.404 Y118.678 E393.21179
G0 F9000 X103.404 Y118.112
G1 F1500 X100.136 Y114.843 E393.36553
G0 F9000 X100.136 Y114.278
G1 F1500 X103.404 Y117.546 E393.51925
G0 F9000 X103.404 Y116.98
G1 F1500 X100.136 Y113.712 E393.67297
G0 F9000 X100.136 Y113.146
G1 F1500 X103.524 Y116.535 E393.83235
G0 F9000 X103.765 Y116.21
G1 F1500 X100.136 Y112.581 E394.00305
G0 F9000 X100.136 Y112.015
G1 F1500 X104.094 Y115.973 E394.18922
G0 F9000 X104.554 Y115.868
G1 F1500 X100.136 Y111.449 E394.39705
G0 F9000 X100.202 Y110.95
G1 F1500 X104.905 Y115.653 E394.61827
G0 F9000 X104.686 Y114.868
G1 F1500 X100.543 Y110.725 E394.81314
G0 F9000 X100.905 Y110.521
G1 F1500 X104.558 Y114.174 E394.98497
G0 F9000 X104.561 Y113.612
G1 F1500 X101.266 Y110.317 E395.13995
G0 F9000 X101.628 Y110.113
G1 F1500 X104.578 Y113.063 E395.27871
G0 F9000 X104.657 Y112.577
G1 F1500 X102.012 Y109.932 E395.40313
G0 F9000 X102.415 Y109.768
G1 F1500 X104.824 Y112.178 E395.51646
G0 F9000 X105.026 Y111.814
G1 F1500 X102.817 Y109.605 E395.62037
G0 F9000 X103.218 Y109.441
G1 F1500 X105.27 Y111.492 E395.71686
G0 F9000 X105.569 Y111.226
G1 F1500 X103.658 Y109.314 E395.80677
G0 F9000 X104.107 Y109.198
G1 F1500 X105.891 Y110.982 E395.89069
G0 F9000 X106.289 Y110.814
G1 F1500 X104.555 Y109.08 E395.97225
G0 F9000 X105.017 Y108.976
G1 F1500 X106.724 Y110.683 E396.05254
G0 F9000 X107.223 Y110.617
G1 F1500 X105.52 Y108.914 E396.13265
G0 F9000 X106.024 Y108.852
G1 F1500 X107.864 Y110.693 E396.21922
G0 F9000 X107.802 Y111.146
G0 X108.699 Y111.606
G0 X108.981 Y111.244
G1 F1500 X106.528 Y108.79 E396.33462
G0 F9000 X107.096 Y108.793
G1 F1500 X114.392 Y116.089 E396.6778
G0 F9000 X114.392 Y115.524
G1 F1500 X107.665 Y108.796 E396.99424
G0 F9000 X108.242 Y108.808
G1 F1500 X114.392 Y114.958 E397.28352
G0 F9000 X114.392 Y114.392
G1 F1500 X108.899 Y108.899 E397.5419
G0 F9000 X109.557 Y108.991
G1 F1500 X114.392 Y113.827 E397.76934
G0 F9000 X114.392 Y113.261
G1 F1500 X110.294 Y109.162 E397.96212
G0 F9000 X111.077 Y109.38
G1 F1500 X114.392 Y112.695 E398.11805
G0 F9000 X114.392 Y112.129
G1 F1500 X111.978 Y109.715 E398.2316
G0 F9000 X112.158 Y109.292
G0 X113.213 Y109.756
G0 X112.98 Y110.152
G1 F1500 X114.392 Y111.564 E398.29801
G1 F2700 E393.29801
G0 F9000 X114.852 Y111.564
G0 X114.756 Y118.919
G0 X114.477 Y120.608
G0 X113.915 Y122.24
G0 X113.09 Y123.746
G0 X112.046 Y125.082
G0 X111.438 Y125.686
G0 X110.972 Y126.055
G0 X110.286 Y123.419
G0 X110.729 Y122.904
G0 X110.605 Y116.604
G0 X109.062 Y116.252
G0 X109.447 Y112.791
G1 F2700 E398.29801
G0 F9000 X109.901 Y112.73
G1 F1500 X114.392 Y117.221 E398.50926
G0 F9000 X114.392 Y117.786
G1 F1500 X109.961 Y113.356 E398.71765
G0 F9000 X109.965 Y113.925
G1 F1500 X114.381 Y118.341 E398.92537
G0 F9000 X114.355 Y118.881
G1 F1500 X109.947 Y114.473 E399.13271
G0 F9000 X109.826 Y114.917
G1 F1500 X114.292 Y119.383 E399.34277
G0 F9000 X114.218 Y119.874
G1 F1500 X111.094 Y116.75 E399.48972
G0 F9000 X111.132 Y117.354
G1 F1500 X114.121 Y120.343 E399.63031
G0 F9000 X114.003 Y120.792
G1 F1500 X111.131 Y117.919 E399.76543
G0 F9000 X111.131 Y118.485
G1 F1500 X113.873 Y121.227 E399.8944
G0 F9000 X113.718 Y121.638
G1 F1500 X111.13 Y119.05 E400.01613
G0 F9000 X111.13 Y119.615
G1 F1500 X113.559 Y122.045 E400.13041
G0 F9000 X113.375 Y122.426
G1 F1500 X111.129 Y120.18 E400.23605
G0 F9000 X111.129 Y120.746
G1 F1500 X113.188 Y122.805 E400.3329
G0 F9000 X112.976 Y123.158
G1 F1500 X111.128 Y121.311 E400.4198
G0 F9000 X111.127 Y121.876
G1 F1500 X112.763 Y123.511 E400.49673
G0 F9000 X112.529 Y123.843
G1 F1500 X111.127 Y122.44 E400.5627
G0 F9000 X111.118 Y122.998
G1 F1500 X112.294 Y124.174 E400.61802
G0 F9000 X112.035 Y124.48
G1 F1500 X110.98 Y123.425 E400.66764
G0 F9000 X110.787 Y123.797
G1 F1500 X111.774 Y124.785 E400.71409
G0 F9000 X111.491 Y125.067
G1 F1500 X110.982 Y124.558 E400.73803
G0 F9000 X110.536 Y124.671
G0 X110.972 Y126.055
G0 X111.438 Y125.686
G0 X112.604 Y124.43
G0 X113.544 Y122.991
G0 X114.231 Y121.428
G0 X114.645 Y119.798
G0 X114.728 Y118.835
G0 X114.852 Y116.655
G0 X114.392 Y116.655
G1 F1500 X109.342 Y111.605 E400.97557
G0 F9000 X108.976 Y111.883
G0 X109.235 Y113.157
G0 X109.264 Y115.238
G0 X109.703 Y115.36
G1 F1500 X110.278 Y115.934 E401.00259
G0 F9000 X109.645 Y115.868
G1 F1500 X109.582 Y115.804 E401.00558
G1 F2700 E396.00558
G0 F9000 X109.141 Y115.682
G0 X109.062 Y116.252
G0 X110.41 Y116.592
G0 X110.636 Y123.221
G0 X110.286 Y123.419
G0 X110.972 Y126.055
G0 X111.438 Y125.686
G0 X112.604 Y124.43
G0 X113.365 Y123.264
G0 X114.797 Y120.698
G0 X115.846 Y121.011
G0 X120.683 Y124.483
G0 X124.056 Y126.316
;TYPE:WALL-INNER
G1 F2700 E401.00558
G1 F1500 X124.89 Y123.337 E401.10847
G1 X124.518 Y123.127 E401.12268
G1 X124.435 Y122.881 E401.13131
G1 X124.432 Y117.028 E401.32598
G1 X124.533 Y116.693 E401.33762
G1 X124.738 Y116.505 E401.34687
G1 X125.032 Y116.428 E401.35698
G1 X126.174 Y116.428 E401.39496
G1 X125.589 Y114.33 E401.46741
G1 X125.593 Y113.245 E401.50349
G1 X125.655 Y112.776 E401.51923
G1 X125.87 Y112.251 E401.5381
G1 X126.211 Y111.803 E401.55682
G1 X126.659 Y111.462 E401.57555
G1 X127.189 Y111.246 E401.59458
G1 X127.737 Y111.174 E401.61297
G1 X128.294 Y111.249 E401.63166
G1 X128.813 Y111.462 E401.65032
G1 X129.26 Y111.804 E401.66904
G1 X129.605 Y112.256 E401.68795
G1 X129.81 Y112.764 E401.70617
G1 X129.88 Y113.245 E401.72234
G1 X129.883 Y114.332 E401.75849
G1 X129.302 Y116.428 E401.83083
G1 X130.44 Y116.428 E401.86868
G1 X130.735 Y116.505 E401.87883
G1 X130.939 Y116.693 E401.88805
G1 X131.04 Y116.903 E401.8958
G1 X131.037 Y122.886 E402.0948
G1 X130.945 Y123.148 E402.10403
G1 X130.568 Y123.355 E402.11834
G1 X131.341 Y126.373 E402.22196
G1 X132.018 Y125.805 E402.25135
G1 X132.627 Y125.2 E402.2799
G1 X133.206 Y124.518 E402.30966
G1 X133.697 Y123.834 E402.33766
G1 X134.156 Y123.068 E402.36736
G1 X134.53 Y122.309 E402.39551
G1 X134.855 Y121.481 E402.42509
G1 X135.101 Y120.648 E402.45398
G1 X135.275 Y119.825 E402.48196
G1 X135.385 Y118.934 E402.51182
G1 X135.42 Y118.103 E402.53948
G1 X135.423 Y110.722 E402.78497
G1 X135.105 Y110.474 E402.79839
G1 X133.629 Y109.606 E402.85534
G1 X132.05 Y108.937 E402.91238
G1 X130.386 Y108.477 E402.9698
G1 X128.696 Y108.24 E403.02656
G1 X126.975 Y108.228 E403.0838
G1 X125.269 Y108.439 E403.14097
G1 X123.606 Y108.871 E403.19812
G1 X122.018 Y109.518 E403.25515
G1 X120.518 Y110.363 E403.31241
G1 X120.044 Y110.723 E403.33221
G1 X120.044 Y118.074 E403.57671
G1 X120.083 Y118.933 E403.60531
G1 X120.193 Y119.825 E403.6352
G1 X120.366 Y120.648 E403.66317
G1 X120.612 Y121.48 E403.69203
G1 X120.938 Y122.305 E403.72153
G1 X121.312 Y123.069 E403.74982
G1 X121.771 Y123.835 E403.77952
G1 X122.266 Y124.53 E403.8079
G1 X122.832 Y125.191 E403.83685
G1 X123.45 Y125.804 E403.8658
G1 X124.056 Y126.316 E403.89219
G1 F2700 E398.89219
G0 F9000 X125.091 Y123.251
G0 X124.594 Y123.254
G0 X124.594 Y116.592
G0 X126.393 Y116.596
G0 X125.741 Y114.306
G0 X125.741 Y113.3
G0 X125.804 Y112.81
G0 X126.005 Y112.327
G0 X126.323 Y111.913
G0 X126.739 Y111.595
G0 X127.22 Y111.396
G0 X127.738 Y111.326
G0 X128.256 Y111.396
G0 X128.737 Y111.595
G0 X129.153 Y111.913
G0 X129.471 Y112.329
G0 X129.67 Y112.81
G0 X129.735 Y113.299
G0 X129.735 Y114.306
G0 X129.083 Y116.596
G0 X130.881 Y116.592
G0 X130.881 Y123.265
G0 X131.259 Y126.599
G1 F2700 E403.89219
G0 F9000 X131.098 Y127.036
;TYPE:WALL-OUTER
G1 F1500 X131.613 Y126.669 E403.91322
G1 X132.288 Y126.1 E403.94258
G1 X132.921 Y125.472 E403.97224
G1 X133.522 Y124.764 E404.00313
G1 X134.032 Y124.054 E404.0322
G1 X134.508 Y123.26 E404.06299
G1 X134.896 Y122.471 E404.09224
G1 X135.234 Y121.611 E404.12297
G1 X135.489 Y120.746 E404.15296
G1 X135.67 Y119.891 E404.18203
G1 X135.784 Y118.967 E404.213
G1 X135.82 Y118.111 E404.24149
G1 X135.823 Y110.526 E404.49377
G1 X135.331 Y110.142 E404.51453
G1 X133.809 Y109.248 E404.57324
G1 X132.182 Y108.558 E404.63202
G1 X130.467 Y108.085 E404.69119
G1 X128.725 Y107.84 E404.7497
G1 X126.952 Y107.828 E404.80867
G1 X125.194 Y108.045 E404.86758
G1 X123.48 Y108.491 E404.92649
G1 X121.844 Y109.157 E404.98524
G1 X120.298 Y110.028 E405.04426
G1 X119.644 Y110.524 E405.07156
G1 X119.644 Y118.083 E405.32297
G1 X119.684 Y118.967 E405.35241
G1 X119.798 Y119.891 E405.38337
G1 X119.978 Y120.746 E405.41243
G1 X120.234 Y121.61 E405.4424
G1 X120.572 Y122.467 E405.47304
G1 X120.96 Y123.26 E405.50241
G1 X121.436 Y124.054 E405.5332
G1 X121.95 Y124.776 E405.56268
G1 X122.539 Y125.463 E405.59277
G1 X123.18 Y126.1 E405.62283
G1 X123.855 Y126.669 E405.65219
G1 X124.287 Y126.976 E405.66982
G1 X125.396 Y123.016 E405.8066
G1 X125.032 Y123.016 E405.8187
G1 X124.86 Y122.92 E405.82526
G1 X124.833 Y122.838 E405.82813
G1 X124.832 Y116.988 E406.0227
G1 X124.953 Y116.828 E406.02937
G1 X126.7 Y116.828 E406.08748
G1 X125.988 Y114.258 E406.17617
G1 X125.989 Y113.297 E406.20814
G1 X126.043 Y112.89 E406.22179
G1 X126.236 Y112.43 E406.23838
G1 X126.496 Y112.088 E406.25267
G1 X126.841 Y111.826 E406.26708
G1 X127.277 Y111.64 E406.28285
G1 X127.736 Y111.577 E406.29826
G1 X128.198 Y111.641 E406.31377
G1 X128.634 Y111.828 E406.32955
G1 X128.975 Y112.089 E406.34383
G1 X129.241 Y112.437 E406.3584
G1 X129.425 Y112.873 E406.37414
G1 X129.483 Y113.297 E406.38837
G1 X129.484 Y114.258 E406.42034
G1 X128.776 Y116.828 E406.509
G1 X130.52 Y116.828 E406.56701
G1 X130.64 Y116.985 E406.57358
G1 X130.639 Y122.845 E406.76848
G1 X130.609 Y122.932 E406.77154
G1 X130.44 Y123.024 E406.77794
G1 X130.07 Y123.024 E406.79025
G1 X131.098 Y127.036 E406.928
G1 F2700 E401.928
G0 F9000 X131.259 Y126.599
G0 X130.372 Y123.26
G0 X130.881 Y123.265
G0 X130.881 Y116.592
G0 X129.083 Y116.596
G0 X129.735 Y114.306
G0 X129.735 Y113.299
G0 X129.67 Y112.81
G0 X129.471 Y112.329
G0 X129.153 Y111.913
G0 X128.737 Y111.595
G0 X128.256 Y111.396
G0 X127.738 Y111.326
G0 X127.22 Y111.396
G0 X126.739 Y111.595
G0 X126.323 Y111.913
G0 X126.005 Y112.327
G0 X125.804 Y112.81
G0 X125.741 Y113.3
G0 X125.741 Y114.306
G0 X126.393 Y116.596
G0 X124.594 Y116.592
G0 X124.594 Y123.254
G0 X125.091 Y123.251
G0 X123.959 Y126.001
G0 X123.698 Y125.882
G1 F2700 E406.928
G0 F9000 X123.853 Y125.699
;TYPE:SKIN
G1 F1500 X123.103 Y124.951 E406.96323
G1 X122.554 Y124.312 E406.99125
G1 X122.08 Y123.646 E407.01844
G1 X121.62 Y122.884 E407.04804
G1 X121.26 Y122.143 E407.07544
G1 X120.95 Y121.358 E407.10352
G1 X120.715 Y120.559 E407.13122
G1 X120.55 Y119.763 E407.15825
G1 X120.44 Y118.891 E407.18749
G1 X120.404 Y118.071 E407.21479
G1 X120.404 Y110.9 E407.45329
G1 X120.71 Y110.668 E407.46607
G1 X122.176 Y109.841 E407.52205
G1 X123.72 Y109.211 E407.57751
G1 X125.334 Y108.793 E407.63297
G1 X127 Y108.588 E407.6888
G1 X128.673 Y108.6 E407.74444
G1 X130.307 Y108.829 E407.79932
G1 X131.93 Y109.278 E407.85533
G1 X133.466 Y109.928 E407.9108
G1 X135.06 Y110.863 E407.97227
G1 X135.06 Y118.087 E408.21254
G1 X135.024 Y118.891 E408.23931
G1 X134.914 Y119.779 E408.26907
G1 X134.753 Y120.547 E408.29517
G1 X134.518 Y121.351 E408.32303
G1 X134.196 Y122.166 E408.35217
G1 X133.844 Y122.884 E408.37877
G1 X133.384 Y123.646 E408.40837
G1 X132.93 Y124.284 E408.43442
G1 X132.349 Y124.963 E408.46414
G1 X131.78 Y125.528 E408.49081
G1 X131.547 Y125.728 E408.50102
G1 X130.981 Y123.51 E408.57716
G1 X131.281 Y123.319 E408.58899
G1 X131.395 Y122.927 E408.60256
G1 X131.398 Y117.006 E408.7995
G1 X131.345 Y116.709 E408.80953
G1 X131.207 Y116.455 E408.81915
G1 X130.904 Y116.185 E408.83264
G1 X130.483 Y116.074 E408.84712
G1 X129.775 Y116.068 E408.87067
G1 X130.24 Y114.357 E408.92965
G1 X130.235 Y113.193 E408.96836
G1 X130.159 Y112.674 E408.98581
G1 X129.905 Y112.051 E409.00818
G1 X129.519 Y111.549 E409.02925
G1 X128.993 Y111.145 E409.05131
G1 X128.377 Y110.895 E409.07342
G1 X127.736 Y110.809 E409.09493
G1 X127.093 Y110.896 E409.11651
G1 X126.482 Y111.141 E409.1384
G1 X125.954 Y111.543 E409.16048
G1 X125.572 Y112.047 E409.18151
G1 X125.311 Y112.66 E409.20367
G1 X125.233 Y113.196 E409.22168
G1 X125.23 Y114.381 E409.2611
G1 X125.7 Y116.068 E409.31934
G1 X125.036 Y116.068 E409.34143
G1 X124.564 Y116.18 E409.35756
G1 X124.234 Y116.485 E409.37251
G1 X124.105 Y116.772 E409.38298
G1 X124.073 Y117 E409.39063
G1 X124.077 Y122.916 E409.5874
G1 X124.183 Y123.289 E409.6003
G1 X124.473 Y123.485 E409.61194
G1 X123.853 Y125.699 E409.68841
G0 F9000 X123.848 Y124.979
G1 F1500 X122.008 Y123.14 E409.77493
G0 F9000 X121.613 Y123.376
G0 X120.981 Y122.14
G0 X121.407 Y121.973
G1 F1500 X123.971 Y124.537 E409.89554
G0 F9000 X124.095 Y124.095
G1 F1500 X121.074 Y121.074 E410.03764
G0 F9000 X120.864 Y120.299
G1 F1500 X124.219 Y123.653 E410.19542
G0 F9000 X123.878 Y122.747
G1 F1500 X120.73 Y119.599 E410.34349
G0 F9000 X120.648 Y118.951
G1 F1500 X123.878 Y122.181 E410.49542
G0 F9000 X123.878 Y121.615
G1 F1500 X120.616 Y118.353 E410.64886
G0 F9000 X120.604 Y117.776
G1 F1500 X123.877 Y121.049 E410.80281
G0 F9000 X123.877 Y120.483
G1 F1500 X120.604 Y117.21 E410.95676
G0 F9000 X120.604 Y116.644
G1 F1500 X123.877 Y119.917 E411.11071
G0 F9000 X123.877 Y119.351
G1 F1500 X120.604 Y116.079 E411.26464
G0 F9000 X120.604 Y115.513
G1 F1500 X123.877 Y118.785 E411.41857
G0 F9000 X123.876 Y118.219
G1 F1500 X120.604 Y114.947 E411.57247
G0 F9000 X120.604 Y114.382
G1 F1500 X123.876 Y117.653 E411.72636
G0 F9000 X123.876 Y117.088
G1 F1500 X120.604 Y113.816 E411.88026
G0 F9000 X120.604 Y113.25
G1 F1500 X123.957 Y116.603 E412.03798
G0 F9000 X124.181 Y116.261
G1 F1500 X120.604 Y112.685 E412.2062
G0 F9000 X120.604 Y112.119
G1 F1500 X124.48 Y115.995 E412.38852
G0 F9000 X124.932 Y115.881
G1 F1500 X120.604 Y111.553 E412.59209
G0 F9000 X120.611 Y110.995
G1 F1500 X125.418 Y115.801 E412.81818
G0 F9000 X125.2 Y115.017
G1 F1500 X120.947 Y110.765 E413.0182
G0 F9000 X121.309 Y110.561
G1 F1500 X125.03 Y114.282 E413.19323
G0 F9000 X125.033 Y113.719
G1 F1500 X121.67 Y110.357 E413.35139
G0 F9000 X122.032 Y110.152
G1 F1500 X125.038 Y113.158 E413.49278
G0 F9000 X125.106 Y112.66
G1 F1500 X122.408 Y109.963 E413.61966
G0 F9000 X122.81 Y109.799
G1 F1500 X125.264 Y112.253 E413.73509
G0 F9000 X125.452 Y111.876
G1 F1500 X123.211 Y109.635 E413.8405
G0 F9000 X123.613 Y109.471
G1 F1500 X125.696 Y111.554 E413.93848
G0 F9000 X125.98 Y111.272
G1 F1500 X124.042 Y109.334 E414.02964
G0 F9000 X124.491 Y109.218
G1 F1500 X126.301 Y111.027 E414.11475
G0 F9000 X126.683 Y110.844
G1 F1500 X124.941 Y109.102 E414.19669
G0 F9000 X125.393 Y108.988
G1 F1500 X127.101 Y110.696 E414.27703
G0 F9000 X127.6 Y110.63
G1 F1500 X125.896 Y108.926 E414.35718
G0 F9000 X126.4 Y108.864
G1 F1500 X128.212 Y110.676 E414.44241
G0 F9000 X129.057 Y110.955
G1 F1500 X126.904 Y108.802 E414.54368
G0 F9000 X127.46 Y108.792
G1 F1500 X134.86 Y116.192 E414.89175
G0 F9000 X134.86 Y115.627
G1 F1500 X128.029 Y108.795 E415.21309
G0 F9000 X128.599 Y108.8
G1 F1500 X134.86 Y115.061 E415.50758
G0 F9000 X134.86 Y114.495
G1 F1500 X129.247 Y108.882 E415.7716
G0 F9000 X129.905 Y108.974
G1 F1500 X134.86 Y113.93 E416.00469
G0 F9000 X134.86 Y113.364
G1 F1500 X130.618 Y109.122 E416.20422
G0 F9000 X131.401 Y109.339
G1 F1500 X134.86 Y112.798 E416.36693
G0 F9000 X134.86 Y112.233
G1 F1500 X132.264 Y109.636 E416.48906
G0 F9000 X132.444 Y109.213
G0 X133.424 Y109.628
G0 X133.244 Y110.051
G1 F1500 X134.86 Y111.667 E416.56507
G0 F9000 X134.86 Y111.101
G1 F1500 X134.56 Y110.801 E416.57918
G1 F2700 E411.57918
G0 F9000 X134.792 Y110.407
G0 X135.258 Y110.802
G0 X135.224 Y118.921
G0 X134.945 Y120.608
G0 X134.383 Y122.244
G0 X133.563 Y123.745
G0 X132.509 Y125.091
G0 X131.444 Y126.055
G0 X130.758 Y123.416
G0 X131.197 Y122.902
G0 X131.073 Y116.604
G0 X129.534 Y116.252
G0 X129.785 Y114.268
G0 X129.693 Y112.204
G1 F2700 E416.57918
G0 F9000 X130.11 Y112.008
G1 F1500 X134.86 Y116.758 E416.80261
G0 F9000 X134.86 Y117.324
G1 F1500 X130.387 Y112.851 E417.013
G0 F9000 X130.435 Y113.464
G1 F1500 X134.86 Y117.89 E417.22116
G0 F9000 X134.845 Y118.44
G1 F1500 X130.438 Y114.033 E417.42846
G0 F9000 X130.396 Y114.557
G1 F1500 X134.812 Y118.973 E417.63617
G0 F9000 X134.75 Y119.476
G1 F1500 X130.275 Y115.001 E417.84666
G0 F9000 X130.153 Y115.445
G1 F1500 X130.608 Y115.9 E417.86806
G0 F9000 X130.491 Y116.344
G0 X131.126 Y116.935
G0 X131.578 Y116.87
G1 F1500 X134.671 Y119.963 E418.01355
G0 F9000 X134.574 Y120.432
G1 F1500 X131.6 Y117.458 E418.15344
G0 F9000 X131.599 Y118.022
G1 F1500 X134.45 Y120.874 E418.28756
G0 F9000 X134.32 Y121.309
G1 F1500 X131.598 Y118.587 E418.4156
G0 F9000 X131.598 Y119.152
G1 F1500 X134.16 Y121.715 E418.53613
G0 F9000 X133.997 Y122.118
G1 F1500 X131.597 Y119.717 E418.64904
G0 F9000 X131.597 Y120.283
G1 F1500 X133.811 Y122.498 E418.7532
G0 F9000 X133.619 Y122.871
G1 F1500 X131.596 Y120.848 E418.84836
G0 F9000 X131.595 Y121.413
G1 F1500 X133.406 Y123.224 E418.93354
G0 F9000 X133.191 Y123.574
G1 F1500 X131.595 Y121.978 E419.00861
G0 F9000 X131.594 Y122.543
G1 F1500 X132.955 Y123.904 E419.07263
G0 F9000 X132.714 Y124.229
G1 F1500 X131.558 Y123.073 E419.12701
G0 F9000 X131.392 Y123.473
G1 F1500 X132.454 Y124.534 E419.17694
G0 F9000 X132.191 Y124.837
G1 F1500 X131.298 Y123.944 E419.21894
G0 F9000 X131.491 Y124.703
G1 F1500 X131.907 Y125.119 E419.23851
;TIME_ELAPSED:772.563032
G1 F2700 E414.23851
M140 S0
M107
G91 ;Relative positioning
G1 E-2 F2700 ;Retract a bit
G1 E-2 Z0.2 F2400 ;Retract and raise Z
G1 X5 Y5 F3000 ;Wipe out
G1 Z10 ;Raise Z more
G90 ;Absolute positioning

G1 X0 Y235 ;Present print
M106 S0 ;Turn-off fan
M104 S0 ;Turn-off hotend
M140 S0 ;Turn-off bed

M84 X Y E ;Disable all steppers but Z

M82 ;absolute extrusion mode
M104 S0
;End of Gcode
;SETTING_3 {"global_quality": "[general]\\nversion = 4\\nname = Standard Quality
;SETTING_3  #2\\ndefinition = creality_ender3\\n\\n[metadata]\\ntype = quality_c
;SETTING_3 hanges\\nquality_type = standard\\nsetting_version = 25\\n\\n[values]
;SETTING_3 \\nadhesion_type = brim\\nsupport_enable = True\\nsupport_structure =
;SETTING_3  tree\\n\\n", "extruder_quality": ["[general]\\nversion = 4\\nname = 
;SETTING_3 Standard Quality #2\\ndefinition = creality_ender3\\n\\n[metadata]\\n
;SETTING_3 type = quality_changes\\nquality_type = standard\\nsetting_version = 
;SETTING_3 25\\nposition = 0\\n\\n[values]\\ninfill_pattern = grid\\ninfill_spar
;SETTING_3 se_density = 20\\nsupport_type = buildplate\\n\\n"]}
