;FLAVOR:Marlin
;TIME:1815
;Filament used: 1.15759m
;Layer height: 0.2
;MINX:74.916
;MINY:84.378
;MINZ:0.2
;MAXX:159.049
;MAXY:150.607
;MAXZ:4
;TARGET_MACHINE.NAME:Creality Ender-3
;Generated with Cura_SteamEngine 5.10.2
M140 S50
M105
M190 S50
M104 S200
M105
M109 S200
; Ender 3 Custom Start G-code
G92 E0 ; Reset Extruder
G28 ; Home all axes
G1 Z2.0 F3000 ; Move Z Axis up little to prevent scratching of Heat Bed
G1 X0.1 Y20 Z0.3 F5000.0 ; Move to start position
G1 X0.1 Y200.0 Z0.3 F1500.0 E15 ; Draw the first line
G1 X0.4 Y200.0 Z0.3 F5000.0 ; Move to side a little
G1 X0.4 Y20 Z0.3 F1500.0 E30 ; Draw the second line
G92 E0 ; Reset Extruder
G1 Z2.0 F3000 ; Move Z Axis up little to prevent scratching of Heat Bed
G1 X5 Y20 Z0.3 F5000.0 ; Move over to prevent blob squish
M82 ;absolute extrusion mode
G92 E0
G92 E0
G1 F2700 E-5
;LAYER_COUNT:20
;LAYER:0
M107
G0 F6000 X78.02 Y105.002 Z0.2
;TYPE:SKIRT
G1 F2700 E0
G1 F1200 X79.491 Y104.125 E0.05696
G1 X80.388 Y103.75 E0.0893
G1 X82.297 Y103.484 E0.1534
G1 X83.103 Y103.475 E0.18021
G1 X84.282 Y102.459 E0.23198
G1 X86.087 Y101.013 E0.3089
G1 X87.929 Y99.646 E0.3852
G1 X89.824 Y98.339 E0.46176
G1 X91.745 Y97.113 E0.53756
G1 X93.714 Y95.95 E0.61362
G1 X95.73 Y94.852 E0.68997
G1 X97.768 Y93.839 E0.76567
G1 X99.85 Y92.893 E0.84173
G1 X101.948 Y92.034 E0.91713
G1 X104.092 Y91.243 E0.99314
G1 X106.242 Y90.541 E1.06836
G1 X108.429 Y89.909 E1.14408
G1 X110.619 Y89.366 E1.21912
G1 X112.846 Y88.896 E1.29482
G1 X115.07 Y88.516 E1.36987
G1 X117.322 Y88.208 E1.44547
G1 X119.557 Y87.993 E1.52015
G1 X121.83 Y87.85 E1.5959
G1 X124.066 Y87.8 E1.67028
G1 X126.349 Y87.822 E1.74622
G1 X128.415 Y87.924 E1.81502
G1 X130.856 Y88.143 E1.89653
G1 X133.11 Y88.421 E1.97207
G1 X135.336 Y88.793 E2.04713
G1 X137.541 Y89.235 E2.12193
G1 X138.93 Y89.56 E2.16938
G1 X139.13 Y89.333 E2.17944
G1 X140.237 Y88.288 E2.23007
G1 X141.897 Y87.025 E2.29945
G1 X142.727 Y86.514 E2.33187
G1 X144.545 Y85.624 E2.39919
G1 X145.785 Y85.166 E2.44316
G1 X147.484 Y84.72 E2.50158
G1 X149.098 Y84.473 E2.55589
G1 X150.722 Y84.378 E2.60999
G1 X152.056 Y84.378 E2.65436
G1 X153.651 Y84.792 E2.70917
G1 X154.975 Y85.3 E2.75634
G1 X156.496 Y86.519 E2.82117
G1 X157.504 Y87.548 E2.86908
G1 X158.49 Y89.423 E2.93954
G1 X159.049 Y91.698 E3.01745
G1 X153.788 Y142.418 E4.71346
G1 X152.823 Y144.727 E4.79669
G1 X149.48 Y148.745 E4.97054
G1 X147.519 Y149.937 E5.04687
G1 X146.275 Y150.391 E5.09091
G1 X144.445 Y150.607 E5.1522
G1 X141.446 Y150.563 E5.25196
G1 X139.534 Y150.315 E5.31608
G1 X136.709 Y149.141 E5.41783
G1 X134.344 Y147.328 E5.51695
G1 X132.507 Y144.93 E5.61742
G1 X131.371 Y142.18 E5.71638
G1 X131.015 Y139.41 E5.80927
G1 X131.58 Y131.973 E6.05734
G1 X133.849 Y109.954 E6.79357
G1 X132.833 Y109.671 E6.82865
G1 X131.159 Y109.337 E6.88543
G1 X129.331 Y109.109 E6.9467
G1 X127.491 Y109.015 E7.00797
G1 X125.687 Y109.064 E7.068
G1 X123.904 Y109.243 E7.1276
G1 X122.178 Y109.543 E7.18587
G1 X120.341 Y110.004 E7.24886
G1 X118.51 Y110.609 E7.313
G1 X116.783 Y111.318 E7.37509
G1 X114.984 Y112.202 E7.44176
G1 X113.244 Y113.21 E7.50864
G1 X111.647 Y114.282 E7.57261
G1 X109.869 Y115.637 E7.64697
G1 X108.288 Y117.003 E7.71646
G1 X106.707 Y118.55 E7.79003
G1 X105.001 Y120.421 E7.87424
G1 X103.697 Y122.023 E7.94295
G1 X102.351 Y123.874 E8.01907
G1 X100.808 Y126.252 E8.11335
G1 X99.62 Y128.302 E8.19216
G1 X97.989 Y131.491 E8.31129
G1 X96.686 Y132.996 E8.3775
G1 X94.628 Y134.427 E8.46087
G1 X92.359 Y134.966 E8.53844
G1 X89.238 Y134.967 E8.64224
G1 X87.372 Y134.522 E8.70605
G1 X85.276 Y133.435 E8.78458
G1 X83.816 Y131.825 E8.85687
G1 X83.445 Y131.194 E8.88121
G1 X80.766 Y130.503 E8.97323
G1 X79.123 Y129.625 E9.03519
G1 X78.045 Y128.726 E9.08188
G1 X76.909 Y127.284 E9.14293
G1 X76.297 Y126.073 E9.18806
G1 X75.774 Y124.149 E9.25438
G1 X75.764 Y120.548 E9.37415
G1 X76.187 Y118.892 E9.431
G1 X76.506 Y118.059 E9.46066
G1 X75.969 Y117.319 E9.49107
G1 X75.455 Y116.392 E9.52633
G1 X74.917 Y114.29 E9.59849
G1 X74.916 Y110.402 E9.72781
G1 X75.361 Y108.536 E9.79161
G1 X76.434 Y106.468 E9.8691
G1 X78.02 Y105.002 E9.94094
G0 F6000 X78.259 Y105.326
G1 F1200 X79.696 Y104.469 E9.99659
G1 X80.496 Y104.139 E10.02537
G1 X82.302 Y103.884 E10.08603
G1 X83.253 Y103.873 E10.11767
G1 X84.532 Y102.771 E10.17382
G1 X86.325 Y101.334 E10.25024
G1 X88.156 Y99.975 E10.32608
G1 X90.039 Y98.676 E10.40217
G1 X91.948 Y97.457 E10.4775
G1 X93.905 Y96.301 E10.5531
G1 X95.908 Y95.21 E10.62896
G1 X97.933 Y94.203 E10.70418
G1 X100.002 Y93.263 E10.77977
G1 X102.087 Y92.409 E10.85471
G1 X104.216 Y91.623 E10.93019
G1 X106.353 Y90.925 E11.00496
G1 X108.525 Y90.297 E11.08016
G1 X110.702 Y89.757 E11.15476
G1 X112.913 Y89.29 E11.22992
G1 X115.124 Y88.912 E11.30453
G1 X117.36 Y88.606 E11.37959
G1 X119.582 Y88.392 E11.45384
G1 X121.839 Y88.25 E11.52905
G1 X124.062 Y88.2 E11.60301
G1 X126.329 Y88.222 E11.67841
G1 X128.395 Y88.324 E11.74721
G1 X130.807 Y88.54 E11.82776
G1 X133.044 Y88.816 E11.90272
G1 X135.257 Y89.185 E11.97734
G1 X137.45 Y89.624 E12.05173
G1 X139.073 Y90.004 E12.10717
G1 X139.405 Y89.624 E12.12396
G1 X140.512 Y88.579 E12.17459
G1 X142.107 Y87.366 E12.24124
G1 X142.937 Y86.855 E12.27365
G1 X144.684 Y85.999 E12.33836
G1 X145.887 Y85.553 E12.38103
G1 X147.586 Y85.107 E12.43946
G1 X149.121 Y84.872 E12.49111
G1 X150.722 Y84.778 E12.54445
G1 X152.006 Y84.778 E12.58715
G1 X153.508 Y85.165 E12.63874
G1 X154.773 Y85.65 E12.6838
G1 X156.21 Y86.799 E12.745
G1 X157.178 Y87.787 E12.791
G1 X158.114 Y89.567 E12.85789
G1 X158.644 Y91.724 E12.93177
G1 X153.396 Y142.319 E14.62359
G1 X152.477 Y144.518 E14.70286
G1 X149.216 Y148.437 E14.87243
G1 X147.344 Y149.575 E14.9453
G1 X146.181 Y149.999 E14.98647
G1 X144.451 Y150.207 E15.04442
G1 X141.498 Y150.166 E15.14265
G1 X139.635 Y149.924 E15.20513
G1 X136.91 Y148.792 E15.30328
G1 X134.629 Y147.043 E15.39888
G1 X132.858 Y144.732 E15.49572
G1 X131.761 Y142.076 E15.59129
G1 X131.417 Y139.399 E15.68106
G1 X131.978 Y132.014 E15.9274
G1 X134.282 Y109.66 E16.67483
G1 X132.925 Y109.282 E16.72169
G1 X131.219 Y108.941 E16.77955
G1 X129.373 Y108.711 E16.84142
G1 X127.487 Y108.615 E16.90423
G1 X125.664 Y108.664 E16.96489
G1 X123.85 Y108.846 E17.02552
G1 X122.096 Y109.151 E17.08474
G1 X120.224 Y109.621 E17.14893
G1 X118.376 Y110.232 E17.21367
G1 X116.621 Y110.952 E17.27676
G1 X114.798 Y111.848 E17.34432
G1 X113.028 Y112.873 E17.41235
G1 X111.41 Y113.959 E17.47717
G1 X109.621 Y115.323 E17.55199
G1 X108.013 Y116.712 E17.62266
G1 X106.411 Y118.28 E17.69722
G1 X104.705 Y120.151 E17.78144
G1 X103.381 Y121.778 E17.8512
G1 X102.015 Y123.656 E17.92844
G1 X100.472 Y126.034 E18.02273
G1 X99.274 Y128.101 E18.10219
G1 X97.655 Y131.266 E18.22043
G1 X96.416 Y132.697 E18.28339
G1 X94.463 Y134.055 E18.3625
G1 X92.313 Y134.566 E18.436
G1 X89.285 Y134.567 E18.53672
G1 X87.512 Y134.144 E18.59734
G1 X85.524 Y133.113 E18.67183
G1 X84.139 Y131.586 E18.74039
G1 X83.706 Y130.848 E18.76885
G1 X80.915 Y130.129 E18.86471
G1 X79.345 Y129.29 E18.92392
G1 X78.332 Y128.445 E18.96779
G1 X77.25 Y127.071 E19.02596
G1 X76.672 Y125.928 E19.06856
G1 X76.174 Y124.095 E19.13174
G1 X76.164 Y120.598 E19.24805
G1 X76.561 Y119.035 E19.30169
G1 X76.957 Y118 E19.33854
G1 X76.293 Y117.084 E19.37617
G1 X75.831 Y116.246 E19.408
G1 X75.317 Y114.238 E19.47694
G1 X75.316 Y110.449 E19.60296
G1 X75.739 Y108.676 E19.66359
G1 X76.757 Y106.714 E19.7371
G1 X78.259 Y105.326 E19.80513
G0 F6000 X78.498 Y105.65
G1 F1200 X79.901 Y104.813 E19.85946
G1 X80.6 Y104.528 E19.88457
G1 X82.307 Y104.284 E19.94192
G1 X83.403 Y104.271 E19.97838
G1 X84.782 Y103.083 E20.03892
G1 X86.563 Y101.655 E20.11484
G1 X88.383 Y100.304 E20.19023
G1 X90.254 Y99.013 E20.26584
G1 X92.151 Y97.801 E20.34071
G1 X94.096 Y96.652 E20.41585
G1 X96.086 Y95.568 E20.49122
G1 X98.099 Y94.567 E20.56599
G1 X100.154 Y93.633 E20.64107
G1 X102.226 Y92.784 E20.71554
G1 X104.34 Y92.003 E20.7905
G1 X106.464 Y91.309 E20.86482
G1 X108.621 Y90.685 E20.9395
G1 X110.785 Y90.148 E21.01366
G1 X112.98 Y89.684 E21.08828
G1 X115.178 Y89.308 E21.16245
G1 X117.398 Y89.004 E21.23698
G1 X119.607 Y88.791 E21.31079
G1 X121.848 Y88.65 E21.38547
G1 X124.058 Y88.6 E21.459
G1 X126.309 Y88.622 E21.53387
G1 X128.375 Y88.724 E21.60267
G1 X130.758 Y88.937 E21.68224
G1 X132.978 Y89.211 E21.75664
G1 X135.179 Y89.577 E21.83085
G1 X137.359 Y90.013 E21.90479
G1 X139.217 Y90.448 E21.96826
G1 X139.68 Y89.914 E21.99177
G1 X140.754 Y88.897 E22.04096
G1 X142.317 Y87.707 E22.1063
G1 X143.147 Y87.196 E22.13872
G1 X144.824 Y86.374 E22.20084
G1 X145.989 Y85.94 E22.24219
G1 X147.688 Y85.494 E22.30061
G1 X149.145 Y85.271 E22.34963
G1 X150.722 Y85.178 E22.40218
G1 X151.957 Y85.178 E22.44325
G1 X153.365 Y85.539 E22.4916
G1 X154.573 Y86.002 E22.53463
G1 X155.924 Y87.079 E22.59209
G1 X156.852 Y88.026 E22.63619
G1 X157.738 Y89.711 E22.69951
G1 X158.239 Y91.75 E22.76934
G1 X153.004 Y142.22 E24.45699
G1 X152.131 Y144.309 E24.53229
G1 X148.952 Y148.129 E24.69759
G1 X147.169 Y149.213 E24.76699
G1 X146.086 Y149.608 E24.80533
G1 X144.456 Y149.807 E24.85995
G1 X141.55 Y149.769 E24.95661
G1 X139.736 Y149.533 E25.01745
G1 X137.111 Y148.443 E25.11199
G1 X134.916 Y146.76 E25.20398
G1 X133.208 Y144.531 E25.29738
G1 X132.151 Y141.972 E25.38947
G1 X131.819 Y139.388 E25.47612
G1 X132.376 Y132.055 E25.72072
G1 X134.715 Y109.366 E26.47936
G1 X133.02 Y108.893 E26.53789
G1 X131.277 Y108.545 E26.59701
G1 X129.417 Y108.313 E26.65935
G1 X127.483 Y108.215 E26.72376
G1 X125.641 Y108.264 E26.78504
G1 X123.796 Y108.449 E26.84672
G1 X122.014 Y108.759 E26.90688
G1 X120.111 Y109.237 E26.97214
G1 X118.237 Y109.856 E27.03778
G1 X116.459 Y110.586 E27.10171
G1 X114.612 Y111.494 E27.17016
G1 X112.812 Y112.536 E27.23933
G1 X111.173 Y113.636 E27.30499
G1 X109.373 Y115.009 E27.38028
G1 X107.738 Y116.421 E27.45214
G1 X106.115 Y118.01 E27.52768
G1 X104.409 Y119.881 E27.6119
G1 X103.057 Y121.543 E27.68316
G1 X101.679 Y123.438 E27.76109
G1 X100.136 Y125.816 E27.85537
G1 X98.928 Y127.9 E27.93549
G1 X97.321 Y131.041 E28.05284
G1 X96.146 Y132.398 E28.11254
G1 X94.298 Y133.683 E28.1874
G1 X92.266 Y134.166 E28.25687
G1 X89.332 Y134.167 E28.35445
G1 X87.652 Y133.766 E28.4119
G1 X85.772 Y132.791 E28.48234
G1 X84.464 Y131.349 E28.54709
G1 X83.967 Y130.503 E28.57973
G1 X81.064 Y129.755 E28.67943
G1 X79.567 Y128.955 E28.73589
G1 X78.619 Y128.164 E28.77695
G1 X77.591 Y126.858 E28.83223
G1 X77.047 Y125.783 E28.87231
G1 X76.574 Y124.041 E28.93234
G1 X76.564 Y120.649 E29.04516
G1 X76.949 Y119.134 E29.09715
G1 X77.349 Y118.093 E29.13424
G1 X77.426 Y117.965 E29.13921
G1 X76.617 Y116.849 E29.18506
G1 X76.205 Y116.095 E29.21364
G1 X75.717 Y114.19 E29.27904
G1 X75.716 Y110.496 E29.4019
G1 X76.117 Y108.816 E29.45935
G1 X77.08 Y106.96 E29.5289
G1 X78.498 Y105.65 E29.59311
G0 F6000 X78.739 Y105.972
G1 F1200 X80.106 Y105.157 E29.64604
G1 X80.704 Y104.917 E29.66747
G1 X82.312 Y104.684 E29.72151
G1 X83.554 Y104.669 E29.76282
G1 X85.032 Y103.395 E29.82772
G1 X86.801 Y101.976 E29.90315
G1 X88.61 Y100.633 E29.97809
G1 X90.469 Y99.35 E30.05321
G1 X92.354 Y98.145 E30.12763
G1 X94.287 Y97.003 E30.2023
G1 X96.264 Y95.926 E30.27718
G1 X98.264 Y94.931 E30.35148
G1 X100.306 Y94.003 E30.42608
G1 X102.365 Y93.159 E30.50009
G1 X104.464 Y92.383 E30.57452
G1 X106.575 Y91.693 E30.64839
G1 X108.717 Y91.073 E30.72256
G1 X110.868 Y90.539 E30.79627
G1 X113.048 Y90.078 E30.87038
G1 X115.232 Y89.704 E30.94408
G1 X117.436 Y89.402 E31.01807
G1 X119.632 Y89.19 E31.09145
G1 X121.857 Y89.05 E31.1656
G1 X124.054 Y89 E31.23869
G1 X126.289 Y89.022 E31.31303
G1 X128.355 Y89.124 E31.38183
G1 X130.709 Y89.334 E31.46043
G1 X132.913 Y89.606 E31.5343
G1 X135.101 Y89.969 E31.60806
G1 X137.268 Y90.402 E31.68156
G1 X139.362 Y90.892 E31.75309
G1 X139.956 Y90.204 E31.78332
G1 X140.997 Y89.215 E31.83108
G1 X142.527 Y88.048 E31.89508
G1 X143.357 Y87.537 E31.9275
G1 X144.964 Y86.749 E31.98703
G1 X146.129 Y86.315 E32.02838
G1 X147.789 Y85.881 E32.08545
G1 X149.169 Y85.67 E32.13188
G1 X150.722 Y85.578 E32.18362
G1 X151.905 Y85.578 E32.22297
G1 X153.222 Y85.913 E32.26817
G1 X154.373 Y86.354 E32.30916
G1 X155.638 Y87.359 E32.3629
G1 X156.526 Y88.265 E32.40509
G1 X157.362 Y89.855 E32.46484
G1 X157.834 Y91.776 E32.53064
G1 X152.612 Y142.121 E34.2141
G1 X151.785 Y144.1 E34.28544
G1 X148.688 Y147.821 E34.44646
G1 X146.994 Y148.851 E34.5124
G1 X145.991 Y149.217 E34.54791
G1 X144.461 Y149.407 E34.59919
G1 X141.601 Y149.372 E34.69432
G1 X139.837 Y149.143 E34.75348
G1 X137.312 Y148.094 E34.84442
G1 X135.203 Y146.477 E34.93281
G1 X133.558 Y144.33 E35.02277
G1 X132.541 Y141.868 E35.11137
G1 X132.221 Y139.377 E35.1949
G1 X132.774 Y132.096 E35.43777
G1 X135.148 Y109.072 E36.20761
G1 X133.115 Y108.504 E36.27782
G1 X131.335 Y108.149 E36.33819
G1 X129.46 Y107.915 E36.40103
G1 X127.479 Y107.815 E36.467
G1 X125.618 Y107.864 E36.52892
G1 X123.744 Y108.052 E36.59157
G1 X121.926 Y108.368 E36.65294
G1 X119.997 Y108.853 E36.71909
G1 X118.103 Y109.479 E36.78544
G1 X116.297 Y110.22 E36.85037
G1 X114.419 Y111.143 E36.91997
G1 X112.603 Y112.195 E36.98977
G1 X110.945 Y113.308 E37.05619
G1 X109.111 Y114.706 E37.13289
G1 X107.471 Y116.123 E37.20498
G1 X105.819 Y117.74 E37.28186
G1 X104.113 Y119.611 E37.36608
G1 X102.741 Y121.298 E37.4384
G1 X101.343 Y123.22 E37.51745
G1 X99.8 Y125.598 E37.61173
G1 X98.572 Y127.718 E37.69322
G1 X96.987 Y130.816 E37.80896
G1 X95.876 Y132.099 E37.86541
G1 X94.133 Y133.311 E37.93602
G1 X92.219 Y133.766 E38.00145
G1 X89.379 Y133.767 E38.09591
G1 X87.792 Y133.388 E38.15018
G1 X86.02 Y132.469 E38.21657
G1 X84.789 Y131.112 E38.27751
G1 X84.228 Y130.158 E38.31432
G1 X81.213 Y129.381 E38.41788
G1 X79.789 Y128.62 E38.47158
G1 X78.909 Y127.885 E38.50971
G1 X77.929 Y126.641 E38.56238
G1 X77.423 Y125.64 E38.59969
G1 X76.974 Y123.987 E38.65666
G1 X76.964 Y120.7 E38.76599
G1 X77.337 Y119.233 E38.81633
G1 X77.722 Y118.237 E38.85185
G1 X77.922 Y117.968 E38.863
G1 X76.968 Y116.657 E38.91692
G1 X76.579 Y115.945 E38.94391
G1 X76.117 Y114.142 E39.00581
G1 X76.116 Y110.543 E39.12552
G1 X76.495 Y108.956 E39.17979
G1 X77.402 Y107.208 E39.24529
G1 X78.739 Y105.972 E39.30584
G0 F6000 X78.978 Y106.296
G1 F1200 X80.311 Y105.501 E39.35747
G1 X80.81 Y105.306 E39.37529
G1 X82.317 Y105.084 E39.42595
G1 X83.705 Y105.067 E39.47212
G1 X85.282 Y103.707 E39.54138
G1 X87.039 Y102.297 E39.61631
G1 X88.837 Y100.962 E39.69079
G1 X90.684 Y99.687 E39.76544
G1 X92.558 Y98.489 E39.83942
G1 X94.478 Y97.354 E39.9136
G1 X96.442 Y96.284 E39.98799
G1 X98.429 Y95.295 E40.06181
G1 X100.458 Y94.373 E40.13594
G1 X102.504 Y93.534 E40.20948
G1 X104.588 Y92.763 E40.28339
G1 X106.686 Y92.077 E40.35681
G1 X108.813 Y91.461 E40.43046
G1 X110.951 Y90.93 E40.50373
G1 X113.116 Y90.472 E40.57733
G1 X115.286 Y90.1 E40.65056
G1 X117.474 Y89.8 E40.72401
G1 X119.657 Y89.589 E40.79696
G1 X121.866 Y89.45 E40.87057
G1 X124.05 Y89.4 E40.94323
G1 X126.269 Y89.422 E41.01704
G1 X128.335 Y89.524 E41.08584
G1 X130.66 Y89.731 E41.16347
G1 X132.848 Y90.001 E41.2368
G1 X135.023 Y90.361 E41.31013
G1 X137.177 Y90.791 E41.38318
G1 X139.507 Y91.336 E41.46277
G1 X140.232 Y90.494 E41.49972
G1 X141.273 Y89.505 E41.54748
G1 X142.737 Y88.389 E41.60871
G1 X143.567 Y87.878 E41.64113
G1 X145.104 Y87.124 E41.69807
G1 X146.269 Y86.69 E41.73942
G1 X147.89 Y86.268 E41.79513
G1 X149.193 Y86.069 E41.83897
G1 X150.722 Y85.978 E41.88992
G1 X151.853 Y85.978 E41.92753
G1 X153.123 Y86.301 E41.97112
G1 X154.172 Y86.705 E42.00851
G1 X155.352 Y87.639 E42.05856
G1 X156.2 Y88.504 E42.09885
G1 X156.986 Y89.999 E42.15503
G1 X157.429 Y91.802 E42.21678
G1 X152.22 Y142.022 E43.89606
G1 X151.439 Y143.891 E43.96343
G1 X148.424 Y147.513 E44.12018
G1 X146.819 Y148.489 E44.18266
G1 X145.896 Y148.826 E44.21534
G1 X144.466 Y149.007 E44.26328
G1 X141.652 Y148.975 E44.35688
G1 X139.94 Y148.753 E44.4143
G1 X137.512 Y147.744 E44.50175
G1 X135.49 Y146.194 E44.58649
G1 X133.908 Y144.129 E44.67301
G1 X132.931 Y141.764 E44.75812
G1 X132.623 Y139.366 E44.83853
G1 X133.172 Y132.137 E45.07966
G1 X135.577 Y108.811 E45.8596
G1 X135.139 Y108.654 E45.87507
G1 X133.207 Y108.115 E45.94178
G1 X131.395 Y107.753 E46.00324
G1 X129.502 Y107.517 E46.06669
G1 X127.476 Y107.415 E46.13416
G1 X125.594 Y107.464 E46.19678
G1 X123.692 Y107.655 E46.26036
G1 X121.838 Y107.977 E46.32295
G1 X119.883 Y108.469 E46.39
G1 X117.969 Y109.102 E46.45705
G1 X116.135 Y109.854 E46.52298
G1 X114.233 Y110.789 E46.59347
G1 X112.387 Y111.858 E46.66442
G1 X110.717 Y112.98 E46.73133
G1 X108.855 Y114.399 E46.8092
G1 X107.196 Y115.832 E46.88211
G1 X105.523 Y117.47 E46.95998
G1 X103.817 Y119.341 E47.0442
G1 X102.417 Y121.063 E47.11801
G1 X101.007 Y123.002 E47.19775
G1 X99.464 Y125.38 E47.29204
G1 X98.226 Y127.517 E47.37418
G1 X96.653 Y130.591 E47.48903
G1 X95.606 Y131.8 E47.54222
G1 X93.968 Y132.939 E47.60858
G1 X92.172 Y133.366 E47.66998
G1 X89.426 Y133.367 E47.76131
G1 X87.932 Y133.01 E47.8124
G1 X86.268 Y132.147 E47.87475
G1 X85.114 Y130.875 E47.93187
G1 X84.489 Y129.813 E47.97286
G1 X81.362 Y129.007 E48.08026
G1 X80.011 Y128.285 E48.13121
G1 X79.196 Y127.604 E48.16653
G1 X78.27 Y126.428 E48.21632
G1 X77.798 Y125.495 E48.25109
G1 X77.374 Y123.933 E48.30493
G1 X77.364 Y120.751 E48.41076
G1 X77.725 Y119.332 E48.45946
G1 X78.076 Y118.432 E48.49159
G1 X78.438 Y117.945 E48.51177
G1 X78.319 Y117.833 E48.51721
G1 X77.319 Y116.465 E48.57357
G1 X76.953 Y115.795 E48.59896
G1 X76.517 Y114.094 E48.65737
G1 X76.516 Y110.59 E48.77391
G1 X76.873 Y109.096 E48.825
G1 X77.725 Y107.454 E48.88653
G1 X78.978 Y106.296 E48.94327
G0 F6000 X79.219 Y106.618
G1 F1200 X80.516 Y105.845 E48.99349
G1 X80.91 Y105.696 E49.0075
G1 X82.322 Y105.484 E49.05499
G1 X83.856 Y105.465 E49.10602
G1 X85.532 Y104.019 E49.17964
G1 X87.277 Y102.618 E49.25407
G1 X89.064 Y101.291 E49.3281
G1 X90.899 Y100.024 E49.40227
G1 X92.762 Y98.833 E49.47581
G1 X94.669 Y97.705 E49.54951
G1 X96.62 Y96.642 E49.6234
G1 X98.594 Y95.659 E49.69675
G1 X100.61 Y94.743 E49.7704
G1 X102.643 Y93.909 E49.84348
G1 X104.712 Y93.143 E49.91686
G1 X106.797 Y92.461 E49.98983
G1 X108.909 Y91.849 E50.06296
G1 X111.034 Y91.321 E50.13579
G1 X113.184 Y90.866 E50.20888
G1 X115.34 Y90.496 E50.28164
G1 X117.513 Y90.198 E50.35459
G1 X119.682 Y89.988 E50.42707
G1 X121.875 Y89.85 E50.50015
G1 X124.046 Y89.8 E50.57238
G1 X126.249 Y89.822 E50.64565
G1 X128.315 Y89.924 E50.71445
G1 X130.611 Y90.128 E50.79112
G1 X132.783 Y90.396 E50.86391
G1 X134.945 Y90.753 E50.93679
G1 X137.086 Y91.18 E51.0094
G1 X139.224 Y91.681 E51.08244
G1 X139.64 Y91.796 E51.09679
G1 X140.508 Y90.784 E51.14114
G1 X141.516 Y89.823 E51.18746
G1 X142.947 Y88.73 E51.24735
G1 X143.777 Y88.219 E51.27977
G1 X145.244 Y87.499 E51.33412
G1 X146.409 Y87.065 E51.37547
G1 X147.99 Y86.655 E51.42979
G1 X149.217 Y86.468 E51.47108
G1 X150.722 Y86.378 E51.52122
G1 X151.801 Y86.378 E51.55711
G1 X153.024 Y86.689 E51.59908
G1 X153.972 Y87.057 E51.6329
G1 X155.066 Y87.919 E51.67923
G1 X155.874 Y88.743 E51.71761
G1 X156.61 Y90.143 E51.77022
G1 X157.024 Y91.828 E51.82793
G1 X151.828 Y141.923 E53.50303
G1 X151.093 Y143.682 E53.56644
G1 X148.16 Y147.205 E53.71891
G1 X146.644 Y148.127 E53.77792
G1 X145.801 Y148.435 E53.80778
G1 X144.47 Y148.607 E53.85241
G1 X141.704 Y148.578 E53.94442
G1 X140.041 Y148.362 E54.00019
G1 X137.713 Y147.395 E54.08404
G1 X135.775 Y145.909 E54.16526
G1 X134.259 Y143.931 E54.24815
G1 X133.321 Y141.66 E54.32987
G1 X133.025 Y139.355 E54.40717
G1 X133.57 Y132.178 E54.64656
G1 X136.007 Y108.54 E55.43693
G1 X135.268 Y108.275 E55.46305
G1 X133.302 Y107.726 E55.53094
G1 X131.453 Y107.357 E55.59365
G1 X129.545 Y107.119 E55.6576
G1 X127.473 Y107.015 E55.7266
G1 X125.57 Y107.064 E55.78992
G1 X123.638 Y107.258 E55.8545
G1 X121.752 Y107.586 E55.91817
G1 X119.773 Y108.084 E55.98604
G1 X117.83 Y108.726 E56.0541
G1 X115.973 Y109.488 E56.12086
G1 X114.047 Y110.435 E56.19225
G1 X112.171 Y111.521 E56.26434
G1 X110.48 Y112.657 E56.3321
G1 X108.598 Y114.092 E56.41082
G1 X106.929 Y115.534 E56.48418
G1 X105.227 Y117.2 E56.56339
G1 X103.521 Y119.071 E56.64761
G1 X102.101 Y120.818 E56.72249
G1 X100.671 Y122.784 E56.80334
G1 X99.128 Y125.162 E56.89763
G1 X97.88 Y127.316 E56.98043
G1 X96.319 Y130.366 E57.09438
G1 X95.336 Y131.501 E57.14432
G1 X93.803 Y132.567 E57.20643
G1 X92.125 Y132.966 E57.26379
G1 X89.473 Y132.967 E57.352
G1 X88.072 Y132.632 E57.39991
G1 X86.516 Y131.825 E57.45821
G1 X85.439 Y130.638 E57.51152
G1 X84.75 Y129.468 E57.55668
G1 X81.509 Y128.632 E57.668
G1 X80.238 Y127.953 E57.71593
G1 X79.482 Y127.321 E57.7487
G1 X78.611 Y126.215 E57.79553
G1 X78.173 Y125.35 E57.82778
G1 X77.774 Y123.879 E57.87847
G1 X77.764 Y120.801 E57.98084
G1 X78.098 Y119.477 E58.02626
G1 X78.429 Y118.628 E58.05657
G1 X78.994 Y117.868 E58.08807
G1 X78.641 Y117.596 E58.10289
G1 X77.67 Y116.273 E58.15747
G1 X77.327 Y115.645 E58.18127
G1 X76.917 Y114.046 E58.23617
G1 X76.916 Y110.637 E58.34956
G1 X77.251 Y109.236 E58.39747
G1 X78.047 Y107.702 E58.45495
G1 X79.219 Y106.618 E58.50805
G0 F6000 X79.46 Y106.94
G1 F1200 X80.721 Y106.189 E58.55686
G1 X81.01 Y106.086 E58.56707
G1 X82.381 Y105.88 E58.61318
G1 X84.006 Y105.863 E58.66723
G1 X85.782 Y104.331 E58.74524
G1 X87.515 Y102.939 E58.81917
G1 X89.291 Y101.62 E58.89275
G1 X91.114 Y100.361 E58.96644
G1 X92.966 Y99.177 E59.03955
G1 X94.86 Y98.056 E59.11275
G1 X96.798 Y97 E59.18616
G1 X98.759 Y96.023 E59.25903
G1 X100.762 Y95.113 E59.3322
G1 X102.782 Y94.284 E59.40482
G1 X104.836 Y93.523 E59.47768
G1 X106.908 Y92.845 E59.55019
G1 X109.005 Y92.237 E59.62281
G1 X111.117 Y91.712 E59.69519
G1 X113.252 Y91.26 E59.76777
G1 X115.394 Y90.892 E59.84006
G1 X117.552 Y90.596 E59.91251
G1 X119.707 Y90.387 E59.98452
G1 X121.884 Y90.25 E60.05707
G1 X124.042 Y90.2 E60.12887
G1 X126.229 Y90.222 E60.20161
G1 X128.295 Y90.324 E60.27041
G1 X130.562 Y90.525 E60.3461
G1 X132.718 Y90.791 E60.41836
G1 X134.867 Y91.145 E60.4908
G1 X136.995 Y91.569 E60.56297
G1 X139.117 Y92.066 E60.63545
G1 X139.778 Y92.249 E60.65827
G1 X140.812 Y91.044 E60.71108
G1 X141.759 Y90.141 E60.7546
G1 X143.157 Y89.071 E60.81315
G1 X143.987 Y88.56 E60.84557
G1 X145.384 Y87.874 E60.89733
G1 X146.549 Y87.44 E60.93868
G1 X148.09 Y87.042 E60.99162
G1 X149.241 Y86.867 E61.03034
G1 X150.722 Y86.778 E61.07969
G1 X151.75 Y86.778 E61.11388
G1 X152.879 Y87.062 E61.1526
G1 X153.771 Y87.408 E61.18442
G1 X154.78 Y88.199 E61.22707
G1 X155.548 Y88.982 E61.26354
G1 X156.234 Y90.287 E61.31258
G1 X156.619 Y91.854 E61.36625
G1 X151.436 Y141.824 E63.03717
G1 X150.747 Y143.473 E63.09662
G1 X147.897 Y146.897 E63.24479
G1 X146.469 Y147.765 E63.30037
G1 X145.707 Y148.043 E63.32735
G1 X144.474 Y148.207 E63.36872
G1 X141.756 Y148.181 E63.45912
G1 X140.142 Y147.971 E63.51326
G1 X137.917 Y147.047 E63.59339
G1 X136.06 Y145.624 E63.6712
G1 X134.609 Y143.73 E63.75056
G1 X133.711 Y141.556 E63.82879
G1 X133.427 Y139.344 E63.90297
G1 X133.968 Y132.219 E64.14063
G1 X136.437 Y108.27 E64.9414
G1 X135.385 Y107.892 E64.97857
G1 X133.397 Y107.337 E65.04722
G1 X131.513 Y106.961 E65.11112
G1 X129.587 Y106.721 E65.17568
G1 X127.47 Y106.615 E65.24618
G1 X125.546 Y106.664 E65.31019
G1 X123.586 Y106.861 E65.37571
G1 X121.664 Y107.195 E65.44059
G1 X119.663 Y107.699 E65.50922
G1 X117.692 Y108.35 E65.57826
G1 X115.811 Y109.122 E65.64589
G1 X113.854 Y110.084 E65.71842
G1 X111.962 Y111.18 E65.79114
G1 X110.243 Y112.334 E65.86001
G1 X108.35 Y113.778 E65.93919
G1 X106.654 Y115.243 E66.01373
G1 X104.931 Y116.93 E66.09394
G1 X103.225 Y118.801 E66.17815
G1 X101.777 Y120.583 E66.25452
G1 X100.335 Y122.566 E66.33607
G1 X98.792 Y124.944 E66.43035
G1 X97.534 Y127.115 E66.51381
G1 X95.985 Y130.141 E66.62687
G1 X95.066 Y131.202 E66.67356
G1 X93.638 Y132.195 E66.73141
G1 X92.078 Y132.566 E66.78474
G1 X89.52 Y132.567 E66.86982
G1 X88.212 Y132.254 E66.91456
G1 X86.764 Y131.503 E66.96881
G1 X85.764 Y130.401 E67.0183
G1 X85.011 Y129.123 E67.06764
G1 X81.656 Y128.257 E67.18288
G1 X80.465 Y127.621 E67.22779
G1 X79.77 Y127.04 E67.25792
G1 X78.95 Y125.999 E67.30199
G1 X78.548 Y125.205 E67.3316
G1 X78.174 Y123.825 E67.37915
G1 X78.164 Y120.851 E67.47807
G1 X78.486 Y119.575 E67.52184
G1 X78.783 Y118.822 E67.54876
G1 X79.549 Y117.79 E67.59151
G1 X78.929 Y117.313 E67.61752
G1 X78.021 Y116.081 E67.66843
G1 X77.701 Y115.495 E67.69063
G1 X77.317 Y113.998 E67.74204
G1 X77.316 Y110.684 E67.85226
G1 X77.629 Y109.376 E67.89699
G1 X78.369 Y107.95 E67.95043
G1 X79.46 Y106.94 E67.99988
G0 F6000 X79.698 Y107.264
G1 F1200 X80.926 Y106.533 E68.04741
G1 X81.069 Y106.482 E68.05246
G1 X82.44 Y106.276 E68.09857
G1 X84.163 Y106.262 E68.15588
G1 X84.355 Y106.085 E68.16456
G1 X86.032 Y104.643 E68.23813
G1 X87.754 Y103.26 E68.31159
G1 X89.518 Y101.949 E68.38469
G1 X91.329 Y100.698 E68.45789
G1 X93.17 Y99.521 E68.53057
G1 X95.051 Y98.407 E68.60328
G1 X96.976 Y97.358 E68.6762
G1 X98.925 Y96.387 E68.74862
G1 X100.914 Y95.483 E68.82129
G1 X102.921 Y94.659 E68.89345
G1 X104.96 Y93.903 E68.96577
G1 X107.019 Y93.229 E69.03783
G1 X109.102 Y92.625 E69.10997
G1 X111.2 Y92.103 E69.18187
G1 X113.32 Y91.654 E69.25395
G1 X115.448 Y91.288 E69.32577
G1 X117.591 Y90.994 E69.39771
G1 X119.732 Y90.786 E69.46926
G1 X121.893 Y90.65 E69.54127
G1 X124.038 Y90.6 E69.61264
G1 X126.209 Y90.622 E69.68485
G1 X128.275 Y90.724 E69.75365
G1 X130.513 Y90.922 E69.82837
G1 X132.653 Y91.186 E69.90009
G1 X134.789 Y91.537 E69.97209
G1 X136.904 Y91.958 E70.04381
G1 X139.011 Y92.452 E70.11579
G1 X139.967 Y92.716 E70.14878
G1 X140.237 Y92.329 E70.16447
G1 X141.116 Y91.305 E70.20936
G1 X142.002 Y90.458 E70.25013
G1 X143.367 Y89.412 E70.30732
G1 X144.197 Y88.901 E70.33974
G1 X145.524 Y88.249 E70.38892
G1 X146.689 Y87.815 E70.43027
G1 X148.19 Y87.429 E70.48181
G1 X149.265 Y87.266 E70.51798
G1 X150.722 Y87.178 E70.56653
G1 X151.7 Y87.178 E70.59905
G1 X152.781 Y87.45 E70.63613
G1 X153.568 Y87.758 E70.66424
G1 X154.494 Y88.479 E70.70327
G1 X155.222 Y89.221 E70.73785
G1 X155.858 Y90.431 E70.78331
G1 X156.214 Y91.88 E70.83294
G1 X151.044 Y141.725 E72.49968
G1 X150.401 Y143.264 E72.55516
G1 X147.634 Y146.589 E72.69903
G1 X146.294 Y147.403 E72.75118
G1 X145.612 Y147.652 E72.77533
G1 X144.421 Y147.81 E72.81529
G1 X141.808 Y147.784 E72.9022
G1 X140.243 Y147.58 E72.95469
G1 X138.121 Y146.699 E73.03111
G1 X136.345 Y145.339 E73.10551
G1 X134.959 Y143.529 E73.18134
G1 X134.101 Y141.452 E73.25608
G1 X133.829 Y139.333 E73.32714
G1 X134.366 Y132.26 E73.56306
G1 X136.867 Y108 E74.37423
G1 X135.502 Y107.509 E74.42248
G1 X133.492 Y106.948 E74.49189
G1 X131.573 Y106.565 E74.55697
G1 X129.615 Y106.321 E74.6226
G1 X127.48 Y106.215 E74.6937
G1 X125.523 Y106.264 E74.75881
G1 X123.534 Y106.464 E74.82529
G1 X121.576 Y106.804 E74.89139
G1 X119.549 Y107.315 E74.96092
G1 X117.558 Y107.973 E75.03066
G1 X115.649 Y108.756 E75.09929
G1 X113.668 Y109.73 E75.17271
G1 X111.746 Y110.843 E75.24658
G1 X110.006 Y112.011 E75.31629
G1 X108.093 Y113.471 E75.39633
G1 X106.387 Y114.945 E75.47131
G1 X104.635 Y116.66 E75.55286
G1 X102.929 Y118.531 E75.63707
G1 X101.461 Y120.338 E75.71451
G1 X99.999 Y122.348 E75.79717
G1 X98.456 Y124.726 E75.89146
G1 X97.188 Y126.914 E75.97557
G1 X95.651 Y129.916 E76.08774
G1 X94.796 Y130.903 E76.13117
G1 X93.473 Y131.823 E76.18477
G1 X92.031 Y132.166 E76.23407
G1 X89.567 Y132.167 E76.31602
G1 X88.352 Y131.876 E76.35757
G1 X87.012 Y131.181 E76.40778
G1 X86.089 Y130.164 E76.45346
G1 X85.423 Y129.034 E76.49709
G1 X85.346 Y128.797 E76.50537
G1 X81.803 Y127.882 E76.62708
G1 X80.692 Y127.289 E76.66897
G1 X80.058 Y126.759 E76.69645
G1 X79.288 Y125.782 E76.73783
G1 X78.924 Y125.062 E76.76466
G1 X78.574 Y123.771 E76.80915
G1 X78.564 Y120.9 E76.90464
G1 X78.858 Y119.722 E76.94502
G1 X79.136 Y119.017 E76.97023
G1 X80.134 Y117.673 E77.02591
G1 X79.788 Y117.47 E77.03925
G1 X79.216 Y117.029 E77.06327
G1 X78.372 Y115.889 E77.11045
G1 X78.075 Y115.345 E77.13106
G1 X77.717 Y113.95 E77.17896
G1 X77.716 Y110.731 E77.28603
G1 X78.007 Y109.516 E77.32758
G1 X78.692 Y108.196 E77.37704
G1 X79.698 Y107.264 E77.42266
G0 F6000 X79.938 Y107.586
G1 F1200 X81.13 Y106.877 E77.46879
G1 X82.443 Y106.676 E77.51297
G1 X84.32 Y106.661 E77.5754
G1 X84.616 Y106.388 E77.58879
G1 X86.282 Y104.955 E77.66188
G1 X87.993 Y103.581 E77.73486
G1 X89.745 Y102.278 E77.80749
G1 X91.544 Y101.035 E77.88021
G1 X93.374 Y99.865 E77.95246
G1 X95.242 Y98.758 E78.02468
G1 X97.154 Y97.716 E78.0971
G1 X99.09 Y96.751 E78.16905
G1 X101.066 Y95.853 E78.24124
G1 X103.06 Y95.034 E78.31294
G1 X105.085 Y94.283 E78.38477
G1 X107.13 Y93.613 E78.45634
G1 X109.199 Y93.013 E78.52799
G1 X111.283 Y92.494 E78.59943
G1 X113.388 Y92.048 E78.67099
G1 X115.502 Y91.684 E78.74234
G1 X117.63 Y91.392 E78.81378
G1 X119.757 Y91.185 E78.88486
G1 X121.902 Y91.05 E78.95634
G1 X124.034 Y91 E79.02727
G1 X126.189 Y91.022 E79.09895
G1 X128.255 Y91.124 E79.16775
G1 X130.464 Y91.319 E79.24151
G1 X132.588 Y91.581 E79.31269
G1 X134.711 Y91.929 E79.38424
G1 X136.813 Y92.347 E79.45552
G1 X138.904 Y92.838 E79.52696
G1 X140.134 Y93.178 E79.56941
G1 X140.541 Y92.59 E79.59319
G1 X141.42 Y91.566 E79.63808
G1 X142.278 Y90.748 E79.67751
G1 X143.577 Y89.752 E79.73195
G1 X144.374 Y89.26 E79.7631
G1 X145.664 Y88.624 E79.81094
G1 X146.829 Y88.19 E79.85229
G1 X148.251 Y87.824 E79.90112
G1 X149.289 Y87.665 E79.93605
G1 X150.722 Y87.578 E79.9838
G1 X151.65 Y87.578 E80.01467
G1 X152.683 Y87.838 E80.0501
G1 X153.367 Y88.109 E80.07457
G1 X154.248 Y88.795 E80.1117
G1 X154.895 Y89.458 E80.14252
G1 X155.482 Y90.575 E80.18448
G1 X155.809 Y91.906 E80.23007
G1 X150.652 Y141.626 E81.89264
G1 X150.056 Y143.052 E81.94404
G1 X147.369 Y146.282 E82.08378
G1 X146.119 Y147.041 E82.13242
G1 X145.514 Y147.262 E82.15385
G1 X144.425 Y147.41 E82.1904
G1 X141.86 Y147.387 E82.27571
G1 X140.345 Y147.19 E82.32653
G1 X138.324 Y146.35 E82.39932
G1 X136.63 Y145.054 E82.47026
G1 X135.309 Y143.328 E82.54255
G1 X134.491 Y141.348 E82.61381
G1 X134.231 Y139.322 E82.68174
G1 X134.764 Y132.301 E82.91594
G1 X137.297 Y107.73 E83.7375
G1 X135.619 Y107.126 E83.79682
G1 X133.587 Y106.559 E83.86698
G1 X131.633 Y106.169 E83.93326
G1 X129.643 Y105.921 E83.99996
G1 X127.49 Y105.814 E84.07165
G1 X125.5 Y105.864 E84.13786
G1 X123.48 Y106.067 E84.20539
G1 X121.49 Y106.413 E84.27257
G1 X119.439 Y106.93 E84.34292
G1 X117.42 Y107.597 E84.41364
G1 X115.487 Y108.39 E84.48313
G1 X113.475 Y109.379 E84.5577
G1 X111.537 Y110.502 E84.6322
G1 X109.769 Y111.688 E84.703
G1 X107.836 Y113.164 E84.7839
G1 X106.12 Y114.647 E84.85933
G1 X104.339 Y116.39 E84.94222
G1 X102.633 Y118.261 E85.02643
G1 X101.137 Y120.103 E85.10536
G1 X99.663 Y122.13 E85.18871
G1 X98.12 Y124.508 E85.283
G1 X96.842 Y126.713 E85.36776
G1 X95.317 Y129.691 E85.47905
G1 X94.526 Y130.604 E85.51922
G1 X93.308 Y131.451 E85.56857
G1 X91.984 Y131.766 E85.61383
G1 X89.614 Y131.767 E85.69266
G1 X88.492 Y131.498 E85.73103
G1 X87.26 Y130.859 E85.77719
G1 X86.414 Y129.927 E85.81906
G1 X85.768 Y128.831 E85.86137
G1 X85.676 Y128.469 E85.8738
G1 X81.95 Y127.507 E86.00179
G1 X80.919 Y126.957 E86.04065
G1 X80.346 Y126.478 E86.06549
G1 X79.626 Y125.565 E86.10417
G1 X79.3 Y124.919 E86.12823
G1 X78.974 Y123.717 E86.16966
G1 X78.964 Y120.947 E86.26179
G1 X79.23 Y119.869 E86.29872
G1 X79.489 Y119.212 E86.3222
G1 X80.378 Y118.015 E86.3718
G1 X80.907 Y117.656 E86.39306
G1 X80.032 Y117.153 E86.42663
G1 X79.505 Y116.747 E86.44875
G1 X78.723 Y115.697 E86.4923
G1 X78.449 Y115.195 E86.51132
G1 X78.117 Y113.902 E86.55572
G1 X78.116 Y110.778 E86.65963
G1 X78.385 Y109.656 E86.698
G1 X79.015 Y108.442 E86.74349
G1 X79.938 Y107.586 E86.78536
G0 F6000 X80.177 Y107.91
G1 F1200 X81.269 Y107.26 E86.82763
G1 X82.446 Y107.076 E86.86725
G1 X84.477 Y107.06 E86.93481
G1 X84.877 Y106.691 E86.95291
G1 X86.532 Y105.267 E87.02552
G1 X88.232 Y103.902 E87.09804
G1 X89.972 Y102.607 E87.17018
G1 X91.759 Y101.372 E87.24243
G1 X93.578 Y100.209 E87.31424
G1 X95.433 Y99.109 E87.38596
G1 X97.332 Y98.074 E87.4579
G1 X99.256 Y97.115 E87.5294
G1 X101.218 Y96.223 E87.60108
G1 X103.199 Y95.409 E87.67232
G1 X105.21 Y94.663 E87.74366
G1 X107.241 Y93.997 E87.81475
G1 X109.296 Y93.401 E87.88591
G1 X111.366 Y92.885 E87.95687
G1 X113.456 Y92.442 E88.02793
G1 X115.556 Y92.08 E88.0988
G1 X117.669 Y91.79 E88.16974
G1 X119.782 Y91.584 E88.24035
G1 X121.911 Y91.45 E88.3113
G1 X124.03 Y91.4 E88.3818
G1 X126.169 Y91.422 E88.45295
G1 X128.235 Y91.524 E88.52175
G1 X130.415 Y91.716 E88.59454
G1 X132.523 Y91.976 E88.66518
G1 X134.633 Y92.321 E88.73629
G1 X136.721 Y92.736 E88.8071
G1 X138.797 Y93.224 E88.87803
G1 X140.301 Y93.64 E88.92993
G1 X140.845 Y92.851 E88.9618
G1 X141.724 Y91.827 E89.00669
G1 X142.522 Y91.065 E89.04339
G1 X143.788 Y90.092 E89.09649
G1 X144.551 Y89.619 E89.12635
G1 X145.841 Y88.983 E89.17419
G1 X146.968 Y88.565 E89.21417
G1 X148.312 Y88.219 E89.26033
G1 X149.313 Y88.064 E89.29402
G1 X150.722 Y87.978 E89.34097
G1 X151.602 Y87.978 E89.37024
G1 X152.536 Y88.21 E89.40225
G1 X153.165 Y88.459 E89.42475
G1 X154.002 Y89.111 E89.46003
G1 X154.568 Y89.695 E89.48708
G1 X155.106 Y90.719 E89.52556
G1 X155.404 Y91.932 E89.5671
G1 X150.26 Y141.527 E91.22549
G1 X149.711 Y142.84 E91.27282
G1 X147.103 Y145.975 E91.40845
G1 X145.944 Y146.679 E91.45356
G1 X145.416 Y146.872 E91.47225
G1 X144.428 Y147.01 E91.50543
G1 X141.912 Y146.99 E91.58912
G1 X140.446 Y146.799 E91.63829
G1 X138.528 Y146.002 E91.70737
G1 X136.915 Y144.768 E91.77492
G1 X135.659 Y143.127 E91.84365
G1 X134.881 Y141.244 E91.91142
G1 X134.633 Y139.311 E91.97624
G1 X135.162 Y132.342 E92.20869
G1 X137.727 Y107.46 E93.04066
G1 X135.744 Y106.746 E93.11076
G1 X133.679 Y106.17 E93.18206
G1 X131.693 Y105.773 E93.24942
G1 X129.671 Y105.521 E93.31719
G1 X127.5 Y105.413 E93.38949
G1 X125.477 Y105.464 E93.4568
G1 X123.428 Y105.67 E93.52529
G1 X121.402 Y106.022 E93.59369
G1 X119.325 Y106.546 E93.66493
G1 X117.286 Y107.22 E93.73636
G1 X115.325 Y108.024 E93.80685
G1 X113.289 Y109.025 E93.88231
G1 X111.321 Y110.165 E93.95795
G1 X109.532 Y111.365 E94.0296
G1 X107.579 Y112.857 E94.11135
G1 X105.853 Y114.349 E94.18723
G1 X104.043 Y116.12 E94.27145
G1 X102.337 Y117.991 E94.35567
G1 X100.82 Y119.859 E94.43571
G1 X99.327 Y121.912 E94.52014
G1 X97.784 Y124.29 E94.61442
G1 X96.496 Y126.512 E94.69984
G1 X94.983 Y129.466 E94.81023
G1 X94.256 Y130.305 E94.84715
G1 X93.143 Y131.079 E94.89224
G1 X91.937 Y131.366 E94.93348
G1 X89.661 Y131.367 E95.00918
G1 X88.632 Y131.12 E95.04437
G1 X87.508 Y130.537 E95.08649
G1 X86.739 Y129.69 E95.12454
G1 X86.113 Y128.628 E95.16554
G1 X86.022 Y128.145 E95.18189
G1 X82.097 Y127.132 E95.31671
G1 X81.143 Y126.623 E95.35267
G1 X80.633 Y126.197 E95.37477
G1 X79.966 Y125.35 E95.41063
G1 X79.676 Y124.776 E95.43202
G1 X79.374 Y123.663 E95.47038
G1 X79.364 Y120.996 E95.55908
G1 X79.602 Y120.016 E95.59263
G1 X79.841 Y119.409 E95.61432
G1 X80.659 Y118.308 E95.65994
G1 X81.817 Y117.522 E95.70649
G1 X81.148 Y117.332 E95.72963
G1 X80.276 Y116.836 E95.76299
G1 X79.793 Y116.464 E95.78327
G1 X79.044 Y115.458 E95.82498
G1 X78.823 Y115.047 E95.8405
G1 X78.517 Y113.854 E95.88147
G1 X78.516 Y110.825 E95.98221
G1 X78.763 Y109.796 E96.01741
G1 X79.338 Y108.688 E96.05893
G1 X80.177 Y107.91 E96.09699
G0 F6000 X80.416 Y108.234
G1 F1200 X81.408 Y107.643 E96.13539
G1 X82.449 Y107.476 E96.17046
G1 X84.634 Y107.459 E96.24313
G1 X85.138 Y106.994 E96.26594
G1 X86.783 Y105.579 E96.33811
G1 X88.471 Y104.223 E96.41013
G1 X90.199 Y102.936 E96.48179
G1 X91.974 Y101.709 E96.55356
G1 X93.782 Y100.553 E96.62493
G1 X95.624 Y99.46 E96.69617
G1 X97.51 Y98.432 E96.76761
G1 X99.422 Y97.479 E96.83867
G1 X101.37 Y96.593 E96.90985
G1 X103.338 Y95.784 E96.98062
G1 X105.335 Y95.043 E97.05146
G1 X107.352 Y94.381 E97.12207
G1 X109.393 Y93.789 E97.19275
G1 X111.449 Y93.276 E97.26323
G1 X113.524 Y92.836 E97.33378
G1 X115.61 Y92.476 E97.40419
G1 X117.708 Y92.188 E97.47462
G1 X119.807 Y91.983 E97.54476
G1 X121.92 Y91.85 E97.61518
G1 X124.026 Y91.8 E97.68525
G1 X126.149 Y91.822 E97.75586
G1 X128.215 Y91.924 E97.82466
G1 X130.366 Y92.113 E97.89648
G1 X132.459 Y92.371 E97.96662
G1 X134.555 Y92.713 E98.03726
G1 X136.629 Y93.125 E98.10759
G1 X138.69 Y93.61 E98.17801
G1 X140.469 Y94.102 E98.2394
G1 X141.149 Y93.112 E98.27934
G1 X142.028 Y92.088 E98.32423
G1 X142.798 Y91.355 E98.35959
G1 X143.999 Y90.432 E98.40997
G1 X144.728 Y89.978 E98.43853
G1 X146.018 Y89.342 E98.48637
G1 X147.107 Y88.94 E98.52498
G1 X148.374 Y88.614 E98.56849
G1 X149.338 Y88.463 E98.60095
G1 X150.722 Y88.378 E98.64706
G1 X151.551 Y88.378 E98.67464
G1 X152.389 Y88.582 E98.70332
G1 X152.963 Y88.809 E98.72385
G1 X153.756 Y89.427 E98.75729
G1 X154.241 Y89.933 E98.7806
G1 X154.73 Y90.863 E98.81555
G1 X154.999 Y91.958 E98.85305
G1 X149.868 Y141.428 E100.50726
G1 X149.366 Y142.628 E100.55052
G1 X146.837 Y145.668 E100.68205
G1 X145.769 Y146.317 E100.72361
G1 X145.318 Y146.482 E100.73959
G1 X144.431 Y146.61 E100.76939
G1 X141.964 Y146.593 E100.85145
G1 X140.547 Y146.408 E100.89898
G1 X138.732 Y145.654 E100.96435
G1 X137.2 Y144.482 E101.0285
G1 X136.009 Y142.926 E101.09368
G1 X135.271 Y141.14 E101.15795
G1 X135.035 Y139.3 E101.21965
G1 X135.56 Y132.383 E101.45037
G1 X138.154 Y107.222 E102.29167
G1 X137.759 Y107.047 E102.30603
G1 X135.865 Y106.365 E102.37299
G1 X133.774 Y105.781 E102.4452
G1 X131.753 Y105.377 E102.51375
G1 X129.699 Y105.121 E102.58259
G1 X127.51 Y105.012 E102.65549
G1 X125.453 Y105.064 E102.72393
G1 X123.374 Y105.273 E102.79342
G1 X121.316 Y105.631 E102.8629
G1 X119.215 Y106.161 E102.93497
G1 X117.148 Y106.844 E103.00737
G1 X115.157 Y107.66 E103.07894
G1 X113.102 Y108.671 E103.15511
G1 X111.112 Y109.824 E103.23161
G1 X109.295 Y111.042 E103.30436
G1 X107.322 Y112.55 E103.38696
G1 X105.586 Y114.051 E103.46329
G1 X103.758 Y115.839 E103.54834
G1 X102.026 Y117.739 E103.63385
G1 X100.509 Y119.607 E103.71388
G1 X98.991 Y121.694 E103.79972
G1 X97.448 Y124.072 E103.894
G1 X96.14 Y126.33 E103.98079
G1 X94.649 Y129.241 E104.08957
G1 X93.986 Y130.006 E104.12324
G1 X92.978 Y130.707 E104.16408
G1 X91.89 Y130.966 E104.20128
G1 X89.708 Y130.967 E104.27385
G1 X88.772 Y130.742 E104.30587
G1 X87.756 Y130.215 E104.34394
G1 X87.064 Y129.453 E104.37817
G1 X86.493 Y128.484 E104.41558
G1 X86.368 Y127.821 E104.43802
G1 X82.244 Y126.757 E104.57968
G1 X81.367 Y126.289 E104.61274
G1 X80.92 Y125.916 E104.6321
G1 X80.307 Y125.137 E104.66507
G1 X80.051 Y124.631 E104.68393
G1 X79.774 Y123.609 E104.71915
G1 X79.764 Y121.044 E104.80447
G1 X79.991 Y120.11 E104.83644
G1 X80.192 Y119.607 E104.85445
G1 X80.94 Y118.601 E104.89615
G1 X82.751 Y117.372 E104.96894
G1 X81.304 Y116.96 E105.01898
G1 X80.474 Y116.488 E105.05074
G1 X80.082 Y116.182 E105.06728
G1 X79.365 Y115.219 E105.10721
G1 X79.197 Y114.899 E105.11923
G1 X78.917 Y113.806 E105.15676
G1 X78.916 Y110.872 E105.25434
G1 X79.141 Y109.936 E105.28636
G1 X79.661 Y108.934 E105.32391
G1 X80.416 Y108.234 E105.35815
G0 F6000 X80.655 Y108.558
G1 F1200 X81.547 Y108.026 E105.3927
G1 X82.452 Y107.876 E105.42321
G1 X84.791 Y107.858 E105.50101
G1 X85.399 Y107.297 E105.52852
G1 X87.033 Y105.891 E105.60022
G1 X88.71 Y104.544 E105.67176
G1 X90.427 Y103.265 E105.74297
G1 X92.189 Y102.046 E105.81423
G1 X93.986 Y100.897 E105.88518
G1 X95.816 Y99.811 E105.95595
G1 X97.688 Y98.79 E106.02687
G1 X99.588 Y97.843 E106.09748
G1 X101.522 Y96.963 E106.16815
G1 X103.477 Y96.159 E106.23846
G1 X105.46 Y95.423 E106.30881
G1 X107.463 Y94.765 E106.37893
G1 X109.49 Y94.177 E106.44913
G1 X111.532 Y93.667 E106.51914
G1 X113.592 Y93.23 E106.58918
G1 X115.664 Y92.872 E106.65911
G1 X117.747 Y92.586 E106.72904
G1 X119.832 Y92.382 E106.79872
G1 X121.93 Y92.25 E106.86864
G1 X124.022 Y92.2 E106.93824
G1 X126.129 Y92.222 E107.00832
G1 X128.195 Y92.324 E107.07712
G1 X130.317 Y92.51 E107.14797
G1 X132.395 Y92.766 E107.21761
G1 X134.477 Y93.105 E107.28777
G1 X136.537 Y93.514 E107.35762
G1 X138.583 Y93.996 E107.42753
G1 X140.664 Y94.572 E107.49935
G1 X140.839 Y94.26 E107.51125
G1 X141.478 Y93.34 E107.5485
G1 X142.304 Y92.378 E107.59068
G1 X143.074 Y91.645 E107.62604
G1 X144.21 Y90.772 E107.67369
G1 X144.939 Y90.318 E107.70225
G1 X146.194 Y89.701 E107.74876
G1 X147.245 Y89.315 E107.786
G1 X148.437 Y89.009 E107.82694
G1 X149.363 Y88.862 E107.85812
G1 X150.722 Y88.778 E107.90341
G1 X151.501 Y88.778 E107.92932
G1 X152.294 Y88.971 E107.95646
G1 X152.761 Y89.16 E107.97322
G1 X153.51 Y89.743 E108.00479
G1 X153.913 Y90.168 E108.02427
G1 X154.354 Y91.007 E108.05579
G1 X154.594 Y91.984 E108.08925
G1 X149.476 Y141.329 E109.73928
G1 X149.02 Y142.419 E109.77858
G1 X146.573 Y145.36 E109.90583
G1 X145.594 Y145.955 E109.94393
G1 X145.221 Y146.091 E109.95714
G1 X144.433 Y146.21 E109.98364
G1 X142.016 Y146.196 E110.06403
G1 X140.648 Y146.017 E110.10992
G1 X138.936 Y145.306 E110.17158
G1 X137.485 Y144.196 E110.23234
G1 X136.359 Y142.725 E110.29395
G1 X135.661 Y141.036 E110.35474
G1 X135.437 Y139.289 E110.41332
G1 X135.958 Y132.424 E110.64231
G1 X138.582 Y106.974 E111.49326
G1 X137.918 Y106.68 E111.51742
G1 X135.982 Y105.983 E111.58585
G1 X133.869 Y105.392 E111.65883
G1 X131.813 Y104.981 E111.72857
G1 X129.727 Y104.721 E111.79848
G1 X127.52 Y104.611 E111.87198
G1 X125.429 Y104.664 E111.94155
G1 X123.32 Y104.876 E112.01205
G1 X121.23 Y105.24 E112.08261
G1 X119.105 Y105.776 E112.1555
G1 X117.01 Y106.468 E112.22888
G1 X114.989 Y107.297 E112.30154
G1 X112.921 Y108.314 E112.37819
G1 X110.896 Y109.487 E112.45602
G1 X109.058 Y110.719 E112.52962
G1 X107.065 Y112.243 E112.61306
G1 X105.319 Y113.753 E112.68984
G1 X103.473 Y115.558 E112.77571
G1 X101.73 Y117.47 E112.86176
G1 X100.185 Y119.372 E112.94327
G1 X98.655 Y121.476 E113.02979
G1 X97.112 Y123.854 E113.12407
G1 X95.794 Y126.129 E113.21152
G1 X94.315 Y129.016 E113.31941
G1 X93.716 Y129.707 E113.34983
G1 X92.813 Y130.335 E113.38641
G1 X91.843 Y130.566 E113.41957
G1 X89.756 Y130.567 E113.48899
G1 X88.912 Y130.364 E113.51786
G1 X88.004 Y129.893 E113.55188
G1 X87.389 Y129.216 E113.5823
G1 X86.873 Y128.34 E113.61612
G1 X86.714 Y127.497 E113.64465
G1 X82.391 Y126.382 E113.79314
G1 X81.591 Y125.955 E113.8233
G1 X81.21 Y125.637 E113.83981
G1 X80.645 Y124.92 E113.87017
G1 X80.427 Y124.488 E113.88626
G1 X80.174 Y123.555 E113.91842
G1 X80.164 Y121.093 E114.0003
G1 X80.38 Y120.205 E114.0307
G1 X80.543 Y119.806 E114.04503
G1 X81.221 Y118.894 E114.08283
G1 X83.394 Y117.42 E114.17016
G1 X84.578 Y117.147 E114.21058
G1 X85.139 Y117.103 E114.22929
G1 X86.129 Y117.291 E114.26281
G1 X86.452 Y117.454 E114.27484
G1 X86.696 Y117.454 E114.28296
G1 X86.695 Y116.806 E114.30451
G1 X85.456 Y116.807 E114.34572
G1 X84.503 Y117.081 E114.3787
G1 X83.452 Y117.156 E114.41375
G1 X81.46 Y116.588 E114.48264
G1 X80.672 Y116.14 E114.51279
G1 X80.371 Y115.9 E114.52559
G1 X79.719 Y115.033 E114.56168
G1 X79.572 Y114.753 E114.57219
G1 X79.317 Y113.758 E114.60636
G1 X79.316 Y110.92 E114.70075
G1 X79.519 Y110.076 E114.72962
G1 X79.984 Y109.18 E114.7632
G1 X80.655 Y108.558 E114.79363
G0 F6000 X80.894 Y108.882
G1 F1200 X81.687 Y108.409 E114.82434
G1 X82.518 Y108.271 E114.85236
G1 X84.948 Y108.257 E114.93318
G1 X85.66 Y107.6 E114.9654
G1 X87.283 Y106.203 E115.03663
G1 X88.949 Y104.865 E115.1077
G1 X90.655 Y103.594 E115.17845
G1 X92.404 Y102.383 E115.24921
G1 X94.19 Y101.241 E115.31972
G1 X96.008 Y100.162 E115.39003
G1 X97.866 Y99.148 E115.46043
G1 X99.754 Y98.207 E115.5306
G1 X101.674 Y97.333 E115.60076
G1 X103.616 Y96.534 E115.6706
G1 X105.585 Y95.803 E115.74046
G1 X107.574 Y95.149 E115.8101
G1 X109.587 Y94.565 E115.87981
G1 X111.615 Y94.058 E115.94934
G1 X113.66 Y93.624 E116.01887
G1 X115.718 Y93.268 E116.08834
G1 X117.786 Y92.984 E116.15777
G1 X119.857 Y92.781 E116.22698
G1 X121.94 Y92.65 E116.2964
G1 X124.018 Y92.6 E116.36553
G1 X126.109 Y92.622 E116.43508
G1 X128.175 Y92.724 E116.50388
G1 X130.268 Y92.907 E116.57376
G1 X132.331 Y93.161 E116.64289
G1 X134.399 Y93.497 E116.71258
G1 X136.445 Y93.903 E116.78195
G1 X138.477 Y94.382 E116.85139
G1 X140.494 Y94.938 E116.92098
G1 X140.855 Y95.051 E116.93356
G1 X141.168 Y94.488 E116.95499
G1 X141.807 Y93.568 E116.99224
G1 X142.58 Y92.668 E117.0317
G1 X143.35 Y91.935 E117.06706
G1 X144.421 Y91.112 E117.11198
G1 X145.15 Y90.658 E117.14055
G1 X146.37 Y90.06 E117.18574
G1 X147.345 Y89.702 E117.22028
G1 X148.5 Y89.404 E117.25996
G1 X149.426 Y89.257 E117.29114
G1 X150.722 Y89.178 E117.33433
G1 X151.451 Y89.178 E117.35857
G1 X152.199 Y89.36 E117.38418
G1 X152.558 Y89.509 E117.39711
G1 X153.22 Y90.018 E117.42488
G1 X153.584 Y90.402 E117.44248
G1 X153.978 Y91.151 E117.47063
G1 X154.189 Y92.01 E117.50005
G1 X149.084 Y141.23 E119.14589
G1 X148.674 Y142.21 E119.18122
G1 X146.309 Y145.052 E119.3042
G1 X145.419 Y145.593 E119.33884
G1 X145.123 Y145.701 E119.34932
G1 X144.373 Y145.814 E119.37455
G1 X142.068 Y145.799 E119.45121
G1 X140.749 Y145.626 E119.49546
G1 X139.14 Y144.958 E119.5534
G1 X137.77 Y143.91 E119.61077
G1 X136.709 Y142.524 E119.66883
G1 X136.051 Y140.932 E119.72612
G1 X135.839 Y139.278 E119.78158
G1 X136.356 Y132.465 E120.00884
G1 X139.01 Y106.725 E120.86949
G1 X138.072 Y106.311 E120.90359
G1 X136.104 Y105.602 E120.97317
G1 X133.964 Y105.003 E121.04708
G1 X131.873 Y104.585 E121.118
G1 X129.755 Y104.321 E121.18899
G1 X127.53 Y104.21 E121.26309
G1 X125.405 Y104.264 E121.33379
G1 X123.266 Y104.479 E121.40529
G1 X121.144 Y104.849 E121.47693
G1 X118.991 Y105.392 E121.55079
G1 X116.876 Y106.091 E121.62487
G1 X114.82 Y106.934 E121.69878
G1 X112.734 Y107.96 E121.7761
G1 X110.687 Y109.146 E121.85478
G1 X108.821 Y110.396 E121.92949
G1 X106.808 Y111.936 E122.01378
G1 X105.052 Y113.455 E122.09101
G1 X103.188 Y115.277 E122.1777
G1 X101.419 Y117.218 E122.26505
G1 X99.868 Y119.128 E122.34689
G1 X98.319 Y121.258 E122.43448
G1 X96.776 Y123.636 E122.52877
G1 X95.448 Y125.928 E122.61687
G1 X93.981 Y128.791 E122.72387
G1 X93.446 Y129.408 E122.75103
G1 X92.648 Y129.963 E122.78336
G1 X91.796 Y130.166 E122.81249
G1 X89.804 Y130.167 E122.87874
G1 X89.052 Y129.986 E122.90447
G1 X88.252 Y129.571 E122.93444
G1 X87.711 Y128.975 E122.96122
G1 X87.253 Y128.199 E122.99119
G1 X87.095 Y127.361 E123.01955
G1 X87.089 Y127.181 E123.02554
G1 X82.538 Y126.007 E123.18186
G1 X81.815 Y125.621 E123.20912
G1 X81.497 Y125.356 E123.22289
G1 X80.985 Y124.705 E123.25044
G1 X80.803 Y124.345 E123.26385
G1 X80.574 Y123.501 E123.29294
G1 X80.564 Y121.142 E123.3714
G1 X80.769 Y120.3 E123.40022
G1 X80.894 Y120.004 E123.41091
G1 X81.5 Y119.188 E123.44472
G1 X83.558 Y117.792 E123.52743
G1 X84.609 Y117.546 E123.56333
G1 X85.118 Y117.506 E123.58031
G1 X85.999 Y117.673 E123.61013
G1 X86.357 Y117.854 E123.62348
G1 X87.096 Y117.854 E123.64806
G1 X87.095 Y116.406 E123.69622
G1 X85.4 Y116.407 E123.75259
G1 X84.434 Y116.685 E123.78603
G1 X83.495 Y116.752 E123.81734
G1 X81.616 Y116.216 E123.88232
G1 X80.87 Y115.792 E123.91086
G1 X80.659 Y115.618 E123.91996
G1 X80.073 Y114.847 E123.95217
G1 X79.947 Y114.607 E123.96119
G1 X79.717 Y113.71 E123.99199
G1 X79.716 Y110.968 E124.08319
G1 X79.897 Y110.216 E124.10891
G1 X80.307 Y109.426 E124.13851
G1 X80.894 Y108.882 E124.16513
G0 F6000 X81.133 Y109.206
G1 F1200 X81.827 Y108.792 E124.19201
G1 X82.584 Y108.666 E124.21753
G1 X85.105 Y108.656 E124.30138
G1 X85.921 Y107.903 E124.33831
G1 X87.533 Y106.515 E124.40907
G1 X89.188 Y105.186 E124.47966
G1 X90.883 Y103.923 E124.54997
G1 X92.62 Y102.72 E124.62024
G1 X94.394 Y101.585 E124.69029
G1 X96.2 Y100.513 E124.76014
G1 X98.045 Y99.506 E124.83005
G1 X99.92 Y98.571 E124.89974
G1 X101.826 Y97.703 E124.9694
G1 X103.755 Y96.909 E125.03878
G1 X105.71 Y96.183 E125.10814
G1 X107.685 Y95.533 E125.1773
G1 X109.684 Y94.953 E125.24653
G1 X111.698 Y94.449 E125.31558
G1 X113.728 Y94.018 E125.3846
G1 X115.772 Y93.664 E125.4536
G1 X117.825 Y93.382 E125.52252
G1 X119.882 Y93.18 E125.59127
G1 X121.95 Y93.05 E125.66018
G1 X124.014 Y93 E125.72885
G1 X126.089 Y93.022 E125.79787
G1 X128.155 Y93.124 E125.86667
G1 X130.219 Y93.304 E125.93558
G1 X132.267 Y93.556 E126.00421
G1 X134.321 Y93.889 E126.07342
G1 X136.353 Y94.292 E126.14232
G1 X138.371 Y94.768 E126.21128
G1 X140.374 Y95.32 E126.28038
G1 X141.047 Y95.531 E126.30384
G1 X141.518 Y94.682 E126.33613
G1 X142.135 Y93.797 E126.37202
G1 X142.856 Y92.958 E126.40881
G1 X143.626 Y92.225 E126.44417
G1 X144.632 Y91.452 E126.48637
G1 X145.361 Y90.998 E126.51493
G1 X146.509 Y90.435 E126.55746
G1 X147.446 Y90.089 E126.59068
G1 X148.563 Y89.799 E126.62906
G1 X149.489 Y89.652 E126.66025
G1 X150.722 Y89.578 E126.70133
G1 X151.401 Y89.578 E126.72391
G1 X152.104 Y89.749 E126.74798
G1 X152.356 Y89.858 E126.75711
G1 X152.976 Y90.335 E126.78313
G1 X153.256 Y90.637 E126.79683
G1 X153.602 Y91.295 E126.82155
G1 X153.784 Y92.036 E126.84693
G1 X148.692 Y141.131 E128.4886
G1 X148.328 Y142.001 E128.51996
G1 X146.045 Y144.744 E128.63866
G1 X145.211 Y145.251 E128.67112
G1 X145.063 Y145.305 E128.67636
G1 X144.313 Y145.418 E128.70159
G1 X142.12 Y145.402 E128.77453
G1 X140.85 Y145.235 E128.81713
G1 X139.344 Y144.61 E128.87137
G1 X138.055 Y143.624 E128.92534
G1 X137.059 Y142.323 E128.97984
G1 X136.441 Y140.828 E129.03364
G1 X136.241 Y139.267 E129.08599
G1 X136.754 Y132.506 E129.31151
G1 X139.438 Y106.477 E130.18182
G1 X138.231 Y105.943 E130.22572
G1 X136.221 Y105.22 E130.29677
G1 X134.057 Y104.614 E130.37151
G1 X131.934 Y104.189 E130.44353
G1 X129.785 Y103.921 E130.51556
G1 X127.54 Y103.809 E130.59032
G1 X125.381 Y103.864 E130.66215
G1 X123.212 Y104.082 E130.73465
G1 X121.058 Y104.458 E130.80738
G1 X118.881 Y105.007 E130.88205
G1 X116.738 Y105.715 E130.95712
G1 X114.652 Y106.57 E131.0321
G1 X112.553 Y107.603 E131.10991
G1 X110.471 Y108.809 E131.18994
G1 X108.584 Y110.073 E131.26548
G1 X106.561 Y111.621 E131.3502
G1 X104.772 Y113.169 E131.42889
G1 X102.903 Y114.996 E131.51582
G1 X101.123 Y116.949 E131.60371
G1 X99.552 Y118.883 E131.68658
G1 X97.983 Y121.04 E131.77529
G1 X96.44 Y123.418 E131.86958
G1 X95.102 Y125.727 E131.95834
G1 X93.647 Y128.566 E132.06444
G1 X93.176 Y129.109 E132.08835
G1 X92.483 Y129.591 E132.11643
G1 X91.749 Y129.766 E132.14152
G1 X89.852 Y129.767 E132.20462
G1 X89.192 Y129.608 E132.2272
G1 X88.5 Y129.249 E132.25313
G1 X88.036 Y128.738 E132.27608
G1 X87.633 Y128.055 E132.30246
G1 X87.488 Y127.287 E132.32845
G1 X87.494 Y126.873 E132.34223
G1 X82.685 Y125.632 E132.50741
G1 X82.039 Y125.287 E132.53177
G1 X81.787 Y125.077 E132.54268
G1 X81.323 Y124.488 E132.56762
G1 X81.179 Y124.202 E132.57827
G1 X80.974 Y123.447 E132.60429
G1 X80.964 Y121.188 E132.67943
G1 X81.138 Y120.455 E132.70448
G1 X81.245 Y120.201 E132.71365
G1 X81.779 Y119.482 E132.74344
G1 X83.722 Y118.164 E132.82153
G1 X84.64 Y117.945 E132.85292
G1 X85.096 Y117.909 E132.86813
G1 X85.87 Y118.056 E132.89434
G1 X86.262 Y118.254 E132.90894
G1 X87.497 Y118.254 E132.95002
G1 X87.494 Y116.006 E133.02479
G1 X85.345 Y116.007 E133.09626
G1 X84.365 Y116.289 E133.13018
G1 X83.538 Y116.348 E133.15776
G1 X81.772 Y115.844 E133.21884
G1 X81.068 Y115.444 E133.24577
G1 X80.948 Y115.338 E133.2511
G1 X80.391 Y114.605 E133.28172
G1 X80.322 Y114.462 E133.287
G1 X80.117 Y113.662 E133.31447
G1 X80.116 Y111.016 E133.40247
G1 X80.275 Y110.356 E133.42505
G1 X80.63 Y109.672 E133.45068
G1 X81.133 Y109.206 E133.47349
G0 F6000 X81.372 Y109.53
G1 F1200 X81.967 Y109.175 E133.49653
G1 X82.65 Y109.061 E133.51956
G1 X85.261 Y109.056 E133.60641
G1 X86.182 Y108.206 E133.64809
G1 X87.783 Y106.827 E133.71837
G1 X89.427 Y105.507 E133.78849
G1 X91.111 Y104.252 E133.85835
G1 X92.836 Y103.057 E133.92814
G1 X94.598 Y101.929 E133.99773
G1 X96.392 Y100.864 E134.06712
G1 X98.224 Y99.864 E134.13654
G1 X100.086 Y98.935 E134.20575
G1 X101.978 Y98.073 E134.2749
G1 X103.894 Y97.284 E134.34382
G1 X105.835 Y96.563 E134.41269
G1 X107.796 Y95.917 E134.48136
G1 X109.781 Y95.341 E134.5501
G1 X111.781 Y94.84 E134.61868
G1 X113.796 Y94.412 E134.68719
G1 X115.826 Y94.06 E134.75572
G1 X117.864 Y93.78 E134.82414
G1 X119.907 Y93.579 E134.89242
G1 X121.96 Y93.45 E134.96083
G1 X124.01 Y93.4 E135.02904
G1 X126.069 Y93.422 E135.09752
G1 X128.12 Y93.523 E135.16582
G1 X130.17 Y93.701 E135.23426
G1 X132.203 Y93.951 E135.30239
G1 X134.243 Y94.281 E135.37112
G1 X136.261 Y94.681 E135.43955
G1 X138.265 Y95.154 E135.50803
G1 X140.254 Y95.702 E135.57665
G1 X141.238 Y96.011 E135.61096
G1 X141.868 Y94.876 E135.65413
G1 X142.439 Y94.057 E135.68734
G1 X143.132 Y93.248 E135.72277
G1 X143.902 Y92.515 E135.75813
G1 X144.843 Y91.792 E135.7976
G1 X145.572 Y91.338 E135.82616
G1 X146.648 Y90.81 E135.86603
G1 X147.585 Y90.464 E135.89925
G1 X148.626 Y90.194 E135.93502
G1 X149.552 Y90.047 E135.9662
G1 X150.722 Y89.978 E136.00518
G1 X151.351 Y89.978 E136.0261
G1 X152.009 Y90.138 E136.04863
G1 X152.153 Y90.206 E136.05392
G1 X152.683 Y90.607 E136.07603
G1 X152.927 Y90.87 E136.08796
G1 X153.226 Y91.439 E136.10934
G1 X153.379 Y92.062 E136.13068
G1 X148.3 Y141.032 E137.76816
G1 X147.982 Y141.792 E137.79556
G1 X145.781 Y144.436 E137.90999
G1 X145.003 Y144.909 E137.94027
G1 X144.253 Y145.022 E137.9655
G1 X142.172 Y145.005 E138.03471
G1 X140.951 Y144.844 E138.07567
G1 X139.548 Y144.262 E138.12619
G1 X138.34 Y143.338 E138.17678
G1 X137.409 Y142.122 E138.22772
G1 X136.831 Y140.724 E138.27803
G1 X136.643 Y139.256 E138.32725
G1 X137.152 Y132.547 E138.55104
G1 X139.866 Y106.229 E139.43102
G1 X138.39 Y105.575 E139.48472
G1 X136.338 Y104.837 E139.55725
G1 X134.152 Y104.225 E139.63275
G1 X131.992 Y103.793 E139.70601
G1 X129.815 Y103.521 E139.77898
G1 X127.55 Y103.409 E139.85441
G1 X125.358 Y103.464 E139.92734
G1 X123.158 Y103.685 E140.00088
G1 X120.972 Y104.067 E140.07469
G1 X118.771 Y104.622 E140.15018
G1 X116.6 Y105.339 E140.22623
G1 X114.484 Y106.207 E140.3023
G1 X112.366 Y107.249 E140.38081
G1 X110.262 Y108.468 E140.46168
G1 X108.347 Y109.75 E140.53833
G1 X106.314 Y111.306 E140.62348
G1 X104.492 Y112.883 E140.70363
G1 X102.618 Y114.715 E140.79079
G1 X100.827 Y116.68 E140.87922
G1 X99.228 Y118.648 E140.96356
G1 X97.647 Y120.822 E141.05297
G1 X96.104 Y123.2 E141.14725
G1 X94.756 Y125.526 E141.23667
G1 X93.313 Y128.341 E141.34188
G1 X92.906 Y128.81 E141.36253
G1 X92.318 Y129.219 E141.38635
G1 X91.702 Y129.366 E141.40742
G1 X89.9 Y129.367 E141.46735
G1 X89.332 Y129.23 E141.48679
G1 X88.748 Y128.927 E141.50867
G1 X88.361 Y128.501 E141.52781
G1 X88.013 Y127.911 E141.55059
G1 X87.889 Y127.253 E141.57286
G1 X87.899 Y126.565 E141.59575
G1 X82.832 Y125.257 E141.7698
G1 X82.227 Y124.934 E141.79261
G1 X82.101 Y124.829 E141.79807
G1 X81.637 Y124.24 E141.82301
G1 X81.565 Y124.097 E141.82833
G1 X81.374 Y123.393 E141.85259
G1 X81.364 Y121.233 E141.92444
G1 X81.527 Y120.547 E141.94789
G1 X81.595 Y120.401 E141.95325
G1 X82.06 Y119.775 E141.97918
G1 X83.887 Y118.536 E142.0526
G1 X84.733 Y118.334 E142.08153
G1 X85.074 Y118.312 E142.0929
G1 X85.739 Y118.438 E142.11541
G1 X86.166 Y118.654 E142.13133
G1 X87.897 Y118.654 E142.1889
G1 X87.894 Y115.606 E142.29028
G1 X85.29 Y115.607 E142.37689
G1 X84.296 Y115.893 E142.41129
G1 X83.581 Y115.944 E142.43513
G1 X81.928 Y115.472 E142.49231
G1 X81.266 Y115.096 E142.51763
G1 X80.709 Y114.363 E142.54825
G1 X80.517 Y113.614 E142.57396
G1 X80.516 Y111.064 E142.65878
G1 X80.653 Y110.496 E142.67821
G1 X80.953 Y109.918 E142.69987
G1 X81.372 Y109.53 E142.71886
G0 F6000 X81.614 Y109.851
G1 F1200 X82.105 Y109.558 E142.73788
G1 X82.716 Y109.456 E142.75848
G1 X85.417 Y109.456 E142.84832
G1 X86.443 Y108.509 E142.89476
G1 X88.034 Y107.139 E142.96459
G1 X89.666 Y105.828 E143.03422
G1 X91.339 Y104.581 E143.10362
G1 X93.052 Y103.394 E143.17293
G1 X94.802 Y102.273 E143.24206
G1 X96.584 Y101.215 E143.31099
G1 X98.403 Y100.222 E143.37991
G1 X100.252 Y99.299 E143.44865
G1 X102.13 Y98.443 E143.51729
G1 X104.033 Y97.659 E143.58575
G1 X105.96 Y96.943 E143.65412
G1 X107.907 Y96.301 E143.72231
G1 X109.878 Y95.729 E143.79057
G1 X111.864 Y95.231 E143.85867
G1 X113.864 Y94.806 E143.92667
G1 X115.88 Y94.456 E143.99473
G1 X117.903 Y94.178 E144.06265
G1 X119.932 Y93.978 E144.13046
G1 X121.97 Y93.85 E144.19838
G1 X124.006 Y93.8 E144.26612
G1 X126.049 Y93.822 E144.33407
G1 X128.086 Y93.922 E144.4019
G1 X130.121 Y94.098 E144.46984
G1 X132.139 Y94.346 E144.53746
G1 X134.165 Y94.673 E144.60572
G1 X136.169 Y95.07 E144.67367
G1 X138.159 Y95.54 E144.74168
G1 X140.134 Y96.084 E144.80981
G1 X141.473 Y96.505 E144.8565
G1 X141.646 Y96.101 E144.87111
G1 X142.218 Y95.07 E144.91033
G1 X142.743 Y94.317 E144.94086
G1 X143.408 Y93.538 E144.97493
G1 X144.178 Y92.805 E145.01029
G1 X145.054 Y92.132 E145.04703
G1 X145.783 Y91.678 E145.07559
G1 X146.787 Y91.185 E145.11279
G1 X147.724 Y90.839 E145.14602
G1 X148.689 Y90.589 E145.17917
G1 X149.615 Y90.442 E145.21036
G1 X150.722 Y90.378 E145.24724
G1 X151.302 Y90.378 E145.26653
G1 X151.915 Y90.527 E145.28751
G1 X152.39 Y90.879 E145.30717
G1 X152.598 Y91.103 E145.31734
G1 X152.85 Y91.583 E145.33537
G1 X152.974 Y92.088 E145.35267
G1 X147.908 Y140.933 E146.98597
G1 X147.636 Y141.583 E147.00941
G1 X145.518 Y144.128 E147.11953
G1 X144.863 Y144.526 E147.14503
G1 X144.256 Y144.622 E147.16547
G1 X142.224 Y144.608 E147.23305
G1 X141.052 Y144.453 E147.27237
G1 X139.752 Y143.914 E147.31918
G1 X138.625 Y143.052 E147.36637
G1 X137.759 Y141.921 E147.41375
G1 X137.221 Y140.62 E147.46057
G1 X137.045 Y139.245 E147.50668
G1 X137.55 Y132.588 E147.72873
G1 X140.294 Y105.981 E148.61837
G1 X138.549 Y105.207 E148.68187
G1 X136.455 Y104.454 E148.75588
G1 X134.245 Y103.836 E148.8322
G1 X132.053 Y103.397 E148.90656
G1 X129.845 Y103.121 E148.98057
G1 X127.56 Y103.008 E149.05666
G1 X125.335 Y103.064 E149.13069
G1 X123.104 Y103.288 E149.20526
G1 X120.886 Y103.676 E149.28016
G1 X118.657 Y104.238 E149.35661
G1 X116.466 Y104.962 E149.43336
G1 X114.316 Y105.843 E149.51064
G1 X112.179 Y106.895 E149.58986
G1 X110.053 Y108.127 E149.67159
G1 X108.108 Y109.429 E149.74944
G1 X106.067 Y110.991 E149.83492
G1 X104.212 Y112.597 E149.91653
G1 X102.33 Y114.437 E150.00407
G1 X100.531 Y116.411 E150.0929
G1 X98.912 Y118.403 E150.17828
G1 X97.311 Y120.604 E150.2688
G1 X95.768 Y122.982 E150.36308
G1 X94.41 Y125.325 E150.45316
G1 X92.979 Y128.116 E150.55747
G1 X92.636 Y128.511 E150.57487
G1 X92.153 Y128.847 E150.59444
G1 X91.655 Y128.966 E150.61147
G1 X89.948 Y128.967 E150.66825
G1 X89.472 Y128.852 E150.68454
G1 X88.996 Y128.605 E150.70237
G1 X88.686 Y128.264 E150.7177
G1 X88.393 Y127.767 E150.73689
G1 X88.29 Y127.219 E150.75544
G1 X88.304 Y126.226 E150.78847
G1 X88.133 Y126.213 E150.79417
G1 X82.979 Y124.882 E150.97122
G1 X82.415 Y124.581 E150.99248
G1 X81.951 Y123.992 E151.01742
G1 X81.774 Y123.339 E151.03992
G1 X81.764 Y121.279 E151.10844
G1 X81.916 Y120.64 E151.13028
G1 X82.341 Y120.068 E151.15399
G1 X84.052 Y118.907 E151.22276
G1 X84.759 Y118.733 E151.24697
G1 X85.049 Y118.714 E151.25664
G1 X85.609 Y118.82 E151.2756
G1 X85.942 Y118.985 E151.28796
G1 X86.044 Y119.054 E151.29205
G1 X88.297 Y119.054 E151.36699
G1 X88.294 Y115.206 E151.49497
G1 X85.234 Y115.207 E151.59675
G1 X84.227 Y115.497 E151.6316
G1 X83.624 Y115.54 E151.65171
G1 X82.084 Y115.1 E151.70498
G1 X81.533 Y114.787 E151.72606
G1 X81.077 Y114.187 E151.75112
G1 X80.917 Y113.562 E151.77258
G1 X80.916 Y111.112 E151.85407
G1 X81.031 Y110.636 E151.87036
G1 X81.276 Y110.164 E151.88804
G1 X81.614 Y109.851 E151.90336
G0 F6000 X81.856 Y110.172
G1 F1200 X82.243 Y109.941 E151.91836
G1 X82.716 Y109.856 E151.93434
G1 X85.573 Y109.856 E152.02936
G1 X86.704 Y108.812 E152.08056
G1 X88.284 Y107.451 E152.14992
G1 X89.905 Y106.149 E152.21907
G1 X91.567 Y104.91 E152.28802
G1 X93.268 Y103.731 E152.35685
G1 X95.006 Y102.617 E152.42552
G1 X96.776 Y101.566 E152.49398
G1 X98.582 Y100.58 E152.56242
G1 X100.418 Y99.663 E152.63068
G1 X102.282 Y98.813 E152.69882
G1 X104.172 Y98.034 E152.76681
G1 X106.085 Y97.323 E152.83469
G1 X108.019 Y96.685 E152.90242
G1 X109.975 Y96.117 E152.97017
G1 X111.947 Y95.622 E153.03779
G1 X113.933 Y95.2 E153.10532
G1 X115.934 Y94.852 E153.17287
G1 X117.942 Y94.576 E153.24029
G1 X119.957 Y94.377 E153.30763
G1 X121.98 Y94.25 E153.37505
G1 X124.002 Y94.2 E153.44232
G1 X126.029 Y94.222 E153.50974
G1 X128.052 Y94.321 E153.57711
G1 X130.072 Y94.495 E153.64454
G1 X132.075 Y94.741 E153.71166
G1 X134.087 Y95.065 E153.77945
G1 X136.077 Y95.459 E153.84692
G1 X138.053 Y95.926 E153.91445
G1 X140.014 Y96.466 E153.9821
G1 X141.698 Y96.996 E154.04082
G1 X142.014 Y96.259 E154.06749
G1 X142.547 Y95.298 E154.10404
G1 X143.048 Y94.576 E154.13327
G1 X143.684 Y93.828 E154.16593
G1 X144.454 Y93.095 E154.20129
G1 X145.265 Y92.472 E154.2353
G1 X145.994 Y92.018 E154.26386
G1 X146.926 Y91.56 E154.2984
G1 X147.863 Y91.214 E154.33162
G1 X148.752 Y90.984 E154.36217
G1 X149.678 Y90.837 E154.39335
G1 X150.722 Y90.778 E154.42813
G1 X151.253 Y90.778 E154.44579
G1 X151.743 Y90.897 E154.46256
G1 X152.152 Y91.2 E154.47949
G1 X152.268 Y91.335 E154.48541
G1 X152.474 Y91.727 E154.50014
G1 X152.569 Y92.114 E154.51339
G1 X147.516 Y140.833 E156.14249
G1 X147.289 Y141.375 E156.16203
G1 X145.254 Y143.82 E156.26783
G1 X144.721 Y144.144 E156.28858
G1 X144.258 Y144.222 E156.3042
G1 X142.276 Y144.211 E156.37012
G1 X141.157 Y144.063 E156.40766
G1 X139.953 Y143.564 E156.45101
G1 X138.91 Y142.766 E156.49469
G1 X138.109 Y141.72 E156.53851
G1 X137.611 Y140.516 E156.58184
G1 X137.447 Y139.234 E156.62483
G1 X137.948 Y132.629 E156.84514
G1 X140.722 Y105.733 E157.74445
G1 X138.708 Y104.84 E157.81773
G1 X136.572 Y104.071 E157.89324
G1 X134.338 Y103.447 E157.97038
G1 X132.114 Y103.001 E158.04583
G1 X129.875 Y102.721 E158.12088
G1 X127.57 Y102.607 E158.19764
G1 X125.312 Y102.664 E158.27276
G1 X123.05 Y102.891 E158.34837
G1 X120.8 Y103.285 E158.42435
G1 X118.547 Y103.853 E158.50163
G1 X116.328 Y104.586 E158.57935
G1 X114.148 Y105.479 E158.65771
G1 X111.992 Y106.541 E158.73765
G1 X109.852 Y107.781 E158.81991
G1 X107.865 Y109.111 E158.89943
G1 X105.819 Y110.676 E158.98511
G1 X103.932 Y112.311 E159.06815
G1 X102.045 Y114.156 E159.15593
G1 X100.235 Y116.142 E159.2453
G1 X98.588 Y118.168 E159.33214
G1 X96.975 Y120.386 E159.42336
G1 X95.432 Y122.764 E159.51764
G1 X94.054 Y125.142 E159.60906
G1 X92.644 Y127.892 E159.71184
G1 X92.366 Y128.212 E159.72594
G1 X91.988 Y128.475 E159.74126
G1 X91.608 Y128.566 E159.75425
G1 X89.996 Y128.567 E159.80787
G1 X89.612 Y128.474 E159.82101
G1 X89.244 Y128.283 E159.8348
G1 X89.008 Y128.023 E159.84648
G1 X88.773 Y127.625 E159.86185
G1 X88.691 Y127.186 E159.87671
G1 X88.71 Y125.828 E159.92188
G1 X88.233 Y125.826 E159.93774
G1 X83.126 Y124.507 E160.11318
G1 X82.678 Y124.268 E160.13006
G1 X82.315 Y123.808 E160.14955
G1 X82.174 Y123.286 E160.16754
G1 X82.164 Y121.325 E160.23276
G1 X82.286 Y120.813 E160.25027
G1 X82.622 Y120.361 E160.269
G1 X84.219 Y119.277 E160.3332
G1 X84.854 Y119.121 E160.35495
G1 X85.024 Y119.116 E160.3606
G1 X85.482 Y119.203 E160.37611
G1 X85.764 Y119.343 E160.38658
G1 X85.91 Y119.454 E160.39268
G1 X88.697 Y119.454 E160.48537
G1 X88.694 Y115.302 E160.62347
G1 X88.775 Y114.966 E160.63497
G1 X88.845 Y114.806 E160.64078
G1 X85.179 Y114.807 E160.76271
G1 X84.158 Y115.101 E160.79805
G1 X83.667 Y115.136 E160.81442
G1 X82.24 Y114.728 E160.86378
G1 X81.8 Y114.478 E160.88061
G1 X81.445 Y114.011 E160.90012
G1 X81.317 Y113.51 E160.91732
G1 X81.316 Y111.16 E160.99548
G1 X81.409 Y110.776 E161.00863
G1 X81.599 Y110.41 E161.02234
G1 X81.856 Y110.172 E161.03399
G0 F6000 X82.061 Y110.516
G1 F1200 X82.388 Y110.321 E161.04665
G1 X82.716 Y110.256 E161.05778
G1 X85.729 Y110.256 E161.15799
G1 X86.965 Y109.115 E161.21394
G1 X88.534 Y107.763 E161.28282
G1 X90.144 Y106.47 E161.3515
G1 X91.795 Y105.239 E161.42
G1 X93.484 Y104.068 E161.48836
G1 X95.21 Y102.961 E161.55656
G1 X96.968 Y101.917 E161.62456
G1 X98.761 Y100.938 E161.69251
G1 X100.584 Y100.027 E161.76029
G1 X102.434 Y99.183 E161.82792
G1 X104.311 Y98.409 E161.89545
G1 X106.21 Y97.703 E161.96283
G1 X108.131 Y97.069 E162.03012
G1 X110.072 Y96.505 E162.09735
G1 X112.03 Y96.013 E162.16449
G1 X114.002 Y95.594 E162.23155
G1 X115.988 Y95.248 E162.2986
G1 X117.981 Y94.974 E162.36551
G1 X119.982 Y94.776 E162.43239
G1 X121.99 Y94.65 E162.4993
G1 X123.998 Y94.6 E162.56611
G1 X126.01 Y94.622 E162.63303
G1 X128.018 Y94.72 E162.6999
G1 X130.023 Y94.892 E162.76683
G1 X132.012 Y95.136 E162.83348
G1 X134.009 Y95.457 E162.90075
G1 X135.985 Y95.848 E162.96775
G1 X137.947 Y96.312 E163.03481
G1 X139.894 Y96.848 E163.10197
G1 X141.974 Y97.503 E163.1745
G1 X142.016 Y97.27 E163.18238
G1 X142.382 Y96.417 E163.21325
G1 X142.876 Y95.526 E163.24714
G1 X143.377 Y94.804 E163.27636
G1 X143.988 Y94.088 E163.30767
G1 X144.729 Y93.385 E163.34164
G1 X145.476 Y92.812 E163.37296
G1 X146.205 Y92.358 E163.40152
G1 X147.102 Y91.919 E163.43474
G1 X147.964 Y91.601 E163.4653
G1 X148.815 Y91.379 E163.49455
G1 X149.741 Y91.232 E163.52573
G1 X150.722 Y91.178 E163.55841
G1 X151.204 Y91.178 E163.57444
G1 X151.571 Y91.267 E163.587
G1 X151.914 Y91.521 E163.6012
G1 X152.12 Y91.913 E163.61592
G1 X152.164 Y92.141 E163.62365
G1 X147.124 Y140.732 E165.24846
G1 X146.943 Y141.164 E165.26404
G1 X144.989 Y143.513 E165.36567
G1 X144.577 Y143.763 E165.38169
G1 X144.26 Y143.822 E165.39242
G1 X142.328 Y143.814 E165.45668
G1 X141.262 Y143.673 E165.49244
G1 X140.154 Y143.214 E165.53233
G1 X139.195 Y142.48 E165.5725
G1 X138.459 Y141.519 E165.61276
G1 X138.001 Y140.412 E165.6526
G1 X137.849 Y139.223 E165.69247
G1 X138.346 Y132.67 E165.91105
G1 X141.15 Y105.485 E166.82003
G1 X138.862 Y104.471 E166.90326
G1 X136.693 Y103.69 E166.97994
G1 X134.431 Y103.058 E167.05805
G1 X132.175 Y102.605 E167.13459
G1 X129.905 Y102.321 E167.21068
G1 X127.58 Y102.206 E167.2881
G1 X125.289 Y102.264 E167.36432
G1 X122.996 Y102.494 E167.44097
G1 X120.714 Y102.894 E167.51803
G1 X118.437 Y103.468 E167.59613
G1 X116.19 Y104.21 E167.67484
G1 X113.98 Y105.115 E167.75427
G1 X111.805 Y106.187 E167.83492
G1 X109.651 Y107.435 E167.91771
G1 X107.622 Y108.793 E167.99892
G1 X105.571 Y110.362 E168.08481
G1 X103.652 Y112.025 E168.16927
G1 X101.755 Y113.88 E168.25751
G1 X99.939 Y115.873 E168.34719
G1 X98.264 Y117.933 E168.4355
G1 X96.639 Y120.168 E168.52741
G1 X95.096 Y122.546 E168.62169
G1 X93.698 Y124.96 E168.71447
G1 X92.312 Y127.664 E168.81553
G1 X92.095 Y127.913 E168.82652
G1 X91.82 Y128.105 E168.83767
G1 X91.608 Y128.166 E168.84501
G1 X90.044 Y128.167 E168.89703
G1 X89.754 Y128.097 E168.90695
G1 X89.491 Y127.96 E168.91682
G1 X89.352 Y127.82 E168.92338
G1 X89.153 Y127.483 E168.93639
G1 X89.092 Y127.154 E168.94752
G1 X89.116 Y125.429 E169.0049
G1 X88.284 Y125.426 E169.03258
G1 X83.275 Y124.133 E169.20464
G1 X82.94 Y123.954 E169.21727
G1 X82.679 Y123.624 E169.23126
G1 X82.574 Y123.233 E169.24473
G1 X82.564 Y121.371 E169.30666
G1 X82.656 Y120.985 E169.31986
G1 X82.901 Y120.655 E169.33353
G1 X84.386 Y119.647 E169.39322
G1 X84.949 Y119.509 E169.4125
G1 X85.354 Y119.586 E169.42621
G1 X85.521 Y119.661 E169.4323
G1 X85.774 Y119.854 E169.44289
G1 X89.097 Y119.854 E169.55341
G1 X89.094 Y115.35 E169.70321
G1 X89.164 Y115.06 E169.71314
G1 X89.301 Y114.797 E169.723
G1 X89.439 Y114.658 E169.72951
G1 X89.709 Y114.497 E169.73997
G1 X90.025 Y114.406 E169.75091
G1 X85.124 Y114.407 E169.91392
G1 X84.089 Y114.705 E169.94974
G1 X83.71 Y114.732 E169.96238
G1 X82.396 Y114.356 E170.00783
G1 X82.067 Y114.169 E170.02042
G1 X81.813 Y113.835 E170.03438
G1 X81.717 Y113.458 E170.04732
G1 X81.716 Y111.208 E170.12215
G1 X81.786 Y110.918 E170.13207
G1 X81.923 Y110.655 E170.14194
G1 X82.061 Y110.516 E170.14845
G0 F6000 X82.555 Y111.137
G1 F1200 X82.716 Y111.056 E170.15445
G1 X86.041 Y111.056 E170.26504
G1 X87.487 Y109.721 E170.33049
G1 X89.035 Y108.387 E170.39846
G1 X90.622 Y107.112 E170.46617
G1 X92.251 Y105.897 E170.53376
G1 X93.916 Y104.742 E170.60116
G1 X95.618 Y103.649 E170.66843
G1 X97.352 Y102.619 E170.73551
G1 X99.119 Y101.654 E170.80248
G1 X100.916 Y100.755 E170.86931
G1 X102.74 Y99.923 E170.93599
G1 X104.589 Y99.159 E171.00253
G1 X106.461 Y98.463 E171.06896
G1 X108.355 Y97.837 E171.1353
G1 X110.268 Y97.281 E171.20156
G1 X112.196 Y96.795 E171.26769
G1 X114.14 Y96.382 E171.33379
G1 X116.096 Y96.04 E171.39984
G1 X118.06 Y95.77 E171.46578
G1 X120.032 Y95.574 E171.53169
G1 X122.01 Y95.45 E171.59761
G1 X123.99 Y95.4 E171.66348
G1 X125.972 Y95.422 E171.72941
G1 X127.95 Y95.518 E171.79527
G1 X129.925 Y95.686 E171.8612
G1 X131.886 Y95.926 E171.92691
G1 X133.853 Y96.241 E171.99317
G1 X135.801 Y96.626 E172.05921
G1 X137.735 Y97.084 E172.12531
G1 X139.654 Y97.612 E172.19151
G1 X142.67 Y98.561 E172.29667
G1 X142.776 Y97.531 E172.33111
G1 X143.118 Y96.733 E172.35999
G1 X143.534 Y95.982 E172.38854
G1 X144.035 Y95.26 E172.41777
G1 X144.595 Y94.609 E172.44633
G1 X145.218 Y94.018 E172.47489
G1 X145.898 Y93.492 E172.50349
G1 X146.627 Y93.038 E172.53205
G1 X147.38 Y92.669 E172.55994
G1 X148.204 Y92.363 E172.58918
G1 X149.016 Y92.153 E172.61707
G1 X149.864 Y92.022 E172.64561
G1 X150.722 Y91.978 E172.67419
G1 X151.155 Y91.978 E172.68859
G1 X151.274 Y92.017 E172.69275
G1 X151.36 Y92.139 E172.69772
G1 X146.334 Y140.59 E174.31785
G1 X146.289 Y140.697 E174.32171
G1 X144.415 Y142.95 E174.41918
G1 X144.261 Y143.022 E174.42484
G1 X142.432 Y143.02 E174.48567
G1 X141.472 Y142.893 E174.51788
G1 X140.553 Y142.513 E174.55095
G1 X139.765 Y141.909 E174.58398
G1 X139.16 Y141.12 E174.61704
G1 X138.781 Y140.204 E174.65002
G1 X138.653 Y139.201 E174.68365
G1 X139.142 Y132.752 E174.89876
G1 X142.006 Y104.989 E175.82706
G1 X139.18 Y103.737 E175.92986
G1 X136.927 Y102.926 E176.0095
G1 X134.617 Y102.28 E176.08928
G1 X132.297 Y101.813 E176.16799
G1 X129.965 Y101.521 E176.24616
G1 X127.6 Y101.404 E176.32492
G1 X125.243 Y101.464 E176.40334
G1 X122.888 Y101.7 E176.48206
G1 X120.542 Y102.112 E176.56128
G1 X118.217 Y102.698 E176.64103
G1 X115.914 Y103.458 E176.72169
G1 X113.644 Y104.389 E176.80329
G1 X111.431 Y105.479 E176.88534
G1 X109.249 Y106.743 E176.96921
G1 X107.136 Y108.157 E177.05378
G1 X105.07 Y109.738 E177.1403
G1 X103.092 Y111.453 E177.22738
G1 X101.182 Y113.321 E177.31624
G1 X99.347 Y115.335 E177.40686
G1 X97.616 Y117.463 E177.49809
G1 X95.967 Y119.732 E177.59138
G1 X94.424 Y122.11 E177.68567
G1 X92.986 Y124.596 E177.78119
G1 X91.622 Y127.257 E177.88064
G1 X91.512 Y127.366 E177.8858
G1 X90.092 Y127.367 E177.93302
G1 X89.973 Y127.328 E177.93719
G1 X89.892 Y127.164 E177.94327
G1 X89.926 Y124.633 E178.02746
G1 X88.384 Y124.626 E178.07875
G1 X83.524 Y123.372 E178.24569
G1 X83.419 Y123.304 E178.24985
G1 X83.374 Y123.179 E178.25427
G1 X83.364 Y121.415 E178.31294
G1 X83.407 Y121.279 E178.31768
G1 X84.778 Y120.349 E178.37278
G1 X85.017 Y120.314 E178.38082
G1 X85.153 Y120.359 E178.38558
G1 X85.351 Y120.654 E178.3974
G1 X89.897 Y120.654 E178.5486
G1 X89.894 Y115.398 E178.72342
G1 X89.933 Y115.279 E178.72758
G1 X90.094 Y115.198 E178.73358
G1 X91.431 Y115.197 E178.77804
G1 X91.43 Y113.606 E178.83096
G1 X85.012 Y113.607 E179.04442
G1 X83.909 Y113.925 E179.08261
G1 X83.799 Y113.925 E179.08626
G1 X82.662 Y113.599 E179.1256
G1 X82.559 Y113.529 E179.12975
G1 X82.517 Y113.407 E179.13404
G1 X82.516 Y111.256 E179.20558
G1 X82.555 Y111.137 E179.20975
G0 F6000 X82.175 Y111.012
G1 F1200 X82.266 Y110.86 E179.21564
G1 X82.536 Y110.699 E179.22609
G1 X82.716 Y110.656 E179.23225
G1 X85.885 Y110.656 E179.33765
G1 X87.226 Y109.418 E179.39835
G1 X88.784 Y108.075 E179.46677
G1 X90.383 Y106.791 E179.53497
G1 X92.023 Y105.568 E179.60302
G1 X93.7 Y104.405 E179.6709
G1 X95.414 Y103.305 E179.73863
G1 X97.16 Y102.268 E179.80618
G1 X98.94 Y101.296 E179.87363
G1 X100.75 Y100.391 E179.94094
G1 X102.587 Y99.553 E180.00809
G1 X104.45 Y98.784 E180.07513
G1 X106.335 Y98.083 E180.14202
G1 X108.243 Y97.453 E180.20885
G1 X110.17 Y96.893 E180.27559
G1 X112.113 Y96.404 E180.34223
G1 X114.071 Y95.988 E180.40881
G1 X116.042 Y95.644 E180.47536
G1 X118.02 Y95.372 E180.54176
G1 X120.007 Y95.175 E180.60818
G1 X122 Y95.05 E180.67459
G1 X123.994 Y95 E180.74093
G1 X125.991 Y95.022 E180.80736
G1 X127.984 Y95.119 E180.87372
G1 X129.974 Y95.289 E180.94015
G1 X131.949 Y95.531 E181.00633
G1 X133.931 Y95.849 E181.0731
G1 X135.893 Y96.237 E181.13962
G1 X137.841 Y96.698 E181.2062
G1 X139.774 Y97.23 E181.27288
G1 X142.322 Y98.032 E181.36173
G1 X142.384 Y97.428 E181.38192
G1 X142.75 Y96.575 E181.41279
G1 X143.205 Y95.754 E181.44401
G1 X143.706 Y95.032 E181.47324
G1 X144.292 Y94.348 E181.5032
G1 X144.973 Y93.702 E181.53442
G1 X145.687 Y93.152 E181.5644
G1 X146.416 Y92.698 E181.59296
G1 X147.241 Y92.294 E181.62351
G1 X148.065 Y91.988 E181.65275
G1 X148.916 Y91.766 E181.682
G1 X149.803 Y91.627 E181.71186
G1 X150.722 Y91.578 E181.74247
G1 X151.155 Y91.578 E181.75687
G1 X151.399 Y91.637 E181.76522
G1 X151.601 Y91.787 E181.77359
G1 X151.766 Y92.1 E181.78536
G1 X146.732 Y140.631 E183.40817
G1 X146.597 Y140.953 E183.41978
G1 X144.723 Y143.206 E183.51725
G1 X144.43 Y143.384 E183.52865
G1 X144.261 Y143.422 E183.53441
G1 X142.38 Y143.417 E183.59698
G1 X141.367 Y143.283 E183.63096
G1 X140.355 Y142.864 E183.66739
G1 X139.48 Y142.194 E183.70405
G1 X138.809 Y141.318 E183.74075
G1 X138.391 Y140.308 E183.7771
G1 X138.251 Y139.212 E183.81385
G1 X138.744 Y132.711 E184.0307
G1 X141.578 Y105.237 E184.94934
G1 X139.021 Y104.104 E185.04236
G1 X136.81 Y103.308 E185.12051
G1 X134.524 Y102.669 E185.19946
G1 X132.236 Y102.209 E185.27708
G1 X129.935 Y101.921 E185.35421
G1 X127.59 Y101.805 E185.4323
G1 X125.266 Y101.864 E185.50962
G1 X122.942 Y102.097 E185.58731
G1 X120.628 Y102.503 E185.66545
G1 X118.327 Y103.083 E185.74437
G1 X116.052 Y103.834 E185.82406
G1 X113.812 Y104.752 E185.90457
G1 X111.618 Y105.833 E185.98592
G1 X109.45 Y107.089 E186.06926
G1 X107.379 Y108.475 E186.15214
G1 X105.318 Y110.052 E186.23846
G1 X103.372 Y111.739 E186.32411
G1 X101.47 Y113.599 E186.4126
G1 X99.643 Y115.604 E186.50282
G1 X97.94 Y117.698 E186.59259
G1 X96.303 Y119.95 E186.68519
G1 X94.76 Y122.328 E186.77947
G1 X93.342 Y124.778 E186.87362
G1 X91.978 Y127.439 E186.97308
G1 X91.794 Y127.65 E186.98239
G1 X91.608 Y127.766 E186.98968
G1 X90.092 Y127.767 E187.0401
G1 X89.848 Y127.708 E187.04845
G1 X89.696 Y127.617 E187.05435
G1 X89.533 Y127.341 E187.06501
G1 X89.492 Y127.159 E187.07121
G1 X89.521 Y125.031 E187.142
G1 X88.334 Y125.026 E187.18148
G1 X83.424 Y123.759 E187.35013
G1 X83.202 Y123.64 E187.35851
G1 X83.043 Y123.439 E187.36703
G1 X82.974 Y123.181 E187.37592
G1 X82.964 Y121.417 E187.43459
G1 X83.026 Y121.158 E187.44345
G1 X83.182 Y120.948 E187.45215
G1 X84.553 Y120.018 E187.50725
G1 X84.959 Y119.918 E187.52116
G1 X85.279 Y119.979 E187.53199
G1 X85.485 Y120.136 E187.54061
G1 X85.564 Y120.254 E187.54533
G1 X89.497 Y120.254 E187.67614
G1 X89.494 Y115.398 E187.83765
G1 X89.553 Y115.154 E187.846
G1 X89.644 Y115.002 E187.85189
G1 X89.914 Y114.841 E187.86235
G1 X90.094 Y114.798 E187.8685
G1 X91.031 Y114.797 E187.89967
G1 X91.03 Y114.006 E187.92598
G1 X85.068 Y114.007 E188.12427
G1 X84.02 Y114.309 E188.16055
G1 X83.753 Y114.328 E188.16945
G1 X82.552 Y113.984 E188.211
G1 X82.334 Y113.86 E188.21935
G1 X82.181 Y113.659 E188.22775
G1 X82.117 Y113.407 E188.2364
G1 X82.116 Y111.256 E188.30794
G1 X82.175 Y111.012 E188.31629
G1 F2700 E183.31629
;MESH:FT03-Upright.stl
G0 F6000 X82.052 Y111.013
G0 X82.061 Y113.902
G0 X83.854 Y114.423
G0 X85.08 Y114.071
G0 X84.925 Y112.978
G0 X92.068 Y112.968
G0 X92.069 Y115.835
G0 X90.865 Y116.168
G0 X90.538 Y121.472
G0 X84.856 Y121.463
G0 X84.331 Y121.817
G0 X84.339 Y122.579
G0 X88.533 Y123.671
G0 X90.557 Y123.803
G0 X90.871 Y126.392
G0 X95.774 Y118.358
G0 X100.711 Y112.874
G0 X102.647 Y110.979
G0 X104.664 Y109.23
G0 X106.752 Y107.632
G0 X108.907 Y106.191
G0 X111.119 Y104.909
G0 X113.383 Y103.794
G0 X115.692 Y102.847
G0 X118.035 Y102.074
G0 X120.406 Y101.476
G0 X122.799 Y101.057
G0 X125.203 Y100.816
G0 X127.61 Y100.755
G0 X130.014 Y100.873
G0 X132.405 Y101.172
G0 X134.776 Y101.65
G0 X137.118 Y102.304
G0 X139.424 Y103.134
G0 X142.692 Y104.591
G0 X139.402 Y139.993
G0 X141.21 Y141.378
G0 X141.698 Y141.58
G0 X143.372 Y141.962
G0 X142.481 Y141.847
;TYPE:WALL-INNER
G1 F2700 E188.31629
G1 F1263.2 X141.773 Y141.756 E188.33884
G1 F1276.6 X141.14 Y141.495 E188.36025
G1 X140.595 Y141.076 E188.38174
G1 F1273.2 X140.174 Y140.528 E188.4034
G1 X139.914 Y139.902 E188.42465
G1 F1269.8 X139.823 Y139.196 E188.44703
G1 F1256.5 X139.897 Y138.531 E188.46828
G1 F1224.5 X140.163 Y137.889 E188.49093
G1 F1203 X140.582 Y137.341 E188.51382
G1 F1200 X141.127 Y136.925 E188.53662
G1 X141.775 Y136.654 E188.55998
G1 X142.46 Y136.567 E188.58295
G1 X143.141 Y136.654 E188.60578
G1 X143.783 Y136.923 E188.62893
G1 X144.327 Y137.338 E188.65169
G1 X144.755 Y137.892 E188.67498
G1 X144.988 Y138.459 E188.69537
G1 F1076.2 X145.152 Y139.182 E188.72286
G1 F997.9 X145.044 Y140.011 E188.7563
G1 F1050.3 X144.777 Y140.54 E188.77881
G1 F1090.9 X144.337 Y141.099 E188.80484
G1 F1034.5 X143.751 Y141.605 E188.83471
G1 F983.6 X143.158 Y141.785 E188.85986
G1 F1106 X142.481 Y141.847 E188.88439
G0 F6000 X142.515 Y142.229
G1 F1194 X143.126 Y142.209 E188.90483
G1 F1071.4 X143.935 Y142.135 E188.93509
G1 F987.7 X144.214 Y141.858 E188.95098
G1 F1030 X144.608 Y141.433 E188.97343
G1 F1100.9 X145.059 Y140.889 E188.99905
G1 F1002.1 X145.495 Y140.296 E189.02836
G1 F946.7 X145.539 Y140.013 E189.04044
G1 F987.7 X145.616 Y139.332 E189.06813
G1 X145.631 Y139.127 E189.07644
G1 F1076.2 X145.731 Y138.603 E189.09622
G1 F1200 X150.484 Y92.79 E190.62815
G1 X149.949 Y92.818 E190.64597
G1 X149.193 Y92.933 E190.6714
G1 X148.432 Y93.129 E190.69754
G1 X147.701 Y93.401 E190.72348
G1 X147.004 Y93.742 E190.74929
G1 X146.345 Y94.153 E190.77512
G1 X145.744 Y94.62 E190.80043
G1 X145.156 Y95.178 E190.8274
G1 X144.668 Y95.748 E190.85235
G1 X144.215 Y96.398 E190.8787
G1 X143.848 Y97.061 E190.90391
G1 X143.556 Y97.738 E190.92843
G1 X143.428 Y98.969 E190.96959
G1 X143.23 Y99.281 E190.98189
G1 X142.966 Y99.411 E190.99167
G1 X142.695 Y99.407 E191.00069
G1 X139.426 Y98.38 E191.11465
G1 X137.539 Y97.858 E191.17977
G1 X135.621 Y97.407 E191.24531
G1 X133.701 Y97.027 E191.3104
G1 X131.783 Y96.719 E191.37501
G1 X129.881 Y96.485 E191.43875
G1 X127.895 Y96.315 E191.50505
G1 X125.938 Y96.22 E191.57021
G1 X123.955 Y96.201 E191.63617
G1 X122.003 Y96.25 E191.70112
G1 X120.131 Y96.367 E191.7635
G1 X118.143 Y96.564 E191.82995
G1 X116.177 Y96.833 E191.89595
G1 X114.382 Y97.146 E191.95655
G1 X112.377 Y97.573 E192.02473
G1 X110.52 Y98.041 E192.08843
G1 X108.571 Y98.606 E192.15592
G1 X106.661 Y99.242 E192.22287
G1 X104.876 Y99.903 E192.28618
G1 X103.052 Y100.659 E192.35185
G1 X101.096 Y101.553 E192.42338
G1 X99.483 Y102.368 E192.48349
G1 X97.737 Y103.318 E192.5496
G1 X96.028 Y104.335 E192.61575
G1 X94.362 Y105.408 E192.68166
G1 X92.71 Y106.552 E192.74849
G1 X91.104 Y107.747 E192.81507
G1 X89.537 Y109.005 E192.88191
G1 X87.996 Y110.339 E192.9497
G1 X86.528 Y111.697 E193.01621
G1 X86.208 Y111.856 E193.0281
G1 X83.316 Y111.856 E193.12429
G1 X83.316 Y112.952 E193.16074
G1 X83.851 Y113.107 E193.17927
G1 X84.908 Y112.804 E193.21584
G1 X91.704 Y112.804 E193.44187
G1 X91.974 Y112.913 E193.45156
G1 X92.168 Y113.142 E193.46154
G1 X92.228 Y113.314 E193.4676
G1 X92.228 Y115.496 E193.54017
G1 X92.163 Y115.671 E193.54638
G1 X91.928 Y115.916 E193.55767
G1 X91.628 Y115.996 E193.568
G1 X90.693 Y115.996 E193.5991
G1 X90.696 Y120.864 E193.76101
G1 X90.661 Y121.058 E193.76756
G1 X90.557 Y121.238 E193.77448
G1 X90.302 Y121.416 E193.78482
G1 X90.107 Y121.452 E193.79142
G1 X85.103 Y121.451 E193.95785
G1 X84.851 Y121.264 E193.96829
G1 X84.166 Y121.729 E193.99582
G1 X84.17 Y122.71 E194.02845
G1 X88.513 Y123.832 E194.17764
G1 X90.128 Y123.832 E194.23136
G1 X90.324 Y123.864 E194.23797
G1 X90.468 Y123.937 E194.24333
G1 X90.671 Y124.165 E194.25349
G1 X90.729 Y124.441 E194.26287
G1 X90.696 Y126.564 E194.33349
G1 X91.077 Y126.564 E194.34616
G1 X92.296 Y124.188 E194.43498
G1 X93.744 Y121.681 E194.53127
G1 X95.322 Y119.255 E194.62753
G1 X96.99 Y116.957 E194.72197
G1 X98.73 Y114.821 E194.81361
G1 X100.587 Y112.779 E194.90541
G1 X102.562 Y110.85 E194.99723
G1 X104.546 Y109.13 E195.08456
G1 X106.682 Y107.497 E195.17399
G1 X108.843 Y106.052 E195.26045
G1 X111.047 Y104.775 E195.34517
G1 X113.344 Y103.644 E195.43033
G1 X115.623 Y102.711 E195.51224
G1 X118.006 Y101.921 E195.59574
G1 X120.395 Y101.325 E195.67763
G1 X122.8 Y100.903 E195.75884
G1 X125.164 Y100.666 E195.83787
G1 X127.647 Y100.604 E195.92048
G1 X130.059 Y100.724 E196.0008
G1 X132.416 Y101.019 E196.0798
G1 X134.81 Y101.499 E196.16101
G1 X137.18 Y102.167 E196.24291
G1 X139.5 Y103.003 E196.32493
G1 X142.518 Y104.341 E196.43473
G1 X142.691 Y104.496 E196.44246
G1 X142.792 Y104.69 E196.44973
G1 X142.814 Y104.926 E196.45762
G1 X139.938 Y132.822 E197.39036
G1 F1206 X139.518 Y138.358 E197.57409
G1 F1240.3 X139.445 Y139.195 E197.60113
G1 F1269.8 X139.549 Y140.002 E197.62671
G1 F1273.2 X139.846 Y140.715 E197.65092
G1 X140.328 Y141.344 E197.67576
G1 F1276.6 X140.953 Y141.822 E197.70036
G1 X141.675 Y142.122 E197.7248
G1 F1263.2 X142.515 Y142.229 E197.75156
G0 F6000 X142.478 Y142.62
;TYPE:WALL-OUTER
G1 F1200 X144.166 Y142.62 E197.8077
G1 X145.939 Y140.483 E197.90006
G1 X150.93 Y92.367 E199.50899
G1 X149.909 Y92.42 E199.54299
G1 X149.113 Y92.541 E199.56977
G1 X148.312 Y92.747 E199.59728
G1 X147.543 Y93.033 E199.62457
G1 X146.81 Y93.392 E199.65172
G1 X146.115 Y93.825 E199.67895
G1 X145.483 Y94.316 E199.70557
G1 X144.866 Y94.902 E199.73387
G1 X144.351 Y95.503 E199.7602
G1 X143.875 Y96.186 E199.78788
G1 X143.488 Y96.885 E199.81446
G1 X143.164 Y97.636 E199.84166
G1 X143.032 Y98.884 E199.8834
G1 X142.859 Y99.041 E199.89117
G1 X139.539 Y97.996 E200.00694
G1 X137.638 Y97.47 E200.07254
G1 X135.705 Y97.016 E200.13858
G1 X133.772 Y96.633 E200.20412
G1 X131.839 Y96.323 E200.26924
G1 X129.923 Y96.087 E200.33345
G1 X127.922 Y95.916 E200.40024
G1 X125.95 Y95.82 E200.46591
G1 X123.945 Y95.801 E200.5326
G1 X122.029 Y95.848 E200.59634
G1 X120.053 Y95.972 E200.66219
G1 X118.096 Y96.167 E200.72761
G1 X116.115 Y96.438 E200.79411
G1 X114.306 Y96.753 E200.85518
G1 X112.286 Y97.183 E200.92387
G1 X110.422 Y97.653 E200.98781
G1 X108.385 Y98.245 E201.05836
G1 X106.583 Y98.845 E201.12153
G1 X104.73 Y99.531 E201.18725
G1 X102.892 Y100.292 E201.25342
G1 X100.995 Y101.157 E201.32276
G1 X99.297 Y102.014 E201.38602
G1 X97.539 Y102.97 E201.45258
G1 X95.896 Y103.947 E201.51616
G1 X94.14 Y105.075 E201.58558
G1 X92.477 Y106.227 E201.65286
G1 X90.859 Y107.431 E201.71994
G1 X89.281 Y108.698 E201.78725
G1 X87.724 Y110.045 E201.85573
G1 X86.256 Y111.403 E201.92224
G1 X86.155 Y111.454 E201.926
G1 X82.916 Y111.456 E202.03373
G1 X82.916 Y113.253 E202.0935
G1 X83.851 Y113.523 E202.12587
G1 X84.949 Y113.206 E202.16388
G1 X91.667 Y113.207 E202.38732
G1 X91.744 Y113.24 E202.39011
G1 X91.824 Y113.36 E202.39491
G1 X91.823 Y115.444 E202.46422
G1 X91.708 Y115.596 E202.47056
G1 X90.293 Y115.596 E202.51762
G1 X90.296 Y120.902 E202.6941
G1 X90.148 Y121.052 E202.70111
G1 X85.197 Y121.052 E202.86578
G1 X85.077 Y120.964 E202.87073
G1 X84.922 Y120.731 E202.88004
G1 X83.765 Y121.518 E202.92658
G1 X83.772 Y123.02 E202.97653
G1 X88.462 Y124.232 E203.13765
G1 X90.175 Y124.232 E203.19462
G1 X90.33 Y124.359 E203.20129
G1 X90.291 Y126.964 E203.28794
G1 X91.321 Y126.964 E203.3222
G1 X92.642 Y124.388 E203.41849
G1 X94.08 Y121.899 E203.51409
G1 X95.646 Y119.49 E203.60966
G1 X97.3 Y117.209 E203.70337
G1 X99.04 Y115.073 E203.795
G1 X100.884 Y113.048 E203.8861
G1 X102.824 Y111.152 E203.97632
G1 X104.808 Y109.432 E204.06365
G1 X106.904 Y107.829 E204.15142
G1 X109.032 Y106.405 E204.23658
G1 X111.243 Y105.124 E204.32157
G1 X113.496 Y104.014 E204.4051
G1 X115.785 Y103.078 E204.48736
G1 X118.103 Y102.309 E204.56858
G1 X120.465 Y101.719 E204.64956
G1 X122.84 Y101.301 E204.72977
G1 X125.204 Y101.064 E204.80879
G1 X127.627 Y101.004 E204.8894
G1 X130.009 Y101.121 E204.96872
G1 X132.36 Y101.415 E205.04753
G1 X134.727 Y101.891 E205.12783
G1 X137.044 Y102.543 E205.20788
G1 X139.338 Y103.369 E205.28898
G1 X142.325 Y104.695 E205.39768
G1 X142.422 Y104.825 E205.40307
G1 X139.54 Y132.786 E206.33798
G1 X139.054 Y139.206 E206.55213
G1 X139.171 Y140.103 E206.58221
G1 X139.507 Y140.911 E206.61132
G1 X140.051 Y141.621 E206.64107
G1 X140.757 Y142.161 E206.67063
G1 X141.573 Y142.5 E206.70002
G1 X142.478 Y142.62 E206.73038
G0 F6000 X143.048 Y142.006
G0 X142.465 Y141.456
G1 F1200 X141.875 Y141.382 E206.75016
G1 X141.332 Y141.158 E206.7697
G1 X140.87 Y140.802 E206.7891
G1 X140.529 Y140.363 E206.80758
G1 X140.287 Y139.795 E206.82812
G1 X140.212 Y139.201 E206.84803
G1 X140.284 Y138.635 E206.86701
G1 X140.503 Y138.114 E206.88581
G1 X140.868 Y137.626 E206.90608
G1 X141.31 Y137.288 E206.92458
G1 X141.88 Y137.044 E206.94521
G1 X142.456 Y136.97 E206.96452
G1 X143.038 Y137.045 E206.98404
G1 X143.602 Y137.288 E207.00446
G1 X144.042 Y137.624 E207.02288
G1 X144.404 Y138.091 E207.04253
G1 X144.628 Y138.635 E207.0621
G1 X144.7 Y139.237 E207.08226
G1 X144.626 Y139.799 E207.10112
G1 X144.387 Y140.359 E207.12137
G1 X144.03 Y140.813 E207.14058
G1 X143.598 Y141.144 E207.15868
G1 X143.019 Y141.386 E207.17955
G1 X142.465 Y141.456 E207.19812
G1 F2700 E202.19812
G0 F6000 X143.048 Y142.006
G0 X141.812 Y141.627
G0 X141.21 Y141.378
G0 X139.412 Y140.031
G0 X142.692 Y104.591
G0 X139.424 Y103.134
G0 X137.118 Y102.304
G0 X134.776 Y101.65
G0 X132.405 Y101.172
G0 X130.014 Y100.873
G0 X127.61 Y100.755
G0 X125.203 Y100.816
G0 X122.799 Y101.057
G0 X120.406 Y101.476
G0 X118.035 Y102.074
G0 X115.692 Y102.847
G0 X113.383 Y103.794
G0 X111.119 Y104.909
G0 X108.907 Y106.191
G0 X106.752 Y107.632
G0 X104.664 Y109.23
G0 X102.647 Y110.979
G0 X100.711 Y112.874
G0 X95.545 Y118.675
G0 X90.975 Y126.398
G0 X90.557 Y123.803
G0 X88.533 Y123.671
G0 X84.339 Y122.579
G0 X84.331 Y121.817
G0 X84.856 Y121.463
G0 X90.679 Y121.341
G0 X90.532 Y115.836
G0 X92.069 Y115.835
G0 X92.068 Y112.968
G0 X83.944 Y112.977
G0 X83.87 Y112.715
;TYPE:SKIN
G1 F2700 E207.19812
G1 F975.6 X83.698 Y112.665 E207.20545
G1 X83.698 Y112.215 E207.22386
G1 F819.1 X84.834 Y112.332 E207.27951
G1 X83.87 Y112.715 E207.33005
G0 F6000 X83.944 Y112.977
G0 X83.485 Y112.826
G0 X83.488 Y112.028
G0 X84.834 Y111.956
G0 X84.834 Y112.332
G1 F757.1 X86.278 Y112.328 E207.40617
G1 F2700 E202.40617
G0 F6000 X86.214 Y111.959
G0 X83.488 Y112.028
G0 X83.485 Y112.826
G0 X83.851 Y112.939
G0 X92.068 Y112.968
G0 X92.203 Y115.897
G0 X90.865 Y116.168
G0 X90.538 Y121.472
G0 X84.856 Y121.463
G0 X84.331 Y121.817
G0 X84.339 Y122.579
G0 X88.533 Y123.671
G0 X90.557 Y123.803
G0 X90.871 Y126.392
G0 X96.841 Y116.889
G0 X100.711 Y112.874
G0 X102.647 Y110.979
G0 X104.664 Y109.23
G0 X106.752 Y107.632
G0 X108.907 Y106.191
G0 X111.119 Y104.909
G0 X113.383 Y103.794
G0 X115.692 Y102.847
G0 X118.035 Y102.074
G0 X120.406 Y101.476
G0 X122.799 Y101.057
G0 X125.203 Y100.816
G0 X127.61 Y100.755
G0 X130.014 Y100.873
G0 X132.405 Y101.172
G0 X134.776 Y101.65
G0 X137.118 Y102.304
G0 X139.424 Y103.134
G0 X142.692 Y104.591
G0 X139.494 Y136.677
G0 X139.663 Y138.605
G0 X140.874 Y137.317
G0 X141.211 Y137.055
G0 X141.812 Y136.805
G0 X142.458 Y136.72
G0 X143.104 Y136.804
G0 X143.707 Y137.055
G0 X144.223 Y137.45
G0 X144.544 Y137.869
G0 X145.371 Y139.403
G0 X145.382 Y138.467
G1 F2700 E207.40617
G1 F1200 X145.068 Y137.707 E207.43352
G1 X144.579 Y137.076 E207.46007
G1 X143.939 Y136.599 E207.48662
G1 X143.238 Y136.3 E207.51197
G1 X142.426 Y136.205 E207.53916
G1 X141.68 Y136.3 E207.56417
G1 X140.926 Y136.62 E207.59142
G1 X140.32 Y137.081 E207.61674
G1 X139.935 Y137.593 E207.63805
G1 X140.276 Y133.03 E207.79024
G1 X143.172 Y104.925 E208.72996
G1 X143.136 Y104.587 E208.74127
G1 X142.978 Y104.272 E208.75299
G1 X142.69 Y104.025 E208.76561
G1 X139.576 Y102.647 E208.87887
G1 X137.248 Y101.811 E208.96114
G1 X134.895 Y101.147 E209.04246
G1 X132.5 Y100.667 E209.1237
G1 X130.053 Y100.361 E209.20572
G1 X127.662 Y100.244 E209.28534
G1 X125.12 Y100.304 E209.36991
G1 X122.768 Y100.541 E209.44854
G1 X120.343 Y100.965 E209.53042
G1 X117.867 Y101.581 E209.61528
G1 X115.556 Y102.35 E209.69629
G1 X113.176 Y103.318 E209.78174
G1 X110.883 Y104.452 E209.86682
G1 X108.648 Y105.745 E209.9527
G1 X106.444 Y107.221 E210.04093
G1 X104.31 Y108.857 E210.13036
G1 X102.325 Y110.576 E210.2177
G1 X100.356 Y112.496 E210.30917
G1 X98.456 Y114.585 E210.40309
G1 X96.713 Y116.717 E210.49468
G1 X95.042 Y119.022 E210.58937
G1 X93.424 Y121.515 E210.68822
G1 X91.986 Y123.999 E210.78369
G1 X91.066 Y125.791 E210.85069
G1 X91.084 Y124.405 E210.89679
G1 X90.991 Y124.005 E210.91045
G1 X90.669 Y123.638 E210.92669
G1 X90.407 Y123.514 E210.93633
G1 X90.165 Y123.475 E210.94448
G1 X88.558 Y123.472 E210.99793
G1 F1134.8 X87.695 Y123.224 E211.02951
G1 F1021.3 X86.832 Y122.976 E211.0646
G1 F928.4 X85.968 Y122.729 E211.10323
G1 F851.1 X85.105 Y122.481 E211.14534
G1 F827.6 X84.614 Y122.361 E211.16972
G1 F836.2 X84.613 Y121.964 E211.18867
G1 X84.848 Y121.804 E211.20224
G1 F827.6 X85.18 Y121.902 E211.21893
G1 F851.1 X86.051 Y121.879 E211.25979
G1 F928.4 X86.922 Y121.856 E211.29725
G1 F1021.3 X87.792 Y121.834 E211.33126
G1 F1134.8 X88.663 Y121.811 E211.36191
G1 F1200 X90.14 Y121.809 E211.41103
G1 X90.432 Y121.754 E211.42091
G1 X90.822 Y121.487 E211.43663
G1 X90.999 Y121.182 E211.44836
G1 X91.053 Y120.903 E211.45781
G1 X91.053 Y116.356 E211.60905
G1 X91.65 Y116.356 E211.6289
G1 X92.109 Y116.222 E211.64481
G1 X92.355 Y116.026 E211.65527
G1 X92.589 Y115.568 E211.67238
G1 X92.583 Y113.245 E211.74964
G1 X92.491 Y112.974 E211.75916
G1 X92.175 Y112.608 E211.77524
G1 X91.764 Y112.444 E211.78996
G1 X86.84 Y112.444 E211.95373
G1 F1048 X86.268 Y112.335 E211.97591
G1 X86.78 Y111.955 E212.00019
G1 F1200 X88.222 Y110.62 E212.06555
G1 X89.708 Y109.331 E212.13098
G1 X91.323 Y108.031 E212.19993
G1 X93.001 Y106.787 E212.26941
G1 X94.568 Y105.703 E212.33278
G1 X96.146 Y104.686 E212.39522
G1 X97.92 Y103.626 E212.46396
G1 X99.653 Y102.686 E212.52953
G1 X101.319 Y101.845 E212.5916
G1 X103.2 Y100.984 E212.6604
G1 X105.001 Y100.239 E212.72523
G1 X106.789 Y99.58 E212.78861
G1 X108.66 Y98.951 E212.85426
G1 X110.605 Y98.39 E212.92159
G1 X112.462 Y97.923 E212.98528
G1 X114.501 Y97.486 E213.05463
G1 X116.191 Y97.19 E213.1117
G1 X118.136 Y96.927 E213.17698
G1 X120.065 Y96.731 E213.24147
G1 X122.064 Y96.606 E213.30808
G1 X123.929 Y96.561 E213.37013
G1 X125.918 Y96.58 E213.43629
G1 X127.822 Y96.672 E213.49969
G1 X129.887 Y96.843 E213.56861
G1 X131.705 Y97.071 E213.62955
G1 X133.628 Y97.381 E213.69433
G1 X135.505 Y97.752 E213.75797
G1 X137.418 Y98.198 E213.8233
G1 X139.327 Y98.724 E213.88916
G1 X142.603 Y99.755 E214.00339
G1 X143.048 Y99.763 E214.0182
G1 X143.378 Y99.617 E214.0302
G1 X143.59 Y99.429 E214.03962
G1 X143.777 Y99.059 E214.05341
G1 X143.908 Y97.831 E214.09449
G1 X144.176 Y97.201 E214.11726
G1 X144.522 Y96.583 E214.14081
G1 X144.951 Y95.967 E214.16578
G1 X145.414 Y95.431 E214.18934
G1 X145.983 Y94.888 E214.2155
G1 X146.547 Y94.448 E214.23929
G1 X147.174 Y94.056 E214.26388
G1 X147.839 Y93.732 E214.28849
G1 X148.536 Y93.471 E214.31324
G1 X149.24 Y93.291 E214.33741
G1 X150.081 Y93.16 E214.36572
G1 X145.382 Y138.467 E215.88072
G1 F2700 E210.88072
G0 F6000 X145.371 Y139.403
G0 X145.571 Y138.589
G0 X150.289 Y92.975
G0 X149.391 Y93.004
G0 X149.46 Y93.458
G1 F2700 E215.88072
G1 F1200 X149.814 Y93.811 E215.89735
G0 F6000 X149.761 Y94.324
G1 F1200 X148.997 Y93.56 E215.93328
G0 F6000 X148.55 Y93.679
G1 F1200 X149.707 Y94.836 E215.98771
G0 F6000 X149.654 Y95.348
G1 F1200 X148.139 Y93.833 E216.05897
G0 F6000 X147.742 Y94.002
G1 F1200 X149.601 Y95.861 E216.14641
G0 F6000 X149.548 Y96.374
G1 F1200 X147.362 Y94.187 E216.24925
G0 F6000 X147.006 Y94.397
G1 F1200 X149.495 Y96.886 E216.36633
G0 F6000 X149.441 Y97.398
G1 F1200 X146.658 Y94.615 E216.49723
G0 F6000 X146.341 Y94.863
G1 F1200 X149.388 Y97.911 E216.64058
G0 F6000 X149.335 Y98.424
G1 F1200 X146.032 Y95.12 E216.79596
G0 F6000 X145.742 Y95.396
G1 F1200 X149.282 Y98.936 E216.96248
G0 F6000 X149.229 Y99.448
G1 F1200 X145.461 Y95.681 E217.13969
G0 F6000 X145.199 Y95.984
G1 F1200 X149.175 Y99.961 E217.32673
G0 F6000 X149.122 Y100.474
G1 F1200 X144.957 Y96.308 E217.52266
G0 F6000 X144.724 Y96.641
G1 F1200 X149.069 Y100.986 E217.72704
G0 F6000 X149.016 Y101.499
G1 F1200 X144.517 Y96.999 E217.93868
G0 F6000 X144.321 Y97.369
G1 F1200 X148.963 Y102.011 E218.15703
G0 F6000 X148.91 Y102.523
G1 F1200 X144.153 Y97.767 E218.38076
G0 F6000 X144.065 Y98.244
G1 F1200 X148.857 Y103.036 E218.60616
G0 F6000 X148.804 Y103.549
G1 F1200 X144.009 Y98.754 E218.8317
G0 F6000 X143.914 Y99.225
G1 F1200 X148.751 Y104.061 E219.05919
G0 F6000 X148.697 Y104.573
G1 F1200 X143.712 Y99.589 E219.29365
G0 F6000 X143.388 Y99.83
G1 F1200 X148.644 Y105.086 E219.54088
G0 F6000 X148.591 Y105.599
G1 F1200 X142.96 Y99.968 E219.80574
G0 F6000 X142.293 Y99.867
G1 F1200 X148.538 Y106.111 E220.09946
G0 F6000 X148.485 Y106.624
G1 F1200 X141.468 Y99.607 E220.42952
G0 F6000 X140.643 Y99.348
G1 F1200 X148.431 Y107.136 E220.79584
G0 F6000 X148.378 Y107.649
G1 F1200 X139.818 Y99.088 E221.1985
G0 F6000 X139.007 Y98.844
G1 F1200 X148.325 Y108.161 E221.63677
G0 F6000 X148.272 Y108.674
G1 F1200 X138.226 Y98.628 E222.1093
G0 F6000 X137.445 Y98.413
G1 F1200 X148.219 Y109.186 E222.61606
G0 F6000 X148.165 Y109.698
G1 F1200 X143.37 Y104.904 E222.84157
G0 F6000 X143.324 Y105.423
G1 F1200 X148.112 Y110.211 E223.06679
G0 F6000 X148.059 Y110.724
G1 F1200 X143.272 Y105.937 E223.29195
G0 F6000 X143.219 Y106.449
G1 F1200 X148.006 Y111.236 E223.51712
G0 F6000 X147.952 Y111.748
G1 F1200 X143.166 Y106.962 E223.74224
G0 F6000 X143.113 Y107.475
G1 F1200 X147.899 Y112.261 E223.96736
G0 F6000 X147.846 Y112.774
G1 F1200 X143.06 Y107.987 E224.1925
G0 F6000 X143.007 Y108.501
G1 F1200 X147.793 Y113.286 E224.41759
G0 F6000 X147.74 Y113.799
G1 F1200 X142.954 Y109.013 E224.64271
G0 F6000 X142.901 Y109.526
G1 F1200 X147.686 Y114.311 E224.86778
G0 F6000 X147.633 Y114.824
G1 F1200 X142.848 Y110.039 E225.09286
G0 F6000 X142.795 Y110.551
G1 F1200 X147.58 Y115.336 E225.31793
G0 F6000 X147.527 Y115.849
G1 F1200 X142.743 Y111.065 E225.54295
G0 F6000 X142.69 Y111.577
G1 F1200 X147.474 Y116.361 E225.76798
G0 F6000 X147.42 Y116.873
G1 F1200 X142.637 Y112.09 E225.99296
G0 F6000 X142.584 Y112.603
G1 F1200 X147.367 Y117.386 E226.21793
G0 F6000 X147.314 Y117.899
G1 F1200 X142.531 Y113.115 E226.44293
G0 F6000 X142.478 Y113.629
G1 F1200 X147.261 Y118.411 E226.66789
G0 F6000 X147.208 Y118.924
G1 F1200 X142.425 Y114.141 E226.89287
G0 F6000 X142.372 Y114.654
G1 F1200 X147.155 Y119.436 E227.11782
G0 F6000 X147.102 Y119.949
G1 F1200 X142.319 Y115.166 E227.3428
G0 F6000 X142.266 Y115.679
G1 F1200 X147.049 Y120.461 E227.56775
G0 F6000 X146.995 Y120.974
G1 F1200 X142.214 Y116.192 E227.79266
G0 F6000 X142.161 Y116.705
G1 F1200 X146.942 Y121.487 E228.01757
G0 F6000 X146.889 Y121.999
G1 F1200 X142.108 Y117.218 E228.24245
G0 F6000 X142.055 Y117.73
G1 F1200 X146.836 Y122.511 E228.46733
G0 F6000 X146.783 Y123.024
G1 F1200 X142.002 Y118.243 E228.69222
G0 F6000 X141.949 Y118.756
G1 F1200 X146.73 Y123.537 E228.9171
G0 F6000 X146.676 Y124.048
G1 F1200 X141.897 Y119.269 E229.14189
G0 F6000 X141.843 Y119.782
G1 F1200 X146.623 Y124.561 E229.3667
G0 F6000 X146.57 Y125.074
G1 F1200 X141.79 Y120.294 E229.59154
G0 F6000 X141.737 Y120.807
G1 F1200 X146.517 Y125.586 E229.81635
G0 F6000 X146.464 Y126.099
G1 F1200 X141.684 Y121.32 E230.04117
G0 F6000 X141.632 Y121.833
G1 F1200 X146.41 Y126.611 E230.26591
G0 F6000 X146.357 Y127.124
G1 F1200 X141.579 Y122.346 E230.49065
G0 F6000 X141.526 Y122.858
G1 F1200 X146.304 Y127.636 E230.71539
G0 F6000 X146.251 Y128.149
G1 F1200 X141.473 Y123.371 E230.94014
G0 F6000 X141.42 Y123.884
G1 F1200 X146.198 Y128.662 E231.16488
G0 F6000 X146.144 Y129.174
G1 F1200 X141.368 Y124.397 E231.38955
G0 F6000 X141.315 Y124.91
G1 F1200 X146.091 Y129.686 E231.6142
G0 F6000 X146.038 Y130.199
G1 F1200 X141.262 Y125.422 E231.83887
G0 F6000 X141.209 Y125.935
G1 F1200 X145.985 Y130.712 E232.06354
G0 F6000 X145.932 Y131.224
G1 F1200 X141.155 Y126.448 E232.28821
G0 F6000 X141.103 Y126.961
G1 F1200 X145.878 Y131.736 E232.51282
G0 F6000 X145.825 Y132.249
G1 F1200 X141.05 Y127.474 E232.73742
G0 F6000 X140.997 Y127.986
G1 F1200 X145.772 Y132.761 E232.96202
G0 F6000 X145.719 Y133.274
G1 F1200 X140.944 Y128.499 E233.18662
G0 F6000 X140.891 Y129.012
G1 F1200 X145.666 Y133.787 E233.41122
G0 F6000 X145.612 Y134.299
G1 F1200 X140.839 Y129.525 E233.63575
G0 F6000 X140.786 Y130.038
G1 F1200 X145.559 Y134.811 E233.86026
G0 F6000 X145.506 Y135.324
G1 F1200 X140.733 Y130.55 E234.08479
G0 F6000 X140.68 Y131.063
G1 F1200 X145.453 Y135.837 E234.30932
G0 F6000 X145.4 Y136.349
G1 F1200 X140.627 Y131.576 E234.53383
G0 F6000 X140.574 Y132.089
G1 F1200 X145.347 Y136.861 E234.75831
G0 F6000 X145.293 Y137.374
G1 F1200 X140.521 Y132.602 E234.98277
G0 F6000 X140.469 Y133.115
G1 F1200 X143.584 Y136.23 E235.12929
G0 F6000 X142.837 Y136.049
G1 F1200 X140.43 Y133.642 E235.24251
G0 F6000 X140.39 Y134.168
G1 F1200 X142.249 Y136.026 E235.32993
G0 F6000 X141.747 Y136.09
G1 F1200 X140.351 Y134.694 E235.39559
G0 F6000 X140.312 Y135.221
G1 F1200 X141.322 Y136.231 E235.4431
G0 F6000 X140.923 Y136.397
G1 F1200 X140.272 Y135.747 E235.4737
G0 F6000 X140.233 Y136.273
G1 F1200 X140.587 Y136.627 E235.49035
G0 F6000 X140.265 Y136.871
G1 F1200 X140.194 Y136.8 E235.49369
G1 F2700 E230.49369
G0 F6000 X139.739 Y136.765
G0 X142.692 Y104.591
G0 X141.758 Y103.894
G0 X141.943 Y103.477
G1 F2700 E235.49369
G1 F1200 X136.704 Y98.238 E235.74011
G0 F6000 X135.967 Y98.066
G1 F1200 X140.928 Y103.027 E235.97346
G0 F6000 X140.743 Y103.445
G0 X139.728 Y102.995
G0 X139.913 Y102.578
G1 F1200 X135.238 Y97.903 E236.19336
G0 F6000 X134.534 Y97.765
G1 F1200 X138.996 Y102.226 E236.40322
G0 F6000 X138.114 Y101.91
G1 F1200 X133.829 Y97.625 E236.60477
G0 F6000 X133.144 Y97.506
G1 F1200 X137.237 Y101.599 E236.79729
G0 F6000 X136.45 Y101.377
G1 F1200 X132.469 Y97.397 E236.98452
G0 F6000 X131.795 Y97.288
G1 F1200 X135.662 Y101.155 E237.16641
G0 F6000 X134.881 Y100.94
G1 F1200 X131.144 Y97.202 E237.34222
G0 F6000 X130.497 Y97.121
G1 F1200 X134.174 Y100.799 E237.51519
G0 F6000 X133.466 Y100.657
G1 F1200 X129.851 Y97.041 E237.68526
G0 F6000 X129.234 Y96.99
G1 F1200 X132.759 Y100.515 E237.85106
G0 F6000 X132.093 Y100.415
G1 F1200 X128.617 Y96.939 E238.01456
G0 F6000 X128 Y96.888
G1 F1200 X131.447 Y100.334 E238.17667
G0 F6000 X130.801 Y100.254
G1 F1200 X127.399 Y96.852 E238.33669
G0 F6000 X126.805 Y96.823
G1 F1200 X130.154 Y100.173 E238.49424
G0 F6000 X129.551 Y100.136
G1 F1200 X126.211 Y96.795 E238.65137
G0 F6000 X125.628 Y96.778
G1 F1200 X128.956 Y100.107 E238.80793
G0 F6000 X128.362 Y100.078
G1 F1200 X125.057 Y96.773 E238.96339
G0 F6000 X124.485 Y96.767
G1 F1200 X127.767 Y100.049 E239.11777
G0 F6000 X127.208 Y100.055
G1 F1200 X123.915 Y96.762 E239.27266
G0 F6000 X123.363 Y96.775
G1 F1200 X126.655 Y100.068 E239.42753
G0 F6000 X126.103 Y100.081
G1 F1200 X122.81 Y96.788 E239.58242
G0 F6000 X122.257 Y96.802
G1 F1200 X125.55 Y100.094 E239.73729
G0 F6000 X125.004 Y100.114
G1 F1200 X121.719 Y96.828 E239.89183
G0 F6000 X121.186 Y96.862
G1 F1200 X124.491 Y100.167 E240.04729
G0 F6000 X123.977 Y100.218
G1 F1200 X120.654 Y96.895 E240.20359
G0 F6000 X120.121 Y96.928
G1 F1200 X123.464 Y100.271 E240.36083
G0 F6000 X122.95 Y100.322
G1 F1200 X119.607 Y96.98 E240.51805
G0 F6000 X119.094 Y97.032
G1 F1200 X122.454 Y100.392 E240.6761
G0 F6000 X121.972 Y100.476
G1 F1200 X118.58 Y97.084 E240.83565
G0 F6000 X118.069 Y97.139
G1 F1200 X121.491 Y100.56 E240.99659
G0 F6000 X121.009 Y100.645
G1 F1200 X117.571 Y97.206 E241.15832
G0 F6000 X117.072 Y97.273
G1 F1200 X120.528 Y100.729 E241.32088
G0 F6000 X120.062 Y100.828
G1 F1200 X116.574 Y97.34 E241.48495
G0 F6000 X116.08 Y97.412
G1 F1200 X119.609 Y100.941 E241.65094
G0 F6000 X119.156 Y101.054
G1 F1200 X115.599 Y97.497 E241.81825
G0 F6000 X115.117 Y97.581
G1 F1200 X118.703 Y101.166 E241.9869
G0 F6000 X118.25 Y101.28
G1 F1200 X114.635 Y97.664 E242.15696
G0 F6000 X114.167 Y97.762
G1 F1200 X117.797 Y101.392 E242.32771
G0 F6000 X117.373 Y101.533
G1 F1200 X113.701 Y97.862 E242.5004
G0 F6000 X113.235 Y97.962
G1 F1200 X116.948 Y101.675 E242.67505
G0 F6000 X116.524 Y101.816
G1 F1200 X112.769 Y98.062 E242.85165
G0 F6000 X112.31 Y98.168
G1 F1200 X116.1 Y101.958 E243.02992
G0 F6000 X115.676 Y102.099
G1 F1200 X111.858 Y98.281 E243.20951
G0 F6000 X111.406 Y98.395
G1 F1200 X115.263 Y102.253 E243.39095
G0 F6000 X114.862 Y102.417
G1 F1200 X110.954 Y98.509 E243.57477
G0 F6000 X110.505 Y98.626
G1 F1200 X114.459 Y102.58 E243.76076
G0 F6000 X114.058 Y102.744
G1 F1200 X110.067 Y98.753 E243.94848
G0 F6000 X109.628 Y98.88
G1 F1200 X113.655 Y102.907 E244.1379
G0 F6000 X113.254 Y103.071
G1 F1200 X109.189 Y99.007 E244.32908
G0 F6000 X108.75 Y99.134
G1 F1200 X112.866 Y103.249 E244.52266
G0 F6000 X112.487 Y103.436
G1 F1200 X108.326 Y99.275 E244.71838
G0 F6000 X107.903 Y99.418
G1 F1200 X112.108 Y103.623 E244.91617
G0 F6000 X111.73 Y103.81
G1 F1200 X107.48 Y99.56 E245.11608
G0 F6000 X107.056 Y99.702
G1 F1200 X111.351 Y103.997 E245.3181
G0 F6000 X110.973 Y104.184
G1 F1200 X106.638 Y99.85 E245.52198
G0 F6000 X106.224 Y100.002
G1 F1200 X110.604 Y104.382 E245.72801
G0 F6000 X110.246 Y104.589
G1 F1200 X105.811 Y100.155 E245.93659
G0 F6000 X105.398 Y100.307
G1 F1200 X109.888 Y104.797 E246.14779
G0 F6000 X109.529 Y105.004
G1 F1200 X104.987 Y100.461 E246.36145
G0 F6000 X104.587 Y100.627
G1 F1200 X109.171 Y105.211 E246.57707
G0 F6000 X108.812 Y105.418
G1 F1200 X104.187 Y100.792 E246.79464
G0 F6000 X103.786 Y100.958
G1 F1200 X108.46 Y105.631 E247.01447
G0 F6000 X108.121 Y105.858
G1 F1200 X103.386 Y101.123 E247.23719
G0 F6000 X102.995 Y101.298
G1 F1200 X107.782 Y106.085 E247.46235
G0 F6000 X107.443 Y106.311
G1 F1200 X102.607 Y101.475 E247.68982
G0 F6000 X102.219 Y101.653
G1 F1200 X107.104 Y106.538 E247.9196
G0 F6000 X106.765 Y106.765
G1 F1200 X101.831 Y101.831 E248.15168
G0 F6000 X101.443 Y102.009
G1 F1200 X106.427 Y106.992 E248.38609
G0 F6000 X106.101 Y107.232
G1 F1200 X101.065 Y102.197 E248.62294
G0 F6000 X100.69 Y102.387
G1 F1200 X105.78 Y107.477 E248.86236
G0 F6000 X105.46 Y107.723
G1 F1200 X100.314 Y102.576 E249.10444
G0 F6000 X99.938 Y102.767
G1 F1200 X105.14 Y107.968 E249.3491
G0 F6000 X104.819 Y108.214
G1 F1200 X99.566 Y102.96 E249.59621
G0 F6000 X99.2 Y103.16
G1 F1200 X104.499 Y108.459 E249.84546
G0 F6000 X104.179 Y108.705
G1 F1200 X98.834 Y103.359 E250.09689
G0 F6000 X98.467 Y103.558
G1 F1200 X103.876 Y108.967 E250.35131
G0 F6000 X103.573 Y109.23
G1 F1200 X98.1 Y103.757 E250.60875
G0 F6000 X97.743 Y103.966
G1 F1200 X103.27 Y109.493 E250.86872
G0 F6000 X102.967 Y109.755
G1 F1200 X97.389 Y104.177 E251.13109
G0 F6000 X97.035 Y104.389
G1 F1200 X102.664 Y110.018 E251.39586
G0 F6000 X102.361 Y110.28
G1 F1200 X96.681 Y104.6 E251.66303
G0 F6000 X96.326 Y104.812
G1 F1200 X102.064 Y110.55 E251.93293
G0 F6000 X101.778 Y110.829
G1 F1200 X95.98 Y105.031 E252.20565
G0 F6000 X95.636 Y105.253
G1 F1200 X101.492 Y111.108 E252.48108
G0 F6000 X101.205 Y111.388
G1 F1200 X95.293 Y105.475 E252.75918
G0 F6000 X94.948 Y105.696
G1 F1200 X100.919 Y111.667 E253.04004
G0 F6000 X100.633 Y111.946
G1 F1200 X94.607 Y105.92 E253.32348
G0 F6000 X94.272 Y106.152
G1 F1200 X100.346 Y112.226 E253.60919
G0 F6000 X100.07 Y112.515
G1 F1200 X93.938 Y106.383 E253.89762
G0 F6000 X93.603 Y106.614
G1 F1200 X99.8 Y112.811 E254.1891
G0 F6000 X99.531 Y113.107
G1 F1200 X93.269 Y106.845 E254.48365
G0 F6000 X92.94 Y107.082
G1 F1200 X99.262 Y113.404 E254.78102
G0 F6000 X98.992 Y113.7
G1 F1200 X92.615 Y107.323 E255.08097
G0 F6000 X92.29 Y107.564
G1 F1200 X98.722 Y113.996 E255.38351
G0 F6000 X98.453 Y114.292
G1 F1200 X91.966 Y107.805 E255.68864
G0 F6000 X91.64 Y108.045
G1 F1200 X98.19 Y114.595 E255.99673
G0 F6000 X97.936 Y114.906
G1 F1200 X91.32 Y108.291 E256.30791
G0 F6000 X91.007 Y108.543
G1 F1200 X97.681 Y115.217 E256.62183
G0 F6000 X97.427 Y115.529
G1 F1200 X90.694 Y108.795 E256.93855
G0 F6000 X90.38 Y109.047
G1 F1200 X97.172 Y115.84 E257.25805
G0 F6000 X96.917 Y116.151
G1 F1200 X90.066 Y109.3 E257.5803
G0 F6000 X89.756 Y109.555
G1 F1200 X96.663 Y116.462 E257.90519
G0 F6000 X96.418 Y116.783
G1 F1200 X92.75 Y113.114 E258.07774
G0 F6000 X92.789 Y113.72
G1 F1200 X96.181 Y117.111 E258.23727
G0 F6000 X95.943 Y117.439
G1 F1200 X92.789 Y114.285 E258.38562
G0 F6000 X92.789 Y114.851
G1 F1200 X95.705 Y117.767 E258.52278
G0 F6000 X95.468 Y118.095
G1 F1200 X92.789 Y115.417 E258.64877
G0 F6000 X92.664 Y115.857
G1 F1200 X95.23 Y118.423 E258.76947
G0 F6000 X94.992 Y118.751
G1 F1200 X92.447 Y116.206 E258.88918
G0 F6000 X92.111 Y116.436
G1 F1200 X94.763 Y119.087 E259.01389
G0 F6000 X94.54 Y119.43
G1 F1200 X91.666 Y116.556 E259.14908
G0 F6000 X91.252 Y116.708
G1 F1200 X94.317 Y119.773 E259.29325
G0 F6000 X94.095 Y120.116
G1 F1200 X91.252 Y117.274 E259.42695
G0 F6000 X91.251 Y117.839
G1 F1200 X93.872 Y120.459 E259.55021
G0 F6000 X93.649 Y120.802
G1 F1200 X91.251 Y118.404 E259.663
G0 F6000 X91.251 Y118.969
G1 F1200 X93.426 Y121.145 E259.76533
G0 F6000 X93.207 Y121.492
G1 F1200 X91.251 Y119.535 E259.85736
G0 F6000 X91.25 Y120.1
G1 F1200 X92.999 Y121.849 E259.93963
G0 F6000 X92.792 Y122.208
G1 F1200 X91.25 Y120.666 E260.01216
G0 F6000 X91.201 Y121.183
G1 F1200 X92.585 Y122.566 E260.07724
G0 F6000 X92.377 Y122.924
G1 F1200 X91.009 Y121.556 E260.14158
G0 F6000 X90.699 Y121.812
G1 F1200 X92.17 Y123.283 E260.21077
G0 F6000 X91.963 Y123.641
G1 F1200 X90.301 Y121.979 E260.28895
G0 F6000 X89.768 Y122.012
G1 F1200 X91.76 Y124.004 E260.38265
G0 F6000 X91.567 Y124.377
G1 F1200 X91.205 Y124.015 E260.39967
G0 F6000 X91.284 Y124.659
G1 F1200 X91.376 Y124.751 E260.404
G0 F6000 X91.785 Y124.961
G0 X90.975 Y126.398
G0 X90.849 Y124.398
G0 X90.358 Y123.77
G0 X90.537 Y123.346
G1 F1200 X89.202 Y122.012 E260.46677
G0 F6000 X88.637 Y122.013
G1 F1200 X89.899 Y123.275 E260.52613
G0 F6000 X89.332 Y123.273
G1 F1200 X88.101 Y122.042 E260.58403
G0 F6000 X87.563 Y122.07
G1 F1200 X88.765 Y123.272 E260.64057
G0 F6000 X88.022 Y123.095
G1 F1200 X87.026 Y122.098 E260.68745
G0 F6000 X86.488 Y122.127
G1 F1200 X87.195 Y122.833 E260.72068
G0 F6000 X86.367 Y122.571
G1 F1200 X85.952 Y122.156 E260.7402
G0 F6000 X85.539 Y122.309
G1 F1200 X85.414 Y122.184 E260.74608
G0 F6000 X85.415 Y121.551
G0 X90.535 Y121.292
G0 X90.532 Y115.836
G0 X92.069 Y115.835
G0 X92.068 Y112.968
G0 X87.354 Y112.704
G0 X87.354 Y112.244
G1 F1200 X87.07 Y111.96 E260.75944
G0 F6000 X87.364 Y111.688
G1 F1200 X87.92 Y112.244 E260.78559
G0 F6000 X88.485 Y112.244
G1 F1200 X87.658 Y111.417 E260.82449
G0 F6000 X87.951 Y111.144
G1 F1200 X89.051 Y112.244 E260.87623
G0 F6000 X89.617 Y112.244
G1 F1200 X88.246 Y110.873 E260.94072
G0 F6000 X88.545 Y110.606
G1 F1200 X90.182 Y112.244 E261.01774
G0 F6000 X90.748 Y112.244
G1 F1200 X88.847 Y110.343 E261.10716
G0 F6000 X89.15 Y110.08
G1 F1200 X91.314 Y112.244 E261.20894
G0 F6000 X91.93 Y112.295
G1 F1200 X89.453 Y109.818 E261.32545
G1 F2700 E256.32545
;MESH:NONMESH
G0 F300 X89.453 Y109.818 Z0.4
G0 F6000 X89.153 Y109.47
G0 X86.227 Y112.018
G0 X83.488 Y112.028
G0 X83.485 Y112.826
G0 X83.851 Y112.939
G0 X92.066 Y112.781
G0 X92.203 Y115.897
G0 X90.865 Y116.168
G0 X90.538 Y121.472
G0 X84.856 Y121.463
G0 X84.331 Y121.817
G0 X84.339 Y122.579
G0 X88.533 Y123.671
G0 X90.557 Y123.803
G0 X90.871 Y126.392
G0 X96.866 Y116.854
G0 X100.711 Y112.874
G0 X102.647 Y110.979
G0 X104.664 Y109.23
G0 X106.752 Y107.632
G0 X108.907 Y106.191
G0 X111.119 Y104.909
G0 X113.383 Y103.794
G0 X115.692 Y102.847
G0 X118.035 Y102.074
G0 X120.406 Y101.476
G0 X122.799 Y101.057
G0 X125.203 Y100.816
G0 X127.61 Y100.755
G0 X130.014 Y100.873
G0 X132.405 Y101.172
G0 X134.776 Y101.65
G0 X137.118 Y102.304
G0 X139.424 Y103.134
G0 X142.692 Y104.591
G0 X139.341 Y139.546
G0 X140.693 Y140.981
G0 X141.21 Y141.378
G0 X141.698 Y141.58
G0 X143.372 Y141.962
G0 X142.481 Y141.847
;TIME_ELAPSED:433.431178
;LAYER:1
M106 S85
;TYPE:WALL-INNER
;MESH:FT03-Upright.stl
G1 F2700 E261.32545
G1 F1421.1 X141.773 Y141.756 E261.34801
G1 F1436.2 X141.14 Y141.495 E261.36942
G1 X140.595 Y141.076 E261.39091
G1 F1432.4 X140.174 Y140.528 E261.41257
G1 X139.914 Y139.902 E261.43382
G1 F1428.6 X139.823 Y139.196 E261.45619
G1 F1413.6 X139.897 Y138.531 E261.47745
G1 F1377.6 X140.163 Y137.889 E261.5001
G1 F1353.4 X140.582 Y137.341 E261.52298
G1 F1350 X141.127 Y136.925 E261.54579
G1 X141.775 Y136.654 E261.56915
G1 X142.46 Y136.567 E261.59212
G1 X143.141 Y136.654 E261.61495
G1 X143.783 Y136.923 E261.6381
G1 X144.327 Y137.338 E261.66086
G1 X144.752 Y137.887 E261.68395
G1 X144.987 Y138.459 E261.70452
G1 F1132.1 X145.184 Y139.167 E261.73367
G1 F976.5 X145.091 Y139.931 E261.76906
G1 F1082.2 X144.776 Y140.541 E261.79754
G1 F1224.5 X144.337 Y141.101 E261.82363
G1 F1163.8 X143.75 Y141.605 E261.85348
G1 F1106.6 X143.158 Y141.785 E261.87859
G1 F1244.2 X142.481 Y141.847 E261.90313
G0 F7500 X142.515 Y142.229
G1 F1343.3 X143.126 Y142.209 E261.92356
G1 F1205.4 X143.937 Y142.135 E261.9539
G1 F1111.1 X144.214 Y141.858 E261.96973
G1 F1163.8 X144.721 Y141.304 E261.9987
G1 F1219 X145.196 Y140.71 E262.02672
G1 F1118 X145.62 Y140.136 E262.05538
G1 F1013.1 X145.727 Y139.122 E262.10057
G1 F1129.7 X145.859 Y138.601 E262.12193
G1 F1350 X150.609 Y92.784 E263.65398
G1 X149.949 Y92.818 E263.67596
G1 X149.193 Y92.933 E263.70139
G1 X148.432 Y93.13 E263.72754
G1 X147.701 Y93.401 E263.75347
G1 X147.004 Y93.742 E263.77927
G1 X146.344 Y94.153 E263.80513
G1 X145.744 Y94.62 E263.83042
G1 X145.156 Y95.178 E263.85738
G1 X144.668 Y95.748 E263.88234
G1 X144.214 Y96.398 E263.90871
G1 X143.848 Y97.061 E263.9339
G1 X143.556 Y97.738 E263.95842
G1 X143.429 Y98.965 E263.99945
G1 X143.235 Y99.277 E264.01167
G1 X142.966 Y99.411 E264.02166
G1 X142.695 Y99.407 E264.03068
G1 X139.426 Y98.38 E264.14465
G1 X137.539 Y97.858 E264.20977
G1 X135.621 Y97.407 E264.2753
G1 X133.701 Y97.027 E264.3404
G1 X131.783 Y96.719 E264.40501
G1 X129.881 Y96.485 E264.46874
G1 X127.895 Y96.315 E264.53504
G1 X125.938 Y96.22 E264.60021
G1 X123.955 Y96.201 E264.66616
G1 X122.003 Y96.25 E264.73111
G1 X120.131 Y96.367 E264.79349
G1 X118.143 Y96.564 E264.85994
G1 X116.177 Y96.833 E264.92594
G1 X114.382 Y97.146 E264.98654
G1 X112.377 Y97.573 E265.05472
G1 X110.52 Y98.041 E265.11842
G1 X108.571 Y98.606 E265.18591
G1 X106.661 Y99.242 E265.25287
G1 X104.876 Y99.903 E265.31618
G1 X103.052 Y100.659 E265.38185
G1 X101.096 Y101.553 E265.45338
G1 X99.483 Y102.368 E265.51348
G1 X97.737 Y103.318 E265.5796
G1 X96.1 Y104.291 E265.64293
G1 X94.362 Y105.408 E265.71165
G1 X92.711 Y106.552 E265.77846
G1 X91.104 Y107.747 E265.84506
G1 X89.537 Y109.005 E265.9119
G1 X87.995 Y110.34 E265.97974
G1 X86.528 Y111.697 E266.0462
G1 X86.206 Y111.856 E266.05815
G1 X83.316 Y111.856 E266.15427
G1 X83.316 Y113.035 E266.19348
G1 X83.851 Y113.188 E266.21199
G1 X84.912 Y112.888 E266.24866
G1 X91.706 Y112.888 E266.47463
G1 X91.847 Y112.929 E266.47952
G1 X92.067 Y113.078 E266.48835
G1 X92.228 Y113.393 E266.50012
G1 X92.228 Y115.496 E266.57007
G1 X92.163 Y115.671 E266.57628
G1 X91.928 Y115.916 E266.58757
G1 X91.628 Y115.996 E266.59789
G1 X90.693 Y115.996 E266.62899
G1 X90.696 Y120.864 E266.7909
G1 X90.661 Y121.058 E266.79746
G1 X90.557 Y121.238 E266.80437
G1 X90.29 Y121.421 E266.81514
G1 X90.108 Y121.452 E266.82128
G1 X85.103 Y121.451 E266.98775
G1 X84.851 Y121.264 E266.99818
G1 X84.163 Y121.733 E267.02588
G1 X84.169 Y122.822 E267.0621
G1 X88.509 Y123.94 E267.21116
G1 X90.254 Y123.944 E267.2692
G1 X90.451 Y124.038 E267.27646
G1 X90.648 Y124.235 E267.28573
G1 X90.728 Y124.552 E267.2966
G1 X90.7 Y126.72 E267.36871
G1 X90.996 Y126.72 E267.37856
G1 X92.296 Y124.188 E267.47322
G1 X93.744 Y121.681 E267.56952
G1 X95.322 Y119.255 E267.66577
G1 X96.99 Y116.957 E267.76022
G1 X98.73 Y114.821 E267.85185
G1 X100.587 Y112.779 E267.94365
G1 X102.562 Y110.85 E268.03547
G1 X104.546 Y109.13 E268.12281
G1 X106.682 Y107.497 E268.21223
G1 X108.843 Y106.052 E268.2987
G1 X111.047 Y104.775 E268.38342
G1 X113.344 Y103.644 E268.46858
G1 X115.623 Y102.711 E268.55048
G1 X118.006 Y101.921 E268.63398
G1 X120.395 Y101.325 E268.71588
G1 X122.8 Y100.903 E268.79709
G1 X125.164 Y100.666 E268.87611
G1 X127.647 Y100.604 E268.95872
G1 X130.059 Y100.724 E269.03904
G1 X132.416 Y101.019 E269.11805
G1 X134.81 Y101.499 E269.19926
G1 X137.18 Y102.167 E269.28116
G1 X139.5 Y103.003 E269.36318
G1 X142.46 Y104.315 E269.47086
G1 X142.695 Y104.501 E269.48083
G1 X142.792 Y104.694 E269.48802
G1 X142.813 Y104.926 E269.49576
G1 X139.938 Y132.822 E270.4285
G1 F1356.8 X139.518 Y138.358 E270.61224
G1 F1395.3 X139.445 Y139.195 E270.63927
G1 F1428.6 X139.549 Y140.002 E270.66485
G1 F1432.4 X139.846 Y140.715 E270.68906
G1 X140.328 Y141.344 E270.7139
G1 F1436.2 X140.953 Y141.822 E270.7385
G1 X141.675 Y142.122 E270.76295
G1 F1421.1 X142.515 Y142.229 E270.7897
G0 F7500 X142.478 Y142.62
;TYPE:WALL-OUTER
G1 F1350 X144.166 Y142.62 E270.84585
G1 X145.644 Y140.841 E270.92277
G1 X146.079 Y140.362 E270.94429
G1 X151.053 Y92.376 E272.54886
G1 X150.739 Y92.376 E272.55931
G1 X149.909 Y92.42 E272.58695
G1 X149.113 Y92.541 E272.61373
G1 X148.312 Y92.748 E272.64125
G1 X147.543 Y93.033 E272.66853
G1 X146.81 Y93.392 E272.69567
G1 X146.115 Y93.825 E272.72291
G1 X145.483 Y94.316 E272.74953
G1 X144.866 Y94.902 E272.77783
G1 X144.351 Y95.503 E272.80415
G1 X143.874 Y96.186 E272.83186
G1 X143.488 Y96.885 E272.85842
G1 X143.164 Y97.636 E272.88562
G1 X143.032 Y98.883 E272.92733
G1 X142.957 Y98.987 E272.93159
G1 X142.791 Y99.019 E272.93722
G1 X139.539 Y97.996 E273.05061
G1 X137.638 Y97.47 E273.11621
G1 X135.705 Y97.016 E273.18225
G1 X133.772 Y96.633 E273.24779
G1 X131.839 Y96.323 E273.3129
G1 X129.923 Y96.087 E273.37711
G1 X127.922 Y95.916 E273.44391
G1 X125.95 Y95.82 E273.50958
G1 X123.945 Y95.801 E273.57626
G1 X122.029 Y95.848 E273.64001
G1 X120.053 Y95.972 E273.70586
G1 X118.096 Y96.167 E273.77127
G1 X116.115 Y96.438 E273.83778
G1 X114.306 Y96.753 E273.89885
G1 X112.286 Y97.183 E273.96754
G1 X110.422 Y97.653 E274.03148
G1 X108.385 Y98.245 E274.10203
G1 X106.583 Y98.845 E274.1652
G1 X104.73 Y99.531 E274.23092
G1 X102.892 Y100.292 E274.29708
G1 X100.995 Y101.157 E274.36643
G1 X99.297 Y102.014 E274.42969
G1 X97.539 Y102.97 E274.49625
G1 X95.896 Y103.947 E274.55983
G1 X94.14 Y105.075 E274.62924
G1 X92.477 Y106.227 E274.69653
G1 X90.859 Y107.431 E274.76361
G1 X89.281 Y108.698 E274.83092
G1 X87.724 Y110.046 E274.89942
G1 X86.256 Y111.403 E274.96591
G1 X86.155 Y111.453 E274.96965
G1 X82.916 Y111.456 E275.07738
G1 X82.916 Y113.337 E275.13995
G1 X83.851 Y113.604 E275.17229
G1 X84.949 Y113.291 E275.21026
G1 X91.667 Y113.291 E275.4337
G1 X91.744 Y113.324 E275.43649
G1 X91.823 Y113.44 E275.44116
G1 X91.823 Y115.444 E275.50781
G1 X91.708 Y115.596 E275.51415
G1 X90.293 Y115.596 E275.56121
G1 X90.296 Y120.902 E275.73769
G1 X90.146 Y121.052 E275.74475
G1 X85.197 Y121.052 E275.90935
G1 X85.077 Y120.964 E275.9143
G1 X84.922 Y120.731 E275.92361
G1 X83.761 Y121.522 E275.97033
G1 X83.771 Y123.132 E276.02388
G1 X88.458 Y124.34 E276.18487
G1 X90.171 Y124.344 E276.24184
G1 X90.329 Y124.465 E276.24846
G1 X90.295 Y127.12 E276.33678
G1 X91.272 Y127.119 E276.36927
G1 X91.301 Y127 E276.37334
G1 X92.642 Y124.388 E276.471
G1 X94.08 Y121.899 E276.56661
G1 X95.646 Y119.49 E276.66217
G1 X97.3 Y117.209 E276.75589
G1 X99.04 Y115.073 E276.84752
G1 X100.884 Y113.048 E276.93861
G1 X102.824 Y111.152 E277.02883
G1 X104.808 Y109.432 E277.11617
G1 X106.904 Y107.829 E277.20393
G1 X109.032 Y106.405 E277.28909
G1 X111.243 Y105.124 E277.37408
G1 X113.496 Y104.014 E277.45762
G1 X115.785 Y103.078 E277.53987
G1 X118.103 Y102.309 E277.6211
G1 X120.465 Y101.719 E277.70207
G1 X122.84 Y101.301 E277.78228
G1 X125.204 Y101.064 E277.8613
G1 X127.627 Y101.004 E277.94192
G1 X130.009 Y101.121 E278.02124
G1 X132.36 Y101.415 E278.10004
G1 X134.727 Y101.891 E278.18034
G1 X137.044 Y102.543 E278.2604
G1 X139.338 Y103.369 E278.34149
G1 X142.336 Y104.698 E278.45057
G1 X142.416 Y104.845 E278.45613
G1 X139.54 Y132.786 E279.39036
G1 X139.054 Y139.206 E279.6045
G1 X139.171 Y140.103 E279.63459
G1 X139.507 Y140.911 E279.6637
G1 X140.051 Y141.621 E279.69345
G1 X140.757 Y142.161 E279.72301
G1 X141.573 Y142.5 E279.7524
G1 X142.478 Y142.62 E279.78276
G0 F7500 X143.048 Y142.006
G0 X142.465 Y141.456
G1 F1350 X141.875 Y141.382 E279.80254
G1 X141.332 Y141.158 E279.82208
G1 X140.87 Y140.802 E279.84148
G1 X140.529 Y140.363 E279.85996
G1 X140.287 Y139.795 E279.8805
G1 X140.212 Y139.201 E279.90041
G1 X140.284 Y138.635 E279.91939
G1 X140.503 Y138.114 E279.93819
G1 X140.868 Y137.626 E279.95846
G1 X141.31 Y137.288 E279.97696
G1 X141.88 Y137.044 E279.99758
G1 X142.456 Y136.97 E280.0169
G1 X143.038 Y137.045 E280.03642
G1 X143.602 Y137.288 E280.05684
G1 X144.042 Y137.624 E280.07526
G1 X144.387 Y138.069 E280.09398
G1 X144.628 Y138.637 E280.11451
G1 X144.7 Y139.237 E280.13461
G1 X144.623 Y139.805 E280.15367
G1 X144.387 Y140.359 E280.1737
G1 X144.055 Y140.789 E280.19177
G1 X143.598 Y141.144 E280.21101
G1 X143.019 Y141.386 E280.23189
G1 X142.465 Y141.456 E280.25046
G0 F7500 X143.048 Y142.006
G0 X143.908 Y141.728
G0 X144.509 Y141.267
G0 X144.97 Y140.666
G0 X145.204 Y140.1
G0 X145.385 Y138.952
G0 X145.441 Y138.682
;TYPE:SKIN
G1 F1350 X145.326 Y138.342 E280.2624
G1 X145.064 Y137.703 E280.28537
G1 X144.579 Y137.077 E280.31171
G1 X143.939 Y136.599 E280.33827
G1 X143.234 Y136.301 E280.36373
G1 X142.452 Y136.202 E280.38995
G1 X141.68 Y136.3 E280.41583
G1 X140.926 Y136.62 E280.44307
G1 X140.32 Y137.081 E280.4684
G1 X139.935 Y137.593 E280.4897
G1 X140.276 Y133.03 E280.64189
G1 X143.172 Y104.929 E281.58149
G1 X143.137 Y104.591 E281.59279
G1 X142.982 Y104.279 E281.60438
G1 X142.629 Y103.997 E281.6194
G1 X139.576 Y102.647 E281.73043
G1 X137.248 Y101.811 E281.8127
G1 X134.895 Y101.147 E281.89402
G1 X132.5 Y100.667 E281.97526
G1 X130.053 Y100.361 E282.05728
G1 X127.662 Y100.244 E282.1369
G1 X125.12 Y100.304 E282.22147
G1 X122.768 Y100.541 E282.3001
G1 X120.343 Y100.965 E282.38198
G1 X117.867 Y101.581 E282.46684
G1 X115.556 Y102.35 E282.54785
G1 X113.176 Y103.318 E282.6333
G1 X110.883 Y104.452 E282.71839
G1 X108.648 Y105.745 E282.80427
G1 X106.444 Y107.221 E282.89249
G1 X104.31 Y108.857 E282.98193
G1 X102.325 Y110.576 E283.06926
G1 X100.356 Y112.496 E283.16073
G1 X98.456 Y114.585 E283.25465
G1 X96.713 Y116.717 E283.34625
G1 X95.042 Y119.022 E283.44094
G1 X93.424 Y121.515 E283.53979
G1 X91.966 Y124.031 E283.63651
G1 X91.071 Y125.778 E283.70179
G1 X91.085 Y124.563 E283.74221
G1 X90.966 Y124.049 E283.75975
G1 X90.641 Y123.731 E283.77488
G1 X90.42 Y123.626 E283.78301
G1 X90.125 Y123.584 E283.79293
G1 X88.558 Y123.58 E283.84504
G1 X84.524 Y122.54 E283.9836
G1 X84.521 Y121.922 E284.00416
G1 X84.852 Y121.697 E284.01747
G1 X84.973 Y121.772 E284.0222
G1 X85.164 Y121.808 E284.02867
G1 X90.145 Y121.81 E284.19434
G1 X90.424 Y121.752 E284.20382
G1 X90.627 Y121.651 E284.21136
G1 X90.83 Y121.465 E284.22051
G1 X90.999 Y121.185 E284.23139
G1 X91.057 Y120.868 E284.24211
G1 X91.053 Y116.356 E284.39218
G1 X91.65 Y116.356 E284.41204
G1 X92.109 Y116.222 E284.42794
G1 X92.355 Y116.026 E284.4384
G1 X92.589 Y115.568 E284.45551
G1 X92.582 Y113.313 E284.53051
G1 X92.491 Y113.075 E284.53898
G1 X92.33 Y112.834 E284.54862
G1 X91.977 Y112.593 E284.56284
G1 X91.661 Y112.531 E284.57355
G1 X86.855 Y112.528 E284.7334
G1 F1421.1 X86.281 Y112.549 E284.75155
G1 F1500 X84.865 Y112.55 E284.79394
G1 F1285.7 X84.018 Y112.724 E284.82413
G1 F1122.7 X83.853 Y112.771 E284.83099
G1 X83.715 Y112.731 E284.83674
G1 F1194.7 X83.713 Y112.269 E284.85411
G1 F1377.6 X84.798 Y112.196 E284.88955
G1 F1455.5 X86.276 Y112.193 E284.93515
G1 F1384.6 X86.751 Y111.978 E284.95205
G1 F1350 X88.222 Y110.621 E285.01862
G1 X89.761 Y109.286 E285.08638
G1 X91.323 Y108.031 E285.15302
G1 X93.001 Y106.787 E285.2225
G1 X94.568 Y105.703 E285.28587
G1 X96.278 Y104.603 E285.3535
G1 X97.907 Y103.634 E285.41654
G1 X99.653 Y102.686 E285.48262
G1 X101.319 Y101.845 E285.54469
G1 X103.2 Y100.984 E285.6135
G1 X105.001 Y100.239 E285.67832
G1 X106.789 Y99.58 E285.7417
G1 X108.66 Y98.951 E285.80735
G1 X110.605 Y98.39 E285.87468
G1 X112.462 Y97.923 E285.93837
G1 X114.501 Y97.486 E286.00773
G1 X116.191 Y97.19 E286.06479
G1 X118.136 Y96.927 E286.13007
G1 X120.065 Y96.731 E286.19456
G1 X122.064 Y96.606 E286.26118
G1 X123.929 Y96.561 E286.32322
G1 X125.918 Y96.58 E286.38938
G1 X127.822 Y96.672 E286.45278
G1 X129.887 Y96.843 E286.5217
G1 X131.705 Y97.071 E286.58264
G1 X133.628 Y97.381 E286.64743
G1 X135.505 Y97.752 E286.71106
G1 X137.418 Y98.198 E286.7764
G1 X139.327 Y98.724 E286.84226
G1 X142.604 Y99.755 E286.95652
G1 X143.04 Y99.77 E286.97103
G1 X143.472 Y99.548 E286.98718
G1 X143.665 Y99.305 E286.9975
G1 X143.777 Y99.055 E287.00661
G1 X143.908 Y97.831 E287.04756
G1 X144.176 Y97.205 E287.0702
G1 X144.522 Y96.583 E287.09388
G1 X144.951 Y95.967 E287.11885
G1 X145.414 Y95.431 E287.1424
G1 X145.975 Y94.896 E287.16819
G1 X146.552 Y94.444 E287.19256
G1 X147.173 Y94.056 E287.21692
G1 X147.839 Y93.733 E287.24154
G1 X148.536 Y93.476 E287.26625
G1 X149.309 Y93.278 E287.29279
G1 X150.207 Y93.141 E287.323
G1 X145.499 Y138.535 E288.84091
G1 X145.441 Y138.682 E288.84616
G0 F7500 X145.296 Y138.991
G0 X144.84 Y137.834
G0 X145.24 Y137.602
G1 F1350 X145.412 Y137.431 E288.85423
G0 F7500 X144.994 Y137.283
G1 F1350 X145.477 Y136.8 E288.87695
G0 F7500 X145.543 Y136.168
G1 F1350 X144.747 Y136.964 E288.91439
G0 F7500 X144.432 Y136.714
G1 F1350 X145.608 Y135.538 E288.96971
G0 F7500 X145.674 Y134.906
G1 F1350 X144.109 Y136.471 E289.04332
G0 F7500 X143.723 Y136.291
G1 F1350 X145.739 Y134.275 E289.13815
G0 F7500 X145.805 Y133.644
G1 F1350 X143.326 Y136.123 E289.25475
G0 F7500 X142.833 Y136.049
G1 F1350 X145.87 Y133.012 E289.3976
G0 F7500 X145.936 Y132.382
G1 F1350 X142.296 Y136.021 E289.56879
G0 F7500 X141.648 Y136.103
G1 F1350 X146.001 Y131.75 E289.77354
G0 F7500 X146.066 Y131.12
G1 F1350 X140.467 Y136.718 E290.03688
G0 F7500 X140.224 Y136.396
G1 F1350 X146.132 Y130.488 E290.31478
G0 F7500 X146.198 Y129.857
G1 F1350 X140.27 Y135.784 E290.59359
G0 F7500 X140.316 Y135.173
G1 F1350 X146.263 Y129.226 E290.87332
G0 F7500 X146.329 Y128.594
G1 F1350 X140.361 Y134.562 E291.15403
G0 F7500 X140.407 Y133.95
G1 F1350 X146.394 Y127.964 E291.43562
G0 F7500 X146.459 Y127.332
G1 F1350 X140.453 Y133.338 E291.71812
G0 F7500 X140.51 Y132.716
G1 F1350 X146.525 Y126.701 E292.00105
G0 F7500 X146.59 Y126.07
G1 F1350 X140.575 Y132.085 E292.28398
G0 F7500 X140.64 Y131.455
G1 F1350 X146.656 Y125.439 E292.56695
G0 F7500 X146.721 Y124.808
G1 F1350 X140.705 Y130.824 E292.84992
G0 F7500 X140.77 Y130.193
G1 F1350 X146.787 Y124.176 E293.13295
G0 F7500 X146.853 Y123.545
G1 F1350 X140.835 Y129.562 E293.41599
G0 F7500 X140.9 Y128.932
G1 F1350 X146.918 Y122.914 E293.69906
G0 F7500 X146.983 Y122.283
G1 F1350 X140.965 Y128.301 E293.98213
G0 F7500 X141.03 Y127.67
G1 F1350 X147.049 Y121.652 E294.26522
G0 F7500 X147.114 Y121.021
G1 F1350 X141.095 Y127.04 E294.54833
G0 F7500 X141.16 Y126.409
G1 F1350 X147.18 Y120.389 E294.8315
G0 F7500 X147.245 Y119.758
G1 F1350 X141.226 Y125.777 E295.11461
G0 F7500 X141.291 Y125.147
G1 F1350 X147.311 Y119.127 E295.39777
G0 F7500 X147.376 Y118.496
G1 F1350 X141.356 Y124.516 E295.68094
G0 F7500 X141.421 Y123.885
G1 F1350 X147.442 Y117.865 E295.96412
G0 F7500 X147.507 Y117.233
G1 F1350 X141.486 Y123.254 E296.24733
G0 F7500 X141.551 Y122.624
G1 F1350 X147.572 Y116.603 E296.53054
G0 F7500 X147.638 Y115.971
G1 F1350 X141.617 Y121.993 E296.81377
G0 F7500 X141.682 Y121.362
G1 F1350 X147.703 Y115.34 E297.09701
G0 F7500 X147.769 Y114.709
G1 F1350 X141.747 Y120.731 E297.38026
G0 F7500 X141.812 Y120.101
G1 F1350 X147.835 Y114.078 E297.66357
G0 F7500 X147.9 Y113.447
G1 F1350 X141.877 Y119.47 E297.94687
G0 F7500 X141.942 Y118.839
G1 F1350 X147.966 Y112.815 E298.23022
G0 F7500 X148.031 Y112.185
G1 F1350 X142.007 Y118.208 E298.51355
G0 F7500 X142.072 Y117.578
G1 F1350 X148.096 Y111.553 E298.79692
G0 F7500 X148.162 Y110.922
G1 F1350 X142.137 Y116.947 E299.08032
G0 F7500 X142.202 Y116.316
G1 F1350 X148.227 Y110.291 E299.36372
G0 F7500 X148.293 Y109.66
G1 F1350 X142.267 Y115.685 E299.64714
G0 F7500 X142.332 Y115.055
G1 F1350 X148.358 Y109.029 E299.93058
G0 F7500 X148.424 Y108.397
G1 F1350 X142.397 Y114.424 E300.21407
G0 F7500 X142.462 Y113.793
G1 F1350 X148.49 Y107.766 E300.49759
G0 F7500 X148.555 Y107.135
G1 F1350 X142.527 Y113.163 E300.78113
G0 F7500 X142.592 Y112.532
G1 F1350 X148.62 Y106.504 E301.06467
G0 F7500 X148.685 Y105.873
G1 F1350 X142.657 Y111.901 E301.34821
G0 F7500 X142.722 Y111.27
G1 F1350 X148.751 Y105.242 E301.63177
G0 F7500 X148.817 Y104.61
G1 F1350 X142.787 Y110.64 E301.9154
G0 F7500 X142.853 Y110.009
G1 F1350 X148.882 Y103.979 E302.19901
G0 F7500 X148.948 Y103.348
G1 F1350 X142.918 Y109.378 E302.48264
G0 F7500 X142.983 Y108.747
G1 F1350 X149.013 Y102.717 E302.76627
G0 F7500 X149.079 Y102.086
G1 F1350 X143.048 Y108.116 E303.04993
G0 F7500 X143.113 Y107.485
G1 F1350 X149.144 Y101.454 E303.33361
G0 F7500 X149.209 Y100.824
G1 F1350 X143.179 Y106.854 E303.61724
G0 F7500 X143.244 Y106.224
G1 F1350 X149.275 Y100.192 E303.90095
G0 F7500 X149.34 Y99.561
G1 F1350 X143.309 Y105.593 E304.18465
G0 F7500 X143.374 Y104.962
G1 F1350 X149.406 Y98.93 E304.46838
G0 F7500 X149.472 Y98.298
G1 F1350 X143.302 Y104.468 E304.75859
G0 F7500 X143.095 Y104.109
G1 F1350 X149.537 Y97.668 E305.06158
G0 F7500 X149.603 Y97.036
G1 F1350 X142.777 Y103.862 E305.38266
G0 F7500 X142.395 Y103.678
G1 F1350 X149.668 Y96.406 E305.72473
G0 F7500 X149.733 Y95.774
G1 F1350 X142.003 Y103.504 E306.08833
G0 F7500 X141.611 Y103.331
G1 F1350 X149.799 Y95.143 E306.47347
G0 F7500 X149.864 Y94.512
G1 F1350 X141.219 Y103.157 E306.8801
G0 F7500 X140.827 Y102.983
G1 F1350 X149.93 Y93.88 E307.30828
G0 F7500 X149.847 Y93.397
G1 F1350 X143.846 Y99.399 E307.59057
G0 F7500 X143.477 Y99.768
G1 F1350 X140.435 Y102.81 E307.73366
G0 F7500 X140.043 Y102.636
G1 F1350 X142.717 Y99.962 E307.85943
G0 F7500 X142.259 Y99.855
G1 F1350 X139.651 Y102.463 E307.98211
G0 F7500 X139.235 Y102.313
G1 F1350 X141.828 Y99.72 E308.10407
G0 F7500 X141.398 Y99.584
G1 F1350 X138.818 Y102.163 E308.2254
G0 F7500 X138.402 Y102.014
G1 F1350 X140.967 Y99.449 E308.34605
G0 F7500 X140.537 Y99.314
G1 F1350 X137.986 Y101.864 E308.46602
G0 F7500 X137.57 Y101.715
G1 F1350 X140.107 Y99.178 E308.58536
G0 F7500 X139.676 Y99.043
G1 F1350 X137.145 Y101.574 E308.70441
G0 F7500 X136.704 Y101.449
G1 F1350 X139.245 Y98.909 E308.8239
G0 F7500 X138.802 Y98.786
G1 F1350 X136.263 Y101.325 E308.94333
G0 F7500 X135.822 Y101.2
G1 F1350 X138.358 Y98.664 E309.06262
G0 F7500 X137.915 Y98.542
G1 F1350 X135.381 Y101.076 E309.18181
G0 F7500 X134.939 Y100.952
G1 F1350 X137.471 Y98.419 E309.30093
G0 F7500 X137.016 Y98.309
G1 F1350 X134.467 Y100.858 E309.42083
G0 F7500 X133.996 Y100.763
G1 F1350 X136.557 Y98.202 E309.54129
G0 F7500 X136.098 Y98.096
G1 F1350 X133.525 Y100.669 E309.66231
G0 F7500 X133.053 Y100.575
G1 F1350 X135.639 Y97.989 E309.78395
G0 F7500 X135.173 Y97.89
G1 F1350 X132.583 Y100.48 E309.90578
G0 F7500 X132.083 Y100.414
G1 F1350 X134.7 Y97.796 E310.0289
G0 F7500 X134.228 Y97.703
G1 F1350 X131.58 Y100.351 E310.15345
G0 F7500 X131.076 Y100.289
G1 F1350 X133.755 Y97.61 E310.27946
G0 F7500 X133.274 Y97.526
G1 F1350 X130.574 Y100.226 E310.40646
G0 F7500 X130.071 Y100.163
G1 F1350 X132.787 Y97.447 E310.53421
G0 F7500 X132.3 Y97.369
G1 F1350 X129.533 Y100.136 E310.66436
G0 F7500 X128.993 Y100.109
G1 F1350 X131.812 Y97.29 E310.79696
G0 F7500 X131.314 Y97.223
G1 F1350 X128.454 Y100.083 E310.93149
G0 F7500 X127.915 Y100.056
G1 F1350 X130.811 Y97.16 E311.06771
G0 F7500 X130.308 Y97.097
G1 F1350 X127.353 Y100.052 E311.2067
G0 F7500 X126.774 Y100.066
G1 F1350 X129.804 Y97.036 E311.34922
G0 F7500 X129.281 Y96.993
G1 F1350 X126.195 Y100.08 E311.4944
G0 F7500 X125.615 Y100.093
G1 F1350 X128.758 Y96.95 E311.64224
G0 F7500 X128.236 Y96.907
G1 F1350 X125.031 Y100.112 E311.79299
G0 F7500 X124.401 Y100.177
G1 F1350 X127.711 Y96.867 E311.94868
G0 F7500 X127.171 Y96.84
G1 F1350 X123.771 Y100.24 E312.10861
G0 F7500 X123.142 Y100.304
G1 F1350 X126.632 Y96.814 E312.27277
G0 F7500 X126.091 Y96.789
G1 F1350 X122.494 Y100.386 E312.44196
G0 F7500 X121.808 Y100.506
G1 F1350 X125.538 Y96.777 E312.61738
G0 F7500 X124.978 Y96.771
G1 F1350 X121.123 Y100.626 E312.79871
G0 F7500 X120.437 Y100.746
G1 F1350 X124.418 Y96.765 E312.98597
G0 F7500 X123.854 Y96.763
G1 F1350 X119.698 Y100.92 E313.18148
G0 F7500 X118.945 Y101.107
G1 F1350 X123.274 Y96.777 E313.38512
G0 F7500 X122.695 Y96.791
G1 F1350 X118.191 Y101.295 E313.59698
G0 F7500 X117.393 Y101.527
G1 F1350 X122.115 Y96.805 E313.81908
G0 F7500 X121.514 Y96.84
G1 F1350 X116.545 Y101.81 E314.05283
G0 F7500 X115.696 Y102.093
G1 F1350 X120.911 Y96.878 E314.29813
G0 F7500 X120.307 Y96.916
G1 F1350 X114.768 Y102.456 E314.55869
G0 F7500 X114.941 Y102.883
G0 X113.988 Y103.273
G0 X113.814 Y102.844
G1 F1350 X119.687 Y96.971 E314.83494
G0 F7500 X119.057 Y97.035
G1 F1350 X112.819 Y103.273 E315.12836
G0 F7500 X113.023 Y103.689
G0 X111.905 Y104.24
G0 X111.701 Y103.825
G1 F1350 X118.427 Y97.099 E315.44473
G0 F7500 X117.784 Y97.176
G1 F1350 X110.542 Y104.418 E315.78537
G0 F7500 X110.773 Y104.818
G0 X109.431 Y105.595
G0 X109.2 Y105.195
G1 F1350 X117.13 Y97.265 E316.15837
G0 F7500 X116.476 Y97.353
G1 F1350 X107.665 Y106.164 E316.57281
G0 F7500 X107.921 Y106.548
G0 X106.08 Y107.829
G0 X105.801 Y107.463
G1 F1350 X115.803 Y97.461 E317.04328
G0 F7500 X115.118 Y97.579
G1 F1350 X102.779 Y109.918 E317.62367
G0 F7500 X103.081 Y110.267
G0 X99.26 Y114.089
G0 X98.92 Y113.778
G1 F1350 X89.316 Y123.382 E318.07541
G0 F7500 X89.88 Y123.384
G1 F1350 X96.252 Y117.011 E318.37515
G0 F7500 X96.627 Y117.284
G0 X95.185 Y119.282
G0 X94.799 Y119.03
G1 F1350 X90.406 Y123.423 E318.58179
G0 F7500 X90.796 Y123.599
G1 F1350 X93.751 Y120.644 E318.72078
G0 F7500 X94.136 Y120.895
G0 X93.243 Y122.346
G0 X92.845 Y122.116
G1 F1350 X91.079 Y123.882 E318.80385
G0 F7500 X91.232 Y124.294
G1 F1350 X92.065 Y123.461 E318.84303
G0 F7500 X92.466 Y123.693
G0 X91.817 Y124.897
G0 X91.406 Y124.686
G1 F1350 X91.283 Y124.809 E318.84881
G0 F7500 X90.825 Y124.803
G0 X90.571 Y124.109
G0 X88.751 Y123.84
G0 X88.752 Y123.38
G1 F1350 X90.122 Y122.01 E318.91325
G0 F7500 X89.555 Y122.011
G1 F1350 X88.268 Y123.298 E318.97379
G0 F7500 X87.818 Y123.182
G1 F1350 X88.99 Y122.011 E319.0289
G0 F7500 X88.425 Y122.01
G1 F1350 X87.368 Y123.067 E319.07861
G0 F7500 X86.918 Y122.951
G1 F1350 X87.859 Y122.01 E319.12287
G0 F7500 X87.294 Y122.009
G1 F1350 X86.469 Y122.835 E319.1617
G0 F7500 X86.019 Y122.719
G1 F1350 X86.729 Y122.008 E319.19512
G0 F7500 X86.164 Y122.008
G1 F1350 X85.569 Y122.603 E319.22311
G0 F7500 X85.119 Y122.487
G1 F1350 X85.6 Y122.007 E319.24571
G0 F7500 X85.057 Y121.984
G1 F1350 X84.723 Y122.318 E319.26142
G0 F7500 X84.266 Y122.319
G0 X84.329 Y121.82
G0 X84.857 Y121.463
G0 X90.535 Y121.292
G0 X90.797 Y120.86
G0 X91.256 Y120.876
G1 F1350 X114.425 Y97.707 E320.35122
G0 F7500 X113.706 Y97.861
G1 F1350 X91.257 Y120.309 E321.40713
G0 F7500 X91.256 Y119.744
G1 F1350 X112.986 Y98.015 E322.42922
G0 F7500 X112.254 Y98.181
G1 F1350 X91.256 Y119.179 E323.4169
G0 F7500 X91.255 Y118.614
G1 F1350 X111.498 Y98.371 E324.36907
G0 F7500 X110.741 Y98.562
G1 F1350 X91.255 Y118.049 E325.28565
G0 F7500 X91.254 Y117.484
G1 F1350 X109.952 Y98.786 E326.16515
G0 F7500 X109.157 Y99.015
G1 F1350 X92.789 Y115.383 E326.93505
G0 F7500 X92.789 Y114.817
G1 F1350 X108.335 Y99.271 E327.66629
G0 F7500 X107.483 Y99.558
G1 F1350 X92.789 Y114.252 E328.35745
G0 F7500 X92.789 Y113.687
G1 F1350 X106.619 Y99.856 E329.00799
G0 F7500 X105.724 Y100.186
G1 F1350 X92.741 Y113.169 E329.61867
G0 F7500 X92.547 Y112.797
G1 F1350 X104.809 Y100.535 E330.19544
G0 F7500 X104.634 Y100.111
G0 X103.67 Y100.511
G0 X103.844 Y100.934
G1 F1350 X92.248 Y112.53 E330.74088
G0 F7500 X91.848 Y112.365
G1 F1350 X102.847 Y101.365 E331.25826
G0 F7500 X102.658 Y100.949
G0 X101.615 Y101.425
G0 X101.805 Y101.842
G1 F1350 X91.313 Y112.334 E331.75177
G0 F7500 X90.748 Y112.333
G1 F1350 X100.7 Y102.381 E332.21989
G0 F7500 X100.493 Y101.97
G0 X99.323 Y102.57
G0 X99.542 Y102.974
G1 F1350 X90.183 Y112.332 E332.66008
G0 F7500 X89.618 Y112.332
G1 F1350 X98.303 Y103.646 E333.06862
G0 F7500 X98.085 Y103.244
G0 X96.711 Y104.045
G0 X96.945 Y104.439
G1 F1350 X89.053 Y112.331 E333.43984
G0 F7500 X88.488 Y112.33
G1 F1350 X95.436 Y105.382 E333.76665
G0 F7500 X95.188 Y104.995
G0 X93.459 Y106.155
G0 X93.719 Y106.533
G1 F1350 X87.923 Y112.33 E334.0393
G0 F7500 X87.358 Y112.329
G1 F1350 X91.647 Y108.04 E334.24104
G0 F7500 X91.374 Y107.672
G0 X87.993 Y110.479
G0 X88.304 Y110.817
G1 F1350 X86.788 Y112.333 E334.31235
G0 F7500 X86.788 Y112.788
G0 X92.068 Y113.05
G0 X92.069 Y115.835
G0 X90.824 Y115.836
G0 X90.793 Y116.919
G0 X91.254 Y116.919
G1 F1350 X91.616 Y116.556 E334.3294
G1 F2700 E329.3294
G0 F7500 X91.616 Y116.096
G0 X90.865 Y116.168
G0 X90.517 Y121.487
G0 X84.857 Y121.463
G0 X84.329 Y121.82
G0 X84.337 Y122.691
G0 X88.53 Y123.779
G0 X90.787 Y124.151
G0 X90.894 Y126.502
G0 X96.866 Y116.854
G0 X100.711 Y112.874
G0 X102.647 Y110.979
G0 X104.664 Y109.23
G0 X106.752 Y107.632
G0 X108.907 Y106.191
G0 X111.119 Y104.909
G0 X113.383 Y103.794
G0 X115.692 Y102.847
G0 X118.035 Y102.074
G0 X120.406 Y101.476
G0 X122.799 Y101.057
G0 X125.203 Y100.816
G0 X127.61 Y100.755
G0 X130.014 Y100.873
G0 X135.207 Y101.427
G0 X142.824 Y104.406
G0 X140.099 Y132.837
G0 X139.667 Y138.466
G0 X139.644 Y139.134
G0 X141.048 Y136.783
G0 X143.183 Y136.498
G0 X144.892 Y137.804
G0 X145.41 Y139.709
G0 X145.698 Y138.589
G0 X150.415 Y92.969
G0 X149.225 Y93.09
G0 X147.765 Y93.549
G0 X147.082 Y93.883
G0 X146.437 Y94.285
G0 X145.273 Y95.289
G0 X144.351 Y96.483
G0 X143.778 Y97.649
G0 X143.567 Y98.613
G0 X144.019 Y98.66
G1 F2700 E334.3294
G1 F1350 X149.159 Y93.521 E334.57114
G0 F7500 X148.359 Y93.754
G1 F1350 X144.089 Y98.025 E334.77202
G0 F7500 X143.633 Y97.977
G0 X144.084 Y96.842
G0 X144.484 Y97.064
G1 F1350 X147.361 Y94.187 E334.90734
G1 F2700 E329.90734
;MESH:NONMESH
G0 F300 X147.361 Y94.187 Z0.6
G0 F7500 X147.162 Y93.777
G0 X148.481 Y93.283
G0 X149.966 Y92.978
G0 X150.415 Y92.969
G0 X145.698 Y138.589
G0 X145.41 Y139.709
G0 X144.453 Y140.671
G0 X143.372 Y141.962
G0 X142.481 Y141.847
;TIME_ELAPSED:554.074552
;LAYER:2
M106 S170
;TYPE:WALL-INNER
;MESH:FT03-Upright.stl
G1 F2700 E334.90734
G1 F1578.9 X141.773 Y141.756 E334.9299
G1 F1595.7 X141.14 Y141.495 E334.9513
G1 X140.595 Y141.076 E334.9728
G1 F1591.5 X140.174 Y140.528 E334.99446
G1 X139.914 Y139.902 E335.01571
G1 F1587.3 X139.823 Y139.196 E335.03808
G1 F1570.7 X139.897 Y138.531 E335.05933
G1 F1530.6 X140.163 Y137.889 E335.08198
G1 F1503.8 X140.582 Y137.341 E335.10487
G1 F1500 X141.127 Y136.925 E335.12768
G1 X141.775 Y136.654 E335.15104
G1 X142.46 Y136.567 E335.174
G1 X143.14 Y136.654 E335.1968
G1 X143.782 Y136.923 E335.21996
G1 X144.327 Y137.338 E335.24274
G1 X144.754 Y137.89 E335.26595
G1 X145.018 Y138.531 E335.28901
G1 X145.106 Y139.217 E335.31201
G1 F1463.4 X145.018 Y139.894 E335.33529
G1 F1388.9 X144.76 Y140.56 E335.36094
G1 F1360.5 X144.328 Y141.109 E335.38656
G1 F1284.8 X143.75 Y141.605 E335.41613
G1 F1224.5 X143.158 Y141.785 E335.44134
G1 F1382.5 X142.481 Y141.847 E335.46588
G0 F9000 X142.515 Y142.229
G1 F1492.5 X143.126 Y142.209 E335.48631
G1 F1339.3 X143.937 Y142.135 E335.51665
G1 F1234.6 X144.213 Y141.859 E335.53242
G1 F1282.1 X144.608 Y141.435 E335.55497
G1 F1369.9 X145.118 Y140.815 E335.58421
G1 F1425.2 X145.572 Y140.346 E335.60706
G1 F1500 X145.835 Y140.058 E335.62003
G1 X150.73 Y92.778 E337.20098
G1 X149.949 Y92.818 E337.22699
G1 X149.193 Y92.933 E337.25242
G1 X148.432 Y93.13 E337.27857
G1 X147.701 Y93.401 E337.3045
G1 X147.004 Y93.742 E337.3303
G1 X146.344 Y94.153 E337.35616
G1 X145.744 Y94.62 E337.38145
G1 X145.156 Y95.178 E337.40841
G1 X144.668 Y95.748 E337.43337
G1 X144.215 Y96.398 E337.45972
G1 X143.848 Y97.061 E337.48493
G1 X143.556 Y97.738 E337.50945
G1 X143.429 Y98.968 E337.55058
G1 X143.312 Y99.197 E337.55913
G1 X143.136 Y99.347 E337.56682
G1 X142.966 Y99.411 E337.57286
G1 X142.695 Y99.407 E337.58188
G1 X139.426 Y98.38 E337.69584
G1 X137.539 Y97.858 E337.76096
G1 X135.621 Y97.407 E337.8265
G1 X133.701 Y97.027 E337.89159
G1 X131.783 Y96.719 E337.9562
G1 X129.881 Y96.485 E338.01994
G1 X127.895 Y96.315 E338.08624
G1 X125.938 Y96.22 E338.15141
G1 X123.955 Y96.201 E338.21736
G1 X122.003 Y96.25 E338.28231
G1 X120.131 Y96.367 E338.34469
G1 X118.143 Y96.564 E338.41114
G1 X116.177 Y96.833 E338.47714
G1 X114.382 Y97.146 E338.53774
G1 X112.377 Y97.573 E338.60592
G1 X110.52 Y98.041 E338.66962
G1 X108.571 Y98.606 E338.73711
G1 X106.661 Y99.242 E338.80406
G1 X104.876 Y99.903 E338.86737
G1 X103.052 Y100.659 E338.93305
G1 X101.096 Y101.553 E339.00458
G1 X99.483 Y102.368 E339.06468
G1 X97.737 Y103.318 E339.13079
G1 X96.028 Y104.335 E339.19694
G1 X94.362 Y105.408 E339.26285
G1 X92.71 Y106.552 E339.32968
G1 X91.104 Y107.747 E339.39626
G1 X89.506 Y109.032 E339.46447
G1 X87.995 Y110.34 E339.53094
G1 X86.528 Y111.697 E339.5974
G1 X86.208 Y111.856 E339.60929
G1 X83.316 Y111.856 E339.70548
G1 X83.316 Y113.116 E339.74738
G1 X83.851 Y113.271 E339.76591
G1 X84.908 Y112.968 E339.80248
G1 X91.709 Y112.968 E340.02868
G1 X91.974 Y113.077 E340.03821
G1 X92.16 Y113.289 E340.04759
G1 X92.229 Y113.568 E340.05715
G1 X92.228 Y115.496 E340.12128
G1 X92.163 Y115.671 E340.12749
G1 X91.928 Y115.916 E340.13878
G1 X91.628 Y115.996 E340.14911
G1 X90.693 Y115.996 E340.1802
G1 X90.696 Y120.864 E340.34211
G1 X90.661 Y121.058 E340.34867
G1 X90.557 Y121.238 E340.35559
G1 X90.41 Y121.364 E340.36203
G1 X90.107 Y121.452 E340.37252
G1 X85.102 Y121.45 E340.53899
G1 X84.851 Y121.264 E340.54938
G1 X84.162 Y121.733 E340.5771
G1 X84.166 Y122.93 E340.61691
G1 X88.51 Y124.052 E340.76613
G1 X90.126 Y124.056 E340.81988
G1 X90.431 Y124.14 E340.83041
G1 X90.62 Y124.317 E340.83902
G1 X90.724 Y124.663 E340.85103
G1 X90.7 Y126.872 E340.92451
G1 X90.917 Y126.871 E340.93173
G1 X92.296 Y124.188 E341.03206
G1 X93.744 Y121.681 E341.12835
G1 X95.322 Y119.255 E341.22461
G1 X96.99 Y116.957 E341.31905
G1 X98.73 Y114.82 E341.41071
G1 X100.587 Y112.779 E341.50249
G1 X102.562 Y110.85 E341.59431
G1 X104.546 Y109.13 E341.68165
G1 X106.682 Y107.497 E341.77107
G1 X108.843 Y106.052 E341.85754
G1 X111.047 Y104.775 E341.94226
G1 X113.344 Y103.644 E342.02741
G1 X115.623 Y102.711 E342.10932
G1 X118.006 Y101.921 E342.19282
G1 X120.395 Y101.325 E342.27471
G1 X122.8 Y100.903 E342.35593
G1 X125.164 Y100.666 E342.43495
G1 X127.647 Y100.604 E342.51756
G1 X130.059 Y100.724 E342.59788
G1 X132.416 Y101.019 E342.67689
G1 X134.81 Y101.499 E342.7581
G1 X137.18 Y102.167 E342.83999
G1 X139.5 Y103.003 E342.92201
G1 X142.46 Y104.315 E343.0297
G1 X142.699 Y104.507 E343.0399
G1 X142.821 Y104.844 E343.05182
G1 X139.938 Y132.822 E343.9873
G1 F1507.5 X139.518 Y138.358 E344.17103
G1 F1550.4 X139.445 Y139.195 E344.19807
G1 F1587.3 X139.549 Y140.002 E344.22364
G1 F1591.5 X139.846 Y140.715 E344.24786
G1 X140.328 Y141.344 E344.2727
G1 F1595.7 X140.953 Y141.822 E344.2973
G1 X141.675 Y142.122 E344.32174
G1 F1578.9 X142.515 Y142.229 E344.3485
G0 F9000 X142.478 Y142.62
;TYPE:WALL-OUTER
G1 F1500 X144.166 Y142.62 E344.40464
G1 X145.448 Y141.077 E344.47136
G1 X146.219 Y140.23 E344.50946
G1 X151.174 Y92.376 E346.1096
G1 X150.755 Y92.376 E346.12353
G1 X149.909 Y92.42 E346.15171
G1 X149.113 Y92.541 E346.17849
G1 X148.312 Y92.748 E346.20601
G1 X147.543 Y93.033 E346.23328
G1 X146.81 Y93.392 E346.26043
G1 X146.115 Y93.825 E346.28766
G1 X145.483 Y94.316 E346.31428
G1 X144.866 Y94.902 E346.34259
G1 X144.351 Y95.503 E346.36891
G1 X143.875 Y96.186 E346.3966
G1 X143.488 Y96.885 E346.42317
G1 X143.164 Y97.636 E346.45038
G1 X143.032 Y98.883 E346.49208
G1 X142.914 Y99.011 E346.49787
G1 X142.791 Y99.019 E346.50197
G1 X139.539 Y97.996 E346.61536
G1 X137.638 Y97.47 E346.68096
G1 X135.705 Y97.016 E346.74701
G1 X133.772 Y96.633 E346.81255
G1 X131.839 Y96.323 E346.87766
G1 X129.923 Y96.087 E346.94187
G1 X127.922 Y95.916 E347.00867
G1 X125.95 Y95.82 E347.07433
G1 X123.945 Y95.801 E347.14102
G1 X122.029 Y95.848 E347.20477
G1 X120.053 Y95.972 E347.27062
G1 X118.096 Y96.167 E347.33603
G1 X116.115 Y96.438 E347.40253
G1 X114.306 Y96.753 E347.46361
G1 X112.286 Y97.183 E347.5323
G1 X110.422 Y97.653 E347.59623
G1 X108.385 Y98.245 E347.66679
G1 X106.583 Y98.845 E347.72996
G1 X104.73 Y99.531 E347.79568
G1 X102.892 Y100.292 E347.86184
G1 X100.995 Y101.157 E347.93119
G1 X99.297 Y102.014 E347.99445
G1 X97.539 Y102.97 E348.061
G1 X95.896 Y103.947 E348.12458
G1 X94.14 Y105.075 E348.194
G1 X92.477 Y106.227 E348.26129
G1 X90.859 Y107.431 E348.32837
G1 X89.281 Y108.698 E348.39567
G1 X87.723 Y110.046 E348.4642
G1 X86.256 Y111.403 E348.53066
G1 X86.155 Y111.454 E348.53443
G1 X82.916 Y111.456 E348.64216
G1 X82.916 Y113.417 E348.70738
G1 X83.851 Y113.687 E348.73975
G1 X84.949 Y113.37 E348.77776
G1 X91.668 Y113.371 E349.00123
G1 X91.79 Y113.449 E349.00605
G1 X91.829 Y113.531 E349.00907
G1 X91.823 Y115.444 E349.0727
G1 X91.708 Y115.596 E349.07904
G1 X90.293 Y115.596 E349.1261
G1 X90.296 Y120.902 E349.30258
G1 X90.143 Y121.052 E349.3097
G1 X85.186 Y121.044 E349.47458
G1 X85.077 Y120.964 E349.47907
G1 X84.922 Y120.731 E349.48838
G1 X83.761 Y121.522 E349.53511
G1 X83.768 Y123.24 E349.59225
G1 X88.458 Y124.452 E349.75336
G1 X90.164 Y124.456 E349.8101
G1 X90.29 Y124.543 E349.8152
G1 X90.324 Y124.659 E349.81922
G1 X90.295 Y127.272 E349.90613
G1 X91.246 Y127.271 E349.93776
G1 X91.302 Y127 E349.94697
G1 X92.642 Y124.388 E350.04461
G1 X94.08 Y121.899 E350.14021
G1 X95.646 Y119.49 E350.23578
G1 X97.3 Y117.209 E350.32949
G1 X99.04 Y115.073 E350.42112
G1 X100.884 Y113.048 E350.51222
G1 X102.824 Y111.152 E350.60244
G1 X104.808 Y109.432 E350.68977
G1 X106.904 Y107.829 E350.77754
G1 X109.032 Y106.405 E350.8627
G1 X111.243 Y105.124 E350.94769
G1 X113.496 Y104.014 E351.03122
G1 X115.785 Y103.078 E351.11348
G1 X118.103 Y102.309 E351.1947
G1 X120.465 Y101.719 E351.27568
G1 X122.84 Y101.301 E351.35589
G1 X125.204 Y101.064 E351.43491
G1 X127.627 Y101.004 E351.51552
G1 X130.009 Y101.121 E351.59484
G1 X132.36 Y101.415 E351.67365
G1 X134.727 Y101.891 E351.75395
G1 X137.044 Y102.543 E351.834
G1 X139.338 Y103.369 E351.9151
G1 X142.326 Y104.696 E352.02384
G1 X142.416 Y104.845 E352.02963
G1 X139.54 Y132.786 E352.96386
G1 X139.054 Y139.206 E353.178
G1 X139.171 Y140.103 E353.20809
G1 X139.507 Y140.911 E353.23719
G1 X140.051 Y141.621 E353.26694
G1 X140.757 Y142.161 E353.29651
G1 X141.573 Y142.5 E353.3259
G1 X142.478 Y142.62 E353.35626
G0 F9000 X143.048 Y142.006
G0 X142.465 Y141.456
G1 F1500 X141.875 Y141.382 E353.37604
G1 X141.332 Y141.158 E353.39557
G1 X140.87 Y140.802 E353.41497
G1 X140.529 Y140.363 E353.43346
G1 X140.287 Y139.795 E353.454
G1 X140.212 Y139.201 E353.47391
G1 X140.284 Y138.635 E353.49289
G1 X140.503 Y138.114 E353.51168
G1 X140.868 Y137.626 E353.53195
G1 X141.31 Y137.288 E353.55046
G1 X141.88 Y137.044 E353.57108
G1 X142.456 Y136.97 E353.5904
G1 X143.038 Y137.045 E353.60991
G1 X143.602 Y137.288 E353.63034
G1 X144.042 Y137.624 E353.64875
G1 X144.404 Y138.091 E353.66841
G1 X144.628 Y138.635 E353.68797
G1 X144.7 Y139.237 E353.70814
G1 X144.631 Y139.771 E353.72605
G1 X144.4 Y140.341 E353.7465
G1 X144.03 Y140.813 E353.76645
G1 X143.553 Y141.17 E353.78627
G1 X143.019 Y141.386 E353.80543
G1 X142.465 Y141.456 E353.824
G0 F9000 X143.048 Y142.006
G0 X144.223 Y140.981
G0 X144.544 Y140.563
G0 X145.207 Y139.217
G0 X145.512 Y139.185
;TYPE:SKIN
G1 F1336.3 X145.358 Y138.407 E353.85361
G1 F1500 X145.068 Y137.703 E353.87893
G1 X144.558 Y137.06 E353.90623
G1 X143.986 Y136.624 E353.93015
G1 X143.233 Y136.3 E353.95742
G1 X142.452 Y136.202 E353.9836
G1 X141.68 Y136.3 E354.00948
G1 X140.926 Y136.62 E354.03672
G1 X140.32 Y137.081 E354.06205
G1 X139.935 Y137.593 E354.08335
G1 X140.272 Y133.07 E354.2342
G1 X143.187 Y104.826 E355.17859
G1 X143.127 Y104.565 E355.1875
G1 X142.986 Y104.287 E355.19787
G1 X142.626 Y103.994 E355.21331
G1 X139.58 Y102.647 E355.32408
G1 X137.248 Y101.811 E355.40648
G1 X134.895 Y101.147 E355.4878
G1 X132.5 Y100.667 E355.56904
G1 X130.053 Y100.361 E355.65106
G1 X127.662 Y100.244 E355.73068
G1 X125.12 Y100.304 E355.81525
G1 X122.768 Y100.541 E355.89387
G1 X120.343 Y100.965 E355.97575
G1 X117.867 Y101.581 E356.06062
G1 X115.556 Y102.35 E356.14162
G1 X113.176 Y103.318 E356.22708
G1 X110.883 Y104.452 E356.31216
G1 X108.648 Y105.745 E356.39804
G1 X106.444 Y107.221 E356.48627
G1 X104.31 Y108.857 E356.5757
G1 X102.325 Y110.576 E356.66304
G1 X100.356 Y112.496 E356.75451
G1 X98.456 Y114.585 E356.84843
G1 X96.713 Y116.717 E356.94002
G1 X95.042 Y119.022 E357.03471
G1 X93.424 Y121.515 E357.13356
G1 X91.966 Y124.035 E357.2304
G1 X91.072 Y125.78 E357.29561
G1 X91.081 Y124.638 E357.33359
G1 X90.922 Y124.107 E357.35203
G1 X90.611 Y123.828 E357.36592
G1 X90.425 Y123.744 E357.37271
G1 X90.158 Y123.698 E357.38172
G1 X88.558 Y123.692 E357.43494
G1 X84.524 Y122.648 E357.57353
G1 X84.521 Y121.922 E357.59768
G1 X84.852 Y121.697 E357.61099
G1 X84.973 Y121.772 E357.61573
G1 X85.164 Y121.808 E357.62219
G1 X90.134 Y121.81 E357.78749
G1 X90.407 Y121.759 E357.79673
G1 X90.624 Y121.651 E357.80479
G1 X90.834 Y121.465 E357.81412
G1 X90.999 Y121.183 E357.82499
G1 X91.053 Y120.903 E357.83447
G1 X91.053 Y116.356 E357.98571
G1 X91.65 Y116.356 E358.00556
G1 X92.109 Y116.222 E358.02147
G1 X92.355 Y116.026 E358.03193
G1 X92.589 Y115.568 E358.04904
G1 X92.583 Y113.524 E358.11702
G1 X92.48 Y113.124 E358.13076
G1 X92.333 Y112.914 E358.13928
G1 X91.978 Y112.67 E358.15361
G1 X91.762 Y112.608 E358.16109
G1 X84.85 Y112.611 E358.39098
G1 F1315.8 X84.06 Y112.777 E358.42159
G1 F1169.6 X83.849 Y112.837 E358.43094
G1 X83.732 Y112.803 E358.43614
G1 X83.733 Y112.273 E358.45875
G1 X83.99 Y112.273 E358.46971
G1 F1315.8 X84.816 Y112.215 E358.50111
G1 F1500 X86.276 Y112.213 E358.54967
G1 X86.76 Y111.975 E358.56761
G1 X88.216 Y110.622 E358.63372
G1 X89.761 Y109.286 E358.70165
G1 X91.323 Y108.031 E358.76829
G1 X93.001 Y106.787 E358.83777
G1 X94.568 Y105.703 E358.90114
G1 X96.146 Y104.686 E358.96358
G1 X97.92 Y103.626 E359.03232
G1 X99.653 Y102.686 E359.09789
G1 X101.319 Y101.845 E359.15996
G1 X103.2 Y100.984 E359.22877
G1 X105.001 Y100.239 E359.29359
G1 X106.789 Y99.58 E359.35697
G1 X108.66 Y98.951 E359.42262
G1 X110.605 Y98.39 E359.48995
G1 X112.462 Y97.923 E359.55364
G1 X114.501 Y97.486 E359.62299
G1 X116.191 Y97.19 E359.68006
G1 X118.136 Y96.927 E359.74534
G1 X120.065 Y96.731 E359.80983
G1 X122.064 Y96.606 E359.87645
G1 X123.929 Y96.561 E359.93849
G1 X125.918 Y96.58 E360.00465
G1 X127.822 Y96.672 E360.06805
G1 X129.887 Y96.843 E360.13697
G1 X131.705 Y97.071 E360.19791
G1 X133.628 Y97.381 E360.2627
G1 X135.505 Y97.752 E360.32633
G1 X137.418 Y98.198 E360.39167
G1 X139.327 Y98.724 E360.45753
G1 X142.604 Y99.755 E360.57179
G1 X143.039 Y99.77 E360.58626
G1 X143.477 Y99.543 E360.60267
G1 X143.673 Y99.297 E360.61313
G1 X143.78 Y99.056 E360.6219
G1 X143.908 Y97.831 E360.66287
G1 X144.176 Y97.205 E360.68552
G1 X144.522 Y96.583 E360.70919
G1 X144.951 Y95.967 E360.73416
G1 X145.414 Y95.431 E360.75771
G1 X145.983 Y94.888 E360.78387
G1 X146.547 Y94.449 E360.80765
G1 X147.174 Y94.056 E360.83226
G1 X147.839 Y93.733 E360.85685
G1 X148.536 Y93.476 E360.88155
G1 X149.273 Y93.285 E360.90688
G1 X149.997 Y93.174 E360.93124
G1 X150.329 Y93.159 E360.94229
G1 X145.637 Y138.456 E362.45694
G1 F1336.3 X145.512 Y139.185 E362.48455
G1 F1195.2 X145.436 Y139.878 E362.51365
G1 F2700 E357.51365
G0 F9000 X144.273 Y141.462
G0 X145.678 Y139.988
G0 X150.547 Y93.57
G0 X150.09 Y93.522
G1 F2700 E362.51365
G1 F1500 X149.951 Y93.383 E362.52019
G0 F9000 X149.461 Y93.458
G1 F1500 X150.037 Y94.035 E362.54731
G0 F9000 X149.984 Y94.547
G1 F1500 X149 Y93.563 E362.59359
G0 F9000 X148.555 Y93.683
G1 F1500 X149.931 Y95.06 E362.65834
G0 F9000 X149.878 Y95.573
G1 F1500 X148.14 Y93.834 E362.74011
G0 F9000 X147.742 Y94.002
G1 F1500 X149.825 Y96.085 E362.83809
G0 F9000 X149.772 Y96.598
G1 F1500 X147.362 Y94.187 E362.95147
G0 F9000 X147.006 Y94.397
G1 F1500 X149.719 Y97.111 E363.07911
G0 F9000 X149.666 Y97.623
G1 F1500 X146.659 Y94.616 E363.22055
G0 F9000 X146.341 Y94.864
G1 F1500 X149.613 Y98.136 E363.37445
G0 F9000 X149.559 Y98.648
G1 F1500 X146.032 Y95.12 E363.54037
G0 F9000 X145.742 Y95.396
G1 F1500 X149.506 Y99.16 E363.71742
G0 F9000 X149.453 Y99.673
G1 F1500 X145.461 Y95.681 E363.90519
G0 F9000 X145.199 Y95.984
G1 F1500 X149.4 Y100.186 E364.10282
G0 F9000 X149.347 Y100.698
G1 F1500 X144.957 Y96.308 E364.30931
G0 F9000 X144.724 Y96.641
G1 F1500 X149.294 Y101.211 E364.52427
G0 F9000 X149.241 Y101.724
G1 F1500 X144.518 Y97.001 E364.74642
G0 F9000 X144.323 Y97.371
G1 F1500 X149.188 Y102.236 E364.97526
G0 F9000 X149.135 Y102.749
G1 F1500 X144.153 Y97.767 E365.2096
G0 F9000 X144.065 Y98.244
G1 F1500 X149.081 Y103.261 E365.44556
G0 F9000 X149.028 Y103.774
G1 F1500 X144.009 Y98.754 E365.68166
G0 F9000 X143.917 Y99.228
G1 F1500 X148.975 Y104.286 E365.91957
G0 F9000 X148.922 Y104.799
G1 F1500 X143.703 Y99.58 E366.16506
G0 F9000 X143.377 Y99.819
G1 F1500 X148.869 Y105.312 E366.42341
G0 F9000 X148.816 Y105.824
G1 F1500 X142.96 Y99.968 E366.69886
G0 F9000 X142.293 Y99.866
G1 F1500 X148.763 Y106.337 E367.00321
G0 F9000 X148.71 Y106.849
G1 F1500 X141.467 Y99.607 E367.34387
G0 F9000 X140.642 Y99.347
G1 F1500 X148.657 Y107.362 E367.72088
G0 F9000 X148.604 Y107.875
G1 F1500 X139.818 Y99.088 E368.13417
G0 F9000 X139.007 Y98.844
G1 F1500 X148.55 Y108.387 E368.58304
G0 F9000 X148.497 Y108.899
G1 F1500 X138.226 Y98.628 E369.06616
G0 F9000 X137.445 Y98.412
G1 F1500 X148.444 Y109.412 E369.58354
G0 F9000 X148.391 Y109.925
G1 F1500 X143.379 Y104.912 E369.81931
G0 F9000 X143.326 Y105.425
G1 F1500 X148.338 Y110.437 E370.05506
G0 F9000 X148.285 Y110.95
G1 F1500 X143.273 Y105.937 E370.29083
G0 F9000 X143.22 Y106.45
G1 F1500 X148.232 Y111.463 E370.52661
G0 F9000 X148.179 Y111.975
G1 F1500 X143.167 Y106.963 E370.76235
G0 F9000 X143.114 Y107.476
G1 F1500 X148.126 Y112.488 E370.9981
G0 F9000 X148.073 Y113.001
G1 F1500 X143.061 Y107.989 E371.23385
G0 F9000 X143.008 Y108.501
G1 F1500 X148.019 Y113.513 E371.46958
G0 F9000 X147.966 Y114.025
G1 F1500 X142.955 Y109.014 E371.70528
G0 F9000 X142.902 Y109.527
G1 F1500 X147.913 Y114.538 E371.94098
G0 F9000 X147.86 Y115.051
G1 F1500 X142.85 Y110.04 E372.17666
G0 F9000 X142.797 Y110.553
G1 F1500 X147.807 Y115.563 E372.41232
G0 F9000 X147.754 Y116.076
G1 F1500 X142.744 Y111.065 E372.64799
G0 F9000 X142.691 Y111.578
G1 F1500 X147.701 Y116.588 E372.88365
G0 F9000 X147.648 Y117.101
G1 F1500 X142.638 Y112.091 E373.1193
G0 F9000 X142.585 Y112.603
G1 F1500 X147.595 Y117.614 E373.35498
G0 F9000 X147.541 Y118.126
G1 F1500 X142.532 Y113.117 E373.59059
G0 F9000 X142.479 Y113.629
G1 F1500 X147.488 Y118.638 E373.8262
G0 F9000 X147.435 Y119.151
G1 F1500 X142.426 Y114.142 E374.06181
G0 F9000 X142.373 Y114.655
G1 F1500 X147.382 Y119.664 E374.29742
G0 F9000 X147.329 Y120.176
G1 F1500 X142.32 Y115.167 E374.53302
G0 F9000 X142.267 Y115.68
G1 F1500 X147.276 Y120.689 E374.76863
G0 F9000 X147.223 Y121.202
G1 F1500 X142.215 Y116.193 E375.00422
G0 F9000 X142.162 Y116.706
G1 F1500 X147.17 Y121.714 E375.23978
G0 F9000 X147.117 Y122.227
G1 F1500 X142.109 Y117.219 E375.47534
G0 F9000 X142.056 Y117.731
G1 F1500 X147.064 Y122.74 E375.71092
G0 F9000 X147.01 Y123.252
G1 F1500 X142.003 Y118.244 E375.94646
G0 F9000 X141.95 Y118.756
G1 F1500 X146.957 Y123.764 E376.182
G0 F9000 X146.904 Y124.277
G1 F1500 X141.897 Y119.27 E376.41751
G0 F9000 X141.844 Y119.782
G1 F1500 X146.851 Y124.789 E376.65302
G0 F9000 X146.798 Y125.302
G1 F1500 X141.791 Y120.295 E376.88854
G0 F9000 X141.738 Y120.808
G1 F1500 X146.745 Y125.815 E377.12405
G0 F9000 X146.692 Y126.327
G1 F1500 X141.685 Y121.32 E377.35957
G0 F9000 X141.632 Y121.833
G1 F1500 X146.639 Y126.84 E377.59508
G0 F9000 X146.586 Y127.353
G1 F1500 X141.58 Y122.346 E377.83057
G0 F9000 X141.527 Y122.859
G1 F1500 X146.533 Y127.865 E378.06604
G0 F9000 X146.479 Y128.377
G1 F1500 X141.474 Y123.372 E378.30146
G0 F9000 X141.421 Y123.884
G1 F1500 X146.426 Y128.89 E378.5369
G0 F9000 X146.373 Y129.403
G1 F1500 X141.368 Y124.397 E378.77234
G0 F9000 X141.315 Y124.91
G1 F1500 X146.32 Y129.915 E379.00776
G0 F9000 X146.267 Y130.428
G1 F1500 X141.262 Y125.423 E379.24318
G0 F9000 X141.209 Y125.936
G1 F1500 X146.214 Y130.941 E379.4786
G0 F9000 X146.161 Y131.453
G1 F1500 X141.156 Y126.448 E379.71402
G0 F9000 X141.103 Y126.961
G1 F1500 X146.108 Y131.966 E379.94944
G0 F9000 X146.055 Y132.479
G1 F1500 X141.05 Y127.474 E380.18486
G0 F9000 X140.997 Y127.986
G1 F1500 X146.001 Y132.991 E380.42026
G0 F9000 X145.948 Y133.503
G1 F1500 X140.945 Y128.5 E380.65559
G0 F9000 X140.892 Y129.012
G1 F1500 X145.895 Y134.016 E380.89094
G0 F9000 X145.842 Y134.528
G1 F1500 X140.839 Y129.525 E381.12626
G0 F9000 X140.786 Y130.038
G1 F1500 X145.789 Y135.041 E381.36159
G0 F9000 X145.736 Y135.554
G1 F1500 X140.733 Y130.55 E381.59694
G0 F9000 X140.68 Y131.063
G1 F1500 X145.683 Y136.066 E381.83226
G0 F9000 X145.63 Y136.579
G1 F1500 X140.627 Y131.576 E382.06759
G0 F9000 X140.574 Y132.089
G1 F1500 X145.577 Y137.092 E382.30291
G0 F9000 X145.523 Y137.604
G1 F1500 X140.521 Y132.602 E382.53819
G0 F9000 X140.468 Y133.114
G1 F1500 X143.587 Y136.233 E382.6849
G0 F9000 X142.837 Y136.049
G1 F1500 X140.429 Y133.64 E382.79819
G0 F9000 X140.39 Y134.167
G1 F1500 X142.249 Y136.026 E382.88563
G0 F9000 X141.747 Y136.09
G1 F1500 X140.35 Y134.693 E382.95134
G0 F9000 X140.311 Y135.22
G1 F1500 X141.322 Y136.231 E382.9989
G0 F9000 X140.923 Y136.397
G1 F1500 X140.272 Y135.746 E383.02952
G0 F9000 X140.233 Y136.273
G1 F1500 X140.587 Y136.627 E383.04617
G0 F9000 X140.265 Y136.871
G1 F1500 X140.194 Y136.8 E383.04951
G1 F2700 E378.04951
G0 F9000 X139.739 Y136.765
G0 X142.692 Y104.591
G0 X141.754 Y103.892
G0 X141.94 Y103.473
G1 F2700 E383.04951
G1 F1500 X136.704 Y98.238 E383.29577
G0 F9000 X135.967 Y98.066
G1 F1500 X140.925 Y103.024 E383.52898
G0 F9000 X140.739 Y103.443
G0 X139.724 Y102.994
G0 X139.91 Y102.574
G1 F1500 X135.238 Y97.903 E383.74871
G0 F9000 X134.534 Y97.765
G1 F1500 X138.994 Y102.224 E383.95847
G0 F9000 X138.113 Y101.909
G1 F1500 X133.829 Y97.625 E384.15998
G0 F9000 X133.144 Y97.506
G1 F1500 X137.237 Y101.599 E384.3525
G0 F9000 X136.45 Y101.377
G1 F1500 X132.469 Y97.397 E384.53973
G0 F9000 X131.795 Y97.288
G1 F1500 X135.662 Y101.155 E384.72162
G0 F9000 X134.881 Y100.94
G1 F1500 X131.144 Y97.202 E384.89742
G0 F9000 X130.497 Y97.121
G1 F1500 X134.174 Y100.799 E385.0704
G0 F9000 X133.466 Y100.657
G1 F1500 X129.851 Y97.041 E385.24046
G0 F9000 X129.234 Y96.99
G1 F1500 X132.759 Y100.515 E385.40627
G0 F9000 X132.093 Y100.415
G1 F1500 X128.617 Y96.939 E385.56977
G0 F9000 X128 Y96.888
G1 F1500 X131.447 Y100.334 E385.73188
G0 F9000 X130.801 Y100.254
G1 F1500 X127.399 Y96.852 E385.8919
G0 F9000 X126.805 Y96.823
G1 F1500 X130.154 Y100.173 E386.04945
G0 F9000 X129.551 Y100.136
G1 F1500 X126.211 Y96.795 E386.20658
G0 F9000 X125.628 Y96.778
G1 F1500 X128.956 Y100.107 E386.36314
G0 F9000 X128.362 Y100.078
G1 F1500 X125.056 Y96.772 E386.51865
G0 F9000 X124.485 Y96.766
G1 F1500 X127.767 Y100.049 E386.67304
G0 F9000 X127.208 Y100.055
G1 F1500 X123.915 Y96.762 E386.82794
G0 F9000 X123.363 Y96.775
G1 F1500 X126.655 Y100.068 E386.98281
G0 F9000 X126.103 Y100.081
G1 F1500 X122.81 Y96.788 E387.1377
G0 F9000 X122.257 Y96.802
G1 F1500 X125.55 Y100.094 E387.29257
G0 F9000 X125.004 Y100.114
G1 F1500 X121.719 Y96.828 E387.44711
G0 F9000 X121.186 Y96.862
G1 F1500 X124.491 Y100.167 E387.60256
G0 F9000 X123.977 Y100.218
G1 F1500 X120.654 Y96.895 E387.75887
G0 F9000 X120.121 Y96.928
G1 F1500 X123.464 Y100.271 E387.91611
G0 F9000 X122.95 Y100.322
G1 F1500 X119.607 Y96.98 E388.07333
G0 F9000 X119.094 Y97.032
G1 F1500 X122.454 Y100.392 E388.23138
G0 F9000 X121.972 Y100.476
G1 F1500 X118.58 Y97.084 E388.39093
G0 F9000 X118.069 Y97.139
G1 F1500 X121.491 Y100.56 E388.55186
G0 F9000 X121.009 Y100.645
G1 F1500 X117.571 Y97.206 E388.7136
G0 F9000 X117.072 Y97.273
G1 F1500 X120.528 Y100.729 E388.87616
G0 F9000 X120.062 Y100.828
G1 F1500 X116.574 Y97.34 E389.04023
G0 F9000 X116.08 Y97.412
G1 F1500 X119.609 Y100.941 E389.20622
G0 F9000 X119.156 Y101.054
G1 F1500 X115.599 Y97.497 E389.37353
G0 F9000 X115.117 Y97.581
G1 F1500 X118.703 Y101.166 E389.54218
G0 F9000 X118.25 Y101.28
G1 F1500 X114.635 Y97.664 E389.71224
G0 F9000 X114.167 Y97.762
G1 F1500 X117.797 Y101.392 E389.88299
G0 F9000 X117.373 Y101.533
G1 F1500 X113.701 Y97.862 E390.05568
G0 F9000 X113.235 Y97.962
G1 F1500 X116.948 Y101.675 E390.23033
G0 F9000 X116.524 Y101.816
G1 F1500 X112.769 Y98.062 E390.40693
G0 F9000 X112.31 Y98.168
G1 F1500 X116.1 Y101.958 E390.5852
G0 F9000 X115.676 Y102.099
G1 F1500 X111.858 Y98.281 E390.76479
G0 F9000 X111.406 Y98.395
G1 F1500 X115.263 Y102.253 E390.94623
G0 F9000 X114.862 Y102.417
G1 F1500 X110.954 Y98.509 E391.13005
G0 F9000 X110.505 Y98.626
G1 F1500 X114.459 Y102.58 E391.31604
G0 F9000 X114.058 Y102.744
G1 F1500 X110.067 Y98.753 E391.50376
G0 F9000 X109.628 Y98.88
G1 F1500 X113.655 Y102.907 E391.69318
G0 F9000 X113.254 Y103.071
G1 F1500 X109.189 Y99.007 E391.88436
G0 F9000 X108.75 Y99.134
G1 F1500 X112.866 Y103.249 E392.07794
G0 F9000 X112.487 Y103.436
G1 F1500 X108.326 Y99.275 E392.27366
G0 F9000 X107.903 Y99.418
G1 F1500 X112.108 Y103.623 E392.47145
G0 F9000 X111.73 Y103.81
G1 F1500 X107.48 Y99.56 E392.67136
G0 F9000 X107.056 Y99.702
G1 F1500 X111.351 Y103.997 E392.87338
G0 F9000 X110.973 Y104.184
G1 F1500 X106.638 Y99.85 E393.07726
G0 F9000 X106.224 Y100.002
G1 F1500 X110.604 Y104.382 E393.28329
G0 F9000 X110.246 Y104.589
G1 F1500 X105.811 Y100.155 E393.49187
G0 F9000 X105.398 Y100.307
G1 F1500 X109.888 Y104.797 E393.70307
G0 F9000 X109.529 Y105.004
G1 F1500 X104.987 Y100.461 E393.91673
G0 F9000 X104.587 Y100.627
G1 F1500 X109.171 Y105.211 E394.13235
G0 F9000 X108.812 Y105.418
G1 F1500 X104.187 Y100.793 E394.3499
G0 F9000 X103.787 Y100.959
G1 F1500 X108.46 Y105.631 E394.56968
G0 F9000 X108.121 Y105.858
G1 F1500 X103.387 Y101.124 E394.79235
G0 F9000 X102.995 Y101.298
G1 F1500 X107.782 Y106.085 E395.01751
G0 F9000 X107.443 Y106.311
G1 F1500 X102.607 Y101.475 E395.24498
G0 F9000 X102.219 Y101.653
G1 F1500 X107.104 Y106.538 E395.47476
G0 F9000 X106.765 Y106.765
G1 F1500 X101.831 Y101.831 E395.70684
G0 F9000 X101.443 Y102.009
G1 F1500 X106.427 Y106.992 E395.94125
G0 F9000 X106.101 Y107.232
G1 F1500 X101.065 Y102.197 E396.1781
G0 F9000 X100.69 Y102.387
G1 F1500 X105.78 Y107.477 E396.41752
G0 F9000 X105.46 Y107.723
G1 F1500 X100.314 Y102.576 E396.6596
G0 F9000 X99.938 Y102.767
G1 F1500 X105.14 Y107.968 E396.90426
G0 F9000 X104.819 Y108.214
G1 F1500 X99.566 Y102.96 E397.15137
G0 F9000 X99.2 Y103.16
G1 F1500 X104.499 Y108.459 E397.40062
G0 F9000 X104.179 Y108.705
G1 F1500 X98.834 Y103.359 E397.65205
G0 F9000 X98.467 Y103.558
G1 F1500 X103.876 Y108.967 E397.90648
G0 F9000 X103.573 Y109.23
G1 F1500 X98.1 Y103.757 E398.16391
G0 F9000 X97.743 Y103.966
G1 F1500 X103.27 Y109.493 E398.42388
G0 F9000 X102.967 Y109.755
G1 F1500 X97.389 Y104.177 E398.68625
G0 F9000 X97.035 Y104.389
G1 F1500 X102.664 Y110.018 E398.95102
G0 F9000 X102.361 Y110.28
G1 F1500 X96.681 Y104.6 E399.21819
G0 F9000 X96.326 Y104.812
G1 F1500 X102.064 Y110.55 E399.48809
G0 F9000 X101.778 Y110.829
G1 F1500 X95.98 Y105.031 E399.76081
G0 F9000 X95.636 Y105.253
G1 F1500 X101.492 Y111.108 E400.03624
G0 F9000 X101.205 Y111.388
G1 F1500 X95.292 Y105.474 E400.31439
G0 F9000 X94.948 Y105.696
G1 F1500 X100.919 Y111.667 E400.59525
G0 F9000 X100.633 Y111.946
G1 F1500 X94.607 Y105.92 E400.87869
G0 F9000 X94.272 Y106.152
G1 F1500 X100.346 Y112.226 E401.16439
G0 F9000 X100.07 Y112.515
G1 F1500 X93.938 Y106.383 E401.45283
G0 F9000 X93.603 Y106.614
G1 F1500 X99.8 Y112.811 E401.74431
G0 F9000 X99.53 Y113.107
G1 F1500 X93.27 Y106.846 E402.03879
G0 F9000 X92.94 Y107.082
G1 F1500 X99.261 Y113.403 E402.33611
G0 F9000 X98.991 Y113.699
G1 F1500 X92.615 Y107.323 E402.63602
G0 F9000 X92.29 Y107.564
G1 F1500 X98.722 Y113.996 E402.93856
G0 F9000 X98.453 Y114.292
G1 F1500 X91.966 Y107.805 E403.24369
G0 F9000 X91.64 Y108.045
G1 F1500 X98.19 Y114.595 E403.55178
G0 F9000 X97.936 Y114.906
G1 F1500 X91.32 Y108.291 E403.86295
G0 F9000 X91.007 Y108.543
G1 F1500 X97.681 Y115.217 E404.17688
G0 F9000 X97.427 Y115.529
G1 F1500 X90.693 Y108.795 E404.49362
G0 F9000 X90.38 Y109.047
G1 F1500 X97.172 Y115.84 E404.81312
G0 F9000 X96.917 Y116.151
G1 F1500 X90.066 Y109.299 E405.13539
G0 F9000 X89.757 Y109.556
G1 F1500 X96.663 Y116.462 E405.46023
G0 F9000 X96.418 Y116.783
G1 F1500 X92.63 Y112.994 E405.63843
G0 F9000 X92.227 Y112.591
G1 F1500 X89.453 Y109.818 E405.76889
G0 F9000 X89.15 Y110.08
G1 F1500 X91.478 Y112.408 E405.87839
G0 F9000 X90.913 Y112.409
G1 F1500 X88.847 Y110.343 E405.97557
G0 F9000 X88.543 Y110.605
G1 F1500 X90.347 Y112.409 E406.06042
G0 F9000 X89.782 Y112.409
G1 F1500 X88.243 Y110.871 E406.13279
G0 F9000 X87.95 Y111.143
G1 F1500 X89.217 Y112.41 E406.19238
G0 F9000 X88.652 Y112.411
G1 F1500 X87.657 Y111.416 E406.23919
G0 F9000 X87.364 Y111.688
G1 F1500 X88.086 Y112.411 E406.27317
G0 F9000 X87.521 Y112.412
G1 F1500 X87.07 Y111.96 E406.29441
G0 F9000 X86.749 Y112.204
G1 F1500 X86.956 Y112.412 E406.30417
G0 F9000 X86.956 Y112.868
G0 X92.068 Y113.132
G0 X92.329 Y113.717
G0 X92.788 Y113.718
G1 F1500 X96.181 Y117.111 E406.46376
G0 F9000 X95.943 Y117.439
G1 F1500 X92.788 Y114.284 E406.61217
G0 F9000 X92.789 Y114.85
G1 F1500 X95.705 Y117.767 E406.74935
G0 F9000 X95.468 Y118.095
G1 F1500 X92.789 Y115.416 E406.87536
G0 F9000 X92.664 Y115.857
G1 F1500 X95.23 Y118.423 E406.99606
G0 F9000 X94.993 Y118.752
G1 F1500 X92.447 Y116.206 E407.11581
G0 F9000 X92.111 Y116.436
G1 F1500 X94.763 Y119.087 E407.24053
G0 F9000 X94.54 Y119.43
G1 F1500 X91.666 Y116.556 E407.37572
G0 F9000 X91.253 Y116.709
G1 F1500 X94.317 Y119.773 E407.51984
G0 F9000 X94.095 Y120.116
G1 F1500 X91.253 Y117.274 E407.65352
G0 F9000 X91.254 Y117.841
G1 F1500 X93.872 Y120.459 E407.77666
G0 F9000 X93.649 Y120.802
G1 F1500 X91.254 Y118.407 E407.88931
G0 F9000 X91.254 Y118.973
G1 F1500 X93.426 Y121.145 E407.99148
G0 F9000 X93.207 Y121.492
G1 F1500 X91.255 Y119.539 E408.08332
G0 F9000 X91.256 Y120.106
G1 F1500 X93 Y121.85 E408.16535
G0 F9000 X92.793 Y122.209
G1 F1500 X91.256 Y120.671 E408.23767
G0 F9000 X91.202 Y121.183
G1 F1500 X92.585 Y122.566 E408.30272
G0 F9000 X92.378 Y122.925
G1 F1500 X91.009 Y121.556 E408.36711
G0 F9000 X90.721 Y121.834
G1 F1500 X92.171 Y123.283 E408.43529
G0 F9000 X91.963 Y123.642
G1 F1500 X90.305 Y121.984 E408.51328
G0 F9000 X89.768 Y122.012
G1 F1500 X91.759 Y124.003 E408.60693
G0 F9000 X91.567 Y124.377
G1 F1500 X89.202 Y122.011 E408.7182
G0 F9000 X88.635 Y122.011
G1 F1500 X90.124 Y123.5 E408.78824
G0 F9000 X89.556 Y123.497
G1 F1500 X88.069 Y122.011 E408.85816
G0 F9000 X87.503 Y122.01
G1 F1500 X88.987 Y123.494 E408.92796
G0 F9000 X88.362 Y123.435
G1 F1500 X86.937 Y122.009 E408.99501
G0 F9000 X86.37 Y122.008
G1 F1500 X87.599 Y123.237 E409.05282
G0 F9000 X86.836 Y123.039
G1 F1500 X85.804 Y122.008 E409.10134
G0 F9000 X85.238 Y122.008
G1 F1500 X86.073 Y122.842 E409.14059
G0 F9000 X85.31 Y122.645
G1 F1500 X84.721 Y122.057 E409.16827
G0 F9000 X84.262 Y122.058
G0 X84.335 Y122.799
G0 X89.703 Y124.232
G0 X90.569 Y124.221
G0 X90.825 Y124.68
G0 X91.28 Y124.656
G1 F1500 X91.375 Y124.751 E409.17274
G1 F2700 E404.17274
;MESH:NONMESH
G0 F300 X91.375 Y124.751 Z0.8
G0 F9000 X91.784 Y124.962
G0 X95.435 Y119.36
G0 X97.098 Y117.071
G0 X98.858 Y114.906
G0 X100.711 Y112.874
G0 X102.647 Y110.979
G0 X104.664 Y109.23
G0 X106.752 Y107.632
G0 X108.907 Y106.191
G0 X111.119 Y104.909
G0 X113.383 Y103.794
G0 X115.692 Y102.847
G0 X118.035 Y102.074
G0 X120.406 Y101.476
G0 X122.799 Y101.057
G0 X125.203 Y100.816
G0 X127.61 Y100.755
G0 X130.014 Y100.873
G0 X132.405 Y101.172
G0 X134.776 Y101.65
G0 X137.118 Y102.304
G0 X139.424 Y103.134
G0 X142.692 Y104.591
G0 X139.412 Y140.031
G0 X141.21 Y141.378
G0 X141.698 Y141.58
G0 X143.372 Y141.962
G0 X142.481 Y141.847
;TIME_ELAPSED:667.744138
;LAYER:3
M106 S255
;TYPE:WALL-INNER
;MESH:FT03-Upright.stl
G1 F2700 E409.17274
G1 F1578.9 X141.773 Y141.756 E409.19529
G1 F1595.7 X141.14 Y141.495 E409.2167
G1 X140.595 Y141.076 E409.23819
G1 F1591.5 X140.174 Y140.528 E409.25986
G1 X139.914 Y139.902 E409.2811
G1 F1587.3 X139.823 Y139.196 E409.30348
G1 F1570.7 X139.897 Y138.531 E409.32473
G1 F1530.6 X140.163 Y137.889 E409.34738
G1 F1503.8 X140.582 Y137.341 E409.37027
G1 F1500 X141.127 Y136.925 E409.39307
G1 X141.775 Y136.654 E409.41643
G1 X142.46 Y136.567 E409.4394
G1 X143.142 Y136.654 E409.46227
G1 X143.784 Y136.924 E409.48543
G1 X144.33 Y137.34 E409.50826
G1 X144.752 Y137.887 E409.53124
G1 X145.018 Y138.531 E409.55442
G1 X145.107 Y139.221 E409.57756
G1 F1481.5 X145.018 Y139.894 E409.60042
G1 F1442.3 X144.749 Y140.58 E409.6259
G1 F1395.3 X144.326 Y141.111 E409.65018
G1 F1284.8 X143.75 Y141.605 E409.67964
G1 F1224.5 X143.158 Y141.785 E409.70485
G1 F1382.5 X142.481 Y141.847 E409.72939
G0 F9000 X142.515 Y142.229
G1 F1492.5 X143.126 Y142.209 E409.74982
G1 F1339.3 X143.937 Y142.135 E409.78016
G1 F1234.6 X144.214 Y141.858 E409.79599
G1 F1284.8 X144.608 Y141.435 E409.81844
G1 F1369.9 X145.057 Y140.899 E409.8439
G1 F1395.3 X145.217 Y140.74 E409.85197
G1 F1467 X145.971 Y139.922 E409.8898
G1 F1500 X150.854 Y92.776 E411.46627
G1 X149.949 Y92.818 E411.4964
G1 X149.193 Y92.933 E411.52184
G1 X148.432 Y93.13 E411.54798
G1 X147.701 Y93.401 E411.57391
G1 X147.004 Y93.742 E411.59972
G1 X146.344 Y94.153 E411.62558
G1 X145.744 Y94.62 E411.65087
G1 X145.156 Y95.179 E411.67785
G1 X144.668 Y95.748 E411.70279
G1 X144.214 Y96.398 E411.72916
G1 X143.848 Y97.061 E411.75434
G1 X143.556 Y97.738 E411.77887
G1 X143.429 Y98.959 E411.8197
G1 X143.244 Y99.268 E411.83168
G1 X142.966 Y99.411 E411.84207
G1 X142.695 Y99.407 E411.85109
G1 X139.426 Y98.38 E411.96505
G1 X137.539 Y97.858 E412.03017
G1 X135.621 Y97.407 E412.09571
G1 X133.701 Y97.027 E412.1608
G1 X131.783 Y96.719 E412.22541
G1 X129.881 Y96.485 E412.28915
G1 X127.895 Y96.315 E412.35545
G1 X125.938 Y96.22 E412.42062
G1 X123.955 Y96.201 E412.48657
G1 X122.003 Y96.25 E412.55152
G1 X120.131 Y96.367 E412.6139
G1 X118.143 Y96.564 E412.68035
G1 X116.177 Y96.833 E412.74635
G1 X114.382 Y97.146 E412.80695
G1 X112.377 Y97.573 E412.87513
G1 X110.52 Y98.041 E412.93883
G1 X108.571 Y98.606 E413.00632
G1 X106.661 Y99.242 E413.07327
G1 X104.876 Y99.903 E413.13658
G1 X103.052 Y100.659 E413.20226
G1 X101.096 Y101.553 E413.27379
G1 X99.483 Y102.368 E413.33389
G1 X97.737 Y103.318 E413.4
G1 X96.028 Y104.335 E413.46615
G1 X94.362 Y105.408 E413.53206
G1 X92.711 Y106.552 E413.59887
G1 X91.103 Y107.747 E413.6655
G1 X89.537 Y109.005 E413.73231
G1 X88.012 Y110.324 E413.79937
G1 X86.528 Y111.697 E413.86661
G1 X86.208 Y111.856 E413.8785
G1 X83.316 Y111.856 E413.97469
G1 X83.316 Y113.199 E414.01936
G1 X83.851 Y113.352 E414.03786
G1 X84.908 Y113.052 E414.07441
G1 X91.71 Y113.052 E414.30064
G1 X91.975 Y113.161 E414.31017
G1 X92.156 Y113.364 E414.31922
G1 X92.229 Y113.652 E414.3291
G1 X92.228 Y115.496 E414.39043
G1 X92.163 Y115.671 E414.39664
G1 X91.928 Y115.916 E414.40793
G1 X91.628 Y115.996 E414.41826
G1 X90.693 Y115.996 E414.44936
G1 X90.696 Y120.864 E414.61127
G1 X90.661 Y121.058 E414.61783
G1 X90.55 Y121.246 E414.62509
G1 X90.392 Y121.374 E414.63185
G1 X90.105 Y121.452 E414.64174
G1 X85.103 Y121.451 E414.80811
G1 X84.851 Y121.264 E414.81855
G1 X84.162 Y121.733 E414.84627
G1 X84.167 Y123.038 E414.88967
G1 X88.509 Y124.16 E415.03883
G1 X90.232 Y124.169 E415.09614
G1 X90.413 Y124.241 E415.10262
G1 X90.591 Y124.39 E415.11034
G1 X90.725 Y124.775 E415.1239
G1 X90.7 Y127.027 E415.1988
G1 X90.881 Y127.028 E415.20482
G1 X90.945 Y126.817 E415.21216
G1 X92.296 Y124.187 E415.3105
G1 X93.744 Y121.681 E415.40676
G1 X95.322 Y119.255 E415.50302
G1 X96.99 Y116.957 E415.59746
G1 X98.752 Y114.795 E415.69023
G1 X100.587 Y112.779 E415.7809
G1 X102.562 Y110.85 E415.87272
G1 X104.546 Y109.13 E415.96005
G1 X106.682 Y107.497 E416.04948
G1 X108.843 Y106.052 E416.13594
G1 X111.047 Y104.775 E416.22066
G1 X113.344 Y103.644 E416.30582
G1 X115.623 Y102.711 E416.38773
G1 X118.006 Y101.921 E416.47123
G1 X120.395 Y101.325 E416.55312
G1 X122.8 Y100.903 E416.63433
G1 X125.164 Y100.666 E416.71336
G1 X127.647 Y100.604 E416.79597
G1 X130.059 Y100.724 E416.87629
G1 X132.416 Y101.019 E416.95529
G1 X134.81 Y101.499 E417.0365
G1 X137.18 Y102.167 E417.1184
G1 X139.5 Y103.003 E417.20042
G1 X142.521 Y104.342 E417.31033
G1 X142.703 Y104.512 E417.31861
G1 X142.794 Y104.701 E417.32559
G1 X142.813 Y104.926 E417.3331
G1 X139.938 Y132.822 E418.26584
G1 F1507.5 X139.518 Y138.358 E418.44957
G1 F1550.4 X139.445 Y139.195 E418.47661
G1 F1587.3 X139.549 Y140.002 E418.50218
G1 F1591.5 X139.846 Y140.715 E418.5264
G1 X140.328 Y141.344 E418.55124
G1 F1595.7 X140.953 Y141.822 E418.57584
G1 X141.675 Y142.122 E418.60028
G1 F1578.9 X142.515 Y142.229 E418.62704
G0 F9000 X142.478 Y142.62
;TYPE:WALL-OUTER
G1 F1500 X144.166 Y142.62 E418.68318
G1 X145.271 Y141.289 E418.74072
G1 X146.355 Y140.094 E418.79438
G1 X151.298 Y92.376 E420.38998
G1 X150.734 Y92.376 E420.40874
G1 X149.909 Y92.42 E420.43622
G1 X149.113 Y92.541 E420.463
G1 X148.312 Y92.748 E420.49051
G1 X147.543 Y93.033 E420.51779
G1 X146.81 Y93.392 E420.54494
G1 X146.115 Y93.825 E420.57217
G1 X145.483 Y94.316 E420.59879
G1 X144.866 Y94.903 E420.62711
G1 X144.351 Y95.503 E420.65341
G1 X143.874 Y96.186 E420.68112
G1 X143.488 Y96.885 E420.70768
G1 X143.164 Y97.636 E420.73488
G1 X143.032 Y98.882 E420.77656
G1 X142.96 Y98.985 E420.78074
G1 X142.791 Y99.019 E420.78647
G1 X139.539 Y97.996 E420.89986
G1 X137.638 Y97.47 E420.96546
G1 X135.705 Y97.016 E421.0315
G1 X133.772 Y96.633 E421.09704
G1 X131.839 Y96.323 E421.16216
G1 X129.923 Y96.087 E421.22637
G1 X127.922 Y95.916 E421.29316
G1 X125.95 Y95.82 E421.35883
G1 X123.945 Y95.801 E421.42552
G1 X122.029 Y95.848 E421.48926
G1 X120.053 Y95.972 E421.55512
G1 X118.096 Y96.167 E421.62053
G1 X116.115 Y96.438 E421.68703
G1 X114.306 Y96.753 E421.7481
G1 X112.286 Y97.183 E421.81679
G1 X110.422 Y97.653 E421.88073
G1 X108.385 Y98.245 E421.95129
G1 X106.583 Y98.845 E422.01445
G1 X104.73 Y99.531 E422.08017
G1 X102.892 Y100.292 E422.14634
G1 X100.995 Y101.157 E422.21568
G1 X99.297 Y102.014 E422.27894
G1 X97.539 Y102.97 E422.3455
G1 X95.896 Y103.947 E422.40908
G1 X94.14 Y105.075 E422.4785
G1 X92.477 Y106.227 E422.54578
G1 X90.859 Y107.431 E422.61286
G1 X89.281 Y108.698 E422.68017
G1 X87.722 Y110.047 E422.74874
G1 X86.256 Y111.403 E422.81516
G1 X86.155 Y111.454 E422.81892
G1 X82.916 Y111.456 E422.92665
G1 X82.916 Y113.501 E422.99467
G1 X83.851 Y113.768 E423.02701
G1 X84.949 Y113.454 E423.065
G1 X91.668 Y113.455 E423.28847
G1 X91.829 Y113.575 E423.29515
G1 X91.823 Y115.444 E423.35731
G1 X91.708 Y115.596 E423.36365
G1 X90.293 Y115.596 E423.41071
G1 X90.296 Y120.903 E423.58723
G1 X90.248 Y120.984 E423.59036
G1 X90.136 Y121.052 E423.59472
G1 X85.196 Y121.051 E423.75902
G1 X85.077 Y120.964 E423.76392
G1 X84.922 Y120.731 E423.77323
G1 X83.761 Y121.522 E423.81996
G1 X83.768 Y123.348 E423.88069
G1 X88.455 Y124.56 E424.04171
G1 X90.124 Y124.568 E424.09722
G1 X90.28 Y124.642 E424.10296
G1 X90.325 Y124.771 E424.10751
G1 X90.295 Y127.427 E424.19585
G1 X91.219 Y127.428 E424.22658
G1 X91.289 Y127.024 E424.24022
G1 X92.642 Y124.387 E424.3388
G1 X94.08 Y121.899 E424.43438
G1 X95.646 Y119.49 E424.52994
G1 X97.3 Y117.209 E424.62366
G1 X99.04 Y115.073 E424.71529
G1 X100.884 Y113.048 E424.80638
G1 X102.824 Y111.152 E424.8966
G1 X104.808 Y109.432 E424.98394
G1 X106.904 Y107.829 E425.0717
G1 X109.032 Y106.405 E425.15686
G1 X111.243 Y105.124 E425.24185
G1 X113.496 Y104.014 E425.32539
G1 X115.785 Y103.078 E425.40764
G1 X118.103 Y102.309 E425.48887
G1 X120.465 Y101.719 E425.56984
G1 X122.84 Y101.301 E425.65005
G1 X125.204 Y101.064 E425.72907
G1 X127.627 Y101.004 E425.80968
G1 X130.009 Y101.121 E425.88901
G1 X132.36 Y101.415 E425.96781
G1 X134.727 Y101.891 E426.04811
G1 X137.044 Y102.543 E426.12817
G1 X139.338 Y103.369 E426.20926
G1 X142.327 Y104.697 E426.31805
G1 X142.416 Y104.846 E426.32382
G1 X139.54 Y132.786 E427.25802
G1 X139.054 Y139.206 E427.47216
G1 X139.171 Y140.103 E427.50225
G1 X139.507 Y140.911 E427.53135
G1 X140.051 Y141.621 E427.5611
G1 X140.757 Y142.161 E427.59066
G1 X141.573 Y142.5 E427.62005
G1 X142.478 Y142.62 E427.65042
G0 F9000 X143.048 Y142.006
G0 X142.465 Y141.456
G1 F1500 X141.875 Y141.382 E427.6702
G1 X141.332 Y141.158 E427.68973
G1 X140.87 Y140.802 E427.70913
G1 X140.529 Y140.363 E427.72762
G1 X140.287 Y139.795 E427.74815
G1 X140.212 Y139.201 E427.76807
G1 X140.284 Y138.635 E427.78704
G1 X140.503 Y138.114 E427.80584
G1 X140.868 Y137.626 E427.82611
G1 X141.31 Y137.288 E427.84462
G1 X141.88 Y137.044 E427.86524
G1 X142.456 Y136.97 E427.88455
G1 X143.038 Y137.045 E427.90407
G1 X143.602 Y137.288 E427.9245
G1 X144.042 Y137.624 E427.94291
G1 X144.387 Y138.069 E427.96164
G1 X144.628 Y138.633 E427.98204
G1 X144.7 Y139.237 E428.00227
G1 X144.628 Y139.796 E428.02102
G1 X144.387 Y140.359 E428.04139
G1 X144.03 Y140.813 E428.06059
G1 X143.598 Y141.144 E428.0787
G1 X143.019 Y141.386 E428.09957
G1 X142.465 Y141.456 E428.11814
G0 F9000 X143.048 Y142.006
G0 X144.223 Y140.981
G0 X144.544 Y140.563
G0 X145.209 Y139.217
G0 X145.575 Y139.176
;TYPE:SKIN
G1 F1178.8 X145.358 Y138.407 E428.15196
G1 F1500 X145.074 Y137.723 E428.17659
G1 X144.599 Y137.1 E428.20265
G1 X143.939 Y136.599 E428.23021
G1 X143.238 Y136.3 E428.25556
G1 X142.426 Y136.205 E428.28275
G1 X141.68 Y136.3 E428.30776
G1 X140.926 Y136.62 E428.335
G1 X140.32 Y137.081 E428.36033
G1 X139.935 Y137.593 E428.38163
G1 X140.276 Y133.03 E428.53382
G1 X143.183 Y104.861 E429.4757
G1 X143.145 Y104.62 E429.48382
G1 X142.992 Y104.293 E429.49583
G1 X142.627 Y103.994 E429.51152
G1 X139.58 Y102.647 E429.62232
G1 X137.248 Y101.811 E429.70472
G1 X134.895 Y101.147 E429.78604
G1 X132.5 Y100.667 E429.86728
G1 X130.053 Y100.361 E429.9493
G1 X127.662 Y100.244 E430.02892
G1 X125.12 Y100.304 E430.11349
G1 X122.768 Y100.541 E430.19212
G1 X120.343 Y100.965 E430.274
G1 X117.867 Y101.581 E430.35886
G1 X115.556 Y102.35 E430.43987
G1 X113.176 Y103.318 E430.52532
G1 X110.883 Y104.452 E430.6104
G1 X108.648 Y105.745 E430.69628
G1 X106.444 Y107.221 E430.78451
G1 X104.31 Y108.857 E430.87394
G1 X102.325 Y110.576 E430.96128
G1 X100.356 Y112.496 E431.05275
G1 X98.456 Y114.585 E431.14667
G1 X96.713 Y116.717 E431.23826
G1 X95.042 Y119.022 E431.33295
G1 X93.424 Y121.515 E431.4318
G1 X91.986 Y123.999 E431.52727
G1 X91.071 Y125.785 E431.59401
G1 X91.084 Y124.75 E431.62844
G1 X90.876 Y124.157 E431.64934
G1 X90.585 Y123.924 E431.66174
G1 X90.285 Y123.809 E431.67243
G1 X88.554 Y123.8 E431.73
G1 X84.525 Y122.756 E431.86843
G1 X84.521 Y121.922 E431.89617
G1 X84.851 Y121.697 E431.90945
G1 X85.011 Y121.805 E431.91588
G1 X90.127 Y121.811 E432.08603
G1 X90.571 Y121.683 E432.1014
G1 X90.822 Y121.477 E432.1122
G1 X90.998 Y121.187 E432.12349
G1 X91.053 Y120.903 E432.13311
G1 X91.053 Y116.356 E432.28434
G1 X91.65 Y116.356 E432.3042
G1 X92.109 Y116.222 E432.3201
G1 X92.355 Y116.026 E432.33056
G1 X92.589 Y115.568 E432.34767
G1 X92.589 Y113.66 E432.41113
G1 X92.549 Y113.384 E432.4204
G1 X92.328 Y112.988 E432.43549
G1 X91.983 Y112.758 E432.44928
G1 X91.76 Y112.692 E432.45701
G1 X86.898 Y112.692 E432.61872
G1 F1425.2 X86.3 Y112.671 E432.63967
G1 F1357.5 X84.85 Y112.674 E432.69296
G1 F1209.7 X84.099 Y112.829 E432.72459
G1 F1092.9 X83.853 Y112.899 E432.73626
G1 X83.75 Y112.869 E432.74116
G1 X83.75 Y112.29 E432.76759
G1 X84.025 Y112.29 E432.78015
G1 F1204.8 X84.767 Y112.239 E432.81094
G1 F1351.4 X86.262 Y112.234 E432.86614
G1 F1388.9 X86.761 Y111.973 E432.88637
G1 F1463.4 X88.215 Y110.623 E432.95401
G1 F1500 X89.761 Y109.286 E433.02199
G1 X91.371 Y107.993 E433.09067
G1 X93.001 Y106.787 E433.15811
G1 X94.568 Y105.703 E433.22148
G1 X96.146 Y104.686 E433.28392
G1 X97.92 Y103.626 E433.35266
G1 X99.653 Y102.686 E433.41823
G1 X101.319 Y101.845 E433.4803
G1 X103.2 Y100.984 E433.54911
G1 X105.001 Y100.239 E433.61393
G1 X106.789 Y99.58 E433.67731
G1 X108.66 Y98.951 E433.74296
G1 X110.605 Y98.39 E433.81029
G1 X112.462 Y97.923 E433.87398
G1 X114.501 Y97.486 E433.94333
G1 X116.191 Y97.19 E434.0004
G1 X118.136 Y96.927 E434.06568
G1 X120.065 Y96.731 E434.13017
G1 X122.064 Y96.606 E434.19679
G1 X123.929 Y96.561 E434.25883
G1 X125.918 Y96.58 E434.32499
G1 X127.822 Y96.672 E434.38839
G1 X129.887 Y96.843 E434.45731
G1 X131.705 Y97.071 E434.51825
G1 X133.628 Y97.381 E434.58304
G1 X135.505 Y97.752 E434.64667
G1 X137.418 Y98.198 E434.71201
G1 X139.327 Y98.724 E434.77787
G1 X142.604 Y99.755 E434.89213
G1 X143.043 Y99.77 E434.90674
G1 X143.483 Y99.542 E434.92322
G1 X143.703 Y99.246 E434.93548
G1 X143.777 Y99.055 E434.9423
G1 X143.908 Y97.832 E434.98321
G1 X144.172 Y97.216 E435.0055
G1 X144.522 Y96.578 E435.0297
G1 X144.955 Y95.964 E435.05469
G1 X145.41 Y95.434 E435.07792
G1 X145.979 Y94.892 E435.10406
G1 X146.551 Y94.445 E435.1282
G1 X147.173 Y94.056 E435.1526
G1 X147.839 Y93.733 E435.17722
G1 X148.536 Y93.476 E435.20193
G1 X149.273 Y93.285 E435.22725
G1 X149.981 Y93.175 E435.25109
G1 X150.453 Y93.152 E435.2668
G1 X145.759 Y138.452 E436.78155
G1 F1178.8 X145.575 Y139.176 E436.81317
G1 F967.7 X145.517 Y139.718 E436.84127
G0 F9000 X144.273 Y141.463
G0 X144.869 Y139.862
G0 X144.98 Y138.178
G0 X145.407 Y138.002
G1 F1500 X145.625 Y137.783 E436.85155
G0 F9000 X145.241 Y137.602
G1 F1500 X145.691 Y137.152 E436.87272
G0 F9000 X145.756 Y136.521
G1 F1500 X144.994 Y137.283 E436.90856
G0 F9000 X144.748 Y136.964
G1 F1500 X145.822 Y135.89 E436.95908
G0 F9000 X145.887 Y135.259
G1 F1500 X144.431 Y136.715 E437.02756
G0 F9000 X144.108 Y136.472
G1 F1500 X145.952 Y134.627 E437.11432
G0 F9000 X146.018 Y133.997
G1 F1500 X143.724 Y136.291 E437.22222
G0 F9000 X143.327 Y136.122
G1 F1500 X146.083 Y133.365 E437.35188
G0 F9000 X146.148 Y132.735
G1 F1500 X142.834 Y136.049 E437.50776
G0 F9000 X142.297 Y136.02
G1 F1500 X146.214 Y132.103 E437.692
G0 F9000 X146.279 Y131.472
G1 F1500 X141.648 Y136.103 E437.90983
G0 F9000 X141.749 Y136.555
G0 X140.748 Y137.088
G0 X140.467 Y136.718
G1 F1500 X146.345 Y130.841 E438.18629
G0 F9000 X146.41 Y130.21
G1 F1500 X140.225 Y136.395 E438.47722
G0 F9000 X140.27 Y135.784
G1 F1500 X146.476 Y129.579 E438.7691
G0 F9000 X146.541 Y128.948
G1 F1500 X140.316 Y135.173 E439.06191
G0 F9000 X140.362 Y134.561
G1 F1500 X146.607 Y128.317 E439.35563
G0 F9000 X146.672 Y127.686
G1 F1500 X140.408 Y133.949 E439.65025
G0 F9000 X140.454 Y133.338
G1 F1500 X146.737 Y127.054 E439.9458
G0 F9000 X146.803 Y126.423
G1 F1500 X140.511 Y132.715 E440.24176
G0 F9000 X140.576 Y132.084
G1 F1500 X146.868 Y125.792 E440.53772
G0 F9000 X146.934 Y125.161
G1 F1500 X140.641 Y131.453 E440.8337
G0 F9000 X140.706 Y130.823
G1 F1500 X146.999 Y124.53 E441.1297
G0 F9000 X147.065 Y123.899
G1 F1500 X140.772 Y130.192 E441.4257
G0 F9000 X140.837 Y129.561
G1 F1500 X147.13 Y123.268 E441.72171
G0 F9000 X147.196 Y122.636
G1 F1500 X140.902 Y128.93 E442.01776
G0 F9000 X140.967 Y128.3
G1 F1500 X147.261 Y122.006 E442.31381
G0 F9000 X147.326 Y121.374
G1 F1500 X141.032 Y127.669 E442.60988
G0 F9000 X141.097 Y127.038
G1 F1500 X147.391 Y120.743 E442.90596
G0 F9000 X147.457 Y120.112
G1 F1500 X141.162 Y126.407 E443.20205
G0 F9000 X141.227 Y125.777
G1 F1500 X147.522 Y119.481 E443.49817
G0 F9000 X147.588 Y118.85
G1 F1500 X141.292 Y125.146 E443.79432
G0 F9000 X141.357 Y124.515
G1 F1500 X147.653 Y118.219 E444.09046
G0 F9000 X147.719 Y117.588
G1 F1500 X141.422 Y123.884 E444.38663
G0 F9000 X141.487 Y123.254
G1 F1500 X147.784 Y116.957 E444.68282
G0 F9000 X147.85 Y116.325
G1 F1500 X141.552 Y122.623 E444.97906
G0 F9000 X141.617 Y121.992
G1 F1500 X147.915 Y115.695 E445.27528
G0 F9000 X147.98 Y115.063
G1 F1500 X141.682 Y121.361 E445.57151
G0 F9000 X141.747 Y120.731
G1 F1500 X148.046 Y114.433 E445.86778
G0 F9000 X148.111 Y113.801
G1 F1500 X141.812 Y120.1 E446.16406
G0 F9000 X141.877 Y119.469
G1 F1500 X148.176 Y113.17 E446.46035
G0 F9000 X148.242 Y112.539
G1 F1500 X141.942 Y118.838 E446.75666
G0 F9000 X142.008 Y118.208
G1 F1500 X148.307 Y111.908 E447.05297
G0 F9000 X148.373 Y111.277
G1 F1500 X142.073 Y117.577 E447.3493
G0 F9000 X142.138 Y116.946
G1 F1500 X148.438 Y110.646 E447.64563
G0 F9000 X148.504 Y110.015
G1 F1500 X142.203 Y116.316 E447.94201
G0 F9000 X142.268 Y115.685
G1 F1500 X148.569 Y109.384 E448.23839
G0 F9000 X148.635 Y108.752
G1 F1500 X142.333 Y115.054 E448.53482
G0 F9000 X142.398 Y114.423
G1 F1500 X148.7 Y108.122 E448.83122
G0 F9000 X148.765 Y107.49
G1 F1500 X142.463 Y113.793 E449.12767
G0 F9000 X142.528 Y113.162
G1 F1500 X148.83 Y106.859 E449.42412
G0 F9000 X148.896 Y106.228
G1 F1500 X142.593 Y112.531 E449.7206
G0 F9000 X142.658 Y111.9
G1 F1500 X148.961 Y105.597 E450.01707
G0 F9000 X149.027 Y104.966
G1 F1500 X142.723 Y111.27 E450.31359
G0 F9000 X142.788 Y110.639
G1 F1500 X149.092 Y104.335 E450.61011
G0 F9000 X149.158 Y103.704
G1 F1500 X142.853 Y110.008 E450.90666
G0 F9000 X142.918 Y109.377
G1 F1500 X149.223 Y103.073 E451.2032
G0 F9000 X149.289 Y102.441
G1 F1500 X142.983 Y108.747 E451.49981
G0 F9000 X143.048 Y108.116
G1 F1500 X149.354 Y101.811 E451.79641
G0 F9000 X149.419 Y101.179
G1 F1500 X143.113 Y107.485 E452.09302
G0 F9000 X143.179 Y106.854
G1 F1500 X149.484 Y100.548 E452.38961
G0 F9000 X149.55 Y99.917
G1 F1500 X143.244 Y106.224 E452.68625
G0 F9000 X143.309 Y105.593
G1 F1500 X149.615 Y99.286 E452.98289
G0 F9000 X149.681 Y98.655
G1 F1500 X143.374 Y104.962 E453.27955
G0 F9000 X143.302 Y104.469
G1 F1500 X149.746 Y98.024 E453.58268
G0 F9000 X149.812 Y97.393
G1 F1500 X143.089 Y104.116 E453.89891
G0 F9000 X142.778 Y103.861
G1 F1500 X149.877 Y96.762 E454.23283
G0 F9000 X149.943 Y96.13
G1 F1500 X142.397 Y103.676 E454.58777
G0 F9000 X142.005 Y103.502
G1 F1500 X150.008 Y95.5 E454.96418
G0 F9000 X150.074 Y94.868
G1 F1500 X141.613 Y103.329 E455.36216
G0 F9000 X141.221 Y103.156
G1 F1500 X150.139 Y94.238 E455.78163
G0 F9000 X150.204 Y93.606
G1 F1500 X140.829 Y102.982 E456.22263
G0 F9000 X140.436 Y102.808
G1 F1500 X143.468 Y99.777 E456.36522
G0 F9000 X143.837 Y99.408
G1 F1500 X149.847 Y93.397 E456.64794
G0 F9000 X149.159 Y93.521
G1 F1500 X144.02 Y98.659 E456.88964
G0 F9000 X144.089 Y98.024
G1 F1500 X148.359 Y93.754 E457.09048
G0 F9000 X148.2 Y93.323
G0 X147.162 Y93.777
G0 X147.361 Y94.187
G1 F1500 X144.485 Y97.062 E457.22574
G0 F9000 X144.085 Y96.841
G0 X143.249 Y99.099
G0 X143.224 Y99.371
G0 X142.724 Y99.503
G0 X142.717 Y99.962
G1 F1500 X140.045 Y102.634 E457.35142
G0 F9000 X139.652 Y102.461
G1 F1500 X142.259 Y99.855 E457.47402
G0 F9000 X141.828 Y99.72
G1 F1500 X139.236 Y102.312 E457.59594
G0 F9000 X138.819 Y102.163
G1 F1500 X141.398 Y99.584 E457.71725
G0 F9000 X140.967 Y99.449
G1 F1500 X138.403 Y102.014 E457.83788
G0 F9000 X137.986 Y101.864
G1 F1500 X140.537 Y99.314 E457.95784
G0 F9000 X140.107 Y99.178
G1 F1500 X137.57 Y101.715 E458.07718
G0 F9000 X137.145 Y101.574
G1 F1500 X139.676 Y99.043 E458.19623
G0 F9000 X139.245 Y98.909
G1 F1500 X136.704 Y101.449 E458.31573
G0 F9000 X136.263 Y101.325
G1 F1500 X138.802 Y98.786 E458.43515
G0 F9000 X138.358 Y98.664
G1 F1500 X135.822 Y101.2 E458.55444
G0 F9000 X135.381 Y101.076
G1 F1500 X137.915 Y98.542 E458.67363
G0 F9000 X137.471 Y98.419
G1 F1500 X134.939 Y100.952 E458.79275
G0 F9000 X134.467 Y100.858
G1 F1500 X137.016 Y98.309 E458.91265
G0 F9000 X136.557 Y98.202
G1 F1500 X133.996 Y100.763 E459.03311
G0 F9000 X133.525 Y100.669
G1 F1500 X136.098 Y98.096 E459.15413
G0 F9000 X135.639 Y97.989
G1 F1500 X133.053 Y100.575 E459.27577
G0 F9000 X132.583 Y100.48
G1 F1500 X135.173 Y97.89 E459.3976
G0 F9000 X134.7 Y97.796
G1 F1500 X132.083 Y100.414 E459.52072
G0 F9000 X131.58 Y100.351
G1 F1500 X134.228 Y97.703 E459.64527
G0 F9000 X133.755 Y97.61
G1 F1500 X131.076 Y100.289 E459.77128
G0 F9000 X130.574 Y100.226
G1 F1500 X133.274 Y97.526 E459.89828
G0 F9000 X132.787 Y97.447
G1 F1500 X130.071 Y100.163 E460.02604
G0 F9000 X129.533 Y100.136
G1 F1500 X132.3 Y97.369 E460.15619
G0 F9000 X131.812 Y97.29
G1 F1500 X128.993 Y100.109 E460.28878
G0 F9000 X128.454 Y100.083
G1 F1500 X131.314 Y97.223 E460.42331
G0 F9000 X130.811 Y97.16
G1 F1500 X127.915 Y100.056 E460.55953
G0 F9000 X127.353 Y100.052
G1 F1500 X130.308 Y97.097 E460.69852
G0 F9000 X129.804 Y97.036
G1 F1500 X126.774 Y100.066 E460.84104
G0 F9000 X126.195 Y100.08
G1 F1500 X129.281 Y96.993 E460.98622
G0 F9000 X128.758 Y96.95
G1 F1500 X125.615 Y100.093 E461.13406
G0 F9000 X125.031 Y100.112
G1 F1500 X128.236 Y96.907 E461.28481
G0 F9000 X127.711 Y96.867
G1 F1500 X124.401 Y100.177 E461.44051
G0 F9000 X123.771 Y100.24
G1 F1500 X127.171 Y96.84 E461.60043
G0 F9000 X126.632 Y96.814
G1 F1500 X123.142 Y100.304 E461.76459
G0 F9000 X122.494 Y100.386
G1 F1500 X126.091 Y96.789 E461.93378
G0 F9000 X125.538 Y96.777
G1 F1500 X121.808 Y100.506 E462.10921
G0 F9000 X121.123 Y100.626
G1 F1500 X124.978 Y96.771 E462.29053
G0 F9000 X124.418 Y96.765
G1 F1500 X120.437 Y100.746 E462.47779
G0 F9000 X119.698 Y100.92
G1 F1500 X123.854 Y96.763 E462.6733
G0 F9000 X123.274 Y96.777
G1 F1500 X118.945 Y101.107 E462.87694
G0 F9000 X118.191 Y101.295
G1 F1500 X122.695 Y96.791 E463.0888
G0 F9000 X122.115 Y96.805
G1 F1500 X117.393 Y101.527 E463.31091
G0 F9000 X116.545 Y101.81
G1 F1500 X121.514 Y96.84 E463.54466
G0 F9000 X120.911 Y96.878
G1 F1500 X115.696 Y102.093 E463.78995
G0 F9000 X114.768 Y102.456
G1 F1500 X120.307 Y96.916 E464.05052
G0 F9000 X119.687 Y96.971
G1 F1500 X113.814 Y102.844 E464.32676
G0 F9000 X113.988 Y103.273
G0 X113.023 Y103.689
G0 X112.819 Y103.273
G1 F1500 X119.057 Y97.035 E464.62018
G0 F9000 X118.427 Y97.099
G1 F1500 X111.701 Y103.825 E464.93655
G0 F9000 X111.905 Y104.24
G0 X110.773 Y104.818
G0 X110.542 Y104.418
G1 F1500 X117.784 Y97.176 E465.27719
G0 F9000 X117.13 Y97.265
G1 F1500 X109.2 Y105.195 E465.65019
G0 F9000 X109.431 Y105.595
G0 X107.921 Y106.548
G0 X107.665 Y106.164
G1 F1500 X116.476 Y97.353 E466.06464
G0 F9000 X115.803 Y97.461
G1 F1500 X105.801 Y107.463 E466.5351
G0 F9000 X106.08 Y107.829
G0 X103.081 Y110.267
G0 X102.779 Y109.918
G1 F1500 X115.118 Y97.579 E467.11549
G0 F9000 X114.425 Y97.707
G1 F1500 X91.251 Y120.881 E468.20552
G0 F9000 X91.251 Y120.316
G1 F1500 X113.706 Y97.861 E469.26174
G0 F9000 X112.986 Y98.015
G1 F1500 X91.251 Y119.749 E470.28406
G0 F9000 X91.251 Y119.184
G1 F1500 X112.254 Y98.181 E471.27198
G0 F9000 X111.498 Y98.371
G1 F1500 X91.252 Y118.617 E472.22429
G0 F9000 X91.252 Y118.051
G1 F1500 X110.741 Y98.562 E473.14099
G0 F9000 X109.952 Y98.786
G1 F1500 X91.253 Y117.485 E474.02053
G0 F9000 X91.253 Y116.919
G1 F1500 X91.616 Y116.556 E474.03761
G0 F9000 X91.616 Y116.096
G0 X92.024 Y115.861
G0 X92.329 Y115.383
G0 X92.789 Y115.384
G1 F1500 X109.157 Y99.015 E474.80753
G0 F9000 X108.335 Y99.271
G1 F1500 X92.789 Y114.818 E475.53879
G0 F9000 X92.789 Y114.252
G1 F1500 X107.483 Y99.558 E476.22995
G0 F9000 X106.619 Y99.856
G1 F1500 X92.789 Y113.687 E476.8805
G0 F9000 X92.691 Y113.218
G1 F1500 X105.724 Y100.186 E477.49351
G0 F9000 X104.809 Y100.535
G1 F1500 X92.485 Y112.859 E478.07319
G0 F9000 X92.152 Y112.626
G1 F1500 X103.844 Y100.934 E478.62315
G0 F9000 X103.67 Y100.511
G0 X102.658 Y100.949
G0 X102.847 Y101.365
G1 F1500 X91.72 Y112.492 E479.14653
G0 F9000 X91.155 Y112.492
G1 F1500 X101.805 Y101.842 E479.64747
G0 F9000 X101.615 Y101.425
G0 X100.493 Y101.97
G0 X100.7 Y102.381
G1 F1500 X90.589 Y112.492 E480.12306
G0 F9000 X90.023 Y112.492
G1 F1500 X99.542 Y102.973 E480.5708
G0 F9000 X99.324 Y102.57
G0 X98.086 Y103.243
G0 X98.304 Y103.646
G1 F1500 X89.457 Y112.492 E480.98692
G0 F9000 X88.892 Y112.492
G1 F1500 X96.939 Y104.445 E481.36542
G0 F9000 X96.705 Y104.051
G0 X95.192 Y104.992
G0 X95.44 Y105.378
G1 F1500 X88.326 Y112.492 E481.70004
G0 F9000 X87.76 Y112.492
G1 F1500 X93.719 Y106.533 E481.98034
G0 F9000 X93.459 Y106.155
G0 X91.379 Y107.667
G0 X91.652 Y108.035
G1 F1500 X87.195 Y112.492 E482.18998
G0 F9000 X86.646 Y112.475
G1 F1500 X88.351 Y110.77 E482.27018
G1 F2700 E477.27018
G0 F9000 X88.041 Y110.434
G0 X86.227 Y112.018
G0 X83.488 Y112.028
G0 X83.485 Y113.072
G0 X83.851 Y113.184
G0 X92.068 Y113.214
G0 X92.203 Y115.897
G0 X90.865 Y116.168
G0 X90.671 Y121.351
G0 X84.857 Y121.463
G0 X84.327 Y121.821
G0 X84.335 Y122.907
G0 X88.53 Y124
G0 X90.709 Y124.271
G0 X90.897 Y126.496
G0 X96.628 Y117.284
G0 X96.253 Y117.011
G1 F2700 E482.27018
G1 F1500 X89.656 Y123.607 E482.58046
G0 F9000 X89.094 Y123.604
G1 F1500 X98.917 Y113.781 E483.0425
G0 F9000 X99.257 Y114.092
G0 X95.183 Y119.283
G0 X94.798 Y119.032
G1 F1500 X90.219 Y123.61 E483.25786
G0 F9000 X90.655 Y123.739
G1 F1500 X93.75 Y120.644 E483.40344
G0 F9000 X94.135 Y120.895
G0 X93.243 Y122.346
G0 X92.845 Y122.115
G1 F1500 X90.981 Y123.98 E483.49114
G0 F9000 X91.3 Y124.227
G1 F1500 X91.162 Y124.365 E483.49763
G1 X91.3 Y124.227
G1 X92.067 Y123.459 E483.53373
G0 F9000 X92.466 Y123.691
G0 X91.823 Y124.887
G0 X91.415 Y124.677
G1 F1500 X91.274 Y124.818 E483.54036
G0 F9000 X90.825 Y124.813
G0 X90.568 Y124.332
G0 X88.425 Y124.035
G0 X88.541 Y123.591
G1 F1500 X90.124 Y122.008 E483.61482
G0 F9000 X89.558 Y122.008
G1 F1500 X88.092 Y123.474 E483.68378
G0 F9000 X87.643 Y123.358
G1 F1500 X88.993 Y122.008 E483.74728
G0 F9000 X88.428 Y122.007
G1 F1500 X87.194 Y123.241 E483.80532
G0 F9000 X86.744 Y123.125
G1 F1500 X87.862 Y122.007 E483.85791
G0 F9000 X87.297 Y122.006
G1 F1500 X86.295 Y123.008 E483.90504
G0 F9000 X85.846 Y122.892
G1 F1500 X86.732 Y122.006 E483.94671
G0 F9000 X86.167 Y122.006
G1 F1500 X85.397 Y122.776 E483.98293
G0 F9000 X84.948 Y122.659
G1 F1500 X85.602 Y122.005 E484.0137
G0 F9000 X85.042 Y121.999
G1 F1500 X84.724 Y122.317 E484.02865
G1 F2700 E479.02865
;MESH:NONMESH
G0 F300 X84.724 Y122.317 Z1
G0 F9000 X84.263 Y122.318
G0 X84.335 Y122.907
G0 X88.53 Y124
G0 X90.568 Y124.332
G0 X90.897 Y126.496
G0 X95.435 Y119.36
G0 X97.098 Y117.071
G0 X98.858 Y114.906
G0 X100.711 Y112.874
G0 X102.647 Y110.979
G0 X104.664 Y109.23
G0 X106.752 Y107.632
G0 X108.907 Y106.191
G0 X111.119 Y104.909
G0 X113.383 Y103.794
G0 X115.692 Y102.847
G0 X118.035 Y102.074
G0 X120.406 Y101.476
G0 X122.799 Y101.057
G0 X125.203 Y100.816
G0 X127.61 Y100.755
G0 X130.014 Y100.873
G0 X132.405 Y101.172
G0 X134.776 Y101.65
G0 X137.118 Y102.304
G0 X139.424 Y103.134
G0 X142.692 Y104.591
G0 X139.412 Y140.031
G0 X141.21 Y141.378
G0 X141.698 Y141.58
G0 X143.372 Y141.962
G0 X142.481 Y141.847
;TIME_ELAPSED:779.917780
;LAYER:4
;TYPE:WALL-INNER
;MESH:FT03-Upright.stl
G1 F2700 E484.02865
G1 F1578.9 X141.773 Y141.756 E484.05121
G1 F1595.7 X141.14 Y141.495 E484.07261
G1 X140.595 Y141.076 E484.09411
G1 F1591.5 X140.174 Y140.528 E484.11577
G1 X139.914 Y139.902 E484.13702
G1 F1587.3 X139.823 Y139.196 E484.15939
G1 F1570.7 X139.897 Y138.531 E484.18065
G1 F1530.6 X140.163 Y137.889 E484.2033
G1 F1503.8 X140.582 Y137.341 E484.22618
G1 F1500 X141.127 Y136.925 E484.24899
G1 X141.775 Y136.654 E484.27235
G1 X142.46 Y136.567 E484.29532
G1 X143.141 Y136.654 E484.31815
G1 X143.783 Y136.923 E484.3413
G1 X144.327 Y137.338 E484.36406
G1 X144.754 Y137.89 E484.38727
G1 X145.018 Y138.531 E484.41033
G1 X145.106 Y139.217 E484.43333
G1 F1477.8 X145.017 Y139.895 E484.45642
G1 F1435.4 X144.745 Y140.589 E484.48232
G1 F1401.9 X144.328 Y141.11 E484.50607
G1 F1304.3 X143.749 Y141.605 E484.53521
G1 F1229.5 X143.158 Y141.785 E484.56028
G1 F1382.5 X142.481 Y141.847 E484.58481
G0 F9000 X142.515 Y142.229
G1 F1492.5 X143.126 Y142.209 E484.60525
G1 F1339.3 X143.937 Y142.135 E484.63558
G1 F1234.6 X144.213 Y141.859 E484.65135
G1 F1282.1 X144.608 Y141.436 E484.67388
G1 F1357.5 X145.065 Y140.906 E484.6996
G1 F1382.5 X145.228 Y140.746 E484.70784
G1 F1463.4 X145.593 Y140.359 E484.72598
G1 F1500 X146.111 Y139.786 E484.75167
G1 X150.975 Y92.765 E486.32394
G1 X149.949 Y92.818 E486.35811
G1 X149.193 Y92.933 E486.38354
G1 X148.432 Y93.13 E486.40969
G1 X147.701 Y93.401 E486.43562
G1 X147.004 Y93.742 E486.46142
G1 X146.344 Y94.153 E486.48728
G1 X145.744 Y94.62 E486.51257
G1 X145.156 Y95.178 E486.53953
G1 X144.668 Y95.748 E486.56449
G1 X144.215 Y96.398 E486.59084
G1 X143.848 Y97.061 E486.61605
G1 X143.556 Y97.738 E486.64057
G1 X143.429 Y98.964 E486.68156
G1 X143.249 Y99.264 E486.6932
G1 X142.966 Y99.411 E486.70381
G1 X142.695 Y99.407 E486.71282
G1 X139.426 Y98.376 E486.82683
G1 X137.539 Y97.858 E486.89191
G1 X135.621 Y97.407 E486.95744
G1 X133.701 Y97.027 E487.02254
G1 X131.783 Y96.719 E487.08715
G1 X129.881 Y96.481 E487.15091
G1 X127.896 Y96.315 E487.21716
G1 X125.937 Y96.22 E487.28239
G1 X123.95 Y96.197 E487.34848
G1 X122.006 Y96.25 E487.41317
G1 X120.131 Y96.367 E487.47565
G1 X118.143 Y96.564 E487.5421
G1 X116.177 Y96.833 E487.60809
G1 X114.382 Y97.146 E487.6687
G1 X112.377 Y97.573 E487.73688
G1 X110.52 Y98.041 E487.80057
G1 X108.571 Y98.606 E487.86807
G1 X106.661 Y99.242 E487.93502
G1 X104.876 Y99.903 E487.99833
G1 X103.052 Y100.659 E488.064
G1 X101.096 Y101.553 E488.13553
G1 X99.483 Y102.368 E488.19564
G1 X97.737 Y103.318 E488.26175
G1 X96.028 Y104.335 E488.3279
G1 X94.362 Y105.408 E488.39381
G1 X92.71 Y106.552 E488.46064
G1 X91.103 Y107.747 E488.52725
G1 X89.505 Y109.032 E488.59545
G1 X87.993 Y110.341 E488.66197
G1 X86.528 Y111.697 E488.72836
G1 X86.206 Y111.856 E488.74031
G1 X83.316 Y111.856 E488.83643
G1 X83.316 Y113.28 E488.88379
G1 X83.851 Y113.435 E488.90232
G1 X84.911 Y113.132 E488.93899
G1 X91.712 Y113.132 E489.16519
G1 X91.975 Y113.241 E489.17466
G1 X92.151 Y113.436 E489.18339
G1 X92.228 Y113.666 E489.19146
G1 X92.228 Y115.496 E489.25233
G1 X92.163 Y115.671 E489.25854
G1 X91.928 Y115.916 E489.26983
G1 X91.628 Y115.996 E489.28015
G1 X90.693 Y115.996 E489.31125
G1 X90.696 Y120.864 E489.47316
G1 X90.661 Y121.058 E489.47972
G1 X90.54 Y121.257 E489.48747
G1 X90.374 Y121.385 E489.49444
G1 X90.104 Y121.452 E489.50369
G1 X85.105 Y121.451 E489.66996
G1 X84.851 Y121.264 E489.68045
G1 X84.165 Y121.73 E489.70803
G1 X84.167 Y123.151 E489.75529
G1 X88.509 Y124.268 E489.90441
G1 X89.227 Y124.28 E489.9283
G1 X90.22 Y124.28 E489.96132
G1 X90.391 Y124.344 E489.9674
G1 X90.555 Y124.465 E489.97417
G1 X90.72 Y124.886 E489.98921
G1 F1357.5 X90.744 Y126.759 E490.05806
G1 F1224.5 X90.8 Y126.997 E490.06802
G1 F1339.3 X91.8 Y125.152 E490.14619
G1 F1500 X92.296 Y124.188 E490.18225
G1 X93.744 Y121.681 E490.27854
G1 X95.322 Y119.255 E490.3748
G1 X96.99 Y116.957 E490.46924
G1 X98.73 Y114.821 E490.56088
G1 X100.587 Y112.779 E490.65268
G1 X102.562 Y110.85 E490.7445
G1 X104.546 Y109.13 E490.83183
G1 X106.682 Y107.497 E490.92126
G1 X108.843 Y106.052 E491.00772
G1 X111.047 Y104.775 E491.09244
G1 X113.344 Y103.644 E491.1776
G1 X115.623 Y102.711 E491.25951
G1 X118.006 Y101.921 E491.34301
G1 X120.395 Y101.325 E491.4249
G1 X122.8 Y100.903 E491.50612
G1 X125.164 Y100.666 E491.58514
G1 X127.65 Y100.605 E491.66785
G1 X130.059 Y100.724 E491.74807
G1 X132.416 Y101.019 E491.82707
G1 X134.81 Y101.499 E491.90828
G1 X137.18 Y102.167 E491.99018
G1 X139.5 Y103.003 E492.0722
G1 X142.46 Y104.315 E492.17989
G1 X142.706 Y104.516 E492.19045
G1 X142.795 Y104.704 E492.19737
G1 X142.814 Y104.926 E492.20478
G1 X139.938 Y132.822 E493.13753
G1 F1507.5 X139.518 Y138.358 E493.32126
G1 F1550.4 X139.445 Y139.195 E493.3483
G1 F1587.3 X139.549 Y140.002 E493.37387
G1 F1591.5 X139.846 Y140.715 E493.39808
G1 X140.328 Y141.344 E493.42292
G1 F1595.7 X140.953 Y141.822 E493.44752
G1 X141.675 Y142.122 E493.47197
G1 F1578.9 X142.515 Y142.229 E493.49872
G0 F9000 X142.478 Y142.62
;TYPE:WALL-OUTER
G1 F1500 X144.166 Y142.62 E493.55487
G1 X145.079 Y141.521 E493.60239
G1 X146.495 Y139.958 E493.67254
G1 X151.418 Y92.376 E495.26357
G1 X150.76 Y92.376 E495.28545
G1 X149.909 Y92.42 E495.31379
G1 X149.113 Y92.541 E495.34057
G1 X148.312 Y92.748 E495.36809
G1 X147.543 Y93.033 E495.39537
G1 X146.81 Y93.392 E495.42251
G1 X146.115 Y93.825 E495.44975
G1 X145.483 Y94.316 E495.47637
G1 X144.866 Y94.902 E495.50467
G1 X144.351 Y95.503 E495.53099
G1 X143.875 Y96.186 E495.55868
G1 X143.488 Y96.885 E495.58526
G1 X143.164 Y97.636 E495.61246
G1 X143.032 Y98.882 E495.65414
G1 X142.962 Y98.984 E495.65825
G1 X142.791 Y99.019 E495.66406
G1 X139.539 Y97.992 E495.77748
G1 X137.638 Y97.47 E495.84305
G1 X135.705 Y97.016 E495.90909
G1 X133.772 Y96.633 E495.97463
G1 X131.839 Y96.323 E496.03975
G1 X129.923 Y96.083 E496.10397
G1 X127.922 Y95.916 E496.17076
G1 X125.949 Y95.82 E496.23646
G1 X123.94 Y95.797 E496.30328
G1 X122.029 Y95.848 E496.36686
G1 X120.053 Y95.972 E496.43271
G1 X118.096 Y96.167 E496.49813
G1 X116.115 Y96.438 E496.56463
G1 X114.306 Y96.753 E496.6257
G1 X112.286 Y97.183 E496.69439
G1 X110.422 Y97.653 E496.75833
G1 X108.385 Y98.245 E496.82888
G1 X106.583 Y98.845 E496.89205
G1 X104.73 Y99.531 E496.95777
G1 X102.892 Y100.292 E497.02394
G1 X100.995 Y101.157 E497.09328
G1 X99.297 Y102.014 E497.15654
G1 X97.539 Y102.97 E497.2231
G1 X95.896 Y103.947 E497.28668
G1 X94.14 Y105.075 E497.3561
G1 X92.477 Y106.227 E497.42338
G1 X90.859 Y107.431 E497.49046
G1 X89.281 Y108.698 E497.55777
G1 X87.771 Y110.003 E497.62415
G1 X86.256 Y111.403 E497.69276
G1 X86.155 Y111.453 E497.69651
G1 X82.916 Y111.456 E497.80424
G1 X82.916 Y113.581 E497.87492
G1 X83.851 Y113.851 E497.90728
G1 X84.949 Y113.535 E497.94529
G1 X91.668 Y113.535 E498.16876
G1 X91.787 Y113.609 E498.17342
G1 X91.826 Y113.701 E498.17675
G1 X91.823 Y115.444 E498.23472
G1 X91.708 Y115.596 E498.24106
G1 X90.293 Y115.596 E498.28812
G1 X90.296 Y120.902 E498.4646
G1 X90.148 Y121.046 E498.47147
G1 X85.197 Y121.052 E498.63614
G1 X85.077 Y120.964 E498.64109
G1 X84.922 Y120.731 E498.65039
G1 X83.765 Y121.518 E498.69694
G1 X83.768 Y123.461 E498.76156
G1 X88.455 Y124.668 E498.92254
G1 X90.17 Y124.686 E498.97958
G1 X90.265 Y124.741 E498.98323
G1 X90.32 Y124.882 E498.98827
G1 X90.294 Y127.58 E499.07801
G1 X91.194 Y127.58 E499.10794
G1 X91.287 Y127.027 E499.12659
G1 X92.642 Y124.388 E499.22526
G1 X94.08 Y121.899 E499.32087
G1 X95.646 Y119.49 E499.41643
G1 X97.3 Y117.209 E499.51014
G1 X99.04 Y115.073 E499.60178
G1 X100.884 Y113.048 E499.69287
G1 X102.824 Y111.152 E499.78309
G1 X104.808 Y109.432 E499.87042
G1 X106.904 Y107.829 E499.95819
G1 X109.032 Y106.405 E500.04335
G1 X111.243 Y105.124 E500.12834
G1 X113.496 Y104.014 E500.21188
G1 X115.785 Y103.078 E500.29413
G1 X118.103 Y102.309 E500.37536
G1 X120.465 Y101.719 E500.45633
G1 X122.84 Y101.301 E500.53654
G1 X125.204 Y101.064 E500.61556
G1 X127.61 Y101.004 E500.69561
G1 X130.009 Y101.121 E500.77549
G1 X132.36 Y101.415 E500.8543
G1 X134.727 Y101.891 E500.9346
G1 X137.044 Y102.543 E501.01466
G1 X139.338 Y103.369 E501.09575
G1 X142.328 Y104.697 E501.20457
G1 X142.416 Y104.847 E501.21035
G1 X139.54 Y132.786 E502.14452
G1 X139.054 Y139.206 E502.35866
G1 X139.171 Y140.103 E502.38874
G1 X139.507 Y140.911 E502.41785
G1 X140.051 Y141.621 E502.4476
G1 X140.757 Y142.161 E502.47716
G1 X141.573 Y142.5 E502.50655
G1 X142.478 Y142.62 E502.53691
G0 F9000 X143.048 Y142.006
G0 X142.465 Y141.456
G1 F1500 X141.875 Y141.382 E502.55669
G1 X141.332 Y141.158 E502.57623
G1 X140.87 Y140.802 E502.59563
G1 X140.529 Y140.363 E502.61412
G1 X140.287 Y139.795 E502.63465
G1 X140.212 Y139.201 E502.65456
G1 X140.284 Y138.635 E502.67354
G1 X140.503 Y138.114 E502.69234
G1 X140.868 Y137.626 E502.71261
G1 X141.31 Y137.288 E502.73111
G1 X141.88 Y137.044 E502.75174
G1 X142.456 Y136.97 E502.77105
G1 X143.038 Y137.045 E502.79057
G1 X143.602 Y137.288 E502.81099
G1 X144.042 Y137.624 E502.82941
G1 X144.404 Y138.091 E502.84906
G1 X144.628 Y138.635 E502.86863
G1 X144.7 Y139.237 E502.88879
G1 X144.628 Y139.796 E502.90754
G1 X144.387 Y140.359 E502.92791
G1 X144.03 Y140.813 E502.94712
G1 X143.576 Y141.159 E502.9661
G1 X143.019 Y141.386 E502.98611
G1 X142.465 Y141.456 E503.00468
G0 F9000 X143.048 Y142.006
G0 X143.908 Y141.728
G0 X144.509 Y141.267
G0 X144.97 Y140.666
G0 X145.378 Y139.526
G0 X145.151 Y139.494
;TYPE:FILL
G1 F3000 X145.737 Y140.08 E503.03224
G0 F9000 X145.569 Y139.927
G0 X145.259 Y138.465
G0 X144.97 Y137.765
G0 X144.596 Y137.279
G0 X143.614 Y136.518
G0 X143.526 Y136.729
G1 F3000 X146.672 Y133.582 E503.18025
G0 F9000 X146.448 Y133.558
G0 X146.281 Y135.168
G0 X146.506 Y135.192
G1 F3000 X140.404 Y129.09 E503.46727
G0 F9000 X140.468 Y128.473
G1 F3000 X147.978 Y120.963 E503.82051
G0 F9000 X147.757 Y120.94
G0 X147.876 Y119.79
G0 X148.097 Y119.813
G1 F3000 X141.989 Y113.705 E504.10781
G0 F9000 X142.219 Y113.729
G0 X141.997 Y115.883
G0 X141.768 Y115.859
G1 F3000 X149.283 Y108.344 E504.4613
G0 F9000 X149.063 Y108.321
G0 X148.937 Y109.537
G0 X149.158 Y109.56
G1 F3000 X137.54 Y97.942 E505.00777
G0 F9000 X137.15 Y97.849
G1 F3000 X133.787 Y101.212 E505.16596
G0 F9000 X133.832 Y100.99
G0 X135.631 Y101.412
G0 X135.57 Y101.629
G1 F3000 X130.592 Y96.651 E505.40011
G0 F9000 X130.563 Y96.881
G0 X132.402 Y97.131
G0 X132.438 Y96.905
G1 F3000 X128.763 Y100.58 E505.57297
G1 X128.868 Y100.584
G1 X124.569 Y96.285 E505.77518
G0 F9000 X124.566 Y96.515
G0 X127.309 Y96.596
G0 X127.32 Y96.367
G1 F3000 X122.871 Y100.815 E505.98442
G0 F9000 X123.39 Y100.763
G1 F3000 X119.171 Y96.543 E506.1829
G0 F9000 X119.192 Y96.772
G0 X121.693 Y96.581
G0 X121.679 Y96.35
G1 F3000 X115.251 Y102.779 E506.48527
G0 F9000 X114.428 Y103.114
G1 F3000 X109.681 Y98.368 E506.70853
G0 F9000 X109.744 Y98.589
G0 X107.827 Y99.18
G0 X107.755 Y98.96
G1 F3000 X92.308 Y114.408 E507.43514
G0 F9000 X92.308 Y114.935
G1 F3000 X95.814 Y118.442 E507.60007
G0 F9000 X95.631 Y118.308
G0 X98.104 Y115.105
G0 X98.279 Y115.249
G1 F3000 X90.979 Y107.95 E507.94342
G0 F9000 X91.124 Y108.131
G0 X88.06 Y110.702
G0 X87.905 Y110.533
G1 F3000 X90.424 Y113.052 E508.0619
G0 F9000 X90.424 Y112.824
G0 X88.007 Y112.824
G0 X88.007 Y113.052
G1 F3000 X97.514 Y103.544 E508.50911
G0 F9000 X97.748 Y103.405
G1 F3000 X103.915 Y109.572 E508.79918
G0 F9000 X103.767 Y109.4
G0 X100.817 Y112.126
G0 X100.975 Y112.289
G1 F3000 X94.262 Y105.575 E509.11497
G0 F9000 X94.391 Y105.763
G0 X101.564 Y101.679
G0 X101.469 Y101.469
G1 F3000 X107.113 Y107.113 E509.38044
G0 F9000 X106.986 Y106.922
G0 X110.485 Y104.744
G0 X110.599 Y104.942
G1 F3000 X105.437 Y99.781 E509.62322
G0 F9000 X105.516 Y99.997
G0 X114.278 Y97.486
G0 X114.231 Y97.26
G1 F3000 X118.65 Y101.679 E509.83108
G0 F9000 X118.595 Y101.459
G0 X115.347 Y97.298
G0 X115.307 Y97.065
G1 F3000 X88.252 Y124.121 E511.10369
G0 F9000 X88.308 Y123.902
G0 X90.275 Y123.971
G0 X90.275 Y124.216
G1 F3000 X87.59 Y121.531 E511.22998
G0 F9000 X87.59 Y121.764
G0 X85.187 Y121.764
G0 X85.187 Y121.528
G1 F3000 X84.247 Y122.469 E511.27422
G0 F9000 X84.477 Y122.469
G0 X90.97 Y124.043
G0 X91.036 Y124.634
G0 X90.689 Y124.63
G1 F3000 X91.541 Y125.482 E511.3143
G0 F9000 X91.339 Y125.378
G0 X93.363 Y121.728
G0 X93.559 Y121.843
G1 F3000 X90.775 Y119.059 E511.44525
G0 F9000 X91.006 Y119.059
G0 X92.469 Y116.234
G0 X92.468 Y112.896
G0 X84.735 Y112.86
G0 X84.797 Y113.081
G1 F3000 X83.652 Y111.936 E511.4991
G1 X83.465 Y111.936
G1 X83.396 Y112.006 E511.50237
G1 F2700 E506.50237
G0 F9000 X83.596 Y112.136
G0 X86.451 Y112.103
G0 X117.923 Y101.69
G0 X120.323 Y101.084
G0 X122.744 Y100.66
G0 X125.178 Y100.416
G0 X127.615 Y100.354
G0 X130.048 Y100.474
G0 X132.469 Y100.777
G0 X134.413 Y101.169
G0 X138.283 Y102.235
G0 X138.205 Y102.452
G1 F2700 E511.50237
G1 F3000 X141.533 Y99.124 E511.65891
G0 F9000 X141.463 Y99.344
G0 X143.569 Y99.93
G0 X143.807 Y98.345
G0 X143.576 Y98.321
G1 F3000 X149.688 Y104.433 E511.9464
G0 F9000 X149.466 Y104.41
G0 X149.714 Y102.012
G0 X149.936 Y102.035
G1 F3000 X142.418 Y109.552 E512.3
G0 F9000 X142.518 Y108.577
G1 F3000 X148.627 Y114.686 E512.58735
G1 X148.63 Y114.654
G1 X141.118 Y122.166 E512.94069
G0 F9000 X141.347 Y122.19
G0 X141.162 Y123.985
G0 X140.932 Y123.961
G1 F3000 X147.036 Y130.066 E513.22783
G0 F9000 X146.812 Y130.043
G0 X147.102 Y127.25
G0 X147.325 Y127.273
G1 F3000 X139.873 Y134.725 E513.57835
G0 F9000 X139.908 Y134.251
G1 F3000 X142.178 Y136.521 E513.68512
G0 F9000 X142.15 Y136.295
G0 X147.344 Y124.916
G0 X147.567 Y124.939
G1 F3000 X141.461 Y118.834 E513.97231
G0 F9000 X141.69 Y118.858
G0 X143.12 Y104.343
G0 X142.294 Y103.903
G0 X142.2 Y104.114
G1 F3000 X150.588 Y95.725 E514.36688
G0 F9000 X150.365 Y95.702
G0 X150.524 Y94.156
G0 X150.749 Y94.18
G1 F3000 X149.53 Y92.962 E514.42419
G0 F9000 X149.565 Y93.191
G0 X146.64 Y94.337
G0 X146.518 Y94.139
G1 F3000 X144.437 Y96.22 E514.52207
G0 F9000 X144.627 Y96.353
G0 X145.849 Y94.947
G0 X145.693 Y94.781
G1 F3000 X150.218 Y99.307 E514.73494
G0 F9000 X149.697 Y99.252
G1 F2700 E509.73494
;MESH:NONMESH
G0 F300 X149.697 Y99.252 Z1.2
G0 F9000 X134.869 Y101.261
G0 X132.469 Y100.777
G0 X130.048 Y100.474
G0 X127.615 Y100.354
G0 X125.178 Y100.416
G0 X122.744 Y100.66
G0 X120.323 Y101.084
G0 X117.923 Y101.69
G0 X115.553 Y102.472
G0 X113.219 Y103.429
G0 X110.931 Y104.556
G0 X108.695 Y105.851
G0 X106.519 Y107.307
G0 X104.411 Y108.92
G0 X102.376 Y110.685
G0 X100.423 Y112.596
G0 X98.555 Y114.645
G0 X96.781 Y116.827
G0 X95.105 Y119.133
G0 X93.531 Y121.557
G0 X92.345 Y123.608
G0 X90.941 Y126.32
G0 X90.796 Y126.975
;TIME_ELAPSED:823.610507
;LAYER:5
;TYPE:WALL-INNER
;MESH:FT03-Upright.stl
G1 F2700 E514.73494
G1 F1061.9 X90.77 Y127.263 E514.74852
G1 F2700 E509.74852
G0 F9000 X93.872 Y121.767
G0 X95.435 Y119.36
G0 X97.098 Y117.071
G0 X98.858 Y114.906
G0 X100.711 Y112.874
G0 X102.647 Y110.979
G0 X104.664 Y109.23
G0 X106.752 Y107.632
G0 X108.907 Y106.191
G0 X111.119 Y104.909
G0 X113.383 Y103.794
G0 X115.692 Y102.847
G0 X118.035 Y102.074
G0 X120.406 Y101.476
G0 X122.799 Y101.057
G0 X125.203 Y100.816
G0 X127.61 Y100.755
G0 X130.014 Y100.873
G0 X132.405 Y101.172
G0 X134.776 Y101.65
G0 X137.118 Y102.304
G0 X139.424 Y103.134
G0 X142.692 Y104.591
G0 X139.852 Y140.978
G0 X141.44 Y141.504
G0 X143.372 Y141.962
G0 X142.481 Y141.847
G1 F2700 E514.74852
G1 F1578.9 X141.773 Y141.756 E514.77108
G1 F1595.7 X141.14 Y141.495 E514.79249
G1 X140.595 Y141.076 E514.81398
G1 F1591.5 X140.174 Y140.528 E514.83564
G1 X139.914 Y139.902 E514.85689
G1 F1587.3 X139.823 Y139.196 E514.87926
G1 F1570.7 X139.897 Y138.531 E514.90052
G1 F1530.6 X140.163 Y137.889 E514.92317
G1 F1503.8 X140.582 Y137.341 E514.94605
G1 F1500 X141.127 Y136.925 E514.96886
G1 X141.775 Y136.654 E514.99222
G1 X142.46 Y136.567 E515.01519
G1 X143.142 Y136.654 E515.03805
G1 X143.784 Y136.924 E515.06122
G1 X144.327 Y137.338 E515.08393
G1 X144.752 Y137.887 E515.10702
G1 X145.017 Y138.53 E515.13015
G1 X145.107 Y139.212 E515.15303
G1 F1477.8 X145.017 Y139.897 E515.17636
G1 F1428.6 X144.744 Y140.597 E515.2026
G1 F1345.3 X144.328 Y141.11 E515.22709
G1 F1234.6 X143.749 Y141.605 E515.25787
G1 F1209.7 X143.158 Y141.785 E515.28335
G1 F1382.5 X142.481 Y141.847 E515.30789
G0 F9000 X142.515 Y142.229
G1 F1492.5 X143.126 Y142.209 E515.32832
G1 F1339.3 X143.937 Y142.135 E515.35866
G1 F1234.6 X144.213 Y141.859 E515.37443
G1 F1287.6 X144.676 Y141.364 E515.40069
G1 F1354.4 X145.071 Y140.911 E515.42283
G1 F1369.9 X145.238 Y140.753 E515.4312
G1 F1459.9 X145.603 Y140.365 E515.44941
G1 F1500 X146.251 Y139.65 E515.4815
G1 X151.098 Y92.776 E517.04885
G1 X150.748 Y92.777 E517.06049
G1 X149.949 Y92.818 E517.0871
G1 X149.193 Y92.933 E517.11254
G1 X148.432 Y93.13 E517.13868
G1 X147.701 Y93.401 E517.16461
G1 X147.004 Y93.742 E517.19042
G1 X146.344 Y94.153 E517.21628
G1 X145.744 Y94.62 E517.24157
G1 X145.156 Y95.178 E517.26853
G1 X144.667 Y95.748 E517.29351
G1 X144.215 Y96.398 E517.31984
G1 X143.848 Y97.061 E517.34505
G1 X143.556 Y97.738 E517.36957
G1 X143.429 Y98.962 E517.4105
G1 X143.32 Y99.185 E517.41875
G1 X143.068 Y99.38 E517.42935
G1 X142.772 Y99.431 E517.43934
G1 X139.426 Y98.376 E517.55603
G1 X137.539 Y97.858 E517.62111
G1 X135.621 Y97.407 E517.68665
G1 X133.701 Y97.027 E517.75174
G1 X131.783 Y96.719 E517.81636
G1 X129.881 Y96.481 E517.88011
G1 X127.896 Y96.315 E517.94636
G1 X125.937 Y96.22 E518.01159
G1 X123.95 Y96.197 E518.07769
G1 X122.006 Y96.25 E518.14237
G1 X120.131 Y96.367 E518.20485
G1 X118.143 Y96.564 E518.2713
G1 X116.177 Y96.833 E518.3373
G1 X114.382 Y97.146 E518.3979
G1 X112.377 Y97.573 E518.46608
G1 X110.52 Y98.041 E518.52978
G1 X108.571 Y98.606 E518.59727
G1 X106.661 Y99.242 E518.66423
G1 X104.876 Y99.903 E518.72753
G1 X103.052 Y100.659 E518.79321
G1 X101.096 Y101.553 E518.86474
G1 X99.483 Y102.368 E518.92484
G1 X97.737 Y103.318 E518.99096
G1 X96.028 Y104.335 E519.0571
G1 X94.362 Y105.408 E519.12301
G1 X92.711 Y106.552 E519.18982
G1 X91.103 Y107.747 E519.25645
G1 X89.537 Y109.005 E519.32326
G1 X87.993 Y110.342 E519.39119
G1 X86.528 Y111.697 E519.45756
G1 X86.208 Y111.856 E519.46945
G1 X83.316 Y111.856 E519.56564
G1 X83.316 Y113.363 E519.61576
G1 X83.851 Y113.516 E519.63427
G1 X84.908 Y113.216 E519.67081
G1 X91.709 Y113.216 E519.89701
G1 X91.855 Y113.26 E519.90209
G1 X92.064 Y113.402 E519.91049
G1 X92.187 Y113.595 E519.9181
G1 X92.228 Y113.745 E519.92327
G1 X92.228 Y115.496 E519.98151
G1 X92.163 Y115.671 E519.98772
G1 X91.928 Y115.916 E519.99901
G1 X91.628 Y115.996 E520.00934
G1 X90.693 Y115.996 E520.04044
G1 X90.696 Y120.864 E520.20235
G1 X90.661 Y121.058 E520.2089
G1 X90.53 Y121.268 E520.21714
G1 X90.355 Y121.394 E520.22431
G1 X90.096 Y121.452 E520.23314
G1 X85.106 Y121.452 E520.39911
G1 X84.851 Y121.264 E520.40964
G1 X84.164 Y121.73 E520.43725
G1 X84.164 Y123.259 E520.48811
G1 X88.51 Y124.381 E520.6374
G1 X89.403 Y124.396 E520.6671
G1 X90.209 Y124.391 E520.69391
G1 X90.519 Y124.543 E520.70539
G1 X90.72 Y124.998 E520.72194
G1 F1357.5 X90.746 Y126.759 E520.78666
G1 F1224.5 X90.801 Y126.997 E520.79662
G1 F1342.3 X91.749 Y125.252 E520.87043
G1 F1500 X92.282 Y124.213 E520.90927
G1 X93.744 Y121.681 E521.00651
G1 X95.322 Y119.255 E521.10277
G1 X96.99 Y116.957 E521.19721
G1 X98.73 Y114.821 E521.28885
G1 X100.587 Y112.779 E521.38065
G1 X102.562 Y110.85 E521.47247
G1 X104.546 Y109.13 E521.5598
G1 X106.682 Y107.497 E521.64923
G1 X108.843 Y106.052 E521.73569
G1 X111.047 Y104.775 E521.82041
G1 X113.344 Y103.644 E521.90557
G1 X115.623 Y102.711 E521.98748
G1 X118.006 Y101.921 E522.07098
G1 X120.395 Y101.325 E522.15287
G1 X122.8 Y100.903 E522.23409
G1 X125.164 Y100.666 E522.31311
G1 X127.65 Y100.605 E522.39582
G1 X130.059 Y100.724 E522.47604
G1 X132.416 Y101.019 E522.55504
G1 X134.81 Y101.499 E522.63625
G1 X137.18 Y102.167 E522.71815
G1 X139.5 Y103.003 E522.80017
G1 X142.46 Y104.315 E522.90786
G1 X142.709 Y104.521 E522.91861
G1 X142.796 Y104.707 E522.92544
G1 X142.814 Y104.926 E522.93275
G1 X139.938 Y132.822 E523.86549
G1 F1507.5 X139.518 Y138.358 E524.04922
G1 F1550.4 X139.445 Y139.195 E524.07626
G1 F1587.3 X139.549 Y140.002 E524.10183
G1 F1591.5 X139.846 Y140.715 E524.12604
G1 X140.328 Y141.344 E524.15089
G1 F1595.7 X140.953 Y141.822 E524.17549
G1 X141.675 Y142.122 E524.19993
G1 F1578.9 X142.515 Y142.229 E524.22669
G0 F9000 X142.478 Y142.62
;TYPE:WALL-OUTER
G1 F1500 X144.166 Y142.62 E524.28283
G1 X144.903 Y141.733 E524.32119
G1 X146.635 Y139.822 E524.40697
G1 X151.542 Y92.376 E525.99344
G1 X150.728 Y92.377 E526.02052
G1 X149.909 Y92.42 E526.0478
G1 X149.113 Y92.541 E526.07458
G1 X148.312 Y92.748 E526.10209
G1 X147.543 Y93.033 E526.12937
G1 X146.81 Y93.392 E526.15652
G1 X146.115 Y93.825 E526.18375
G1 X145.483 Y94.316 E526.21037
G1 X144.866 Y94.902 E526.23867
G1 X144.351 Y95.503 E526.265
G1 X143.875 Y96.186 E526.29269
G1 X143.488 Y96.885 E526.31926
G1 X143.164 Y97.636 E526.34646
G1 X143.032 Y98.881 E526.3881
G1 X142.916 Y99.01 E526.39387
G1 X142.791 Y99.019 E526.39804
G1 X139.539 Y97.992 E526.51147
G1 X137.638 Y97.47 E526.57704
G1 X135.705 Y97.016 E526.64308
G1 X133.772 Y96.633 E526.70862
G1 X131.839 Y96.323 E526.77373
G1 X129.923 Y96.083 E526.83796
G1 X127.922 Y95.916 E526.90474
G1 X125.949 Y95.82 E526.97044
G1 X123.94 Y95.797 E527.03727
G1 X122.029 Y95.848 E527.10085
G1 X120.053 Y95.972 E527.1667
G1 X118.096 Y96.167 E527.23211
G1 X116.115 Y96.438 E527.29862
G1 X114.306 Y96.753 E527.35969
G1 X112.286 Y97.183 E527.42838
G1 X110.422 Y97.653 E527.49232
G1 X108.385 Y98.245 E527.56287
G1 X106.583 Y98.845 E527.62604
G1 X104.73 Y99.531 E527.69176
G1 X102.892 Y100.292 E527.75792
G1 X100.995 Y101.157 E527.82727
G1 X99.297 Y102.014 E527.89053
G1 X97.539 Y102.97 E527.95709
G1 X95.896 Y103.947 E528.02067
G1 X94.14 Y105.075 E528.09008
G1 X92.477 Y106.227 E528.15737
G1 X90.859 Y107.431 E528.22445
G1 X89.281 Y108.698 E528.29176
G1 X87.721 Y110.048 E528.36037
G1 X86.256 Y111.403 E528.42675
G1 X86.155 Y111.454 E528.43051
G1 X82.916 Y111.456 E528.53824
G1 X82.916 Y113.665 E528.61171
G1 X83.851 Y113.932 E528.64405
G1 X84.949 Y113.618 E528.68204
G1 X91.669 Y113.62 E528.90554
G1 X91.786 Y113.692 E528.91011
G1 X91.826 Y113.782 E528.91339
G1 X91.823 Y115.444 E528.96867
G1 X91.708 Y115.596 E528.97501
G1 X90.293 Y115.596 E529.02207
G1 X90.296 Y120.903 E529.19858
G1 X90.241 Y120.991 E529.20203
G1 X90.144 Y121.047 E529.20576
G1 X85.197 Y121.052 E529.3703
G1 X85.077 Y120.964 E529.37525
G1 X84.922 Y120.731 E529.38455
G1 X83.764 Y121.518 E529.43112
G1 X83.764 Y123.569 E529.49934
G1 X88.456 Y124.78 E529.66051
G1 X89.405 Y124.796 E529.69208
G1 X90.165 Y124.797 E529.71735
G1 X90.253 Y124.842 E529.72064
G1 X90.32 Y124.994 E529.72617
G1 X90.295 Y127.735 E529.81734
G1 X91.167 Y127.732 E529.84634
G1 X91.287 Y127.03 E529.87003
G1 X92.642 Y124.388 E529.96878
G1 X94.08 Y121.899 E530.06439
G1 X95.646 Y119.49 E530.15996
G1 X97.3 Y117.209 E530.25367
G1 X99.04 Y115.073 E530.3453
G1 X100.884 Y113.048 E530.43639
G1 X102.824 Y111.152 E530.52662
G1 X104.808 Y109.432 E530.61395
G1 X106.904 Y107.829 E530.70171
G1 X109.032 Y106.405 E530.78688
G1 X111.243 Y105.124 E530.87186
G1 X113.496 Y104.014 E530.9554
G1 X115.785 Y103.078 E531.03765
G1 X118.103 Y102.309 E531.11888
G1 X120.465 Y101.719 E531.19986
G1 X122.84 Y101.301 E531.28006
G1 X125.204 Y101.064 E531.35908
G1 X127.61 Y101.004 E531.43913
G1 X130.009 Y101.121 E531.51902
G1 X132.36 Y101.415 E531.59782
G1 X134.727 Y101.891 E531.67812
G1 X137.044 Y102.543 E531.75818
G1 X139.338 Y103.369 E531.83928
G1 X142.34 Y104.7 E531.9485
G1 X142.416 Y104.847 E531.954
G1 X139.54 Y132.786 E532.88817
G1 X139.054 Y139.206 E533.10231
G1 X139.171 Y140.103 E533.13239
G1 X139.507 Y140.911 E533.1615
G1 X140.051 Y141.621 E533.19125
G1 X140.757 Y142.161 E533.22081
G1 X141.573 Y142.5 E533.2502
G1 X142.478 Y142.62 E533.28056
G0 F9000 X143.048 Y142.006
G0 X142.465 Y141.456
G1 F1500 X141.875 Y141.382 E533.30034
G1 X141.332 Y141.158 E533.31988
G1 X140.87 Y140.802 E533.33928
G1 X140.529 Y140.363 E533.35777
G1 X140.287 Y139.795 E533.3783
G1 X140.212 Y139.201 E533.39821
G1 X140.284 Y138.635 E533.41719
G1 X140.503 Y138.114 E533.43599
G1 X140.868 Y137.626 E533.45626
G1 X141.31 Y137.288 E533.47476
G1 X141.88 Y137.044 E533.49539
G1 X142.456 Y136.97 E533.5147
G1 X143.038 Y137.045 E533.53422
G1 X143.602 Y137.288 E533.55464
G1 X144.042 Y137.624 E533.57306
G1 X144.387 Y138.069 E533.59179
G1 X144.618 Y138.611 E533.61138
G1 X144.702 Y139.215 E533.63166
G1 X144.628 Y139.796 E533.65114
G1 X144.387 Y140.359 E533.67151
G1 X144.049 Y140.795 E533.68986
G1 X143.577 Y141.159 E533.70969
G1 X143.019 Y141.386 E533.72972
G1 X142.465 Y141.456 E533.7483
G0 F9000 X143.048 Y142.006
G0 X143.908 Y141.728
G0 X144.509 Y141.267
G0 X144.97 Y140.666
G0 X145.379 Y139.524
G0 X145.15 Y139.493
;TYPE:FILL
G1 F3000 X145.745 Y140.088 E533.77628
G0 F9000 X145.578 Y139.936
G0 X145.259 Y138.465
G0 X144.97 Y137.765
G0 X144.596 Y137.279
G0 X143.614 Y136.518
G0 X143.525 Y136.73
G1 F3000 X146.812 Y133.443 E533.93089
G0 F9000 X146.587 Y133.419
G0 X146.394 Y135.282
G0 X146.619 Y135.306
G1 F3000 X140.402 Y129.089 E534.22332
G0 F9000 X140.466 Y128.475
G1 F3000 X148.117 Y120.824 E534.5832
G0 F9000 X148.21 Y119.926
G1 F3000 X141.989 Y113.705 E534.87582
G0 F9000 X142.219 Y113.729
G0 X141.997 Y115.884
G0 X141.767 Y115.86
G1 F3000 X149.422 Y108.205 E535.23589
G0 F9000 X149.199 Y108.182
G0 X149.048 Y109.65
G0 X149.271 Y109.673
G1 F3000 X137.54 Y97.942 E535.78768
G0 F9000 X137.15 Y97.849
G1 F3000 X133.787 Y101.212 E535.94586
G0 F9000 X133.832 Y100.99
G0 X135.631 Y101.412
G0 X135.57 Y101.629
G1 F3000 X130.592 Y96.651 E536.18001
G0 F9000 X130.563 Y96.881
G0 X132.402 Y97.131
G0 X132.438 Y96.905
G1 F3000 X128.763 Y100.58 E536.35287
G1 X128.868 Y100.584
G1 X124.569 Y96.285 E536.55508
G0 F9000 X124.566 Y96.515
G0 X127.309 Y96.596
G0 X127.32 Y96.367
G1 F3000 X122.871 Y100.815 E536.76433
G0 F9000 X123.39 Y100.763
G1 F3000 X119.171 Y96.543 E536.9628
G0 F9000 X119.192 Y96.772
G0 X121.693 Y96.581
G0 X121.679 Y96.35
G1 F3000 X115.251 Y102.779 E537.26518
G0 F9000 X114.428 Y103.114
G1 F3000 X109.681 Y98.368 E537.48844
G0 F9000 X109.744 Y98.589
G0 X107.827 Y99.18
G0 X107.755 Y98.96
G1 F3000 X92.308 Y114.408 E538.21504
G0 F9000 X92.308 Y114.935
G1 F3000 X95.814 Y118.442 E538.37998
G0 F9000 X95.631 Y118.308
G0 X98.104 Y115.105
G0 X98.279 Y115.249
G1 F3000 X90.979 Y107.95 E538.72332
G0 F9000 X91.124 Y108.131
G0 X88.06 Y110.702
G0 X87.906 Y110.534
G1 F3000 X90.509 Y113.136 E538.84574
G0 F9000 X90.509 Y112.906
G0 X87.922 Y112.906
G0 X87.922 Y113.136
G1 F3000 X97.514 Y103.544 E539.29691
G0 F9000 X97.748 Y103.405
G1 F3000 X103.915 Y109.572 E539.58699
G0 F9000 X103.767 Y109.4
G0 X100.817 Y112.126
G0 X100.975 Y112.289
G1 F3000 X94.262 Y105.575 E539.90277
G0 F9000 X94.391 Y105.763
G0 X101.564 Y101.679
G0 X101.469 Y101.469
G1 F3000 X107.113 Y107.113 E540.16825
G0 F9000 X106.986 Y106.922
G0 X110.485 Y104.744
G0 X110.599 Y104.942
G1 F3000 X105.437 Y99.781 E540.41103
G0 F9000 X105.516 Y99.997
G0 X114.278 Y97.486
G0 X114.231 Y97.26
G1 F3000 X118.65 Y101.679 E540.61889
G0 F9000 X118.595 Y101.459
G0 X115.347 Y97.298
G0 X115.307 Y97.065
G1 F3000 X88.163 Y124.209 E541.89566
G0 F9000 X88.22 Y123.989
G0 X90.489 Y124.084
G0 X90.489 Y124.43
G1 F3000 X87.591 Y121.532 E542.03197
G0 F9000 X87.591 Y121.764
G0 X85.189 Y121.764
G0 X85.189 Y121.526
G1 F3000 X84.244 Y122.472 E542.07644
G0 F9000 X84.476 Y122.472
G0 X90.573 Y124.084
G0 X90.573 Y124.514
G1 F3000 X91.541 Y125.482 E542.12198
G0 F9000 X91.339 Y125.378
G0 X93.363 Y121.728
G0 X93.559 Y121.843
G1 F3000 X90.775 Y119.059 E542.25293
G0 F9000 X91.006 Y119.059
G0 X92.47 Y116.234
G0 X92.467 Y112.978
G0 X84.8 Y112.923
G0 X84.863 Y113.147
G1 F3000 X83.652 Y111.936 E542.30989
G1 X83.466 Y111.936
G1 X83.396 Y112.006 E542.31318
G1 F2700 E537.31318
G0 F9000 X83.596 Y112.136
G0 X86.451 Y112.103
G0 X117.923 Y101.69
G0 X120.323 Y101.084
G0 X122.744 Y100.66
G0 X125.178 Y100.416
G0 X127.615 Y100.354
G0 X130.048 Y100.474
G0 X132.469 Y100.777
G0 X134.413 Y101.169
G0 X138.283 Y102.235
G0 X138.205 Y102.452
G1 F2700 E542.31318
G1 F3000 X141.533 Y99.124 E542.46972
G0 F9000 X141.463 Y99.344
G0 X143.569 Y99.93
G0 X143.807 Y98.346
G0 X143.577 Y98.322
G1 F3000 X149.801 Y104.546 E542.76248
G0 F9000 X149.577 Y104.523
G0 X149.85 Y101.872
G0 X150.075 Y101.896
G1 F3000 X142.418 Y109.553 E543.12264
G0 F9000 X142.518 Y108.577
G1 F3000 X148.741 Y114.799 E543.41533
G0 F9000 X148.77 Y114.515
G1 F3000 X141.117 Y122.168 E543.7753
G0 F9000 X141.347 Y122.192
G0 X141.162 Y123.985
G0 X140.931 Y123.961
G1 F3000 X147.15 Y130.179 E544.0678
G0 F9000 X146.926 Y130.155
G0 X147.241 Y127.111
G0 X147.464 Y127.134
G1 F3000 X139.873 Y134.725 E544.42486
G0 F9000 X139.908 Y134.251
G1 F3000 X142.178 Y136.521 E544.53163
G0 F9000 X142.15 Y136.295
G0 X147.457 Y125.03
G0 X147.68 Y125.053
G1 F3000 X141.46 Y118.833 E544.8242
G0 F9000 X141.691 Y118.857
G0 X143.12 Y104.343
G0 X142.294 Y103.904
G0 X142.201 Y104.113
G1 F3000 X150.728 Y95.586 E545.22528
G0 F9000 X150.501 Y95.562
G0 X150.634 Y94.269
G0 X150.862 Y94.293
G1 F3000 X149.53 Y92.962 E545.28791
G0 F9000 X149.565 Y93.191
G0 X146.64 Y94.337
G0 X146.518 Y94.139
G1 F3000 X144.437 Y96.22 E545.3858
G0 F9000 X144.627 Y96.353
G0 X145.849 Y94.947
G0 X145.693 Y94.781
G1 F3000 X150.332 Y99.42 E545.604
G0 F9000 X149.807 Y99.364
G1 F2700 E540.604
;MESH:NONMESH
G0 F300 X149.807 Y99.364 Z1.4
G0 F9000 X134.869 Y101.261
G0 X132.469 Y100.777
G0 X130.048 Y100.474
G0 X127.615 Y100.354
G0 X125.178 Y100.416
G0 X122.744 Y100.66
G0 X120.323 Y101.084
G0 X117.923 Y101.69
G0 X115.553 Y102.472
G0 X113.219 Y103.429
G0 X110.931 Y104.556
G0 X108.695 Y105.851
G0 X106.519 Y107.307
G0 X104.411 Y108.92
G0 X102.376 Y110.685
G0 X100.423 Y112.596
G0 X98.555 Y114.645
G0 X96.781 Y116.827
G0 X95.105 Y119.133
G0 X93.531 Y121.557
G0 X92.345 Y123.608
G0 X90.94 Y126.319
G0 X90.796 Y126.974
;TIME_ELAPSED:869.170901
;LAYER:6
;TYPE:WALL-INNER
;MESH:FT03-Upright.stl
G1 F2700 E545.604
G1 F1088.9 X90.755 Y127.431 E545.62502
G1 F2700 E540.62502
G0 F9000 X92.418 Y124.281
G0 X93.872 Y121.767
G0 X95.435 Y119.36
G0 X97.098 Y117.071
G0 X98.858 Y114.906
G0 X100.711 Y112.874
G0 X102.647 Y110.979
G0 X104.664 Y109.23
G0 X106.752 Y107.632
G0 X108.907 Y106.191
G0 X111.119 Y104.909
G0 X113.383 Y103.794
G0 X115.692 Y102.847
G0 X118.035 Y102.074
G0 X120.406 Y101.476
G0 X122.799 Y101.057
G0 X125.203 Y100.816
G0 X127.61 Y100.755
G0 X130.014 Y100.873
G0 X132.405 Y101.172
G0 X134.776 Y101.65
G0 X137.118 Y102.304
G0 X139.424 Y103.134
G0 X142.692 Y104.591
G0 X139.863 Y140.993
G0 X141.442 Y141.507
G0 X143.372 Y141.962
G0 X142.481 Y141.847
G1 F2700 E545.62502
G1 F1578.9 X141.773 Y141.756 E545.64758
G1 F1595.7 X141.14 Y141.495 E545.66899
G1 X140.595 Y141.076 E545.69048
G1 F1591.5 X140.174 Y140.528 E545.71214
G1 X139.914 Y139.902 E545.73339
G1 F1587.3 X139.823 Y139.196 E545.75576
G1 F1570.7 X139.897 Y138.531 E545.77702
G1 F1530.6 X140.163 Y137.889 E545.79967
G1 F1503.8 X140.582 Y137.341 E545.82255
G1 F1500 X141.127 Y136.925 E545.84536
G1 X141.775 Y136.654 E545.86872
G1 X142.46 Y136.567 E545.89169
G1 X143.141 Y136.654 E545.91452
G1 X143.783 Y136.923 E545.93767
G1 X144.327 Y137.338 E545.96043
G1 X144.754 Y137.89 E545.98364
G1 X145.019 Y138.538 E546.00693
G1 X145.1 Y139.224 E546.0299
G1 F1445.8 X145.019 Y139.894 E546.05319
G1 F1348.3 X144.727 Y140.622 E546.08221
G1 F1293.1 X144.332 Y141.11 E546.10643
G1 F1229.5 X143.748 Y141.605 E546.1375
G1 F1209.7 X143.158 Y141.785 E546.16294
G1 F1382.5 X142.481 Y141.847 E546.18747
G0 F9000 X142.515 Y142.229
G1 F1492.5 X143.126 Y142.209 E546.20791
G1 F1363.6 X143.939 Y142.135 E546.23778
G1 F1342.3 X144.682 Y141.37 E546.27741
G1 F1339.3 X145.078 Y140.916 E546.29985
G1 F1357.5 X145.246 Y140.758 E546.30833
G1 F1456.3 X145.613 Y140.371 E546.3266
G1 F1500 X146.391 Y139.514 E546.3651
G1 X151.218 Y92.776 E547.92788
G1 X150.766 Y92.776 E547.94291
G1 X149.949 Y92.818 E547.97012
G1 X149.193 Y92.933 E547.99556
G1 X148.432 Y93.13 E548.0217
G1 X147.701 Y93.401 E548.04763
G1 X147.004 Y93.742 E548.07344
G1 X146.345 Y94.153 E548.09927
G1 X145.744 Y94.62 E548.12459
G1 X145.156 Y95.179 E548.15157
G1 X144.668 Y95.748 E548.1765
G1 X144.215 Y96.398 E548.20285
G1 X143.848 Y97.061 E548.22806
G1 X143.556 Y97.738 E548.25258
G1 X143.429 Y98.963 E548.29354
G1 X143.323 Y99.182 E548.30164
G1 X143.07 Y99.379 E548.3123
G1 X142.773 Y99.431 E548.32233
G1 X139.426 Y98.376 E548.43905
G1 X137.539 Y97.858 E548.50413
G1 X135.621 Y97.407 E548.56967
G1 X133.701 Y97.027 E548.63476
G1 X131.783 Y96.719 E548.69937
G1 X129.881 Y96.481 E548.76313
G1 X127.896 Y96.315 E548.82938
G1 X125.937 Y96.22 E548.89461
G1 X123.95 Y96.197 E548.96071
G1 X122.006 Y96.25 E549.02539
G1 X120.131 Y96.367 E549.08787
G1 X118.143 Y96.564 E549.15432
G1 X116.177 Y96.833 E549.22032
G1 X114.382 Y97.146 E549.28092
G1 X112.377 Y97.573 E549.3491
G1 X110.52 Y98.041 E549.4128
G1 X108.571 Y98.606 E549.48029
G1 X106.661 Y99.242 E549.54724
G1 X104.876 Y99.903 E549.61055
G1 X103.052 Y100.659 E549.67622
G1 X101.096 Y101.553 E549.74775
G1 X99.483 Y102.368 E549.80786
G1 X97.737 Y103.318 E549.87397
G1 X96.028 Y104.335 E549.94012
G1 X94.362 Y105.408 E550.00603
G1 X92.711 Y106.552 E550.07284
G1 X91.103 Y107.747 E550.13947
G1 X89.537 Y109.006 E550.2063
G1 X87.993 Y110.342 E550.27421
G1 X86.528 Y111.697 E550.34058
G1 X86.206 Y111.856 E550.35253
G1 X83.317 Y111.857 E550.44862
G1 X83.316 Y113.444 E550.5014
G1 X83.851 Y113.599 E550.51993
G1 X84.911 Y113.296 E550.55659
G1 X91.711 Y113.296 E550.78276
G1 X91.857 Y113.341 E550.78784
G1 X92.063 Y113.481 E550.79613
G1 X92.194 Y113.694 E550.80444
G1 X92.229 Y113.896 E550.81126
G1 X92.228 Y115.496 E550.86448
G1 X92.163 Y115.671 E550.87069
G1 X91.928 Y115.916 E550.88198
G1 X91.628 Y115.996 E550.89231
G1 X90.693 Y115.996 E550.9234
G1 X90.696 Y120.864 E551.08531
G1 X90.661 Y121.058 E551.09187
G1 X90.519 Y121.278 E551.10058
G1 X90.336 Y121.403 E551.10795
G1 X90.096 Y121.452 E551.1161
G1 X85.106 Y121.452 E551.28207
G1 X84.851 Y121.264 E551.2926
G1 X84.164 Y121.73 E551.32021
G1 X84.164 Y123.37 E551.37476
G1 X88.506 Y124.489 E551.5239
G1 X89.577 Y124.508 E551.55952
G1 X90.203 Y124.503 E551.58034
G1 X90.482 Y124.625 E551.59047
G1 X90.643 Y124.808 E551.59858
G1 X90.72 Y125.11 E551.60894
G1 F1354.4 X90.748 Y126.76 E551.66973
G1 F1224.5 X90.8 Y126.993 E551.67946
G1 F1342.3 X91.698 Y125.35 E551.74905
G1 F1500 X92.296 Y124.188 E551.79252
G1 X93.744 Y121.681 E551.88881
G1 X95.322 Y119.255 E551.98507
G1 X96.99 Y116.957 E552.07951
G1 X98.73 Y114.821 E552.17114
G1 X100.587 Y112.779 E552.26294
G1 X102.562 Y110.85 E552.35477
G1 X104.546 Y109.13 E552.4421
G1 X106.682 Y107.497 E552.53153
G1 X108.843 Y106.052 E552.61799
G1 X111.047 Y104.775 E552.70271
G1 X113.344 Y103.644 E552.78787
G1 X115.623 Y102.711 E552.86978
G1 X118.006 Y101.921 E552.95328
G1 X120.395 Y101.325 E553.03517
G1 X122.8 Y100.903 E553.11638
G1 X125.164 Y100.666 E553.1954
G1 X127.65 Y100.605 E553.27811
G1 X130.059 Y100.724 E553.35833
G1 X132.416 Y101.019 E553.43734
G1 X134.81 Y101.499 E553.51855
G1 X137.18 Y102.167 E553.60045
G1 X139.5 Y103.003 E553.68247
G1 X142.46 Y104.315 E553.79016
G1 X142.713 Y104.526 E553.80111
G1 X142.821 Y104.85 E553.81247
G1 X139.938 Y132.822 E554.74775
G1 F1507.5 X139.518 Y138.358 E554.93149
G1 F1550.4 X139.445 Y139.195 E554.95852
G1 F1587.3 X139.549 Y140.002 E554.9841
G1 F1591.5 X139.846 Y140.715 E555.00831
G1 X140.328 Y141.344 E555.03315
G1 F1595.7 X140.953 Y141.822 E555.05775
G1 X141.675 Y142.122 E555.0822
G1 F1578.9 X142.515 Y142.229 E555.10895
G0 F9000 X142.478 Y142.62
;TYPE:WALL-OUTER
G1 F1500 X144.166 Y142.62 E555.16509
G1 X144.707 Y141.965 E555.19335
G1 X146.775 Y139.686 E555.29571
G1 X151.662 Y92.376 E556.87762
G1 X150.766 Y92.376 E556.90742
G1 X149.909 Y92.42 E556.93596
G1 X149.113 Y92.541 E556.96274
G1 X148.312 Y92.748 E556.99025
G1 X147.543 Y93.033 E557.01753
G1 X146.81 Y93.392 E557.04468
G1 X146.115 Y93.825 E557.07191
G1 X145.483 Y94.316 E557.09853
G1 X144.866 Y94.903 E557.12686
G1 X144.351 Y95.503 E557.15316
G1 X143.875 Y96.186 E557.18084
G1 X143.488 Y96.885 E557.20742
G1 X143.164 Y97.636 E557.23462
G1 X143.033 Y98.881 E557.27626
G1 X142.964 Y98.982 E557.28033
G1 X142.791 Y99.019 E557.28621
G1 X139.539 Y97.992 E557.39964
G1 X137.638 Y97.47 E557.46521
G1 X135.705 Y97.016 E557.53125
G1 X133.772 Y96.633 E557.59679
G1 X131.839 Y96.323 E557.6619
G1 X129.923 Y96.083 E557.72613
G1 X127.922 Y95.916 E557.79291
G1 X125.949 Y95.82 E557.85861
G1 X123.94 Y95.797 E557.92544
G1 X122.029 Y95.848 E557.98902
G1 X120.053 Y95.972 E558.05487
G1 X118.096 Y96.167 E558.12028
G1 X116.115 Y96.438 E558.18679
G1 X114.306 Y96.753 E558.24786
G1 X112.286 Y97.183 E558.31655
G1 X110.422 Y97.653 E558.38049
G1 X108.385 Y98.245 E558.45104
G1 X106.583 Y98.845 E558.51421
G1 X104.73 Y99.531 E558.57993
G1 X102.892 Y100.292 E558.64609
G1 X100.995 Y101.157 E558.71544
G1 X99.297 Y102.014 E558.7787
G1 X97.539 Y102.97 E558.84526
G1 X95.896 Y103.947 E558.90884
G1 X94.14 Y105.075 E558.97825
G1 X92.477 Y106.227 E559.04554
G1 X90.859 Y107.431 E559.11262
G1 X89.281 Y108.698 E559.17993
G1 X87.721 Y110.048 E559.24854
G1 X86.256 Y111.403 E559.31492
G1 X86.155 Y111.453 E559.31866
G1 X82.917 Y111.457 E559.42636
G1 X82.916 Y113.745 E559.50246
G1 X83.851 Y114.015 E559.53483
G1 X84.949 Y113.699 E559.57283
G1 X91.669 Y113.7 E559.79634
G1 X91.8 Y113.792 E559.80166
G1 X91.829 Y113.896 E559.80525
G1 X91.823 Y115.444 E559.85674
G1 X91.708 Y115.596 E559.86308
G1 X90.293 Y115.596 E559.91014
G1 X90.296 Y120.902 E560.08662
G1 X90.25 Y120.981 E560.08966
G1 X90.139 Y121.048 E560.09397
G1 X85.197 Y121.052 E560.25835
G1 X85.077 Y120.964 E560.2633
G1 X84.922 Y120.731 E560.2726
G1 X83.764 Y121.518 E560.31917
G1 X83.764 Y123.68 E560.39108
G1 X88.452 Y124.888 E560.5521
G1 X89.58 Y124.908 E560.58962
G1 X90.161 Y124.908 E560.60894
G1 X90.321 Y125.024 E560.61552
G1 X90.294 Y127.888 E560.71078
G1 X91.139 Y127.888 E560.73888
G1 X91.287 Y127.027 E560.76794
G1 X92.642 Y124.388 E560.86661
G1 X94.08 Y121.899 E560.96222
G1 X95.646 Y119.49 E561.05778
G1 X97.3 Y117.209 E561.15149
G1 X99.04 Y115.073 E561.24313
G1 X100.884 Y113.048 E561.33422
G1 X102.824 Y111.152 E561.42444
G1 X104.808 Y109.432 E561.51177
G1 X106.904 Y107.829 E561.59954
G1 X109.032 Y106.405 E561.6847
G1 X111.243 Y105.124 E561.76969
G1 X113.496 Y104.014 E561.85323
G1 X115.785 Y103.078 E561.93548
G1 X118.103 Y102.309 E562.01671
G1 X120.465 Y101.719 E562.09768
G1 X122.84 Y101.301 E562.17789
G1 X125.204 Y101.064 E562.25691
G1 X127.61 Y101.004 E562.33696
G1 X130.009 Y101.121 E562.41684
G1 X132.36 Y101.415 E562.49565
G1 X134.727 Y101.891 E562.57595
G1 X137.044 Y102.543 E562.65601
G1 X139.338 Y103.369 E562.7371
G1 X142.329 Y104.698 E562.84596
G1 X142.416 Y104.848 E562.85173
G1 X139.54 Y132.786 E563.78586
G1 X139.054 Y139.206 E564
G1 X139.171 Y140.103 E564.03009
G1 X139.507 Y140.911 E564.05919
G1 X140.051 Y141.621 E564.08894
G1 X140.757 Y142.161 E564.11851
G1 X141.573 Y142.5 E564.14789
G1 X142.478 Y142.62 E564.17826
G0 F9000 X143.048 Y142.006
G0 X142.465 Y141.456
G1 F1500 X141.875 Y141.382 E564.19804
G1 X141.332 Y141.158 E564.21757
G1 X140.87 Y140.802 E564.23697
G1 X140.529 Y140.363 E564.25546
G1 X140.287 Y139.795 E564.27599
G1 X140.212 Y139.201 E564.29591
G1 X140.284 Y138.635 E564.31488
G1 X140.503 Y138.114 E564.33368
G1 X140.868 Y137.626 E564.35395
G1 X141.31 Y137.288 E564.37246
G1 X141.88 Y137.044 E564.39308
G1 X142.456 Y136.97 E564.4124
G1 X143.038 Y137.045 E564.43191
G1 X143.602 Y137.288 E564.45234
G1 X144.042 Y137.624 E564.47075
G1 X144.405 Y138.092 E564.49045
G1 X144.631 Y138.662 E564.51085
G1 X144.702 Y139.216 E564.52942
G1 X144.628 Y139.796 E564.54887
G1 X144.387 Y140.359 E564.56924
G1 X144.049 Y140.795 E564.58759
G1 X143.598 Y141.144 E564.60655
G1 X143.019 Y141.386 E564.62743
G1 X142.465 Y141.456 E564.646
G0 F9000 X143.048 Y142.006
G0 X143.908 Y141.728
G0 X144.509 Y141.267
G0 X144.97 Y140.666
G0 X145.379 Y139.522
G0 X145.148 Y139.491
;TYPE:FILL
G1 F3000 X145.755 Y140.098 E564.67455
G0 F9000 X145.586 Y139.944
G0 X145.259 Y138.465
G0 X144.97 Y137.765
G0 X144.596 Y137.279
G0 X143.614 Y136.518
G0 X143.525 Y136.73
G1 F3000 X146.951 Y133.304 E564.8357
G0 F9000 X146.724 Y133.28
G0 X146.505 Y135.395
G0 X146.733 Y135.419
G1 F3000 X140.403 Y129.089 E565.13344
G0 F9000 X140.467 Y128.474
G1 F3000 X148.254 Y120.687 E565.49972
G0 F9000 X148.322 Y120.038
G1 F3000 X141.989 Y113.705 E565.7976
G0 F9000 X142.219 Y113.729
G0 X141.997 Y115.883
G0 X141.768 Y115.859
G1 F3000 X149.557 Y108.07 E566.16397
G0 F9000 X149.332 Y108.046
G0 X149.155 Y109.759
G0 X149.381 Y109.783
G1 F3000 X137.54 Y97.942 E566.72094
G0 F9000 X137.15 Y97.849
G1 F3000 X133.787 Y101.212 E566.87912
G0 F9000 X133.832 Y100.99
G0 X135.631 Y101.412
G0 X135.57 Y101.629
G1 F3000 X130.592 Y96.651 E567.11327
G0 F9000 X130.563 Y96.881
G0 X132.402 Y97.131
G0 X132.438 Y96.905
G1 F3000 X128.763 Y100.58 E567.28613
G1 X128.868 Y100.584
G1 X124.569 Y96.285 E567.48835
G0 F9000 X124.566 Y96.515
G0 X127.309 Y96.596
G0 X127.32 Y96.367
G1 F3000 X122.871 Y100.815 E567.69759
G0 F9000 X123.39 Y100.763
G1 F3000 X119.171 Y96.543 E567.89606
G0 F9000 X119.192 Y96.772
G0 X121.693 Y96.581
G0 X121.679 Y96.35
G1 F3000 X115.251 Y102.779 E568.19844
G0 F9000 X114.428 Y103.114
G1 F3000 X109.681 Y98.368 E568.4217
G0 F9000 X109.744 Y98.589
G0 X107.827 Y99.18
G0 X107.755 Y98.96
G1 F3000 X92.309 Y114.406 E569.14823
G0 F9000 X92.308 Y114.935
G1 F3000 X95.814 Y118.442 E569.31317
G0 F9000 X95.631 Y118.308
G0 X98.104 Y115.105
G0 X98.279 Y115.249
G1 F3000 X90.979 Y107.95 E569.65651
G0 F9000 X91.124 Y108.131
G0 X88.06 Y110.702
G0 X87.905 Y110.533
G1 F3000 X90.588 Y113.216 E569.78271
G0 F9000 X90.588 Y112.988
G0 X87.842 Y112.988
G0 X87.842 Y113.216
G1 F3000 X97.514 Y103.544 E570.23766
G0 F9000 X97.748 Y103.405
G1 F3000 X103.915 Y109.572 E570.52773
G0 F9000 X103.767 Y109.4
G0 X100.817 Y112.126
G0 X100.975 Y112.289
G1 F3000 X94.262 Y105.575 E570.84351
G0 F9000 X94.391 Y105.763
G0 X101.564 Y101.679
G0 X101.469 Y101.469
G1 F3000 X107.113 Y107.113 E571.10899
G0 F9000 X106.986 Y106.922
G0 X110.485 Y104.744
G0 X110.599 Y104.942
G1 F3000 X105.437 Y99.781 E571.35177
G0 F9000 X105.516 Y99.997
G0 X114.278 Y97.486
G0 X114.231 Y97.26
G1 F3000 X118.65 Y101.679 E571.55963
G0 F9000 X118.595 Y101.459
G0 X115.347 Y97.298
G0 X115.307 Y97.065
G1 F3000 X88.077 Y124.295 E572.84044
G0 F9000 X88.133 Y124.077
G0 X87.591 Y121.764
G0 X87.591 Y121.533
G1 F3000 X91.541 Y125.482 E573.02622
G0 F9000 X91.339 Y125.378
G0 X93.363 Y121.728
G0 X93.559 Y121.843
G1 F3000 X90.775 Y119.059 E573.15717
G0 F9000 X91.006 Y119.059
G0 X90.935 Y121.692
G0 X85.193 Y121.764
G0 X85.193 Y121.523
G1 F3000 X84.244 Y122.472 E573.20181
G0 F9000 X84.475 Y122.472
G0 X90.935 Y121.692
G0 X92.47 Y116.234
G0 X92.467 Y113.06
G0 X84.931 Y112.988
G0 X84.931 Y113.216
G1 F3000 X83.653 Y111.937 E573.26194
G1 X83.465 Y111.936
G1 X83.397 Y112.005 E573.26516
G1 F2700 E568.26516
G0 F9000 X83.596 Y112.136
G0 X86.451 Y112.103
G0 X117.923 Y101.69
G0 X120.323 Y101.084
G0 X122.744 Y100.66
G0 X125.178 Y100.416
G0 X127.615 Y100.354
G0 X130.048 Y100.474
G0 X132.469 Y100.777
G0 X134.413 Y101.169
G0 X138.283 Y102.235
G0 X138.205 Y102.452
G1 F2700 E573.26516
G1 F3000 X141.533 Y99.124 E573.4217
G0 F9000 X141.463 Y99.344
G0 X143.569 Y99.93
G0 X143.807 Y98.346
G0 X143.577 Y98.322
G1 F3000 X149.91 Y104.655 E573.71959
G0 F9000 X149.685 Y104.631
G0 X149.984 Y101.738
G0 X150.209 Y101.762
G1 F3000 X142.418 Y109.553 E574.08605
G0 F9000 X142.518 Y108.577
G1 F3000 X148.852 Y114.911 E574.38398
G0 F9000 X148.905 Y114.379
G1 F3000 X141.117 Y122.167 E574.75031
G0 F9000 X141.347 Y122.191
G0 X141.162 Y123.985
G0 X140.932 Y123.961
G1 F3000 X147.263 Y130.292 E575.0481
G0 F9000 X147.035 Y130.268
G0 X147.376 Y126.971
G0 X147.603 Y126.995
G1 F3000 X139.873 Y134.725 E575.41169
G0 F9000 X139.908 Y134.251
G1 F3000 X142.178 Y136.521 E575.51847
G0 F9000 X142.15 Y136.295
G0 X147.565 Y125.141
G0 X147.792 Y125.165
G1 F3000 X141.46 Y118.833 E575.81631
G0 F9000 X141.691 Y118.857
G0 X143.12 Y104.343
G0 X142.294 Y103.903
G0 X142.2 Y104.114
G1 F3000 X150.86 Y95.454 E576.22365
G0 F9000 X150.636 Y95.431
G0 X150.745 Y94.378
G0 X150.969 Y94.401
G1 F3000 X149.53 Y92.962 E576.29133
G0 F9000 X149.565 Y93.191
G0 X146.64 Y94.337
G0 X146.517 Y94.139
G1 F3000 X144.436 Y96.221 E576.38924
G0 F9000 X144.626 Y96.354
G0 X145.849 Y94.947
G0 X145.693 Y94.781
G1 F3000 X150.44 Y99.528 E576.61252
G0 F9000 X149.917 Y99.472
G1 F2700 E571.61252
;MESH:NONMESH
G0 F300 X149.917 Y99.472 Z1.6
G0 F9000 X132.469 Y100.777
G0 X130.048 Y100.474
G0 X127.615 Y100.354
G0 X125.178 Y100.416
G0 X122.744 Y100.66
G0 X120.323 Y101.084
G0 X117.923 Y101.69
G0 X115.553 Y102.472
G0 X113.219 Y103.429
G0 X110.931 Y104.556
G0 X108.695 Y105.851
G0 X106.519 Y107.307
G0 X104.411 Y108.92
G0 X102.376 Y110.685
G0 X100.423 Y112.596
G0 X98.555 Y114.645
G0 X96.781 Y116.827
G0 X95.105 Y119.133
G0 X93.531 Y121.557
G0 X92.345 Y123.608
G0 X90.941 Y126.318
G0 X90.795 Y126.975
;TIME_ELAPSED:914.899377
;LAYER:7
;TYPE:WALL-INNER
;MESH:FT03-Upright.stl
G1 F2700 E576.61252
G1 F1111.1 X90.739 Y127.597 E576.64057
G1 F2700 E571.64057
G0 F9000 X92.418 Y124.281
G0 X93.872 Y121.767
G0 X95.435 Y119.36
G0 X97.098 Y117.071
G0 X98.858 Y114.906
G0 X100.711 Y112.874
G0 X102.647 Y110.979
G0 X104.664 Y109.23
G0 X106.752 Y107.632
G0 X108.907 Y106.191
G0 X111.119 Y104.909
G0 X113.383 Y103.794
G0 X115.692 Y102.847
G0 X118.035 Y102.074
G0 X120.406 Y101.476
G0 X122.799 Y101.057
G0 X125.203 Y100.816
G0 X127.61 Y100.755
G0 X130.014 Y100.873
G0 X132.405 Y101.172
G0 X134.776 Y101.65
G0 X137.118 Y102.304
G0 X139.424 Y103.134
G0 X142.692 Y104.591
G0 X139.728 Y140.794
G0 X141.604 Y141.544
G0 X143.372 Y141.962
G0 X142.481 Y141.847
G1 F2700 E576.64057
G1 F1578.9 X141.773 Y141.756 E576.66312
G1 F1595.7 X141.14 Y141.495 E576.68453
G1 F1591.5 X140.594 Y141.076 E576.7061
G1 F1587.3 X140.176 Y140.531 E576.72769
G1 F1591.5 X139.913 Y139.899 E576.74915
G1 F1587.3 X139.823 Y139.196 E576.77142
G1 F1570.7 X139.897 Y138.531 E576.79268
G1 F1530.6 X140.163 Y137.889 E576.81533
G1 F1503.8 X140.582 Y137.341 E576.83822
G1 F1500 X141.127 Y136.925 E576.86102
G1 X141.775 Y136.654 E576.88438
G1 X142.46 Y136.567 E576.90735
G1 X143.143 Y136.655 E576.93025
G1 X143.784 Y136.924 E576.95337
G1 X144.327 Y137.338 E576.97608
G1 X144.752 Y137.887 E576.99917
G1 X145.018 Y138.535 E577.02247
G1 X145.106 Y139.218 E577.04538
G1 X145.017 Y139.901 E577.06829
G1 F1385.7 X144.729 Y140.624 E577.09631
G1 F1276.6 X144.331 Y141.116 E577.12104
G1 F1214.6 X143.744 Y141.608 E577.1525
G1 F1202.4 X143.158 Y141.785 E577.1779
G1 F1382.5 X142.481 Y141.847 E577.20243
G0 F9000 X142.515 Y142.229
G1 F1492.5 X143.126 Y142.209 E577.22287
G1 F1351.4 X143.937 Y142.133 E577.25294
G1 F1321.6 X144.69 Y141.375 E577.29327
G1 F1318.7 X145.085 Y140.922 E577.31601
G1 F1345.3 X145.256 Y140.763 E577.32467
G1 F1449.3 X145.623 Y140.378 E577.34298
G1 F1500 X146.526 Y139.382 E577.3877
G1 X151.343 Y92.776 E578.94607
G1 X150.769 Y92.776 E578.96517
G1 X149.949 Y92.818 E578.99247
G1 X149.193 Y92.933 E579.01791
G1 X148.432 Y93.13 E579.04405
G1 X147.701 Y93.401 E579.06998
G1 X147.004 Y93.742 E579.09579
G1 X146.344 Y94.153 E579.12165
G1 X145.744 Y94.62 E579.14694
G1 X145.156 Y95.178 E579.1739
G1 X144.668 Y95.748 E579.19886
G1 X144.215 Y96.398 E579.22521
G1 X143.848 Y97.061 E579.25042
G1 X143.556 Y97.738 E579.27494
G1 X143.43 Y98.966 E579.316
G1 X143.326 Y99.178 E579.32385
G1 X143.155 Y99.336 E579.33159
G1 X142.966 Y99.411 E579.33836
G1 X142.695 Y99.407 E579.34737
G1 X139.426 Y98.376 E579.46138
G1 X137.503 Y97.849 E579.52769
G1 X135.62 Y97.403 E579.59206
G1 X133.698 Y97.024 E579.65721
G1 X131.779 Y96.719 E579.72184
G1 X129.881 Y96.481 E579.78546
G1 X127.896 Y96.315 E579.85171
G1 X125.933 Y96.22 E579.91708
G1 X123.949 Y96.197 E579.98307
G1 X122.006 Y96.25 E580.04772
G1 X120.131 Y96.367 E580.11021
G1 X118.143 Y96.564 E580.17665
G1 X116.177 Y96.833 E580.24265
G1 X114.382 Y97.146 E580.30325
G1 X112.377 Y97.573 E580.37143
G1 X110.52 Y98.041 E580.43513
G1 X108.571 Y98.606 E580.50262
G1 X106.661 Y99.242 E580.56958
G1 X104.876 Y99.903 E580.63289
G1 X103.052 Y100.659 E580.69856
G1 X101.096 Y101.553 E580.77009
G1 X99.483 Y102.368 E580.8302
G1 X97.737 Y103.318 E580.89631
G1 X96.028 Y104.335 E580.96245
G1 X94.362 Y105.408 E581.02836
G1 X92.711 Y106.552 E581.09517
G1 X91.104 Y107.747 E581.16178
G1 X89.537 Y109.005 E581.22861
G1 X88.012 Y110.324 E581.29567
G1 X86.528 Y111.697 E581.36292
G1 X86.206 Y111.856 E581.37486
G1 X83.316 Y111.856 E581.47098
G1 X83.316 Y113.527 E581.52656
G1 X83.851 Y113.68 E581.54507
G1 X84.912 Y113.38 E581.58174
G1 X91.712 Y113.38 E581.80791
G1 X91.975 Y113.49 E581.81739
G1 X92.137 Y113.66 E581.8252
G1 X92.228 Y113.891 E581.83346
G1 X92.228 Y115.496 E581.88684
G1 X92.163 Y115.671 E581.89305
G1 X91.928 Y115.916 E581.90434
G1 X91.628 Y115.996 E581.91467
G1 X90.693 Y115.996 E581.94577
G1 X90.696 Y120.864 E582.10768
G1 X90.661 Y121.058 E582.11423
G1 X90.508 Y121.289 E582.12345
G1 X90.316 Y121.411 E582.13102
G1 X90.108 Y121.452 E582.13807
G1 X85.106 Y121.452 E582.30443
G1 X84.851 Y121.264 E582.31497
G1 X84.164 Y121.73 E582.34258
G1 X84.164 Y123.479 E582.40075
G1 X88.504 Y124.6 E582.54984
G1 X90.196 Y124.617 E582.60612
G1 X90.44 Y124.71 E582.6148
G1 X90.623 Y124.894 E582.62344
G1 X90.716 Y125.222 E582.63478
G1 F1357.5 X90.744 Y126.759 E582.69127
G1 F1224.5 X90.8 Y126.995 E582.70116
G1 F1339.3 X91.647 Y125.451 E582.76676
G1 F1500 X92.296 Y124.188 E582.81399
G1 X93.744 Y121.681 E582.91028
G1 X95.322 Y119.255 E583.00654
G1 X96.99 Y116.957 E583.10098
G1 X98.73 Y114.821 E583.19261
G1 X100.587 Y112.779 E583.28441
G1 X102.562 Y110.85 E583.37624
G1 X104.546 Y109.13 E583.46357
G1 X106.682 Y107.497 E583.553
G1 X108.843 Y106.052 E583.63946
G1 X111.047 Y104.775 E583.72418
G1 X113.344 Y103.644 E583.80934
G1 X115.623 Y102.711 E583.89124
G1 X118.006 Y101.921 E583.97474
G1 X120.395 Y101.325 E584.05664
G1 X122.8 Y100.903 E584.13785
G1 X125.164 Y100.666 E584.21687
G1 X127.65 Y100.605 E584.29958
G1 X130.059 Y100.724 E584.3798
G1 X132.438 Y101.023 E584.45955
G1 X134.811 Y101.5 E584.54006
G1 X137.18 Y102.167 E584.62191
G1 X139.5 Y103.003 E584.70393
G1 X142.46 Y104.315 E584.81162
G1 X142.629 Y104.427 E584.81836
G1 X142.798 Y104.713 E584.82941
G1 X142.814 Y104.926 E584.83652
G1 X139.938 Y132.822 E585.76926
G1 F1507.5 X139.518 Y138.358 E585.95299
G1 F1550.4 X139.445 Y139.195 E585.98003
G1 F1587.3 X139.549 Y139.999 E586.00551
G1 F1591.5 X139.847 Y140.719 E586.02994
G1 F1587.3 X140.327 Y141.343 E586.05468
G1 F1591.5 X140.953 Y141.822 E586.07939
G1 F1595.7 X141.675 Y142.122 E586.10384
G1 F1578.9 X142.515 Y142.229 E586.13059
G0 F9000 X142.478 Y142.62
;TYPE:WALL-OUTER
G1 F1500 X144.165 Y142.62 E586.1867
G1 X144.539 Y142.169 E586.20619
G1 X146.911 Y139.554 E586.32362
G1 X151.786 Y92.376 E587.90112
G1 X150.724 Y92.377 E587.93644
G1 X149.909 Y92.42 E587.96358
G1 X149.113 Y92.541 E587.99036
G1 X148.312 Y92.748 E588.01788
G1 X147.543 Y93.033 E588.04516
G1 X146.81 Y93.392 E588.0723
G1 X146.115 Y93.825 E588.09954
G1 X145.483 Y94.316 E588.12616
G1 X144.866 Y94.902 E588.15446
G1 X144.351 Y95.503 E588.18078
G1 X143.875 Y96.186 E588.20847
G1 X143.488 Y96.885 E588.23505
G1 X143.164 Y97.636 E588.26225
G1 X143.033 Y98.88 E588.30386
G1 X142.918 Y99.009 E588.3096
G1 X142.815 Y99.027 E588.31308
G1 X139.539 Y97.992 E588.42735
G1 X137.638 Y97.47 E588.49292
G1 X135.705 Y97.012 E588.55899
G1 X133.768 Y96.63 E588.62466
G1 X131.835 Y96.323 E588.68975
G1 X129.923 Y96.083 E588.75385
G1 X127.922 Y95.916 E588.82063
G1 X125.945 Y95.82 E588.88646
G1 X123.939 Y95.797 E588.95319
G1 X122.029 Y95.848 E589.01674
G1 X120.053 Y95.972 E589.08259
G1 X118.096 Y96.167 E589.148
G1 X116.115 Y96.438 E589.2145
G1 X114.306 Y96.753 E589.27558
G1 X112.286 Y97.183 E589.34427
G1 X110.422 Y97.653 E589.4082
G1 X108.385 Y98.245 E589.47876
G1 X106.583 Y98.845 E589.54193
G1 X104.73 Y99.531 E589.60765
G1 X102.892 Y100.292 E589.67381
G1 X100.995 Y101.157 E589.74316
G1 X99.297 Y102.014 E589.80642
G1 X97.539 Y102.97 E589.87297
G1 X95.896 Y103.947 E589.93655
G1 X94.14 Y105.075 E590.00597
G1 X92.477 Y106.227 E590.07326
G1 X90.859 Y107.431 E590.14033
G1 X89.281 Y108.698 E590.20764
G1 X87.72 Y110.049 E590.27631
G1 X86.256 Y111.403 E590.34263
G1 X86.155 Y111.453 E590.34638
G1 X82.916 Y111.456 E590.45411
G1 X82.916 Y113.829 E590.53304
G1 X83.851 Y114.096 E590.56538
G1 X84.949 Y113.783 E590.60335
G1 X91.669 Y113.784 E590.82686
G1 X91.783 Y113.852 E590.83128
G1 X91.825 Y113.942 E590.83458
G1 X91.823 Y115.444 E590.88454
G1 X91.708 Y115.596 E590.89088
G1 X90.293 Y115.596 E590.93794
G1 X90.296 Y120.904 E591.11448
G1 X90.15 Y121.052 E591.1214
G1 X85.197 Y121.052 E591.28614
G1 X85.077 Y120.964 E591.29108
G1 X84.922 Y120.731 E591.30039
G1 X83.764 Y121.518 E591.34696
G1 X83.764 Y123.789 E591.42249
G1 X88.451 Y125 E591.5835
G1 X90.155 Y125.019 E591.64018
G1 X90.285 Y125.108 E591.64542
G1 X90.316 Y125.218 E591.64922
G1 X90.29 Y128.043 E591.74319
G1 X91.115 Y128.04 E591.77063
G1 X91.287 Y127.027 E591.8048
G1 X92.642 Y124.388 E591.90347
G1 X94.08 Y121.899 E591.99908
G1 X95.646 Y119.49 E592.09464
G1 X97.3 Y117.209 E592.18835
G1 X99.04 Y115.073 E592.27999
G1 X100.884 Y113.048 E592.37108
G1 X102.824 Y111.152 E592.4613
G1 X104.808 Y109.432 E592.54864
G1 X106.904 Y107.829 E592.6364
G1 X109.032 Y106.405 E592.72156
G1 X111.243 Y105.124 E592.80655
G1 X113.496 Y104.014 E592.89009
G1 X115.785 Y103.078 E592.97234
G1 X118.103 Y102.309 E593.05357
G1 X120.465 Y101.719 E593.13454
G1 X122.84 Y101.301 E593.21475
G1 X125.204 Y101.064 E593.29377
G1 X127.61 Y101.004 E593.37382
G1 X130.009 Y101.121 E593.4537
G1 X132.36 Y101.415 E593.53251
G1 X134.727 Y101.891 E593.61281
G1 X137.044 Y102.543 E593.69287
G1 X139.338 Y103.369 E593.77396
G1 X142.33 Y104.699 E593.88287
G1 X142.416 Y104.848 E593.88859
G1 X139.54 Y132.786 E594.82272
G1 X139.054 Y139.206 E595.03686
G1 X139.171 Y140.1 E595.06685
G1 X139.508 Y140.915 E595.09618
G1 X140.051 Y141.621 E595.12581
G1 X140.757 Y142.161 E595.15537
G1 X141.573 Y142.5 E595.18476
G1 X142.478 Y142.62 E595.21512
G0 F9000 X143.048 Y142.006
G0 X142.465 Y141.456
G1 F1500 X141.875 Y141.382 E595.2349
G1 X141.332 Y141.158 E595.25444
G1 X140.87 Y140.802 E595.27383
G1 X140.513 Y140.339 E595.29328
G1 X140.287 Y139.795 E595.31287
G1 X140.212 Y139.201 E595.33279
G1 X140.284 Y138.635 E595.35176
G1 X140.503 Y138.114 E595.37056
G1 X140.868 Y137.626 E595.39083
G1 X141.31 Y137.288 E595.40934
G1 X141.88 Y137.044 E595.42996
G1 X142.456 Y136.97 E595.44927
G1 X143.037 Y137.044 E595.46875
G1 X143.602 Y137.288 E595.48922
G1 X144.042 Y137.624 E595.50764
G1 X144.387 Y138.069 E595.52636
G1 X144.628 Y138.636 E595.54686
G1 X144.699 Y139.193 E595.56553
G1 X144.628 Y139.795 E595.58569
G1 X144.387 Y140.359 E595.60609
G1 X144.049 Y140.795 E595.62444
G1 X143.588 Y141.15 E595.64379
G1 X143.019 Y141.386 E595.66428
G1 X142.465 Y141.456 E595.68285
G0 F9000 X143.048 Y142.006
G0 X143.908 Y141.728
G0 X144.509 Y141.267
G0 X144.97 Y140.666
G0 X145.379 Y139.524
G0 X145.15 Y139.493
;TYPE:FILL
G1 F3000 X145.763 Y140.106 E595.71169
G0 F9000 X145.595 Y139.953
G0 X145.259 Y138.465
G0 X144.97 Y137.765
G0 X144.596 Y137.279
G0 X143.614 Y136.518
G0 X143.525 Y136.73
G1 F3000 X147.087 Y133.167 E595.87926
G0 F9000 X146.863 Y133.144
G0 X146.619 Y135.506
G0 X146.843 Y135.53
G1 F3000 X140.402 Y129.089 E596.18222
G0 F9000 X140.467 Y128.474
G1 F3000 X148.391 Y120.55 E596.55494
G0 F9000 X148.434 Y120.149
G1 F3000 X141.989 Y113.705 E596.85807
G0 F9000 X142.219 Y113.729
G0 X141.997 Y115.883
G0 X141.768 Y115.859
G1 F3000 X149.696 Y107.931 E597.23098
G0 F9000 X149.469 Y107.907
G0 X149.266 Y109.872
G0 X149.494 Y109.896
G1 F3000 X137.542 Y97.944 E597.79317
G0 F9000 X137.151 Y97.849
G1 F3000 X133.787 Y101.213 E597.9514
G0 F9000 X133.832 Y100.99
G0 X135.632 Y101.412
G0 X135.571 Y101.63
G1 F3000 X130.593 Y96.652 E598.18555
G0 F9000 X130.565 Y96.881
G0 X132.403 Y97.131
G0 X132.439 Y96.904
G1 F3000 X128.763 Y100.58 E598.35846
G1 X128.868 Y100.584
G1 X124.569 Y96.285 E598.56067
G0 F9000 X124.566 Y96.515
G0 X127.309 Y96.595
G0 X127.32 Y96.367
G1 F3000 X122.871 Y100.815 E598.76991
G0 F9000 X123.39 Y100.763
G1 F3000 X119.171 Y96.543 E598.96838
G0 F9000 X119.192 Y96.772
G0 X121.693 Y96.58
G0 X121.679 Y96.35
G1 F3000 X115.251 Y102.779 E599.27076
G0 F9000 X114.428 Y103.114
G1 F3000 X109.681 Y98.368 E599.49402
G0 F9000 X109.744 Y98.589
G0 X107.827 Y99.18
G0 X107.755 Y98.96
G1 F3000 X92.308 Y114.408 E600.22062
G0 F9000 X92.308 Y114.935
G1 F3000 X95.814 Y118.442 E600.38556
G0 F9000 X95.631 Y118.308
G0 X98.104 Y115.105
G0 X98.279 Y115.249
G1 F3000 X90.98 Y107.95 E600.72888
G0 F9000 X91.124 Y108.13
G0 X88.06 Y110.702
G0 X87.905 Y110.533
G1 F3000 X90.672 Y113.3 E600.85903
G0 F9000 X90.672 Y113.07
G0 X87.758 Y113.07
G0 X87.758 Y113.3
G1 F3000 X97.514 Y103.544 E601.31793
G0 F9000 X97.748 Y103.405
G1 F3000 X103.915 Y109.572 E601.608
G0 F9000 X103.767 Y109.4
G0 X100.817 Y112.126
G0 X100.975 Y112.289
G1 F3000 X94.262 Y105.575 E601.92379
G0 F9000 X94.391 Y105.763
G0 X101.564 Y101.679
G0 X101.469 Y101.469
G1 F3000 X107.113 Y107.113 E602.18926
G0 F9000 X106.986 Y106.922
G0 X110.485 Y104.744
G0 X110.599 Y104.942
G1 F3000 X105.437 Y99.781 E602.43204
G0 F9000 X105.516 Y99.997
G0 X114.278 Y97.486
G0 X114.231 Y97.26
G1 F3000 X118.65 Y101.679 E602.6399
G0 F9000 X118.595 Y101.459
G0 X115.347 Y97.298
G0 X115.307 Y97.065
G1 F3000 X87.988 Y124.384 E603.9249
G0 F9000 X88.044 Y124.165
G0 X87.591 Y121.764
G0 X87.591 Y121.532
G1 F3000 X91.541 Y125.482 E604.1107
G0 F9000 X91.339 Y125.378
G0 X93.363 Y121.728
G0 X93.559 Y121.843
G1 F3000 X90.775 Y119.059 E604.24165
G0 F9000 X91.006 Y119.059
G0 X90.935 Y121.692
G0 X85.193 Y121.764
G0 X85.193 Y121.523
G1 F3000 X84.245 Y122.471 E604.28624
G0 F9000 X84.474 Y122.471
G0 X90.935 Y121.692
G0 X92.47 Y116.234
G0 X92.467 Y113.142
G0 X85.015 Y113.07
G0 X85.015 Y113.3
G1 F3000 X83.652 Y111.936 E604.35037
G1 X83.465 Y111.936
G1 X83.396 Y112.006 E604.35364
G1 F2700 E599.35364
G0 F9000 X83.596 Y112.136
G0 X86.451 Y112.103
G0 X117.923 Y101.69
G0 X120.323 Y101.084
G0 X122.744 Y100.66
G0 X125.178 Y100.416
G0 X127.615 Y100.354
G0 X130.048 Y100.474
G0 X132.469 Y100.777
G0 X134.413 Y101.169
G0 X138.283 Y102.235
G0 X138.205 Y102.452
G1 F2700 E604.35364
G1 F3000 X141.533 Y99.124 E604.51018
G0 F9000 X141.463 Y99.344
G0 X143.569 Y99.93
G0 X143.807 Y98.346
G0 X143.577 Y98.322
G1 F3000 X150.023 Y104.768 E604.81338
G0 F9000 X149.796 Y104.744
G0 X150.121 Y101.599
G0 X150.348 Y101.623
G1 F3000 X142.418 Y109.552 E605.18636
G0 F9000 X142.518 Y108.577
G1 F3000 X148.963 Y115.022 E605.48951
G0 F9000 X149.044 Y114.24
G1 F3000 X141.117 Y122.167 E605.86238
G0 F9000 X141.347 Y122.191
G0 X141.162 Y123.985
G0 X140.931 Y123.961
G1 F3000 X147.374 Y130.403 E606.16541
G0 F9000 X147.148 Y130.379
G0 X147.514 Y126.834
G0 X147.739 Y126.858
G1 F3000 X139.873 Y134.724 E606.5354
G0 F9000 X139.909 Y134.252
G1 F3000 X142.178 Y136.521 E606.64213
G0 F9000 X142.15 Y136.295
G0 X147.678 Y125.252
G0 X147.903 Y125.276
G1 F3000 X141.46 Y118.833 E606.94519
G0 F9000 X141.691 Y118.857
G0 X143.12 Y104.343
G0 X142.294 Y103.903
G0 X142.2 Y104.114
G1 F3000 X151 Y95.314 E607.35911
G0 F9000 X151.083 Y94.515
G1 F3000 X149.53 Y92.962 E607.43216
G0 F9000 X149.565 Y93.191
G0 X146.64 Y94.337
G0 X146.518 Y94.139
G1 F3000 X144.437 Y96.22 E607.53005
G0 F9000 X144.626 Y96.352
G0 X145.849 Y94.947
G0 X145.693 Y94.781
G1 F3000 X150.554 Y99.642 E607.75869
G0 F9000 X150.028 Y99.586
G1 F2700 E602.75869
;MESH:NONMESH
G0 F300 X150.028 Y99.586 Z1.8
G0 F9000 X132.469 Y100.777
G0 X130.048 Y100.474
G0 X127.615 Y100.354
G0 X125.178 Y100.416
G0 X122.744 Y100.66
G0 X120.323 Y101.084
G0 X117.923 Y101.69
G0 X115.553 Y102.472
G0 X113.219 Y103.429
G0 X110.931 Y104.556
G0 X108.695 Y105.851
G0 X106.519 Y107.307
G0 X104.411 Y108.92
G0 X102.376 Y110.685
G0 X100.423 Y112.596
G0 X98.555 Y114.645
G0 X96.781 Y116.827
G0 X95.105 Y119.133
G0 X93.531 Y121.557
G0 X92.345 Y123.608
G0 X90.941 Y126.317
G0 X90.796 Y126.974
;TIME_ELAPSED:960.682419
;LAYER:8
;TYPE:WALL-INNER
;MESH:FT03-Upright.stl
G1 F2700 E607.75869
G1 F1145 X90.724 Y127.765 E607.7933
G1 F2700 E602.7933
G0 F9000 X91.051 Y126.948
G0 X92.418 Y124.281
G0 X93.872 Y121.767
G0 X95.435 Y119.36
G0 X97.098 Y117.071
G0 X98.858 Y114.906
G0 X100.711 Y112.874
G0 X102.647 Y110.979
G0 X104.664 Y109.23
G0 X106.752 Y107.632
G0 X108.907 Y106.191
G0 X111.119 Y104.909
G0 X113.383 Y103.794
G0 X115.692 Y102.847
G0 X118.035 Y102.074
G0 X120.406 Y101.476
G0 X122.799 Y101.057
G0 X125.203 Y100.816
G0 X127.61 Y100.755
G0 X130.014 Y100.873
G0 X132.405 Y101.172
G0 X134.776 Y101.65
G0 X137.118 Y102.304
G0 X139.424 Y103.134
G0 X142.692 Y104.591
G0 X139.728 Y140.794
G0 X141.604 Y141.544
G0 X143.372 Y141.962
G0 X142.481 Y141.847
G1 F2700 E607.7933
G1 F1578.9 X141.773 Y141.756 E607.81586
G1 F1595.7 X141.14 Y141.495 E607.83726
G1 F1591.5 X140.594 Y141.076 E607.85884
G1 F1587.3 X140.176 Y140.531 E607.88042
G1 F1591.5 X139.913 Y139.899 E607.90188
G1 F1587.3 X139.823 Y139.196 E607.92416
G1 F1570.7 X139.897 Y138.531 E607.94541
G1 F1530.6 X140.163 Y137.889 E607.96806
G1 F1503.8 X140.582 Y137.341 E607.99095
G1 F1500 X141.127 Y136.925 E608.01375
G1 X141.775 Y136.654 E608.03712
G1 X142.46 Y136.567 E608.06008
G1 X143.143 Y136.655 E608.08299
G1 X143.782 Y136.923 E608.10603
G1 X144.327 Y137.338 E608.12882
G1 X144.751 Y137.887 E608.15189
G1 X145.018 Y138.531 E608.17508
G1 X145.105 Y139.212 E608.19791
G1 F1435.4 X145.018 Y139.893 E608.22177
G1 F1324.5 X144.731 Y140.625 E608.25139
G1 F1287.6 X144.341 Y141.11 E608.2755
G1 F1239.7 X143.746 Y141.607 E608.3067
G1 F1212.1 X143.157 Y141.785 E608.33203
G1 F1382.5 X142.481 Y141.847 E608.35653
G0 F9000 X142.515 Y142.229
G1 F1492.5 X143.126 Y142.209 E608.37696
G1 F1310 X143.928 Y142.135 E608.40763
G1 F1202.4 X144.211 Y141.871 E608.42369
G1 F1260.5 X144.694 Y141.381 E608.45092
G1 F1304.3 X145.091 Y140.927 E608.47399
G1 F1333.3 X145.264 Y140.768 E608.48278
G1 F1449.3 X145.633 Y140.385 E608.50109
G1 F1500 X146.667 Y139.246 E608.55226
G1 X151.463 Y92.776 E610.10606
G1 X150.772 Y92.776 E610.12905
G1 X149.949 Y92.818 E610.15646
G1 X149.193 Y92.933 E610.18189
G1 X148.432 Y93.13 E610.20803
G1 X147.701 Y93.401 E610.23397
G1 X147.004 Y93.742 E610.25977
G1 X146.344 Y94.153 E610.28563
G1 X145.744 Y94.62 E610.31092
G1 X145.156 Y95.178 E610.33788
G1 X144.668 Y95.748 E610.36284
G1 X144.215 Y96.398 E610.38919
G1 X143.848 Y97.061 E610.4144
G1 X143.556 Y97.738 E610.43892
G1 X143.429 Y98.961 E610.47981
G1 X143.265 Y99.248 E610.49081
G1 X142.966 Y99.411 E610.50213
G1 X142.695 Y99.407 E610.51115
G1 X139.426 Y98.376 E610.62516
G1 X137.503 Y97.849 E610.69147
G1 X135.62 Y97.403 E610.75584
G1 X133.698 Y97.024 E610.82099
G1 X131.779 Y96.719 E610.88562
G1 X129.881 Y96.481 E610.94924
G1 X127.896 Y96.315 E611.01549
G1 X125.933 Y96.22 E611.08086
G1 X123.949 Y96.197 E611.14685
G1 X122.006 Y96.25 E611.2115
G1 X120.131 Y96.367 E611.27398
G1 X118.143 Y96.564 E611.34043
G1 X116.177 Y96.833 E611.40643
G1 X114.382 Y97.146 E611.46703
G1 X112.377 Y97.573 E611.53521
G1 X110.52 Y98.041 E611.59891
G1 X108.571 Y98.606 E611.6664
G1 X106.661 Y99.242 E611.73336
G1 X104.876 Y99.903 E611.79667
G1 X103.052 Y100.659 E611.86234
G1 X101.096 Y101.553 E611.93387
G1 X99.483 Y102.368 E611.99398
G1 X97.737 Y103.318 E612.06009
G1 X96.028 Y104.335 E612.12623
G1 X94.362 Y105.408 E612.19214
G1 X92.71 Y106.552 E612.25898
G1 X91.104 Y107.747 E612.32556
G1 X89.537 Y109.005 E612.39239
G1 X88.012 Y110.324 E612.45945
G1 X86.528 Y111.697 E612.5267
G1 X86.208 Y111.856 E612.53858
G1 X83.316 Y111.856 E612.63477
G1 X83.316 Y113.608 E612.69304
G1 X83.851 Y113.763 E612.71157
G1 X84.908 Y113.46 E612.74814
G1 X91.714 Y113.46 E612.97451
G1 X91.975 Y113.57 E612.98393
G1 X92.132 Y113.732 E612.99143
G1 X92.228 Y113.97 E612.99997
G1 X92.228 Y115.496 E613.05072
G1 X92.163 Y115.671 E613.05693
G1 X91.928 Y115.916 E613.06822
G1 X91.628 Y115.996 E613.07855
G1 X90.693 Y115.996 E613.10965
G1 X90.696 Y120.864 E613.27156
G1 X90.661 Y121.058 E613.27811
G1 X90.497 Y121.3 E613.28784
G1 X90.297 Y121.418 E613.29556
G1 X90.109 Y121.452 E613.30192
G1 X85.106 Y121.452 E613.46832
G1 X84.851 Y121.264 E613.47885
G1 X84.164 Y121.73 E613.50646
G1 X84.161 Y123.59 E613.56833
G1 X88.504 Y124.708 E613.71749
G1 X90.19 Y124.729 E613.77357
G1 X90.401 Y124.799 E613.78096
G1 X90.605 Y124.979 E613.79001
G1 X90.717 Y125.334 E613.80239
G1 F1357.5 X90.746 Y126.759 E613.85477
G1 F1224.5 X90.801 Y126.995 E613.86465
G1 F1342.3 X91.595 Y125.551 E613.9259
G1 F1500 X92.296 Y124.188 E613.97687
G1 X93.744 Y121.681 E614.07317
G1 X95.322 Y119.255 E614.16942
G1 X96.99 Y116.957 E614.26387
G1 X98.73 Y114.821 E614.3555
G1 X100.587 Y112.779 E614.4473
G1 X102.562 Y110.85 E614.53912
G1 X104.546 Y109.13 E614.62646
G1 X106.682 Y107.497 E614.71588
G1 X108.843 Y106.052 E614.80235
G1 X111.047 Y104.775 E614.88707
G1 X113.344 Y103.644 E614.97222
G1 X115.623 Y102.711 E615.05413
G1 X118.006 Y101.921 E615.13763
G1 X120.395 Y101.325 E615.21953
G1 X122.8 Y100.903 E615.30074
G1 X125.164 Y100.666 E615.37976
G1 X127.65 Y100.605 E615.46247
G1 X130.059 Y100.724 E615.54269
G1 X132.438 Y101.023 E615.62244
G1 X134.811 Y101.5 E615.70294
G1 X137.18 Y102.167 E615.7848
G1 X139.5 Y103.003 E615.86682
G1 X142.53 Y104.346 E615.97705
G1 X142.719 Y104.535 E615.98594
G1 X142.82 Y104.854 E615.99707
G1 X139.938 Y132.822 E616.93222
G1 F1507.5 X139.518 Y138.358 E617.11595
G1 F1550.4 X139.445 Y139.195 E617.14299
G1 F1587.3 X139.549 Y139.999 E617.16847
G1 F1591.5 X139.847 Y140.719 E617.1929
G1 F1587.3 X140.327 Y141.343 E617.21764
G1 F1591.5 X140.953 Y141.822 E617.24235
G1 F1595.7 X141.675 Y142.122 E617.26679
G1 F1578.9 X142.515 Y142.229 E617.29355
G0 F9000 X142.478 Y142.62
;TYPE:WALL-OUTER
G1 F1500 X144.165 Y142.62 E617.34966
G1 X144.384 Y142.353 E617.36115
G1 X147.051 Y139.418 E617.49305
G1 X151.906 Y92.376 E619.06598
G1 X150.721 Y92.377 E619.10539
G1 X149.909 Y92.42 E619.13244
G1 X149.113 Y92.541 E619.15922
G1 X148.312 Y92.748 E619.18674
G1 X147.543 Y93.033 E619.21401
G1 X146.81 Y93.392 E619.24116
G1 X146.115 Y93.825 E619.26839
G1 X145.483 Y94.316 E619.29501
G1 X144.866 Y94.902 E619.32332
G1 X144.351 Y95.503 E619.34964
G1 X143.875 Y96.186 E619.37733
G1 X143.488 Y96.885 E619.4039
G1 X143.164 Y97.636 E619.43111
G1 X143.033 Y98.88 E619.47271
G1 X142.947 Y98.994 E619.47746
G1 X142.791 Y99.019 E619.48272
G1 X139.539 Y97.992 E619.59614
G1 X137.638 Y97.47 E619.66171
G1 X135.705 Y97.012 E619.72778
G1 X133.768 Y96.63 E619.79345
G1 X131.835 Y96.323 E619.85855
G1 X129.923 Y96.083 E619.92264
G1 X127.922 Y95.916 E619.98942
G1 X125.945 Y95.82 E620.05526
G1 X123.939 Y95.797 E620.12198
G1 X122.029 Y95.848 E620.18553
G1 X120.053 Y95.972 E620.25138
G1 X118.096 Y96.167 E620.31679
G1 X116.115 Y96.438 E620.3833
G1 X114.306 Y96.753 E620.44437
G1 X112.286 Y97.183 E620.51306
G1 X110.422 Y97.653 E620.577
G1 X108.385 Y98.245 E620.64755
G1 X106.583 Y98.845 E620.71072
G1 X104.73 Y99.531 E620.77644
G1 X102.892 Y100.292 E620.8426
G1 X100.995 Y101.157 E620.91195
G1 X99.297 Y102.014 E620.97521
G1 X97.539 Y102.97 E621.04177
G1 X95.896 Y103.947 E621.10535
G1 X94.14 Y105.075 E621.17476
G1 X92.477 Y106.227 E621.24205
G1 X90.859 Y107.431 E621.30913
G1 X89.281 Y108.698 E621.37644
G1 X87.719 Y110.05 E621.44515
G1 X86.256 Y111.403 E621.51143
G1 X86.155 Y111.454 E621.51519
G1 X82.916 Y111.456 E621.62292
G1 X82.916 Y113.909 E621.70451
G1 X83.851 Y114.179 E621.73687
G1 X84.949 Y113.862 E621.77489
G1 X91.67 Y113.864 E621.99843
G1 X91.744 Y113.896 E622.00111
G1 X91.824 Y114.02 E622.00602
G1 X91.823 Y115.444 E622.05338
G1 X91.708 Y115.596 E622.05972
G1 X90.293 Y115.596 E622.10678
G1 X90.296 Y120.905 E622.28336
G1 X90.23 Y121.002 E622.28726
G1 X90.133 Y121.049 E622.29085
G1 X85.197 Y121.052 E622.45502
G1 X85.077 Y120.964 E622.45997
G1 X84.922 Y120.731 E622.46928
G1 X83.764 Y121.518 E622.51584
G1 X83.761 Y123.9 E622.59507
G1 X88.451 Y125.108 E622.75615
G1 X90.152 Y125.131 E622.81273
G1 X90.279 Y125.211 E622.81772
G1 X90.317 Y125.33 E622.82188
G1 X90.29 Y128.195 E622.91717
G1 X91.087 Y128.195 E622.94368
G1 X91.287 Y127.03 E622.983
G1 X92.642 Y124.388 E623.08175
G1 X94.08 Y121.899 E623.17736
G1 X95.646 Y119.49 E623.27293
G1 X97.3 Y117.209 E623.36664
G1 X99.04 Y115.073 E623.45827
G1 X100.884 Y113.048 E623.54936
G1 X102.824 Y111.152 E623.63959
G1 X104.808 Y109.432 E623.72692
G1 X106.904 Y107.829 E623.81468
G1 X109.032 Y106.405 E623.89985
G1 X111.243 Y105.124 E623.98483
G1 X113.496 Y104.014 E624.06837
G1 X115.785 Y103.078 E624.15062
G1 X118.103 Y102.309 E624.23185
G1 X120.465 Y101.719 E624.31283
G1 X122.84 Y101.301 E624.39303
G1 X125.204 Y101.064 E624.47205
G1 X127.61 Y101.004 E624.5521
G1 X130.009 Y101.121 E624.63199
G1 X132.36 Y101.415 E624.71079
G1 X134.727 Y101.891 E624.79109
G1 X137.044 Y102.543 E624.87115
G1 X139.338 Y103.369 E624.95225
G1 X142.331 Y104.699 E625.06118
G1 X142.416 Y104.849 E625.06691
G1 X139.54 Y132.786 E626.00101
G1 X139.054 Y139.206 E626.21515
G1 X139.171 Y140.1 E626.24514
G1 X139.508 Y140.915 E626.27447
G1 X140.051 Y141.621 E626.3041
G1 X140.757 Y142.161 E626.33366
G1 X141.573 Y142.5 E626.36305
G1 X142.478 Y142.62 E626.39341
G0 F9000 X143.048 Y142.006
G0 X142.465 Y141.456
G1 F1500 X141.875 Y141.382 E626.41319
G1 X141.332 Y141.158 E626.43273
G1 X140.87 Y140.802 E626.45213
G1 X140.513 Y140.339 E626.47157
G1 X140.287 Y139.795 E626.49117
G1 X140.212 Y139.201 E626.51108
G1 X140.284 Y138.635 E626.53006
G1 X140.503 Y138.114 E626.54885
G1 X140.868 Y137.626 E626.56912
G1 X141.31 Y137.288 E626.58763
G1 X141.88 Y137.044 E626.60825
G1 X142.456 Y136.97 E626.62757
G1 X143.039 Y137.045 E626.64712
G1 X143.602 Y137.288 E626.66751
G1 X144.042 Y137.624 E626.68593
G1 X144.387 Y138.069 E626.70465
G1 X144.618 Y138.611 E626.72425
G1 X144.702 Y139.215 E626.74453
G1 X144.628 Y139.796 E626.76401
G1 X144.387 Y140.359 E626.78438
G1 X144.042 Y140.804 E626.80311
G1 X143.576 Y141.159 E626.82259
G1 X143.019 Y141.386 E626.8426
G1 X142.465 Y141.456 E626.86117
G0 F9000 X143.048 Y142.006
G0 X143.738 Y141.978
G0 X144.509 Y141.267
G0 X144.97 Y140.666
G0 X145.379 Y139.523
G0 X145.149 Y139.492
;TYPE:FILL
G1 F3000 X145.771 Y140.114 E626.89043
G0 F9000 X145.603 Y139.961
G0 X145.259 Y138.465
G0 X144.97 Y137.765
G0 X144.596 Y137.279
G0 X143.614 Y136.518
G0 X143.526 Y136.729
G1 F3000 X147.228 Y133.027 E627.06456
G0 F9000 X147.002 Y133.003
G0 X147.261 Y130.493
G0 X147.488 Y130.517
G1 F3000 X140.932 Y123.961 E627.37293
G0 F9000 X141.162 Y123.985
G0 X141.347 Y122.191
G0 X141.117 Y122.167
G1 F3000 X149.181 Y114.103 E627.75224
G0 F9000 X148.955 Y114.079
G0 X148.849 Y115.11
G0 X149.075 Y115.134
G1 F3000 X142.517 Y108.576 E628.06071
G0 F9000 X142.418 Y109.553
G1 F3000 X150.483 Y101.488 E628.44006
G0 F9000 X150.257 Y101.464
G0 X150.437 Y99.727
G0 X150.663 Y99.751
G1 F3000 X145.693 Y94.781 E628.67383
G0 F9000 X145.849 Y94.947
G0 X146.64 Y94.337
G0 X146.517 Y94.139
G1 F3000 X144.439 Y96.217 E628.77158
G0 F9000 X144.628 Y96.349
G0 X143.807 Y98.346
G0 X143.577 Y98.322
G1 F3000 X150.134 Y104.879 E629.08
G0 F9000 X149.907 Y104.855
G0 X149.606 Y107.772
G0 X149.832 Y107.796
G1 F3000 X141.767 Y115.86 E629.45933
G0 F9000 X141.997 Y115.884
G0 X142.219 Y113.729
G0 X141.989 Y113.705
G1 F3000 X148.546 Y120.262 E629.76775
G1 X148.53 Y120.411
G1 X140.467 Y128.474 E630.14701
G0 F9000 X140.403 Y129.089
G1 F3000 X146.959 Y135.645 E630.45538
G0 F9000 X146.732 Y135.621
G0 X142.15 Y136.295
G0 X142.178 Y136.521
G1 F3000 X139.908 Y134.251 E630.56215
G0 F9000 X139.873 Y134.725
G1 F3000 X147.879 Y126.718 E630.93876
G0 F9000 X147.653 Y126.694
G0 X147.79 Y125.366
G0 X148.017 Y125.39
G1 F3000 X141.46 Y118.833 E631.24718
G0 F9000 X141.691 Y118.857
G0 X149.378 Y109.983
G0 X149.605 Y110.007
G1 F3000 X137.542 Y97.944 E631.81458
G0 F9000 X137.151 Y97.849
G1 F3000 X133.787 Y101.213 E631.97282
G0 F9000 X133.832 Y100.99
G0 X135.632 Y101.412
G0 X135.571 Y101.63
G1 F3000 X130.593 Y96.652 E632.20697
G0 F9000 X130.565 Y96.881
G0 X132.403 Y97.131
G0 X132.439 Y96.904
G1 F3000 X128.763 Y100.58 E632.37987
G1 X128.868 Y100.584
G1 X124.569 Y96.285 E632.58209
G0 F9000 X124.566 Y96.515
G0 X127.309 Y96.595
G0 X127.32 Y96.367
G1 F3000 X122.871 Y100.815 E632.79133
G0 F9000 X123.39 Y100.763
G1 F3000 X119.171 Y96.543 E632.9898
G0 F9000 X119.192 Y96.772
G0 X121.693 Y96.58
G0 X121.679 Y96.35
G1 F3000 X115.251 Y102.779 E633.29218
G0 F9000 X114.428 Y103.114
G1 F3000 X109.681 Y98.368 E633.51544
G0 F9000 X109.744 Y98.589
G0 X107.827 Y99.18
G0 X107.755 Y98.96
G1 F3000 X92.308 Y114.408 E634.24204
G0 F9000 X92.308 Y114.935
G1 F3000 X95.814 Y118.442 E634.40698
G0 F9000 X95.631 Y118.308
G0 X98.104 Y115.105
G0 X98.279 Y115.249
G1 F3000 X90.98 Y107.95 E634.7503
G0 F9000 X91.124 Y108.13
G0 X88.06 Y110.702
G0 X87.905 Y110.533
G1 F3000 X90.752 Y113.38 E634.88421
G0 F9000 X90.752 Y113.152
G0 X87.678 Y113.152
G0 X87.678 Y113.38
G1 F3000 X97.514 Y103.544 E635.34687
G0 F9000 X97.748 Y103.405
G1 F3000 X103.915 Y109.572 E635.63695
G0 F9000 X103.767 Y109.4
G0 X100.817 Y112.126
G0 X100.975 Y112.289
G1 F3000 X94.262 Y105.575 E635.95273
G0 F9000 X94.391 Y105.763
G0 X101.564 Y101.679
G0 X101.469 Y101.469
G1 F3000 X107.113 Y107.113 E636.2182
G0 F9000 X106.986 Y106.922
G0 X110.485 Y104.744
G0 X110.599 Y104.942
G1 F3000 X105.437 Y99.781 E636.46099
G0 F9000 X105.516 Y99.997
G0 X114.278 Y97.486
G0 X114.231 Y97.26
G1 F3000 X118.65 Y101.679 E636.66884
G0 F9000 X118.595 Y101.459
G0 X115.347 Y97.298
G0 X115.307 Y97.065
G1 F3000 X87.901 Y124.471 E637.95794
G0 F9000 X87.957 Y124.252
G0 X87.591 Y121.764
G0 X87.591 Y121.533
G1 F3000 X91.541 Y125.482 E638.14371
G0 F9000 X91.339 Y125.378
G0 X93.363 Y121.728
G0 X93.559 Y121.843
G1 F3000 X90.775 Y119.059 E638.27466
G0 F9000 X91.006 Y119.059
G0 X90.935 Y121.692
G0 X85.193 Y121.764
G0 X85.193 Y121.523
G1 F3000 X84.243 Y122.473 E638.31934
G0 F9000 X84.473 Y122.474
G0 X90.935 Y121.692
G0 X92.47 Y116.234
G0 X92.467 Y113.224
G0 X85.095 Y113.152
G0 X85.095 Y113.38
G1 F3000 X83.652 Y111.936 E638.38724
G1 X83.466 Y111.936
G1 X83.396 Y112.006 E638.39054
G1 F2700 E633.39054
G0 F9000 X83.596 Y112.136
G0 X86.451 Y112.103
G0 X117.923 Y101.69
G0 X120.323 Y101.084
G0 X122.744 Y100.66
G0 X125.178 Y100.416
G0 X127.615 Y100.354
G0 X130.048 Y100.474
G0 X132.469 Y100.777
G0 X134.413 Y101.169
G0 X138.283 Y102.235
G0 X138.205 Y102.452
G1 F2700 E638.39054
G1 F3000 X141.532 Y99.124 E638.54705
G0 F9000 X141.462 Y99.344
G0 X142.294 Y103.903
G0 X142.2 Y104.114
G1 F3000 X151.134 Y95.179 E638.9673
G0 F9000 X151.192 Y94.624
G1 F3000 X149.53 Y92.962 E639.04548
G0 F9000 X149.609 Y93.489
G1 F2700 E634.04548
;MESH:NONMESH
G0 F300 X149.609 Y93.489 Z2
G0 F9000 X143.569 Y99.93
G0 X125.178 Y100.416
G0 X122.744 Y100.66
G0 X120.323 Y101.084
G0 X117.923 Y101.69
G0 X115.553 Y102.472
G0 X113.219 Y103.429
G0 X110.931 Y104.556
G0 X108.695 Y105.851
G0 X106.519 Y107.307
G0 X104.411 Y108.92
G0 X102.376 Y110.685
G0 X100.423 Y112.596
G0 X98.555 Y114.645
G0 X96.781 Y116.827
G0 X95.105 Y119.133
G0 X93.531 Y121.557
G0 X92.345 Y123.608
G0 X90.941 Y126.317
G0 X90.795 Y126.975
;TIME_ELAPSED:1006.246196
;LAYER:9
;TYPE:WALL-INNER
;MESH:FT03-Upright.stl
G1 F2700 E639.04548
G1 F1169.6 X90.71 Y127.932 E639.08646
G1 F2700 E634.08646
G0 F9000 X91.051 Y126.948
G0 X92.418 Y124.281
G0 X93.872 Y121.767
G0 X95.435 Y119.36
G0 X97.098 Y117.071
G0 X98.858 Y114.906
G0 X100.711 Y112.874
G0 X102.647 Y110.979
G0 X104.664 Y109.23
G0 X106.752 Y107.632
G0 X108.907 Y106.191
G0 X111.119 Y104.909
G0 X113.383 Y103.794
G0 X115.692 Y102.847
G0 X118.035 Y102.074
G0 X120.406 Y101.476
G0 X122.799 Y101.057
G0 X125.203 Y100.816
G0 X127.61 Y100.755
G0 X130.014 Y100.873
G0 X132.405 Y101.172
G0 X134.776 Y101.65
G0 X137.118 Y102.304
G0 X139.424 Y103.134
G0 X142.692 Y104.591
G0 X139.728 Y140.794
G0 X141.604 Y141.544
G0 X143.372 Y141.962
G0 X142.481 Y141.847
G1 F2700 E639.08646
G1 F1578.9 X141.773 Y141.756 E639.10901
G1 F1595.7 X141.14 Y141.495 E639.13042
G1 F1591.5 X140.594 Y141.076 E639.152
G1 F1587.3 X140.176 Y140.531 E639.17358
G1 F1591.5 X139.913 Y139.899 E639.19504
G1 F1587.3 X139.823 Y139.196 E639.21732
G1 F1570.7 X139.897 Y138.531 E639.23857
G1 F1530.6 X140.163 Y137.889 E639.26122
G1 F1503.8 X140.582 Y137.341 E639.28411
G1 F1500 X141.127 Y136.925 E639.30691
G1 X141.775 Y136.654 E639.33027
G1 X142.46 Y136.567 E639.35324
G1 X143.143 Y136.655 E639.37615
G1 X143.784 Y136.924 E639.39927
G1 X144.327 Y137.338 E639.42198
G1 X144.754 Y137.89 E639.44519
G1 X145.018 Y138.535 E639.46837
G1 X145.106 Y139.217 E639.49124
G1 F1428.6 X145.017 Y139.895 E639.51512
G1 F1304.3 X144.735 Y140.628 E639.54516
G1 F1242.2 X144.335 Y141.121 E639.57066
G1 F1192.8 X143.759 Y141.603 E639.60207
G1 F1209.7 X143.158 Y141.785 E639.62797
G1 F1408.5 X142.481 Y141.847 E639.65205
G0 F9000 X142.515 Y142.229
G1 F1492.5 X143.126 Y142.209 E639.67249
G1 F1351.4 X143.961 Y142.132 E639.70344
G1 F1293.1 X144.604 Y141.498 E639.73828
G1 F1271.2 X145.101 Y140.936 E639.76773
G1 F1315.8 X145.277 Y140.777 E639.77672
G1 F1442.3 X145.646 Y140.392 E639.79517
G1 F1500 X146.807 Y139.11 E639.85269
G1 X151.586 Y92.776 E641.40194
G1 X150.774 Y92.776 E641.42895
G1 X149.949 Y92.818 E641.45643
G1 X149.193 Y92.933 E641.48186
G1 X148.432 Y93.13 E641.50801
G1 X147.701 Y93.401 E641.53394
G1 X147.004 Y93.742 E641.55974
G1 X146.345 Y94.153 E641.58558
G1 X145.744 Y94.62 E641.61089
G1 X145.156 Y95.179 E641.63787
G1 X144.668 Y95.748 E641.66281
G1 X144.214 Y96.398 E641.68918
G1 X143.848 Y97.061 E641.71436
G1 X143.556 Y97.738 E641.73889
G1 X143.429 Y98.959 E641.77972
G1 X143.269 Y99.245 E641.79062
G1 X142.966 Y99.411 E641.80211
G1 X142.695 Y99.407 E641.81112
G1 X139.426 Y98.376 E641.92513
G1 X137.535 Y97.857 E641.99035
G1 X135.62 Y97.403 E642.05581
G1 X133.698 Y97.024 E642.12097
G1 X131.779 Y96.719 E642.18559
G1 X129.881 Y96.481 E642.24921
G1 X127.896 Y96.315 E642.31547
G1 X125.933 Y96.22 E642.38083
G1 X123.949 Y96.197 E642.44683
G1 X122.006 Y96.25 E642.51147
G1 X120.131 Y96.367 E642.57396
G1 X118.143 Y96.564 E642.6404
G1 X116.177 Y96.833 E642.7064
G1 X114.382 Y97.146 E642.767
G1 X112.377 Y97.573 E642.83519
G1 X110.52 Y98.041 E642.89888
G1 X108.571 Y98.606 E642.96637
G1 X106.661 Y99.242 E643.03333
G1 X104.876 Y99.903 E643.09664
G1 X103.052 Y100.659 E643.16231
G1 X101.096 Y101.553 E643.23384
G1 X99.483 Y102.368 E643.29395
G1 X97.737 Y103.318 E643.36006
G1 X96.028 Y104.335 E643.42621
G1 X94.362 Y105.408 E643.49211
G1 X92.71 Y106.552 E643.55895
G1 X91.104 Y107.747 E643.62553
G1 X89.537 Y109.005 E643.69237
G1 X87.99 Y110.344 E643.76042
G1 X86.528 Y111.697 E643.82667
G1 X86.206 Y111.856 E643.83861
G1 X83.316 Y111.856 E643.93474
G1 X83.316 Y113.691 E643.99577
G1 X83.851 Y113.844 E644.01428
G1 X84.912 Y113.544 E644.05095
G1 X91.628 Y113.544 E644.27432
G1 X91.862 Y113.591 E644.28226
G1 X92.127 Y113.808 E644.29365
G1 X92.228 Y114.048 E644.30231
G1 X92.228 Y115.496 E644.35047
G1 X92.163 Y115.671 E644.35668
G1 X91.928 Y115.916 E644.36798
G1 X91.628 Y115.996 E644.3783
G1 X90.693 Y115.996 E644.4094
G1 X90.696 Y120.864 E644.57131
G1 X90.661 Y121.058 E644.57787
G1 X90.485 Y121.31 E644.58809
G1 X90.277 Y121.425 E644.596
G1 X90.109 Y121.452 E644.60165
G1 X85.106 Y121.452 E644.76806
G1 X84.851 Y121.264 E644.77859
G1 X84.164 Y121.73 E644.8062
G1 X84.161 Y123.699 E644.87169
G1 X88.501 Y124.816 E645.02075
G1 X90.208 Y124.847 E645.07753
G1 X90.357 Y124.892 E645.08271
G1 X90.581 Y125.065 E645.09212
G1 X90.712 Y125.445 E645.10549
G1 F1357.5 X90.744 Y126.759 E645.1538
G1 F1224.5 X90.799 Y126.994 E645.16363
G1 F1339.3 X91.545 Y125.649 E645.22092
G1 F1500 X92.296 Y124.188 E645.27556
G1 X93.744 Y121.681 E645.37185
G1 X95.322 Y119.255 E645.46811
G1 X96.99 Y116.957 E645.56255
G1 X98.73 Y114.821 E645.65419
G1 X100.587 Y112.779 E645.74599
G1 X102.562 Y110.85 E645.83781
G1 X104.546 Y109.13 E645.92514
G1 X106.682 Y107.497 E646.01457
G1 X108.843 Y106.052 E646.10103
G1 X111.047 Y104.775 E646.18575
G1 X113.344 Y103.644 E646.27091
G1 X115.623 Y102.711 E646.35282
G1 X118.006 Y101.921 E646.43632
G1 X120.395 Y101.325 E646.51821
G1 X122.8 Y100.903 E646.59942
G1 X125.164 Y100.666 E646.67845
G1 X127.65 Y100.605 E646.76116
G1 X130.059 Y100.724 E646.84138
G1 X132.438 Y101.023 E646.92113
G1 X134.811 Y101.499 E647.00162
G1 X137.18 Y102.167 E647.08349
G1 X139.5 Y103.003 E647.16551
G1 X142.46 Y104.315 E647.2732
G1 X142.722 Y104.54 E647.28468
G1 X142.82 Y104.855 E647.29566
G1 X139.938 Y132.822 E648.23077
G1 F1507.5 X139.518 Y138.358 E648.4145
G1 F1550.4 X139.445 Y139.195 E648.44154
G1 F1587.3 X139.549 Y139.999 E648.46702
G1 F1591.5 X139.847 Y140.719 E648.49145
G1 F1587.3 X140.327 Y141.343 E648.51619
G1 F1591.5 X140.953 Y141.822 E648.5409
G1 F1595.7 X141.675 Y142.122 E648.56534
G1 F1578.9 X142.515 Y142.229 E648.5921
G0 F9000 X142.478 Y142.62
;TYPE:WALL-OUTER
G1 F1500 X144.171 Y142.62 E648.64841
G1 X147.191 Y139.282 E648.79813
G1 X152.03 Y92.376 E650.36651
G1 X150.718 Y92.377 E650.41014
G1 X149.909 Y92.42 E650.43709
G1 X149.113 Y92.541 E650.46387
G1 X148.312 Y92.748 E650.49139
G1 X147.543 Y93.033 E650.51866
G1 X146.81 Y93.392 E650.54581
G1 X146.115 Y93.825 E650.57304
G1 X145.483 Y94.316 E650.59966
G1 X144.866 Y94.903 E650.62799
G1 X144.351 Y95.503 E650.65429
G1 X143.874 Y96.186 E650.682
G1 X143.488 Y96.885 E650.70855
G1 X143.164 Y97.636 E650.73576
G1 X143.033 Y98.879 E650.77733
G1 X142.948 Y98.993 E650.78206
G1 X142.791 Y99.019 E650.78735
G1 X139.539 Y97.992 E650.90078
G1 X137.67 Y97.478 E650.96525
G1 X135.705 Y97.012 E651.03242
G1 X133.768 Y96.63 E651.09808
G1 X131.835 Y96.323 E651.16318
G1 X129.923 Y96.083 E651.22727
G1 X127.922 Y95.916 E651.29406
G1 X125.945 Y95.82 E651.35989
G1 X123.939 Y95.797 E651.42662
G1 X122.029 Y95.848 E651.49017
G1 X120.053 Y95.972 E651.55602
G1 X118.096 Y96.167 E651.62143
G1 X116.115 Y96.438 E651.68793
G1 X114.306 Y96.753 E651.749
G1 X112.286 Y97.183 E651.8177
G1 X110.422 Y97.653 E651.88163
G1 X108.385 Y98.245 E651.95219
G1 X106.583 Y98.845 E652.01536
G1 X104.73 Y99.531 E652.08108
G1 X102.892 Y100.292 E652.14724
G1 X100.995 Y101.157 E652.21658
G1 X99.297 Y102.014 E652.27985
G1 X97.539 Y102.97 E652.3464
G1 X95.896 Y103.947 E652.40998
G1 X94.14 Y105.075 E652.4794
G1 X92.477 Y106.227 E652.54668
G1 X90.859 Y107.431 E652.61376
G1 X89.281 Y108.698 E652.68107
G1 X87.718 Y110.05 E652.74981
G1 X86.256 Y111.403 E652.81606
G1 X86.155 Y111.453 E652.81981
G1 X82.916 Y111.456 E652.92754
G1 X82.916 Y113.993 E653.01192
G1 X83.851 Y114.26 E653.04426
G1 X84.949 Y113.947 E653.08224
G1 X91.67 Y113.948 E653.30578
G1 X91.744 Y113.98 E653.30846
G1 X91.824 Y114.101 E653.31328
G1 X91.823 Y115.444 E653.35795
G1 X91.708 Y115.596 E653.36429
G1 X90.293 Y115.596 E653.41136
G1 X90.296 Y120.905 E653.58793
G1 X90.226 Y121.005 E653.59199
G1 X90.13 Y121.05 E653.59552
G1 X85.197 Y121.052 E653.75959
G1 X85.077 Y120.964 E653.76454
G1 X84.922 Y120.731 E653.77385
G1 X83.764 Y121.518 E653.82042
G1 X83.761 Y124.009 E653.90327
G1 X88.447 Y125.216 E654.06421
G1 X90.144 Y125.242 E654.12066
G1 X90.269 Y125.315 E654.12548
G1 X90.312 Y125.442 E654.12994
G1 X90.29 Y128.351 E654.22669
G1 X91.063 Y128.348 E654.2524
G1 X91.287 Y127.027 E654.29697
G1 X92.642 Y124.388 E654.39563
G1 X94.08 Y121.899 E654.49124
G1 X95.646 Y119.49 E654.58681
G1 X97.3 Y117.209 E654.68052
G1 X99.04 Y115.073 E654.77215
G1 X100.884 Y113.048 E654.86324
G1 X102.824 Y111.152 E654.95347
G1 X104.808 Y109.432 E655.0408
G1 X106.904 Y107.829 E655.12856
G1 X109.032 Y106.405 E655.21373
G1 X111.243 Y105.124 E655.29872
G1 X113.496 Y104.014 E655.38225
G1 X115.785 Y103.078 E655.4645
G1 X118.103 Y102.309 E655.54573
G1 X120.465 Y101.719 E655.62671
G1 X122.84 Y101.301 E655.70691
G1 X125.204 Y101.064 E655.78593
G1 X127.61 Y101.004 E655.86598
G1 X130.009 Y101.121 E655.94587
G1 X132.36 Y101.415 E656.02467
G1 X134.727 Y101.891 E656.10498
G1 X137.044 Y102.543 E656.18503
G1 X139.338 Y103.369 E656.26613
G1 X142.298 Y104.681 E656.37381
G1 X142.385 Y104.756 E656.37763
G1 X142.416 Y104.849 E656.38089
G1 X139.54 Y132.786 E657.31499
G1 X139.054 Y139.206 E657.52913
G1 X139.171 Y140.1 E657.55912
G1 X139.508 Y140.915 E657.58846
G1 X140.051 Y141.621 E657.61808
G1 X140.757 Y142.161 E657.64764
G1 X141.573 Y142.5 E657.67703
G1 X142.478 Y142.62 E657.7074
G0 F9000 X143.048 Y142.006
G0 X142.465 Y141.456
G1 F1500 X141.875 Y141.382 E657.72717
G1 X141.332 Y141.158 E657.74671
G1 X140.87 Y140.802 E657.76611
G1 X140.513 Y140.339 E657.78555
G1 X140.287 Y139.795 E657.80515
G1 X140.212 Y139.201 E657.82506
G1 X140.284 Y138.635 E657.84404
G1 X140.503 Y138.114 E657.86283
G1 X140.868 Y137.626 E657.8831
G1 X141.31 Y137.288 E657.90161
G1 X141.88 Y137.044 E657.92223
G1 X142.456 Y136.97 E657.94155
G1 X143.017 Y137.042 E657.96036
G1 X143.602 Y137.288 E657.98147
G1 X144.042 Y137.624 E657.99988
G1 X144.405 Y138.092 E658.01958
G1 X144.631 Y138.662 E658.03997
G1 X144.702 Y139.216 E658.05855
G1 X144.628 Y139.796 E658.078
G1 X144.387 Y140.359 E658.09837
G1 X144.049 Y140.795 E658.11672
G1 X143.578 Y141.159 E658.13651
G1 X143.019 Y141.386 E658.15658
G1 X142.465 Y141.456 E658.17515
G0 F9000 X143.048 Y142.006
G0 X143.908 Y141.728
G0 X144.395 Y141.354
G0 X145.049 Y140.633
G0 X145.163 Y140.748
;TYPE:FILL
G1 F3000 X145.719 Y140.192 E658.20131
G1 X145.781 Y140.125
G1 X145.15 Y139.493 E658.23101
G0 F9000 X145.379 Y139.524
G0 X145.259 Y138.465
G0 X144.97 Y137.765
G0 X144.596 Y137.279
G0 X143.614 Y136.518
G0 X143.525 Y136.73
G1 F3000 X147.367 Y132.887 E658.41175
G0 F9000 X147.141 Y132.863
G0 X147.374 Y130.606
G0 X147.601 Y130.63
G1 F3000 X140.931 Y123.961 E658.72546
G0 F9000 X141.162 Y123.985
G0 X141.347 Y122.191
G0 X141.117 Y122.167
G1 F3000 X149.32 Y113.964 E659.11131
G0 F9000 X149.093 Y113.94
G0 X148.961 Y115.223
G0 X149.188 Y115.247
G1 F3000 X142.517 Y108.576 E659.42509
G0 F9000 X142.417 Y109.553
G1 F3000 X150.621 Y101.35 E659.81096
G0 F9000 X150.394 Y101.326
G0 X150.548 Y99.839
G0 X150.775 Y99.863
G1 F3000 X145.693 Y94.781 E660.05
G0 F9000 X145.849 Y94.947
G0 X146.64 Y94.337
G0 X146.517 Y94.139
G1 F3000 X144.436 Y96.221 E660.14791
G0 F9000 X144.625 Y96.353
G0 X143.807 Y98.346
G0 X143.577 Y98.322
G1 F3000 X150.246 Y104.991 E660.4616
G0 F9000 X150.019 Y104.967
G0 X149.744 Y107.633
G0 X149.97 Y107.657
G1 F3000 X141.767 Y115.86 E660.84744
G0 F9000 X141.997 Y115.884
G0 X142.22 Y113.728
G0 X141.988 Y113.704
G1 F3000 X148.659 Y120.374 E661.1612
G1 X148.668 Y120.272
G1 X140.467 Y128.474 E661.54697
G0 F9000 X140.403 Y129.089
G1 F3000 X147.072 Y135.758 E661.86066
G0 F9000 X146.845 Y135.734
G0 X142.15 Y136.295
G0 X142.178 Y136.521
G1 F3000 X139.908 Y134.251 E661.96744
G0 F9000 X139.873 Y134.725
G1 F3000 X148.018 Y126.58 E662.35055
G0 F9000 X147.792 Y126.556
G0 X147.903 Y125.478
G0 X148.13 Y125.502
G1 F3000 X141.46 Y118.833 E662.66426
G0 F9000 X141.691 Y118.857
G0 X149.49 Y110.095
G0 X149.717 Y110.119
G1 F3000 X137.54 Y97.942 E663.23703
G0 F9000 X137.151 Y97.849
G1 F3000 X133.787 Y101.213 E663.39527
G0 F9000 X133.832 Y100.99
G0 X135.632 Y101.412
G0 X135.571 Y101.63
G1 F3000 X130.593 Y96.652 E663.62942
G0 F9000 X130.565 Y96.88
G0 X132.403 Y97.13
G0 X132.439 Y96.904
G1 F3000 X128.763 Y100.58 E663.80232
G1 X128.868 Y100.584
G1 X124.569 Y96.285 E664.00453
G0 F9000 X124.566 Y96.514
G0 X127.309 Y96.595
G0 X127.32 Y96.367
G1 F3000 X122.871 Y100.815 E664.21378
G0 F9000 X123.39 Y100.763
G1 F3000 X119.171 Y96.543 E664.41225
G0 F9000 X119.192 Y96.772
G0 X121.693 Y96.58
G0 X121.679 Y96.35
G1 F3000 X115.251 Y102.779 E664.71463
G0 F9000 X114.428 Y103.114
G1 F3000 X109.681 Y98.368 E664.93789
G0 F9000 X109.744 Y98.589
G0 X107.827 Y99.18
G0 X107.755 Y98.96
G1 F3000 X92.309 Y114.407 E665.66444
G0 F9000 X92.308 Y114.935
G1 F3000 X95.814 Y118.442 E665.82938
G0 F9000 X95.631 Y118.308
G0 X98.104 Y115.105
G0 X98.279 Y115.249
G1 F3000 X90.98 Y107.95 E666.1727
G0 F9000 X91.124 Y108.13
G0 X88.06 Y110.702
G0 X87.905 Y110.533
G1 F3000 X90.836 Y113.464 E666.31057
G0 F9000 X90.836 Y113.234
G0 X87.595 Y113.234
G0 X87.595 Y113.464
G1 F3000 X97.514 Y103.544 E666.77715
G0 F9000 X97.748 Y103.405
G1 F3000 X103.915 Y109.572 E667.06723
G0 F9000 X103.767 Y109.4
G0 X100.817 Y112.126
G0 X100.975 Y112.289
G1 F3000 X94.262 Y105.575 E667.38301
G0 F9000 X94.391 Y105.763
G0 X101.564 Y101.679
G0 X101.469 Y101.469
G1 F3000 X107.113 Y107.113 E667.64849
G0 F9000 X106.986 Y106.922
G0 X110.485 Y104.744
G0 X110.599 Y104.942
G1 F3000 X105.437 Y99.781 E667.89127
G0 F9000 X105.516 Y99.997
G0 X114.278 Y97.486
G0 X114.231 Y97.26
G1 F3000 X118.65 Y101.679 E668.09912
G0 F9000 X118.595 Y101.459
G0 X115.347 Y97.298
G0 X115.307 Y97.065
G1 F3000 X87.814 Y124.558 E669.39231
G0 F9000 X87.87 Y124.34
G0 X87.591 Y121.764
G0 X87.591 Y121.532
G1 F3000 X91.542 Y125.483 E669.57815
G0 F9000 X91.339 Y125.378
G0 X93.363 Y121.728
G0 X93.559 Y121.843
G1 F3000 X90.775 Y119.059 E669.7091
G0 F9000 X91.006 Y119.059
G0 X90.935 Y121.692
G0 X85.193 Y121.764
G0 X85.193 Y121.523
G1 F3000 X84.243 Y122.473 E669.75379
G0 F9000 X84.473 Y122.474
G0 X90.935 Y121.692
G0 X92.47 Y116.234
G0 X92.467 Y113.306
G0 X85.179 Y113.234
G0 X85.179 Y113.464
G1 F3000 X83.651 Y111.936 E669.82566
G1 X83.467 Y111.935
G1 X83.395 Y112.006 E669.82902
G1 F2700 E664.82902
G0 F9000 X83.596 Y112.136
G0 X86.451 Y112.103
G0 X117.923 Y101.69
G0 X120.323 Y101.084
G0 X122.744 Y100.66
G0 X125.178 Y100.416
G0 X127.615 Y100.354
G0 X130.048 Y100.474
G0 X132.469 Y100.777
G0 X134.413 Y101.169
G0 X138.283 Y102.235
G0 X138.205 Y102.452
G1 F2700 E669.82902
G1 F3000 X141.533 Y99.124 E669.98556
G0 F9000 X141.463 Y99.344
G0 X142.294 Y103.904
G0 X142.201 Y104.113
G1 F3000 X151.271 Y95.042 E670.41221
G0 F9000 X151.304 Y94.735
G1 F3000 X149.53 Y92.962 E670.49563
G0 F9000 X149.609 Y93.489
G1 F2700 E665.49563
;MESH:NONMESH
G0 F300 X149.609 Y93.489 Z2.2
G0 F9000 X143.569 Y99.93
G0 X125.178 Y100.416
G0 X122.744 Y100.66
G0 X120.323 Y101.084
G0 X117.923 Y101.69
G0 X115.553 Y102.472
G0 X113.219 Y103.429
G0 X110.931 Y104.556
G0 X108.695 Y105.851
G0 X106.519 Y107.307
G0 X104.411 Y108.92
G0 X102.376 Y110.685
G0 X100.423 Y112.596
G0 X98.555 Y114.645
G0 X96.781 Y116.827
G0 X95.105 Y119.133
G0 X93.531 Y121.557
G0 X92.345 Y123.608
G0 X90.941 Y126.317
G0 X90.795 Y126.975
;TIME_ELAPSED:1051.929497
;LAYER:10
;TYPE:WALL-INNER
;MESH:FT03-Upright.stl
G1 F2700 E670.49563
G1 F1156.1 X90.717 Y127.852 E670.53363
G1 F2700 E665.53363
G0 F9000 X91.051 Y126.948
G0 X92.418 Y124.281
G0 X93.872 Y121.767
G0 X95.435 Y119.36
G0 X97.098 Y117.071
G0 X98.858 Y114.906
G0 X100.711 Y112.874
G0 X102.647 Y110.979
G0 X104.664 Y109.23
G0 X106.752 Y107.632
G0 X108.907 Y106.191
G0 X111.119 Y104.909
G0 X113.383 Y103.794
G0 X115.692 Y102.847
G0 X118.035 Y102.074
G0 X120.406 Y101.476
G0 X122.799 Y101.057
G0 X125.203 Y100.816
G0 X127.61 Y100.755
G0 X130.014 Y100.873
G0 X132.405 Y101.172
G0 X134.776 Y101.65
G0 X137.118 Y102.304
G0 X139.424 Y103.134
G0 X142.692 Y104.591
G0 X139.728 Y140.794
G0 X141.604 Y141.544
G0 X143.372 Y141.962
G0 X142.481 Y141.847
G1 F2700 E670.53363
G1 F1578.9 X141.773 Y141.756 E670.55618
G1 F1595.7 X141.14 Y141.495 E670.57759
G1 X140.595 Y141.076 E670.59908
G1 F1591.5 X140.174 Y140.528 E670.62074
G1 X139.914 Y139.902 E670.64199
G1 F1587.3 X139.823 Y139.196 E670.66437
G1 F1570.7 X139.897 Y138.531 E670.68562
G1 F1530.6 X140.163 Y137.889 E670.70827
G1 F1503.8 X140.582 Y137.341 E670.73116
G1 F1500 X141.127 Y136.925 E670.75396
G1 X141.775 Y136.654 E670.77732
G1 X142.46 Y136.566 E670.80029
G1 X143.144 Y136.656 E670.82324
G1 X143.782 Y136.923 E670.84624
G1 X144.33 Y137.34 E670.86915
G1 X144.752 Y137.888 E670.89215
G1 X145.018 Y138.535 E670.91542
G1 X145.106 Y139.216 E670.93826
G1 F1432 X145.017 Y139.897 E670.96218
G1 F1310 X144.733 Y140.626 E670.99198
G1 F1287.6 X144.366 Y141.082 E671.01466
G1 F1255.2 X143.763 Y141.601 E671.04628
G1 F1214.6 X143.158 Y141.785 E671.07226
G1 F1382.5 X142.481 Y141.847 E671.09679
G0 F9000 X142.515 Y142.229
G1 F1492.5 X143.126 Y142.209 E671.11722
G1 F1357.5 X143.948 Y142.134 E671.14756
G1 F1301.5 X144.6 Y141.494 E671.18258
G1 F1282.1 X145.097 Y140.932 E671.21178
G1 F1321.6 X145.273 Y140.774 E671.22071
G1 F1442.3 X145.641 Y140.39 E671.2391
G1 F1500 X146.739 Y139.178 E671.2935
G1 X151.526 Y92.776 E672.84502
G1 X150.773 Y92.776 E672.87007
G1 X149.949 Y92.818 E672.89751
G1 X149.193 Y92.933 E672.92294
G1 X148.432 Y93.13 E672.94909
G1 X147.701 Y93.401 E672.97502
G1 X147.004 Y93.742 E673.00083
G1 X146.344 Y94.153 E673.02669
G1 X145.744 Y94.62 E673.05198
G1 X145.156 Y95.179 E673.07896
G1 X144.668 Y95.748 E673.10389
G1 X144.214 Y96.398 E673.13026
G1 X143.848 Y97.061 E673.15545
G1 X143.556 Y97.738 E673.17997
G1 X143.429 Y98.959 E673.2208
G1 X143.267 Y99.247 E673.23179
G1 X142.966 Y99.411 E673.2432
G1 X142.695 Y99.407 E673.25221
G1 X139.426 Y98.38 E673.36618
G1 X137.539 Y97.858 E673.4313
G1 X135.621 Y97.407 E673.49683
G1 X133.701 Y97.027 E673.56193
G1 X131.783 Y96.719 E673.62654
G1 X129.881 Y96.481 E673.69029
G1 X127.896 Y96.315 E673.75654
G1 X125.937 Y96.22 E673.82178
G1 X123.95 Y96.197 E673.88787
G1 X122.006 Y96.25 E673.95255
G1 X120.131 Y96.367 E674.01503
G1 X118.143 Y96.564 E674.08148
G1 X116.177 Y96.833 E674.14748
G1 X114.382 Y97.146 E674.20808
G1 X112.377 Y97.573 E674.27626
G1 X110.52 Y98.041 E674.33996
G1 X108.571 Y98.606 E674.40745
G1 X106.661 Y99.242 E674.47441
G1 X104.876 Y99.903 E674.53772
G1 X103.052 Y100.659 E674.60339
G1 X101.096 Y101.553 E674.67492
G1 X99.483 Y102.368 E674.73502
G1 X97.737 Y103.318 E674.80114
G1 X96.028 Y104.335 E674.86728
G1 X94.362 Y105.408 E674.93319
G1 X92.711 Y106.552 E675
G1 X91.104 Y107.747 E675.0666
G1 X89.537 Y109.005 E675.13344
G1 X88.012 Y110.324 E675.2005
G1 X86.528 Y111.697 E675.26775
G1 X86.208 Y111.856 E675.27963
G1 X83.316 Y111.856 E675.37582
G1 X83.316 Y113.651 E675.43552
G1 X83.851 Y113.804 E675.45403
G1 X84.908 Y113.504 E675.49057
G1 X91.716 Y113.504 E675.71701
G1 X91.975 Y113.614 E675.72637
G1 X92.129 Y113.772 E675.7337
G1 X92.228 Y114.009 E675.74225
G1 X92.228 Y115.496 E675.79171
G1 X92.163 Y115.671 E675.79791
G1 X91.928 Y115.916 E675.80921
G1 X91.628 Y115.996 E675.81953
G1 X90.693 Y115.996 E675.85063
G1 X90.696 Y120.864 E676.01254
G1 X90.661 Y121.058 E676.0191
G1 X90.49 Y121.305 E676.02909
G1 X90.286 Y121.422 E676.03691
G1 X90.109 Y121.452 E676.04288
G1 X85.106 Y121.452 E676.20928
G1 X84.851 Y121.264 E676.21982
G1 X84.164 Y121.73 E676.24743
G1 X84.161 Y123.647 E676.31119
G1 X88.505 Y124.764 E676.46037
G1 X90.191 Y124.789 E676.51646
G1 X90.376 Y124.848 E676.52291
G1 X90.591 Y125.025 E676.53218
G1 X90.712 Y125.393 E676.54506
G1 F1357.5 X90.744 Y126.759 E676.59528
G1 F1224.5 X90.8 Y126.994 E676.60512
G1 F1339.3 X91.569 Y125.603 E676.66433
G1 F1500 X92.296 Y124.188 E676.71724
G1 X93.744 Y121.681 E676.81353
G1 X95.322 Y119.255 E676.90979
G1 X96.99 Y116.957 E677.00423
G1 X98.73 Y114.821 E677.09587
G1 X100.587 Y112.779 E677.18767
G1 X102.562 Y110.85 E677.27949
G1 X104.546 Y109.13 E677.36682
G1 X106.682 Y107.497 E677.45625
G1 X108.843 Y106.052 E677.54271
G1 X111.047 Y104.775 E677.62743
G1 X113.344 Y103.644 E677.71259
G1 X115.623 Y102.711 E677.7945
G1 X118.006 Y101.921 E677.878
G1 X120.395 Y101.325 E677.95989
G1 X122.8 Y100.903 E678.0411
G1 X125.164 Y100.666 E678.12013
G1 X127.65 Y100.605 E678.20284
G1 X130.059 Y100.724 E678.28306
G1 X132.416 Y101.019 E678.36206
G1 X134.81 Y101.499 E678.44327
G1 X137.18 Y102.167 E678.52517
G1 X139.5 Y103.003 E678.60719
G1 X142.46 Y104.315 E678.71488
G1 X142.633 Y104.432 E678.72182
G1 X142.799 Y104.717 E678.73279
G1 X142.82 Y104.855 E678.73744
G1 X139.938 Y132.822 E679.67255
G1 F1507.5 X139.518 Y138.358 E679.85628
G1 F1550.4 X139.445 Y139.195 E679.88332
G1 F1587.3 X139.549 Y140.002 E679.90889
G1 F1591.5 X139.846 Y140.715 E679.93311
G1 X140.328 Y141.344 E679.95795
G1 F1595.7 X140.953 Y141.822 E679.98255
G1 X141.675 Y142.122 E680.00699
G1 F1578.9 X142.515 Y142.229 E680.03375
G0 F9000 X142.478 Y142.62
;TYPE:WALL-OUTER
G1 F1500 X144.159 Y142.62 E680.08966
G1 X147.123 Y139.35 E680.23645
G1 X151.97 Y92.376 E681.8071
G1 X150.719 Y92.377 E681.84871
G1 X149.909 Y92.42 E681.87569
G1 X149.113 Y92.541 E681.90247
G1 X148.312 Y92.748 E681.92999
G1 X147.543 Y93.033 E681.95726
G1 X146.81 Y93.392 E681.98441
G1 X146.115 Y93.825 E682.01165
G1 X145.483 Y94.316 E682.03827
G1 X144.866 Y94.903 E682.06659
G1 X144.351 Y95.503 E682.09289
G1 X143.874 Y96.186 E682.1206
G1 X143.488 Y96.885 E682.14716
G1 X143.164 Y97.636 E682.17436
G1 X143.033 Y98.879 E682.21593
G1 X142.968 Y98.979 E682.2199
G1 X142.791 Y99.019 E682.22593
G1 X139.539 Y97.996 E682.33932
G1 X137.638 Y97.47 E682.40492
G1 X135.705 Y97.016 E682.47097
G1 X133.772 Y96.633 E682.53651
G1 X131.839 Y96.323 E682.60162
G1 X129.923 Y96.083 E682.66584
G1 X127.922 Y95.916 E682.73263
G1 X125.949 Y95.82 E682.79833
G1 X123.94 Y95.797 E682.86515
G1 X122.029 Y95.848 E682.92874
G1 X120.053 Y95.972 E682.99459
G1 X118.096 Y96.167 E683.06
G1 X116.115 Y96.438 E683.1265
G1 X114.306 Y96.753 E683.18757
G1 X112.286 Y97.183 E683.25627
G1 X110.422 Y97.653 E683.3202
G1 X108.385 Y98.245 E683.39076
G1 X106.583 Y98.845 E683.45393
G1 X104.73 Y99.531 E683.51965
G1 X102.892 Y100.292 E683.58581
G1 X100.995 Y101.157 E683.65515
G1 X99.297 Y102.014 E683.71842
G1 X97.539 Y102.97 E683.78497
G1 X95.896 Y103.947 E683.84855
G1 X94.14 Y105.075 E683.91797
G1 X92.477 Y106.227 E683.98525
G1 X90.859 Y107.431 E684.05233
G1 X89.281 Y108.698 E684.11964
G1 X87.719 Y110.05 E684.18835
G1 X86.256 Y111.403 E684.25463
G1 X86.155 Y111.454 E684.2584
G1 X82.916 Y111.456 E684.36612
G1 X82.916 Y113.953 E684.44918
G1 X83.851 Y114.22 E684.48152
G1 X84.949 Y113.906 E684.5195
G1 X91.67 Y113.908 E684.74304
G1 X91.744 Y113.94 E684.74572
G1 X91.824 Y114.062 E684.75058
G1 X91.823 Y115.444 E684.79654
G1 X91.708 Y115.596 E684.80288
G1 X90.293 Y115.596 E684.84994
G1 X90.296 Y120.905 E685.02652
G1 X90.143 Y121.052 E685.03358
G1 X85.197 Y121.052 E685.19808
G1 X85.077 Y120.964 E685.20303
G1 X84.922 Y120.731 E685.21234
G1 X83.764 Y121.518 E685.25891
G1 X83.761 Y123.957 E685.34003
G1 X88.451 Y125.164 E685.5011
G1 X90.146 Y125.19 E685.55749
G1 X90.272 Y125.267 E685.5624
G1 X90.312 Y125.39 E685.5667
G1 X90.29 Y128.276 E685.66269
G1 X91.075 Y128.276 E685.6888
G1 X91.287 Y127.027 E685.73094
G1 X92.642 Y124.388 E685.8296
G1 X94.08 Y121.899 E685.92521
G1 X95.646 Y119.49 E686.02078
G1 X97.3 Y117.209 E686.11449
G1 X99.04 Y115.073 E686.20612
G1 X100.884 Y113.048 E686.29721
G1 X102.824 Y111.152 E686.38744
G1 X104.808 Y109.432 E686.47477
G1 X106.904 Y107.829 E686.56253
G1 X109.032 Y106.405 E686.6477
G1 X111.243 Y105.124 E686.73269
G1 X113.496 Y104.014 E686.81622
G1 X115.785 Y103.078 E686.89847
G1 X118.103 Y102.309 E686.9797
G1 X120.465 Y101.719 E687.06068
G1 X122.84 Y101.301 E687.14088
G1 X125.204 Y101.064 E687.2199
G1 X127.61 Y101.004 E687.29995
G1 X130.009 Y101.121 E687.37984
G1 X132.36 Y101.415 E687.45864
G1 X134.727 Y101.891 E687.53894
G1 X137.044 Y102.543 E687.619
G1 X139.338 Y103.369 E687.7001
G1 X142.331 Y104.699 E687.80903
G1 X142.416 Y104.849 E687.81476
G1 X139.54 Y132.786 E688.74886
G1 X139.054 Y139.206 E688.963
G1 X139.171 Y140.103 E688.99309
G1 X139.507 Y140.911 E689.0222
G1 X140.051 Y141.621 E689.05195
G1 X140.757 Y142.161 E689.08151
G1 X141.573 Y142.5 E689.1109
G1 X142.478 Y142.62 E689.14126
G0 F9000 X143.048 Y142.006
G0 X142.465 Y141.456
G1 F1500 X141.875 Y141.382 E689.16104
G1 X141.332 Y141.158 E689.18058
G1 X140.87 Y140.802 E689.19997
G1 X140.529 Y140.363 E689.21846
G1 X140.287 Y139.795 E689.239
G1 X140.212 Y139.201 E689.25891
G1 X140.284 Y138.635 E689.27789
G1 X140.503 Y138.114 E689.29669
G1 X140.868 Y137.626 E689.31695
G1 X141.31 Y137.288 E689.33546
G1 X141.88 Y137.044 E689.35608
G1 X142.456 Y136.97 E689.3754
G1 X143.015 Y137.042 E689.39414
G1 X143.582 Y137.273 E689.41451
G1 X144.042 Y137.624 E689.43375
G1 X144.387 Y138.069 E689.45248
G1 X144.628 Y138.636 E689.47297
G1 X144.702 Y139.216 E689.49242
G1 X144.628 Y139.796 E689.51187
G1 X144.387 Y140.359 E689.53224
G1 X144.049 Y140.795 E689.55058
G1 X143.577 Y141.159 E689.57041
G1 X143.019 Y141.386 E689.59045
G1 X142.465 Y141.456 E689.60902
G0 F9000 X143.048 Y142.006
G0 X143.908 Y141.728
G0 X144.395 Y141.354
G0 X145.065 Y140.595
G0 X145.192 Y140.72
;TYPE:FILL
G1 F3000 X145.648 Y140.264 E689.63047
G1 X145.778 Y140.121
G1 X145.15 Y139.493 E689.66001
G0 F9000 X145.379 Y139.524
G0 X145.259 Y138.465
G0 X144.97 Y137.765
G0 X144.596 Y137.279
G0 X143.614 Y136.518
G0 X143.525 Y136.73
G1 F3000 X147.3 Y132.955 E689.83757
G0 F9000 X147.072 Y132.931
G0 X147.318 Y130.551
G0 X147.546 Y130.575
G1 F3000 X140.931 Y123.961 E690.1487
G0 F9000 X141.162 Y123.985
G0 X141.347 Y122.191
G0 X141.117 Y122.167
G1 F3000 X149.253 Y114.032 E690.53136
G0 F9000 X149.026 Y114.008
G0 X148.906 Y115.168
G0 X149.133 Y115.192
G1 F3000 X142.517 Y108.576 E690.84256
G0 F9000 X142.417 Y109.553
G1 F3000 X150.554 Y101.416 E691.2253
G0 F9000 X150.329 Y101.392
G0 X150.494 Y99.786
G0 X150.721 Y99.81
G1 F3000 X145.693 Y94.781 E691.46183
G0 F9000 X145.849 Y94.947
G0 X146.64 Y94.337
G0 X146.517 Y94.139
G1 F3000 X144.436 Y96.221 E691.55973
G0 F9000 X144.626 Y96.354
G0 X143.807 Y98.346
G0 X143.577 Y98.322
G1 F3000 X150.192 Y104.937 E691.87088
G0 F9000 X149.965 Y104.913
G0 X149.677 Y107.699
G0 X149.904 Y107.723
G1 F3000 X141.767 Y115.86 E692.25362
G0 F9000 X141.997 Y115.884
G0 X142.22 Y113.728
G0 X141.988 Y113.704
G1 F3000 X148.604 Y120.32 E692.56482
G1 X148.601 Y120.34
G1 X140.467 Y128.474 E692.94742
G0 F9000 X140.403 Y129.089
G1 F3000 X147.017 Y135.703 E693.25852
G0 F9000 X146.789 Y135.679
G0 X142.15 Y136.295
G0 X142.178 Y136.521
G1 F3000 X139.908 Y134.251 E693.36529
G0 F9000 X139.872 Y134.726
G1 F3000 X147.951 Y126.647 E693.7453
G0 F9000 X147.724 Y126.623
G0 X147.847 Y125.424
G0 X148.075 Y125.448
G1 F3000 X141.46 Y118.833 E694.05645
G0 F9000 X141.691 Y118.857
G0 X149.436 Y110.041
G0 X149.663 Y110.065
G1 F3000 X137.541 Y97.943 E694.62664
G0 F9000 X137.151 Y97.849
G1 F3000 X133.787 Y101.212 E694.78484
G0 F9000 X133.832 Y100.99
G0 X135.631 Y101.412
G0 X135.57 Y101.629
G1 F3000 X130.592 Y96.651 E695.01899
G0 F9000 X130.563 Y96.881
G0 X132.402 Y97.131
G0 X132.438 Y96.905
G1 F3000 X128.763 Y100.58 E695.19185
G1 X128.868 Y100.584
G1 X124.569 Y96.285 E695.39407
G0 F9000 X124.566 Y96.515
G0 X127.309 Y96.596
G0 X127.32 Y96.367
G1 F3000 X122.871 Y100.815 E695.60331
G0 F9000 X123.39 Y100.763
G1 F3000 X119.171 Y96.543 E695.80178
G0 F9000 X119.192 Y96.772
G0 X121.693 Y96.581
G0 X121.679 Y96.35
G1 F3000 X115.251 Y102.779 E696.10416
G0 F9000 X114.428 Y103.114
G1 F3000 X109.681 Y98.368 E696.32742
G0 F9000 X109.744 Y98.589
G0 X107.827 Y99.18
G0 X107.755 Y98.96
G1 F3000 X92.308 Y114.408 E697.05402
G0 F9000 X92.308 Y114.935
G1 F3000 X95.814 Y118.442 E697.21896
G0 F9000 X95.631 Y118.308
G0 X98.104 Y115.105
G0 X98.279 Y115.249
G1 F3000 X90.979 Y107.95 E697.5623
G0 F9000 X91.124 Y108.131
G0 X88.06 Y110.702
G0 X87.905 Y110.533
G1 F3000 X90.796 Y113.423 E697.69827
G0 F9000 X90.796 Y113.195
G0 X87.635 Y113.195
G0 X87.635 Y113.424
G1 F3000 X97.514 Y103.544 E698.16297
G0 F9000 X97.748 Y103.405
G1 F3000 X103.915 Y109.572 E698.45304
G0 F9000 X103.767 Y109.4
G0 X100.817 Y112.126
G0 X100.975 Y112.289
G1 F3000 X94.262 Y105.575 E698.76883
G0 F9000 X94.391 Y105.763
G0 X101.564 Y101.679
G0 X101.469 Y101.469
G1 F3000 X107.113 Y107.113 E699.0343
G0 F9000 X106.986 Y106.922
G0 X110.485 Y104.744
G0 X110.599 Y104.942
G1 F3000 X105.437 Y99.781 E699.27708
G0 F9000 X105.516 Y99.997
G0 X114.278 Y97.486
G0 X114.231 Y97.26
G1 F3000 X118.65 Y101.679 E699.48494
G0 F9000 X118.595 Y101.459
G0 X115.347 Y97.298
G0 X115.307 Y97.065
G1 F3000 X87.857 Y124.516 E700.77613
G0 F9000 X87.914 Y124.297
G0 X87.591 Y121.764
G0 X87.591 Y121.532
G1 F3000 X91.543 Y125.484 E700.96202
G0 F9000 X91.339 Y125.379
G0 X93.363 Y121.728
G0 X93.558 Y121.842
G1 F3000 X90.775 Y119.059 E701.09292
G0 F9000 X91.006 Y119.059
G0 X90.935 Y121.692
G0 X85.193 Y121.764
G0 X85.193 Y121.523
G1 F3000 X84.243 Y122.473 E701.13761
G0 F9000 X84.473 Y122.474
G0 X90.935 Y121.692
G0 X92.47 Y116.234
G0 X92.467 Y113.267
G0 X85.139 Y113.195
G0 X85.139 Y113.423
G1 F3000 X83.652 Y111.936 E701.20755
G1 X83.466 Y111.936
G1 X83.396 Y112.006 E701.21084
G1 F2700 E696.21084
G0 F9000 X83.596 Y112.136
G0 X86.451 Y112.103
G0 X117.923 Y101.69
G0 X120.323 Y101.084
G0 X122.744 Y100.66
G0 X125.178 Y100.416
G0 X127.615 Y100.354
G0 X130.048 Y100.474
G0 X132.469 Y100.777
G0 X134.413 Y101.169
G0 X138.283 Y102.235
G0 X138.205 Y102.452
G1 F2700 E701.21084
G1 F3000 X141.532 Y99.124 E701.36736
G0 F9000 X141.462 Y99.344
G0 X142.294 Y103.904
G0 X142.201 Y104.113
G1 F3000 X151.206 Y95.108 E701.79093
G0 F9000 X151.25 Y94.682
G1 F3000 X149.53 Y92.962 E701.87183
G0 F9000 X149.609 Y93.489
G1 F2700 E696.87183
;MESH:NONMESH
G0 F300 X149.609 Y93.489 Z2.4
G0 F9000 X143.569 Y99.93
G0 X125.178 Y100.416
G0 X122.744 Y100.66
G0 X120.323 Y101.084
G0 X117.923 Y101.69
G0 X115.553 Y102.472
G0 X113.219 Y103.429
G0 X110.931 Y104.556
G0 X108.695 Y105.851
G0 X106.519 Y107.307
G0 X104.411 Y108.92
G0 X102.376 Y110.685
G0 X100.423 Y112.596
G0 X98.555 Y114.645
G0 X96.781 Y116.827
G0 X95.105 Y119.133
G0 X93.531 Y121.557
G0 X92.345 Y123.608
G0 X90.941 Y126.318
G0 X90.795 Y126.974
;TIME_ELAPSED:1097.553877
;LAYER:11
;TYPE:WALL-INNER
;MESH:FT03-Upright.stl
G1 F2700 E701.87183
G1 F1129.9 X90.731 Y127.685 E701.90335
G1 F2700 E696.90335
G0 F9000 X91.051 Y126.948
G0 X92.418 Y124.281
G0 X93.872 Y121.767
G0 X95.435 Y119.36
G0 X97.098 Y117.071
G0 X98.858 Y114.906
G0 X100.711 Y112.874
G0 X102.647 Y110.979
G0 X104.664 Y109.23
G0 X106.752 Y107.632
G0 X108.907 Y106.191
G0 X111.119 Y104.909
G0 X113.383 Y103.794
G0 X115.692 Y102.847
G0 X118.035 Y102.074
G0 X120.406 Y101.476
G0 X122.799 Y101.057
G0 X125.203 Y100.816
G0 X127.61 Y100.755
G0 X130.014 Y100.873
G0 X132.405 Y101.172
G0 X134.776 Y101.65
G0 X137.118 Y102.304
G0 X139.424 Y103.134
G0 X142.692 Y104.591
G0 X139.728 Y140.794
G0 X139.917 Y141.06
G0 X143.39 Y142.058
G0 X142.481 Y141.847
G1 F2700 E701.90335
G1 F1578.9 X141.773 Y141.756 E701.9259
G1 F1595.7 X141.14 Y141.495 E701.94731
G1 X140.595 Y141.076 E701.9688
G1 F1591.5 X140.174 Y140.528 E701.99047
G1 X139.914 Y139.902 E702.01171
G1 F1587.3 X139.823 Y139.196 E702.03409
G1 F1570.7 X139.897 Y138.531 E702.05534
G1 F1530.6 X140.163 Y137.889 E702.07799
G1 F1503.8 X140.582 Y137.341 E702.10088
G1 F1500 X141.127 Y136.925 E702.12368
G1 X141.775 Y136.654 E702.14704
G1 X142.46 Y136.567 E702.17001
G1 X143.141 Y136.654 E702.19284
G1 X143.783 Y136.923 E702.216
G1 X144.327 Y137.338 E702.23875
G1 X144.751 Y137.887 E702.26182
G1 X145.016 Y138.527 E702.28486
G1 X145.105 Y139.22 E702.3081
G1 F1438.8 X145.018 Y139.896 E702.33174
G1 F1327.4 X144.73 Y140.624 E702.36116
G1 F1265.8 X144.334 Y141.115 E702.38602
G1 F1209.7 X143.744 Y141.607 E702.4177
G1 F1200 X143.158 Y141.785 E702.44317
G1 F1382.5 X142.481 Y141.847 E702.4677
G0 F9000 X142.515 Y142.229
G1 F1492.5 X143.126 Y142.209 E702.48813
G1 F1348.3 X143.935 Y142.135 E702.51819
G1 F1304.3 X144.592 Y141.485 E702.55354
G1 X145.088 Y140.925 E702.58216
G1 F1339.3 X145.259 Y140.765 E702.59088
G1 F1449.3 X145.627 Y140.381 E702.60919
G1 F1500 X146.599 Y139.31 E702.65729
G1 X151.406 Y92.776 E704.21326
G1 X150.77 Y92.776 E704.23441
G1 X149.949 Y92.818 E704.26175
G1 X149.193 Y92.933 E704.28719
G1 X148.432 Y93.13 E704.31333
G1 X147.701 Y93.401 E704.33926
G1 X147.004 Y93.742 E704.36507
G1 X146.344 Y94.153 E704.39093
G1 X145.744 Y94.62 E704.41622
G1 X145.156 Y95.179 E704.4432
G1 X144.668 Y95.748 E704.46814
G1 X144.214 Y96.398 E704.49451
G1 X143.848 Y97.061 E704.51969
G1 X143.556 Y97.738 E704.54422
G1 X143.429 Y98.963 E704.58518
G1 X143.327 Y99.176 E704.59303
G1 X143.074 Y99.377 E704.60378
G1 X142.773 Y99.432 E704.61396
G1 X139.426 Y98.38 E704.73065
G1 X137.539 Y97.858 E704.79577
G1 X135.621 Y97.407 E704.8613
G1 X133.701 Y97.027 E704.9264
G1 X131.783 Y96.719 E704.99101
G1 X129.881 Y96.481 E705.05476
G1 X127.896 Y96.315 E705.12101
G1 X125.937 Y96.22 E705.18625
G1 X123.95 Y96.197 E705.25234
G1 X122.006 Y96.25 E705.31702
G1 X120.131 Y96.367 E705.37951
G1 X118.143 Y96.564 E705.44595
G1 X116.177 Y96.833 E705.51195
G1 X114.382 Y97.146 E705.57255
G1 X112.377 Y97.573 E705.64073
G1 X110.52 Y98.041 E705.70443
G1 X108.571 Y98.606 E705.77192
G1 X106.661 Y99.242 E705.83888
G1 X104.876 Y99.903 E705.90219
G1 X103.052 Y100.659 E705.96786
G1 X101.096 Y101.553 E706.03939
G1 X99.483 Y102.368 E706.0995
G1 X97.737 Y103.318 E706.16561
G1 X96.028 Y104.335 E706.23175
G1 X94.362 Y105.408 E706.29766
G1 X92.71 Y106.552 E706.3645
G1 X91.103 Y107.747 E706.4311
G1 X89.537 Y109.005 E706.49791
G1 X87.992 Y110.343 E706.56589
G1 X86.528 Y111.697 E706.63222
G1 X86.206 Y111.856 E706.64416
G1 X83.316 Y111.856 E706.74028
G1 X83.316 Y113.568 E706.79723
G1 X83.851 Y113.723 E706.81575
G1 X84.911 Y113.42 E706.85242
G1 X91.714 Y113.42 E707.07869
G1 X91.975 Y113.53 E707.08811
G1 X92.134 Y113.696 E707.09575
G1 X92.228 Y113.93 E707.10414
G1 X92.228 Y115.496 E707.15623
G1 X92.163 Y115.671 E707.16244
G1 X91.928 Y115.916 E707.17373
G1 X91.628 Y115.996 E707.18405
G1 X90.693 Y115.996 E707.21515
G1 X90.696 Y120.864 E707.37706
G1 X90.661 Y121.058 E707.38362
G1 X90.502 Y121.295 E707.39311
G1 X90.306 Y121.415 E707.40075
G1 X90.109 Y121.452 E707.40742
G1 X85.106 Y121.452 E707.57382
G1 X84.851 Y121.264 E707.58436
G1 X84.164 Y121.73 E707.61197
G1 X84.164 Y123.535 E707.672
G1 X88.504 Y124.656 E707.82109
G1 X90.193 Y124.677 E707.87727
G1 X90.419 Y124.758 E707.88526
G1 X90.614 Y124.939 E707.89411
G1 X90.716 Y125.282 E707.90601
G1 F1354.4 X90.746 Y126.759 E707.96042
G1 F1224.5 X90.799 Y126.993 E707.9702
G1 F1339.3 X91.619 Y125.504 E708.03352
G1 F1500 X92.296 Y124.188 E708.08275
G1 X93.744 Y121.681 E708.17904
G1 X95.322 Y119.255 E708.27529
G1 X96.99 Y116.957 E708.36974
G1 X98.73 Y114.821 E708.46137
G1 X100.587 Y112.779 E708.55317
G1 X102.562 Y110.85 E708.64499
G1 X104.546 Y109.13 E708.73233
G1 X106.682 Y107.497 E708.82175
G1 X108.843 Y106.052 E708.90822
G1 X111.047 Y104.775 E708.99294
G1 X113.344 Y103.644 E709.0781
G1 X115.623 Y102.711 E709.16
G1 X118.006 Y101.921 E709.2435
G1 X120.395 Y101.325 E709.3254
G1 X122.8 Y100.903 E709.40661
G1 X125.164 Y100.666 E709.48563
G1 X127.65 Y100.605 E709.56834
G1 X130.059 Y100.724 E709.64856
G1 X132.416 Y101.019 E709.72757
G1 X134.81 Y101.499 E709.80878
G1 X137.18 Y102.167 E709.89067
G1 X139.5 Y103.003 E709.97269
G1 X142.46 Y104.315 E710.08038
G1 X142.63 Y104.429 E710.08719
G1 X142.798 Y104.714 E710.09819
G1 X142.813 Y104.926 E710.10526
G1 X139.938 Y132.822 E711.038
G1 F1507.5 X139.518 Y138.358 E711.22174
G1 F1550.4 X139.445 Y139.195 E711.24877
G1 F1587.3 X139.549 Y140.002 E711.27435
G1 F1591.5 X139.846 Y140.715 E711.29856
G1 X140.328 Y141.344 E711.3234
G1 F1595.7 X140.953 Y141.822 E711.348
G1 X141.675 Y142.122 E711.37244
G1 F1578.9 X142.515 Y142.229 E711.3992
G0 F9000 X142.478 Y142.62
;TYPE:WALL-OUTER
G1 F1500 X144.166 Y142.62 E711.45534
G1 X144.479 Y142.241 E711.47169
G1 X146.983 Y139.482 E711.59561
G1 X151.85 Y92.376 E713.17071
G1 X150.722 Y92.377 E713.20822
G1 X149.909 Y92.42 E713.2353
G1 X149.113 Y92.541 E713.26208
G1 X148.312 Y92.748 E713.2896
G1 X147.543 Y93.033 E713.31688
G1 X146.81 Y93.392 E713.34402
G1 X146.115 Y93.825 E713.37126
G1 X145.483 Y94.316 E713.39788
G1 X144.866 Y94.903 E713.4262
G1 X144.351 Y95.503 E713.4525
G1 X143.874 Y96.186 E713.48021
G1 X143.488 Y96.885 E713.50677
G1 X143.164 Y97.636 E713.53397
G1 X143.033 Y98.88 E713.57557
G1 X142.918 Y99.009 E713.58132
G1 X142.815 Y99.027 E713.5848
G1 X139.539 Y97.996 E713.69903
G1 X137.638 Y97.47 E713.76463
G1 X135.705 Y97.016 E713.83067
G1 X133.772 Y96.633 E713.89622
G1 X131.839 Y96.323 E713.96133
G1 X129.923 Y96.083 E714.02555
G1 X127.922 Y95.916 E714.09234
G1 X125.949 Y95.82 E714.15804
G1 X123.94 Y95.797 E714.22486
G1 X122.029 Y95.848 E714.28844
G1 X120.053 Y95.972 E714.3543
G1 X118.096 Y96.167 E714.41971
G1 X116.115 Y96.438 E714.48621
G1 X114.306 Y96.753 E714.54728
G1 X112.286 Y97.183 E714.61597
G1 X110.422 Y97.653 E714.67991
G1 X108.385 Y98.245 E714.75047
G1 X106.583 Y98.845 E714.81364
G1 X104.73 Y99.531 E714.87935
G1 X102.892 Y100.292 E714.94552
G1 X100.995 Y101.157 E715.01486
G1 X99.297 Y102.014 E715.07812
G1 X97.539 Y102.97 E715.14468
G1 X95.896 Y103.947 E715.20826
G1 X94.14 Y105.075 E715.27768
G1 X92.477 Y106.227 E715.34496
G1 X90.859 Y107.431 E715.41204
G1 X89.281 Y108.698 E715.47935
G1 X87.72 Y110.049 E715.54802
G1 X86.256 Y111.403 E715.61434
G1 X86.155 Y111.453 E715.61809
G1 X82.916 Y111.456 E715.72582
G1 X82.916 Y113.869 E715.80608
G1 X83.851 Y114.139 E715.83844
G1 X84.949 Y113.823 E715.87645
G1 X91.67 Y113.824 E716.09999
G1 X91.782 Y113.891 E716.10433
G1 X91.825 Y113.981 E716.10765
G1 X91.823 Y115.444 E716.15631
G1 X91.708 Y115.596 E716.16265
G1 X90.293 Y115.596 E716.20971
G1 X90.296 Y120.905 E716.38629
G1 X90.232 Y121 E716.3901
G1 X90.135 Y121.049 E716.39371
G1 X85.197 Y121.052 E716.55795
G1 X85.077 Y120.964 E716.5629
G1 X84.922 Y120.731 E716.57221
G1 X83.764 Y121.518 E716.61877
G1 X83.764 Y123.845 E716.69617
G1 X88.451 Y125.056 E716.85718
G1 X90.153 Y125.079 E716.91379
G1 X90.282 Y125.163 E716.91891
G1 X90.316 Y125.278 E716.9229
G1 X90.291 Y128.123 E717.01753
G1 X91.099 Y128.12 E717.04441
G1 X91.287 Y127.026 E717.08133
G1 X92.642 Y124.388 E717.17996
G1 X94.08 Y121.899 E717.27557
G1 X95.646 Y119.49 E717.37114
G1 X97.3 Y117.209 E717.46485
G1 X99.04 Y115.073 E717.55648
G1 X100.884 Y113.048 E717.64757
G1 X102.824 Y111.152 E717.7378
G1 X104.808 Y109.432 E717.82513
G1 X106.904 Y107.829 E717.91289
G1 X109.032 Y106.405 E717.99806
G1 X111.243 Y105.124 E718.08305
G1 X113.496 Y104.014 E718.16658
G1 X115.785 Y103.078 E718.24883
G1 X118.103 Y102.309 E718.33006
G1 X120.465 Y101.719 E718.41104
G1 X122.84 Y101.301 E718.49124
G1 X125.204 Y101.064 E718.57026
G1 X127.61 Y101.004 E718.65031
G1 X130.009 Y101.121 E718.7302
G1 X132.36 Y101.415 E718.809
G1 X134.727 Y101.891 E718.88931
G1 X137.044 Y102.543 E718.96936
G1 X139.338 Y103.369 E719.05046
G1 X142.33 Y104.699 E719.15936
G1 X142.416 Y104.848 E719.16508
G1 X139.54 Y132.786 E720.09921
G1 X139.054 Y139.206 E720.31335
G1 X139.171 Y140.103 E720.34344
G1 X139.507 Y140.911 E720.37255
G1 X140.051 Y141.621 E720.4023
G1 X140.757 Y142.161 E720.43186
G1 X141.573 Y142.5 E720.46125
G1 X142.478 Y142.62 E720.49161
G0 F9000 X143.048 Y142.006
G0 X142.465 Y141.456
G1 F1500 X141.875 Y141.382 E720.51139
G1 X141.332 Y141.158 E720.53093
G1 X140.87 Y140.802 E720.55033
G1 X140.529 Y140.363 E720.56881
G1 X140.287 Y139.795 E720.58935
G1 X140.212 Y139.201 E720.60926
G1 X140.284 Y138.635 E720.62824
G1 X140.503 Y138.114 E720.64704
G1 X140.868 Y137.626 E720.6673
G1 X141.31 Y137.288 E720.68581
G1 X141.88 Y137.044 E720.70643
G1 X142.456 Y136.97 E720.72575
G1 X143.013 Y137.041 E720.74443
G1 X143.582 Y137.273 E720.76486
G1 X144.042 Y137.624 E720.78411
G1 X144.387 Y138.069 E720.80284
G1 X144.618 Y138.611 E720.82243
G1 X144.702 Y139.215 E720.84271
G1 X144.628 Y139.796 E720.86219
G1 X144.387 Y140.359 E720.88256
G1 X144.049 Y140.795 E720.90091
G1 X143.581 Y141.155 E720.92055
G1 X143.019 Y141.386 E720.94076
G1 X142.465 Y141.456 E720.95933
G0 F9000 X143.048 Y142.006
G0 X143.908 Y141.728
G0 X144.509 Y141.267
G0 X144.97 Y140.666
G0 X145.378 Y139.526
G0 X145.151 Y139.494
;TYPE:FILL
G1 F3000 X145.766 Y140.109 E720.98826
G0 F9000 X145.599 Y139.957
G0 X145.259 Y138.465
G0 X144.97 Y137.765
G0 X144.596 Y137.279
G0 X143.614 Y136.518
G0 X143.526 Y136.729
G1 F3000 X147.159 Y133.096 E721.15915
G0 F9000 X146.933 Y133.072
G0 X146.676 Y135.564
G0 X146.902 Y135.588
G1 F3000 X140.403 Y129.089 E721.46484
G0 F9000 X140.467 Y128.474
G1 F3000 X148.463 Y120.478 E721.84095
G0 F9000 X148.491 Y120.207
G1 F3000 X141.988 Y113.704 E722.14683
G0 F9000 X142.22 Y113.728
G0 X141.997 Y115.885
G0 X141.766 Y115.861
G1 F3000 X149.766 Y107.861 E722.52312
G0 F9000 X149.54 Y107.837
G0 X149.324 Y109.929
G0 X149.551 Y109.953
G1 F3000 X137.541 Y97.943 E723.08804
G0 F9000 X137.151 Y97.849
G1 F3000 X133.787 Y101.212 E723.24624
G0 F9000 X133.832 Y100.99
G0 X135.631 Y101.412
G0 X135.57 Y101.629
G1 F3000 X130.592 Y96.651 E723.48039
G0 F9000 X130.563 Y96.881
G0 X132.402 Y97.131
G0 X132.438 Y96.905
G1 F3000 X128.763 Y100.58 E723.65326
G1 X128.868 Y100.584
G1 X124.569 Y96.285 E723.85547
G0 F9000 X124.566 Y96.515
G0 X127.309 Y96.596
G0 X127.32 Y96.367
G1 F3000 X122.871 Y100.815 E724.06471
G0 F9000 X123.39 Y100.763
G1 F3000 X119.171 Y96.543 E724.26318
G0 F9000 X119.192 Y96.772
G0 X121.693 Y96.581
G0 X121.679 Y96.35
G1 F3000 X115.251 Y102.779 E724.56556
G0 F9000 X114.428 Y103.114
G1 F3000 X109.681 Y98.368 E724.78882
G0 F9000 X109.744 Y98.589
G0 X107.827 Y99.18
G0 X107.755 Y98.96
G1 F3000 X92.308 Y114.408 E725.51542
G0 F9000 X92.308 Y114.935
G1 F3000 X95.814 Y118.442 E725.68036
G0 F9000 X95.631 Y118.308
G0 X98.104 Y115.105
G0 X98.279 Y115.249
G1 F3000 X90.979 Y107.95 E726.0237
G0 F9000 X91.124 Y108.131
G0 X88.06 Y110.702
G0 X87.905 Y110.533
G1 F3000 X90.713 Y113.34 E726.15576
G0 F9000 X90.713 Y113.112
G0 X87.719 Y113.112
G0 X87.719 Y113.34
G1 F3000 X97.514 Y103.544 E726.61651
G0 F9000 X97.748 Y103.405
G1 F3000 X103.915 Y109.572 E726.90659
G0 F9000 X103.767 Y109.4
G0 X100.817 Y112.126
G0 X100.975 Y112.289
G1 F3000 X94.262 Y105.575 E727.22237
G0 F9000 X94.391 Y105.763
G0 X101.564 Y101.679
G0 X101.469 Y101.469
G1 F3000 X107.113 Y107.113 E727.48785
G0 F9000 X106.986 Y106.922
G0 X110.485 Y104.744
G0 X110.599 Y104.942
G1 F3000 X105.437 Y99.781 E727.73063
G0 F9000 X105.516 Y99.997
G0 X114.278 Y97.486
G0 X114.231 Y97.26
G1 F3000 X118.65 Y101.679 E727.93848
G0 F9000 X118.595 Y101.459
G0 X115.347 Y97.298
G0 X115.307 Y97.065
G1 F3000 X87.943 Y124.43 E729.22563
G0 F9000 X88.001 Y124.209
G0 X87.591 Y121.764
G0 X87.591 Y121.532
G1 F3000 X91.541 Y125.482 E729.41142
G0 F9000 X91.339 Y125.378
G0 X93.363 Y121.728
G0 X93.558 Y121.842
G1 F3000 X90.775 Y119.059 E729.54233
G0 F9000 X91.006 Y119.059
G0 X90.935 Y121.692
G0 X85.193 Y121.764
G0 X85.193 Y121.523
G1 F3000 X84.244 Y122.472 E729.58696
G0 F9000 X84.474 Y122.472
G0 X90.935 Y121.692
G0 X92.47 Y116.234
G0 X92.467 Y113.184
G0 X85.056 Y113.112
G0 X85.056 Y113.34
G1 F3000 X83.652 Y111.936 E729.653
G1 X83.465 Y111.936
G1 X83.396 Y112.006 E729.65627
G1 F2700 E724.65627
G0 F9000 X83.596 Y112.136
G0 X86.451 Y112.103
G0 X117.923 Y101.69
G0 X120.323 Y101.084
G0 X122.744 Y100.66
G0 X125.178 Y100.416
G0 X127.615 Y100.354
G0 X130.048 Y100.474
G0 X132.469 Y100.777
G0 X134.413 Y101.169
G0 X138.283 Y102.235
G0 X138.205 Y102.452
G1 F2700 E729.65627
G1 F3000 X141.532 Y99.124 E729.81279
G0 F9000 X141.462 Y99.344
G0 X143.569 Y99.93
G0 X143.807 Y98.346
G0 X143.577 Y98.322
G1 F3000 X150.081 Y104.826 E730.11872
G0 F9000 X149.854 Y104.802
G0 X150.192 Y101.529
G0 X150.418 Y101.553
G1 F3000 X142.416 Y109.554 E730.49508
G0 F9000 X142.517 Y108.576
G1 F3000 X149.021 Y115.08 E730.80101
G0 F9000 X149.114 Y114.17
G1 F3000 X141.117 Y122.168 E731.17719
G0 F9000 X141.347 Y122.192
G0 X141.162 Y123.985
G0 X140.931 Y123.961
G1 F3000 X147.432 Y130.461 E731.48295
G0 F9000 X147.205 Y130.437
G0 X147.585 Y126.763
G0 X147.811 Y126.787
G1 F3000 X139.872 Y134.726 E731.85638
G0 F9000 X139.908 Y134.251
G1 F3000 X142.178 Y136.521 E731.96315
G0 F9000 X142.15 Y136.295
G0 X147.735 Y125.31
G0 X147.961 Y125.334
G1 F3000 X141.46 Y118.832 E732.26896
G0 F9000 X141.691 Y118.856
G0 X143.12 Y104.343
G0 X142.294 Y103.903
G0 X142.2 Y104.114
G1 F3000 X151.07 Y95.244 E732.68618
G0 F9000 X151.14 Y94.571
G1 F3000 X149.53 Y92.962 E732.76189
G0 F9000 X149.565 Y93.191
G0 X146.64 Y94.337
G0 X146.518 Y94.139
G1 F3000 X144.436 Y96.221 E732.85982
G0 F9000 X144.626 Y96.354
G0 X145.849 Y94.947
G0 X145.693 Y94.781
G1 F3000 X150.61 Y99.699 E733.09112
G0 F9000 X150.086 Y99.643
G1 F2700 E728.09112
;MESH:NONMESH
G0 F300 X150.086 Y99.643 Z2.6
G0 F9000 X130.048 Y100.474
G0 X127.615 Y100.354
G0 X125.178 Y100.416
G0 X122.744 Y100.66
G0 X120.323 Y101.084
G0 X117.923 Y101.69
G0 X115.553 Y102.472
G0 X113.219 Y103.429
G0 X110.931 Y104.556
G0 X108.695 Y105.851
G0 X106.519 Y107.307
G0 X104.411 Y108.92
G0 X102.376 Y110.685
G0 X100.423 Y112.596
G0 X98.555 Y114.645
G0 X96.781 Y116.827
G0 X95.105 Y119.133
G0 X93.531 Y121.557
G0 X92.345 Y123.608
G0 X90.941 Y126.318
G0 X90.795 Y126.975
;TIME_ELAPSED:1143.308969
;LAYER:12
;TYPE:WALL-INNER
;MESH:FT03-Upright.stl
G1 F2700 E733.09112
G1 F1096.9 X90.746 Y127.516 E733.11583
G1 F2700 E728.11583
G0 F9000 X92.418 Y124.281
G0 X93.872 Y121.767
G0 X95.435 Y119.36
G0 X97.098 Y117.071
G0 X98.858 Y114.906
G0 X100.711 Y112.874
G0 X102.647 Y110.979
G0 X104.664 Y109.23
G0 X106.752 Y107.632
G0 X108.907 Y106.191
G0 X111.119 Y104.909
G0 X113.383 Y103.794
G0 X115.692 Y102.847
G0 X118.035 Y102.074
G0 X120.406 Y101.476
G0 X122.799 Y101.057
G0 X125.203 Y100.816
G0 X127.61 Y100.755
G0 X130.014 Y100.873
G0 X132.405 Y101.172
G0 X134.776 Y101.65
G0 X137.118 Y102.304
G0 X139.424 Y103.134
G0 X142.692 Y104.591
G0 X139.728 Y140.794
G0 X141.604 Y141.544
G0 X143.372 Y141.962
G0 X142.481 Y141.847
G1 F2700 E733.11583
G1 F1578.9 X141.773 Y141.756 E733.13838
G1 F1595.7 X141.14 Y141.495 E733.15979
G1 X140.595 Y141.076 E733.18128
G1 F1591.5 X140.174 Y140.528 E733.20295
G1 X139.914 Y139.902 E733.22419
G1 F1587.3 X139.823 Y139.196 E733.24657
G1 F1570.7 X139.897 Y138.531 E733.26782
G1 F1530.6 X140.163 Y137.889 E733.29047
G1 F1503.8 X140.582 Y137.341 E733.31336
G1 F1500 X141.127 Y136.925 E733.33616
G1 X141.775 Y136.654 E733.35952
G1 X142.46 Y136.567 E733.38249
G1 X143.14 Y136.654 E733.40529
G1 X143.782 Y136.923 E733.42844
G1 X144.327 Y137.338 E733.45123
G1 X144.754 Y137.89 E733.47444
G1 X145.019 Y138.536 E733.49766
G1 X145.105 Y139.224 E733.52072
G1 X145.017 Y139.899 E733.54336
G1 F1388.9 X144.728 Y140.623 E733.57137
G1 F1287.6 X144.333 Y141.11 E733.59566
G1 F1224.5 X143.745 Y141.606 E733.62701
G1 F1232 X143.158 Y141.785 E733.65186
G1 F1415.1 X142.481 Y141.847 E733.67582
G0 F9000 X142.515 Y142.229
G1 F1492.5 X143.126 Y142.209 E733.69626
G1 F1357.5 X143.938 Y142.134 E733.72623
G1 F1327.4 X144.687 Y141.372 E733.76639
G1 X145.082 Y140.919 E733.78898
G1 F1351.4 X145.252 Y140.761 E733.79754
G1 F1452.8 X145.618 Y140.374 E733.81584
G1 F1500 X146.459 Y139.446 E733.85749
G1 X151.282 Y92.776 E735.41801
G1 X150.767 Y92.776 E735.43514
G1 X149.949 Y92.818 E735.46238
G1 X149.193 Y92.933 E735.48781
G1 X148.432 Y93.13 E735.51396
G1 X147.701 Y93.401 E735.53989
G1 X147.004 Y93.742 E735.5657
G1 X146.345 Y94.153 E735.59153
G1 X145.744 Y94.62 E735.61684
G1 X145.156 Y95.178 E735.6438
G1 X144.668 Y95.748 E735.66876
G1 X144.214 Y96.398 E735.69513
G1 X143.848 Y97.061 E735.72032
G1 X143.556 Y97.738 E735.74484
G1 X143.429 Y98.961 E735.78574
G1 X143.259 Y99.254 E735.79701
G1 X142.966 Y99.411 E735.80806
G1 X142.695 Y99.407 E735.81708
G1 X139.426 Y98.38 E735.93104
G1 X137.539 Y97.858 E735.99616
G1 X135.621 Y97.407 E736.06169
G1 X133.701 Y97.027 E736.12679
G1 X131.783 Y96.719 E736.1914
G1 X129.881 Y96.481 E736.25516
G1 X127.896 Y96.315 E736.32141
G1 X125.937 Y96.22 E736.38664
G1 X123.95 Y96.197 E736.45273
G1 X122.006 Y96.25 E736.51742
G1 X120.131 Y96.367 E736.5799
G1 X118.143 Y96.564 E736.64635
G1 X116.177 Y96.833 E736.71234
G1 X114.382 Y97.146 E736.77295
G1 X112.377 Y97.573 E736.84113
G1 X110.52 Y98.041 E736.90482
G1 X108.571 Y98.606 E736.97232
G1 X106.661 Y99.242 E737.03927
G1 X104.876 Y99.903 E737.10258
G1 X103.052 Y100.659 E737.16825
G1 X101.096 Y101.553 E737.23978
G1 X99.483 Y102.368 E737.29989
G1 X97.737 Y103.318 E737.366
G1 X96.028 Y104.335 E737.43215
G1 X94.362 Y105.408 E737.49806
G1 X92.711 Y106.552 E737.56486
G1 X91.104 Y107.747 E737.63147
G1 X89.537 Y109.005 E737.69831
G1 X87.993 Y110.342 E737.76624
G1 X86.528 Y111.697 E737.83261
G1 X86.208 Y111.856 E737.8445
G1 X83.316 Y111.856 E737.94068
G1 X83.316 Y113.487 E737.99493
G1 X83.851 Y113.64 E738.01344
G1 X84.908 Y113.34 E738.04998
G1 X91.712 Y113.34 E738.27629
G1 X91.975 Y113.45 E738.28577
G1 X92.139 Y113.624 E738.29372
G1 X92.228 Y113.862 E738.30217
G1 X92.228 Y115.496 E738.35652
G1 X92.163 Y115.671 E738.36273
G1 X91.928 Y115.916 E738.37402
G1 X91.628 Y115.996 E738.38435
G1 X90.693 Y115.996 E738.41544
G1 X90.696 Y120.864 E738.57735
G1 X90.661 Y121.058 E738.58391
G1 X90.513 Y121.284 E738.5929
G1 X90.326 Y121.407 E738.60034
G1 X90.109 Y121.452 E738.60771
G1 X85.106 Y121.452 E738.77411
G1 X84.851 Y121.264 E738.78465
G1 X84.164 Y121.73 E738.81226
G1 X84.164 Y123.427 E738.8687
G1 X88.504 Y124.544 E739.01776
G1 X90.202 Y124.565 E739.07424
G1 X90.458 Y124.67 E739.08344
G1 X90.631 Y124.855 E739.09186
G1 X90.716 Y125.17 E739.10271
G1 F1357.5 X90.744 Y126.759 E739.16112
G1 F1224.5 X90.8 Y126.996 E739.17104
G1 F1339.3 X91.67 Y125.405 E739.23859
G1 F1500 X92.282 Y124.213 E739.28316
G1 X93.744 Y121.681 E739.38041
G1 X95.322 Y119.255 E739.47666
G1 X96.99 Y116.957 E739.57111
G1 X98.73 Y114.821 E739.66274
G1 X100.587 Y112.779 E739.75454
G1 X102.562 Y110.85 E739.84636
G1 X104.546 Y109.13 E739.9337
G1 X106.682 Y107.497 E740.02312
G1 X108.843 Y106.052 E740.10959
G1 X111.047 Y104.775 E740.19431
G1 X113.344 Y103.644 E740.27946
G1 X115.623 Y102.711 E740.36137
G1 X118.006 Y101.921 E740.44487
G1 X120.395 Y101.325 E740.52676
G1 X122.8 Y100.903 E740.60798
G1 X125.164 Y100.666 E740.687
G1 X127.65 Y100.605 E740.76971
G1 X130.059 Y100.724 E740.84993
G1 X132.416 Y101.019 E740.92894
G1 X134.81 Y101.499 E741.01014
G1 X137.18 Y102.167 E741.09204
G1 X139.5 Y103.003 E741.17406
G1 X142.46 Y104.315 E741.28175
G1 X142.627 Y104.426 E741.28842
G1 X142.763 Y104.614 E741.29614
G1 X142.822 Y104.843 E741.304
G1 X139.938 Y132.822 E742.23952
G1 F1507.5 X139.518 Y138.358 E742.42325
G1 F1550.4 X139.445 Y139.195 E742.45029
G1 F1587.3 X139.549 Y140.002 E742.47586
G1 F1591.5 X139.846 Y140.715 E742.50008
G1 X140.328 Y141.344 E742.52492
G1 F1595.7 X140.953 Y141.822 E742.54952
G1 X141.675 Y142.122 E742.57396
G1 F1578.9 X142.515 Y142.229 E742.60072
G0 F9000 X142.478 Y142.62
;TYPE:WALL-OUTER
G1 F1500 X144.166 Y142.62 E742.65686
G1 X144.611 Y142.081 E742.68011
G1 X146.843 Y139.618 E742.79066
G1 X151.726 Y92.376 E744.37031
G1 X150.724 Y92.377 E744.40363
G1 X149.909 Y92.42 E744.43078
G1 X149.113 Y92.541 E744.45756
G1 X148.312 Y92.748 E744.48507
G1 X147.543 Y93.033 E744.51235
G1 X146.81 Y93.392 E744.5395
G1 X146.115 Y93.825 E744.56673
G1 X145.483 Y94.316 E744.59335
G1 X144.866 Y94.902 E744.62165
G1 X144.351 Y95.503 E744.64798
G1 X143.874 Y96.186 E744.67569
G1 X143.488 Y96.885 E744.70224
G1 X143.164 Y97.636 E744.72945
G1 X143.033 Y98.88 E744.77105
G1 X142.965 Y98.981 E744.7751
G1 X142.791 Y99.019 E744.78103
G1 X139.539 Y97.996 E744.89441
G1 X137.638 Y97.47 E744.96002
G1 X135.705 Y97.016 E745.02606
G1 X133.772 Y96.633 E745.0916
G1 X131.839 Y96.323 E745.15671
G1 X129.923 Y96.083 E745.22094
G1 X127.922 Y95.916 E745.28772
G1 X125.949 Y95.82 E745.35342
G1 X123.94 Y95.797 E745.42025
G1 X122.029 Y95.848 E745.48383
G1 X120.053 Y95.972 E745.54968
G1 X118.096 Y96.167 E745.61509
G1 X116.115 Y96.438 E745.68159
G1 X114.306 Y96.753 E745.74267
G1 X112.286 Y97.183 E745.81136
G1 X110.422 Y97.653 E745.8753
G1 X108.385 Y98.245 E745.94585
G1 X106.583 Y98.845 E746.00902
G1 X104.73 Y99.531 E746.07474
G1 X102.892 Y100.292 E746.1409
G1 X100.995 Y101.157 E746.21025
G1 X99.297 Y102.014 E746.27351
G1 X97.539 Y102.97 E746.34007
G1 X95.896 Y103.947 E746.40364
G1 X94.14 Y105.075 E746.47306
G1 X92.477 Y106.227 E746.54035
G1 X90.859 Y107.431 E746.60743
G1 X89.281 Y108.698 E746.67474
G1 X87.721 Y110.048 E746.74335
G1 X86.256 Y111.403 E746.80973
G1 X86.155 Y111.454 E746.81349
G1 X82.916 Y111.456 E746.92122
G1 X82.916 Y113.789 E746.99881
G1 X83.851 Y114.056 E747.03116
G1 X84.949 Y113.742 E747.06914
G1 X91.669 Y113.744 E747.29265
G1 X91.744 Y113.776 E747.29536
G1 X91.825 Y113.903 E747.30037
G1 X91.823 Y115.444 E747.35162
G1 X91.708 Y115.596 E747.35796
G1 X90.293 Y115.596 E747.40503
G1 X90.296 Y120.902 E747.5815
G1 X90.25 Y120.981 E747.58454
G1 X90.139 Y121.048 E747.58886
G1 X85.197 Y121.052 E747.75323
G1 X85.077 Y120.964 E747.75818
G1 X84.922 Y120.731 E747.76749
G1 X83.764 Y121.518 E747.81405
G1 X83.764 Y123.737 E747.88786
G1 X88.451 Y124.944 E748.04883
G1 X90.157 Y124.968 E748.10558
G1 X90.288 Y125.061 E748.11092
G1 X90.316 Y125.166 E748.11454
G1 X90.29 Y127.968 E748.20774
G1 X91.127 Y127.968 E748.23558
G1 X91.287 Y127.027 E748.26732
G1 X92.642 Y124.388 E748.36599
G1 X94.08 Y121.899 E748.4616
G1 X95.646 Y119.49 E748.55716
G1 X97.3 Y117.209 E748.65088
G1 X99.04 Y115.073 E748.74251
G1 X100.884 Y113.048 E748.8336
G1 X102.824 Y111.152 E748.92382
G1 X104.808 Y109.432 E749.01116
G1 X106.904 Y107.829 E749.09892
G1 X109.032 Y106.405 E749.18408
G1 X111.243 Y105.124 E749.26907
G1 X113.496 Y104.014 E749.35261
G1 X115.785 Y103.078 E749.43486
G1 X118.103 Y102.309 E749.51609
G1 X120.465 Y101.719 E749.59706
G1 X122.84 Y101.301 E749.67727
G1 X125.204 Y101.064 E749.75629
G1 X127.61 Y101.004 E749.83634
G1 X130.009 Y101.121 E749.91623
G1 X132.36 Y101.415 E749.99503
G1 X134.727 Y101.891 E750.07533
G1 X137.044 Y102.543 E750.15539
G1 X139.338 Y103.369 E750.23648
G1 X142.33 Y104.698 E750.34537
G1 X142.416 Y104.848 E750.35112
G1 X139.54 Y132.786 E751.28526
G1 X139.054 Y139.206 E751.4994
G1 X139.171 Y140.103 E751.52948
G1 X139.507 Y140.911 E751.55859
G1 X140.051 Y141.621 E751.58834
G1 X140.757 Y142.161 E751.6179
G1 X141.573 Y142.5 E751.64729
G1 X142.478 Y142.62 E751.67766
G0 F9000 X143.048 Y142.006
G0 X142.465 Y141.456
G1 F1500 X141.875 Y141.382 E751.69743
G1 X141.332 Y141.158 E751.71697
G1 X140.87 Y140.802 E751.73637
G1 X140.529 Y140.363 E751.75486
G1 X140.287 Y139.795 E751.77539
G1 X140.212 Y139.201 E751.79531
G1 X140.284 Y138.635 E751.81428
G1 X140.503 Y138.114 E751.83308
G1 X140.868 Y137.626 E751.85335
G1 X141.31 Y137.288 E751.87185
G1 X141.88 Y137.044 E751.89248
G1 X142.456 Y136.97 E751.91179
G1 X143.038 Y137.045 E751.93131
G1 X143.602 Y137.288 E751.95174
G1 X144.042 Y137.624 E751.97015
G1 X144.405 Y138.092 E751.98985
G1 X144.631 Y138.662 E752.01024
G1 X144.7 Y139.205 E752.02845
G1 X144.628 Y139.796 E752.04825
G1 X144.387 Y140.359 E752.06862
G1 X144.049 Y140.795 E752.08697
G1 X143.577 Y141.159 E752.10679
G1 X143.019 Y141.386 E752.12683
G1 X142.465 Y141.456 E752.1454
G0 F9000 X143.048 Y142.006
G0 X143.908 Y141.728
G0 X144.509 Y141.267
G0 X144.97 Y140.666
G0 X145.379 Y139.524
G0 X145.15 Y139.493
;TYPE:FILL
G1 F3000 X145.758 Y140.101 E752.174
G0 F9000 X145.591 Y139.948
G0 X145.259 Y138.465
G0 X144.97 Y137.765
G0 X144.596 Y137.279
G0 X143.614 Y136.518
G0 X143.525 Y136.73
G1 F3000 X147.019 Y133.236 E752.33835
G0 F9000 X146.794 Y133.212
G0 X146.562 Y135.451
G0 X146.788 Y135.475
G1 F3000 X140.403 Y129.089 E752.6387
G0 F9000 X140.467 Y128.474
G1 F3000 X148.323 Y120.618 E753.00822
G0 F9000 X148.378 Y120.094
G1 F3000 X141.988 Y113.704 E753.30879
G0 F9000 X142.22 Y113.728
G0 X141.997 Y115.884
G0 X141.767 Y115.86
G1 F3000 X149.627 Y108 E753.6785
G0 F9000 X149.403 Y107.977
G0 X149.213 Y109.816
G0 X149.438 Y109.84
G1 F3000 X137.541 Y97.943 E754.2381
G0 F9000 X137.151 Y97.849
G1 F3000 X133.787 Y101.212 E754.39631
G0 F9000 X133.832 Y100.99
G0 X135.631 Y101.412
G0 X135.57 Y101.629
G1 F3000 X130.592 Y96.651 E754.63046
G0 F9000 X130.563 Y96.881
G0 X132.402 Y97.131
G0 X132.438 Y96.905
G1 F3000 X128.763 Y100.58 E754.80332
G1 X128.868 Y100.584
G1 X124.569 Y96.285 E755.00553
G0 F9000 X124.566 Y96.515
G0 X127.309 Y96.596
G0 X127.32 Y96.367
G1 F3000 X122.871 Y100.815 E755.21477
G0 F9000 X123.39 Y100.763
G1 F3000 X119.171 Y96.543 E755.41324
G0 F9000 X119.192 Y96.772
G0 X121.693 Y96.581
G0 X121.679 Y96.35
G1 F3000 X115.251 Y102.779 E755.71562
G0 F9000 X114.428 Y103.114
G1 F3000 X109.681 Y98.368 E755.93888
G0 F9000 X109.744 Y98.589
G0 X107.827 Y99.18
G0 X107.755 Y98.96
G1 F3000 X92.308 Y114.408 E756.66549
G0 F9000 X92.308 Y114.935
G1 F3000 X95.814 Y118.442 E756.83042
G0 F9000 X95.631 Y118.308
G0 X98.104 Y115.105
G0 X98.279 Y115.249
G1 F3000 X90.98 Y107.95 E757.17374
G0 F9000 X91.124 Y108.13
G0 X88.06 Y110.702
G0 X87.905 Y110.533
G1 F3000 X90.633 Y113.26 E757.30204
G0 F9000 X90.633 Y113.03
G0 X87.799 Y113.03
G0 X87.799 Y113.26
G1 F3000 X97.514 Y103.544 E757.75902
G0 F9000 X97.748 Y103.405
G1 F3000 X103.915 Y109.572 E758.0491
G0 F9000 X103.767 Y109.4
G0 X100.817 Y112.126
G0 X100.975 Y112.289
G1 F3000 X94.262 Y105.575 E758.36488
G0 F9000 X94.391 Y105.763
G0 X101.564 Y101.679
G0 X101.469 Y101.469
G1 F3000 X107.113 Y107.113 E758.63036
G0 F9000 X106.986 Y106.922
G0 X110.485 Y104.744
G0 X110.599 Y104.942
G1 F3000 X105.437 Y99.781 E758.87314
G0 F9000 X105.516 Y99.997
G0 X114.278 Y97.486
G0 X114.231 Y97.26
G1 F3000 X118.65 Y101.679 E759.081
G0 F9000 X118.595 Y101.459
G0 X115.347 Y97.298
G0 X115.307 Y97.065
G1 F3000 X88.032 Y124.34 E760.36393
G0 F9000 X88.088 Y124.122
G0 X87.591 Y121.764
G0 X87.591 Y121.533
G1 F3000 X91.541 Y125.482 E760.5497
G0 F9000 X91.34 Y125.378
G0 X93.363 Y121.728
G0 X93.559 Y121.843
G1 F3000 X90.775 Y119.059 E760.68065
G0 F9000 X91.006 Y119.059
G0 X90.935 Y121.692
G0 X85.193 Y121.764
G0 X85.193 Y121.523
G1 F3000 X84.244 Y122.472 E760.72529
G0 F9000 X84.475 Y122.472
G0 X90.935 Y121.692
G0 X92.47 Y116.234
G0 X92.467 Y113.102
G0 X84.976 Y113.03
G0 X84.976 Y113.26
G1 F3000 X83.652 Y111.936 E760.78757
G1 X83.466 Y111.936
G1 X83.396 Y112.006 E760.79086
G1 F2700 E755.79086
G0 F9000 X83.596 Y112.136
G0 X86.451 Y112.103
G0 X117.923 Y101.69
G0 X120.323 Y101.084
G0 X122.744 Y100.66
G0 X125.178 Y100.416
G0 X127.615 Y100.354
G0 X130.048 Y100.474
G0 X132.469 Y100.777
G0 X134.413 Y101.169
G0 X138.283 Y102.235
G0 X138.205 Y102.452
G1 F2700 E760.79086
G1 F3000 X141.532 Y99.124 E760.94738
G0 F9000 X141.462 Y99.344
G0 X143.569 Y99.93
G0 X143.807 Y98.346
G0 X143.577 Y98.322
G1 F3000 X149.967 Y104.713 E761.24796
G0 F9000 X149.743 Y104.689
G0 X150.055 Y101.668
G0 X150.279 Y101.691
G1 F3000 X142.417 Y109.553 E761.61777
G0 F9000 X142.517 Y108.576
G1 F3000 X148.908 Y114.967 E761.91838
G0 F9000 X148.975 Y114.309
G1 F3000 X141.117 Y122.167 E762.288
G0 F9000 X141.347 Y122.191
G0 X141.162 Y123.985
G0 X140.931 Y123.961
G1 F3000 X147.318 Y130.347 E762.5884
G0 F9000 X147.093 Y130.323
G0 X147.446 Y126.903
G0 X147.671 Y126.927
G1 F3000 X139.873 Y134.725 E762.95519
G0 F9000 X139.908 Y134.251
G1 F3000 X142.178 Y136.521 E763.06197
G0 F9000 X142.15 Y136.295
G0 X147.623 Y125.197
G0 X147.848 Y125.221
G1 F3000 X141.46 Y118.833 E763.36244
G0 F9000 X141.691 Y118.857
G0 X143.12 Y104.343
G0 X142.294 Y103.904
G0 X142.201 Y104.113
G1 F3000 X150.931 Y95.382 E763.7731
G0 F9000 X151.027 Y94.459
G1 F3000 X149.53 Y92.962 E763.84351
G0 F9000 X149.565 Y93.191
G0 X146.64 Y94.337
G0 X146.517 Y94.139
G1 F3000 X144.433 Y96.224 E763.94156
G0 F9000 X144.623 Y96.357
G0 X145.849 Y94.947
G0 X145.693 Y94.781
G1 F3000 X150.498 Y99.586 E764.16757
G0 F9000 X149.975 Y99.53
G1 F2700 E759.16757
;MESH:NONMESH
G0 F300 X149.975 Y99.53 Z2.8
G0 F9000 X132.469 Y100.777
G0 X130.048 Y100.474
G0 X127.615 Y100.354
G0 X125.178 Y100.416
G0 X122.744 Y100.66
G0 X120.323 Y101.084
G0 X117.923 Y101.69
G0 X115.553 Y102.472
G0 X113.219 Y103.429
G0 X110.931 Y104.556
G0 X108.695 Y105.851
G0 X106.519 Y107.307
G0 X104.411 Y108.92
G0 X102.376 Y110.685
G0 X100.423 Y112.596
G0 X98.555 Y114.645
G0 X96.781 Y116.827
G0 X95.105 Y119.133
G0 X93.531 Y121.557
G0 X92.345 Y123.608
G0 X90.941 Y126.319
G0 X90.796 Y126.976
;TIME_ELAPSED:1189.024504
;LAYER:13
;TYPE:WALL-INNER
;MESH:FT03-Upright.stl
G1 F2700 E764.16757
G1 F1075.3 X90.763 Y127.35 E764.18499
G1 F2700 E759.18499
G0 F9000 X92.418 Y124.281
G0 X93.872 Y121.767
G0 X95.435 Y119.36
G0 X97.098 Y117.071
G0 X98.858 Y114.906
G0 X100.711 Y112.874
G0 X102.647 Y110.979
G0 X104.664 Y109.23
G0 X106.752 Y107.632
G0 X108.907 Y106.191
G0 X111.119 Y104.909
G0 X113.383 Y103.794
G0 X115.692 Y102.847
G0 X118.035 Y102.074
G0 X120.406 Y101.476
G0 X122.799 Y101.057
G0 X125.203 Y100.816
G0 X127.61 Y100.755
G0 X130.014 Y100.873
G0 X132.405 Y101.172
G0 X134.776 Y101.65
G0 X137.118 Y102.304
G0 X139.424 Y103.134
G0 X142.692 Y104.591
G0 X139.856 Y140.985
G0 X141.44 Y141.505
G0 X143.372 Y141.962
G0 X142.481 Y141.847
G1 F2700 E764.18499
G1 F1578.9 X141.773 Y141.756 E764.20755
G1 F1595.7 X141.14 Y141.495 E764.22895
G1 X140.595 Y141.076 E764.25045
G1 F1591.5 X140.174 Y140.528 E764.27211
G1 X139.914 Y139.902 E764.29336
G1 F1587.3 X139.823 Y139.196 E764.31573
G1 F1570.7 X139.897 Y138.531 E764.33698
G1 F1530.6 X140.163 Y137.889 E764.35963
G1 F1503.8 X140.582 Y137.341 E764.38252
G1 F1500 X141.127 Y136.925 E764.40533
G1 X141.775 Y136.654 E764.42869
G1 X142.46 Y136.566 E764.45166
G1 X143.146 Y136.656 E764.47467
G1 X143.783 Y136.923 E764.49764
G1 X144.327 Y137.338 E764.5204
G1 X144.75 Y137.884 E764.54337
G1 X145.016 Y138.53 E764.56661
G1 X145.106 Y139.214 E764.58955
G1 X145.017 Y139.901 E764.61259
G1 F1401.9 X144.725 Y140.621 E764.64024
G1 F1327.4 X144.325 Y141.117 E764.66419
G1 F1268.5 X143.747 Y141.606 E764.69397
G1 F1219.5 X143.158 Y141.785 E764.71915
G1 F1382.5 X142.481 Y141.847 E764.74369
G0 F9000 X142.515 Y142.229
G1 F1492.5 X143.126 Y142.209 E764.76412
G1 F1363.6 X143.941 Y142.134 E764.79407
G1 F1345.3 X144.681 Y141.366 E764.83362
G1 X145.075 Y140.914 E764.85585
G1 F1363.6 X145.242 Y140.756 E764.86426
G1 F1456.3 X145.608 Y140.368 E764.88254
G1 F1500 X146.319 Y139.583 E764.91776
G1 X151.162 Y92.776 E766.48288
G1 X150.765 Y92.776 E766.49609
G1 X149.949 Y92.818 E766.52326
G1 X149.193 Y92.933 E766.5487
G1 X148.432 Y93.13 E766.57484
G1 X147.701 Y93.4 E766.60076
G1 X147.004 Y93.742 E766.62658
G1 X146.344 Y94.153 E766.65244
G1 X145.744 Y94.62 E766.67773
G1 X145.156 Y95.179 E766.70472
G1 X144.667 Y95.748 E766.72967
G1 X144.215 Y96.398 E766.756
G1 X143.848 Y97.061 E766.78121
G1 X143.556 Y97.738 E766.80573
G1 X143.429 Y98.964 E766.84672
G1 X143.255 Y99.258 E766.85809
G1 X142.966 Y99.411 E766.86896
G1 X142.695 Y99.407 E766.87798
G1 X139.426 Y98.38 E766.99194
G1 X137.539 Y97.858 E767.05706
G1 X135.621 Y97.407 E767.1226
G1 X133.701 Y97.027 E767.18769
G1 X131.783 Y96.719 E767.2523
G1 X129.881 Y96.485 E767.31604
G1 X127.895 Y96.315 E767.38234
G1 X125.938 Y96.22 E767.4475
G1 X123.955 Y96.201 E767.51346
G1 X122.003 Y96.25 E767.57841
G1 X120.131 Y96.367 E767.64079
G1 X118.143 Y96.564 E767.70724
G1 X116.177 Y96.833 E767.77324
G1 X114.382 Y97.146 E767.83384
G1 X112.377 Y97.573 E767.90202
G1 X110.52 Y98.041 E767.96572
G1 X108.571 Y98.606 E768.03321
G1 X106.661 Y99.242 E768.10016
G1 X104.876 Y99.903 E768.16347
G1 X103.052 Y100.659 E768.22914
G1 X101.096 Y101.553 E768.30067
G1 X99.483 Y102.368 E768.36078
G1 X97.737 Y103.318 E768.42689
G1 X96.028 Y104.335 E768.49304
G1 X94.362 Y105.408 E768.55895
G1 X92.711 Y106.552 E768.62576
G1 X91.104 Y107.747 E768.69236
G1 X89.537 Y109.005 E768.7592
G1 X88.012 Y110.324 E768.82626
G1 X86.528 Y111.697 E768.8935
G1 X86.206 Y111.856 E768.90545
G1 X83.316 Y111.856 E769.00157
G1 X83.316 Y113.404 E769.05306
G1 X83.851 Y113.559 E769.07158
G1 X84.911 Y113.256 E769.10825
G1 X91.71 Y113.256 E769.33439
G1 X91.975 Y113.366 E769.34393
G1 X92.098 Y113.481 E769.34953
G1 X92.228 Y113.784 E769.3605
G1 X92.228 Y115.496 E769.41744
G1 X92.163 Y115.671 E769.42365
G1 X91.928 Y115.916 E769.43494
G1 X91.628 Y115.996 E769.44526
G1 X90.693 Y115.996 E769.47636
G1 X90.696 Y120.864 E769.63827
G1 X90.661 Y121.058 E769.64483
G1 X90.524 Y121.273 E769.65331
G1 X90.345 Y121.399 E769.66059
G1 X90.096 Y121.452 E769.66906
G1 X85.106 Y121.452 E769.83502
G1 X84.851 Y121.264 E769.84556
G1 X84.165 Y121.73 E769.87314
G1 X84.168 Y123.315 E769.92586
G1 X88.509 Y124.436 E770.07498
G1 X89.488 Y124.452 E770.10755
G1 X90.207 Y124.452 E770.13146
G1 X90.5 Y124.587 E770.14219
G1 X90.651 Y124.769 E770.15006
G1 X90.72 Y125.058 E770.15994
G1 F1357.5 X90.746 Y126.76 E770.2225
G1 F1224.5 X90.801 Y126.996 E770.23237
G1 F1342.3 X91.721 Y125.305 E770.30392
G1 F1500 X92.296 Y124.188 E770.34571
G1 X93.744 Y121.681 E770.442
G1 X95.322 Y119.255 E770.53826
G1 X96.99 Y116.957 E770.6327
G1 X98.73 Y114.821 E770.72433
G1 X100.587 Y112.779 E770.81613
G1 X102.562 Y110.85 E770.90796
G1 X104.546 Y109.13 E770.99529
G1 X106.682 Y107.497 E771.08472
G1 X108.843 Y106.052 E771.17118
G1 X111.047 Y104.775 E771.2559
G1 X113.344 Y103.644 E771.34106
G1 X115.623 Y102.711 E771.42296
G1 X118.006 Y101.921 E771.50647
G1 X120.395 Y101.325 E771.58836
G1 X122.8 Y100.903 E771.66957
G1 X125.164 Y100.666 E771.74859
G1 X127.647 Y100.604 E771.8312
G1 X130.059 Y100.724 E771.91153
G1 X132.416 Y101.019 E771.99053
G1 X134.81 Y101.499 E772.07174
G1 X137.18 Y102.167 E772.15364
G1 X139.5 Y103.003 E772.23566
G1 X142.46 Y104.315 E772.34335
G1 X142.711 Y104.524 E772.35421
G1 X142.821 Y104.85 E772.36565
G1 X139.938 Y132.822 E773.30094
G1 F1507.5 X139.518 Y138.358 E773.48467
G1 F1550.4 X139.445 Y139.195 E773.51171
G1 F1587.3 X139.549 Y140.002 E773.53728
G1 F1591.5 X139.846 Y140.715 E773.56149
G1 X140.328 Y141.344 E773.58633
G1 F1595.7 X140.953 Y141.822 E773.61093
G1 X141.675 Y142.122 E773.63538
G1 F1578.9 X142.515 Y142.229 E773.66213
G0 F9000 X142.478 Y142.62
;TYPE:WALL-OUTER
G1 F1500 X144.166 Y142.62 E773.71828
G1 X144.799 Y141.857 E773.75125
G1 X146.703 Y139.754 E773.84561
G1 X151.606 Y92.376 E775.42982
G1 X150.765 Y92.376 E775.45779
G1 X149.909 Y92.42 E775.4863
G1 X149.113 Y92.541 E775.51308
G1 X148.312 Y92.748 E775.5406
G1 X147.543 Y93.032 E775.56786
G1 X146.81 Y93.392 E775.59502
G1 X146.115 Y93.825 E775.62226
G1 X145.483 Y94.316 E775.64888
G1 X144.866 Y94.903 E775.6772
G1 X144.351 Y95.503 E775.7035
G1 X143.875 Y96.186 E775.73119
G1 X143.488 Y96.885 E775.75776
G1 X143.164 Y97.636 E775.78497
G1 X143.033 Y98.881 E775.8266
G1 X142.964 Y98.982 E775.83067
G1 X142.791 Y99.019 E775.83656
G1 X139.539 Y97.996 E775.94994
G1 X137.638 Y97.47 E776.01555
G1 X135.705 Y97.016 E776.08159
G1 X133.772 Y96.633 E776.14713
G1 X131.839 Y96.323 E776.21224
G1 X129.923 Y96.087 E776.27645
G1 X127.922 Y95.916 E776.34325
G1 X125.95 Y95.82 E776.40892
G1 X123.945 Y95.801 E776.4756
G1 X122.029 Y95.848 E776.53935
G1 X120.053 Y95.972 E776.6052
G1 X118.096 Y96.167 E776.67061
G1 X116.115 Y96.438 E776.73712
G1 X114.306 Y96.753 E776.79819
G1 X112.286 Y97.183 E776.86688
G1 X110.422 Y97.653 E776.93082
G1 X108.385 Y98.245 E777.00137
G1 X106.583 Y98.845 E777.06454
G1 X104.73 Y99.531 E777.13026
G1 X102.892 Y100.292 E777.19642
G1 X100.995 Y101.157 E777.26577
G1 X99.297 Y102.014 E777.32903
G1 X97.539 Y102.97 E777.39559
G1 X95.896 Y103.947 E777.45917
G1 X94.14 Y105.075 E777.52858
G1 X92.477 Y106.227 E777.59587
G1 X90.859 Y107.431 E777.66295
G1 X89.281 Y108.698 E777.73026
G1 X87.721 Y110.048 E777.79887
G1 X86.256 Y111.403 E777.86525
G1 X86.155 Y111.453 E777.86899
G1 X82.916 Y111.456 E777.97672
G1 X82.916 Y113.705 E778.05153
G1 X83.851 Y113.975 E778.0839
G1 X84.949 Y113.659 E778.1219
G1 X91.669 Y113.66 E778.34541
G1 X91.785 Y113.731 E778.34993
G1 X91.826 Y113.821 E778.35322
G1 X91.823 Y115.444 E778.4072
G1 X91.708 Y115.596 E778.41354
G1 X90.293 Y115.596 E778.4606
G1 X90.296 Y120.904 E778.63715
G1 X90.239 Y120.993 E778.64066
G1 X90.096 Y121.052 E778.64581
G1 X85.197 Y121.052 E778.80875
G1 X85.077 Y120.964 E778.8137
G1 X84.922 Y120.731 E778.82301
G1 X83.765 Y121.518 E778.86955
G1 X83.768 Y123.625 E778.93963
G1 X88.455 Y124.836 E779.10064
G1 X90.164 Y124.856 E779.15748
G1 X90.321 Y124.975 E779.16403
G1 X90.295 Y127.815 E779.2585
G1 X91.155 Y127.812 E779.2871
G1 X91.287 Y127.027 E779.31358
G1 X92.642 Y124.388 E779.41224
G1 X94.08 Y121.899 E779.50785
G1 X95.646 Y119.49 E779.60342
G1 X97.3 Y117.209 E779.69713
G1 X99.04 Y115.073 E779.78876
G1 X100.884 Y113.048 E779.87985
G1 X102.824 Y111.152 E779.97008
G1 X104.808 Y109.432 E780.05741
G1 X106.904 Y107.829 E780.14517
G1 X109.032 Y106.405 E780.23034
G1 X111.243 Y105.124 E780.31532
G1 X113.496 Y104.014 E780.39886
G1 X115.785 Y103.078 E780.48111
G1 X118.103 Y102.309 E780.56234
G1 X120.465 Y101.719 E780.64332
G1 X122.84 Y101.301 E780.72352
G1 X125.204 Y101.064 E780.80254
G1 X127.627 Y101.004 E780.88316
G1 X130.009 Y101.121 E780.96248
G1 X132.36 Y101.415 E781.04128
G1 X134.727 Y101.891 E781.12158
G1 X137.044 Y102.543 E781.20164
G1 X139.338 Y103.369 E781.28274
G1 X142.329 Y104.698 E781.39159
G1 X142.416 Y104.847 E781.39733
G1 X139.54 Y132.786 E782.3315
G1 X139.054 Y139.206 E782.54564
G1 X139.171 Y140.103 E782.57573
G1 X139.507 Y140.911 E782.60483
G1 X140.051 Y141.621 E782.63458
G1 X140.757 Y142.161 E782.66414
G1 X141.573 Y142.5 E782.69353
G1 X142.478 Y142.62 E782.7239
G0 F9000 X143.048 Y142.006
G0 X142.465 Y141.456
G1 F1500 X141.875 Y141.382 E782.74367
G1 X141.332 Y141.158 E782.76321
G1 X140.87 Y140.802 E782.78261
G1 X140.529 Y140.363 E782.8011
G1 X140.287 Y139.795 E782.82163
G1 X140.212 Y139.201 E782.84155
G1 X140.284 Y138.635 E782.86052
G1 X140.503 Y138.114 E782.87932
G1 X140.868 Y137.626 E782.89959
G1 X141.31 Y137.288 E782.9181
G1 X141.88 Y137.044 E782.93872
G1 X142.456 Y136.97 E782.95803
G1 X143.038 Y137.045 E782.97755
G1 X143.602 Y137.288 E782.99798
G1 X144.042 Y137.624 E783.01639
G1 X144.387 Y138.069 E783.03512
G1 X144.628 Y138.637 E783.05564
G1 X144.7 Y139.233 E783.07561
G1 X144.628 Y139.796 E783.09449
G1 X144.387 Y140.359 E783.11486
G1 X144.049 Y140.795 E783.1332
G1 X143.577 Y141.16 E783.15305
G1 X143.019 Y141.386 E783.17307
G1 X142.465 Y141.456 E783.19165
G0 F9000 X143.048 Y142.006
G0 X143.908 Y141.728
G0 X144.509 Y141.267
G0 X144.97 Y140.666
G0 X145.379 Y139.524
G0 X145.15 Y139.493
;TYPE:FILL
G1 F3000 X145.75 Y140.093 E783.21987
G0 F9000 X145.582 Y139.94
G0 X145.259 Y138.465
G0 X144.97 Y137.765
G0 X144.596 Y137.279
G0 X143.614 Y136.518
G0 X143.525 Y136.73
G1 F3000 X146.88 Y133.374 E783.3777
G0 F9000 X146.654 Y133.35
G0 X146.449 Y135.337
G0 X146.675 Y135.361
G1 F3000 X140.405 Y129.091 E783.67262
G0 F9000 X140.469 Y128.472
G1 F3000 X148.187 Y120.754 E784.03565
G0 F9000 X148.267 Y119.983
G1 F3000 X141.99 Y113.706 E784.3309
G0 F9000 X142.219 Y113.73
G0 X141.997 Y115.883
G0 X141.769 Y115.859
G1 F3000 X149.493 Y108.134 E784.69424
G0 F9000 X149.26 Y108.11
G0 X149.095 Y109.706
G0 X149.328 Y109.73
G1 F3000 X137.541 Y97.943 E785.24866
G0 F9000 X137.151 Y97.849
G1 F3000 X133.787 Y101.212 E785.40687
G0 F9000 X133.832 Y100.99
G0 X135.631 Y101.412
G0 X135.57 Y101.629
G1 F3000 X130.596 Y96.654 E785.64086
G0 F9000 X130.568 Y96.883
G0 X132.402 Y97.131
G0 X132.438 Y96.905
G1 F3000 X128.764 Y100.579 E785.81367
G1 X128.867 Y100.583
G1 X124.572 Y96.287 E786.01572
G0 F9000 X124.569 Y96.516
G0 X127.309 Y96.596
G0 X127.32 Y96.367
G1 F3000 X122.871 Y100.815 E786.22496
G0 F9000 X123.39 Y100.763
G1 F3000 X119.171 Y96.543 E786.42344
G0 F9000 X119.192 Y96.773
G0 X121.693 Y96.581
G0 X121.679 Y96.35
G1 F3000 X115.251 Y102.779 E786.72581
G0 F9000 X114.428 Y103.114
G1 F3000 X109.681 Y98.368 E786.94907
G0 F9000 X109.744 Y98.589
G0 X107.827 Y99.18
G0 X107.755 Y98.96
G1 F3000 X92.308 Y114.408 E787.67568
G0 F9000 X92.308 Y114.935
G1 F3000 X95.814 Y118.442 E787.84061
G0 F9000 X95.631 Y118.308
G0 X98.104 Y115.105
G0 X98.279 Y115.249
G1 F3000 X90.979 Y107.95 E788.18396
G0 F9000 X91.124 Y108.131
G0 X88.06 Y110.702
G0 X87.905 Y110.533
G1 F3000 X90.549 Y113.176 E788.3083
G0 F9000 X90.549 Y112.948
G0 X87.883 Y112.948
G0 X87.883 Y113.176
G1 F3000 X97.514 Y103.544 E788.76134
G0 F9000 X97.748 Y103.405
G1 F3000 X103.915 Y109.572 E789.05141
G0 F9000 X103.767 Y109.4
G0 X100.817 Y112.126
G0 X100.975 Y112.289
G1 F3000 X94.262 Y105.575 E789.36719
G0 F9000 X94.391 Y105.763
G0 X101.564 Y101.679
G0 X101.469 Y101.469
G1 F3000 X107.113 Y107.113 E789.63267
G0 F9000 X106.986 Y106.922
G0 X110.485 Y104.744
G0 X110.599 Y104.942
G1 F3000 X105.437 Y99.781 E789.87545
G0 F9000 X105.516 Y99.997
G0 X114.278 Y97.486
G0 X114.231 Y97.26
G1 F3000 X118.65 Y101.679 E790.08331
G0 F9000 X118.595 Y101.459
G0 X115.347 Y97.298
G0 X115.307 Y97.065
G1 F3000 X88.118 Y124.254 E791.3622
G0 F9000 X88.175 Y124.033
G0 X87.591 Y121.764
G0 X87.591 Y121.533
G1 F3000 X91.541 Y125.482 E791.54797
G0 F9000 X91.34 Y125.378
G0 X93.363 Y121.728
G0 X93.559 Y121.843
G1 F3000 X90.775 Y119.059 E791.67892
G0 F9000 X91.006 Y119.059
G0 X90.935 Y121.692
G0 X85.192 Y121.764
G0 X85.192 Y121.524
G1 F3000 X84.246 Y122.469 E791.72339
G0 F9000 X84.476 Y122.469
G0 X90.935 Y121.692
G0 X92.47 Y116.234
G0 X92.467 Y113.02
G0 X84.894 Y112.948
G0 X84.894 Y113.178
G1 F3000 X83.652 Y111.936 E791.78181
G1 X83.465 Y111.936
G1 X83.396 Y112.006 E791.78508
G1 F2700 E786.78508
G0 F9000 X83.596 Y112.136
G0 X86.451 Y112.103
G0 X117.923 Y101.69
G0 X120.323 Y101.084
G0 X122.744 Y100.66
G0 X125.178 Y100.416
G0 X127.615 Y100.354
G0 X130.048 Y100.474
G0 X132.469 Y100.777
G0 X134.413 Y101.169
G0 X138.283 Y102.235
G0 X138.205 Y102.452
G1 F2700 E791.78508
G1 F3000 X141.532 Y99.124 E791.9416
G0 F9000 X141.462 Y99.345
G0 X143.569 Y99.93
G0 X143.807 Y98.345
G0 X143.576 Y98.321
G1 F3000 X149.859 Y104.604 E792.23713
G0 F9000 X149.627 Y104.58
G0 X149.915 Y101.801
G0 X150.146 Y101.825
G1 F3000 X142.418 Y109.552 E792.60061
G0 F9000 X142.518 Y108.577
G1 F3000 X148.798 Y114.857 E792.896
G0 F9000 X148.84 Y114.445
G1 F3000 X141.119 Y122.165 E793.25915
G0 F9000 X141.347 Y122.189
G0 X141.162 Y123.986
G0 X140.933 Y123.962
G1 F3000 X147.206 Y130.236 E793.55423
G0 F9000 X146.978 Y130.212
G0 X147.305 Y127.04
G0 X147.534 Y127.064
G1 F3000 X139.873 Y134.725 E793.91458
G0 F9000 X139.909 Y134.252
G1 F3000 X142.178 Y136.521 E794.02131
G0 F9000 X142.15 Y136.295
G0 X147.507 Y125.085
G0 X147.737 Y125.109
G1 F3000 X141.461 Y118.834 E794.31649
G0 F9000 X141.69 Y118.858
G0 X143.12 Y104.343
G0 X142.294 Y103.903
G0 X142.2 Y104.114
G1 F3000 X150.799 Y95.515 E794.72096
G0 F9000 X150.57 Y95.491
G0 X150.69 Y94.327
G0 X150.92 Y94.351
G1 F3000 X149.53 Y92.962 E794.78632
G0 F9000 X149.565 Y93.191
G0 X146.64 Y94.337
G0 X146.518 Y94.139
G1 F3000 X144.436 Y96.221 E794.88425
G0 F9000 X144.626 Y96.354
G0 X145.849 Y94.947
G0 X145.693 Y94.781
G1 F3000 X150.39 Y99.478 E795.10518
G0 F9000 X149.861 Y99.423
G1 F2700 E790.10518
;MESH:NONMESH
G0 F300 X149.861 Y99.423 Z3
G0 F9000 X132.469 Y100.777
G0 X130.048 Y100.474
G0 X127.615 Y100.354
G0 X125.178 Y100.416
G0 X122.744 Y100.66
G0 X120.323 Y101.084
G0 X117.923 Y101.69
G0 X115.553 Y102.472
G0 X113.219 Y103.429
G0 X110.931 Y104.556
G0 X108.695 Y105.851
G0 X106.519 Y107.307
G0 X104.411 Y108.92
G0 X102.376 Y110.685
G0 X100.423 Y112.596
G0 X98.555 Y114.645
G0 X96.781 Y116.827
G0 X95.105 Y119.133
G0 X93.531 Y121.557
G0 X92.345 Y123.608
G0 X90.941 Y126.319
G0 X90.795 Y126.974
;TIME_ELAPSED:1234.686567
;LAYER:14
;TYPE:WALL-INNER
;MESH:FT03-Upright.stl
G1 F2700 E795.10518
G1 F1049 X90.777 Y127.182 E795.11511
G1 F2700 E790.11511
G0 F9000 X90.94 Y126.32
G0 X92.067 Y124.089
G0 X93.531 Y121.557
G0 X95.105 Y119.133
G0 X96.781 Y116.827
G0 X98.555 Y114.645
G0 X100.423 Y112.596
G0 X102.376 Y110.685
G0 X104.411 Y108.92
G0 X106.519 Y107.307
G0 X108.695 Y105.851
G0 X110.931 Y104.556
G0 X113.219 Y103.429
G0 X115.553 Y102.472
G0 X117.923 Y101.69
G0 X120.323 Y101.084
G0 X122.744 Y100.66
G0 X125.178 Y100.416
G0 X127.615 Y100.354
G0 X130.048 Y100.474
G0 X132.469 Y100.777
G0 X134.869 Y101.261
G0 X137.24 Y101.923
G0 X139.573 Y102.763
G0 X143.12 Y104.343
G0 X145.359 Y139.216
G0 X145.259 Y139.967
G0 X144.97 Y140.666
G0 X144.509 Y141.267
G0 X144.022 Y141.641
G0 X143.372 Y141.962
G0 X142.481 Y141.847
G1 F2700 E795.11511
G1 F1578.9 X141.773 Y141.756 E795.13767
G1 F1595.7 X141.14 Y141.495 E795.15907
G1 X140.595 Y141.076 E795.18057
G1 F1591.5 X140.174 Y140.528 E795.20223
G1 X139.914 Y139.902 E795.22348
G1 F1587.3 X139.823 Y139.196 E795.24585
G1 F1570.7 X139.897 Y138.531 E795.26711
G1 F1530.6 X140.163 Y137.889 E795.28976
G1 F1503.8 X140.582 Y137.341 E795.31264
G1 F1500 X141.127 Y136.925 E795.33545
G1 X141.775 Y136.654 E795.35881
G1 X142.46 Y136.567 E795.38178
G1 X143.141 Y136.654 E795.40461
G1 X143.783 Y136.923 E795.42776
G1 X144.327 Y137.338 E795.45052
G1 X144.753 Y137.887 E795.47363
G1 X145.016 Y138.527 E795.49664
G1 X145.106 Y139.216 E795.51976
G1 F1477.8 X145.019 Y139.893 E795.5428
G1 F1428.6 X144.746 Y140.592 E795.56901
G1 F1401.9 X144.341 Y141.091 E795.59188
G1 F1304.3 X143.753 Y141.604 E795.62172
G1 F1232 X143.158 Y141.785 E795.64691
G1 F1382.5 X142.481 Y141.847 E795.67144
G0 F9000 X142.515 Y142.229
G1 F1492.5 X143.126 Y142.209 E795.69188
G1 F1363.6 X143.943 Y142.134 E795.72189
G1 F1345.3 X144.607 Y141.437 E795.75759
G1 F1351.4 X145.069 Y140.908 E795.78352
G1 F1373 X145.233 Y140.75 E795.7918
G1 F1459.9 X145.599 Y140.362 E795.81003
G1 F1500 X146.183 Y139.718 E795.83894
G1 X151.039 Y92.776 E797.40857
G1 X150.762 Y92.776 E797.41778
G1 X149.949 Y92.818 E797.44486
G1 X149.193 Y92.933 E797.47029
G1 X148.432 Y93.13 E797.49644
G1 X147.701 Y93.401 E797.52237
G1 X147.004 Y93.742 E797.54818
G1 X146.344 Y94.153 E797.57404
G1 X145.744 Y94.62 E797.59932
G1 X145.156 Y95.178 E797.62629
G1 X144.668 Y95.748 E797.65124
G1 X144.214 Y96.398 E797.67761
G1 X143.848 Y97.061 E797.7028
G1 X143.556 Y97.738 E797.72732
G1 X143.429 Y98.964 E797.76832
G1 X143.251 Y99.262 E797.77986
G1 X142.966 Y99.411 E797.79056
G1 X142.695 Y99.407 E797.79958
G1 X139.426 Y98.38 E797.91354
G1 X137.539 Y97.858 E797.97866
G1 X135.621 Y97.407 E798.04419
G1 X133.701 Y97.027 E798.10929
G1 X131.783 Y96.719 E798.1739
G1 X129.881 Y96.485 E798.23764
G1 X127.895 Y96.315 E798.30394
G1 X125.938 Y96.22 E798.3691
G1 X123.955 Y96.201 E798.43506
G1 X122.003 Y96.25 E798.50001
G1 X120.131 Y96.367 E798.56239
G1 X118.143 Y96.564 E798.62883
G1 X116.177 Y96.833 E798.69483
G1 X114.382 Y97.146 E798.75544
G1 X112.377 Y97.573 E798.82362
G1 X110.52 Y98.041 E798.88731
G1 X108.571 Y98.606 E798.95481
G1 X106.661 Y99.242 E799.02176
G1 X104.876 Y99.903 E799.08507
G1 X103.052 Y100.659 E799.15074
G1 X101.096 Y101.553 E799.22227
G1 X99.483 Y102.368 E799.28238
G1 X97.737 Y103.318 E799.34849
G1 X96.028 Y104.335 E799.41464
G1 X94.362 Y105.408 E799.48055
G1 X92.711 Y106.552 E799.54735
G1 X91.104 Y107.747 E799.61396
G1 X89.537 Y109.005 E799.6808
G1 X88.012 Y110.324 E799.74786
G1 X86.528 Y111.697 E799.8151
G1 X86.208 Y111.856 E799.82699
G1 X83.316 Y111.856 E799.92317
G1 X83.316 Y113.323 E799.97197
G1 X83.851 Y113.476 E799.99047
G1 X84.908 Y113.176 E800.02702
G1 X91.708 Y113.176 E800.25319
G1 X91.975 Y113.285 E800.26278
G1 X92.149 Y113.476 E800.27137
G1 X92.229 Y113.776 E800.2817
G1 X92.228 Y115.496 E800.33891
G1 X92.163 Y115.671 E800.34512
G1 X91.928 Y115.916 E800.35641
G1 X91.628 Y115.996 E800.36673
G1 X90.693 Y115.996 E800.39783
G1 X90.696 Y120.864 E800.55974
G1 X90.661 Y121.058 E800.5663
G1 X90.535 Y121.263 E800.5743
G1 X90.364 Y121.39 E800.58139
G1 X90.096 Y121.452 E800.59054
G1 X85.106 Y121.452 E800.7565
G1 X84.851 Y121.264 E800.76704
G1 X84.165 Y121.73 E800.79462
G1 X84.168 Y123.206 E800.84372
G1 X88.51 Y124.325 E800.99285
G1 X89.319 Y124.34 E801.01976
G1 X90.218 Y124.34 E801.04966
G1 X90.536 Y124.506 E801.0616
G1 X90.72 Y124.946 E801.07746
G1 F1354.4 X90.746 Y126.759 E801.14425
G1 F1224.5 X90.8 Y126.995 E801.15411
G1 F1339.3 X91.773 Y125.205 E801.23001
G1 F1500 X92.296 Y124.187 E801.26807
G1 X93.744 Y121.681 E801.36434
G1 X95.322 Y119.255 E801.46059
G1 X96.99 Y116.957 E801.55504
G1 X98.73 Y114.821 E801.64667
G1 X100.587 Y112.779 E801.73847
G1 X102.562 Y110.85 E801.83029
G1 X104.546 Y109.13 E801.91763
G1 X106.682 Y107.497 E802.00705
G1 X108.843 Y106.052 E802.09352
G1 X111.047 Y104.775 E802.17824
G1 X113.344 Y103.644 E802.26339
G1 X115.623 Y102.711 E802.3453
G1 X118.006 Y101.921 E802.4288
G1 X120.395 Y101.325 E802.51069
G1 X122.8 Y100.903 E802.59191
G1 X125.164 Y100.666 E802.67093
G1 X127.647 Y100.604 E802.75354
G1 X130.059 Y100.724 E802.83386
G1 X132.416 Y101.019 E802.91287
G1 X134.81 Y101.499 E802.99408
G1 X137.18 Y102.167 E803.07597
G1 X139.5 Y103.003 E803.158
G1 X142.46 Y104.315 E803.26568
G1 X142.708 Y104.519 E803.27636
G1 X142.821 Y104.848 E803.28793
G1 X139.938 Y132.822 E804.22328
G1 F1507.5 X139.518 Y138.358 E804.40701
G1 F1550.4 X139.445 Y139.195 E804.43405
G1 F1587.3 X139.549 Y140.002 E804.45962
G1 F1591.5 X139.846 Y140.715 E804.48384
G1 X140.328 Y141.344 E804.50868
G1 F1595.7 X140.953 Y141.822 E804.53328
G1 X141.675 Y142.122 E804.55772
G1 F1578.9 X142.515 Y142.229 E804.58448
G0 F9000 X142.478 Y142.62
;TYPE:WALL-OUTER
G1 F1500 X144.166 Y142.62 E804.64062
G1 X144.983 Y141.637 E804.68313
G1 X146.567 Y139.89 E804.76157
G1 X151.482 Y92.376 E806.35032
G1 X150.762 Y92.376 E806.37427
G1 X149.909 Y92.42 E806.40268
G1 X149.113 Y92.541 E806.42946
G1 X148.312 Y92.748 E806.45697
G1 X147.543 Y93.033 E806.48425
G1 X146.81 Y93.392 E806.5114
G1 X146.115 Y93.825 E806.53863
G1 X145.483 Y94.316 E806.56525
G1 X144.866 Y94.902 E806.59355
G1 X144.351 Y95.503 E806.61988
G1 X143.874 Y96.186 E806.64759
G1 X143.488 Y96.885 E806.67415
G1 X143.164 Y97.636 E806.70135
G1 X143.032 Y98.882 E806.74302
G1 X142.916 Y99.01 E806.74877
G1 X142.791 Y99.019 E806.75294
G1 X139.539 Y97.996 E806.86632
G1 X137.638 Y97.47 E806.93193
G1 X135.705 Y97.016 E806.99797
G1 X133.772 Y96.633 E807.06351
G1 X131.839 Y96.323 E807.12862
G1 X129.923 Y96.087 E807.19283
G1 X127.922 Y95.916 E807.25963
G1 X125.95 Y95.82 E807.32529
G1 X123.945 Y95.801 E807.39198
G1 X122.029 Y95.848 E807.45573
G1 X120.053 Y95.972 E807.52158
G1 X118.096 Y96.167 E807.58699
G1 X116.115 Y96.438 E807.6535
G1 X114.306 Y96.753 E807.71457
G1 X112.286 Y97.183 E807.78326
G1 X110.422 Y97.653 E807.8472
G1 X108.385 Y98.245 E807.91775
G1 X106.583 Y98.845 E807.98092
G1 X104.73 Y99.531 E808.04664
G1 X102.892 Y100.292 E808.1128
G1 X100.995 Y101.157 E808.18215
G1 X99.297 Y102.014 E808.24541
G1 X97.539 Y102.97 E808.31197
G1 X95.896 Y103.947 E808.37555
G1 X94.14 Y105.075 E808.44496
G1 X92.477 Y106.227 E808.51225
G1 X90.859 Y107.431 E808.57933
G1 X89.281 Y108.698 E808.64664
G1 X87.771 Y110.003 E808.71302
G1 X86.256 Y111.403 E808.78163
G1 X86.155 Y111.454 E808.78539
G1 X82.916 Y111.456 E808.89312
G1 X82.916 Y113.625 E808.96526
G1 X83.851 Y113.892 E808.9976
G1 X84.949 Y113.578 E809.03559
G1 X91.668 Y113.58 E809.25906
G1 X91.829 Y113.696 E809.26566
G1 X91.823 Y115.444 E809.3238
G1 X91.708 Y115.596 E809.33014
G1 X90.293 Y115.596 E809.3772
G1 X90.296 Y120.903 E809.55371
G1 X90.169 Y121.052 E809.56022
G1 X85.197 Y121.052 E809.72559
G1 X85.077 Y120.964 E809.73054
G1 X84.922 Y120.731 E809.73985
G1 X83.765 Y121.518 E809.78639
G1 X83.768 Y123.516 E809.85285
G1 X88.456 Y124.724 E810.01386
G1 X90.168 Y124.745 E810.07081
G1 X90.259 Y124.795 E810.07426
G1 X90.32 Y124.942 E810.07956
G1 X90.295 Y127.659 E810.16993
G1 X91.179 Y127.659 E810.19933
G1 X91.287 Y127.027 E810.22065
G1 X92.642 Y124.387 E810.31935
G1 X94.08 Y121.899 E810.41493
G1 X95.646 Y119.49 E810.51049
G1 X97.3 Y117.209 E810.60421
G1 X99.04 Y115.073 E810.69584
G1 X100.884 Y113.048 E810.78693
G1 X102.824 Y111.152 E810.87715
G1 X104.808 Y109.432 E810.96449
G1 X106.904 Y107.829 E811.05225
G1 X109.032 Y106.405 E811.13741
G1 X111.243 Y105.124 E811.2224
G1 X113.496 Y104.014 E811.30594
G1 X115.785 Y103.078 E811.38819
G1 X118.103 Y102.309 E811.46942
G1 X120.465 Y101.719 E811.55039
G1 X122.84 Y101.301 E811.6306
G1 X125.204 Y101.064 E811.70962
G1 X127.627 Y101.004 E811.79024
G1 X130.009 Y101.121 E811.86956
G1 X132.36 Y101.415 E811.94836
G1 X134.727 Y101.891 E812.02866
G1 X137.044 Y102.543 E812.10872
G1 X139.338 Y103.369 E812.18982
G1 X142.328 Y104.697 E812.29863
G1 X142.416 Y104.847 E812.30441
G1 X139.54 Y132.786 E813.23858
G1 X139.054 Y139.206 E813.45272
G1 X139.171 Y140.103 E813.48281
G1 X139.507 Y140.911 E813.51191
G1 X140.051 Y141.621 E813.54166
G1 X140.757 Y142.161 E813.57123
G1 X141.573 Y142.5 E813.60061
G1 X142.478 Y142.62 E813.63098
G0 F9000 X143.048 Y142.006
G0 X142.465 Y141.456
G1 F1500 X141.875 Y141.382 E813.65076
G1 X141.332 Y141.158 E813.67029
G1 X140.87 Y140.802 E813.68969
G1 X140.529 Y140.363 E813.70818
G1 X140.287 Y139.795 E813.72872
G1 X140.212 Y139.201 E813.74863
G1 X140.284 Y138.635 E813.76761
G1 X140.503 Y138.114 E813.7864
G1 X140.868 Y137.626 E813.80667
G1 X141.31 Y137.288 E813.82518
G1 X141.88 Y137.044 E813.8458
G1 X142.456 Y136.97 E813.86512
G1 X143.038 Y137.045 E813.88463
G1 X143.602 Y137.288 E813.90506
G1 X144.042 Y137.624 E813.92347
G1 X144.404 Y138.091 E813.94313
G1 X144.628 Y138.635 E813.96269
G1 X144.7 Y139.237 E813.98286
G1 X144.628 Y139.796 E814.0016
G1 X144.387 Y140.359 E814.02197
G1 X144.044 Y140.8 E814.04055
G1 X143.577 Y141.159 E814.06015
G1 X143.019 Y141.386 E814.08018
G1 X142.465 Y141.456 E814.09875
G0 F9000 X143.048 Y142.006
G0 X143.908 Y141.728
G0 X144.509 Y141.267
G0 X144.97 Y140.666
G0 X145.378 Y139.526
G0 X145.151 Y139.494
;TYPE:FILL
G1 F3000 X145.742 Y140.085 E814.12655
G0 F9000 X145.573 Y139.931
G0 X145.259 Y138.465
G0 X144.97 Y137.765
G0 X144.596 Y137.279
G0 X143.614 Y136.518
G0 X143.525 Y136.73
G1 F3000 X146.743 Y133.512 E814.27792
G0 F9000 X146.515 Y133.488
G0 X146.336 Y135.226
G0 X146.563 Y135.25
G1 F3000 X140.402 Y129.089 E814.56771
G0 F9000 X140.466 Y128.475
G1 F3000 X148.049 Y120.892 E814.92439
G0 F9000 X147.818 Y120.868
G0 X147.923 Y119.847
G0 X148.155 Y119.871
G1 F3000 X141.988 Y113.703 E815.21449
G0 F9000 X142.22 Y113.727
G0 X141.997 Y115.885
G0 X141.766 Y115.861
G1 F3000 X149.354 Y108.273 E815.57141
G0 F9000 X149.124 Y108.249
G0 X148.984 Y109.595
G0 X149.217 Y109.619
G1 F3000 X143.197 Y103.6 E815.85455
G1 X142.715 Y103.6 E815.87058
G1 X142.706 Y103.606 E815.87094
G1 X138.79 Y101.868 E816.01344
G1 X138.205 Y102.452 E816.04093
G0 F9000 X138.79 Y101.868
G1 F3000 X138.83 Y101.824 E816.04291
G0 F9000 X138.918 Y99.32
G1 F3000 X138.759 Y99.16 E816.05041
G0 F9000 X137.48 Y98.165
G0 X137.541 Y97.943
G1 F3000 X138.759 Y99.16 E816.10768
G1 X140.847 Y99.808 E816.18039
G1 X141.126 Y99.534 E816.1934
G1 X145.43 Y100.882 E816.34341
G1 X147.101 Y99.211 E816.42201
G0 F9000 X145.012 Y99.757
G1 F3000 X149.747 Y104.492 E816.64473
G0 F9000 X149.516 Y104.468
G0 X149.779 Y101.939
G0 X150.008 Y101.963
G1 F3000 X142.416 Y109.554 E817.00181
G0 F9000 X142.517 Y108.576
G1 F3000 X148.685 Y114.744 E817.29193
G1 X148.702 Y114.582
G1 X141.117 Y122.168 E817.64873
G0 F9000 X141.347 Y122.192
G0 X141.162 Y123.984
G0 X140.931 Y123.96
G1 F3000 X147.094 Y130.124 E817.93864
G0 F9000 X146.865 Y130.1
G0 X147.166 Y127.178
G0 X147.396 Y127.202
G1 F3000 X139.873 Y134.725 E818.2925
G0 F9000 X139.908 Y134.251
G1 F3000 X142.178 Y136.521 E818.39928
G0 F9000 X142.15 Y136.295
G0 X147.394 Y124.973
G0 X147.625 Y124.997
G1 F3000 X141.46 Y118.832 E818.68926
G0 F9000 X141.691 Y118.856
G0 X143.12 Y104.343
G0 X142.294 Y103.903
G0 X142.2 Y104.114
G1 F3000 X142.706 Y103.606 E818.71311
G1 X142.715 Y103.6
G1 X143.2 Y103.114 E818.73594
G0 F9000 X143.197 Y103.6
G0 X145.43 Y100.882
G1 F3000 X143.2 Y103.114 E818.84088
G1 X143.2 Y103.601 E818.85708
G1 X138.918 Y99.32 E819.05847
G1 X136.498 Y98.502 E819.14343
G1 X134.605 Y100.396 E819.2325
G0 F9000 X134.391 Y100.451
G1 F3000 X131.141 Y97.2 E819.38539
G1 X126.488 Y97.2 E819.54015
G1 X123.477 Y100.211 E819.68178
G1 X128.038 Y99.755 E819.83423
G1 X125.189 Y96.904 E819.96829
G1 X121.022 Y97.008 E820.10693
G1 X115.251 Y102.779 E820.37838
G0 F9000 X114.428 Y103.114
G1 F3000 X109.681 Y98.368 E820.60164
G0 F9000 X109.744 Y98.589
G0 X107.827 Y99.18
G0 X107.755 Y98.96
G1 F3000 X92.309 Y114.407 E821.32819
G0 F9000 X92.308 Y114.935
G1 F3000 X95.814 Y118.442 E821.49313
G0 F9000 X95.631 Y118.308
G0 X98.104 Y115.105
G0 X98.279 Y115.249
G1 F3000 X90.979 Y107.95 E821.83647
G0 F9000 X91.124 Y108.131
G0 X88.06 Y110.702
G0 X87.905 Y110.533
G1 F3000 X90.469 Y113.096 E821.95705
G0 F9000 X90.469 Y112.866
G0 X87.963 Y112.866
G0 X87.963 Y113.096
G1 F3000 X97.514 Y103.544 E822.40633
G0 F9000 X97.748 Y103.405
G1 F3000 X103.915 Y109.572 E822.6964
G0 F9000 X103.767 Y109.4
G0 X100.817 Y112.126
G0 X100.975 Y112.289
G1 F3000 X94.262 Y105.575 E823.01219
G0 F9000 X94.391 Y105.763
G0 X101.564 Y101.679
G0 X101.469 Y101.469
G1 F3000 X107.113 Y107.113 E823.27766
G0 F9000 X106.986 Y106.922
G0 X110.485 Y104.744
G0 X110.599 Y104.942
G1 F3000 X105.437 Y99.781 E823.52044
G0 F9000 X105.516 Y99.997
G0 X114.278 Y97.486
G0 X114.231 Y97.26
G1 F3000 X118.65 Y101.679 E823.7283
G0 F9000 X118.595 Y101.459
G0 X120.025 Y101.098
G0 X120.051 Y101.205
G1 F3000 X118.702 Y99.328 E823.80518
G0 F9000 X118.922 Y99.107
G1 F3000 X118.121 Y96.768 E823.88741
G0 F9000 X118.53 Y96.728
G1 F3000 X119.237 Y98.792 E823.95998
G1 X119.275 Y98.755
G1 X120.911 Y101.031 E824.0532
G0 F9000 X121.786 Y100.877
G1 F3000 X119.848 Y98.182 E824.16361
G0 F9000 X120.135 Y97.895
G1 F3000 X122.223 Y100.801 E824.28263
G0 F9000 X122.871 Y100.815
G1 F3000 X123.477 Y100.211 E824.31108
G0 F9000 X123.39 Y100.763
G1 F3000 X119.171 Y96.543 E824.50956
G0 F9000 X120 Y96.58
G1 F3000 X120 Y97.371 E824.53586
G0 F9000 X121.022 Y97.008
G1 F3000 X121.679 Y96.35 E824.56679
G0 F9000 X121.693 Y96.581
G0 X124.569 Y96.516
G0 X124.572 Y96.287
G1 F3000 X125.189 Y96.904 E824.59581
G0 F9000 X126 Y96.424
G1 F3000 X126 Y97.686 E824.63779
G0 F9000 X126.488 Y97.2
G1 F3000 X127.32 Y96.367 E824.67695
G0 F9000 X127.309 Y96.596
G0 X130.568 Y96.883
G0 X130.596 Y96.654
G1 F3000 X131.141 Y97.2 E824.7026
G0 F9000 X131.969 Y97.376
G1 F3000 X132.438 Y96.905 E824.72471
G0 F9000 X132.402 Y97.131
G0 X129.535 Y99.81
G1 F3000 X131.969 Y97.376 E824.8392
G1 X136.551 Y98.447 E824.9957
G1 X137.151 Y97.849 E825.02388
G0 F9000 X136.551 Y98.447
G1 F3000 X136.498 Y98.502 E825.02642
G0 F9000 X135.631 Y101.412
G0 X135.57 Y101.629
G1 F3000 X134.391 Y100.451 E825.08185
G1 X129.535 Y99.81 E825.24477
G1 X129.342 Y100 E825.25377
G1 X128.286 Y100 E825.2889
G1 X128.038 Y99.755 E825.30049
G0 F9000 X128.286 Y100
G1 F3000 X128.867 Y100.583 E825.32787
G1 X128.764 Y100.579
G1 X129.342 Y100 E825.35508
G0 F9000 X133.832 Y100.99
G0 X133.787 Y101.212
G1 F3000 X134.605 Y100.396 E825.39351
G1 X138.83 Y101.824 E825.54184
G1 X140.847 Y99.808 E825.63669
G0 F9000 X141.126 Y99.534
G1 F3000 X141.532 Y99.124 E825.65588
G0 F9000 X141.462 Y99.345
G0 X143.569 Y99.93
G0 X143.733 Y99.067
G0 X143.608 Y99.054
G1 F3000 X144.627 Y99.373 E825.6914
G0 F9000 X143.796 Y98.456
G0 X143.702 Y98.446
G1 F3000 X145.012 Y99.757 E825.75304
G1 X147.101 Y99.211 E825.82485
G1 X150.66 Y95.653 E825.99223
G0 F9000 X150.574 Y95.319
G1 F3000 X147.095 Y96.183 E826.11146
G1 X147.203 Y96.29
G1 X144.047 Y97.116 E826.21996
G0 F9000 X143.728 Y98.026
G1 F3000 X147.858 Y96.946 E826.36195
G0 F9000 X148.185 Y97.274
G1 F3000 X145.693 Y94.781 E826.47919
G1 X145.782 Y94.86
G1 X150.304 Y93.737 E826.63416
G0 F9000 X149.974 Y93.407
G1 F3000 X146.561 Y94.255 E826.75113
G1 X146.518 Y94.139
G1 X144.433 Y96.224 E826.8492
G0 F9000 X144.623 Y96.357
G0 X143.807 Y98.346
G0 X143.577 Y98.322
G1 F3000 X143.702 Y98.446 E826.85505
G1 X148.185 Y97.274 E827.00917
G1 X150.277 Y99.365 E827.10755
G0 F9000 X150.048 Y99.341
G0 X150.58 Y94.215
G0 X150.807 Y94.239
G1 F3000 X149.53 Y92.962 E827.16761
G1 F2700 E822.16761
G0 F9000 X149.565 Y93.191
G0 X143.569 Y99.93
G0 X115.347 Y97.298
G0 X115.307 Y97.065
G1 F2700 E827.16761
G1 F3000 X88.207 Y124.165 E828.44232
G0 F9000 X88.264 Y123.947
G0 X90.37 Y124.031
G0 X90.37 Y124.311
G1 F3000 X87.591 Y121.532 E828.57303
G0 F9000 X87.591 Y121.764
G0 X85.188 Y121.764
G0 X85.188 Y121.528
G1 F3000 X84.247 Y122.469 E828.61729
G0 F9000 X84.477 Y122.469
G0 X90.968 Y124.103
G0 X91.035 Y124.58
G0 X90.633 Y124.575
G1 F3000 X91.541 Y125.482 E828.65998
G0 F9000 X91.339 Y125.378
G0 X93.363 Y121.728
G0 X93.558 Y121.842
G1 F3000 X90.775 Y119.059 E828.79088
G0 F9000 X91.006 Y119.059
G0 X92.469 Y116.234
G0 X92.468 Y112.938
G0 X84.768 Y112.893
G0 X84.831 Y113.115
G1 F3000 X83.652 Y111.936 E828.84634
G1 X83.466 Y111.936
G1 X83.396 Y112.006 E828.84963
G0 F9000 X83.927 Y112.349
G1 F2700 E823.84963
;MESH:NONMESH
G0 F300 X83.927 Y112.349 Z3.2
G0 F9000 X102.376 Y110.685
G0 X104.411 Y108.92
G0 X106.519 Y107.307
G0 X108.695 Y105.851
G0 X110.931 Y104.556
G0 X113.219 Y103.429
G0 X115.553 Y102.472
G0 X117.923 Y101.69
G0 X120.323 Y101.084
G0 X122.744 Y100.66
G0 X125.178 Y100.416
G0 X127.615 Y100.354
G0 X130.048 Y100.474
G0 X132.469 Y100.777
G0 X134.869 Y101.261
G0 X137.24 Y101.923
G0 X139.573 Y102.763
G0 X143.12 Y104.343
G0 X145.359 Y139.216
G0 X145.259 Y139.967
G0 X144.97 Y140.666
G0 X144.509 Y141.267
G0 X143.908 Y141.728
G0 X143.209 Y142.017
G0 X142.481 Y141.847
;TIME_ELAPSED:1286.778655
;LAYER:15
;TYPE:WALL-INNER
;MESH:FT03-Upright.stl
G1 F2700 E828.84963
G1 F1578.9 X141.773 Y141.756 E828.87219
G1 F1595.7 X141.14 Y141.495 E828.89359
G1 X140.595 Y141.076 E828.91509
G1 F1591.5 X140.174 Y140.528 E828.93675
G1 X139.914 Y139.902 E828.958
G1 F1587.3 X139.823 Y139.196 E828.98037
G1 F1570.7 X139.897 Y138.531 E829.00162
G1 F1530.6 X140.163 Y137.889 E829.02428
G1 F1503.8 X140.582 Y137.341 E829.04716
G1 F1500 X141.127 Y136.925 E829.06997
G1 X141.775 Y136.654 E829.09333
G1 X142.46 Y136.567 E829.11629
G1 X143.141 Y136.654 E829.13913
G1 X143.783 Y136.923 E829.16228
G1 X144.327 Y137.338 E829.18504
G1 X144.75 Y137.884 E829.20801
G1 X145.018 Y138.535 E829.23142
G1 X145.106 Y139.217 E829.2543
G1 X145.017 Y139.898 E829.27714
G1 F1463.4 X144.745 Y140.588 E829.30242
G1 F1395.3 X144.332 Y141.103 E829.32603
G1 F1287.6 X143.749 Y141.605 E829.35584
G1 F1227 X143.158 Y141.785 E829.38096
G1 F1382.5 X142.481 Y141.847 E829.40549
G0 F9000 X142.515 Y142.229
G1 F1492.5 X143.126 Y142.209 E829.42593
G1 F1339.3 X143.936 Y142.135 E829.45623
G1 F1234.6 X144.214 Y141.857 E829.47211
G1 F1279.3 X144.578 Y141.466 E829.49295
G1 F1360.5 X145.06 Y140.902 E829.52015
G1 F1395.3 X145.222 Y140.744 E829.52824
G1 F1467 X146.043 Y139.853 E829.56945
G1 F1500 X150.919 Y92.768 E831.14387
G1 X149.949 Y92.818 E831.17618
G1 X149.193 Y92.933 E831.20161
G1 X148.432 Y93.13 E831.22776
G1 X147.701 Y93.4 E831.25368
G1 X147.004 Y93.742 E831.2795
G1 X146.345 Y94.153 E831.30533
G1 X145.744 Y94.62 E831.33065
G1 X145.156 Y95.178 E831.35761
G1 X144.668 Y95.748 E831.38256
G1 X144.215 Y96.398 E831.40892
G1 X143.848 Y97.061 E831.43412
G1 X143.556 Y97.738 E831.45864
G1 X143.429 Y98.966 E831.4997
G1 X143.247 Y99.266 E831.51137
G1 X142.966 Y99.411 E831.52189
G1 X142.695 Y99.407 E831.53091
G1 X139.426 Y98.38 E831.64487
G1 X137.539 Y97.858 E831.70999
G1 X135.621 Y97.407 E831.77552
G1 X133.701 Y97.027 E831.84062
G1 X131.783 Y96.719 E831.90523
G1 X129.881 Y96.485 E831.96897
G1 X127.895 Y96.315 E832.03527
G1 X125.938 Y96.22 E832.10043
G1 X123.955 Y96.201 E832.16639
G1 X122.003 Y96.25 E832.23134
G1 X120.131 Y96.367 E832.29372
G1 X118.143 Y96.564 E832.36017
G1 X116.177 Y96.833 E832.42616
G1 X114.382 Y97.146 E832.48677
G1 X112.377 Y97.573 E832.55495
G1 X110.52 Y98.041 E832.61864
G1 X108.571 Y98.606 E832.68614
G1 X106.661 Y99.242 E832.75309
G1 X104.876 Y99.903 E832.8164
G1 X103.052 Y100.659 E832.88207
G1 X101.096 Y101.553 E832.9536
G1 X99.483 Y102.368 E833.01371
G1 X97.737 Y103.318 E833.07982
G1 X96.028 Y104.335 E833.14597
G1 X94.362 Y105.408 E833.21188
G1 X92.71 Y106.552 E833.27871
G1 X91.104 Y107.747 E833.34529
G1 X89.505 Y109.033 E833.41354
G1 X88.012 Y110.324 E833.47919
G1 X86.528 Y111.697 E833.54643
G1 X86.208 Y111.856 E833.55832
G1 X83.316 Y111.856 E833.6545
G1 X83.316 Y113.24 E833.70054
G1 X83.851 Y113.395 E833.71906
G1 X84.908 Y113.092 E833.75563
G1 X91.711 Y113.092 E833.9819
G1 X91.974 Y113.201 E833.99137
G1 X92.153 Y113.4 E834.00027
G1 X92.229 Y113.692 E834.01031
G1 X92.228 Y115.496 E834.07031
G1 X92.163 Y115.671 E834.07652
G1 X91.928 Y115.916 E834.08781
G1 X91.628 Y115.996 E834.09814
G1 X90.693 Y115.996 E834.12924
G1 X90.696 Y120.864 E834.29115
G1 X90.661 Y121.058 E834.2977
G1 X90.545 Y121.252 E834.30522
G1 X90.383 Y121.38 E834.31209
G1 X90.105 Y121.452 E834.32164
G1 X85.102 Y121.45 E834.48804
G1 X84.851 Y121.264 E834.49843
G1 X84.162 Y121.733 E834.52615
G1 X84.17 Y123.094 E834.57142
G1 X88.51 Y124.217 E834.72052
G1 X89.145 Y124.228 E834.74165
G1 X90.228 Y124.228 E834.77767
G1 X90.403 Y124.296 E834.78391
G1 X90.574 Y124.429 E834.79112
G1 X90.724 Y124.835 E834.80551
G1 X90.7 Y127.105 E834.88102
G1 X90.868 Y127.104 E834.88661
G1 X90.945 Y126.817 E834.89649
G1 X92.296 Y124.187 E834.99483
G1 X93.744 Y121.681 E835.09109
G1 X95.322 Y119.255 E835.18735
G1 X96.99 Y116.957 E835.28179
G1 X98.73 Y114.821 E835.37343
G1 X100.587 Y112.779 E835.46523
G1 X102.562 Y110.85 E835.55705
G1 X104.546 Y109.13 E835.64438
G1 X106.682 Y107.497 E835.73381
G1 X108.843 Y106.052 E835.82027
G1 X111.047 Y104.775 E835.90499
G1 X113.344 Y103.644 E835.99015
G1 X115.623 Y102.711 E836.07206
G1 X118.006 Y101.921 E836.15556
G1 X120.395 Y101.325 E836.23745
G1 X122.8 Y100.903 E836.31866
G1 X125.164 Y100.666 E836.39769
G1 X127.647 Y100.604 E836.4803
G1 X130.059 Y100.724 E836.56062
G1 X132.416 Y101.019 E836.63962
G1 X134.81 Y101.499 E836.72083
G1 X137.18 Y102.167 E836.80273
G1 X139.5 Y103.003 E836.88475
G1 X142.46 Y104.315 E836.99244
G1 X142.704 Y104.514 E837.00291
G1 X142.795 Y104.702 E837.00986
G1 X142.814 Y104.926 E837.01734
G1 X139.938 Y132.822 E837.95008
G1 F1507.5 X139.518 Y138.358 E838.13381
G1 F1550.4 X139.445 Y139.195 E838.16085
G1 F1587.3 X139.549 Y140.002 E838.18642
G1 F1591.5 X139.846 Y140.715 E838.21064
G1 X140.328 Y141.344 E838.23548
G1 F1595.7 X140.953 Y141.822 E838.26008
G1 X141.675 Y142.122 E838.28452
G1 F1578.9 X142.515 Y142.229 E838.31128
G0 F9000 X142.478 Y142.62
;TYPE:WALL-OUTER
G1 F1500 X144.166 Y142.62 E838.36742
G1 X145.175 Y141.401 E838.42005
G1 X146.427 Y140.025 E838.48193
G1 X151.362 Y92.376 E840.07522
G1 X150.732 Y92.376 E840.09617
G1 X149.909 Y92.42 E840.12358
G1 X149.113 Y92.541 E840.15036
G1 X148.312 Y92.748 E840.17788
G1 X147.543 Y93.032 E840.20514
G1 X146.81 Y93.392 E840.23231
G1 X146.115 Y93.825 E840.25954
G1 X145.483 Y94.316 E840.28616
G1 X144.866 Y94.902 E840.31446
G1 X144.351 Y95.503 E840.34079
G1 X143.875 Y96.186 E840.36847
G1 X143.488 Y96.885 E840.39505
G1 X143.164 Y97.636 E840.42225
G1 X143.032 Y98.882 E840.46393
G1 X142.961 Y98.984 E840.46806
G1 X142.791 Y99.019 E840.47383
G1 X139.539 Y97.996 E840.58722
G1 X137.638 Y97.47 E840.65282
G1 X135.705 Y97.016 E840.71887
G1 X133.772 Y96.633 E840.78441
G1 X131.839 Y96.323 E840.84952
G1 X129.923 Y96.087 E840.91373
G1 X127.922 Y95.916 E840.98052
G1 X125.95 Y95.82 E841.04619
G1 X123.945 Y95.801 E841.11288
G1 X122.029 Y95.848 E841.17663
G1 X120.053 Y95.972 E841.24248
G1 X118.096 Y96.167 E841.30789
G1 X116.115 Y96.438 E841.37439
G1 X114.306 Y96.753 E841.43546
G1 X112.286 Y97.183 E841.50416
G1 X110.422 Y97.653 E841.56809
G1 X108.385 Y98.245 E841.63865
G1 X106.583 Y98.845 E841.70182
G1 X104.73 Y99.531 E841.76754
G1 X102.892 Y100.292 E841.8337
G1 X100.995 Y101.157 E841.90304
G1 X99.297 Y102.014 E841.96631
G1 X97.539 Y102.97 E842.03286
G1 X95.896 Y103.947 E842.09644
G1 X94.14 Y105.075 E842.16586
G1 X92.477 Y106.227 E842.23314
G1 X90.859 Y107.431 E842.30022
G1 X89.281 Y108.698 E842.36753
G1 X87.771 Y110.003 E842.43391
G1 X86.256 Y111.403 E842.50252
G1 X86.155 Y111.454 E842.50629
G1 X82.916 Y111.456 E842.61402
G1 X82.916 Y113.541 E842.68336
G1 X83.851 Y113.811 E842.71573
G1 X84.949 Y113.494 E842.75374
G1 X91.668 Y113.495 E842.97722
G1 X91.788 Y113.57 E842.98192
G1 X91.829 Y113.652 E842.98497
G1 X91.823 Y115.444 E843.04458
G1 X91.708 Y115.596 E843.05092
G1 X90.293 Y115.596 E843.09798
G1 X90.296 Y120.903 E843.27449
G1 X90.172 Y121.052 E843.28094
G1 X85.197 Y121.052 E843.44641
G1 X85.077 Y120.964 E843.45136
G1 X84.922 Y120.731 E843.46066
G1 X83.761 Y121.522 E843.50739
G1 X83.772 Y123.404 E843.56999
G1 X88.456 Y124.616 E843.73091
G1 X90.175 Y124.634 E843.78808
G1 X90.274 Y124.695 E843.79195
G1 X90.324 Y124.831 E843.79677
G1 X90.295 Y127.507 E843.88578
G1 X91.206 Y127.504 E843.91608
G1 X91.287 Y127.027 E843.93217
G1 X92.642 Y124.387 E844.03087
G1 X94.08 Y121.899 E844.12645
G1 X95.646 Y119.49 E844.22201
G1 X97.3 Y117.209 E844.31573
G1 X99.04 Y115.073 E844.40736
G1 X100.884 Y113.048 E844.49845
G1 X102.824 Y111.152 E844.58867
G1 X104.808 Y109.432 E844.67601
G1 X106.904 Y107.829 E844.76377
G1 X109.032 Y106.405 E844.84893
G1 X111.243 Y105.124 E844.93392
G1 X113.496 Y104.014 E845.01746
G1 X115.785 Y103.078 E845.09971
G1 X118.103 Y102.309 E845.18094
G1 X120.465 Y101.719 E845.26191
G1 X122.84 Y101.301 E845.34212
G1 X125.204 Y101.064 E845.42114
G1 X127.627 Y101.004 E845.50176
G1 X130.009 Y101.121 E845.58108
G1 X132.36 Y101.415 E845.65988
G1 X134.727 Y101.891 E845.74018
G1 X137.044 Y102.543 E845.82024
G1 X139.338 Y103.369 E845.90133
G1 X142.327 Y104.697 E846.01012
G1 X142.416 Y104.846 E846.01589
G1 X139.54 Y132.786 E846.95009
G1 X139.054 Y139.206 E847.16423
G1 X139.171 Y140.103 E847.19432
G1 X139.507 Y140.911 E847.22342
G1 X140.051 Y141.621 E847.25317
G1 X140.757 Y142.161 E847.28274
G1 X141.573 Y142.5 E847.31213
G1 X142.478 Y142.62 E847.34249
G0 F9000 X143.048 Y142.006
G0 X142.465 Y141.456
G1 F1500 X141.875 Y141.382 E847.36227
G1 X141.332 Y141.158 E847.3818
G1 X140.87 Y140.802 E847.4012
G1 X140.529 Y140.363 E847.41969
G1 X140.287 Y139.795 E847.44023
G1 X140.212 Y139.201 E847.46014
G1 X140.284 Y138.635 E847.47912
G1 X140.503 Y138.114 E847.49791
G1 X140.868 Y137.626 E847.51818
G1 X141.31 Y137.288 E847.53669
G1 X141.88 Y137.044 E847.55731
G1 X142.456 Y136.97 E847.57663
G1 X143.038 Y137.045 E847.59614
G1 X143.602 Y137.288 E847.61657
G1 X144.042 Y137.624 E847.63498
G1 X144.387 Y138.069 E847.65371
G1 X144.628 Y138.637 E847.67423
G1 X144.7 Y139.237 E847.69433
G1 X144.628 Y139.796 E847.71308
G1 X144.387 Y140.359 E847.73345
G1 X144.03 Y140.813 E847.75266
G1 X143.576 Y141.159 E847.77164
G1 X143.019 Y141.386 E847.79165
G1 X142.465 Y141.456 E847.81022
G0 F9000 X143.048 Y142.006
G0 X143.908 Y141.728
G0 X144.509 Y141.267
G0 X144.97 Y140.666
G0 X145.379 Y139.524
G0 X145.15 Y139.493
;TYPE:FILL
G1 F3000 X145.733 Y140.076 E847.83764
G0 F9000 X145.565 Y139.922
G0 X145.225 Y138.223
G0 X145.123 Y138.264
G1 F3000 X145.492 Y134.763 E847.95473
G0 F9000 X145.745 Y134.429
G1 F3000 X145.713 Y134.4 E847.95617
G1 X140.2 Y134.4 E848.13953
G1 X139.873 Y134.725 E848.15486
G0 F9000 X140.2 Y134.4
G1 F3000 X140.699 Y133.898 E848.17841
G0 F9000 X139.908 Y134.251
G1 F3000 X141.658 Y136 E848.2607
G1 X144.253 Y136 E848.34701
G1 X146.605 Y133.65 E848.45759
G0 F9000 X146.376 Y133.626
G0 X145.713 Y134.4
G1 F3000 X141.118 Y129.806 E848.6737
G1 X140.997 Y129.682
G1 X140.402 Y129.089 E848.70164
G0 F9000 X140.466 Y128.475
G1 F3000 X141.197 Y127.744 E848.73603
G1 X140.997 Y129.682 E848.80083
G1 X141.118 Y129.806 E848.80659
G1 X140.699 Y133.898 E848.9434
G1 X146.401 Y128.197 E849.21158
G0 F9000 X146.986 Y128.8
G1 F3000 X145.799 Y128.8 E849.25106
G0 F9000 X146.275 Y129.306
G1 F3000 X146.983 Y130.012 E849.28432
G0 F9000 X146.752 Y129.988
G0 X147.028 Y127.315
G0 X147.259 Y127.339
G1 F3000 X146.401 Y128.197 E849.32468
G1 X146.815 Y124.189 E849.45869
G1 X146.8 Y124.172 E849.45945
G1 X146.815 Y124.189
G1 X147.513 Y124.886 E849.49225
G0 F9000 X147.281 Y124.862
G0 X146.8 Y122.142
G1 F3000 X141.223 Y127.717 E849.75453
G1 X141.547 Y124.578 E849.85949
G1 X141.441 Y124.47 E849.86452
G1 X141.747 Y121.539 E849.96254
G1 X141.117 Y122.168 E849.99215
G0 F9000 X141.747 Y121.539
G1 F3000 X142 Y121.284 E850.0041
G1 X142 Y119.374 E850.06762
G1 X142.058 Y119.43 E850.0703
G1 X142 Y119.374
G1 X141.46 Y118.833 E850.09573
G0 F9000 X141.691 Y118.857
G0 X142 Y121.284
G1 F3000 X147.682 Y115.603 E850.36297
G1 X147.326 Y119.039 E850.47786
G1 X148.044 Y119.76 E850.5117
G0 F9000 X147.81 Y119.735
G0 X147.326 Y119.039
G1 F3000 X147.2 Y118.917 E850.51754
G1 X147.2 Y121.74 E850.61143
G1 X146.8 Y122.142 E850.63029
G1 X146.8 Y124.172 E850.69781
G1 X142.058 Y119.43 E850.92086
G1 X142.504 Y115.125 E851.06481
G1 X141.767 Y115.86 E851.09943
G0 F9000 X141.997 Y115.884
G0 X142.504 Y115.125
G1 F3000 X148.154 Y109.474 E851.36521
G1 X147.703 Y113.759 E851.50852
G1 X147.874 Y113.935 E851.51668
G1 X147.704 Y115.579 E851.57165
G1 X148.565 Y114.719 E851.61213
G1 X148.575 Y114.634
G1 X147.874 Y113.935 E851.64505
G0 F9000 X147.703 Y113.759
G1 F3000 X143.119 Y109.18 E851.86055
G0 F9000 X143.178 Y108.793
G1 F3000 X142.418 Y109.553 E851.8963
G0 F9000 X142.518 Y108.577
G1 F3000 X143.119 Y109.18 E851.92462
G1 X142.589 Y114.303 E852.09592
G1 X147.2 Y118.917 E852.31288
G0 F9000 X147.679 Y121.005
G0 X147.912 Y121.029
G1 F3000 X147.2 Y121.74 E852.34634
G0 F9000 X147.682 Y115.603
G1 F3000 X147.704 Y115.579 E852.34743
G0 F9000 X142.589 Y114.303
G1 F3000 X141.989 Y113.705 E852.3756
G0 F9000 X142.22 Y113.729
G0 X148.154 Y109.474
G1 F3000 X149.219 Y108.409 E852.4257
G0 F9000 X148.988 Y108.385
G0 X148.241 Y108.642
G1 F3000 X143.666 Y104.069 E852.64084
G0 F9000 X143.381 Y103.783
G1 F3000 X143.666 Y104.069 E852.65427
G1 X143.178 Y108.793 E852.81223
G1 X149.008 Y102.962 E853.08648
G0 F9000 X148.78 Y103.527
G1 F3000 X149.637 Y104.382 E853.12674
G0 F9000 X149.406 Y104.358
G0 X149.643 Y102.074
G0 X149.872 Y102.098
G1 F3000 X149.008 Y102.962 E853.16738
G1 X149.463 Y98.553 E853.3148
G1 X149.449 Y98.535 E853.31556
G1 X149.641 Y96.673 E853.37782
G1 X145.364 Y100.949 E853.57897
G0 F9000 X145.709 Y100.454
G1 F3000 X148.78 Y103.527 E853.72347
G1 X148.241 Y108.642 E853.89454
G1 X149.105 Y109.508 E853.93523
G0 F9000 X148.874 Y109.484
G0 X149.938 Y99.232
G0 X150.168 Y99.256
G1 F3000 X149.463 Y98.553 E853.96834
G1 X149.449 Y98.535
G1 X148.038 Y97.126 E854.03466
G0 F9000 X148.218 Y97.253
G0 X149.6 Y96.712
G1 F3000 X149.6 Y95.103 E854.08818
G0 F9000 X149.681 Y95.161
G0 X150.298 Y95.764
G0 X150.525 Y95.788
G1 F3000 X149.641 Y96.673 E854.12978
G0 F9000 X150.47 Y94.105
G0 X150.698 Y94.129
G1 F3000 X150.366 Y93.798 E854.14538
G1 F2700 E849.14538
G0 F9000 X150.529 Y93.948
G0 X150.615 Y93.671
G0 X147.346 Y121.456
G0 X150.725 Y92.953
G0 X149.965 Y92.978
G0 X148.481 Y93.283
G0 X147.765 Y93.548
G0 X147.082 Y93.883
G0 X144.937 Y95.182
G0 X143.412 Y97.696
G0 X143.221 Y99.401
G0 X135.641 Y97.233
G0 X127.831 Y96.473
G0 X123.96 Y96.362
G0 X120.098 Y96.531
G0 X117.491 Y96.829
G0 X118.376 Y100.447
G0 X120.932 Y100.479
G0 X121.026 Y100.446
G1 F2700 E854.14538
G1 F3000 X118.139 Y101.168 E854.24435
G1 X118.17 Y101.2
G1 X114.231 Y97.26 E854.42966
G0 F9000 X114.4 Y97.971
G1 F3000 X115.307 Y97.065 E854.4723
G0 F9000 X114.901 Y97.93
G1 F3000 X117.744 Y97.535 E854.56776
G0 F9000 X117.649 Y97.564
G0 X118.3 Y99.586
G0 X118.509 Y99.52
G1 F3000 X116.831 Y101.2 E854.64674
G0 F9000 X116.523 Y101.505
G1 F3000 X116.831 Y101.2 E854.66115
G1 X118.17 Y101.2 E854.70569
G1 X118.65 Y101.679 E854.72824
G0 F9000 X118.595 Y101.459
G0 X115.165 Y102.566
G0 X115.251 Y102.779
G1 F3000 X116.523 Y101.505 E854.78812
G1 X113.892 Y102.578 E854.88263
G1 X113.903 Y102.59 E854.88317
G1 X110.115 Y104.459 E855.02366
G1 X110.599 Y104.942 E855.0464
G0 F9000 X110.115 Y104.459
G1 F3000 X110.069 Y104.412 E855.04859
G0 F9000 X106.986 Y106.922
G0 X107.113 Y107.113
G1 F3000 X106.711 Y106.711 E855.0675
G1 X106.682 Y106.681
G1 X101.985 Y101.986 E855.28838
G1 X101.969 Y101.969
G1 X101.469 Y101.469 E855.3119
G0 F9000 X101.564 Y101.679
G0 X98.328 Y103.984
G1 F3000 X98.294 Y103.952 E855.31345
G0 F9000 X97.748 Y103.405
G1 F3000 X98.294 Y103.952 E855.33916
G1 X95.366 Y105.694 E855.45248
G1 X97.514 Y103.544 E855.55356
G0 F9000 X97.632 Y103.743
G0 X95.366 Y105.694
G1 F3000 X88.047 Y113.012 E855.8978
G1 X88 Y112.892
G1 X88 Y110.63 E855.97303
G1 X87.905 Y110.533
G1 X88.547 Y111.173 E856.00319
G0 F9000 X87.6 Y110.978
G1 F3000 X87.6 Y112.892 E856.06685
G0 F9000 X87.2 Y112.892
G1 F3000 X87.2 Y111.348 E856.1182
G0 F9000 X86.8 Y111.718
G1 F3000 X86.8 Y112.892 E856.15725
G0 F9000 X86.8 Y112.784
G0 X84.703 Y112.829
G0 X84.765 Y113.049
G1 F3000 X83.652 Y111.936 E856.2096
G1 X83.466 Y111.936
G1 X83.396 Y112.006 E856.21289
G0 F9000 X83.596 Y112.136
G0 X89.774 Y112.4
G1 F3000 X90.385 Y113.012 E856.24165
G0 F9000 X90.385 Y112.784
G0 X92.468 Y112.856
G0 X92.541 Y113.2
G0 X92.243 Y113.2
G1 F3000 X93.515 Y113.2 E856.28396
G0 F9000 X92.8 Y113.917
G1 F3000 X94.315 Y112.4 E856.35527
G0 F9000 X92.541 Y114.407
G0 X92.309 Y114.407
G1 F3000 X92.8 Y113.917 E856.37834
G1 X92.8 Y115.426 E856.42853
G1 X92.308 Y114.935 E856.45165
G0 F9000 X92.4 Y115.587
G1 F3000 X92.4 Y119.971 E856.59746
G0 F9000 X92 Y120.283
G1 F3000 X92 Y116.096 E856.73672
G0 F9000 X91.6 Y116.196
G1 F3000 X91.6 Y119.883 E856.85935
G1 X91.6 Y119.885
G1 X90.775 Y119.059 E856.89818
G0 F9000 X91.006 Y119.059
G0 X91.6 Y120.771
G1 F3000 X92.8 Y119.571 E856.95462
G1 X92.8 Y115.429 E857.09239
G1 X95.266 Y117.892 E857.20831
G1 X95.374 Y118.003
G1 X95.814 Y118.442 E857.22898
G0 F9000 X95.631 Y118.308
G0 X92.8 Y119.571
G1 F3000 X97.365 Y115.008 E857.44366
G1 X95.266 Y117.892 E857.5623
G1 X95.374 Y118.003 E857.56745
G1 X93.087 Y121.37 E857.70283
G1 X93.558 Y121.842 E857.725
G0 F9000 X93.087 Y121.37
G1 F3000 X93.036 Y121.322 E857.72733
G0 F9000 X91.378 Y120.995
G1 F3000 X91.6 Y120.771 E857.73782
G1 X91.6 Y119.885 E857.76729
G1 X93.036 Y121.322 E857.83486
G1 X90.969 Y124.908 E857.97253
G1 X91.541 Y125.482 E857.99948
G0 F9000 X90.969 Y124.908
G1 F3000 X90.737 Y124.678 E858.01034
G0 F9000 X90.207 Y124.148
G1 F3000 X89.797 Y123.737 E858.02965
G1 X91.378 Y120.995 E858.13493
G1 X90.371 Y122 E858.18224
G1 X88.06 Y122 E858.25911
G1 X87.589 Y121.53 E858.28124
G1 X87.6 Y121.65
G1 X87.6 Y123.774 E858.35188
G0 F9000 X87.2 Y123.67
G1 F3000 X87.2 Y121.65 E858.41907
G0 F9000 X86.8 Y121.65
G1 F3000 X86.8 Y123.567 E858.48283
G0 F9000 X86.4 Y123.464
G1 F3000 X86.4 Y121.65 E858.54316
G0 F9000 X86 Y121.65
G1 F3000 X86 Y123.36 E858.60004
G0 F9000 X85.6 Y123.257
G1 F3000 X85.6 Y121.65 E858.65349
G0 F9000 X85.2 Y121.65
G1 F3000 X85.2 Y123.153 E858.70348
G0 F9000 X84.8 Y123.05
G1 F3000 X84.8 Y121.917 E858.74116
G0 F9000 X85.187 Y121.529
G1 F3000 X84.248 Y122.468 E858.78533
G0 F9000 X84.478 Y122.468
G0 X88.06 Y122
G1 F3000 X88.4 Y122.342 E858.80137
G0 F9000 X88.425 Y123.879
G0 X88.4 Y123.972
G1 F3000 X90.371 Y122 E858.8941
G0 F9000 X89.797 Y123.737
G1 F3000 X88.4 Y122.342 E858.95977
G1 X88.4 Y123.972 E859.01398
G1 X88.294 Y124.078 E859.01897
G0 F9000 X88.351 Y123.86
G0 X90.677 Y121.909
G0 X97.365 Y115.008
G1 F3000 X114.4 Y97.971 E859.82029
G1 X110.324 Y99.011 E859.9602
G1 X113.892 Y102.578 E860.128
G1 X113.903 Y102.59
G1 X114.428 Y103.114 E860.15267
G0 F9000 X114.343 Y102.903
G0 X110.324 Y99.011
G1 F3000 X110.188 Y98.874 E860.15909
G0 F9000 X109.681 Y98.368
G1 F3000 X110.188 Y98.874 E860.18292
G1 X106.657 Y100.059 E860.3068
G1 X107.755 Y98.96 E860.35847
G0 F9000 X107.827 Y99.18
G0 X106.657 Y100.059
G1 F3000 X94.315 Y112.4 E860.93897
G1 X89.774 Y112.4 E861.09001
G1 X88.547 Y111.173 E861.14772
G1 X91.575 Y108.545 E861.28107
G1 X91.449 Y108.419 E861.287
G1 X94.682 Y105.996 E861.42138
G1 X94.262 Y105.575 E861.44116
G0 F9000 X94.682 Y105.996
G1 F3000 X100.975 Y112.289 E861.73716
G0 F9000 X100.817 Y112.126
G0 X103.767 Y109.4
G0 X103.915 Y109.572
G1 F3000 X103.507 Y109.164 E861.75635
G1 X106.711 Y106.711 E861.89056
G1 X106.682 Y106.681 E861.89195
G1 X110.069 Y104.412 E862.02755
G1 X105.847 Y100.19 E862.22614
G0 F9000 X105.437 Y99.781
G1 F3000 X105.847 Y100.19 E862.2454
G1 X101.969 Y101.969 E862.3873
G1 X101.985 Y101.986 E862.38808
G1 X98.328 Y103.984 E862.52668
G1 X103.507 Y109.164 E862.77031
G0 F9000 X98.104 Y115.105
G0 X98.279 Y115.249
G1 F3000 X91.575 Y108.545 E863.08565
G1 X91.449 Y108.419
G1 X90.98 Y107.95 E863.10771
G1 F2700 E858.10771
G0 F9000 X91.124 Y108.131
G0 X120.406 Y101.476
G0 X122.799 Y101.057
G0 X125.203 Y100.816
G0 X127.61 Y100.755
G0 X130.014 Y100.873
G0 X132.405 Y101.172
G0 X134.776 Y101.65
G0 X137.118 Y102.304
G0 X139.424 Y103.134
G0 X142.692 Y104.591
G0 X141.162 Y123.985
G0 X140.931 Y123.961
G1 F2700 E863.10771
G1 F3000 X141.441 Y124.47 E863.13167
G1 X141.547 Y124.578
G1 X146.275 Y129.306 E863.35406
G1 X145.745 Y134.429 E863.52536
G1 X146.452 Y135.138 E863.55867
G0 F9000 X146.223 Y135.114
G0 X144.253 Y136
G1 F3000 X143.526 Y136.728 E863.59289
G0 F9000 X143.614 Y136.518
G0 X142.15 Y136.295
G0 X142.178 Y136.521
G1 F3000 X141.658 Y136 E863.61737
G1 X141.67 Y136.013
G1 X139.837 Y136.787 E863.68355
G0 F9000 X139.871 Y136.338
G1 F3000 X141.364 Y135.708 E863.73744
G0 F9000 X140.753 Y135.097
G1 F3000 X139.939 Y135.441 E863.76684
G0 F9000 X140.05 Y135.449
G0 X141.197 Y127.744
G1 F3000 X141.223 Y127.717 E863.76808
G0 F9000 X143.194 Y104.436
G0 X142.981 Y104.286
;TYPE:SKIN
G1 F1500 X142.873 Y104.165 E863.77348
G1 X142.626 Y103.996 E863.78343
G1 X139.58 Y102.647 E863.89423
G1 X137.248 Y101.811 E863.97663
G1 X134.895 Y101.147 E864.05795
G1 X132.5 Y100.667 E864.13919
G1 X130.053 Y100.361 E864.22121
G1 X127.662 Y100.244 E864.30083
G1 X125.12 Y100.304 E864.3854
G1 X122.753 Y100.542 E864.46452
G1 X121.326 Y100.794 E864.51272
G1 X120.862 Y99.56 E864.55657
G1 X120.744 Y99.456 E864.5618
G1 X120.383 Y99.477 E864.57383
G1 X118.677 Y99.904 E864.63232
G1 X117.732 Y96.98 E864.73453
G1 X118.131 Y96.928 E864.74791
G1 X120.079 Y96.73 E864.81303
G1 X122.025 Y96.608 E864.87788
G1 X123.929 Y96.561 E864.94123
G1 X125.918 Y96.58 E865.00739
G1 X127.822 Y96.672 E865.07079
G1 X129.887 Y96.843 E865.13971
G1 X131.705 Y97.071 E865.20065
G1 X133.628 Y97.381 E865.26543
G1 X135.505 Y97.752 E865.32907
G1 X137.418 Y98.198 E865.3944
G1 X139.327 Y98.724 E865.46026
G1 X142.625 Y99.759 E865.57523
G1 X143.052 Y99.769 E865.58943
G1 X143.49 Y99.541 E865.60586
G1 X143.698 Y99.257 E865.61757
G1 X143.784 Y99.017 E865.62605
G1 X143.908 Y97.831 E865.66571
G1 X144.176 Y97.201 E865.68848
G1 X144.522 Y96.583 E865.71204
G1 X144.951 Y95.967 E865.737
G1 X145.413 Y95.431 E865.76054
G1 X145.983 Y94.888 E865.78672
G1 X146.547 Y94.448 E865.81051
G1 X147.174 Y94.055 E865.83513
G1 X147.839 Y93.729 E865.85976
G1 X148.536 Y93.476 E865.88442
G1 X149.241 Y93.292 E865.90866
G1 X149.981 Y93.175 E865.93357
G1 X150.515 Y93.148 E865.95136
G1 X150.47 Y93.571 E865.96551
G1 X142.981 Y104.286 E866.40031
G0 F9000 X142.791 Y103.848
G1 F1500 X143.622 Y103.017 E866.43939
G0 F9000 X143.999 Y103.284
G0 X142.958 Y104.634
G0 X142.212 Y104.095
G0 X142.398 Y103.675
G1 F1500 X144.936 Y101.137 E866.55877
G1 F2700 E861.55877
G0 F9000 X145.313 Y101.405
G0 X142.958 Y104.634
G0 X137.181 Y101.999
G0 X130.02 Y100.559
G0 X121.206 Y101.011
G0 X118.376 Y100.447
G0 X117.491 Y96.829
G0 X120.098 Y96.531
G0 X123.96 Y96.362
G0 X127.831 Y96.473
G0 X131.76 Y96.878
G0 X135.175 Y97.489
G0 X143.206 Y99.42
G0 X143.466 Y99.779
G1 F2700 E866.55877
G1 F1500 X140.437 Y102.808 E866.70125
G0 F9000 X140.829 Y102.982
G1 F1500 X150.191 Y93.62 E867.14161
G0 F9000 X149.847 Y93.397
G1 F1500 X143.855 Y99.39 E867.42348
G0 F9000 X144.024 Y98.656
G1 F1500 X149.158 Y93.521 E867.66499
G0 F9000 X148.362 Y93.751
G1 F1500 X144.089 Y98.024 E867.86598
G0 F9000 X143.633 Y97.976
G0 X144.082 Y96.846
G0 X144.48 Y97.067
G1 F1500 X147.361 Y94.187 E868.00147
G1 F2700 E863.00147
G0 F9000 X147.16 Y93.777
G0 X148.481 Y93.283
G0 X149.965 Y92.978
G0 X150.725 Y92.953
G0 X147.346 Y121.456
G0 X149.939 Y96.413
G0 X149.257 Y95.767
G0 X148.878 Y95.498
G1 F2700 E868.00147
G1 F1500 X141.221 Y103.155 E868.36163
G0 F9000 X141.614 Y103.328
G1 F1500 X147.564 Y97.378 E868.6415
G0 F9000 X147.944 Y97.645
G0 X146.63 Y99.524
G0 X146.25 Y99.257
G1 F1500 X142.006 Y103.501 E868.84112
G0 F9000 X141.82 Y103.921
G0 X139.859 Y103.053
G0 X140.045 Y102.634
G1 F1500 X142.717 Y99.962 E868.96681
G0 F9000 X142.258 Y99.855
G1 F1500 X139.652 Y102.461 E869.08938
G0 F9000 X139.236 Y102.312
G1 F1500 X141.828 Y99.72 E869.2113
G0 F9000 X141.397 Y99.585
G1 F1500 X138.819 Y102.163 E869.33257
G0 F9000 X138.403 Y102.014
G1 F1500 X140.967 Y99.449 E869.45319
G0 F9000 X140.537 Y99.314
G1 F1500 X137.986 Y101.864 E869.57316
G0 F9000 X137.57 Y101.715
G1 F1500 X140.107 Y99.178 E869.69249
G0 F9000 X139.676 Y99.043
G1 F1500 X137.145 Y101.574 E869.81154
G0 F9000 X136.704 Y101.449
G1 F1500 X139.245 Y98.909 E869.93104
G0 F9000 X138.802 Y98.786
G1 F1500 X136.263 Y101.325 E870.05047
G0 F9000 X135.822 Y101.2
G1 F1500 X138.358 Y98.664 E870.16975
G0 F9000 X137.915 Y98.542
G1 F1500 X135.381 Y101.076 E870.28894
G0 F9000 X134.939 Y100.952
G1 F1500 X137.471 Y98.419 E870.40806
G0 F9000 X137.016 Y98.309
G1 F1500 X134.467 Y100.858 E870.52796
G0 F9000 X133.996 Y100.763
G1 F1500 X136.557 Y98.202 E870.64842
G0 F9000 X136.098 Y98.096
G1 F1500 X133.525 Y100.669 E870.76945
G0 F9000 X133.053 Y100.575
G1 F1500 X135.639 Y97.989 E870.89109
G0 F9000 X135.173 Y97.89
G1 F1500 X132.583 Y100.48 E871.01291
G0 F9000 X132.083 Y100.414
G1 F1500 X134.7 Y97.796 E871.13603
G0 F9000 X134.228 Y97.703
G1 F1500 X131.58 Y100.351 E871.26059
G0 F9000 X131.076 Y100.289
G1 F1500 X133.755 Y97.61 E871.3866
G0 F9000 X133.274 Y97.526
G1 F1500 X130.574 Y100.226 E871.5136
G0 F9000 X130.071 Y100.163
G1 F1500 X132.787 Y97.447 E871.64135
G0 F9000 X132.3 Y97.369
G1 F1500 X129.533 Y100.136 E871.7715
G0 F9000 X128.993 Y100.109
G1 F1500 X131.812 Y97.29 E871.9041
G0 F9000 X131.314 Y97.223
G1 F1500 X128.454 Y100.083 E872.03862
G0 F9000 X127.915 Y100.056
G1 F1500 X130.811 Y97.16 E872.17484
G0 F9000 X130.308 Y97.097
G1 F1500 X127.353 Y100.052 E872.31384
G0 F9000 X126.774 Y100.066
G1 F1500 X129.804 Y97.036 E872.45636
G0 F9000 X129.281 Y96.993
G1 F1500 X126.195 Y100.08 E872.60154
G0 F9000 X125.615 Y100.093
G1 F1500 X128.758 Y96.95 E872.74938
G0 F9000 X128.236 Y96.907
G1 F1500 X125.031 Y100.112 E872.90013
G0 F9000 X124.401 Y100.176
G1 F1500 X127.711 Y96.867 E873.0558
G0 F9000 X127.171 Y96.84
G1 F1500 X123.773 Y100.239 E873.21565
G0 F9000 X123.143 Y100.302
G1 F1500 X126.632 Y96.814 E873.37974
G0 F9000 X126.091 Y96.789
G1 F1500 X122.496 Y100.384 E873.54884
G0 F9000 X121.808 Y100.506
G1 F1500 X125.538 Y96.777 E873.72426
G0 F9000 X124.978 Y96.771
G1 F1500 X121.38 Y100.369 E873.8935
G0 F9000 X121.224 Y99.959
G1 F1500 X124.418 Y96.765 E874.04374
G0 F9000 X123.854 Y96.763
G1 F1500 X121.069 Y99.549 E874.17476
G0 F9000 X120.772 Y99.28
G1 F1500 X123.273 Y96.778 E874.29242
G0 F9000 X122.694 Y96.792
G1 F1500 X120.161 Y99.325 E874.41157
G0 F9000 X119.406 Y99.515
G1 F1500 X122.113 Y96.807 E874.53892
G0 F9000 X121.514 Y96.84
G1 F1500 X118.781 Y99.574 E874.66749
G0 F9000 X118.643 Y99.146
G1 F1500 X120.911 Y96.878 E874.77417
G0 F9000 X120.308 Y96.915
G1 F1500 X118.504 Y98.719 E874.85903
G0 F9000 X118.366 Y98.291
G1 F1500 X119.686 Y96.971 E874.92112
G0 F9000 X119.055 Y97.037
G1 F1500 X118.228 Y97.864 E874.96002
G0 F9000 X118.09 Y97.436
G1 F1500 X118.423 Y97.103 E874.97568
G0 F9000 X117.302 Y97.462
G1 F2700 E869.97568
;MESH:NONMESH
G0 F300 X117.302 Y97.462 Z3.4
G0 F9000 X118.376 Y100.447
G0 X120.406 Y101.476
G0 X122.799 Y101.057
G0 X125.203 Y100.816
G0 X127.61 Y100.755
G0 X130.014 Y100.873
G0 X132.405 Y101.172
G0 X134.776 Y101.65
G0 X137.118 Y102.304
G0 X139.424 Y103.134
G0 X142.692 Y104.591
G0 X139.962 Y139.216
G0 X140.046 Y139.862
G0 X140.297 Y140.465
G0 X140.693 Y140.981
G0 X141.21 Y141.378
G0 X141.698 Y141.58
G0 X143.372 Y141.962
G0 X142.481 Y141.847
;TIME_ELAPSED:1365.895551
;LAYER:16
;TYPE:WALL-INNER
;MESH:FT03-Upright.stl
G1 F2700 E874.97568
G1 F1578.9 X141.773 Y141.756 E874.99824
G1 F1595.7 X141.14 Y141.495 E875.01964
G1 X140.595 Y141.076 E875.04113
G1 F1591.5 X140.174 Y140.528 E875.0628
G1 X139.914 Y139.902 E875.08405
G1 F1587.3 X139.823 Y139.196 E875.10642
G1 F1570.7 X139.897 Y138.531 E875.12767
G1 F1530.6 X140.163 Y137.889 E875.15032
G1 F1503.8 X140.582 Y137.341 E875.17321
G1 F1500 X141.127 Y136.925 E875.19601
G1 X141.775 Y136.654 E875.21938
G1 X142.46 Y136.567 E875.24234
G1 X143.141 Y136.654 E875.26518
G1 X143.783 Y136.923 E875.28833
G1 X144.327 Y137.338 E875.31109
G1 X144.754 Y137.89 E875.3343
G1 X145.018 Y138.532 E875.35738
G1 X145.105 Y139.221 E875.38048
G1 F1481.5 X145.019 Y139.894 E875.40333
G1 F1445.8 X144.746 Y140.581 E875.42884
G1 F1401.9 X144.336 Y141.101 E875.45241
G1 F1290.3 X143.75 Y141.605 E875.48229
G1 F1227 X143.158 Y141.785 E875.50745
G1 F1382.5 X142.481 Y141.847 E875.53198
G0 F9000 X142.515 Y142.229
G1 F1492.5 X143.126 Y142.209 E875.55242
G1 F1363.6 X143.943 Y142.134 E875.58244
G1 F1345.3 X144.608 Y141.437 E875.61816
G1 F1369.9 X145.052 Y140.899 E875.64357
G1 F1401.9 X145.214 Y140.738 E875.65169
G1 F1470.6 X145.903 Y139.987 E875.68627
G1 F1500 X150.793 Y92.776 E877.26492
G1 X149.949 Y92.818 E877.29302
G1 X149.193 Y92.933 E877.31846
G1 X148.432 Y93.13 E877.3446
G1 X147.701 Y93.401 E877.37053
G1 X147.004 Y93.742 E877.39634
G1 X146.344 Y94.153 E877.4222
G1 X145.744 Y94.62 E877.44749
G1 X145.156 Y95.179 E877.47447
G1 X144.668 Y95.748 E877.4994
G1 X144.214 Y96.398 E877.52577
G1 X143.848 Y97.061 E877.55096
G1 X143.556 Y97.738 E877.57548
G1 X143.429 Y98.966 E877.61655
G1 X143.242 Y99.27 E877.62842
G1 X142.966 Y99.411 E877.63873
G1 X142.695 Y99.407 E877.64774
G1 X139.426 Y98.38 E877.76171
G1 X137.539 Y97.858 E877.82683
G1 X135.621 Y97.407 E877.89236
G1 X133.701 Y97.027 E877.95746
G1 X131.783 Y96.719 E878.02207
G1 X129.881 Y96.485 E878.0858
G1 X127.895 Y96.315 E878.1521
G1 X125.938 Y96.22 E878.21727
G1 X123.955 Y96.201 E878.28323
G1 X122.003 Y96.25 E878.34817
G1 X120.131 Y96.367 E878.41055
G1 X118.143 Y96.564 E878.477
G1 X116.177 Y96.833 E878.543
G1 X114.382 Y97.146 E878.6036
G1 X112.377 Y97.573 E878.67178
G1 X110.52 Y98.041 E878.73548
G1 X108.571 Y98.606 E878.80297
G1 X106.661 Y99.242 E878.86993
G1 X104.876 Y99.903 E878.93324
G1 X103.052 Y100.659 E878.99891
G1 X101.096 Y101.553 E879.07044
G1 X99.483 Y102.368 E879.13054
G1 X97.737 Y103.318 E879.19666
G1 X96.028 Y104.335 E879.2628
G1 X94.362 Y105.408 E879.32871
G1 X92.711 Y106.552 E879.39552
G1 X91.104 Y107.747 E879.46212
G1 X89.537 Y109.005 E879.52896
G1 X87.994 Y110.341 E879.59685
G1 X86.528 Y111.697 E879.66326
G1 X86.206 Y111.856 E879.67521
G1 X83.316 Y111.856 E879.77133
G1 X83.316 Y113.159 E879.81467
G1 X83.851 Y113.312 E879.83318
G1 X84.912 Y113.012 E879.86985
G1 X91.709 Y113.012 E880.09592
G1 X91.974 Y113.121 E880.10545
G1 X92.158 Y113.328 E880.11466
G1 X92.228 Y113.612 E880.12439
G1 X92.228 Y115.496 E880.18705
G1 X92.163 Y115.671 E880.19326
G1 X91.928 Y115.916 E880.20455
G1 X91.628 Y115.996 E880.21488
G1 X90.693 Y115.996 E880.24598
G1 X90.696 Y120.864 E880.40789
G1 X90.661 Y121.058 E880.41444
G1 X90.555 Y121.241 E880.42148
G1 X90.401 Y121.37 E880.42816
G1 X90.108 Y121.452 E880.43828
G1 X85.098 Y121.447 E880.60491
G1 X84.851 Y121.264 E880.61514
G1 X84.163 Y121.733 E880.64283
G1 X84.17 Y122.986 E880.68451
G1 X88.51 Y124.108 E880.8336
G1 X90.127 Y124.116 E880.88738
G1 X90.421 Y124.194 E880.8975
G1 X90.605 Y124.356 E880.90565
G1 X90.724 Y124.723 E880.91849
G1 X90.699 Y126.952 E880.99263
G1 X90.881 Y126.952 E880.99868
G1 X92.296 Y124.188 E881.10196
G1 X93.744 Y121.681 E881.19825
G1 X95.322 Y119.255 E881.29451
G1 X96.99 Y116.957 E881.38895
G1 X98.73 Y114.821 E881.48058
G1 X100.587 Y112.779 E881.57238
G1 X102.562 Y110.85 E881.66421
G1 X104.546 Y109.13 E881.75154
G1 X106.682 Y107.497 E881.84097
G1 X108.843 Y106.052 E881.92743
G1 X111.047 Y104.775 E882.01215
G1 X113.344 Y103.644 E882.09731
G1 X115.623 Y102.711 E882.17921
G1 X118.006 Y101.921 E882.26272
G1 X120.395 Y101.325 E882.34461
G1 X122.8 Y100.903 E882.42582
G1 X125.164 Y100.666 E882.50484
G1 X127.647 Y100.604 E882.58745
G1 X130.059 Y100.724 E882.66778
G1 X132.416 Y101.019 E882.74678
G1 X134.81 Y101.499 E882.82799
G1 X137.18 Y102.167 E882.90989
G1 X139.5 Y103.003 E882.99191
G1 X142.522 Y104.342 E883.10185
G1 X142.701 Y104.509 E883.10999
G1 X142.821 Y104.844 E883.12182
G1 X139.938 Y132.822 E884.0573
G1 F1507.5 X139.518 Y138.358 E884.24104
G1 F1550.4 X139.445 Y139.195 E884.26807
G1 F1587.3 X139.549 Y140.002 E884.29365
G1 F1591.5 X139.846 Y140.715 E884.31786
G1 X140.328 Y141.344 E884.3427
G1 F1595.7 X140.953 Y141.822 E884.3673
G1 X141.675 Y142.122 E884.39175
G1 F1578.9 X142.515 Y142.229 E884.4185
G0 F9000 X142.478 Y142.62
;TYPE:WALL-OUTER
G1 F1500 X144.166 Y142.62 E884.47465
G1 X145.365 Y141.18 E884.53697
G1 X146.287 Y140.158 E884.58275
G1 X151.237 Y92.376 E886.18049
G1 X150.735 Y92.376 E886.19719
G1 X149.909 Y92.42 E886.2247
G1 X149.113 Y92.541 E886.25148
G1 X148.312 Y92.748 E886.27899
G1 X147.543 Y93.033 E886.30627
G1 X146.81 Y93.392 E886.33342
G1 X146.115 Y93.825 E886.36065
G1 X145.483 Y94.316 E886.38727
G1 X144.866 Y94.903 E886.4156
G1 X144.351 Y95.503 E886.4419
G1 X143.874 Y96.186 E886.4696
G1 X143.488 Y96.885 E886.49616
G1 X143.164 Y97.636 E886.52337
G1 X143.027 Y98.93 E886.56665
G1 X142.852 Y99.038 E886.57348
G1 X139.539 Y97.996 E886.689
G1 X137.638 Y97.47 E886.7546
G1 X135.705 Y97.016 E886.82064
G1 X133.772 Y96.633 E886.88618
G1 X131.839 Y96.323 E886.9513
G1 X129.923 Y96.087 E887.0155
G1 X127.922 Y95.916 E887.0823
G1 X125.95 Y95.82 E887.14797
G1 X123.945 Y95.801 E887.21466
G1 X122.029 Y95.848 E887.2784
G1 X120.053 Y95.972 E887.34425
G1 X118.096 Y96.167 E887.40967
G1 X116.115 Y96.438 E887.47617
G1 X114.306 Y96.753 E887.53724
G1 X112.286 Y97.183 E887.60593
G1 X110.422 Y97.653 E887.66987
G1 X108.385 Y98.245 E887.74042
G1 X106.583 Y98.845 E887.80359
G1 X104.73 Y99.531 E887.86931
G1 X102.892 Y100.292 E887.93548
G1 X100.995 Y101.157 E888.00482
G1 X99.297 Y102.014 E888.06808
G1 X97.539 Y102.97 E888.13464
G1 X95.896 Y103.947 E888.19822
G1 X94.14 Y105.075 E888.26764
G1 X92.477 Y106.227 E888.33492
G1 X90.859 Y107.431 E888.402
G1 X89.281 Y108.698 E888.46931
G1 X87.722 Y110.047 E888.53788
G1 X86.256 Y111.403 E888.6043
G1 X86.155 Y111.453 E888.60805
G1 X82.916 Y111.456 E888.71578
G1 X82.916 Y113.461 E888.78246
G1 X83.851 Y113.728 E888.8148
G1 X84.949 Y113.415 E888.85278
G1 X91.668 Y113.415 E889.07625
G1 X91.744 Y113.448 E889.07901
G1 X91.828 Y113.573 E889.08402
G1 X91.823 Y115.444 E889.14625
G1 X91.708 Y115.596 E889.15259
G1 X90.293 Y115.596 E889.19965
G1 X90.296 Y120.901 E889.3761
G1 X90.198 Y121.025 E889.38135
G1 X90.096 Y121.052 E889.38486
G1 X85.196 Y121.051 E889.54784
G1 X85.077 Y120.964 E889.55274
G1 X84.922 Y120.731 E889.56205
G1 X83.761 Y121.522 E889.60877
G1 X83.772 Y123.296 E889.66778
G1 X88.458 Y124.508 E889.82876
G1 X90.165 Y124.516 E889.88554
G1 X90.285 Y124.596 E889.89034
G1 X90.324 Y124.719 E889.89463
G1 X90.295 Y127.352 E889.98221
G1 X91.231 Y127.352 E890.01334
G1 X91.287 Y127.027 E890.02431
G1 X92.642 Y124.388 E890.12298
G1 X94.08 Y121.899 E890.21858
G1 X95.646 Y119.49 E890.31415
G1 X97.3 Y117.209 E890.40786
G1 X99.04 Y115.073 E890.49949
G1 X100.884 Y113.048 E890.59058
G1 X102.824 Y111.152 E890.68081
G1 X104.808 Y109.432 E890.76814
G1 X106.904 Y107.829 E890.85591
G1 X109.032 Y106.405 E890.94107
G1 X111.243 Y105.124 E891.02606
G1 X113.496 Y104.014 E891.10959
G1 X115.785 Y103.078 E891.19184
G1 X118.103 Y102.309 E891.27307
G1 X120.465 Y101.719 E891.35405
G1 X122.84 Y101.301 E891.43425
G1 X125.204 Y101.064 E891.51328
G1 X127.627 Y101.004 E891.59389
G1 X130.009 Y101.121 E891.67321
G1 X132.36 Y101.415 E891.75201
G1 X134.727 Y101.891 E891.83232
G1 X137.044 Y102.543 E891.91237
G1 X139.338 Y103.369 E891.99347
G1 X142.327 Y104.696 E892.10224
G1 X142.416 Y104.846 E892.10804
G1 X139.54 Y132.786 E893.04224
G1 X139.054 Y139.206 E893.25638
G1 X139.171 Y140.103 E893.28647
G1 X139.507 Y140.911 E893.31557
G1 X140.051 Y141.621 E893.34532
G1 X140.757 Y142.161 E893.37488
G1 X141.573 Y142.5 E893.40427
G1 X142.478 Y142.62 E893.43464
G0 F9000 X143.048 Y142.006
G0 X142.465 Y141.456
G1 F1500 X141.875 Y141.382 E893.45442
G1 X141.332 Y141.158 E893.47395
G1 X140.87 Y140.802 E893.49335
G1 X140.529 Y140.363 E893.51184
G1 X140.287 Y139.795 E893.53237
G1 X140.212 Y139.201 E893.55229
G1 X140.284 Y138.635 E893.57126
G1 X140.503 Y138.114 E893.59006
G1 X140.868 Y137.626 E893.61033
G1 X141.31 Y137.288 E893.62884
G1 X141.88 Y137.044 E893.64946
G1 X142.456 Y136.97 E893.66877
G1 X143.038 Y137.045 E893.68829
G1 X143.602 Y137.288 E893.70872
G1 X144.042 Y137.624 E893.72713
G1 X144.404 Y138.091 E893.74678
G1 X144.628 Y138.635 E893.76635
G1 X144.7 Y139.237 E893.78652
G1 X144.628 Y139.795 E893.80523
G1 X144.402 Y140.339 E893.82482
G1 X144.03 Y140.813 E893.84486
G1 X143.576 Y141.159 E893.86385
G1 X143.019 Y141.386 E893.88385
G1 X142.465 Y141.456 E893.90243
G0 F9000 X143.048 Y142.006
G0 X144.223 Y140.981
G0 X144.544 Y140.563
G0 X145.207 Y139.218
G0 X145.542 Y139.181
;TYPE:SKIN
G1 F1247.4 X145.357 Y138.407 E893.93425
G1 F1500 X145.051 Y137.685 E893.96034
G1 X144.586 Y137.08 E893.98572
G1 X143.985 Y136.624 E894.01081
G1 X143.234 Y136.3 E894.03801
G1 X142.452 Y136.202 E894.06422
G1 X141.68 Y136.3 E894.09011
G1 X140.926 Y136.62 E894.11735
G1 X140.32 Y137.081 E894.14268
G1 X139.935 Y137.593 E894.16398
G1 X140.276 Y133.03 E894.31617
G1 X143.183 Y104.861 E895.25805
G1 X143.14 Y104.592 E895.26711
G1 X142.99 Y104.297 E895.27812
G1 X142.627 Y103.994 E895.29385
G1 X139.58 Y102.647 E895.40465
G1 X137.248 Y101.811 E895.48705
G1 X134.895 Y101.147 E895.56836
G1 X132.5 Y100.667 E895.64961
G1 X130.053 Y100.361 E895.73163
G1 X127.662 Y100.244 E895.81125
G1 X125.12 Y100.304 E895.89582
G1 X122.768 Y100.541 E895.97444
G1 X120.343 Y100.965 E896.05632
G1 X117.867 Y101.581 E896.14118
G1 X115.556 Y102.35 E896.22219
G1 X113.176 Y103.318 E896.30765
G1 X110.883 Y104.452 E896.39273
G1 X108.648 Y105.745 E896.47861
G1 X106.444 Y107.221 E896.56684
G1 X104.31 Y108.857 E896.65627
G1 X102.325 Y110.576 E896.74361
G1 X100.356 Y112.496 E896.83508
G1 X98.456 Y114.585 E896.929
G1 X96.713 Y116.717 E897.02059
G1 X95.042 Y119.022 E897.11528
G1 X93.424 Y121.515 E897.21413
G1 X91.966 Y124.031 E897.31085
G1 X91.071 Y125.786 E897.37637
G1 X91.08 Y124.7 E897.4125
G1 X90.901 Y124.139 E897.43208
G1 X90.599 Y123.881 E897.44529
G1 X90.293 Y123.757 E897.45627
G1 X88.558 Y123.748 E897.51398
G1 X84.527 Y122.704 E897.65248
G1 X84.521 Y121.922 E897.67849
G1 X84.852 Y121.697 E897.6918
G1 X84.973 Y121.772 E897.69653
G1 X85.164 Y121.808 E897.703
G1 X90.136 Y121.812 E897.86837
G1 X90.581 Y121.683 E897.88378
G1 X90.826 Y121.469 E897.8946
G1 X90.999 Y121.18 E897.9058
G1 X91.057 Y120.868 E897.91635
G1 X91.053 Y116.356 E898.06642
G1 X91.65 Y116.356 E898.08628
G1 X92.109 Y116.222 E898.10218
G1 X92.355 Y116.026 E898.11265
G1 X92.589 Y115.568 E898.12975
G1 X92.588 Y113.411 E898.20149
G1 X92.326 Y112.954 E898.21901
G1 X91.993 Y112.716 E898.23263
G1 X91.728 Y112.652 E898.24169
G1 X86.894 Y112.652 E898.40247
G1 F1463.4 X86.296 Y112.642 E898.42286
G1 F1425.2 X84.856 Y112.644 E898.47327
G1 F1260.5 X84.079 Y112.804 E898.50467
G1 F1127.8 X83.853 Y112.868 E898.51506
G1 X83.742 Y112.836 E898.52017
G1 X83.742 Y112.282 E898.54468
G1 X84.008 Y112.282 E898.55645
G1 F1260.5 X84.82 Y112.226 E898.58866
G1 F1425.2 X86.26 Y112.224 E898.63907
G1 F1463.4 X86.758 Y111.971 E898.65811
G1 F1500 X88.216 Y110.622 E898.72418
G1 X89.761 Y109.286 E898.79211
G1 X91.279 Y108.067 E898.85687
G1 X92.913 Y106.847 E898.92469
G1 X94.568 Y105.703 E898.99161
G1 X96.146 Y104.686 E899.05405
G1 X97.92 Y103.626 E899.12278
G1 X99.653 Y102.686 E899.18835
G1 X101.319 Y101.845 E899.25043
G1 X103.2 Y100.984 E899.31923
G1 X105.001 Y100.239 E899.38406
G1 X106.789 Y99.58 E899.44743
G1 X108.66 Y98.951 E899.51309
G1 X110.605 Y98.39 E899.58042
G1 X112.462 Y97.923 E899.6441
G1 X114.501 Y97.486 E899.71346
G1 X116.191 Y97.19 E899.77053
G1 X118.136 Y96.927 E899.8358
G1 X120.065 Y96.731 E899.90029
G1 X122.064 Y96.606 E899.96691
G1 X123.929 Y96.561 E900.02896
G1 X125.918 Y96.58 E900.09512
G1 X127.822 Y96.672 E900.15852
G1 X129.887 Y96.843 E900.22743
G1 X131.705 Y97.071 E900.28838
G1 X133.628 Y97.381 E900.35316
G1 X135.505 Y97.752 E900.4168
G1 X137.418 Y98.198 E900.48213
G1 X139.327 Y98.724 E900.54799
G1 X142.604 Y99.755 E900.66225
G1 X143.04 Y99.77 E900.67676
G1 X143.484 Y99.537 E900.69344
G1 X143.671 Y99.295 E900.70361
G1 X143.777 Y99.055 E900.71234
G1 X143.908 Y97.831 E900.75328
G1 X144.176 Y97.204 E900.77596
G1 X144.518 Y96.587 E900.79942
G1 X144.955 Y95.963 E900.82476
G1 X145.41 Y95.434 E900.84797
G1 X145.979 Y94.892 E900.8741
G1 X146.551 Y94.445 E900.89825
G1 X147.173 Y94.056 E900.92265
G1 X147.839 Y93.733 E900.94727
G1 X148.536 Y93.475 E900.97199
G1 X149.273 Y93.284 E900.99731
G1 X149.98 Y93.175 E901.0211
G1 X150.393 Y93.155 E901.03486
G1 X145.698 Y138.455 E902.54961
G1 F1247.4 X145.542 Y139.181 E902.57931
G1 F1061.9 X145.475 Y139.793 E902.60823
G1 F2700 E897.60823
G0 F9000 X144.273 Y141.462
G0 X145.747 Y139.918
G0 X150.604 Y93.628
G0 X150.148 Y93.58
G1 F2700 E902.60823
G1 F1500 X149.95 Y93.382 E902.61755
G0 F9000 X149.46 Y93.458
G1 F1500 X150.095 Y94.092 E902.64739
G0 F9000 X150.042 Y94.605
G1 F1500 X148.999 Y93.562 E902.69645
G0 F9000 X148.554 Y93.682
G1 F1500 X149.989 Y95.117 E902.76395
G0 F9000 X149.936 Y95.63
G1 F1500 X148.141 Y93.835 E902.84838
G0 F9000 X147.742 Y94.002
G1 F1500 X149.883 Y96.142 E902.94906
G0 F9000 X149.83 Y96.655
G1 F1500 X147.362 Y94.187 E903.06515
G0 F9000 X147.005 Y94.397
G1 F1500 X149.777 Y97.168 E903.19551
G0 F9000 X149.723 Y97.68
G1 F1500 X146.658 Y94.615 E903.33968
G0 F9000 X146.341 Y94.864
G1 F1500 X149.67 Y98.192 E903.49624
G0 F9000 X149.617 Y98.705
G1 F1500 X146.032 Y95.12 E903.66487
G0 F9000 X145.742 Y95.396
G1 F1500 X149.564 Y99.218 E903.84465
G0 F9000 X149.511 Y99.73
G1 F1500 X145.461 Y95.681 E904.03512
G0 F9000 X145.199 Y95.985
G1 F1500 X149.458 Y100.243 E904.23543
G0 F9000 X149.405 Y100.756
G1 F1500 X144.957 Y96.308 E904.44465
G0 F9000 X144.724 Y96.641
G1 F1500 X149.351 Y101.268 E904.66229
G0 F9000 X149.298 Y101.78
G1 F1500 X144.517 Y96.999 E904.88717
G0 F9000 X144.322 Y97.37
G1 F1500 X149.245 Y102.293 E905.11874
G0 F9000 X149.192 Y102.806
G1 F1500 X144.153 Y97.767 E905.35575
G0 F9000 X144.065 Y98.244
G1 F1500 X149.139 Y103.318 E905.59442
G0 F9000 X149.086 Y103.831
G1 F1500 X144.009 Y98.754 E905.83323
G0 F9000 X143.916 Y99.227
G1 F1500 X149.033 Y104.344 E906.07391
G0 F9000 X148.98 Y104.856
G1 F1500 X143.7 Y99.576 E906.32227
G0 F9000 X143.377 Y99.819
G1 F1500 X148.926 Y105.368 E906.58328
G0 F9000 X148.873 Y105.881
G1 F1500 X142.959 Y99.967 E906.86145
G0 F9000 X142.293 Y99.866
G1 F1500 X148.82 Y106.393 E907.16846
G0 F9000 X148.767 Y106.906
G1 F1500 X141.467 Y99.607 E907.51181
G0 F9000 X140.642 Y99.347
G1 F1500 X148.714 Y107.419 E907.89149
G0 F9000 X148.661 Y107.931
G1 F1500 X139.818 Y99.088 E908.30744
G0 F9000 X139.007 Y98.844
G1 F1500 X148.608 Y108.444 E908.75902
G0 F9000 X148.554 Y108.956
G1 F1500 X138.226 Y98.628 E909.24482
G0 F9000 X137.445 Y98.412
G1 F1500 X148.501 Y109.469 E909.76488
G0 F9000 X148.448 Y109.981
G1 F1500 X143.379 Y104.912 E910.00331
G0 F9000 X143.326 Y105.425
G1 F1500 X148.395 Y110.494 E910.24174
G0 F9000 X148.342 Y111.007
G1 F1500 X143.273 Y105.937 E910.48019
G0 F9000 X143.22 Y106.45
G1 F1500 X148.289 Y111.519 E910.71862
G0 F9000 X148.236 Y112.032
G1 F1500 X143.167 Y106.963 E910.95705
G0 F9000 X143.114 Y107.476
G1 F1500 X148.183 Y112.545 E911.19548
G0 F9000 X148.129 Y113.056
G1 F1500 X143.061 Y107.989 E911.43384
G0 F9000 X143.008 Y108.501
G1 F1500 X148.076 Y113.569 E911.67223
G0 F9000 X148.023 Y114.082
G1 F1500 X142.955 Y109.014 E911.91061
G0 F9000 X142.903 Y109.527
G1 F1500 X147.97 Y114.594 E912.14895
G0 F9000 X147.917 Y115.107
G1 F1500 X142.85 Y110.04 E912.38728
G0 F9000 X142.797 Y110.553
G1 F1500 X147.864 Y115.62 E912.62562
G0 F9000 X147.811 Y116.132
G1 F1500 X142.744 Y111.065 E912.86395
G0 F9000 X142.691 Y111.578
G1 F1500 X147.757 Y116.644 E913.10224
G0 F9000 X147.704 Y117.157
G1 F1500 X142.638 Y112.091 E913.34053
G0 F9000 X142.585 Y112.604
G1 F1500 X147.651 Y117.67 E913.57882
G0 F9000 X147.598 Y118.182
G1 F1500 X142.532 Y113.117 E913.81709
G0 F9000 X142.479 Y113.629
G1 F1500 X147.545 Y118.695 E914.05538
G0 F9000 X147.492 Y119.208
G1 F1500 X142.426 Y114.142 E914.29367
G0 F9000 X142.374 Y114.655
G1 F1500 X147.439 Y119.72 E914.53191
G0 F9000 X147.386 Y120.233
G1 F1500 X142.321 Y115.168 E914.77015
G0 F9000 X142.268 Y115.681
G1 F1500 X147.332 Y120.745 E915.00834
G0 F9000 X147.279 Y121.257
G1 F1500 X142.215 Y116.193 E915.24654
G0 F9000 X142.162 Y116.706
G1 F1500 X147.226 Y121.77 E915.48473
G0 F9000 X147.173 Y122.283
G1 F1500 X142.109 Y117.219 E915.72293
G0 F9000 X142.056 Y117.732
G1 F1500 X147.12 Y122.795 E915.9611
G0 F9000 X147.067 Y123.308
G1 F1500 X142.003 Y118.245 E916.19927
G0 F9000 X141.95 Y118.757
G1 F1500 X147.014 Y123.821 E916.43747
G0 F9000 X146.96 Y124.333
G1 F1500 X141.897 Y119.27 E916.67562
G0 F9000 X141.844 Y119.782
G1 F1500 X146.907 Y124.845 E916.91376
G0 F9000 X146.854 Y125.358
G1 F1500 X141.792 Y120.296 E917.15186
G0 F9000 X141.739 Y120.808
G1 F1500 X146.801 Y125.871 E917.38999
G0 F9000 X146.748 Y126.383
G1 F1500 X141.686 Y121.321 E917.62809
G0 F9000 X141.633 Y121.834
G1 F1500 X146.695 Y126.896 E917.86619
G0 F9000 X146.642 Y127.409
G1 F1500 X141.58 Y122.346 E918.10432
G0 F9000 X141.527 Y122.86
G1 F1500 X146.589 Y127.921 E918.34239
G0 F9000 X146.535 Y128.433
G1 F1500 X141.474 Y123.372 E918.58045
G0 F9000 X141.421 Y123.885
G1 F1500 X146.482 Y128.946 E918.8185
G0 F9000 X146.429 Y129.459
G1 F1500 X141.368 Y124.398 E919.05655
G0 F9000 X141.315 Y124.91
G1 F1500 X146.376 Y129.971 E919.29461
G0 F9000 X146.323 Y130.484
G1 F1500 X141.262 Y125.423 E919.53266
G0 F9000 X141.21 Y125.936
G1 F1500 X146.27 Y130.996 E919.77067
G0 F9000 X146.217 Y131.509
G1 F1500 X141.157 Y126.449 E920.00868
G0 F9000 X141.104 Y126.962
G1 F1500 X146.163 Y132.021 E920.24664
G0 F9000 X146.11 Y132.534
G1 F1500 X141.051 Y127.474 E920.48462
G0 F9000 X140.998 Y127.987
G1 F1500 X146.057 Y133.046 E920.72258
G0 F9000 X146.004 Y133.559
G1 F1500 X140.945 Y128.5 E920.96054
G0 F9000 X140.892 Y129.013
G1 F1500 X145.951 Y134.072 E921.1985
G0 F9000 X145.898 Y134.584
G1 F1500 X140.839 Y129.526 E921.43644
G0 F9000 X140.786 Y130.038
G1 F1500 X145.845 Y135.097 E921.6744
G0 F9000 X145.792 Y135.61
G1 F1500 X140.733 Y130.551 E921.91236
G0 F9000 X140.681 Y131.064
G1 F1500 X145.738 Y136.122 E922.15024
G0 F9000 X145.685 Y136.634
G1 F1500 X140.628 Y131.577 E922.38811
G0 F9000 X140.575 Y132.09
G1 F1500 X145.632 Y137.147 E922.62598
G0 F9000 X145.579 Y137.66
G1 F1500 X140.522 Y132.602 E922.86387
G0 F9000 X140.47 Y133.116
G1 F1500 X143.586 Y136.232 E923.01043
G0 F9000 X142.837 Y136.049
G1 F1500 X140.43 Y133.642 E923.12365
G0 F9000 X140.391 Y134.169
G1 F1500 X142.249 Y136.026 E923.21102
G0 F9000 X141.747 Y136.09
G1 F1500 X140.352 Y134.695 E923.27664
G0 F9000 X140.312 Y135.221
G1 F1500 X141.322 Y136.231 E923.32415
G0 F9000 X140.923 Y136.397
G1 F1500 X140.272 Y135.747 E923.35474
G0 F9000 X140.233 Y136.273
G1 F1500 X140.587 Y136.627 E923.37139
G0 F9000 X140.265 Y136.871
G1 F1500 X140.194 Y136.8 E923.37473
G0 F9000 X139.739 Y136.765
G0 X139.667 Y138.466
G0 X139.634 Y139.23
G0 X140.703 Y137.038
G0 X142.458 Y136.72
G0 X143.104 Y136.804
G0 X143.707 Y137.055
G0 X144 Y137.279
G0 X145.015 Y138.259
G0 X145.439 Y138.085
G1 F1500 X145.525 Y138.171 E923.37878
G1 F2700 E918.37878
G0 F9000 X145.985 Y138.219
G0 X145.747 Y139.918
G0 X145.086 Y140.625
G0 X144.627 Y141.055
G0 X145.174 Y138.485
G0 X143.867 Y136.785
G0 X141.734 Y136.497
G0 X140.022 Y137.809
G0 X139.634 Y139.23
G0 X139.667 Y138.466
G0 X140.098 Y132.837
G0 X142.692 Y104.591
G0 X141.747 Y103.889
G0 X141.934 Y103.467
G1 F2700 E923.37878
G1 F1500 X136.704 Y98.238 E923.62476
G0 F9000 X135.967 Y98.066
G1 F1500 X140.921 Y103.021 E923.8578
G0 F9000 X140.735 Y103.441
G0 X139.723 Y102.993
G0 X139.909 Y102.574
G1 F1500 X135.238 Y97.903 E924.07751
G0 F9000 X134.534 Y97.765
G1 F1500 X138.994 Y102.224 E924.28727
G0 F9000 X138.113 Y101.909
G1 F1500 X133.829 Y97.625 E924.48878
G0 F9000 X133.144 Y97.506
G1 F1500 X137.237 Y101.599 E924.6813
G0 F9000 X136.45 Y101.377
G1 F1500 X132.469 Y97.397 E924.86853
G0 F9000 X131.795 Y97.288
G1 F1500 X135.662 Y101.155 E925.05042
G0 F9000 X134.881 Y100.94
G1 F1500 X131.144 Y97.202 E925.22622
G0 F9000 X130.497 Y97.121
G1 F1500 X134.174 Y100.799 E925.3992
G0 F9000 X133.466 Y100.657
G1 F1500 X129.851 Y97.041 E925.56927
G0 F9000 X129.234 Y96.99
G1 F1500 X132.759 Y100.515 E925.73507
G0 F9000 X132.093 Y100.415
G1 F1500 X128.617 Y96.939 E925.89857
G0 F9000 X128 Y96.888
G1 F1500 X131.447 Y100.334 E926.06068
G0 F9000 X130.801 Y100.254
G1 F1500 X127.399 Y96.852 E926.2207
G0 F9000 X126.805 Y96.823
G1 F1500 X130.154 Y100.173 E926.37825
G0 F9000 X129.551 Y100.136
G1 F1500 X126.211 Y96.795 E926.53538
G0 F9000 X125.628 Y96.778
G1 F1500 X128.956 Y100.107 E926.69194
G0 F9000 X128.362 Y100.078
G1 F1500 X125.056 Y96.772 E926.84745
G0 F9000 X124.485 Y96.766
G1 F1500 X127.767 Y100.049 E927.00185
G0 F9000 X127.208 Y100.055
G1 F1500 X123.915 Y96.762 E927.15674
G0 F9000 X123.363 Y96.775
G1 F1500 X126.655 Y100.068 E927.31161
G0 F9000 X126.103 Y100.081
G1 F1500 X122.81 Y96.788 E927.4665
G0 F9000 X122.257 Y96.802
G1 F1500 X125.55 Y100.094 E927.62137
G0 F9000 X125.004 Y100.114
G1 F1500 X121.719 Y96.828 E927.77591
G0 F9000 X121.186 Y96.862
G1 F1500 X124.491 Y100.167 E927.93137
G0 F9000 X123.977 Y100.218
G1 F1500 X120.654 Y96.895 E928.08767
G0 F9000 X120.121 Y96.928
G1 F1500 X123.464 Y100.271 E928.24491
G0 F9000 X122.95 Y100.322
G1 F1500 X119.607 Y96.98 E928.40214
G0 F9000 X119.094 Y97.032
G1 F1500 X122.454 Y100.392 E928.56018
G0 F9000 X121.972 Y100.476
G1 F1500 X118.58 Y97.084 E928.71973
G0 F9000 X118.069 Y97.139
G1 F1500 X121.491 Y100.56 E928.88067
G0 F9000 X121.009 Y100.645
G1 F1500 X117.571 Y97.206 E929.0424
G0 F9000 X117.072 Y97.273
G1 F1500 X120.528 Y100.729 E929.20496
G0 F9000 X120.062 Y100.828
G1 F1500 X116.574 Y97.34 E929.36903
G0 F9000 X116.08 Y97.412
G1 F1500 X119.609 Y100.941 E929.53502
G0 F9000 X119.156 Y101.054
G1 F1500 X115.599 Y97.497 E929.70233
G0 F9000 X115.117 Y97.581
G1 F1500 X118.703 Y101.166 E929.87098
G0 F9000 X118.25 Y101.28
G1 F1500 X114.635 Y97.664 E930.04104
G0 F9000 X114.167 Y97.762
G1 F1500 X117.797 Y101.392 E930.21179
G0 F9000 X117.373 Y101.533
G1 F1500 X113.701 Y97.862 E930.38448
G0 F9000 X113.235 Y97.962
G1 F1500 X116.948 Y101.675 E930.55913
G0 F9000 X116.524 Y101.816
G1 F1500 X112.769 Y98.062 E930.73573
G0 F9000 X112.31 Y98.168
G1 F1500 X116.1 Y101.958 E930.914
G0 F9000 X115.676 Y102.099
G1 F1500 X111.858 Y98.281 E931.09359
G0 F9000 X111.406 Y98.395
G1 F1500 X115.263 Y102.253 E931.27503
G0 F9000 X114.862 Y102.417
G1 F1500 X110.954 Y98.509 E931.45885
G0 F9000 X110.505 Y98.626
G1 F1500 X114.459 Y102.58 E931.64484
G0 F9000 X114.058 Y102.744
G1 F1500 X110.067 Y98.753 E931.83256
G0 F9000 X109.628 Y98.88
G1 F1500 X113.655 Y102.907 E932.02198
G0 F9000 X113.254 Y103.071
G1 F1500 X109.189 Y99.007 E932.21316
G0 F9000 X108.75 Y99.134
G1 F1500 X112.866 Y103.249 E932.40674
G0 F9000 X112.487 Y103.436
G1 F1500 X108.326 Y99.275 E932.60246
G0 F9000 X107.903 Y99.418
G1 F1500 X112.108 Y103.623 E932.80025
G0 F9000 X111.73 Y103.81
G1 F1500 X107.48 Y99.56 E933.00016
G0 F9000 X107.056 Y99.702
G1 F1500 X111.351 Y103.997 E933.20218
G0 F9000 X110.973 Y104.184
G1 F1500 X106.638 Y99.85 E933.40607
G0 F9000 X106.224 Y100.002
G1 F1500 X110.604 Y104.382 E933.61209
G0 F9000 X110.246 Y104.589
G1 F1500 X105.811 Y100.155 E933.82067
G0 F9000 X105.398 Y100.307
G1 F1500 X109.888 Y104.797 E934.03187
G0 F9000 X109.529 Y105.004
G1 F1500 X104.987 Y100.461 E934.24553
G0 F9000 X104.587 Y100.627
G1 F1500 X109.171 Y105.211 E934.46115
G0 F9000 X108.812 Y105.418
G1 F1500 X104.187 Y100.793 E934.6787
G0 F9000 X103.787 Y100.959
G1 F1500 X108.46 Y105.631 E934.89848
G0 F9000 X108.121 Y105.858
G1 F1500 X103.387 Y101.124 E935.12115
G0 F9000 X102.995 Y101.298
G1 F1500 X107.782 Y106.085 E935.34632
G0 F9000 X107.443 Y106.311
G1 F1500 X102.607 Y101.475 E935.57379
G0 F9000 X102.219 Y101.653
G1 F1500 X107.104 Y106.538 E935.80356
G0 F9000 X106.765 Y106.765
G1 F1500 X101.831 Y101.831 E936.03564
G0 F9000 X101.443 Y102.009
G1 F1500 X106.427 Y106.992 E936.27005
G0 F9000 X106.101 Y107.232
G1 F1500 X101.065 Y102.197 E936.5069
G0 F9000 X100.69 Y102.387
G1 F1500 X105.78 Y107.477 E936.74632
G0 F9000 X105.46 Y107.723
G1 F1500 X100.314 Y102.576 E936.9884
G0 F9000 X99.938 Y102.767
G1 F1500 X105.14 Y107.968 E937.23306
G0 F9000 X104.819 Y108.214
G1 F1500 X99.566 Y102.96 E937.48017
G0 F9000 X99.2 Y103.16
G1 F1500 X104.499 Y108.459 E937.72942
G0 F9000 X104.179 Y108.705
G1 F1500 X98.834 Y103.359 E937.98085
G0 F9000 X98.467 Y103.558
G1 F1500 X103.876 Y108.967 E938.23528
G0 F9000 X103.573 Y109.23
G1 F1500 X98.1 Y103.757 E938.49271
G0 F9000 X97.743 Y103.966
G1 F1500 X103.27 Y109.493 E938.75268
G0 F9000 X102.967 Y109.755
G1 F1500 X97.389 Y104.177 E939.01506
G0 F9000 X97.035 Y104.389
G1 F1500 X102.664 Y110.018 E939.27983
G0 F9000 X102.361 Y110.28
G1 F1500 X96.681 Y104.6 E939.547
G0 F9000 X96.326 Y104.812
G1 F1500 X102.064 Y110.55 E939.81689
G0 F9000 X101.778 Y110.829
G1 F1500 X95.98 Y105.031 E940.08961
G0 F9000 X95.636 Y105.253
G1 F1500 X101.492 Y111.108 E940.36504
G0 F9000 X101.205 Y111.388
G1 F1500 X95.293 Y105.475 E940.64314
G0 F9000 X94.948 Y105.696
G1 F1500 X100.919 Y111.667 E940.924
G0 F9000 X100.633 Y111.946
G1 F1500 X94.607 Y105.92 E941.20745
G0 F9000 X94.272 Y106.152
G1 F1500 X100.346 Y112.226 E941.49315
G0 F9000 X100.07 Y112.515
G1 F1500 X93.937 Y106.382 E941.78163
G0 F9000 X93.603 Y106.613
G1 F1500 X99.8 Y112.811 E942.07314
G0 F9000 X99.531 Y113.107
G1 F1500 X93.268 Y106.845 E942.36771
G0 F9000 X92.937 Y107.079
G1 F1500 X99.262 Y113.404 E942.66522
G0 F9000 X98.992 Y113.7
G1 F1500 X92.613 Y107.321 E942.96526
G0 F9000 X92.289 Y107.563
G1 F1500 X98.723 Y113.996 E943.26788
G0 F9000 X98.453 Y114.292
G1 F1500 X91.966 Y107.805 E943.573
G0 F9000 X91.641 Y108.046
G1 F1500 X98.19 Y114.595 E943.88105
G0 F9000 X97.936 Y114.906
G1 F1500 X91.32 Y108.291 E944.19222
G0 F9000 X91.007 Y108.543
G1 F1500 X97.681 Y115.217 E944.50615
G0 F9000 X97.427 Y115.529
G1 F1500 X90.693 Y108.795 E944.82289
G0 F9000 X90.38 Y109.047
G1 F1500 X97.172 Y115.84 E945.14239
G0 F9000 X96.917 Y116.151
G1 F1500 X90.066 Y109.299 E945.46467
G0 F9000 X89.757 Y109.556
G1 F1500 X96.663 Y116.462 E945.7895
G0 F9000 X96.418 Y116.783
G1 F1500 X92.527 Y112.892 E945.97252
G0 F9000 X92.371 Y112.735
G1 F1500 X89.453 Y109.818 E946.10975
G0 F9000 X89.15 Y110.08
G1 F1500 X91.522 Y112.452 E946.22133
G0 F9000 X90.956 Y112.452
G1 F1500 X88.847 Y110.343 E946.32053
G0 F9000 X88.543 Y110.605
G1 F1500 X90.39 Y112.452 E946.4074
G0 F9000 X89.824 Y112.452
G1 F1500 X88.243 Y110.871 E946.48177
G0 F9000 X87.949 Y111.142
G1 F1500 X89.259 Y112.452 E946.54339
G0 F9000 X88.693 Y112.452
G1 F1500 X87.656 Y111.415 E946.59216
G0 F9000 X87.362 Y111.686
G1 F1500 X88.127 Y112.452 E946.62817
G0 F9000 X87.562 Y112.452
G1 F1500 X87.067 Y111.958 E946.65143
G0 F9000 X86.747 Y112.203
G1 F1500 X86.996 Y112.452 E946.66314
G0 F9000 X86.996 Y112.912
G0 X92.068 Y113.174
G0 X92.328 Y113.718
G0 X92.788 Y113.718
G1 F1500 X96.181 Y117.111 E946.82274
G0 F9000 X95.943 Y117.439
G1 F1500 X92.788 Y114.284 E946.97114
G0 F9000 X92.788 Y114.85
G1 F1500 X95.705 Y117.767 E947.10835
G0 F9000 X95.468 Y118.095
G1 F1500 X92.788 Y115.415 E947.23441
G0 F9000 X92.664 Y115.857
G1 F1500 X95.23 Y118.423 E947.3551
G0 F9000 X94.993 Y118.752
G1 F1500 X92.447 Y116.206 E947.47486
G0 F9000 X92.111 Y116.436
G1 F1500 X94.763 Y119.087 E947.59958
G0 F9000 X94.54 Y119.43
G1 F1500 X91.666 Y116.556 E947.73476
G0 F9000 X91.253 Y116.709
G1 F1500 X94.317 Y119.773 E947.87888
G0 F9000 X94.095 Y120.116
G1 F1500 X91.253 Y117.274 E948.01256
G0 F9000 X91.254 Y117.841
G1 F1500 X93.872 Y120.459 E948.1357
G0 F9000 X93.649 Y120.802
G1 F1500 X91.254 Y118.407 E948.24836
G0 F9000 X91.254 Y118.973
G1 F1500 X93.426 Y121.145 E948.35052
G0 F9000 X93.207 Y121.492
G1 F1500 X91.255 Y119.539 E948.44236
G0 F9000 X91.256 Y120.106
G1 F1500 X92.999 Y121.849 E948.52435
G0 F9000 X92.792 Y122.208
G1 F1500 X91.256 Y120.671 E948.59662
G0 F9000 X91.201 Y121.183
G1 F1500 X92.584 Y122.566 E948.66167
G0 F9000 X92.377 Y122.924
G1 F1500 X91.006 Y121.553 E948.72616
G0 F9000 X90.717 Y121.83
G1 F1500 X92.169 Y123.282 E948.79446
G0 F9000 X91.962 Y123.64
G1 F1500 X90.295 Y121.974 E948.87284
G0 F9000 X89.768 Y122.012
G1 F1500 X91.758 Y124.002 E948.96645
G0 F9000 X91.567 Y124.377
G1 F1500 X89.202 Y122.011 E949.07771
G0 F9000 X88.635 Y122.011
G1 F1500 X90.182 Y123.557 E949.15046
G0 F9000 X89.612 Y123.553
G1 F1500 X88.069 Y122.011 E949.22301
G0 F9000 X87.503 Y122.01
G1 F1500 X89.043 Y123.55 E949.29545
G0 F9000 X88.437 Y123.51
G1 F1500 X86.937 Y122.009 E949.36603
G0 F9000 X86.37 Y122.008
G1 F1500 X87.673 Y123.312 E949.42734
G0 F9000 X86.91 Y123.114
G1 F1500 X85.804 Y122.008 E949.47936
G0 F9000 X85.238 Y122.008
G1 F1500 X86.148 Y122.917 E949.52214
G0 F9000 X85.384 Y122.719
G1 F1500 X84.722 Y122.057 E949.55328
G0 F9000 X84.265 Y122.058
G0 X84.338 Y122.855
G0 X89.72 Y124.289
G0 X90.568 Y124.28
G0 X90.826 Y124.741
G0 X91.263 Y124.639
G1 F1500 X91.375 Y124.751 E949.55855
G1 F2700 E944.55855
;MESH:NONMESH
G0 F300 X91.375 Y124.751 Z3.6
G0 F9000 X91.784 Y124.962
G0 X95.435 Y119.36
G0 X97.098 Y117.071
G0 X98.858 Y114.906
G0 X100.711 Y112.874
G0 X102.647 Y110.979
G0 X104.664 Y109.23
G0 X106.752 Y107.632
G0 X108.907 Y106.191
G0 X111.119 Y104.909
G0 X113.383 Y103.794
G0 X115.692 Y102.847
G0 X118.035 Y102.074
G0 X120.406 Y101.476
G0 X122.799 Y101.057
G0 X125.203 Y100.816
G0 X127.61 Y100.755
G0 X130.014 Y100.873
G0 X132.405 Y101.172
G0 X134.776 Y101.65
G0 X137.118 Y102.304
G0 X139.424 Y103.134
G0 X142.692 Y104.591
G0 X139.412 Y140.031
G0 X141.21 Y141.378
G0 X141.698 Y141.58
G0 X143.372 Y141.962
G0 X142.481 Y141.847
;TIME_ELAPSED:1481.076772
;LAYER:17
;TYPE:WALL-INNER
;MESH:FT03-Upright.stl
G1 F2700 E949.55855
G1 F1578.9 X141.773 Y141.756 E949.5811
G1 F1595.7 X141.14 Y141.495 E949.60251
G1 X140.595 Y141.076 E949.624
G1 F1591.5 X140.174 Y140.528 E949.64567
G1 X139.914 Y139.902 E949.66691
G1 F1587.3 X139.823 Y139.196 E949.68929
G1 F1570.7 X139.897 Y138.531 E949.71054
G1 F1530.6 X140.163 Y137.889 E949.73319
G1 F1503.8 X140.582 Y137.341 E949.75608
G1 F1500 X141.127 Y136.925 E949.77888
G1 X141.775 Y136.654 E949.80224
G1 X142.46 Y136.567 E949.82521
G1 X143.141 Y136.654 E949.84804
G1 X143.783 Y136.923 E949.8712
G1 X144.327 Y137.338 E949.89395
G1 X144.752 Y137.887 E949.91705
G1 X144.987 Y138.459 E949.93761
G1 F1214.6 X145.201 Y139.165 E949.96792
G1 F1022.1 X145.11 Y139.894 E950.00377
G1 F1167.3 X144.775 Y140.543 E950.03499
G1 F1357.5 X144.327 Y141.11 E950.06155
G1 F1282.1 X143.75 Y141.605 E950.09113
G1 F1224.5 X143.158 Y141.785 E950.11634
G1 F1382.5 X142.481 Y141.847 E950.14088
G0 F9000 X142.515 Y142.229
G1 F1492.5 X143.126 Y142.209 E950.16131
G1 F1339.3 X143.937 Y142.135 E950.19165
G1 F1234.6 X144.213 Y141.859 E950.20742
G1 F1282.1 X144.608 Y141.435 E950.22997
G1 F1376.1 X145.059 Y140.889 E950.25564
G1 F1263.2 X145.679 Y140.064 E950.2964
G1 F1102.9 X145.758 Y139.347 E950.32903
G1 F1029.2 X145.775 Y139.12 E950.34007
G1 F1212.1 X145.924 Y138.601 E950.36229
G1 F1500 X150.674 Y92.781 E951.89444
G1 X149.949 Y92.817 E951.91858
G1 X149.194 Y92.933 E951.94399
G1 X148.428 Y93.133 E951.97032
G1 X147.7 Y93.401 E951.99612
G1 X147.004 Y93.742 E952.0219
G1 X146.344 Y94.153 E952.04776
G1 X145.744 Y94.62 E952.07305
G1 X145.156 Y95.178 E952.10001
G1 X144.667 Y95.748 E952.12499
G1 X144.215 Y96.398 E952.15132
G1 X143.848 Y97.061 E952.17653
G1 X143.556 Y97.738 E952.20105
G1 X143.428 Y98.97 E952.24224
G1 X143.31 Y99.199 E952.25081
G1 X143.134 Y99.348 E952.25848
G1 X142.966 Y99.411 E952.26445
G1 X142.695 Y99.407 E952.27347
G1 X139.426 Y98.38 E952.38743
G1 X137.539 Y97.858 E952.45255
G1 X135.621 Y97.407 E952.51808
G1 X133.701 Y97.027 E952.58318
G1 X131.783 Y96.719 E952.64779
G1 X129.881 Y96.485 E952.71153
G1 X127.895 Y96.315 E952.77783
G1 X125.938 Y96.22 E952.84299
G1 X123.955 Y96.201 E952.90895
G1 X122.003 Y96.25 E952.97389
G1 X120.131 Y96.367 E953.03628
G1 X118.143 Y96.564 E953.10272
G1 X116.177 Y96.833 E953.16872
G1 X114.382 Y97.146 E953.22933
G1 X112.377 Y97.573 E953.29751
G1 X110.52 Y98.041 E953.3612
G1 X108.571 Y98.606 E953.4287
G1 X106.661 Y99.242 E953.49565
G1 X104.876 Y99.903 E953.55896
G1 X103.052 Y100.659 E953.62463
G1 X101.096 Y101.553 E953.69616
G1 X99.483 Y102.368 E953.75627
G1 X97.737 Y103.318 E953.82238
G1 X96.028 Y104.335 E953.88853
G1 X94.362 Y105.408 E953.95444
G1 X92.711 Y106.552 E954.02124
G1 X91.103 Y107.747 E954.08788
G1 X89.537 Y109.005 E954.15469
G1 X87.995 Y110.34 E954.22252
G1 X86.528 Y111.697 E954.28899
G1 X86.208 Y111.856 E954.30088
G1 X83.317 Y111.857 E954.39703
G1 X83.316 Y113.076 E954.43758
G1 X83.851 Y113.231 E954.4561
G1 X84.908 Y112.928 E954.49267
G1 X91.707 Y112.928 E954.71881
G1 X91.848 Y112.969 E954.72369
G1 X92.067 Y113.117 E954.73248
G1 X92.228 Y113.428 E954.74413
G1 X92.228 Y115.496 E954.81291
G1 X92.163 Y115.671 E954.81912
G1 X91.928 Y115.916 E954.83041
G1 X91.628 Y115.996 E954.84074
G1 X90.693 Y115.996 E954.87184
G1 X90.696 Y120.864 E955.03375
G1 X90.661 Y121.058 E955.04031
G1 X90.557 Y121.238 E955.04722
G1 X90.418 Y121.359 E955.05335
G1 X90.108 Y121.452 E955.06411
G1 X85.103 Y121.451 E955.23058
G1 X84.851 Y121.264 E955.24102
G1 X84.163 Y121.733 E955.26871
G1 X84.17 Y122.874 E955.30666
G1 X88.51 Y123.996 E955.45576
G1 X90.127 Y124.004 E955.50954
G1 X90.439 Y124.092 E955.52032
G1 X90.633 Y124.285 E955.52942
G1 X90.724 Y124.611 E955.54068
G1 X90.7 Y126.797 E955.61339
G1 X90.956 Y126.797 E955.62191
G1 X92.296 Y124.187 E955.71949
G1 X93.744 Y121.681 E955.81575
G1 X95.322 Y119.255 E955.91201
G1 X96.99 Y116.957 E956.00645
G1 X98.73 Y114.821 E956.09808
G1 X100.587 Y112.779 E956.18989
G1 X102.562 Y110.85 E956.28171
G1 X104.546 Y109.13 E956.36904
G1 X106.682 Y107.497 E956.45847
G1 X108.843 Y106.052 E956.54493
G1 X111.047 Y104.775 E956.62965
G1 X113.344 Y103.644 E956.71481
G1 X115.623 Y102.711 E956.79672
G1 X118.006 Y101.921 E956.88022
G1 X120.395 Y101.325 E956.96211
G1 X122.8 Y100.903 E957.04332
G1 X125.164 Y100.666 E957.12234
G1 X127.647 Y100.604 E957.20496
G1 X130.059 Y100.724 E957.28528
G1 X132.416 Y101.019 E957.36428
G1 X134.81 Y101.499 E957.44549
G1 X137.18 Y102.167 E957.52739
G1 X139.5 Y103.003 E957.60941
G1 X142.46 Y104.315 E957.7171
G1 X142.697 Y104.504 E957.72718
G1 X142.793 Y104.696 E957.73432
G1 X142.813 Y104.926 E957.742
G1 X139.938 Y132.822 E958.67474
G1 F1507.5 X139.518 Y138.358 E958.85847
G1 F1550.4 X139.445 Y139.195 E958.88551
G1 F1587.3 X139.549 Y140.002 E958.91108
G1 F1591.5 X139.846 Y140.715 E958.9353
G1 X140.328 Y141.344 E958.96014
G1 F1595.7 X140.953 Y141.822 E958.98474
G1 X141.675 Y142.122 E959.00918
G1 F1578.9 X142.515 Y142.229 E959.03594
G0 F9000 X142.478 Y142.62
;TYPE:WALL-OUTER
G1 F1500 X144.166 Y142.62 E959.09208
G1 X145.524 Y140.984 E959.1628
G1 X146.151 Y140.293 E959.19383
G1 X151.118 Y92.376 E960.7961
G1 X150.754 Y92.376 E960.8082
G1 X149.909 Y92.419 E960.83634
G1 X149.113 Y92.541 E960.86313
G1 X148.308 Y92.751 E960.8908
G1 X147.543 Y93.033 E960.91792
G1 X146.81 Y93.392 E960.94506
G1 X146.115 Y93.825 E960.9723
G1 X145.483 Y94.316 E960.99892
G1 X144.866 Y94.902 E961.02722
G1 X144.351 Y95.503 E961.05354
G1 X143.875 Y96.186 E961.08123
G1 X143.488 Y96.885 E961.10781
G1 X143.164 Y97.636 E961.13501
G1 X143.032 Y98.883 E961.17672
G1 X142.958 Y98.986 E961.18094
G1 X142.791 Y99.019 E961.1866
G1 X139.539 Y97.996 E961.29999
G1 X137.638 Y97.47 E961.36559
G1 X135.705 Y97.016 E961.43163
G1 X133.772 Y96.633 E961.49717
G1 X131.839 Y96.323 E961.56229
G1 X129.923 Y96.087 E961.62649
G1 X127.922 Y95.916 E961.69329
G1 X125.95 Y95.82 E961.75896
G1 X123.945 Y95.801 E961.82565
G1 X122.029 Y95.848 E961.88939
G1 X120.053 Y95.972 E961.95524
G1 X118.096 Y96.167 E962.02066
G1 X116.115 Y96.438 E962.08716
G1 X114.306 Y96.753 E962.14823
G1 X112.286 Y97.183 E962.21692
G1 X110.422 Y97.653 E962.28086
G1 X108.385 Y98.245 E962.35141
G1 X106.583 Y98.845 E962.41458
G1 X104.73 Y99.531 E962.4803
G1 X102.892 Y100.292 E962.54647
G1 X100.995 Y101.157 E962.61581
G1 X99.297 Y102.014 E962.67907
G1 X97.539 Y102.97 E962.74563
G1 X95.896 Y103.947 E962.80921
G1 X94.14 Y105.075 E962.87862
G1 X92.477 Y106.227 E962.94591
G1 X90.859 Y107.431 E963.01299
G1 X89.281 Y108.698 E963.0803
G1 X87.723 Y110.046 E963.14882
G1 X86.256 Y111.403 E963.21529
G1 X86.155 Y111.454 E963.21905
G1 X82.917 Y111.457 E963.32675
G1 X82.916 Y113.377 E963.39061
G1 X83.851 Y113.647 E963.42298
G1 X84.949 Y113.33 E963.46099
G1 X91.667 Y113.331 E963.68443
G1 X91.828 Y113.453 E963.69115
G1 X91.823 Y115.444 E963.75737
G1 X91.708 Y115.596 E963.76371
G1 X90.293 Y115.596 E963.81077
G1 X90.296 Y120.902 E963.98725
G1 X90.144 Y121.052 E963.99435
G1 X85.197 Y121.052 E964.15889
G1 X85.077 Y120.964 E964.16384
G1 X84.922 Y120.731 E964.17315
G1 X83.761 Y121.522 E964.21987
G1 X83.772 Y123.184 E964.27515
G1 X88.458 Y124.396 E964.43614
G1 X90.125 Y124.404 E964.49158
G1 X90.294 Y124.497 E964.498
G1 X90.324 Y124.607 E964.50179
G1 X90.295 Y127.199 E964.58801
G1 X91.259 Y127.196 E964.62007
G1 X91.302 Y127 E964.62674
G1 X92.642 Y124.387 E964.72441
G1 X94.08 Y121.899 E964.81999
G1 X95.646 Y119.49 E964.91556
G1 X97.3 Y117.209 E965.00927
G1 X99.04 Y115.073 E965.1009
G1 X100.884 Y113.048 E965.19199
G1 X102.824 Y111.152 E965.28222
G1 X104.808 Y109.432 E965.36955
G1 X106.904 Y107.829 E965.45732
G1 X109.032 Y106.405 E965.54248
G1 X111.243 Y105.124 E965.62747
G1 X113.496 Y104.014 E965.711
G1 X115.785 Y103.078 E965.79325
G1 X118.103 Y102.309 E965.87448
G1 X120.465 Y101.719 E965.95546
G1 X122.84 Y101.301 E966.03566
G1 X125.204 Y101.064 E966.11469
G1 X127.627 Y101.004 E966.1953
G1 X130.009 Y101.121 E966.27462
G1 X132.36 Y101.415 E966.35342
G1 X134.727 Y101.891 E966.43373
G1 X137.044 Y102.543 E966.51378
G1 X139.338 Y103.369 E966.59488
G1 X142.326 Y104.696 E966.70362
G1 X142.416 Y104.845 E966.70941
G1 X139.54 Y132.786 E967.64364
G1 X139.054 Y139.206 E967.85778
G1 X139.171 Y140.103 E967.88787
G1 X139.507 Y140.911 E967.91697
G1 X140.051 Y141.621 E967.94672
G1 X140.757 Y142.161 E967.97629
G1 X141.573 Y142.5 E968.00568
G1 X142.478 Y142.62 E968.03604
G0 F9000 X143.048 Y142.006
G0 X142.465 Y141.456
G1 F1500 X141.875 Y141.382 E968.05582
G1 X141.332 Y141.158 E968.07535
G1 X140.87 Y140.802 E968.09475
G1 X140.529 Y140.363 E968.11324
G1 X140.287 Y139.795 E968.13378
G1 X140.212 Y139.201 E968.15369
G1 X140.284 Y138.635 E968.17267
G1 X140.503 Y138.114 E968.19146
G1 X140.868 Y137.626 E968.21173
G1 X141.31 Y137.288 E968.23024
G1 X141.88 Y137.044 E968.25086
G1 X142.456 Y136.97 E968.27018
G1 X143.038 Y137.045 E968.28969
G1 X143.602 Y137.288 E968.31012
G1 X144.042 Y137.624 E968.32853
G1 X144.387 Y138.069 E968.34726
G1 X144.628 Y138.637 E968.36778
G1 X144.7 Y139.237 E968.38788
G1 X144.628 Y139.788 E968.40636
G1 X144.402 Y140.34 E968.4262
G1 X144.03 Y140.813 E968.44622
G1 X143.576 Y141.159 E968.4652
G1 X143.019 Y141.386 E968.48521
G1 X142.465 Y141.456 E968.50378
G0 F9000 X143.048 Y142.006
G0 X143.908 Y141.728
G0 X144.509 Y141.267
G0 X144.97 Y140.666
G0 X145.259 Y139.967
G0 X145.34 Y139.359
G0 X145.322 Y138.857
G0 X145.475 Y138.728
;TYPE:SKIN
G1 F1500 X145.066 Y137.705 E968.54042
G1 X144.578 Y137.075 E968.56693
G1 X143.986 Y136.624 E968.59168
G1 X143.233 Y136.3 E968.61895
G1 X142.452 Y136.202 E968.64513
G1 X141.679 Y136.301 E968.67105
G1 X140.93 Y136.62 E968.69812
G1 X140.321 Y137.085 E968.72361
G1 X139.933 Y137.595 E968.74492
G1 X140.276 Y133.03 E968.89718
G1 X143.172 Y104.929 E969.83678
G1 X143.14 Y104.595 E969.84794
G1 X142.974 Y104.274 E969.85996
G1 X142.717 Y104.04 E969.87152
G1 X139.58 Y102.647 E969.98568
G1 X137.248 Y101.811 E970.06807
G1 X134.895 Y101.147 E970.14939
G1 X132.5 Y100.667 E970.23063
G1 X130.053 Y100.361 E970.31265
G1 X127.662 Y100.244 E970.39227
G1 X125.12 Y100.304 E970.47685
G1 X122.768 Y100.541 E970.55547
G1 X120.343 Y100.965 E970.63735
G1 X117.867 Y101.581 E970.72221
G1 X115.556 Y102.35 E970.80322
G1 X113.176 Y103.318 E970.88867
G1 X110.883 Y104.452 E970.97376
G1 X108.648 Y105.745 E971.05964
G1 X106.444 Y107.221 E971.14786
G1 X104.31 Y108.857 E971.2373
G1 X102.325 Y110.576 E971.32463
G1 X100.356 Y112.496 E971.4161
G1 X98.456 Y114.585 E971.51002
G1 X96.713 Y116.717 E971.60162
G1 X95.042 Y119.022 E971.69631
G1 X93.424 Y121.515 E971.79516
G1 X91.986 Y123.999 E971.89062
G1 X91.072 Y125.78 E971.9572
G1 X91.085 Y124.595 E971.99662
G1 X90.941 Y124.081 E972.01437
G1 X90.626 Y123.781 E972.02884
G1 X90.385 Y123.678 E972.03756
G1 X90.148 Y123.645 E972.04552
G1 X88.558 Y123.636 E972.0984
G1 X84.527 Y122.593 E972.23689
G1 X84.522 Y121.922 E972.25921
G1 X84.852 Y121.697 E972.27249
G1 X84.973 Y121.772 E972.27723
G1 X85.164 Y121.808 E972.28369
G1 X90.141 Y121.81 E972.44923
G1 X90.415 Y121.755 E972.45852
G1 X90.608 Y121.665 E972.4656
G1 X90.83 Y121.469 E972.47545
G1 X90.998 Y121.186 E972.4864
G1 X91.053 Y120.903 E972.49599
G1 X91.053 Y116.356 E972.64722
G1 X91.65 Y116.356 E972.66708
G1 X92.109 Y116.222 E972.68298
G1 X92.355 Y116.026 E972.69344
G1 X92.589 Y115.568 E972.71055
G1 X92.588 Y113.366 E972.78379
G1 X92.491 Y113.108 E972.79296
G1 X92.33 Y112.874 E972.8024
G1 X91.974 Y112.629 E972.81678
G1 X91.724 Y112.568 E972.82534
G1 X87.02 Y112.567 E972.98179
G1 F1538.5 X86.289 Y112.579 E973.0055
G1 F1570.7 X84.835 Y112.583 E973.05168
G1 F1360.5 X84.039 Y112.751 E973.08152
G1 F1204.8 X83.849 Y112.804 E973.08968
G1 X83.725 Y112.769 E973.09502
G1 F1282.1 X83.724 Y112.281 E973.11401
G1 F1463.4 X84.823 Y112.205 E973.15157
G1 F1558.4 X86.278 Y112.203 E973.19814
G1 F1519 X86.756 Y111.977 E973.21551
G1 F1500 X88.221 Y110.621 E973.28191
G1 X89.735 Y109.308 E973.34856
G1 X91.323 Y108.031 E973.41634
G1 X93.001 Y106.787 E973.48581
G1 X94.568 Y105.703 E973.54918
G1 X96.146 Y104.686 E973.61163
G1 X97.92 Y103.626 E973.68036
G1 X99.653 Y102.686 E973.74593
G1 X101.319 Y101.845 E973.808
G1 X103.2 Y100.984 E973.87681
G1 X105.001 Y100.239 E973.94163
G1 X106.789 Y99.58 E974.00501
G1 X108.66 Y98.951 E974.07066
G1 X110.605 Y98.39 E974.13799
G1 X112.462 Y97.923 E974.20168
G1 X114.501 Y97.486 E974.27104
G1 X116.191 Y97.19 E974.3281
G1 X118.136 Y96.927 E974.39338
G1 X120.065 Y96.731 E974.45787
G1 X122.064 Y96.606 E974.52449
G1 X123.929 Y96.561 E974.58654
G1 X125.918 Y96.58 E974.65269
G1 X127.822 Y96.672 E974.7161
G1 X129.887 Y96.843 E974.78501
G1 X131.705 Y97.071 E974.84595
G1 X133.628 Y97.381 E974.91074
G1 X135.505 Y97.752 E974.97438
G1 X137.418 Y98.198 E975.03971
G1 X139.327 Y98.724 E975.10557
G1 X142.603 Y99.755 E975.2198
G1 X143.045 Y99.763 E975.2345
G1 X143.462 Y99.556 E975.24998
G1 X143.668 Y99.307 E975.26073
G1 X143.777 Y99.055 E975.26986
G1 X143.908 Y97.831 E975.31081
G1 X144.176 Y97.205 E975.33346
G1 X144.522 Y96.583 E975.35713
G1 X144.951 Y95.967 E975.3821
G1 X145.414 Y95.431 E975.40565
G1 X145.983 Y94.888 E975.43181
G1 X146.547 Y94.449 E975.45559
G1 X147.177 Y94.056 E975.48028
G1 X147.839 Y93.733 E975.50478
G1 X148.528 Y93.479 E975.52921
G1 X149.273 Y93.285 E975.55481
G1 X149.989 Y93.174 E975.57891
G1 X150.273 Y93.16 E975.58837
G1 X145.568 Y138.533 E977.10557
G1 X145.475 Y138.728 E977.11276
G0 F9000 X145.266 Y138.885
G0 X144.841 Y137.837
G0 X145.241 Y137.602
G1 F1500 X145.489 Y137.354 E977.12442
G0 F9000 X144.994 Y137.283
G1 F1500 X145.554 Y136.723 E977.15076
G0 F9000 X145.619 Y136.092
G1 F1500 X144.747 Y136.964 E977.19178
G0 F9000 X144.432 Y136.713
G1 F1500 X145.685 Y135.46 E977.25072
G0 F9000 X145.75 Y134.83
G1 F1500 X144.111 Y136.469 E977.32781
G0 F9000 X143.724 Y136.291
G1 F1500 X145.816 Y134.198 E977.42623
G0 F9000 X145.881 Y133.568
G1 F1500 X143.326 Y136.123 E977.54641
G0 F9000 X142.833 Y136.049
G1 F1500 X145.947 Y132.936 E977.69286
G0 F9000 X146.013 Y132.305
G1 F1500 X142.296 Y136.021 E977.86768
G0 F9000 X141.648 Y136.104
G1 F1500 X146.078 Y131.674 E978.07605
G0 F9000 X146.143 Y131.042
G1 F1500 X140.453 Y136.733 E978.34371
G0 F9000 X140.225 Y136.395
G1 F1500 X146.208 Y130.412 E978.62513
G0 F9000 X146.274 Y129.78
G1 F1500 X140.27 Y135.784 E978.90754
G0 F9000 X140.316 Y135.173
G1 F1500 X146.339 Y129.15 E979.19085
G0 F9000 X146.405 Y128.518
G1 F1500 X140.362 Y134.561 E979.47509
G0 F9000 X140.407 Y133.95
G1 F1500 X146.471 Y127.887 E979.7603
G0 F9000 X146.536 Y127.256
G1 F1500 X140.453 Y133.338 E980.0464
G0 F9000 X140.51 Y132.716
G1 F1500 X146.602 Y126.624 E980.33295
G0 F9000 X146.667 Y125.994
G1 F1500 X140.575 Y132.085 E980.61948
G0 F9000 X140.64 Y131.455
G1 F1500 X146.732 Y125.362 E980.90605
G0 F9000 X146.798 Y124.731
G1 F1500 X140.705 Y130.824 E981.19265
G0 F9000 X140.77 Y130.193
G1 F1500 X146.863 Y124.1 E981.47924
G0 F9000 X146.929 Y123.469
G1 F1500 X140.835 Y129.562 E981.76586
G0 F9000 X140.9 Y128.932
G1 F1500 X146.994 Y122.838 E982.0525
G0 F9000 X147.06 Y122.206
G1 F1500 X140.965 Y128.301 E982.33919
G0 F9000 X141.03 Y127.67
G1 F1500 X147.125 Y121.576 E982.62586
G0 F9000 X147.191 Y120.944
G1 F1500 X141.095 Y127.04 E982.9126
G0 F9000 X141.16 Y126.409
G1 F1500 X147.256 Y120.313 E983.19934
G0 F9000 X147.321 Y119.682
G1 F1500 X141.225 Y125.778 E983.48607
G0 F9000 X141.291 Y125.147
G1 F1500 X147.387 Y119.051 E983.77281
G0 F9000 X147.452 Y118.42
G1 F1500 X141.356 Y124.517 E984.05957
G0 F9000 X141.421 Y123.886
G1 F1500 X147.518 Y117.788 E984.34638
G0 F9000 X147.584 Y117.157
G1 F1500 X141.486 Y123.255 E984.63321
G0 F9000 X141.551 Y122.624
G1 F1500 X147.649 Y116.526 E984.92004
G0 F9000 X147.715 Y115.895
G1 F1500 X141.616 Y121.994 E985.20692
G0 F9000 X141.681 Y121.363
G1 F1500 X147.78 Y115.264 E985.4938
G0 F9000 X147.845 Y114.633
G1 F1500 X141.746 Y120.732 E985.78068
G0 F9000 X141.811 Y120.101
G1 F1500 X147.91 Y114.002 E986.06755
G0 F9000 X147.976 Y113.37
G1 F1500 X141.876 Y119.471 E986.3545
G0 F9000 X141.941 Y118.84
G1 F1500 X148.042 Y112.739 E986.64147
G0 F9000 X148.107 Y112.108
G1 F1500 X142.006 Y118.209 E986.92845
G0 F9000 X142.071 Y117.578
G1 F1500 X148.173 Y111.477 E987.21544
G0 F9000 X148.238 Y110.846
G1 F1500 X142.136 Y116.948 E987.50246
G0 F9000 X142.201 Y116.317
G1 F1500 X148.304 Y110.215 E987.78951
G0 F9000 X148.369 Y109.583
G1 F1500 X142.266 Y115.686 E988.07657
G0 F9000 X142.331 Y115.055
G1 F1500 X148.434 Y108.952 E988.36364
G0 F9000 X148.5 Y108.321
G1 F1500 X142.396 Y114.425 E988.65075
G0 F9000 X142.462 Y113.794
G1 F1500 X148.565 Y107.69 E988.93784
G0 F9000 X148.631 Y107.059
G1 F1500 X142.527 Y113.163 E989.22495
G0 F9000 X142.592 Y112.533
G1 F1500 X148.696 Y106.428 E989.51209
G0 F9000 X148.762 Y105.797
G1 F1500 X142.657 Y111.902 E989.79925
G0 F9000 X142.722 Y111.271
G1 F1500 X148.828 Y105.165 E990.08646
G0 F9000 X148.893 Y104.534
G1 F1500 X142.787 Y110.64 E990.37367
G0 F9000 X142.852 Y110.01
G1 F1500 X148.958 Y103.903 E990.6609
G0 F9000 X149.023 Y103.272
G1 F1500 X142.917 Y109.379 E990.94813
G0 F9000 X142.982 Y108.748
G1 F1500 X149.089 Y102.641 E991.23538
G0 F9000 X149.155 Y102.009
G1 F1500 X143.047 Y108.117 E991.52269
G0 F9000 X143.112 Y107.487
G1 F1500 X149.22 Y101.379 E991.80999
G0 F9000 X149.286 Y100.747
G1 F1500 X143.177 Y106.856 E992.09734
G0 F9000 X143.242 Y106.225
G1 F1500 X149.351 Y100.116 E992.38468
G0 F9000 X149.417 Y99.485
G1 F1500 X143.307 Y105.594 E992.67206
G0 F9000 X143.372 Y104.964
G1 F1500 X149.482 Y98.854 E992.95945
G0 F9000 X149.547 Y98.223
G1 F1500 X143.301 Y104.469 E993.25324
G0 F9000 X143.092 Y104.113
G1 F1500 X149.613 Y97.591 E993.56
G0 F9000 X149.678 Y96.961
G1 F1500 X142.787 Y103.851 E993.8841
G0 F9000 X142.396 Y103.677
G1 F1500 X149.744 Y96.329 E994.22973
G0 F9000 X149.809 Y95.698
G1 F1500 X142.004 Y103.503 E994.59685
G0 F9000 X141.612 Y103.33
G1 F1500 X149.875 Y95.067 E994.98552
G0 F9000 X149.94 Y94.436
G1 F1500 X141.22 Y103.156 E995.39568
G0 F9000 X140.828 Y102.982
G1 F1500 X150.006 Y93.805 E995.82736
G0 F9000 X149.843 Y93.402
G1 F1500 X143.833 Y99.412 E996.11006
G0 F9000 X143.47 Y99.775
G1 F1500 X140.436 Y102.808 E996.25274
G0 F9000 X140.044 Y102.635
G1 F1500 X142.717 Y99.962 E996.37847
G0 F9000 X142.258 Y99.855
G1 F1500 X139.652 Y102.461 E996.50105
G0 F9000 X139.236 Y102.312
G1 F1500 X141.828 Y99.72 E996.62297
G0 F9000 X141.397 Y99.585
G1 F1500 X138.819 Y102.163 E996.74423
G0 F9000 X138.403 Y102.014
G1 F1500 X140.967 Y99.449 E996.86486
G0 F9000 X140.537 Y99.314
G1 F1500 X137.986 Y101.864 E996.98483
G0 F9000 X137.57 Y101.715
G1 F1500 X140.107 Y99.178 E997.10416
G0 F9000 X139.676 Y99.043
G1 F1500 X137.145 Y101.574 E997.22321
G0 F9000 X136.704 Y101.449
G1 F1500 X139.245 Y98.909 E997.34271
G0 F9000 X138.802 Y98.786
G1 F1500 X136.263 Y101.325 E997.46213
G0 F9000 X135.822 Y101.2
G1 F1500 X138.358 Y98.664 E997.58142
G0 F9000 X137.915 Y98.542
G1 F1500 X135.381 Y101.076 E997.70061
G0 F9000 X134.939 Y100.952
G1 F1500 X137.471 Y98.419 E997.81973
G0 F9000 X137.016 Y98.309
G1 F1500 X134.467 Y100.858 E997.93963
G0 F9000 X133.996 Y100.763
G1 F1500 X136.557 Y98.202 E998.06009
G0 F9000 X136.098 Y98.096
G1 F1500 X133.525 Y100.669 E998.18112
G0 F9000 X133.053 Y100.575
G1 F1500 X135.639 Y97.989 E998.30275
G0 F9000 X135.173 Y97.89
G1 F1500 X132.583 Y100.48 E998.42458
G0 F9000 X132.083 Y100.414
G1 F1500 X134.7 Y97.796 E998.5477
G0 F9000 X134.228 Y97.703
G1 F1500 X131.58 Y100.351 E998.67225
G0 F9000 X131.076 Y100.289
G1 F1500 X133.755 Y97.61 E998.79826
G0 F9000 X133.274 Y97.526
G1 F1500 X130.574 Y100.226 E998.92526
G0 F9000 X130.071 Y100.163
G1 F1500 X132.787 Y97.447 E999.05302
G0 F9000 X132.3 Y97.369
G1 F1500 X129.533 Y100.136 E999.18317
G0 F9000 X128.993 Y100.109
G1 F1500 X131.812 Y97.29 E999.31576
G0 F9000 X131.314 Y97.223
G1 F1500 X128.454 Y100.083 E999.45029
G0 F9000 X127.915 Y100.056
G1 F1500 X130.811 Y97.16 E999.58651
G0 F9000 X130.308 Y97.097
G1 F1500 X127.353 Y100.052 E999.7255
G0 F9000 X126.774 Y100.066
G1 F1500 X129.804 Y97.036 E999.86803
G0 F9000 X129.281 Y96.993
G1 F1500 X126.195 Y100.08 E1000.0132
G0 F9000 X125.615 Y100.093
G1 F1500 X128.758 Y96.95 E1000.16104
G0 F9000 X128.236 Y96.907
G1 F1500 X125.031 Y100.112 E1000.3118
G0 F9000 X124.401 Y100.177
G1 F1500 X127.711 Y96.867 E1000.46749
G0 F9000 X127.171 Y96.84
G1 F1500 X123.771 Y100.24 E1000.62741
G0 F9000 X123.142 Y100.304
G1 F1500 X126.632 Y96.814 E1000.79157
G0 F9000 X126.091 Y96.789
G1 F1500 X122.494 Y100.386 E1000.96076
G0 F9000 X121.808 Y100.506
G1 F1500 X125.538 Y96.777 E1001.13619
G0 F9000 X124.978 Y96.771
G1 F1500 X121.123 Y100.626 E1001.31752
G0 F9000 X120.437 Y100.746
G1 F1500 X124.418 Y96.765 E1001.50477
G0 F9000 X123.854 Y96.763
G1 F1500 X119.698 Y100.92 E1001.70028
G0 F9000 X118.945 Y101.107
G1 F1500 X123.274 Y96.777 E1001.90393
G0 F9000 X122.695 Y96.791
G1 F1500 X118.191 Y101.295 E1002.11578
G0 F9000 X117.393 Y101.527
G1 F1500 X122.115 Y96.805 E1002.33789
G0 F9000 X121.514 Y96.84
G1 F1500 X116.545 Y101.81 E1002.57164
G0 F9000 X115.696 Y102.093
G1 F1500 X120.911 Y96.878 E1002.81694
G0 F9000 X120.307 Y96.916
G1 F1500 X114.768 Y102.456 E1003.0775
G0 F9000 X114.941 Y102.883
G0 X113.988 Y103.273
G0 X113.814 Y102.844
G1 F1500 X119.687 Y96.971 E1003.35374
G0 F9000 X119.057 Y97.035
G1 F1500 X112.819 Y103.273 E1003.64716
G0 F9000 X113.023 Y103.689
G0 X111.905 Y104.24
G0 X111.701 Y103.825
G1 F1500 X118.427 Y97.099 E1003.96353
G0 F9000 X117.784 Y97.176
G1 F1500 X110.542 Y104.418 E1004.30417
G0 F9000 X110.773 Y104.818
G0 X109.431 Y105.595
G0 X109.2 Y105.195
G1 F1500 X117.13 Y97.265 E1004.67718
G0 F9000 X116.476 Y97.353
G1 F1500 X107.665 Y106.164 E1005.09162
G0 F9000 X107.921 Y106.548
G0 X106.08 Y107.829
G0 X105.801 Y107.463
G1 F1500 X115.803 Y97.461 E1005.56208
G0 F9000 X115.118 Y97.579
G1 F1500 X102.779 Y109.918 E1006.14247
G0 F9000 X103.081 Y110.267
G0 X99.257 Y114.093
G0 X98.916 Y113.781
G1 F1500 X89.257 Y123.441 E1006.59682
G0 F9000 X89.818 Y123.445
G1 F1500 X96.253 Y117.011 E1006.89948
G0 F9000 X96.628 Y117.284
G0 X95.183 Y119.283
G0 X94.798 Y119.032
G1 F1500 X90.35 Y123.479 E1007.10868
G0 F9000 X90.764 Y123.631
G1 F1500 X93.75 Y120.644 E1007.24916
G0 F9000 X94.135 Y120.895
G0 X93.243 Y122.346
G0 X92.845 Y122.115
G1 F1500 X91.054 Y123.906 E1007.3334
G0 F9000 X91.344 Y124.182
G1 F1500 X91.214 Y124.312 E1007.33951
G1 X91.345 Y124.181
G1 X92.067 Y123.459 E1007.37347
G0 F9000 X92.466 Y123.691
G0 X91.822 Y124.889
G0 X91.413 Y124.679
G1 F1500 X91.283 Y124.809 E1007.37959
G0 F9000 X90.822 Y124.804
G0 X90.57 Y124.167
G0 X88.693 Y123.896
G0 X88.695 Y123.438
G1 F1500 X90.124 Y122.008 E1007.44683
G0 F9000 X89.559 Y122.008
G1 F1500 X88.223 Y123.343 E1007.50965
G0 F9000 X87.774 Y123.227
G1 F1500 X88.993 Y122.008 E1007.56698
G0 F9000 X88.427 Y122.008
G1 F1500 X87.324 Y123.111 E1007.61887
G0 F9000 X86.875 Y122.994
G1 F1500 X87.862 Y122.007 E1007.66529
G0 F9000 X87.297 Y122.007
G1 F1500 X86.425 Y122.878 E1007.70628
G0 F9000 X85.976 Y122.762
G1 F1500 X86.731 Y122.007 E1007.7418
G0 F9000 X86.165 Y122.007
G1 F1500 X85.527 Y122.646 E1007.77183
G0 F9000 X85.077 Y122.53
G1 F1500 X85.6 Y122.007 E1007.79643
G0 F9000 X85.057 Y121.984
G1 F1500 X84.725 Y122.316 E1007.81205
G0 F9000 X84.266 Y122.318
G0 X84.329 Y121.82
G0 X84.857 Y121.463
G0 X90.535 Y121.292
G0 X90.797 Y120.86
G0 X91.251 Y120.881
G1 F1500 X114.425 Y97.707 E1008.90208
G0 F9000 X113.706 Y97.861
G1 F1500 X91.251 Y120.316 E1009.95829
G0 F9000 X91.251 Y119.749
G1 F1500 X112.986 Y98.015 E1010.98062
G0 F9000 X112.254 Y98.181
G1 F1500 X91.251 Y119.184 E1011.96854
G0 F9000 X91.252 Y118.617
G1 F1500 X111.498 Y98.371 E1012.92085
G0 F9000 X110.741 Y98.562
G1 F1500 X91.252 Y118.051 E1013.83755
G0 F9000 X91.253 Y117.485
G1 F1500 X109.952 Y98.786 E1014.71709
G0 F9000 X109.157 Y99.015
G1 F1500 X92.789 Y115.384 E1015.48702
G0 F9000 X92.789 Y114.818
G1 F1500 X108.335 Y99.271 E1016.21828
G0 F9000 X107.483 Y99.558
G1 F1500 X92.789 Y114.252 E1016.90944
G0 F9000 X92.789 Y113.687
G1 F1500 X106.619 Y99.856 E1017.55998
G0 F9000 X105.724 Y100.186
G1 F1500 X92.731 Y113.178 E1018.17111
G0 F9000 X92.532 Y112.812
G1 F1500 X104.809 Y100.535 E1018.74858
G0 F9000 X104.634 Y100.111
G0 X103.67 Y100.511
G0 X103.844 Y100.934
G1 F1500 X92.224 Y112.554 E1019.29515
G0 F9000 X91.83 Y112.383
G1 F1500 X102.847 Y101.365 E1019.81338
G0 F9000 X102.658 Y100.949
G0 X101.615 Y101.425
G0 X101.805 Y101.842
G1 F1500 X91.278 Y112.368 E1020.30851
G0 F9000 X90.713 Y112.368
G1 F1500 X100.7 Y102.381 E1020.77827
G0 F9000 X100.493 Y101.97
G0 X99.324 Y102.57
G0 X99.542 Y102.973
G1 F1500 X90.147 Y112.368 E1021.22018
G0 F9000 X89.581 Y112.368
G1 F1500 X98.304 Y103.646 E1021.63046
G0 F9000 X98.086 Y103.243
G0 X96.705 Y104.051
G0 X96.939 Y104.445
G1 F1500 X89.016 Y112.368 E1022.00314
G0 F9000 X88.45 Y112.368
G1 F1500 X95.44 Y105.378 E1022.33192
G0 F9000 X95.192 Y104.992
G0 X93.459 Y106.155
G0 X93.719 Y106.533
G1 F1500 X87.884 Y112.368 E1022.60638
G0 F9000 X87.318 Y112.368
G1 F1500 X91.647 Y108.04 E1022.80998
G0 F9000 X91.374 Y107.672
G0 X87.999 Y110.474
G0 X88.31 Y110.811
G1 F1500 X86.748 Y112.373 E1022.88346
G0 F9000 X86.748 Y112.828
G0 X92.067 Y113.092
G0 X92.069 Y115.835
G0 X90.824 Y115.836
G0 X90.793 Y116.919
G0 X91.253 Y116.919
G1 F1500 X91.616 Y116.556 E1022.90053
G1 F2700 E1017.90053
G0 F9000 X91.616 Y116.096
G0 X90.865 Y116.168
G0 X90.505 Y121.495
G0 X84.857 Y121.463
G0 X84.329 Y121.82
G0 X84.338 Y122.743
G0 X88.531 Y123.835
G0 X90.763 Y124.181
G0 X90.895 Y126.499
G0 X96.866 Y116.854
G0 X100.711 Y112.874
G0 X102.647 Y110.979
G0 X104.664 Y109.23
G0 X106.752 Y107.632
G0 X108.907 Y106.191
G0 X111.119 Y104.909
G0 X113.383 Y103.794
G0 X115.692 Y102.847
G0 X118.035 Y102.074
G0 X120.406 Y101.476
G0 X122.799 Y101.057
G0 X125.203 Y100.816
G0 X127.61 Y100.755
G0 X130.014 Y100.873
G0 X135.205 Y101.426
G0 X142.826 Y104.408
G0 X140.099 Y132.837
G0 X139.667 Y138.466
G0 X139.644 Y139.13
G0 X141.048 Y136.783
G0 X143.183 Y136.498
G0 X144.893 Y137.807
G0 X145.433 Y139.314
G0 X145.43 Y139.973
G0 X145.763 Y138.59
G0 X150.481 Y92.965
G0 X149.965 Y92.977
G0 X149.226 Y93.09
G0 X147.764 Y93.549
G0 X147.082 Y93.883
G0 X146.437 Y94.286
G0 X145.273 Y95.289
G0 X144.352 Y96.483
G0 X143.778 Y97.649
G0 X143.567 Y98.612
G0 X144.02 Y98.659
G1 F2700 E1022.90053
G1 F1500 X149.158 Y93.521 E1023.14221
G0 F9000 X148.359 Y93.754
G1 F1500 X144.089 Y98.024 E1023.34305
G0 F9000 X143.633 Y97.976
G0 X144.085 Y96.843
G0 X144.484 Y97.064
G1 F1500 X147.358 Y94.19 E1023.47824
G1 F2700 E1018.47824
;MESH:NONMESH
G0 F300 X147.358 Y94.19 Z3.8
G0 F9000 X147.158 Y93.779
G0 X148.477 Y93.286
G0 X149.226 Y93.09
G0 X149.965 Y92.977
G0 X150.481 Y92.965
G0 X145.763 Y138.59
G0 X145.43 Y139.973
G0 X143.372 Y141.962
G0 X142.481 Y141.847
;TIME_ELAPSED:1593.313039
;LAYER:18
;TYPE:WALL-INNER
;MESH:FT03-Upright.stl
G1 F2700 E1023.47824
G1 F1578.9 X141.773 Y141.756 E1023.50079
G1 F1595.7 X141.14 Y141.495 E1023.5222
G1 X140.595 Y141.076 E1023.54369
G1 F1591.5 X140.174 Y140.528 E1023.56536
G1 X139.914 Y139.902 E1023.5866
G1 F1587.3 X139.823 Y139.196 E1023.60898
G1 F1570.7 X139.897 Y138.531 E1023.63023
G1 F1530.6 X140.163 Y137.889 E1023.65288
G1 F1503.8 X140.582 Y137.341 E1023.67577
G1 F1500 X141.127 Y136.925 E1023.69857
G1 X141.775 Y136.654 E1023.72193
G1 X142.46 Y136.567 E1023.7449
G1 X143.142 Y136.654 E1023.76777
G1 X143.784 Y136.924 E1023.79093
G1 X144.33 Y137.34 E1023.81376
G1 X144.752 Y137.888 E1023.83677
G1 X144.987 Y138.459 E1023.8573
G1 F1293.1 X145.169 Y139.174 E1023.88577
G1 F1138.5 X145.067 Y139.971 E1023.92098
G1 F1229.5 X144.777 Y140.541 E1023.94693
G1 F1351.4 X144.33 Y141.108 E1023.97359
G1 F1287.6 X143.75 Y141.605 E1024.00318
G1 F1224.5 X143.158 Y141.785 E1024.02839
G1 F1382.5 X142.481 Y141.847 E1024.05293
G0 F9000 X142.515 Y142.229
G1 F1492.5 X143.126 Y142.209 E1024.07336
G1 F1339.3 X143.937 Y142.135 E1024.1037
G1 F1234.6 X144.213 Y141.859 E1024.11947
G1 F1282.1 X144.608 Y141.436 E1024.14199
G1 F1373 X145.059 Y140.89 E1024.16772
G1 F1293.1 X145.561 Y140.209 E1024.20037
G1 F1195.2 X145.665 Y139.335 E1024.2371
G1 F1153.8 X145.681 Y139.125 E1024.24621
G1 F1293.1 X145.799 Y138.602 E1024.2669
G1 F1500 X150.549 Y92.787 E1025.79888
G1 X149.949 Y92.818 E1025.81886
G1 X149.194 Y92.933 E1025.84426
G1 X148.428 Y93.133 E1025.87059
G1 X147.7 Y93.401 E1025.89639
G1 X147.004 Y93.742 E1025.92217
G1 X146.344 Y94.153 E1025.94803
G1 X145.744 Y94.62 E1025.97332
G1 X145.156 Y95.178 E1026.00028
G1 X144.668 Y95.748 E1026.02524
G1 X144.214 Y96.398 E1026.05161
G1 X143.848 Y97.061 E1026.0768
G1 X143.556 Y97.738 E1026.10132
G1 X143.43 Y98.964 E1026.14231
G1 X143.369 Y99.11 E1026.14758
G1 X143.232 Y99.279 E1026.15481
G1 X142.966 Y99.411 E1026.16469
G1 X142.695 Y99.407 E1026.1737
G1 X139.426 Y98.38 E1026.28767
G1 X137.539 Y97.858 E1026.35279
G1 X135.621 Y97.407 E1026.41832
G1 X133.701 Y97.027 E1026.48342
G1 X131.783 Y96.719 E1026.54803
G1 X129.881 Y96.485 E1026.61177
G1 X127.895 Y96.315 E1026.67806
G1 X125.938 Y96.22 E1026.74323
G1 X123.955 Y96.201 E1026.80919
G1 X122.003 Y96.25 E1026.87413
G1 X120.131 Y96.367 E1026.93652
G1 X118.143 Y96.564 E1027.00296
G1 X116.177 Y96.833 E1027.06896
G1 X114.382 Y97.146 E1027.12956
G1 X112.377 Y97.573 E1027.19775
G1 X110.52 Y98.041 E1027.26144
G1 X108.571 Y98.606 E1027.32893
G1 X106.661 Y99.242 E1027.39589
G1 X104.876 Y99.903 E1027.4592
G1 X103.052 Y100.659 E1027.52487
G1 X101.096 Y101.553 E1027.5964
G1 X99.483 Y102.368 E1027.65651
G1 X97.737 Y103.318 E1027.72262
G1 X96.028 Y104.335 E1027.78876
G1 X94.362 Y105.408 E1027.85467
G1 X92.711 Y106.552 E1027.92148
G1 X91.103 Y107.747 E1027.98811
G1 X89.537 Y109.005 E1028.05492
G1 X87.995 Y110.34 E1028.12276
G1 X86.528 Y111.697 E1028.18923
G1 X86.208 Y111.856 E1028.20111
G1 X83.316 Y111.856 E1028.2973
G1 X83.316 Y112.995 E1028.33518
G1 X83.851 Y113.148 E1028.35369
G1 X84.908 Y112.848 E1028.39024
G1 X91.705 Y112.848 E1028.61631
G1 X91.846 Y112.888 E1028.62118
G1 X92.067 Y113.038 E1028.63006
G1 X92.228 Y113.354 E1028.64186
G1 X92.228 Y115.496 E1028.7131
G1 X92.163 Y115.671 E1028.71931
G1 X91.928 Y115.916 E1028.7306
G1 X91.628 Y115.996 E1028.74093
G1 X90.693 Y115.996 E1028.77203
G1 X90.696 Y120.864 E1028.93394
G1 X90.661 Y121.058 E1028.9405
G1 X90.557 Y121.238 E1028.94741
G1 X90.296 Y121.418 E1028.95795
G1 X90.107 Y121.452 E1028.96434
G1 X85.103 Y121.451 E1029.13078
G1 X84.851 Y121.264 E1029.14121
G1 X84.166 Y121.729 E1029.16875
G1 X84.171 Y122.766 E1029.20324
G1 X88.513 Y123.888 E1029.3524
G1 X90.128 Y123.888 E1029.40612
G1 X90.46 Y123.987 E1029.41764
G1 X90.659 Y124.2 E1029.42733
G1 X90.728 Y124.496 E1029.43744
G1 X90.701 Y126.643 E1029.50886
G1 X91.033 Y126.643 E1029.5199
G1 X92.282 Y124.213 E1029.61077
G1 X93.744 Y121.681 E1029.70802
G1 X95.322 Y119.255 E1029.80427
G1 X96.99 Y116.957 E1029.89872
G1 X98.73 Y114.821 E1029.99035
G1 X100.587 Y112.779 E1030.08215
G1 X102.562 Y110.85 E1030.17397
G1 X104.546 Y109.13 E1030.26131
G1 X106.682 Y107.497 E1030.35074
G1 X108.843 Y106.052 E1030.4372
G1 X111.047 Y104.775 E1030.52192
G1 X113.344 Y103.644 E1030.60708
G1 X115.623 Y102.711 E1030.68898
G1 X118.006 Y101.921 E1030.77248
G1 X120.395 Y101.325 E1030.85438
G1 X122.8 Y100.903 E1030.93559
G1 X125.164 Y100.666 E1031.01461
G1 X127.647 Y100.604 E1031.09722
G1 X130.059 Y100.724 E1031.17754
G1 X132.416 Y101.019 E1031.25655
G1 X134.81 Y101.499 E1031.33776
G1 X137.18 Y102.167 E1031.41966
G1 X139.5 Y103.003 E1031.50168
G1 X142.517 Y104.34 E1031.61144
G1 X142.693 Y104.499 E1031.61932
G1 X142.792 Y104.692 E1031.62654
G1 X142.814 Y104.926 E1031.63436
G1 X139.938 Y132.822 E1032.5671
G1 F1507.5 X139.518 Y138.358 E1032.75083
G1 F1550.4 X139.445 Y139.195 E1032.77787
G1 F1587.3 X139.549 Y140.002 E1032.80344
G1 F1591.5 X139.846 Y140.715 E1032.82766
G1 X140.328 Y141.344 E1032.8525
G1 F1595.7 X140.953 Y141.822 E1032.8771
G1 X141.675 Y142.122 E1032.90154
G1 F1578.9 X142.515 Y142.229 E1032.9283
G0 F9000 X142.478 Y142.62
;TYPE:WALL-OUTER
G1 F1500 X144.166 Y142.62 E1032.98444
G1 X145.732 Y140.737 E1033.0659
G1 X146.011 Y140.429 E1033.07972
G1 X150.995 Y92.363 E1034.68697
G1 X149.909 Y92.42 E1034.72314
G1 X149.113 Y92.541 E1034.74992
G1 X148.308 Y92.751 E1034.77759
G1 X147.543 Y93.033 E1034.80471
G1 X146.81 Y93.392 E1034.83186
G1 X146.115 Y93.825 E1034.85909
G1 X145.483 Y94.316 E1034.88571
G1 X144.866 Y94.902 E1034.91401
G1 X144.351 Y95.503 E1034.94034
G1 X143.874 Y96.186 E1034.96805
G1 X143.488 Y96.885 E1034.9946
G1 X143.164 Y97.636 E1035.02181
G1 X143.032 Y98.884 E1035.06355
G1 X142.956 Y98.988 E1035.06783
G1 X142.791 Y99.019 E1035.07342
G1 X139.539 Y97.996 E1035.1868
G1 X137.638 Y97.47 E1035.25241
G1 X135.705 Y97.016 E1035.31845
G1 X133.772 Y96.633 E1035.38399
G1 X131.839 Y96.323 E1035.4491
G1 X129.923 Y96.087 E1035.51331
G1 X127.922 Y95.916 E1035.58011
G1 X125.95 Y95.82 E1035.64577
G1 X123.945 Y95.801 E1035.71246
G1 X122.029 Y95.848 E1035.77621
G1 X120.053 Y95.972 E1035.84206
G1 X118.096 Y96.167 E1035.90747
G1 X116.115 Y96.438 E1035.97397
G1 X114.306 Y96.753 E1036.03505
G1 X112.286 Y97.183 E1036.10374
G1 X110.422 Y97.653 E1036.16768
G1 X108.385 Y98.245 E1036.23823
G1 X106.583 Y98.845 E1036.3014
G1 X104.73 Y99.531 E1036.36712
G1 X102.892 Y100.292 E1036.43328
G1 X100.995 Y101.157 E1036.50263
G1 X99.297 Y102.014 E1036.56589
G1 X97.539 Y102.97 E1036.63245
G1 X95.896 Y103.947 E1036.69602
G1 X94.14 Y105.075 E1036.76544
G1 X92.477 Y106.227 E1036.83273
G1 X90.859 Y107.431 E1036.89981
G1 X89.281 Y108.698 E1036.96712
G1 X87.724 Y110.046 E1037.03561
G1 X86.256 Y111.403 E1037.1021
G1 X86.155 Y111.454 E1037.10587
G1 X82.916 Y111.456 E1037.2136
G1 X82.916 Y113.297 E1037.27483
G1 X83.851 Y113.564 E1037.30717
G1 X84.949 Y113.25 E1037.34515
G1 X91.667 Y113.251 E1037.5686
G1 X91.744 Y113.284 E1037.57138
G1 X91.828 Y113.407 E1037.57634
G1 X91.823 Y115.444 E1037.64409
G1 X91.708 Y115.596 E1037.65043
G1 X90.293 Y115.596 E1037.69749
G1 X90.296 Y120.902 E1037.87397
G1 X90.147 Y121.052 E1037.881
G1 X85.197 Y121.052 E1038.04564
G1 X85.077 Y120.964 E1038.05059
G1 X84.922 Y120.731 E1038.05989
G1 X83.765 Y121.518 E1038.10643
G1 X83.772 Y123.076 E1038.15825
G1 X88.462 Y124.288 E1038.31937
G1 X90.128 Y124.288 E1038.37478
G1 X90.239 Y124.321 E1038.37863
G1 X90.328 Y124.491 E1038.38501
G1 X90.295 Y127.043 E1038.4699
G1 X91.278 Y127.044 E1038.5026
G1 X92.642 Y124.388 E1038.6019
G1 X94.08 Y121.899 E1038.69751
G1 X95.646 Y119.49 E1038.79308
G1 X97.3 Y117.209 E1038.88679
G1 X99.04 Y115.073 E1038.97842
G1 X100.884 Y113.048 E1039.06951
G1 X102.824 Y111.152 E1039.15974
G1 X104.808 Y109.432 E1039.24707
G1 X106.904 Y107.829 E1039.33483
G1 X109.032 Y106.405 E1039.42
G1 X111.243 Y105.124 E1039.50499
G1 X113.496 Y104.014 E1039.58852
G1 X115.785 Y103.078 E1039.67077
G1 X118.103 Y102.309 E1039.752
G1 X120.465 Y101.719 E1039.83298
G1 X122.84 Y101.301 E1039.91318
G1 X125.204 Y101.064 E1039.9922
G1 X127.627 Y101.004 E1040.07282
G1 X130.009 Y101.121 E1040.15214
G1 X132.36 Y101.415 E1040.23094
G1 X134.727 Y101.891 E1040.31125
G1 X137.044 Y102.543 E1040.3913
G1 X139.338 Y103.369 E1040.4724
G1 X142.325 Y104.695 E1040.58109
G1 X142.416 Y104.844 E1040.5869
G1 X139.54 Y132.786 E1041.52117
G1 X139.054 Y139.206 E1041.73531
G1 X139.171 Y140.103 E1041.76539
G1 X139.507 Y140.911 E1041.7945
G1 X140.051 Y141.621 E1041.82425
G1 X140.757 Y142.161 E1041.85381
G1 X141.573 Y142.5 E1041.8832
G1 X142.478 Y142.62 E1041.91356
G0 F9000 X143.048 Y142.006
G0 X142.465 Y141.456
G1 F1500 X141.875 Y141.382 E1041.93334
G1 X141.332 Y141.158 E1041.95288
G1 X140.87 Y140.802 E1041.97228
G1 X140.529 Y140.363 E1041.99077
G1 X140.287 Y139.795 E1042.0113
G1 X140.212 Y139.201 E1042.03121
G1 X140.284 Y138.635 E1042.05019
G1 X140.503 Y138.114 E1042.06899
G1 X140.868 Y137.626 E1042.08926
G1 X141.31 Y137.288 E1042.10776
G1 X141.88 Y137.044 E1042.12839
G1 X142.456 Y136.97 E1042.1477
G1 X143.038 Y137.045 E1042.16722
G1 X143.602 Y137.288 E1042.18764
G1 X144.042 Y137.624 E1042.20606
G1 X144.387 Y138.069 E1042.22479
G1 X144.628 Y138.637 E1042.24531
G1 X144.7 Y139.237 E1042.26541
G1 X144.626 Y139.799 E1042.28426
G1 X144.387 Y140.359 E1042.30451
G1 X144.03 Y140.813 E1042.32372
G1 X143.576 Y141.159 E1042.34271
G1 X143.019 Y141.386 E1042.36271
G1 X142.465 Y141.456 E1042.38128
G1 F2700 E1037.38128
G0 F9000 X143.048 Y142.006
G0 X141.812 Y141.627
G0 X141.21 Y141.378
G0 X139.412 Y140.031
G0 X142.692 Y104.591
G0 X139.424 Y103.134
G0 X137.118 Y102.304
G0 X134.776 Y101.65
G0 X132.405 Y101.172
G0 X130.014 Y100.873
G0 X127.61 Y100.755
G0 X125.203 Y100.816
G0 X122.799 Y101.057
G0 X120.406 Y101.476
G0 X118.035 Y102.074
G0 X115.692 Y102.847
G0 X113.383 Y103.794
G0 X111.119 Y104.909
G0 X108.907 Y106.191
G0 X106.752 Y107.632
G0 X104.664 Y109.23
G0 X102.647 Y110.979
G0 X100.711 Y112.874
G0 X95.531 Y118.693
G0 X90.894 Y126.497
G0 X90.547 Y123.853
G0 X88.533 Y123.727
G0 X84.339 Y122.635
G0 X84.331 Y121.817
G0 X84.856 Y121.463
G0 X90.679 Y121.341
G0 X90.532 Y115.836
G0 X92.069 Y115.835
G0 X92.067 Y113.01
G0 X83.956 Y113.014
G0 X83.881 Y112.748
;TYPE:SKIN
G1 F2700 E1042.38128
G1 F1165 X83.706 Y112.698 E1042.38908
G1 F1301.5 X83.706 Y112.246 E1042.4064
G1 X83.937 Y112.246 E1042.41526
G1 F1052.6 X84.83 Y112.354 E1042.45789
G1 F961.5 X83.881 Y112.748 E1042.51121
G0 F9000 X83.956 Y113.014
G0 X83.485 Y112.868
G0 X83.488 Y112.028
G0 X84.83 Y111.956
G0 X84.83 Y112.354
G1 F885 X86.282 Y112.35 E1042.59306
G1 F2700 E1037.59306
G0 F9000 X86.214 Y111.959
G0 X83.488 Y112.028
G0 X83.485 Y112.868
G0 X83.851 Y112.98
G0 X92.067 Y113.01
G0 X92.203 Y115.897
G0 X90.865 Y116.168
G0 X90.528 Y121.479
G0 X84.856 Y121.463
G0 X84.331 Y121.817
G0 X84.339 Y122.635
G0 X88.533 Y123.727
G0 X90.801 Y124.122
G0 X90.894 Y126.497
G0 X96.869 Y116.849
G0 X100.711 Y112.874
G0 X102.647 Y110.979
G0 X104.664 Y109.23
G0 X106.752 Y107.632
G0 X108.907 Y106.191
G0 X111.119 Y104.909
G0 X113.383 Y103.794
G0 X115.692 Y102.847
G0 X118.035 Y102.074
G0 X120.406 Y101.476
G0 X122.799 Y101.057
G0 X125.203 Y100.816
G0 X127.61 Y100.755
G0 X130.014 Y100.873
G0 X132.405 Y101.172
G0 X134.776 Y101.65
G0 X137.118 Y102.304
G0 X139.424 Y103.134
G0 X142.692 Y104.591
G0 X139.514 Y136.42
G0 X139.667 Y138.466
G0 X139.646 Y139.138
G0 X140.765 Y136.994
G0 X142.458 Y136.72
G0 X143.104 Y136.804
G0 X143.707 Y137.055
G0 X144.223 Y137.45
G0 X145.305 Y139.078
G0 X145.411 Y138.624
G1 F2700 E1042.59306
G1 F1500 X145.327 Y138.34 E1042.60291
G1 X145.063 Y137.703 E1042.62585
G1 X144.589 Y137.082 E1042.65183
G1 X143.985 Y136.624 E1042.67704
G1 X143.234 Y136.3 E1042.70425
G1 X142.452 Y136.202 E1042.73046
G1 X141.68 Y136.3 E1042.75634
G1 X140.926 Y136.62 E1042.78359
G1 X140.32 Y137.081 E1042.80891
G1 X139.935 Y137.593 E1042.83022
G1 X140.276 Y133.03 E1042.98241
G1 X143.172 Y104.965 E1043.92081
G1 X143.136 Y104.59 E1043.93334
G1 X142.967 Y104.263 E1043.94558
G1 X142.629 Y103.997 E1043.95989
G1 X139.58 Y102.647 E1044.07079
G1 X137.248 Y101.811 E1044.15319
G1 X134.895 Y101.147 E1044.23451
G1 X132.5 Y100.667 E1044.31575
G1 X130.053 Y100.361 E1044.39777
G1 X127.662 Y100.244 E1044.47739
G1 X125.12 Y100.304 E1044.56196
G1 X122.768 Y100.541 E1044.64059
G1 X120.343 Y100.965 E1044.72247
G1 X117.867 Y101.581 E1044.80733
G1 X115.556 Y102.35 E1044.88834
G1 X113.176 Y103.318 E1044.97379
G1 X110.883 Y104.452 E1045.05887
G1 X108.648 Y105.745 E1045.14475
G1 X106.444 Y107.221 E1045.23298
G1 X104.31 Y108.857 E1045.32241
G1 X102.325 Y110.576 E1045.40975
G1 X100.356 Y112.496 E1045.50122
G1 X98.456 Y114.585 E1045.59514
G1 X96.713 Y116.717 E1045.68673
G1 X95.042 Y119.022 E1045.78142
G1 X93.424 Y121.515 E1045.88027
G1 X91.958 Y124.047 E1045.97759
G1 X91.072 Y125.774 E1046.04214
G1 X91.088 Y124.503 E1046.08442
G1 X90.985 Y124.022 E1046.10078
G1 X90.655 Y123.685 E1046.11647
G1 X90.431 Y123.57 E1046.12485
G1 X90.12 Y123.528 E1046.13528
G1 X88.558 Y123.528 E1046.18724
G1 X84.528 Y122.484 E1046.3257
G1 X84.525 Y121.918 E1046.34452
G1 X84.85 Y121.698 E1046.35758
G1 X84.969 Y121.772 E1046.36224
G1 X85.148 Y121.806 E1046.3683
G1 X90.14 Y121.81 E1046.53433
G1 X90.436 Y121.747 E1046.5444
G1 X90.638 Y121.641 E1046.55199
G1 X90.834 Y121.465 E1046.56075
G1 X90.998 Y121.184 E1046.57157
G1 X91.053 Y120.903 E1046.58109
G1 X91.053 Y116.356 E1046.73233
G1 X91.65 Y116.356 E1046.75218
G1 X92.109 Y116.222 E1046.76809
G1 X92.355 Y116.026 E1046.77855
G1 X92.589 Y115.568 E1046.79565
G1 X92.583 Y113.279 E1046.87179
G1 X92.484 Y113.009 E1046.88135
G1 X92.184 Y112.663 E1046.89658
G1 X91.766 Y112.488 E1046.91165
G1 X86.85 Y112.488 E1047.07516
G1 F1276.6 X86.27 Y112.359 E1047.09838
G1 X86.781 Y111.955 E1047.12384
G1 F1500 X88.222 Y110.62 E1047.18917
G1 X89.761 Y109.286 E1047.25691
G1 X91.244 Y108.094 E1047.3202
G1 X92.913 Y106.847 E1047.38949
G1 X94.568 Y105.703 E1047.45641
G1 X96.146 Y104.686 E1047.51885
G1 X97.92 Y103.626 E1047.58758
G1 X99.653 Y102.686 E1047.65316
G1 X101.319 Y101.845 E1047.71523
G1 X103.2 Y100.984 E1047.78403
G1 X105.001 Y100.239 E1047.84886
G1 X106.789 Y99.58 E1047.91224
G1 X108.66 Y98.951 E1047.97789
G1 X110.605 Y98.39 E1048.04522
G1 X112.462 Y97.923 E1048.1089
G1 X114.501 Y97.486 E1048.17826
G1 X116.191 Y97.19 E1048.23533
G1 X118.136 Y96.927 E1048.30061
G1 X120.065 Y96.731 E1048.36509
G1 X122.064 Y96.606 E1048.43171
G1 X123.929 Y96.561 E1048.49376
G1 X125.918 Y96.58 E1048.55992
G1 X127.822 Y96.672 E1048.62332
G1 X129.887 Y96.843 E1048.69224
G1 X131.705 Y97.071 E1048.75318
G1 X133.628 Y97.381 E1048.81796
G1 X135.505 Y97.752 E1048.8816
G1 X137.418 Y98.198 E1048.94693
G1 X139.327 Y98.724 E1049.01279
G1 X142.603 Y99.755 E1049.12702
G1 X143.04 Y99.77 E1049.14156
G1 X143.469 Y99.551 E1049.15758
G1 X143.664 Y99.31 E1049.16789
G1 X143.781 Y99.047 E1049.17747
G1 X143.908 Y97.828 E1049.21823
G1 X144.172 Y97.22 E1049.24028
G1 X144.523 Y96.578 E1049.26461
G1 X144.954 Y95.964 E1049.28956
G1 X145.414 Y95.431 E1049.31298
G1 X145.983 Y94.888 E1049.33914
G1 X146.547 Y94.449 E1049.36291
G1 X147.177 Y94.056 E1049.38761
G1 X147.839 Y93.733 E1049.41211
G1 X148.528 Y93.479 E1049.43653
G1 X149.277 Y93.285 E1049.46227
G1 X150.146 Y93.15 E1049.49152
G1 X145.439 Y138.536 E1051.00916
G1 X145.411 Y138.624 E1051.01223
G1 F2700 E1046.01223
G0 F9000 X145.305 Y139.078
G0 X145.341 Y140.11
G0 X145.639 Y138.589
G0 X150.355 Y92.972
G0 X149.395 Y93.004
G0 X149.462 Y93.459
G1 F2700 E1051.01223
G1 F1500 X149.871 Y93.868 E1051.03147
G0 F9000 X149.818 Y94.38
G1 F1500 X149.001 Y93.564 E1051.06987
G0 F9000 X148.554 Y93.682
G1 F1500 X149.765 Y94.893 E1051.12683
G0 F9000 X149.711 Y95.405
G1 F1500 X148.141 Y93.835 E1051.20068
G0 F9000 X147.743 Y94.003
G1 F1500 X149.658 Y95.918 E1051.29076
G0 F9000 X149.605 Y96.43
G1 F1500 X147.363 Y94.189 E1051.39619
G0 F9000 X147.007 Y94.398
G1 F1500 X149.552 Y96.943 E1051.5159
G0 F9000 X149.499 Y97.456
G1 F1500 X146.659 Y94.616 E1051.64948
G0 F9000 X146.341 Y94.864
G1 F1500 X149.446 Y97.968 E1051.79551
G0 F9000 X149.392 Y98.48
G1 F1500 X146.032 Y95.12 E1051.95356
G0 F9000 X145.742 Y95.396
G1 F1500 X149.339 Y98.993 E1052.12275
G0 F9000 X149.286 Y99.505
G1 F1500 X145.461 Y95.681 E1052.30264
G0 F9000 X145.199 Y95.985
G1 F1500 X149.233 Y100.018 E1052.49236
G0 F9000 X149.18 Y100.531
G1 F1500 X144.956 Y96.307 E1052.69105
G0 F9000 X144.723 Y96.64
G1 F1500 X149.127 Y101.043 E1052.89817
G0 F9000 X149.073 Y101.555
G1 F1500 X144.518 Y97.001 E1053.1124
G0 F9000 X144.323 Y97.371
G1 F1500 X149.02 Y102.068 E1053.33334
G0 F9000 X148.967 Y102.581
G1 F1500 X144.152 Y97.766 E1053.55982
G0 F9000 X144.067 Y98.246
G1 F1500 X148.914 Y103.093 E1053.78781
G0 F9000 X148.861 Y103.606
G1 F1500 X144.014 Y98.759 E1054.0158
G0 F9000 X143.92 Y99.231
G1 F1500 X148.807 Y104.118 E1054.24567
G0 F9000 X148.754 Y104.631
G1 F1500 X143.702 Y99.579 E1054.4833
G0 F9000 X143.379 Y99.821
G1 F1500 X148.701 Y105.143 E1054.73363
G0 F9000 X148.648 Y105.656
G1 F1500 X142.959 Y99.967 E1055.00122
G0 F9000 X142.293 Y99.867
G1 F1500 X148.595 Y106.169 E1055.29765
G0 F9000 X148.542 Y106.681
G1 F1500 X141.468 Y99.607 E1055.63039
G0 F9000 X140.643 Y99.348
G1 F1500 X148.488 Y107.193 E1055.99939
G0 F9000 X148.435 Y107.706
G1 F1500 X139.818 Y99.088 E1056.40473
G0 F9000 X139.007 Y98.844
G1 F1500 X148.382 Y108.218 E1056.84568
G0 F9000 X148.329 Y108.731
G1 F1500 X138.226 Y98.628 E1057.32089
G0 F9000 X137.445 Y98.413
G1 F1500 X148.276 Y109.244 E1057.83035
G0 F9000 X148.223 Y109.756
G1 F1500 X143.364 Y104.898 E1058.05888
G0 F9000 X143.326 Y105.425
G1 F1500 X148.169 Y110.268 E1058.28668
G0 F9000 X148.116 Y110.781
G1 F1500 X143.273 Y105.938 E1058.51448
G0 F9000 X143.22 Y106.451
G1 F1500 X148.063 Y111.294 E1058.74228
G0 F9000 X148.01 Y111.806
G1 F1500 X143.167 Y106.963 E1058.97008
G0 F9000 X143.114 Y107.476
G1 F1500 X147.957 Y112.319 E1059.19788
G0 F9000 X147.903 Y112.831
G1 F1500 X143.061 Y107.989 E1059.42563
G0 F9000 X143.008 Y108.501
G1 F1500 X147.85 Y113.344 E1059.65341
G0 F9000 X147.797 Y113.856
G1 F1500 X142.956 Y109.015 E1059.88111
G0 F9000 X142.903 Y109.527
G1 F1500 X147.744 Y114.369 E1060.10884
G0 F9000 X147.691 Y114.882
G1 F1500 X142.85 Y110.04 E1060.33657
G0 F9000 X142.797 Y110.553
G1 F1500 X147.638 Y115.394 E1060.56428
G0 F9000 X147.584 Y115.906
G1 F1500 X142.744 Y111.065 E1060.79196
G0 F9000 X142.691 Y111.578
G1 F1500 X147.531 Y116.419 E1061.01964
G0 F9000 X147.478 Y116.931
G1 F1500 X142.638 Y112.091 E1061.2473
G0 F9000 X142.585 Y112.604
G1 F1500 X147.425 Y117.444 E1061.47496
G0 F9000 X147.372 Y117.957
G1 F1500 X142.532 Y113.117 E1061.70262
G0 F9000 X142.479 Y113.629
G1 F1500 X147.319 Y118.469 E1061.93028
G0 F9000 X147.266 Y118.981
G1 F1500 X142.426 Y114.142 E1062.15791
G0 F9000 X142.373 Y114.655
G1 F1500 X147.213 Y119.494 E1062.38555
G0 F9000 X147.16 Y120.007
G1 F1500 X142.321 Y115.168 E1062.61316
G0 F9000 X142.268 Y115.681
G1 F1500 X147.106 Y120.519 E1062.84072
G0 F9000 X147.053 Y121.032
G1 F1500 X142.215 Y116.193 E1063.06831
G0 F9000 X142.162 Y116.706
G1 F1500 X147 Y121.544 E1063.29588
G0 F9000 X146.947 Y122.057
G1 F1500 X142.109 Y117.219 E1063.52344
G0 F9000 X142.056 Y117.731
G1 F1500 X146.894 Y122.569 E1063.75101
G0 F9000 X146.841 Y123.082
G1 F1500 X142.003 Y118.245 E1063.97855
G0 F9000 X141.95 Y118.757
G1 F1500 X146.788 Y123.594 E1064.20609
G0 F9000 X146.735 Y124.107
G1 F1500 X141.897 Y119.27 E1064.43363
G0 F9000 X141.844 Y119.782
G1 F1500 X146.681 Y124.619 E1064.66115
G0 F9000 X146.628 Y125.132
G1 F1500 X141.791 Y120.295 E1064.88867
G0 F9000 X141.738 Y120.808
G1 F1500 X146.575 Y125.644 E1065.11616
G0 F9000 X146.522 Y126.157
G1 F1500 X141.685 Y121.32 E1065.34368
G0 F9000 X141.633 Y121.834
G1 F1500 X146.469 Y126.67 E1065.57115
G0 F9000 X146.415 Y127.182
G1 F1500 X141.58 Y122.346 E1065.79859
G0 F9000 X141.527 Y122.859
G1 F1500 X146.362 Y127.694 E1066.02602
G0 F9000 X146.309 Y128.207
G1 F1500 X141.474 Y123.372 E1066.25344
G0 F9000 X141.421 Y123.884
G1 F1500 X146.256 Y128.72 E1066.48089
G0 F9000 X146.203 Y129.232
G1 F1500 X141.368 Y124.397 E1066.70831
G0 F9000 X141.315 Y124.91
G1 F1500 X146.15 Y129.745 E1066.93574
G0 F9000 X146.096 Y130.257
G1 F1500 X141.262 Y125.423 E1067.16311
G0 F9000 X141.209 Y125.936
G1 F1500 X146.043 Y130.769 E1067.39047
G0 F9000 X145.99 Y131.282
G1 F1500 X141.156 Y126.448 E1067.61784
G0 F9000 X141.103 Y126.961
G1 F1500 X145.937 Y131.795 E1067.84522
G0 F9000 X145.884 Y132.307
G1 F1500 X141.05 Y127.474 E1068.07257
G0 F9000 X140.998 Y127.987
G1 F1500 X145.831 Y132.82 E1068.2999
G0 F9000 X145.777 Y133.332
G1 F1500 X140.945 Y128.5 E1068.52718
G0 F9000 X140.892 Y129.012
G1 F1500 X145.724 Y133.845 E1068.75449
G0 F9000 X145.671 Y134.357
G1 F1500 X140.839 Y129.525 E1068.98177
G0 F9000 X140.786 Y130.038
G1 F1500 X145.618 Y134.87 E1069.20905
G0 F9000 X145.565 Y135.383
G1 F1500 X140.733 Y130.55 E1069.43636
G0 F9000 X140.68 Y131.064
G1 F1500 X145.511 Y135.895 E1069.6636
G0 F9000 X145.458 Y136.407
G1 F1500 X140.627 Y131.576 E1069.89083
G0 F9000 X140.574 Y132.089
G1 F1500 X145.405 Y136.92 E1070.11807
G0 F9000 X145.352 Y137.433
G1 F1500 X140.521 Y132.602 E1070.3453
G0 F9000 X140.469 Y133.115
G1 F1500 X143.586 Y136.232 E1070.49192
G0 F9000 X142.837 Y136.049
G1 F1500 X140.43 Y133.642 E1070.60513
G0 F9000 X140.39 Y134.168
G1 F1500 X142.249 Y136.026 E1070.69255
G0 F9000 X141.747 Y136.09
G1 F1500 X140.351 Y134.694 E1070.75822
G0 F9000 X140.312 Y135.221
G1 F1500 X141.322 Y136.231 E1070.80572
G0 F9000 X140.923 Y136.397
G1 F1500 X140.272 Y135.747 E1070.83632
G0 F9000 X140.233 Y136.273
G1 F1500 X140.587 Y136.627 E1070.85297
G0 F9000 X140.265 Y136.871
G1 F1500 X140.194 Y136.8 E1070.85631
G1 F2700 E1065.85631
G0 F9000 X139.739 Y136.765
G0 X142.692 Y104.591
G0 X141.758 Y103.894
G0 X141.943 Y103.477
G1 F2700 E1070.85631
G1 F1500 X136.704 Y98.238 E1071.10274
G0 F9000 X135.967 Y98.066
G1 F1500 X140.926 Y103.025 E1071.33599
G0 F9000 X140.74 Y103.443
G0 X139.724 Y102.994
G0 X139.91 Y102.575
G1 F1500 X135.238 Y97.903 E1071.55575
G0 F9000 X134.534 Y97.765
G1 F1500 X138.994 Y102.224 E1071.76551
G0 F9000 X138.113 Y101.909
G1 F1500 X133.829 Y97.625 E1071.96702
G0 F9000 X133.144 Y97.506
G1 F1500 X137.237 Y101.599 E1072.15954
G0 F9000 X136.45 Y101.377
G1 F1500 X132.469 Y97.397 E1072.34677
G0 F9000 X131.795 Y97.288
G1 F1500 X135.662 Y101.155 E1072.52866
G0 F9000 X134.881 Y100.94
G1 F1500 X131.144 Y97.202 E1072.70446
G0 F9000 X130.497 Y97.121
G1 F1500 X134.174 Y100.799 E1072.87744
G0 F9000 X133.466 Y100.657
G1 F1500 X129.851 Y97.041 E1073.0475
G0 F9000 X129.234 Y96.99
G1 F1500 X132.759 Y100.515 E1073.21331
G0 F9000 X132.093 Y100.415
G1 F1500 X128.617 Y96.939 E1073.37681
G0 F9000 X128 Y96.888
G1 F1500 X131.447 Y100.334 E1073.53892
G0 F9000 X130.801 Y100.254
G1 F1500 X127.399 Y96.852 E1073.69894
G0 F9000 X126.805 Y96.823
G1 F1500 X130.154 Y100.173 E1073.85649
G0 F9000 X129.551 Y100.136
G1 F1500 X126.211 Y96.795 E1074.01362
G0 F9000 X125.628 Y96.778
G1 F1500 X128.956 Y100.107 E1074.17018
G0 F9000 X128.362 Y100.078
G1 F1500 X125.057 Y96.773 E1074.32564
G0 F9000 X124.485 Y96.767
G1 F1500 X127.767 Y100.049 E1074.48001
G0 F9000 X127.208 Y100.055
G1 F1500 X123.915 Y96.762 E1074.63491
G0 F9000 X123.363 Y96.775
G1 F1500 X126.655 Y100.068 E1074.78978
G0 F9000 X126.103 Y100.081
G1 F1500 X122.81 Y96.788 E1074.94467
G0 F9000 X122.257 Y96.802
G1 F1500 X125.55 Y100.094 E1075.09954
G0 F9000 X125.004 Y100.114
G1 F1500 X121.719 Y96.828 E1075.25408
G0 F9000 X121.186 Y96.862
G1 F1500 X124.491 Y100.167 E1075.40953
G0 F9000 X123.977 Y100.218
G1 F1500 X120.654 Y96.895 E1075.56584
G0 F9000 X120.121 Y96.928
G1 F1500 X123.464 Y100.271 E1075.72308
G0 F9000 X122.95 Y100.322
G1 F1500 X119.607 Y96.98 E1075.8803
G0 F9000 X119.094 Y97.032
G1 F1500 X122.454 Y100.392 E1076.03835
G0 F9000 X121.972 Y100.476
G1 F1500 X118.58 Y97.084 E1076.1979
G0 F9000 X118.069 Y97.139
G1 F1500 X121.491 Y100.56 E1076.35883
G0 F9000 X121.009 Y100.645
G1 F1500 X117.571 Y97.206 E1076.52057
G0 F9000 X117.072 Y97.273
G1 F1500 X120.528 Y100.729 E1076.68313
G0 F9000 X120.062 Y100.828
G1 F1500 X116.574 Y97.34 E1076.84719
G0 F9000 X116.08 Y97.412
G1 F1500 X119.609 Y100.941 E1077.01319
G0 F9000 X119.156 Y101.054
G1 F1500 X115.599 Y97.497 E1077.1805
G0 F9000 X115.117 Y97.581
G1 F1500 X118.703 Y101.166 E1077.34915
G0 F9000 X118.25 Y101.28
G1 F1500 X114.635 Y97.664 E1077.51921
G0 F9000 X114.167 Y97.762
G1 F1500 X117.797 Y101.392 E1077.68995
G0 F9000 X117.373 Y101.533
G1 F1500 X113.701 Y97.862 E1077.86265
G0 F9000 X113.235 Y97.962
G1 F1500 X116.948 Y101.675 E1078.0373
G0 F9000 X116.524 Y101.816
G1 F1500 X112.769 Y98.062 E1078.2139
G0 F9000 X112.31 Y98.168
G1 F1500 X116.1 Y101.958 E1078.39217
G0 F9000 X115.676 Y102.099
G1 F1500 X111.858 Y98.281 E1078.57176
G0 F9000 X111.406 Y98.395
G1 F1500 X115.263 Y102.253 E1078.7532
G0 F9000 X114.862 Y102.417
G1 F1500 X110.954 Y98.509 E1078.93702
G0 F9000 X110.505 Y98.626
G1 F1500 X114.459 Y102.58 E1079.12301
G0 F9000 X114.058 Y102.744
G1 F1500 X110.067 Y98.753 E1079.31073
G0 F9000 X109.628 Y98.88
G1 F1500 X113.655 Y102.907 E1079.50015
G0 F9000 X113.254 Y103.071
G1 F1500 X109.189 Y99.007 E1079.69133
G0 F9000 X108.75 Y99.134
G1 F1500 X112.866 Y103.249 E1079.88491
G0 F9000 X112.487 Y103.436
G1 F1500 X108.326 Y99.275 E1080.08063
G0 F9000 X107.903 Y99.418
G1 F1500 X112.108 Y103.623 E1080.27842
G0 F9000 X111.73 Y103.81
G1 F1500 X107.48 Y99.56 E1080.47833
G0 F9000 X107.056 Y99.702
G1 F1500 X111.351 Y103.997 E1080.68035
G0 F9000 X110.973 Y104.184
G1 F1500 X106.638 Y99.85 E1080.88423
G0 F9000 X106.224 Y100.002
G1 F1500 X110.604 Y104.382 E1081.09025
G0 F9000 X110.246 Y104.589
G1 F1500 X105.811 Y100.155 E1081.29884
G0 F9000 X105.398 Y100.307
G1 F1500 X109.888 Y104.797 E1081.51004
G0 F9000 X109.529 Y105.004
G1 F1500 X104.987 Y100.461 E1081.7237
G0 F9000 X104.587 Y100.627
G1 F1500 X109.171 Y105.211 E1081.93932
G0 F9000 X108.812 Y105.418
G1 F1500 X104.187 Y100.793 E1082.15686
G0 F9000 X103.787 Y100.959
G1 F1500 X108.46 Y105.631 E1082.37664
G0 F9000 X108.121 Y105.858
G1 F1500 X103.387 Y101.124 E1082.59932
G0 F9000 X102.995 Y101.298
G1 F1500 X107.782 Y106.085 E1082.82448
G0 F9000 X107.443 Y106.311
G1 F1500 X102.607 Y101.475 E1083.05195
G0 F9000 X102.219 Y101.653
G1 F1500 X107.104 Y106.538 E1083.28173
G0 F9000 X106.765 Y106.765
G1 F1500 X101.831 Y101.831 E1083.51381
G0 F9000 X101.443 Y102.009
G1 F1500 X106.427 Y106.992 E1083.74822
G0 F9000 X106.101 Y107.232
G1 F1500 X101.065 Y102.197 E1083.98507
G0 F9000 X100.69 Y102.387
G1 F1500 X105.78 Y107.477 E1084.22449
G0 F9000 X105.46 Y107.723
G1 F1500 X100.314 Y102.576 E1084.46657
G0 F9000 X99.938 Y102.767
G1 F1500 X105.14 Y107.968 E1084.71123
G0 F9000 X104.819 Y108.214
G1 F1500 X99.566 Y102.96 E1084.95834
G0 F9000 X99.2 Y103.16
G1 F1500 X104.499 Y108.459 E1085.20759
G0 F9000 X104.179 Y108.705
G1 F1500 X98.834 Y103.359 E1085.45902
G0 F9000 X98.467 Y103.558
G1 F1500 X103.876 Y108.967 E1085.71344
G0 F9000 X103.573 Y109.23
G1 F1500 X98.1 Y103.757 E1085.97088
G0 F9000 X97.743 Y103.966
G1 F1500 X103.27 Y109.493 E1086.23085
G0 F9000 X102.967 Y109.755
G1 F1500 X97.389 Y104.177 E1086.49322
G0 F9000 X97.035 Y104.389
G1 F1500 X102.664 Y110.018 E1086.75799
G0 F9000 X102.361 Y110.28
G1 F1500 X96.681 Y104.6 E1087.02516
G0 F9000 X96.326 Y104.812
G1 F1500 X102.064 Y110.55 E1087.29506
G0 F9000 X101.778 Y110.829
G1 F1500 X95.98 Y105.031 E1087.56778
G0 F9000 X95.636 Y105.253
G1 F1500 X101.492 Y111.108 E1087.84321
G0 F9000 X101.205 Y111.388
G1 F1500 X95.293 Y105.475 E1088.12131
G0 F9000 X94.948 Y105.696
G1 F1500 X100.919 Y111.667 E1088.40217
G0 F9000 X100.633 Y111.946
G1 F1500 X94.607 Y105.92 E1088.68561
G0 F9000 X94.272 Y106.152
G1 F1500 X100.346 Y112.226 E1088.97132
G0 F9000 X100.07 Y112.515
G1 F1500 X93.938 Y106.383 E1089.25975
G0 F9000 X93.603 Y106.614
G1 F1500 X99.8 Y112.811 E1089.55124
G0 F9000 X99.531 Y113.107
G1 F1500 X93.269 Y106.845 E1089.84578
G0 F9000 X92.937 Y107.079
G1 F1500 X99.262 Y113.404 E1090.14329
G0 F9000 X98.992 Y113.7
G1 F1500 X92.613 Y107.321 E1090.44334
G0 F9000 X92.289 Y107.563
G1 F1500 X98.722 Y113.996 E1090.74593
G0 F9000 X98.453 Y114.292
G1 F1500 X91.966 Y107.805 E1091.05105
G0 F9000 X91.642 Y108.047
G1 F1500 X98.19 Y114.595 E1091.35905
G0 F9000 X97.936 Y114.906
G1 F1500 X91.32 Y108.291 E1091.67023
G0 F9000 X91.006 Y108.542
G1 F1500 X97.681 Y115.217 E1091.9842
G0 F9000 X97.427 Y115.529
G1 F1500 X90.693 Y108.795 E1092.30094
G0 F9000 X90.379 Y109.046
G1 F1500 X97.172 Y115.84 E1092.62049
G0 F9000 X96.917 Y116.151
G1 F1500 X90.066 Y109.299 E1092.94276
G0 F9000 X89.757 Y109.556
G1 F1500 X96.663 Y116.462 E1093.2676
G0 F9000 X96.418 Y116.783
G1 F1500 X92.725 Y113.09 E1093.44131
G0 F9000 X92.788 Y113.718
G1 F1500 X96.181 Y117.111 E1093.6009
G0 F9000 X95.943 Y117.439
G1 F1500 X92.788 Y114.284 E1093.7493
G0 F9000 X92.788 Y114.85
G1 F1500 X95.705 Y117.767 E1093.88651
G0 F9000 X95.468 Y118.095
G1 F1500 X92.788 Y115.415 E1094.01257
G0 F9000 X92.664 Y115.857
G1 F1500 X95.23 Y118.423 E1094.13327
G0 F9000 X94.993 Y118.752
G1 F1500 X92.447 Y116.206 E1094.25302
G0 F9000 X92.111 Y116.436
G1 F1500 X94.763 Y119.087 E1094.37774
G0 F9000 X94.54 Y119.43
G1 F1500 X91.666 Y116.556 E1094.51293
G0 F9000 X91.253 Y116.709
G1 F1500 X94.317 Y119.773 E1094.65705
G0 F9000 X94.095 Y120.116
G1 F1500 X91.253 Y117.274 E1094.79073
G0 F9000 X91.254 Y117.841
G1 F1500 X93.872 Y120.459 E1094.91387
G0 F9000 X93.649 Y120.802
G1 F1500 X91.254 Y118.407 E1095.02652
G0 F9000 X91.254 Y118.973
G1 F1500 X93.426 Y121.145 E1095.12869
G0 F9000 X93.207 Y121.492
G1 F1500 X91.255 Y119.539 E1095.22053
G0 F9000 X91.256 Y120.106
G1 F1500 X93 Y121.85 E1095.30256
G0 F9000 X92.792 Y122.208
G1 F1500 X91.256 Y120.671 E1095.37483
G0 F9000 X91.202 Y121.183
G1 F1500 X92.585 Y122.566 E1095.43988
G0 F9000 X92.378 Y122.925
G1 F1500 X91.009 Y121.556 E1095.50428
G0 F9000 X90.709 Y121.822
G1 F1500 X92.171 Y123.283 E1095.57302
G0 F9000 X91.963 Y123.641
G1 F1500 X90.305 Y121.984 E1095.65098
G0 F9000 X89.764 Y122.008
G1 F1500 X91.758 Y124.002 E1095.74478
G0 F9000 X91.566 Y124.376
G1 F1500 X91.183 Y123.993 E1095.76279
G0 F9000 X91.286 Y124.662
G1 F1500 X91.374 Y124.749 E1095.76691
G0 F9000 X91.784 Y124.96
G0 X90.894 Y126.497
G0 X90.842 Y124.623
G0 X90.442 Y123.868
G0 X90.646 Y123.456
G1 F1500 X89.197 Y122.007 E1095.83506
G0 F9000 X88.631 Y122.006
G1 F1500 X89.955 Y123.331 E1095.89736
G0 F9000 X89.388 Y123.329
G1 F1500 X88.065 Y122.006 E1095.95959
G0 F9000 X87.499 Y122.006
G1 F1500 X88.821 Y123.328 E1096.02178
G0 F9000 X88.14 Y123.213
G1 F1500 X86.932 Y122.005 E1096.0786
G0 F9000 X86.366 Y122.004
G1 F1500 X87.376 Y123.015 E1096.12613
G0 F9000 X86.613 Y122.817
G1 F1500 X85.8 Y122.003 E1096.16439
G0 F9000 X85.234 Y122.003
G1 F1500 X85.848 Y122.618 E1096.1933
G0 F9000 X85.085 Y122.42
G1 F1500 X84.726 Y122.061 E1096.21018
G0 F9000 X84.267 Y122.062
G0 X84.543 Y121.277
G0 X90.535 Y121.292
G0 X90.532 Y115.836
G0 X92.069 Y115.835
G0 X92.067 Y113.01
G0 X86.832 Y112.748
G0 X86.832 Y112.288
G1 F1500 X86.748 Y112.204 E1096.21413
G0 F9000 X87.07 Y111.96
G1 F1500 X87.398 Y112.288 E1096.22956
G0 F9000 X87.963 Y112.288
G1 F1500 X87.364 Y111.688 E1096.25776
G0 F9000 X87.657 Y111.416
G1 F1500 X88.529 Y112.288 E1096.29878
G0 F9000 X89.095 Y112.288
G1 F1500 X87.951 Y111.144 E1096.35259
G0 F9000 X88.246 Y110.873
G1 F1500 X89.66 Y112.288 E1096.41912
G0 F9000 X90.226 Y112.288
G1 F1500 X88.545 Y110.606 E1096.49821
G0 F9000 X88.847 Y110.343
G1 F1500 X90.792 Y112.288 E1096.5897
G0 F9000 X91.357 Y112.288
G1 F1500 X89.151 Y110.081 E1096.69349
G0 F9000 X89.453 Y109.818
G1 F1500 X92.003 Y112.368 E1096.81343
;MESH:NONMESH
G0 F300 X92.003 Y112.368 Z4
G0 F9000 X91.829 Y112.794
G0 X92.067 Y113.01
G0 X92.069 Y115.835
G0 X90.865 Y116.168
G0 X90.528 Y121.479
G0 X84.856 Y121.463
G0 X84.331 Y121.817
G0 X84.339 Y122.635
G0 X88.533 Y123.727
G0 X90.801 Y124.122
G0 X90.894 Y126.497
G0 X91.113 Y126.492
;TIME_ELAPSED:1712.336398
;LAYER:19
;TYPE:WALL-INNER
;MESH:FT03-Upright.stl
G1 F1500 X92.296 Y124.188 E1096.89957
G1 X93.744 Y121.681 E1096.99587
G1 X95.322 Y119.255 E1097.09212
G1 X96.99 Y116.957 E1097.18657
G1 X98.73 Y114.821 E1097.2782
G1 X100.587 Y112.779 E1097.37
G1 X102.536 Y110.874 E1097.46065
G1 X104.546 Y109.13 E1097.54916
G1 X106.682 Y107.497 E1097.63858
G1 X108.843 Y106.052 E1097.72505
G1 X111.066 Y104.765 E1097.81048
G1 X113.344 Y103.644 E1097.89493
G1 X115.623 Y102.711 E1097.97683
G1 X117.963 Y101.934 E1098.05884
G1 X120.406 Y101.323 E1098.1426
G1 X121.498 Y101.13 E1098.17948
G1 X120.85 Y99.41 E1098.24061
G1 X120.361 Y99.44 E1098.25691
G1 X119.248 Y99.722 E1098.29509
G1 X118.916 Y99.712 E1098.30614
G1 X118.671 Y99.561 E1098.31571
G1 X118.528 Y99.325 E1098.32489
G1 X117.659 Y96.631 E1098.41904
G1 X116.145 Y96.838 E1098.46986
G1 X114.382 Y97.146 E1098.52939
G1 X112.377 Y97.573 E1098.59757
G1 X110.52 Y98.041 E1098.66127
G1 X108.571 Y98.605 E1098.72875
G1 X106.668 Y99.241 E1098.79549
G1 X104.876 Y99.903 E1098.85903
G1 X103.056 Y100.659 E1098.92457
G1 X101.168 Y101.518 E1098.99356
G1 X99.483 Y102.368 E1099.05633
G1 X97.741 Y103.318 E1099.12233
G1 X96.028 Y104.335 E1099.18859
G1 X94.362 Y105.408 E1099.2545
G1 X92.71 Y106.552 E1099.32133
G1 X91.103 Y107.747 E1099.38794
G1 X89.537 Y109.005 E1099.45475
G1 X87.996 Y110.339 E1099.52254
G1 X86.528 Y111.697 E1099.58905
G1 X86.206 Y111.856 E1099.601
G1 X83.316 Y111.856 E1099.69712
G1 X83.316 Y112.912 E1099.73224
G1 X83.854 Y113.067 E1099.75086
G1 X84.911 Y112.764 E1099.78744
G1 X91.628 Y112.764 E1100.01084
G1 X91.844 Y112.804 E1100.01815
G1 X92.068 Y112.955 E1100.02713
G1 X92.228 Y113.276 E1100.03906
G1 X92.228 Y115.496 E1100.1129
G1 X92.163 Y115.671 E1100.11911
G1 X91.928 Y115.916 E1100.1304
G1 X91.628 Y115.996 E1100.14073
G1 X90.693 Y115.996 E1100.17183
G1 X90.696 Y120.864 E1100.33374
G1 X90.661 Y121.058 E1100.34029
G1 X90.557 Y121.238 E1100.34721
G1 X90.309 Y121.414 E1100.35732
G1 X90.107 Y121.452 E1100.36416
G1 X85.102 Y121.451 E1100.53063
G1 X84.851 Y121.264 E1100.54104
G1 X84.167 Y121.729 E1100.56855
G1 X84.173 Y122.654 E1100.59931
G1 X88.513 Y123.776 E1100.74841
G1 X90.128 Y123.776 E1100.80212
G1 X90.33 Y123.811 E1100.80894
G1 X90.477 Y123.887 E1100.81444
G1 X90.681 Y124.132 E1100.82505
G1 X90.728 Y124.385 E1100.83361
G1 X90.698 Y126.492 E1100.90369
G1 X91.113 Y126.492 E1100.9175
G1 F2700 E1095.9175
G0 F9000 X92.435 Y124.293
G0 X93.394 Y124.82
G0 X130.311 Y102.033
G0 X132.206 Y100.922
G1 F2700 E1100.9175
G1 F1123.6 X132.402 Y100.954 E1100.92631
G1 F1147.2 X133.825 Y101.239 E1100.98943
G1 F1242.2 X134.841 Y101.484 E1101.0314
G1 F1345.3 X135.514 Y101.674 E1101.05733
G1 F1485.1 X136.616 Y102.026 E1101.0962
G1 F2700 E1096.0962
G0 F9000 X137.112 Y102.323
G0 X136.778 Y103.367
G0 X141.517 Y105.272
G0 X142.677 Y104.614
G0 X140.099 Y132.821
G0 X139.628 Y139.231
G0 X140.467 Y137.227
G0 X142.456 Y136.405
G0 X143.707 Y137.055
G0 X144.223 Y137.45
G0 X144.62 Y137.968
G0 X144.869 Y138.57
G0 X144.956 Y139.216
G0 X144.869 Y139.862
G0 X144.645 Y140.405
G0 X143.372 Y141.962
G1 F2700 E1101.0962
G0 F9000 X142.481 Y141.847
G1 F1578.9 X141.773 Y141.756 E1101.11875
G1 F1595.7 X141.14 Y141.495 E1101.14016
G1 F1591.5 X140.594 Y141.076 E1101.16173
G1 F1587.3 X140.174 Y140.53 E1101.18338
G1 X139.913 Y139.902 E1101.20476
G1 X139.823 Y139.197 E1101.2271
G1 F1570.7 X139.897 Y138.533 E1101.24832
G1 F1530.6 X140.163 Y137.89 E1101.271
G1 F1503.8 X140.582 Y137.341 E1101.29391
G1 F1500 X141.127 Y136.925 E1101.31672
G1 X141.775 Y136.654 E1101.34008
G1 X142.46 Y136.566 E1101.36305
G1 X143.146 Y136.656 E1101.38606
G1 X143.783 Y136.923 E1101.40903
G1 X144.327 Y137.338 E1101.43179
G1 X144.754 Y137.89 E1101.455
G1 F1442.3 X145.009 Y138.511 E1101.47822
G1 F1345.3 X145.135 Y139.181 E1101.50351
G1 F1298.7 X145.041 Y139.917 E1101.53201
G1 F1239.7 X144.955 Y140.188 E1101.54345
G1 F1229.5 X144.774 Y140.543 E1101.55962
G1 F1324.5 X144.337 Y141.1 E1101.58629
G1 F1293.1 X143.751 Y141.605 E1101.61613
G1 F1229.5 X143.158 Y141.785 E1101.64128
G1 F1382.5 X142.481 Y141.847 E1101.66581
G0 F9000 X142.515 Y142.229
G1 F1492.5 X143.126 Y142.209 E1101.68625
G1 F1339.3 X143.935 Y142.135 E1101.71651
G1 F1234.6 X144.214 Y141.858 E1101.7324
G1 F1287.6 X144.608 Y141.434 E1101.75483
G1 F1376.1 X145.059 Y140.889 E1101.78047
G1 F1273.9 X145.431 Y140.387 E1101.80494
G1 F1239.7 X145.492 Y140.004 E1101.82055
G1 F1315.8 X145.569 Y139.327 E1101.84638
G1 X145.583 Y139.13 E1101.85387
G1 F1392.1 X145.669 Y138.603 E1101.87301
G1 F1500 X150.328 Y93.71 E1103.37418
G1 X142.733 Y104.57 E1103.81495
G1 X142.77 Y104.631 E1103.81732
G1 X142.813 Y104.926 E1103.82724
G1 X139.938 Y132.806 E1104.75945
G1 X139.578 Y137.587 E1104.91891
G1 F1542.4 X139.445 Y139.196 E1104.97114
G1 F1587.3 X139.546 Y140.002 E1104.99667
G1 X139.846 Y140.717 E1105.02104
G1 X140.327 Y141.343 E1105.04585
G1 F1591.5 X140.953 Y141.822 E1105.07056
G1 F1595.7 X141.675 Y142.122 E1105.095
G1 F1578.9 X142.515 Y142.229 E1105.12176
G0 F9000 X142.478 Y142.62
;TYPE:WALL-OUTER
G1 F1500 X144.166 Y142.62 E1105.1779
G1 X145.867 Y140.57 E1105.2665
G1 X150.849 Y92.56 E1106.8719
G1 X150.326 Y92.925 E1106.89311
G1 X150.284 Y93.075 E1106.89829
G1 X142.423 Y104.304 E1107.35419
G1 F1566.6 X142.329 Y104.332 E1107.35731
G1 F1630.4 X142.137 Y104.254 E1107.36366
G1 F1515.2 X141.959 Y104.031 E1107.37305
G1 F1421.8 X141.871 Y103.981 E1107.3766
G1 X141.794 Y104.033 E1107.37986
G1 F1477.8 X141.607 Y103.968 E1107.38655
G1 F1401.9 X141.256 Y103.677 E1107.40277
G1 F1279.3 X140.821 Y103.469 E1107.42158
G1 F1263.2 X139.515 Y102.885 E1107.47808
G1 F1204.8 X138.398 Y102.416 E1107.52825
G1 F1111.1 X137.282 Y101.946 E1107.58262
G1 F1063.8 X137.093 Y101.882 E1107.59198
G1 F1239.7 X136.745 Y101.668 E1107.60842
G1 F1500 X135.643 Y101.271 E1107.64738
G1 X133.933 Y100.791 E1107.70645
G1 X132.213 Y100.444 E1107.76481
G1 F1522.8 X130.258 Y100.77 E1107.82974
G1 F1562.5 X128.2 Y100.666 E1107.89554
G1 F1634.9 X127.587 Y100.67 E1107.91424
G1 F1690.1 X126.051 Y100.709 E1107.9596
G1 F1167.3 X125.652 Y100.917 E1107.97883
G1 F1169.6 X126.055 Y101.068 E1107.99719
G1 F1694.9 X127.609 Y101.026 E1108.04295
G1 F1634.9 X128.195 Y101.043 E1108.06084
G1 F1587.3 X130.008 Y101.132 E1108.11789
G1 F1538.5 X132.36 Y101.415 E1108.19471
G1 F1500 X134.727 Y101.891 E1108.27501
G1 X136.513 Y102.393 E1108.33672
G1 F1301.5 X136.959 Y102.424 E1108.35386
G1 F1200 X139.353 Y103.334 E1108.46033
G1 F1273.9 X141.026 Y104.081 E1108.53209
G1 F1351.4 X141.504 Y104.348 E1108.5523
G1 F1421.8 X141.758 Y104.43 E1108.56167
G1 F1570.7 X142.084 Y104.619 E1108.57364
G1 F1621.6 X142.376 Y104.743 E1108.5834
G1 F1500 X142.415 Y104.885 E1108.5883
G1 X139.54 Y132.77 E1109.52067
G1 X139.054 Y139.206 E1109.73534
G1 X139.167 Y140.103 E1109.76541
G1 X139.507 Y140.914 E1109.79466
G1 X140.051 Y141.621 E1109.82433
G1 X140.757 Y142.161 E1109.8539
G1 X141.573 Y142.5 E1109.88328
G1 X142.478 Y142.62 E1109.91365
G0 F9000 X143.048 Y142.006
G0 X142.465 Y141.456
G1 F1500 X141.875 Y141.382 E1109.93343
G1 X141.332 Y141.158 E1109.95296
G1 X140.87 Y140.802 E1109.97236
G1 X140.513 Y140.339 E1109.99181
G1 X140.287 Y139.795 E1110.0114
G1 X140.212 Y139.201 E1110.03131
G1 X140.284 Y138.635 E1110.05029
G1 X140.503 Y138.114 E1110.06909
G1 X140.868 Y137.626 E1110.08936
G1 X141.31 Y137.288 E1110.10786
G1 X141.88 Y137.044 E1110.12849
G1 X142.456 Y136.97 E1110.1478
G1 X143.038 Y137.045 E1110.16732
G1 X143.602 Y137.288 E1110.18774
G1 X144.042 Y137.624 E1110.20616
G1 X144.404 Y138.091 E1110.22581
G1 X144.628 Y138.635 E1110.24538
G1 X144.7 Y139.237 E1110.26554
G1 X144.625 Y139.799 E1110.2844
G1 X144.387 Y140.359 E1110.30464
G1 X144.03 Y140.813 E1110.32385
G1 X143.598 Y141.144 E1110.34195
G1 X143.019 Y141.386 E1110.36282
G1 X142.465 Y141.456 E1110.38139
G1 F2700 E1105.38139
G0 F9000 X143.048 Y142.006
G0 X144.223 Y140.981
G0 X144.62 Y140.465
G0 X144.869 Y139.862
G0 X144.956 Y139.216
G0 X144.869 Y138.57
G0 X144.62 Y137.968
G0 X144.223 Y137.45
G0 X142.993 Y136.474
G0 X140.467 Y137.227
G0 X139.628 Y139.231
G0 X140.01 Y134.039
G0 X142.677 Y104.614
G0 X141.517 Y105.272
G0 X125.678 Y101.916
G0 X125.652 Y100.917
G1 F2700 E1110.38139
G1 F914.6 X125.192 Y100.947 E1110.40654
G1 F940.4 X124.199 Y101.047 E1110.45948
G1 F1025.6 X122.814 Y101.238 E1110.52749
G1 F1123.6 X122.17 Y101.351 E1110.55652
G1 F2700 E1105.55652
G0 F9000 X121.671 Y101.231
G0 X120.406 Y101.476
G0 X118.035 Y102.074
G0 X115.692 Y102.847
G0 X113.383 Y103.794
G0 X111.119 Y104.909
G0 X108.907 Y106.191
G0 X106.752 Y107.632
G0 X104.664 Y109.23
G0 X102.647 Y110.979
G0 X100.711 Y112.874
G0 X98.858 Y114.906
G0 X97.098 Y117.071
G0 X95.435 Y119.36
G0 X93.872 Y121.768
G0 X93.047 Y123.195
G0 X91.179 Y126.597
G1 F2700 E1110.55652
G0 F9000 X91.357 Y126.892
G1 F1500 X92.642 Y124.388 E1110.65013
G1 X94.08 Y121.899 E1110.74574
G1 X95.646 Y119.49 E1110.84131
G1 X97.3 Y117.209 E1110.93502
G1 X99.04 Y115.073 E1111.02665
G1 X100.884 Y113.048 E1111.11774
G1 X102.825 Y111.152 E1111.20799
G1 X104.808 Y109.432 E1111.2953
G1 X106.904 Y107.829 E1111.38306
G1 X109.032 Y106.405 E1111.46822
G1 X111.243 Y105.124 E1111.55321
G1 X113.496 Y104.014 E1111.63675
G1 X115.785 Y103.078 E1111.719
G1 X118.103 Y102.31 E1111.80022
G1 X120.475 Y101.717 E1111.88154
G1 X121.746 Y101.493 E1111.92447
G1 F1282.1 X122.17 Y101.351 E1111.94187
G1 X121.936 Y101.159 E1111.95364
G1 F1500 X121.12 Y98.993 E1112.03063
G1 X120.299 Y99.043 E1112.05799
G1 X119.15 Y99.334 E1112.09741
G1 X119.038 Y99.331 E1112.10114
G1 X118.929 Y99.264 E1112.10539
G1 X117.937 Y96.189 E1112.21286
G1 X116.077 Y96.444 E1112.2753
G1 X114.306 Y96.753 E1112.33509
G1 X112.286 Y97.183 E1112.40378
G1 X110.422 Y97.653 E1112.46772
G1 X108.452 Y98.223 E1112.53593
G1 X106.587 Y98.845 E1112.60132
G1 X104.655 Y99.561 E1112.66985
G1 X102.896 Y100.292 E1112.7332
G1 X100.995 Y101.157 E1112.80267
G1 X99.297 Y102.014 E1112.86593
G1 X97.543 Y102.97 E1112.93237
G1 X95.818 Y103.995 E1112.99911
G1 X94.14 Y105.075 E1113.06548
G1 X92.477 Y106.227 E1113.13277
G1 X90.859 Y107.431 E1113.19985
G1 X89.281 Y108.698 E1113.26716
G1 X87.724 Y110.045 E1113.33563
G1 X86.256 Y111.403 E1113.40214
G1 X86.155 Y111.453 E1113.40589
G1 X82.916 Y111.456 E1113.51362
G1 X82.916 Y113.213 E1113.57206
G1 X83.855 Y113.483 E1113.60456
G1 X84.949 Y113.167 E1113.64243
G1 X91.68 Y113.164 E1113.86631
G1 X91.822 Y113.312 E1113.87313
G1 X91.823 Y115.444 E1113.94404
G1 X91.708 Y115.596 E1113.95038
G1 X90.293 Y115.596 E1113.99744
G1 X90.296 Y120.902 E1114.17392
G1 X90.15 Y121.052 E1114.18088
G1 X85.197 Y121.052 E1114.34562
G1 X85.077 Y120.964 E1114.35057
G1 X84.922 Y120.731 E1114.35988
G1 X83.765 Y121.518 E1114.40642
G1 X83.775 Y122.964 E1114.45451
G1 X88.462 Y124.176 E1114.61553
G1 X90.128 Y124.176 E1114.67094
G1 X90.245 Y124.213 E1114.67502
G1 X90.329 Y124.318 E1114.67949
G1 X90.292 Y126.892 E1114.76512
G1 X91.357 Y126.892 E1114.80054
G1 F2700 E1109.80054
G0 F9000 X91.179 Y126.597
G0 X90.873 Y126.32
G0 X90.574 Y123.941
G0 X88.533 Y123.615
G0 X84.341 Y122.523
G0 X84.333 Y121.816
G0 X84.856 Y121.463
G0 X90.535 Y121.292
G0 X90.532 Y115.836
G0 X92.069 Y115.835
G0 X92.067 Y112.928
G0 X83.94 Y112.938
G1 F2700 E1114.80054
G0 F9000 X83.868 Y112.682
;TYPE:SKIN
G1 F1282.1 X83.689 Y112.629 E1114.8078
G1 X83.689 Y112.21 E1114.82411
G1 F1090.9 X84.841 Y112.312 E1114.877
G1 X83.868 Y112.682 E1114.9246
G0 F9000 X83.94 Y112.938
G0 X83.485 Y112.786
G0 X83.488 Y112.028
G0 X84.841 Y111.956
G0 X84.841 Y112.312
G1 F1013.5 X86.271 Y112.308 E1114.995
G1 F2700 E1109.995
G0 F9000 X86.212 Y111.959
G0 X83.488 Y112.028
G0 X83.485 Y112.786
G0 X83.854 Y112.899
G0 X92.067 Y112.928
G0 X92.069 Y115.835
G0 X90.532 Y115.836
G0 X90.535 Y121.292
G0 X84.856 Y121.463
G0 X84.333 Y121.816
G0 X84.341 Y122.523
G0 X88.533 Y123.615
G0 X90.574 Y123.941
G0 X90.809 Y125.781
G1 F2700 E1114.995
G0 F9000 X91.068 Y125.785
G1 F1500 X91.089 Y124.388 E1115.04147
G1 X91.008 Y123.969 E1115.05566
G1 X90.68 Y123.588 E1115.07238
G1 X90.451 Y123.468 E1115.08098
G1 X90.172 Y123.419 E1115.0904
G1 X88.558 Y123.416 E1115.14408
G1 F1418.4 X87.407 Y123.094 E1115.18612
G1 F1279.3 X86.257 Y122.772 E1115.23269
G1 F1165 X85.106 Y122.45 E1115.28387
G1 F1096.9 X85.066 Y122.431 E1115.28589
G1 F1087 X84.604 Y122.316 E1115.30774
G1 F1096.9 X84.603 Y121.956 E1115.32411
G1 X84.848 Y121.787 E1115.33765
G1 X84.952 Y121.843 E1115.34302
G1 F1107 X85.18 Y121.878 E1115.35342
G1 F1165 X86.34 Y121.856 E1115.4031
G1 F1279.3 X87.499 Y121.833 E1115.44831
G1 F1418.4 X88.659 Y121.811 E1115.48912
G1 F1500 X90.146 Y121.809 E1115.53858
G1 X90.441 Y121.749 E1115.54859
G1 X90.821 Y121.483 E1115.56402
G1 X90.998 Y121.186 E1115.57552
G1 X91.053 Y120.903 E1115.5851
G1 X91.053 Y116.356 E1115.73634
G1 X91.65 Y116.356 E1115.75619
G1 X92.109 Y116.222 E1115.7721
G1 X92.355 Y116.026 E1115.78256
G1 X92.589 Y115.568 E1115.79967
G1 X92.584 Y113.211 E1115.87806
G1 X92.493 Y112.941 E1115.88754
G1 X92.323 Y112.695 E1115.89748
G1 X91.973 Y112.465 E1115.91141
G1 X91.659 Y112.406 E1115.92204
G1 X86.826 Y112.403 E1116.08278
G1 F1339.3 X86.261 Y112.315 E1116.10408
G1 X86.776 Y111.955 E1116.12749
G1 F1500 X88.223 Y110.62 E1116.19297
G1 X89.736 Y109.307 E1116.2596
G1 X91.327 Y108.027 E1116.32752
G1 X93.001 Y106.787 E1116.39681
G1 X94.568 Y105.703 E1116.46018
G1 X96.21 Y104.643 E1116.52519
G1 X97.911 Y103.634 E1116.59097
G1 X99.653 Y102.686 E1116.65693
G1 X101.315 Y101.845 E1116.71888
G1 X103.149 Y101.008 E1116.78593
G1 X105.001 Y100.239 E1116.85263
G1 X106.831 Y99.565 E1116.91749
G1 X108.564 Y98.979 E1116.97834
G1 X110.605 Y98.39 E1117.04899
G1 X112.462 Y97.923 E1117.11268
G1 X114.546 Y97.477 E1117.18356
G1 X116.14 Y97.202 E1117.23736
G1 X117.405 Y97.026 E1117.27984
G1 X118.185 Y99.434 E1117.36403
G1 X118.374 Y99.786 E1117.37732
G1 X118.801 Y100.058 E1117.39416
G1 X119.314 Y100.077 E1117.41123
G1 X120.415 Y99.795 E1117.44903
G1 X120.604 Y99.784 E1117.45533
G1 X121.007 Y100.849 E1117.4932
G1 X120.369 Y100.962 E1117.51475
G1 X117.859 Y101.586 E1117.60078
G1 X115.556 Y102.35 E1117.68148
G1 X113.176 Y103.318 E1117.76694
G1 X110.855 Y104.468 E1117.85309
G1 X108.644 Y105.749 E1117.93808
G1 X106.476 Y107.197 E1118.02479
G1 X104.318 Y108.849 E1118.11518
G1 X102.296 Y110.6 E1118.20415
G1 X100.344 Y112.508 E1118.29493
G1 X98.455 Y114.585 E1118.38831
G1 X96.713 Y116.717 E1118.47988
G1 X95.042 Y119.022 E1118.57458
G1 X93.424 Y121.515 E1118.67343
G1 X91.986 Y123.999 E1118.76889
G1 X91.068 Y125.785 E1118.83568
G1 F2700 E1113.83568
G0 F9000 X90.809 Y125.781
G0 X90.574 Y123.941
G0 X88.533 Y123.615
G0 X84.341 Y122.523
G0 X84.333 Y121.816
G0 X84.856 Y121.463
G0 X90.535 Y121.292
G0 X90.532 Y115.836
G0 X92.069 Y115.835
G0 X92.067 Y112.928
G0 X86.918 Y112.664
G1 F2700 E1118.83568
G0 F9000 X86.918 Y112.204
G1 F1500 X88.304 Y110.817 E1118.9009
G0 F9000 X87.993 Y110.479
G0 X86.225 Y112.018
G0 X83.488 Y112.028
G0 X83.485 Y112.786
G0 X83.784 Y112.878
G0 X88.048 Y112.664
G0 X88.048 Y112.205
G1 F1500 X93.719 Y106.533 E1119.16767
G0 F9000 X93.459 Y106.155
G0 X95.193 Y104.991
G0 X95.441 Y105.377
G1 F1500 X88.613 Y112.206 E1119.48886
G0 F9000 X89.178 Y112.206
G1 F1500 X96.944 Y104.44 E1119.85415
G0 F9000 X96.711 Y104.047
G0 X98.08 Y103.248
G0 X98.299 Y103.651
G1 F1500 X89.743 Y112.207 E1120.25659
G0 F9000 X90.308 Y112.207
G1 F1500 X99.542 Y102.974 E1120.69091
G0 F9000 X99.323 Y102.57
G0 X100.494 Y101.969
G0 X100.701 Y102.38
G1 F1500 X90.873 Y112.208 E1121.15319
G0 F9000 X91.438 Y112.209
G1 F1500 X101.805 Y101.842 E1121.64082
G0 F9000 X101.616 Y101.424
G0 X102.657 Y100.95
G0 X102.845 Y101.367
G1 F1500 X91.952 Y112.26 E1122.15319
G0 F9000 X92.323 Y112.455
G1 F1500 X103.843 Y100.935 E1122.69506
G0 F9000 X103.669 Y100.513
G0 X104.634 Y100.112
G0 X104.809 Y100.535
G1 F1500 X92.6 Y112.744 E1123.26933
G0 F9000 X92.77 Y113.139
G1 F1500 X105.723 Y100.186 E1123.8786
G0 F9000 X106.618 Y99.857
G1 F1500 X92.789 Y113.687 E1124.5291
G0 F9000 X92.789 Y114.252
G1 F1500 X107.485 Y99.556 E1125.22035
G0 F9000 X108.34 Y99.266
G1 F1500 X92.789 Y114.817 E1125.95183
G0 F9000 X92.789 Y115.383
G1 F1500 X109.156 Y99.016 E1126.72168
G0 F9000 X109.952 Y98.786
G1 F1500 X91.253 Y117.485 E1127.60122
G0 F9000 X91.253 Y116.919
G1 F1500 X91.616 Y116.556 E1127.6183
G0 F9000 X91.616 Y116.096
G0 X90.865 Y116.168
G0 X90.794 Y118.051
G0 X91.252 Y118.051
G1 F1500 X110.743 Y98.561 E1128.53507
G0 F9000 X111.499 Y98.371
G1 F1500 X91.252 Y118.617 E1129.4874
G0 F9000 X91.251 Y119.184
G1 F1500 X112.254 Y98.181 E1130.47532
G0 F9000 X112.986 Y98.015
G1 F1500 X91.251 Y119.749 E1131.49765
G0 F9000 X91.251 Y120.316
G1 F1500 X113.706 Y97.86 E1132.55388
G0 F9000 X114.426 Y97.706
G1 F1500 X91.251 Y120.881 E1133.64396
G0 F9000 X90.797 Y120.86
G0 X90.102 Y121.553
G0 X90.121 Y122.011
G1 F1500 X88.914 Y123.218 E1133.70074
G0 F9000 X88.404 Y123.162
G1 F1500 X89.555 Y122.011 E1133.75488
G0 F9000 X88.989 Y122.011
G1 F1500 X87.969 Y123.032 E1133.80288
G0 F9000 X87.534 Y122.901
G1 F1500 X88.415 Y122.02 E1133.84432
G0 F9000 X87.826 Y122.043
G1 F1500 X87.099 Y122.77 E1133.87851
G0 F9000 X86.664 Y122.639
G1 F1500 X87.237 Y122.066 E1133.90547
G0 F9000 X86.649 Y122.089
G1 F1500 X86.23 Y122.508 E1133.92517
G0 F9000 X86.06 Y122.112
G1 F1500 X85.795 Y122.378 E1133.93766
G0 F9000 X85.472 Y122.135
G1 F1500 X85.36 Y122.247 E1133.94293
G0 F9000 X85.212 Y122.818
G0 X88.533 Y123.615
G0 X89.478 Y123.676
G0 X89.478 Y123.22
G1 F1500 X98.906 Y113.792 E1134.3864
G0 F9000 X99.247 Y114.103
G0 X96.627 Y117.284
G0 X96.252 Y117.011
G1 F1500 X90.042 Y123.222 E1134.67852
G0 F9000 X90.539 Y123.29
G1 F1500 X94.799 Y119.03 E1134.8789
G0 F9000 X95.185 Y119.282
G0 X94.136 Y120.895
G0 X93.751 Y120.644
G1 F1500 X90.885 Y123.51 E1135.0137
G0 F9000 X91.143 Y123.818
G1 F1500 X92.845 Y122.115 E1135.09378
G0 F9000 X93.243 Y122.346
G0 X92.466 Y123.691
G0 X92.067 Y123.459
G1 F1500 X91.267 Y124.259 E1135.13141
G0 F9000 X91.409 Y124.683
G1 F1500 X91.283 Y124.809 E1135.13734
G0 F9000 X90.823 Y124.802
G0 X90.464 Y123.694
G0 X88.533 Y123.615
G0 X84.341 Y122.523
G0 X84.333 Y121.816
G0 X84.856 Y121.463
G0 X90.535 Y121.292
G0 X90.532 Y115.836
G0 X92.069 Y115.835
G0 X92.067 Y112.928
G0 X87.483 Y112.664
G0 X87.483 Y112.204
G1 F1500 X91.652 Y108.035 E1135.33344
G1 F2700 E1130.33344
G0 F9000 X91.379 Y107.667
G0 X94.451 Y105.541
G0 X97.821 Y103.458
G0 X101.237 Y101.662
G0 X104.935 Y100.052
G0 X108.62 Y98.758
G0 X112.413 Y97.73
G0 X116.173 Y96.996
G0 X117.541 Y96.818
G0 X118.866 Y99.864
G0 X120.736 Y99.586
G0 X121.26 Y100.994
G0 X113.26 Y103.505
G0 X106.116 Y107.964
G0 X103.092 Y110.259
G1 F2700 E1135.33344
G0 F9000 X102.789 Y109.909
G1 F1500 X115.117 Y97.581 E1135.91331
G0 F9000 X115.8 Y97.463
G1 F1500 X105.8 Y107.463 E1136.38368
G0 F9000 X106.08 Y107.83
G0 X107.924 Y106.546
G0 X107.668 Y106.161
G1 F1500 X116.472 Y97.357 E1136.79779
G0 F9000 X117.129 Y97.266
G1 F1500 X109.195 Y105.2 E1137.17098
G0 F9000 X109.425 Y105.598
G0 X110.771 Y104.818
G0 X110.541 Y104.42
G1 F1500 X117.375 Y97.585 E1137.49246
G0 F9000 X117.514 Y98.012
G1 F1500 X111.698 Y103.828 E1137.76602
G0 F9000 X111.902 Y104.242
G0 X113.022 Y103.689
G0 X112.818 Y103.274
G1 F1500 X117.652 Y98.44 E1137.9934
G0 F9000 X117.791 Y98.867
G1 F1500 X113.814 Y102.844 E1138.18046
G0 F9000 X113.988 Y103.273
G0 X114.941 Y102.883
G0 X114.768 Y102.456
G1 F1500 X117.928 Y99.295 E1138.32912
G0 F9000 X118.097 Y99.692
G1 F1500 X115.696 Y102.093 E1138.44206
G0 F9000 X116.543 Y101.811
G1 F1500 X118.345 Y100.01 E1138.5268
G0 F9000 X118.704 Y100.216
G1 F1500 X117.39 Y101.53 E1138.5886
G0 F9000 X118.187 Y101.299
G1 F1500 X119.213 Y100.273 E1138.63686
G0 F9000 X119.922 Y100.13
G1 F1500 X118.94 Y101.112 E1138.68305
G0 F9000 X119.692 Y100.925
G1 F1500 X120.512 Y100.106 E1138.7216
G0 F9000 X120.667 Y100.516
G1 F1500 X120.435 Y100.748 E1138.73251
G1 F2700 E1133.73251
G0 F9000 X120.514 Y101.202
G0 X121.74 Y101.271
G0 X121.927 Y102.34
G0 X141.517 Y105.272
G0 X142.677 Y104.614
G0 X145.291 Y139.407
G0 X145.451 Y138.68
G0 X145.415 Y139.05
G0 X145.329 Y140.046
G1 F2700 E1138.73251
G0 F9000 X145.329 Y138.343
G1 F1500 X145.068 Y137.707 E1138.75538
G1 X144.578 Y137.075 E1138.78198
G1 X143.938 Y136.595 E1138.80859
G1 X143.236 Y136.3 E1138.83391
G1 X142.426 Y136.205 E1138.86104
G1 X141.679 Y136.301 E1138.88609
G1 X140.93 Y136.62 E1138.91316
G1 X140.325 Y137.08 E1138.93844
G1 X139.937 Y137.591 E1138.95978
G1 X140.293 Y132.868 E1139.11732
G1 X143.167 Y104.919 E1140.0518
G1 X143.126 Y104.634 E1140.06138
G1 X149.825 Y95.054 E1140.45019
G1 X145.329 Y138.343 E1141.89773
G0 F9000 X145.329 Y140.046
G0 X144.629 Y137.565
G0 X144.994 Y137.283
G1 F1500 X145.267 Y137.01 E1141.91057
G0 F9000 X144.747 Y136.964
G1 F1500 X145.332 Y136.379 E1141.93809
G0 F9000 X145.398 Y135.748
G1 F1500 X144.433 Y136.713 E1141.98348
G0 F9000 X144.111 Y136.469
G1 F1500 X145.463 Y135.117 E1142.04707
G0 F9000 X145.529 Y134.485
G1 F1500 X143.724 Y136.29 E1142.13197
G0 F9000 X143.327 Y136.122
G1 F1500 X145.595 Y133.854 E1142.23865
G0 F9000 X145.66 Y133.222
G1 F1500 X142.834 Y136.049 E1142.3716
G0 F9000 X142.297 Y136.02
G1 F1500 X145.726 Y132.592 E1142.53287
G0 F9000 X145.791 Y131.96
G1 F1500 X141.648 Y136.103 E1142.72774
G0 F9000 X141.749 Y136.555
G0 X140.734 Y137.099
G0 X140.455 Y136.731
G1 F1500 X145.857 Y131.329 E1142.98184
G0 F9000 X145.922 Y130.698
G1 F1500 X140.229 Y136.391 E1143.24962
G0 F9000 X140.275 Y135.779
G1 F1500 X145.988 Y130.067 E1143.51832
G0 F9000 X146.054 Y129.435
G1 F1500 X140.32 Y135.168 E1143.788
G0 F9000 X140.366 Y134.557
G1 F1500 X146.119 Y128.804 E1144.05861
G0 F9000 X146.184 Y128.173
G1 F1500 X140.412 Y133.945 E1144.3301
G0 F9000 X140.458 Y133.333
G1 F1500 X146.25 Y127.542 E1144.60252
G0 F9000 X146.315 Y126.911
G1 F1500 X140.509 Y132.717 E1144.87562
G0 F9000 X140.574 Y132.086
G1 F1500 X146.381 Y126.279 E1145.14876
G0 F9000 X146.447 Y125.648
G1 F1500 X140.639 Y131.455 E1145.42193
G0 F9000 X140.704 Y130.825
G1 F1500 X146.513 Y125.016 E1145.69516
G0 F9000 X146.578 Y124.386
G1 F1500 X140.769 Y130.195 E1145.9684
G0 F9000 X140.834 Y129.564
G1 F1500 X146.643 Y123.754 E1146.24166
G0 F9000 X146.709 Y123.123
G1 F1500 X140.899 Y128.933 E1146.51495
G0 F9000 X140.964 Y128.302
G1 F1500 X146.774 Y122.492 E1146.78823
G0 F9000 X146.84 Y121.861
G1 F1500 X141.029 Y127.672 E1147.06156
G0 F9000 X141.094 Y127.041
G1 F1500 X146.906 Y121.229 E1147.33494
G0 F9000 X146.971 Y120.598
G1 F1500 X141.159 Y126.41 E1147.60832
G0 F9000 X141.224 Y125.779
G1 F1500 X147.036 Y119.967 E1147.8817
G0 F9000 X147.102 Y119.336
G1 F1500 X141.289 Y125.149 E1148.15512
G0 F9000 X141.354 Y124.518
G1 F1500 X147.167 Y118.705 E1148.42855
G0 F9000 X147.233 Y118.073
G1 F1500 X141.419 Y123.887 E1148.70202
G0 F9000 X141.484 Y123.256
G1 F1500 X147.299 Y117.442 E1148.97552
G0 F9000 X147.364 Y116.811
G1 F1500 X141.549 Y122.626 E1149.24904
G0 F9000 X141.614 Y121.995
G1 F1500 X147.43 Y116.18 E1149.52258
G0 F9000 X147.495 Y115.548
G1 F1500 X141.679 Y121.365 E1149.79617
G0 F9000 X141.744 Y120.734
G1 F1500 X147.561 Y114.917 E1150.06979
G0 F9000 X147.626 Y114.286
G1 F1500 X141.809 Y120.104 E1150.34342
G0 F9000 X141.874 Y119.473
G1 F1500 X147.692 Y113.655 E1150.61708
G0 F9000 X147.758 Y113.023
G1 F1500 X141.939 Y118.842 E1150.89079
G0 F9000 X142.004 Y118.211
G1 F1500 X147.823 Y112.393 E1151.16448
G0 F9000 X147.889 Y111.761
G1 F1500 X142.069 Y117.581 E1151.43823
G0 F9000 X142.134 Y116.95
G1 F1500 X147.954 Y111.13 E1151.71199
G0 F9000 X148.019 Y110.499
G1 F1500 X142.199 Y116.319 E1151.98574
G0 F9000 X142.264 Y115.688
G1 F1500 X148.085 Y109.867 E1152.25954
G0 F9000 X148.151 Y109.236
G1 F1500 X142.329 Y115.058 E1152.53339
G0 F9000 X142.394 Y114.427
G1 F1500 X148.216 Y108.605 E1152.80724
G0 F9000 X148.282 Y107.974
G1 F1500 X142.459 Y113.796 E1153.08111
G0 F9000 X142.524 Y113.165
G1 F1500 X148.347 Y107.342 E1153.35501
G0 F9000 X148.413 Y106.711
G1 F1500 X142.589 Y112.535 E1153.62895
G0 F9000 X142.654 Y111.905
G1 F1500 X148.478 Y106.08 E1153.90292
G0 F9000 X148.544 Y105.449
G1 F1500 X142.719 Y111.274 E1154.17691
G0 F9000 X142.784 Y110.643
G1 F1500 X148.61 Y104.817 E1154.45095
G0 F9000 X148.675 Y104.187
G1 F1500 X142.849 Y110.012 E1154.72496
G0 F9000 X142.914 Y109.382
G1 F1500 X148.741 Y103.555 E1154.99905
G0 F9000 X148.806 Y102.924
G1 F1500 X142.979 Y108.751 E1155.27313
G0 F9000 X143.044 Y108.12
G1 F1500 X148.871 Y102.293 E1155.54721
G0 F9000 X148.937 Y101.661
G1 F1500 X143.109 Y107.489 E1155.82135
G0 F9000 X143.174 Y106.859
G1 F1500 X149.003 Y101.03 E1156.09552
G0 F9000 X149.068 Y100.399
G1 F1500 X143.239 Y106.228 E1156.3697
G0 F9000 X143.304 Y105.597
G1 F1500 X149.134 Y99.768 E1156.6439
G0 F9000 X149.2 Y99.136
G1 F1500 X143.365 Y104.971 E1156.91836
G0 F9000 X142.913 Y104.948
G0 X142.92 Y104.654
G0 X143.539 Y103.593
G0 X143.914 Y103.856
G1 F1500 X149.265 Y98.505 E1157.17006
G0 F9000 X149.33 Y97.874
G1 F1500 X145.229 Y101.975 E1157.36296
G0 F9000 X144.855 Y101.712
G0 X146.17 Y99.832
G0 X146.544 Y100.095
G1 F1500 X149.396 Y97.243 E1157.49711
G0 F9000 X149.462 Y96.611
G1 F1500 X147.86 Y98.214 E1157.57248
G0 F9000 X147.485 Y97.951
G0 X148.8 Y96.07
G0 X149.175 Y96.333
G1 F1500 X149.527 Y95.981 E1157.58904
;TIME_ELAPSED:1815.210127
G1 F2700 E1152.58904
M140 S0
M107
G91 ;Relative positioning
G1 E-2 F2700 ;Retract a bit
G1 E-2 Z0.2 F2400 ;Retract and raise Z
G1 X5 Y5 F3000 ;Wipe out
G1 Z10 ;Raise Z more
G90 ;Absolute positioning

G1 X0 Y235 ;Present print
M106 S0 ;Turn-off fan
M104 S0 ;Turn-off hotend
M140 S0 ;Turn-off bed

M84 X Y E ;Disable all steppers but Z

M82 ;absolute extrusion mode
M104 S0
;End of Gcode
;SETTING_3 {"global_quality": "[general]\\nversion = 4\\nname = Standard Quality
;SETTING_3  #2\\ndefinition = creality_ender3\\n\\n[metadata]\\ntype = quality_c
;SETTING_3 hanges\\nquality_type = standard\\nsetting_version = 25\\n\\n[values]
;SETTING_3 \\nadhesion_type = brim\\nsupport_enable = True\\nsupport_structure =
;SETTING_3  tree\\n\\n", "extruder_quality": ["[general]\\nversion = 4\\nname = 
;SETTING_3 Standard Quality #2\\ndefinition = creality_ender3\\n\\n[metadata]\\n
;SETTING_3 type = quality_changes\\nquality_type = standard\\nsetting_version = 
;SETTING_3 25\\nposition = 0\\n\\n[values]\\ninfill_pattern = grid\\ninfill_spar
;SETTING_3 se_density = 20\\nsupport_type = buildplate\\n\\n"]}
