;FLAVOR:Marlin
;TIME:1834
;Filament used: 0.830046m
;Layer height: 0.2
;MINX:91.723
;MINY:103.356
;MINZ:0.2
;MAXX:143.274
;MAXY:131.644
;MAXZ:23.4
;TARGET_MACHINE.NAME:Creality Ender-3
;Generated with Cura_SteamEngine 5.10.2
M140 S50
M105
M190 S50
M104 S200
M105
M109 S200
; Ender 3 Custom Start G-code
G92 E0 ; Reset Extruder
G28 ; Home all axes
G1 Z2.0 F3000 ; Move Z Axis up little to prevent scratching of Heat Bed
G1 X0.1 Y20 Z0.3 F5000.0 ; Move to start position
G1 X0.1 Y200.0 Z0.3 F1500.0 E15 ; Draw the first line
G1 X0.4 Y200.0 Z0.3 F5000.0 ; Move to side a little
G1 X0.4 Y20 Z0.3 F1500.0 E30 ; Draw the second line
G92 E0 ; Reset Extruder
G1 Z2.0 F3000 ; Move Z Axis up little to prevent scratching of Heat Bed
G1 X5 Y20 Z0.3 F5000.0 ; Move over to prevent blob squish
M82 ;absolute extrusion mode
G92 E0
G92 E0
G1 F2700 E-5
;LAYER_COUNT:117
;LAYER:0
M107
G0 F6000 X95.576 Y108.24 Z0.2
;TYPE:SKIRT
G1 F2700 E0
G1 F1200 X98.29 Y106.16 E0.11373
G1 X101.492 Y104.83 E0.22905
G1 X103.831 Y104.525 E0.3075
G1 X122.365 Y103.356 E0.92517
G1 X129.768 Y103.376 E1.1714
G1 X130.791 Y103.458 E1.20553
G1 X133.322 Y103.995 E1.29159
G1 X134.617 Y104.47 E1.33747
G1 X136.566 Y105.472 E1.41035
G1 X137.952 Y106.446 E1.4667
G1 X139.103 Y107.472 E1.51798
G1 X140.726 Y109.403 E1.60188
G1 X141.676 Y110.945 E1.66212
G1 X142.111 Y111.852 E1.69558
G1 X142.898 Y114.202 E1.778
G1 X143.124 Y115.355 E1.81708
G1 X143.274 Y118.106 E1.90872
G1 X143.192 Y119.142 E1.94328
G1 X142.65 Y121.68 E2.0296
G1 X142.194 Y122.929 E2.07382
G1 X141.065 Y125.101 E2.15524
G1 X140.293 Y126.189 E2.19961
G1 X139.093 Y127.536 E2.25961
G1 X137.341 Y129.009 E2.33574
G1 X135.672 Y130.041 E2.40101
G1 X134.546 Y130.566 E2.44233
G1 X132.589 Y131.206 E2.51081
G1 X130.85 Y131.528 E2.56964
G1 X129.152 Y131.644 E2.62624
G1 X121.866 Y131.625 E2.86858
G1 X103.831 Y130.475 E3.46964
G1 X101.488 Y130.169 E3.54823
G1 X98.291 Y128.841 E3.66337
G1 X95.576 Y126.76 E3.77715
G1 X93.489 Y124.037 E3.89126
G1 X92.164 Y120.848 E4.00612
G1 X91.723 Y117.5 E4.11843
G1 X92.164 Y114.152 E4.23075
G1 X93.489 Y110.963 E4.34561
G1 X95.576 Y108.24 E4.45972
G0 F6000 X95.861 Y108.525
G1 F1200 X98.49 Y106.51 E4.56989
G1 X101.594 Y105.22 E4.68169
G1 X103.883 Y104.922 E4.75846
G1 X122.364 Y103.756 E5.37436
G1 X129.736 Y103.775 E5.61956
G1 X130.759 Y103.857 E5.65369
G1 X133.184 Y104.371 E5.73614
G1 X134.479 Y104.846 E5.78202
G1 X136.383 Y105.828 E5.85327
G1 X137.686 Y106.745 E5.90627
G1 X138.837 Y107.771 E5.95755
G1 X140.386 Y109.613 E6.0376
G1 X141.315 Y111.118 E6.09642
G1 X141.75 Y112.025 E6.12988
G1 X142.505 Y114.279 E6.20894
G1 X142.731 Y115.432 E6.24802
G1 X142.875 Y118.074 E6.33603
G1 X142.793 Y119.11 E6.37059
G1 X142.274 Y121.543 E6.45333
G1 X141.818 Y122.792 E6.49756
G1 X140.738 Y124.87 E6.57545
G1 X139.994 Y125.923 E6.61833
G1 X138.794 Y127.27 E6.67833
G1 X137.13 Y128.669 E6.75064
G1 X135.503 Y129.678 E6.81432
G1 X134.377 Y130.203 E6.85564
G1 X132.516 Y130.813 E6.92077
G1 X130.823 Y131.129 E6.97806
G1 X129.153 Y131.244 E7.03373
G1 X121.891 Y131.226 E7.27527
G1 X103.883 Y130.078 E7.87543
G1 X101.59 Y129.779 E7.95234
G1 X98.494 Y128.492 E8.06386
G1 X95.859 Y126.473 E8.17427
G1 X93.839 Y123.837 E8.28473
G1 X92.554 Y120.745 E8.39609
G1 X92.127 Y117.5 E8.50495
G1 X92.554 Y114.255 E8.61381
G1 X93.839 Y111.163 E8.72518
G1 X95.861 Y108.525 E8.83573
G0 F6000 X96.144 Y108.812
G1 F1200 X98.694 Y106.858 E8.94258
G1 X101.695 Y105.611 E9.05067
G1 X103.935 Y105.319 E9.1258
G1 X122.363 Y104.156 E9.73994
G1 X129.704 Y104.174 E9.9841
G1 X130.727 Y104.256 E10.01824
G1 X133.046 Y104.747 E10.09708
G1 X134.341 Y105.222 E10.14295
G1 X136.153 Y106.156 E10.21076
G1 X137.42 Y107.044 E10.26222
G1 X138.571 Y108.07 E10.3135
G1 X140.046 Y109.824 E10.38972
G1 X140.954 Y111.291 E10.44711
G1 X141.389 Y112.198 E10.48056
G1 X142.112 Y114.356 E10.55626
G1 X142.338 Y115.509 E10.59534
G1 X142.476 Y118.042 E10.67971
G1 X142.394 Y119.078 E10.71428
G1 X141.898 Y121.406 E10.79344
G1 X141.442 Y122.655 E10.83767
G1 X140.411 Y124.64 E10.91206
G1 X139.695 Y125.657 E10.95343
G1 X138.495 Y127.004 E11.01343
G1 X136.919 Y128.329 E11.08192
G1 X135.334 Y129.315 E11.144
G1 X134.208 Y129.84 E11.18532
G1 X132.442 Y130.42 E11.24715
G1 X130.795 Y130.73 E11.30289
G1 X129.154 Y130.844 E11.3576
G1 X121.916 Y130.827 E11.59834
G1 X103.935 Y129.681 E12.1976
G1 X101.691 Y129.388 E12.27287
G1 X98.695 Y128.143 E12.38078
G1 X96.144 Y126.188 E12.48768
G1 X94.189 Y123.637 E12.59457
G1 X92.944 Y120.642 E12.70245
G1 X92.531 Y117.5 E12.80785
G1 X92.944 Y114.358 E12.91326
G1 X94.189 Y111.363 E13.02113
G1 X96.144 Y108.812 E13.12803
G0 F6000 X96.429 Y109.097
G1 F1200 X98.895 Y107.207 E13.23137
G1 X101.796 Y106.002 E13.33585
G1 X103.987 Y105.716 E13.40934
G1 X122.362 Y104.556 E14.02171
G1 X129.672 Y104.573 E14.26484
G1 X130.695 Y104.655 E14.29898
G1 X132.963 Y105.138 E14.3761
G1 X134.158 Y105.578 E14.41846
G1 X135.97 Y106.512 E14.48626
G1 X137.154 Y107.343 E14.53437
G1 X138.305 Y108.369 E14.58566
G1 X139.706 Y110.035 E14.65806
G1 X140.593 Y111.464 E14.714
G1 X141.028 Y112.371 E14.74745
G1 X141.719 Y114.433 E14.81978
G1 X141.945 Y115.586 E14.85886
G1 X142.077 Y118.01 E14.93961
G1 X141.995 Y119.046 E14.97417
G1 X141.522 Y121.269 E15.04976
G1 X141.066 Y122.518 E15.09399
G1 X140.084 Y124.41 E15.16489
G1 X139.396 Y125.391 E15.20474
G1 X138.196 Y126.738 E15.26474
G1 X136.707 Y127.99 E15.32945
G1 X135.164 Y128.953 E15.38994
G1 X134.083 Y129.46 E15.42965
G1 X132.367 Y130.027 E15.48976
G1 X130.767 Y130.331 E15.54393
G1 X129.155 Y130.444 E15.59768
G1 X121.941 Y130.428 E15.83762
G1 X103.987 Y129.284 E16.43598
G1 X101.792 Y128.997 E16.50961
G1 X98.896 Y127.794 E16.61391
G1 X96.429 Y125.903 E16.71729
G1 X94.538 Y123.436 E16.82068
G1 X93.335 Y120.541 E16.92495
G1 X92.935 Y117.5 E17.02696
G1 X93.335 Y114.459 E17.12898
G1 X94.538 Y111.564 E17.23325
G1 X96.429 Y109.097 E17.33663
G0 F6000 X96.714 Y109.382
G1 F1200 X99.095 Y107.557 E17.43641
G1 X101.898 Y106.392 E17.53737
G1 X104.039 Y106.113 E17.60919
G1 X122.361 Y104.956 E18.21979
G1 X129.64 Y104.972 E18.46189
G1 X130.663 Y105.054 E18.49603
G1 X132.826 Y105.514 E18.56958
G1 X133.975 Y105.934 E18.61027
G1 X135.787 Y106.868 E18.67807
G1 X136.888 Y107.642 E18.72283
G1 X138.039 Y108.668 E18.77412
G1 X139.366 Y110.246 E18.84269
G1 X140.232 Y111.637 E18.89719
G1 X140.667 Y112.544 E18.93065
G1 X141.326 Y114.51 E18.99961
G1 X141.552 Y115.663 E19.03869
G1 X141.678 Y117.978 E19.1158
G1 X141.596 Y119.014 E19.15037
G1 X141.146 Y121.132 E19.22238
G1 X140.69 Y122.381 E19.26661
G1 X139.756 Y124.181 E19.33406
G1 X139.097 Y125.125 E19.37235
G1 X137.897 Y126.472 E19.43235
G1 X136.495 Y127.651 E19.49328
G1 X134.993 Y128.591 E19.55221
G1 X133.957 Y129.08 E19.59031
G1 X132.292 Y129.634 E19.64868
G1 X130.739 Y129.932 E19.70127
G1 X129.156 Y130.044 E19.75405
G1 X121.966 Y130.029 E19.99319
G1 X104.039 Y128.887 E20.59066
G1 X101.894 Y128.607 E20.66261
G1 X99.096 Y127.444 E20.76339
G1 X96.714 Y125.618 E20.86321
G1 X94.888 Y123.236 E20.96304
G1 X93.725 Y120.438 E21.06382
G1 X93.339 Y117.5 E21.16238
G1 X93.725 Y114.562 E21.26094
G1 X94.888 Y111.764 E21.36172
G1 X96.714 Y109.382 E21.46154
G0 F6000 X96.999 Y109.667
G1 F1200 X99.296 Y107.906 E21.55781
G1 X101.999 Y106.783 E21.65516
G1 X104.091 Y106.51 E21.72533
G1 X122.36 Y105.356 E22.33417
G1 X129.608 Y105.371 E22.57524
G1 X130.631 Y105.453 E22.60938
G1 X132.69 Y105.89 E22.67938
G1 X133.792 Y106.29 E22.71838
G1 X135.558 Y107.196 E22.78439
G1 X136.622 Y107.941 E22.82759
G1 X137.773 Y108.967 E22.87888
G1 X139.027 Y110.458 E22.94368
G1 X139.871 Y111.81 E22.99669
G1 X140.306 Y112.717 E23.03014
G1 X140.933 Y114.587 E23.09574
G1 X141.159 Y115.74 E23.13482
G1 X141.279 Y117.946 E23.2083
G1 X141.197 Y118.982 E23.24287
G1 X140.77 Y120.995 E23.31131
G1 X140.314 Y122.244 E23.35553
G1 X139.427 Y123.953 E23.41958
G1 X138.798 Y124.859 E23.45626
G1 X137.598 Y126.206 E23.51626
G1 X136.282 Y127.312 E23.57344
G1 X134.822 Y128.229 E23.63078
G1 X133.786 Y128.718 E23.66888
G1 X132.216 Y129.241 E23.72392
G1 X130.71 Y129.533 E23.77494
G1 X129.157 Y129.644 E23.82673
G1 X121.991 Y129.63 E24.06507
G1 X104.091 Y128.49 E24.66163
G1 X101.995 Y128.216 E24.73194
G1 X99.297 Y127.095 E24.82911
G1 X96.999 Y125.333 E24.92543
G1 X95.237 Y123.035 E25.02174
G1 X94.116 Y120.337 E25.11891
G1 X93.743 Y117.5 E25.21409
G1 X94.116 Y114.663 E25.30926
G1 X95.237 Y111.965 E25.40643
G1 X96.999 Y109.667 E25.50274
G0 F6000 X97.284 Y109.952
G1 F1200 X99.5 Y108.254 E25.5956
G1 X102.1 Y107.174 E25.68924
G1 X104.143 Y106.907 E25.75777
G1 X122.359 Y105.756 E26.36484
G1 X129.576 Y105.77 E26.60488
G1 X130.599 Y105.852 E26.63901
G1 X132.554 Y106.266 E26.70548
G1 X133.609 Y106.646 E26.74278
G1 X135.375 Y107.552 E26.80879
G1 X136.356 Y108.24 E26.84864
G1 X137.507 Y109.266 E26.89993
G1 X138.688 Y110.67 E26.96095
G1 X139.51 Y111.983 E27.01247
G1 X139.945 Y112.89 E27.04593
G1 X140.54 Y114.664 E27.10816
G1 X140.766 Y115.817 E27.14724
G1 X140.88 Y117.914 E27.21709
G1 X140.798 Y118.95 E27.25166
G1 X140.394 Y120.859 E27.31656
G1 X139.959 Y122.06 E27.35904
G1 X139.098 Y123.725 E27.42139
G1 X138.469 Y124.631 E27.45807
G1 X137.3 Y125.939 E27.51642
G1 X136.069 Y126.974 E27.56991
G1 X134.651 Y127.867 E27.62564
G1 X133.615 Y128.356 E27.66375
G1 X132.14 Y128.848 E27.71546
G1 X130.634 Y129.14 E27.76649
G1 X129.158 Y129.244 E27.8157
G1 X122.016 Y129.231 E28.05324
G1 X104.143 Y128.093 E28.64891
G1 X102.098 Y127.826 E28.7175
G1 X99.5 Y126.746 E28.81108
G1 X97.284 Y125.048 E28.90393
G1 X95.586 Y122.832 E28.99679
G1 X94.506 Y120.234 E29.09037
G1 X94.147 Y117.5 E29.18208
G1 X94.506 Y114.766 E29.27379
G1 X95.586 Y112.168 E29.36737
G1 X97.284 Y109.952 E29.46023
G0 F6000 X97.569 Y110.237
G1 F1200 X99.7 Y108.604 E29.54952
G1 X102.202 Y107.564 E29.63964
G1 X104.195 Y107.304 E29.70649
G1 X122.358 Y106.156 E30.3118
G1 X129.544 Y106.169 E30.55081
G1 X130.567 Y106.251 E30.58494
G1 X132.42 Y106.643 E30.64794
G1 X133.427 Y107.002 E30.68349
G1 X135.146 Y107.88 E30.74769
G1 X136.09 Y108.539 E30.78599
G1 X137.241 Y109.565 E30.83727
G1 X138.349 Y110.883 E30.89454
G1 X139.149 Y112.156 E30.94455
G1 X139.584 Y113.063 E30.978
G1 X140.147 Y114.741 E31.03687
G1 X140.373 Y115.894 E31.07595
G1 X140.481 Y117.882 E31.14217
G1 X140.399 Y118.918 E31.17673
G1 X140.018 Y120.724 E31.23812
G1 X139.603 Y121.877 E31.27888
G1 X138.769 Y123.497 E31.33948
G1 X138.14 Y124.403 E31.37617
G1 X137.002 Y125.672 E31.43286
G1 X135.855 Y126.636 E31.48269
G1 X134.48 Y127.505 E31.53679
G1 X133.444 Y127.994 E31.5749
G1 X132.064 Y128.455 E31.62329
G1 X130.558 Y128.747 E31.67431
G1 X129.159 Y128.844 E31.72095
G1 X122.041 Y128.832 E31.9577
G1 X104.195 Y127.696 E32.55246
G1 X102.199 Y127.435 E32.61941
G1 X99.701 Y126.397 E32.70939
G1 X97.569 Y124.763 E32.79873
G1 X95.935 Y122.631 E32.88807
G1 X94.897 Y120.133 E32.97804
G1 X94.551 Y117.5 E33.06637
G1 X94.897 Y114.867 E33.15469
G1 X95.935 Y112.369 E33.24466
G1 X97.569 Y110.237 E33.33401
G0 F6000 X97.854 Y110.522
G1 F1200 X99.901 Y108.953 E33.41979
G1 X102.303 Y107.955 E33.5063
G1 X104.247 Y107.701 E33.57151
G1 X122.357 Y106.556 E34.17505
G1 X129.512 Y106.568 E34.41303
G1 X130.535 Y106.65 E34.44716
G1 X132.287 Y107.02 E34.50672
G1 X133.246 Y107.359 E34.54055
G1 X134.918 Y108.209 E34.60294
G1 X135.824 Y108.838 E34.63962
G1 X136.975 Y109.864 E34.6909
G1 X138.011 Y111.096 E34.74444
G1 X138.788 Y112.329 E34.79292
G1 X139.223 Y113.236 E34.82637
G1 X139.754 Y114.818 E34.88187
G1 X139.98 Y115.971 E34.92095
G1 X140.082 Y117.85 E34.98354
G1 X140 Y118.886 E35.01811
G1 X139.641 Y120.59 E35.07603
G1 X139.247 Y121.695 E35.11504
G1 X138.44 Y123.269 E35.17388
G1 X137.811 Y124.175 E35.21056
G1 X136.705 Y125.404 E35.26555
G1 X135.641 Y126.298 E35.31177
G1 X134.309 Y127.143 E35.36424
G1 X133.273 Y127.632 E35.40234
G1 X131.987 Y128.062 E35.44744
G1 X130.53 Y128.348 E35.49683
G1 X129.16 Y128.444 E35.54251
G1 X122.066 Y128.433 E35.77845
G1 X104.247 Y127.299 E36.37231
G1 X102.302 Y127.045 E36.43755
G1 X99.901 Y126.047 E36.52404
G1 X97.854 Y124.478 E36.60982
G1 X96.285 Y122.431 E36.6956
G1 X95.287 Y120.03 E36.78208
G1 X94.955 Y117.5 E36.86695
G1 X95.287 Y114.97 E36.95182
G1 X96.285 Y112.569 E37.0383
G1 X97.854 Y110.522 E37.12409
G0 F6000 X98.139 Y110.807
G1 F1200 X100.102 Y109.302 E37.20636
G1 X102.404 Y108.346 E37.28926
G1 X104.299 Y108.098 E37.35283
G1 X122.356 Y106.956 E37.9546
G1 X129.48 Y106.967 E38.19155
G1 X130.503 Y107.049 E38.22568
G1 X132.155 Y107.398 E38.28184
G1 X133.065 Y107.716 E38.3139
G1 X134.69 Y108.538 E38.37447
G1 X135.596 Y109.167 E38.41116
G1 X136.708 Y110.162 E38.46079
G1 X137.673 Y111.31 E38.51067
G1 X138.427 Y112.502 E38.55758
G1 X138.862 Y113.409 E38.59104
G1 X139.361 Y114.895 E38.64317
G1 X139.587 Y116.048 E38.68225
G1 X139.683 Y117.818 E38.74121
G1 X139.601 Y118.854 E38.77577
G1 X139.264 Y120.457 E38.83026
G1 X138.891 Y121.513 E38.86751
G1 X138.111 Y123.041 E38.92457
G1 X137.482 Y123.947 E38.96125
G1 X136.408 Y125.136 E39.01454
G1 X135.426 Y125.961 E39.0572
G1 X134.138 Y126.781 E39.10798
G1 X133.102 Y127.27 E39.14609
G1 X131.91 Y127.669 E39.18789
G1 X130.453 Y127.955 E39.23728
G1 X129.161 Y128.044 E39.28035
G1 X122.091 Y128.034 E39.5155
G1 X104.299 Y126.902 E40.10846
G1 X102.403 Y126.654 E40.17206
G1 X100.102 Y125.698 E40.25493
G1 X98.139 Y124.193 E40.33721
G1 X96.634 Y122.23 E40.41948
G1 X95.678 Y119.929 E40.50235
G1 X95.359 Y117.5 E40.58383
G1 X95.678 Y115.071 E40.66531
G1 X96.634 Y112.77 E40.74819
G1 X98.139 Y110.807 E40.83046
G0 F6000 X98.424 Y111.092
G1 F1200 X100.302 Y109.652 E40.90917
G1 X102.506 Y108.736 E40.98855
G1 X104.351 Y108.495 E41.05044
G1 X122.355 Y107.356 E41.65045
G1 X129.448 Y107.366 E41.88637
G1 X130.471 Y107.448 E41.9205
G1 X132.023 Y107.776 E41.97326
G1 X132.933 Y108.094 E42.00532
G1 X134.462 Y108.867 E42.06231
G1 X135.368 Y109.496 E42.09899
G1 X136.441 Y110.46 E42.14697
G1 X137.335 Y111.524 E42.19319
G1 X138.066 Y112.675 E42.23854
G1 X138.501 Y113.582 E42.272
G1 X138.968 Y114.972 E42.32077
G1 X139.194 Y116.125 E42.35985
G1 X139.284 Y117.786 E42.41517
G1 X139.202 Y118.822 E42.44974
G1 X138.887 Y120.325 E42.50081
G1 X138.534 Y121.332 E42.53631
G1 X137.782 Y122.813 E42.59155
G1 X137.153 Y123.719 E42.62823
G1 X136.15 Y124.83 E42.67802
G1 X135.21 Y125.624 E42.71894
G1 X133.967 Y126.419 E42.76802
G1 X132.931 Y126.908 E42.80612
G1 X131.833 Y127.276 E42.84464
G1 X130.376 Y127.562 E42.89402
G1 X129.162 Y127.644 E42.93449
G1 X122.116 Y127.635 E43.16884
G1 X104.351 Y126.505 E43.7609
G1 X102.506 Y126.264 E43.82279
G1 X100.302 Y125.348 E43.90217
G1 X98.424 Y123.908 E43.98088
G1 X96.984 Y122.03 E44.0596
G1 X96.068 Y119.826 E44.13898
G1 X95.763 Y117.5 E44.21701
G1 X96.068 Y115.174 E44.29503
G1 X96.984 Y112.97 E44.37442
G1 X98.424 Y111.092 E44.45313
G0 F6000 X98.709 Y111.377
G1 F1200 X100.506 Y110 E44.52842
G1 X102.607 Y109.127 E44.6041
G1 X104.403 Y108.892 E44.66434
G1 X122.354 Y107.756 E45.26259
G1 X129.416 Y107.765 E45.49747
G1 X130.439 Y107.847 E45.53161
G1 X131.891 Y108.154 E45.58097
G1 X132.801 Y108.472 E45.61303
G1 X134.235 Y109.196 E45.66646
G1 X135.101 Y109.794 E45.70146
G1 X136.174 Y110.758 E45.74944
G1 X136.998 Y111.739 E45.79205
G1 X137.705 Y112.848 E45.83579
G1 X138.14 Y113.755 E45.86925
G1 X138.575 Y115.049 E45.91465
G1 X138.801 Y116.202 E45.95373
G1 X138.885 Y117.754 E46.00543
G1 X138.803 Y118.79 E46.03999
G1 X138.496 Y120.242 E46.08935
G1 X138.177 Y121.152 E46.12143
G1 X137.453 Y122.586 E46.17486
G1 X136.855 Y123.452 E46.20986
G1 X135.892 Y124.524 E46.25779
G1 X134.952 Y125.318 E46.29871
G1 X133.796 Y126.057 E46.34435
G1 X132.76 Y126.546 E46.38245
G1 X131.756 Y126.883 E46.41767
G1 X130.299 Y127.169 E46.46706
G1 X129.162 Y127.244 E46.50496
G1 X122.141 Y127.236 E46.73848
G1 X104.403 Y126.108 E47.32964
G1 X102.607 Y125.873 E47.38988
G1 X100.506 Y125 E47.46555
G1 X98.709 Y123.623 E47.54085
G1 X97.332 Y121.826 E47.61615
G1 X96.459 Y119.725 E47.69182
G1 X96.167 Y117.5 E47.76646
G1 X96.459 Y115.275 E47.8411
G1 X97.332 Y113.174 E47.91677
G1 X98.709 Y111.377 E47.99207
G0 F6000 X98.994 Y111.662
G1 F1200 X100.706 Y110.35 E48.06381
G1 X102.71 Y109.517 E48.13599
G1 X104.455 Y109.289 E48.19452
G1 X122.354 Y108.156 E48.79104
G1 X129.384 Y108.164 E49.02486
G1 X130.407 Y108.246 E49.05899
G1 X131.759 Y108.532 E49.10495
G1 X132.669 Y108.85 E49.13702
G1 X134.009 Y109.526 E49.18693
G1 X134.834 Y110.092 E49.22021
G1 X135.868 Y111.016 E49.26633
G1 X136.661 Y111.955 E49.30721
G1 X137.344 Y113.021 E49.34932
G1 X137.779 Y113.928 E49.38278
G1 X138.182 Y115.126 E49.42482
G1 X138.408 Y116.279 E49.46389
G1 X138.486 Y117.722 E49.51196
G1 X138.404 Y118.758 E49.54652
G1 X138.118 Y120.111 E49.59252
G1 X137.82 Y120.972 E49.62282
G1 X137.123 Y122.36 E49.67448
G1 X136.557 Y123.185 E49.70776
G1 X135.633 Y124.219 E49.75388
G1 X134.736 Y124.981 E49.79303
G1 X133.625 Y125.695 E49.83695
G1 X132.589 Y126.184 E49.87505
G1 X131.679 Y126.49 E49.90699
G1 X130.222 Y126.776 E49.95637
G1 X129.162 Y126.844 E49.9917
G1 X122.166 Y126.837 E50.22439
G1 X104.455 Y125.711 E50.81465
G1 X102.71 Y125.483 E50.87318
G1 X100.706 Y124.65 E50.94536
G1 X98.994 Y123.338 E51.0171
G1 X97.682 Y121.626 E51.08884
G1 X96.849 Y119.622 E51.16102
G1 X96.571 Y117.5 E51.2322
G1 X96.849 Y115.378 E51.30338
G1 X97.682 Y113.374 E51.37557
G1 X98.994 Y111.662 E51.44731
G0 F6000 X99.279 Y111.947
G1 F1200 X100.907 Y110.699 E51.51553
G1 X102.811 Y109.908 E51.58411
G1 X104.507 Y109.686 E51.641
G1 X122.354 Y108.556 E52.23578
G1 X129.352 Y108.563 E52.46854
G1 X130.375 Y108.645 E52.50267
G1 X131.629 Y108.91 E52.5453
G1 X132.49 Y109.207 E52.57559
G1 X133.783 Y109.856 E52.62371
G1 X134.608 Y110.422 E52.65699
G1 X135.563 Y111.275 E52.69958
G1 X136.325 Y112.172 E52.73872
G1 X136.983 Y113.194 E52.77915
G1 X137.418 Y114.101 E52.81261
G1 X137.789 Y115.203 E52.85128
G1 X138.015 Y116.356 E52.89036
G1 X138.087 Y117.69 E52.93479
G1 X138.005 Y118.726 E52.96936
G1 X137.74 Y119.98 E53.01199
G1 X137.442 Y120.841 E53.04229
G1 X136.793 Y122.134 E53.09041
G1 X136.227 Y122.959 E53.12369
G1 X135.374 Y123.914 E53.16628
G1 X134.477 Y124.676 E53.20542
G1 X133.454 Y125.334 E53.24588
G1 X132.46 Y125.805 E53.28246
G1 X131.602 Y126.097 E53.31261
G1 X130.145 Y126.383 E53.36199
G1 X129.162 Y126.444 E53.39475
G1 X122.191 Y126.438 E53.6266
G1 X104.507 Y125.314 E54.21596
G1 X102.811 Y125.092 E54.27285
G1 X100.907 Y124.301 E54.34143
G1 X99.279 Y123.053 E54.40966
G1 X98.031 Y121.425 E54.47788
G1 X97.24 Y119.521 E54.54646
G1 X96.975 Y117.5 E54.61425
G1 X97.24 Y115.479 E54.68205
G1 X98.031 Y113.575 E54.75062
G1 X99.279 Y111.947 E54.81885
G0 F6000 X99.564 Y112.232
G1 F1200 X101.107 Y111.049 E54.88352
G1 X102.914 Y110.298 E54.9486
G1 X104.559 Y110.083 E55.00378
G1 X122.354 Y108.956 E55.59683
G1 X129.32 Y108.962 E55.82852
G1 X130.343 Y109.044 E55.86265
G1 X131.5 Y109.289 E55.90199
G1 X132.311 Y109.565 E55.93048
G1 X133.558 Y110.187 E55.97683
G1 X134.342 Y110.721 E56.00838
G1 X135.259 Y111.535 E56.04916
G1 X135.989 Y112.389 E56.08653
G1 X136.622 Y113.367 E56.12528
G1 X137.057 Y114.274 E56.15873
G1 X137.396 Y115.28 E56.19404
G1 X137.622 Y116.433 E56.23312
G1 X137.688 Y117.658 E56.27392
G1 X137.606 Y118.694 E56.30849
G1 X137.361 Y119.851 E56.34782
G1 X137.084 Y120.662 E56.37633
G1 X136.462 Y121.909 E56.42268
G1 X135.928 Y122.693 E56.45423
G1 X135.114 Y123.61 E56.49501
G1 X134.26 Y124.34 E56.53238
G1 X133.282 Y124.973 E56.57112
G1 X132.331 Y125.426 E56.60616
G1 X131.473 Y125.718 E56.6363
G1 X130.12 Y125.984 E56.68217
G1 X129.162 Y126.044 E56.71409
G1 X122.216 Y126.039 E56.94512
G1 X104.559 Y124.917 E57.53358
G1 X102.914 Y124.702 E57.58875
G1 X101.107 Y123.951 E57.65384
G1 X99.564 Y122.768 E57.71851
G1 X98.381 Y121.225 E57.78318
G1 X97.63 Y119.418 E57.84826
G1 X97.379 Y117.5 E57.9126
G1 X97.63 Y115.582 E57.97693
G1 X98.381 Y113.775 E58.04202
G1 X99.564 Y112.232 E58.10669
G0 F6000 X99.849 Y112.517
G1 F1200 X101.311 Y111.397 E58.16794
G1 X103.015 Y110.689 E58.22931
G1 X104.611 Y110.48 E58.28285
G1 X122.354 Y109.356 E58.87417
G1 X129.288 Y109.361 E59.10479
G1 X130.311 Y109.443 E59.13893
G1 X131.371 Y109.668 E59.17497
G1 X132.182 Y109.944 E59.20346
G1 X133.334 Y110.518 E59.24627
G1 X134.077 Y111.021 E59.27611
G1 X134.956 Y111.796 E59.31509
G1 X135.654 Y112.607 E59.35068
G1 X136.261 Y113.54 E59.3877
G1 X136.696 Y114.447 E59.42116
G1 X137.003 Y115.357 E59.4531
G1 X137.229 Y116.51 E59.49218
G1 X137.289 Y117.626 E59.52935
G1 X137.207 Y118.662 E59.56392
G1 X136.982 Y119.722 E59.59996
G1 X136.705 Y120.533 E59.62846
G1 X136.131 Y121.685 E59.67127
G1 X135.628 Y122.428 E59.70111
G1 X134.853 Y123.307 E59.74009
G1 X134.042 Y124.005 E59.77568
G1 X133.109 Y124.612 E59.8127
G1 X132.202 Y125.047 E59.84616
G1 X131.344 Y125.339 E59.8763
G1 X130.095 Y125.585 E59.91864
G1 X129.162 Y125.644 E59.94973
G1 X122.241 Y125.64 E60.17993
G1 X104.611 Y124.52 E60.76749
G1 X103.015 Y124.311 E60.82102
G1 X101.311 Y123.603 E60.88239
G1 X99.849 Y122.483 E60.94365
G1 X98.729 Y121.021 E61.0049
G1 X98.021 Y119.317 E61.06628
G1 X97.783 Y117.5 E61.12723
G1 X98.021 Y115.683 E61.18818
G1 X98.729 Y113.979 E61.24955
G1 X99.849 Y112.517 E61.31081
G0 F6000 X100.134 Y112.802
G1 F1200 X101.512 Y111.746 E61.36855
G1 X103.116 Y111.08 E61.42631
G1 X104.663 Y110.877 E61.47821
G1 X122.354 Y109.756 E62.06779
G1 X129.257 Y109.76 E62.29739
G1 X130.229 Y109.835 E62.32981
G1 X131.242 Y110.047 E62.36423
G1 X132.053 Y110.323 E62.39273
G1 X133.111 Y110.85 E62.43204
G1 X133.812 Y111.321 E62.46013
G1 X134.691 Y112.096 E62.49911
G1 X135.35 Y112.867 E62.53284
G1 X135.901 Y113.714 E62.56645
G1 X136.317 Y114.576 E62.59828
G1 X136.61 Y115.434 E62.62844
G1 X136.836 Y116.587 E62.66752
G1 X136.89 Y117.596 E62.70112
G1 X136.815 Y118.58 E62.73395
G1 X136.603 Y119.593 E62.76837
G1 X136.326 Y120.404 E62.79687
G1 X135.799 Y121.462 E62.83619
G1 X135.328 Y122.163 E62.86428
G1 X134.553 Y123.042 E62.90325
G1 X133.782 Y123.701 E62.93699
G1 X132.935 Y124.252 E62.9706
G1 X132.073 Y124.668 E63.00243
G1 X131.215 Y124.96 E63.03257
G1 X130.069 Y125.186 E63.07142
G1 X129.162 Y125.244 E63.10165
G1 X122.266 Y125.241 E63.33101
G1 X104.663 Y124.123 E63.91767
G1 X103.116 Y123.92 E63.96957
G1 X101.512 Y123.254 E64.02733
G1 X100.134 Y122.198 E64.08507
G1 X99.078 Y120.82 E64.14282
G1 X98.412 Y119.216 E64.20058
G1 X98.187 Y117.5 E64.25815
G1 X98.412 Y115.784 E64.31571
G1 X99.078 Y114.18 E64.37347
G1 X100.134 Y112.802 E64.43122
G0 F6000 X100.419 Y113.087
G1 F1200 X101.713 Y112.095 E64.48545
G1 X103.217 Y111.471 E64.5396
G1 X104.715 Y111.274 E64.58986
G1 X122.354 Y110.156 E65.17771
G1 X129.228 Y110.159 E65.40634
G1 X130.148 Y110.227 E65.43702
G1 X131.113 Y110.426 E65.46979
G1 X131.924 Y110.702 E65.49829
G1 X132.888 Y111.182 E65.53411
G1 X133.589 Y111.653 E65.56219
G1 X134.388 Y112.357 E65.59761
G1 X135.015 Y113.086 E65.62959
G1 X135.541 Y113.889 E65.66152
G1 X135.938 Y114.705 E65.6917
G1 X136.231 Y115.563 E65.72186
G1 X136.437 Y116.61 E65.75735
G1 X136.491 Y117.567 E65.78923
G1 X136.423 Y118.499 E65.82031
G1 X136.224 Y119.464 E65.85308
G1 X135.947 Y120.275 E65.88159
G1 X135.467 Y121.239 E65.9174
G1 X134.996 Y121.94 E65.94549
G1 X134.292 Y122.739 E65.98091
G1 X133.563 Y123.366 E66.01289
G1 X132.76 Y123.892 E66.04482
G1 X131.944 Y124.289 E66.075
G1 X131.086 Y124.581 E66.10515
G1 X130.043 Y124.787 E66.14051
G1 X129.162 Y124.844 E66.16987
G1 X122.291 Y124.842 E66.3984
G1 X104.715 Y123.726 E66.98416
G1 X103.217 Y123.529 E67.03441
G1 X101.713 Y122.905 E67.08857
G1 X100.419 Y121.913 E67.1428
G1 X99.427 Y120.619 E67.19703
G1 X98.803 Y119.115 E67.25119
G1 X98.591 Y117.5 E67.30536
G1 X98.803 Y115.885 E67.35954
G1 X99.427 Y114.381 E67.4137
G1 X100.419 Y113.087 E67.46793
G0 F6000 X100.989 Y113.657
G1 F1200 X102.115 Y112.794 E67.51511
G1 X103.423 Y112.252 E67.56221
G1 X104.819 Y112.068 E67.60904
G1 X122.354 Y110.956 E68.19343
G1 X129.174 Y110.957 E68.42026
G1 X129.99 Y111.011 E68.44746
G1 X130.855 Y111.184 E68.4768
G1 X131.666 Y111.46 E68.50529
G1 X132.442 Y111.846 E68.53412
G1 X133.143 Y112.317 E68.56221
G1 X133.785 Y112.882 E68.59065
G1 X134.348 Y113.527 E68.61913
G1 X134.822 Y114.24 E68.64761
G1 X135.199 Y115.008 E68.67606
G1 X135.473 Y115.819 E68.70453
G1 X135.639 Y116.659 E68.73301
G1 X135.693 Y117.513 E68.76147
G1 X135.639 Y118.341 E68.78907
G1 X135.466 Y119.206 E68.81841
G1 X135.189 Y120.017 E68.84691
G1 X134.803 Y120.793 E68.87574
G1 X134.332 Y121.494 E68.90383
G1 X133.767 Y122.136 E68.93228
G1 X133.122 Y122.699 E68.96075
G1 X132.409 Y123.173 E68.98923
G1 X131.641 Y123.55 E69.01768
G1 X130.83 Y123.823 E69.04614
G1 X129.99 Y123.989 E69.07462
G1 X129.162 Y124.044 E69.10222
G1 X122.341 Y124.044 E69.32909
G1 X104.819 Y122.932 E69.91305
G1 X103.423 Y122.748 E69.95988
G1 X102.115 Y122.206 E70.00697
G1 X100.989 Y121.343 E70.05416
G1 X100.126 Y120.217 E70.10134
G1 X99.584 Y118.909 E70.14843
G1 X99.399 Y117.5 E70.1957
G1 X99.584 Y116.091 E70.24296
G1 X100.126 Y114.783 E70.29006
G1 X100.989 Y113.657 E70.33724
G0 F6000 X100.704 Y113.372
G1 F1200 X101.917 Y112.443 E70.38806
G1 X103.318 Y111.862 E70.4385
G1 X104.767 Y111.671 E70.48712
G1 X122.354 Y110.556 E71.07324
G1 X129.2 Y110.558 E71.30093
G1 X130.068 Y110.619 E71.32988
G1 X130.984 Y110.805 E71.36096
G1 X131.795 Y111.081 E71.38946
G1 X132.665 Y111.514 E71.42178
G1 X133.366 Y111.985 E71.44987
G1 X134.086 Y112.619 E71.48178
G1 X134.681 Y113.306 E71.512
G1 X135.181 Y114.064 E71.54221
G1 X135.578 Y114.88 E71.57239
G1 X135.852 Y115.691 E71.60086
G1 X136.038 Y116.634 E71.63283
G1 X136.092 Y117.539 E71.66298
G1 X136.031 Y118.419 E71.69232
G1 X135.845 Y119.335 E71.72341
G1 X135.568 Y120.146 E71.75191
G1 X135.135 Y121.016 E71.78424
G1 X134.664 Y121.717 E71.81233
G1 X134.03 Y122.437 E71.84423
G1 X133.343 Y123.032 E71.87446
G1 X132.585 Y123.532 E71.90466
G1 X131.769 Y123.929 E71.93485
G1 X130.958 Y124.202 E71.96331
G1 X130.017 Y124.388 E71.99521
G1 X129.162 Y124.444 E72.02371
G1 X122.316 Y124.443 E72.25141
G1 X104.767 Y123.329 E72.83626
G1 X103.318 Y123.138 E72.88488
G1 X101.917 Y122.557 E72.93532
G1 X100.704 Y121.628 E72.98614
G1 X99.775 Y120.415 E73.03696
G1 X99.194 Y119.014 E73.0874
G1 X98.995 Y117.5 E73.13819
G1 X99.194 Y115.986 E73.18898
G1 X99.775 Y114.585 E73.23942
G1 X100.704 Y113.372 E73.29024
G1 F2700 E68.29024
;MESH:FT10-Input Crank.stl
G0 F6000 X102.372 Y115.03
G0 X104.831 Y120.814
;TYPE:WALL-INNER
G1 F2700 E73.29024
G1 F1200 X105.264 Y120.787 E73.30467
G1 X105.689 Y120.7 E73.3191
G1 X106.098 Y120.56 E73.33348
G1 X106.488 Y120.37 E73.34791
G1 X106.845 Y120.131 E73.3622
G1 X107.176 Y119.841 E73.37683
G1 X107.463 Y119.517 E73.39123
G1 X107.703 Y119.155 E73.40568
G1 X107.896 Y118.766 E73.42012
G1 X108.031 Y118.363 E73.43425
G1 X108.119 Y117.932 E73.44889
G1 X108.146 Y117.499 E73.46331
G1 X108.119 Y117.064 E73.47781
G1 X108.031 Y116.633 E73.49244
G1 X107.896 Y116.23 E73.50658
G1 X107.703 Y115.841 E73.52102
G1 X107.463 Y115.479 E73.53547
G1 X107.177 Y115.156 E73.54982
G1 X106.845 Y114.869 E73.56441
G1 X106.487 Y114.626 E73.5788
G1 X106.095 Y114.436 E73.59329
G1 X105.691 Y114.297 E73.6075
G1 X105.266 Y114.213 E73.62191
G1 X104.831 Y114.186 E73.63641
G1 X104.394 Y114.213 E73.65097
G1 X103.967 Y114.297 E73.66544
G1 X103.565 Y114.433 E73.67956
G1 X103.174 Y114.625 E73.69405
G1 X102.812 Y114.868 E73.70855
G1 X102.487 Y115.156 E73.72299
G1 X102.202 Y115.483 E73.73742
G1 X101.96 Y115.843 E73.75185
G1 X101.764 Y116.235 E73.76642
G1 X101.63 Y116.635 E73.78045
G1 X101.545 Y117.062 E73.79493
G1 X101.518 Y117.5 E73.80953
G1 X101.545 Y117.935 E73.82403
G1 X101.63 Y118.365 E73.8386
G1 X101.763 Y118.764 E73.85259
G1 X101.96 Y119.153 E73.8671
G1 X102.203 Y119.519 E73.88171
G1 X102.48 Y119.836 E73.89571
G1 X102.811 Y120.131 E73.91046
G1 X103.173 Y120.371 E73.9249
G1 X103.562 Y120.564 E73.93935
G1 X103.965 Y120.699 E73.95348
G1 X104.396 Y120.787 E73.96811
G1 X104.831 Y120.814 E73.98261
G0 F6000 X104.831 Y121.215
;TYPE:WALL-OUTER
G1 F1200 X105.317 Y121.185 E73.9988
G1 X105.795 Y121.086 E74.01504
G1 X106.251 Y120.93 E74.03107
G1 X106.688 Y120.718 E74.04722
G1 X107.089 Y120.449 E74.06328
G1 X107.458 Y120.125 E74.07962
G1 X107.781 Y119.761 E74.0958
G1 X108.05 Y119.355 E74.112
G1 X108.266 Y118.919 E74.12818
G1 X108.418 Y118.467 E74.14405
G1 X108.517 Y117.985 E74.16041
G1 X108.547 Y117.499 E74.17661
G1 X108.517 Y117.011 E74.19287
G1 X108.418 Y116.529 E74.20923
G1 X108.266 Y116.077 E74.22509
G1 X108.05 Y115.641 E74.24128
G1 X107.781 Y115.235 E74.25748
G1 X107.459 Y114.871 E74.27364
G1 X107.089 Y114.551 E74.28991
G1 X106.687 Y114.278 E74.30607
G1 X106.247 Y114.066 E74.32232
G1 X105.795 Y113.91 E74.33822
G1 X105.318 Y113.815 E74.3544
G1 X104.831 Y113.785 E74.37063
G1 X104.342 Y113.815 E74.38692
G1 X103.864 Y113.91 E74.40313
G1 X103.413 Y114.062 E74.41896
G1 X102.973 Y114.278 E74.43526
G1 X102.567 Y114.551 E74.45154
G1 X102.203 Y114.874 E74.46772
G1 X101.884 Y115.239 E74.48384
G1 X101.614 Y115.641 E74.49995
G1 X101.394 Y116.081 E74.51631
G1 X101.242 Y116.532 E74.53214
G1 X101.147 Y117.01 E74.54835
G1 X101.117 Y117.5 E74.56468
G1 X101.147 Y117.986 E74.58087
G1 X101.242 Y118.468 E74.59721
G1 X101.393 Y118.918 E74.613
G1 X101.614 Y119.355 E74.62929
G1 X101.884 Y119.762 E74.64553
G1 X102.195 Y120.118 E74.66126
G1 X102.567 Y120.449 E74.67782
G1 X102.973 Y120.718 E74.69402
G1 X103.409 Y120.934 E74.7102
G1 X103.861 Y121.086 E74.72606
G1 X104.343 Y121.185 E74.74243
G1 X104.831 Y121.215 E74.75869
G0 F6000 X104.828 Y120.451
;TYPE:SKIN
G1 F1200 X104.443 Y120.429 E74.77151
G1 X104.049 Y120.346 E74.78491
G1 X103.705 Y120.23 E74.79698
G1 X103.345 Y120.054 E74.81031
G1 X103.039 Y119.849 E74.82256
G1 X102.734 Y119.582 E74.83604
G1 X102.484 Y119.294 E74.84873
G1 X102.27 Y118.971 E74.86161
G1 X102.094 Y118.618 E74.87473
G1 X101.978 Y118.276 E74.88674
G1 X101.903 Y117.89 E74.89982
G1 X101.877 Y117.497 E74.91292
G1 X101.903 Y117.107 E74.92592
G1 X101.978 Y116.724 E74.9389
G1 X102.094 Y116.382 E74.95091
G1 X102.277 Y116.014 E74.96458
G1 X102.491 Y115.699 E74.97725
G1 X102.739 Y115.414 E74.98982
G1 X103.032 Y115.154 E75.00284
G1 X103.357 Y114.93 E75.01597
G1 X103.7 Y114.766 E75.02862
G1 X104.056 Y114.646 E75.04111
G1 X104.438 Y114.571 E75.05406
G1 X104.829 Y114.549 E75.06709
G1 X105.218 Y114.571 E75.08005
G1 X105.596 Y114.646 E75.09286
G1 X105.947 Y114.766 E75.1052
G1 X106.311 Y114.942 E75.11865
G1 X106.622 Y115.152 E75.13113
G1 X106.919 Y115.407 E75.14415
G1 X107.169 Y115.691 E75.15673
G1 X107.39 Y116.021 E75.16994
G1 X107.562 Y116.373 E75.18297
G1 X107.678 Y116.713 E75.19492
G1 X107.761 Y117.111 E75.20844
G1 X107.783 Y117.496 E75.22127
G1 X107.761 Y117.881 E75.2341
G1 X107.678 Y118.279 E75.24762
G1 X107.562 Y118.619 E75.25957
G1 X107.39 Y118.976 E75.27275
G1 X107.177 Y119.292 E75.28542
G1 X106.918 Y119.581 E75.29833
G1 X106.621 Y119.845 E75.31155
G1 X106.3 Y120.058 E75.32436
G1 X105.959 Y120.226 E75.337
G1 X105.602 Y120.346 E75.34953
G1 X105.213 Y120.429 E75.36276
G1 X104.828 Y120.451 E75.37559
G0 F6000 X104.811 Y120.712
G0 X103.624 Y120.414
G0 X102.91 Y120.003
G0 X102.011 Y119.032
G0 X102.421 Y118.826
G1 F1200 X103.503 Y119.908 E75.42648
G0 F6000 X104.37 Y120.209
G1 F1200 X102.12 Y117.96 E75.53229
G0 F6000 X102.086 Y117.36
G1 F1200 X104.969 Y120.243 E75.6679
G0 F6000 X105.463 Y120.171
G1 F1200 X102.154 Y116.862 E75.82354
G0 F6000 X102.291 Y116.433
G1 F1200 X105.893 Y120.036 E75.99299
G0 F6000 X106.265 Y119.841
G1 F1200 X102.485 Y116.062 E76.17077
G0 F6000 X102.724 Y115.735
G1 F1200 X106.592 Y119.603 E76.35271
G0 F6000 X106.88 Y119.325
G1 F1200 X103.003 Y115.448 E76.53507
G0 F6000 X103.32 Y115.199
G1 F1200 X107.128 Y119.007 E76.71419
G0 F6000 X107.33 Y118.643
G1 F1200 X103.683 Y114.997 E76.88571
G0 F6000 X104.096 Y114.844
G1 F1200 X107.484 Y118.232 E77.04507
G0 F6000 X107.569 Y117.751
G1 F1200 X104.581 Y114.763 E77.18561
G0 F6000 X105.151 Y114.768
G1 F1200 X107.564 Y117.181 E77.29911
G0 F6000 X107.357 Y116.408
G1 F1200 X105.929 Y114.98 E77.36628
G1 F2700 E72.36628
G0 F6000 X106.13 Y114.564
G0 X106.971 Y115.199
G0 X108.2 Y116.596
G0 X109.491 Y117.5
G0 X117.5 Y122.934
;TYPE:WALL-INNER
G1 F2700 E77.36628
G1 F1200 X122.384 Y123.244 E77.52905
G1 X129.136 Y123.243 E77.75362
G1 X129.9 Y123.192 E77.77909
G1 X130.639 Y123.043 E77.80417
G1 F1113.7 X131.414 Y122.776 E77.83354
G1 F973.6 X131.775 Y122.522 E77.85164
G1 X132.552 Y122.133 E77.88726
G1 F1113.7 X133.207 Y121.559 E77.91847
G1 F1200 X133.703 Y120.993 E77.9435
G1 X134.115 Y120.379 E77.96809
G1 X134.453 Y119.692 E77.99356
G1 X134.695 Y118.991 E78.01822
G1 F1116.3 X134.85 Y118.175 E78.04792
G1 F979.6 X134.813 Y117.737 E78.06583
G1 X134.864 Y116.87 E78.10122
G1 F1116.3 X134.695 Y116.008 E78.13262
G1 F1200 X134.453 Y115.304 E78.15738
G1 X134.119 Y114.629 E78.18243
G1 X133.702 Y114.002 E78.20748
G1 X133.207 Y113.437 E78.23246
G1 F1116.3 X132.592 Y112.898 E78.2617
G1 F979.6 X132.18 Y112.707 E78.2802
G1 F926.6 X131.923 Y112.546 E78.29326
G1 F987.7 X131.458 Y112.232 E78.31594
G1 F1121.5 X130.639 Y111.953 E78.34673
G1 F1200 X129.901 Y111.805 E78.37177
G1 X129.129 Y111.757 E78.39749
G1 X122.383 Y111.757 E78.62186
G1 X105.956 Y112.795 E79.16932
G1 X106.159 Y112.841 E79.17624
G1 X107.254 Y113.295 E79.21567
G1 X108.26 Y114.068 E79.25786
G1 X109.033 Y115.074 E79.30006
G1 X109.517 Y116.242 E79.34211
G1 X109.676 Y117.499 E79.38425
G1 X109.517 Y118.753 E79.4263
G1 X109.033 Y119.922 E79.46838
G1 X108.26 Y120.928 E79.51057
G1 X107.254 Y121.701 E79.55277
G1 X106.158 Y122.155 E79.59223
G1 X105.956 Y122.201 E79.59912
G1 X117.5 Y122.934 E79.98385
G0 F6000 X122.389 Y123.083
G0 X129.124 Y123.082
G0 X129.879 Y123.032
G0 X130.597 Y122.888
G0 X131.362 Y122.625
G0 X132.043 Y122.173
G0 X131.407 Y122.21
G0 X126.896 Y122
G1 F1200 X126.576 Y121.909 E79.99491
G1 X126.376 Y121.701 E80.00451
G1 X124.12 Y117.801 E80.15436
G1 X124.046 Y117.592 E80.16174
G1 X124.046 Y117.408 E80.16786
G1 X124.12 Y117.199 E80.17523
G1 X126.376 Y113.295 E80.3252
G1 X126.576 Y113.088 E80.33477
G1 X126.813 Y112.996 E80.34323
G1 X131.4 Y112.996 E80.49579
G1 F1048 X131.693 Y113.007 E80.50696
G1 F926.6 X131.856 Y113.114 E80.51536
G1 F1043.5 X132.027 Y113.481 E80.53084
G1 F1200 X134.176 Y117.2 E80.6737
G1 F1048 X134.313 Y117.455 E80.68473
G1 F926.6 X134.299 Y117.657 E80.69345
G1 F1043.5 X134.068 Y117.988 E80.70889
G1 F1200 X131.92 Y121.701 E80.85156
G1 F1048 X131.767 Y121.947 E80.86259
G1 F923.1 X131.587 Y122.036 E80.87127
G1 F1039 X131.182 Y122 E80.88689
G1 F1200 X126.896 Y122 E81.02945
G0 F6000 X126.896 Y121.6
;TYPE:WALL-OUTER
G1 F1200 X126.757 Y121.561 E81.03425
G1 X124.45 Y117.565 E81.18772
G1 X124.45 Y117.435 E81.19204
G1 X126.722 Y113.495 E81.34331
G1 X126.861 Y113.398 E81.34895
G1 X131.4 Y113.396 E81.49992
G1 X131.554 Y113.46 E81.50546
G1 X133.83 Y117.4 E81.6568
G1 X133.857 Y117.5 E81.66025
G1 X133.83 Y117.601 E81.66372
G1 X131.574 Y121.501 E81.81358
G1 X131.439 Y121.6 E81.81915
G1 X126.896 Y121.6 E81.97025
G1 F2700 E76.97025
G0 F6000 X126.896 Y121.911
G0 X131.185 Y122.161
G0 X132.043 Y122.173
G0 X131.362 Y122.625
G0 X130.597 Y122.888
G0 X129.879 Y123.032
G0 X129.267 Y123.072
G0 X117.52 Y123.028
G0 X117.5 Y123.335
G1 F2700 E81.97025
G1 F1200 X122.371 Y123.644 E82.13258
G1 X129.129 Y123.644 E82.35735
G1 X129.953 Y123.589 E82.38482
G1 X130.743 Y123.43 E82.41162
G1 X131.495 Y123.174 E82.43804
G1 X132.219 Y122.818 E82.46488
G1 X132.885 Y122.373 E82.49152
G1 X133.49 Y121.842 E82.51829
G1 X134.021 Y121.237 E82.54507
G1 X134.462 Y120.579 E82.57141
G1 X134.823 Y119.846 E82.59859
G1 X135.082 Y119.095 E82.62501
G1 X135.237 Y118.301 E82.65192
G1 X135.291 Y117.5 E82.67862
G1 X135.237 Y116.694 E82.70549
G1 X135.082 Y115.904 E82.73226
G1 X134.823 Y115.15 E82.75878
G1 X134.466 Y114.429 E82.78554
G1 X134.02 Y113.758 E82.81234
G1 X133.49 Y113.154 E82.83906
G1 X132.886 Y112.624 E82.86579
G1 X132.227 Y112.186 E82.89211
G1 X131.494 Y111.822 E82.91933
G1 X130.743 Y111.566 E82.94572
G1 X129.953 Y111.407 E82.97252
G1 X129.141 Y111.357 E82.99958
G1 X122.371 Y111.357 E83.22475
G1 X105.983 Y112.392 E83.7709
G1 F1081.1 X104.736 Y112.524 E83.8172
G1 F981.6 X103.536 Y112.687 E83.86644
G1 F979.6 X102.34 Y113.179 E83.91913
G1 F975.6 X101.307 Y113.975 E83.97248
G1 X100.511 Y115.008 E84.02583
G1 F979.6 X100.019 Y116.204 E84.07852
G1 X99.847 Y117.5 E84.13179
G1 X100.019 Y118.796 E84.18506
G1 F977.6 X100.511 Y119.988 E84.23771
G1 F975.6 X101.307 Y121.021 E84.29106
G1 X102.34 Y121.817 E84.34441
G1 F979.6 X103.536 Y122.309 E84.3971
G1 F975.6 X104.819 Y122.481 E84.45006
G1 F1073.8 X105.981 Y122.603 E84.49348
G1 F1200 X117.5 Y123.335 E84.87738
G1 F2700 E79.87738
G0 F6000 X117.52 Y123.028
G0 X104.899 Y122.252
G0 X104.865 Y121.991
G1 F2700 E84.87738
G1 F973.6 X103.666 Y121.836 E84.92694
G1 F979.6 X102.586 Y121.39 E84.97455
G1 F975.6 X101.654 Y120.674 E85.02263
G1 X100.938 Y119.742 E85.07071
G1 F977.6 X100.492 Y118.664 E85.11834
G1 F979.6 X100.339 Y117.5 E85.16617
G1 X100.492 Y116.333 E85.21413
G1 X100.938 Y115.254 E85.2617
G1 F975.6 X101.654 Y114.322 E85.30978
G1 X102.586 Y113.606 E85.35786
G1 F979.6 X103.666 Y113.16 E85.40546
G1 F973.6 X104.86 Y113.005 E85.45482
G1 F1071.4 X106.005 Y113.211 E85.49816
G1 F1200 X107.053 Y113.645 E85.53589
G1 X107.975 Y114.353 E85.57455
G1 X108.683 Y115.275 E85.61321
G1 X109.128 Y116.349 E85.65188
G1 X109.278 Y117.501 E85.69052
G1 X109.131 Y118.623 E85.72816
G1 X108.683 Y119.721 E85.7676
G1 X107.975 Y120.643 E85.80626
G1 X107.053 Y121.351 E85.84493
G1 X106.005 Y121.785 E85.88265
G1 F1071.4 X104.865 Y121.991 E85.92581
G0 F6000 X104.899 Y122.252
G0 X117.483 Y122.831
G0 X117.5 Y122.572
;TYPE:SKIN
G1 F1200 X107.533 Y121.937 E86.25798
G1 X108.515 Y121.183 E86.29916
G1 X109.343 Y120.105 E86.34437
G1 X109.868 Y118.843 E86.38984
G1 X110.042 Y117.5 E86.43488
G1 X109.868 Y116.149 E86.48018
G1 X109.347 Y114.89 E86.5255
G1 X108.495 Y113.793 E86.5717
G1 X107.537 Y113.054 E86.61194
G1 X122.403 Y112.117 E87.10737
G1 X126.306 Y112.116 E87.23718
G1 F1111.1 X126.712 Y112.148 E87.25181
G1 F1039 X129.086 Y112.146 E87.34301
G1 F1069 X129.851 Y112.182 E87.3716
G1 F1095.9 X130.538 Y112.321 E87.39713
G1 X131.321 Y112.59 E87.42728
G1 X131.352 Y112.616 E87.42876
G1 X129.823 Y112.617 E87.48444
G1 F1069 X129.086 Y112.606 E87.51196
G1 F1039 X126.752 Y112.607 E87.60162
G1 F1071.4 X126.372 Y112.783 E87.61722
G1 F1153.8 X126.088 Y113.076 E87.63134
G1 F1200 X123.806 Y117.016 E87.78277
G1 X123.69 Y117.353 E87.79463
G1 X123.69 Y117.643 E87.80427
G1 X123.806 Y117.985 E87.81629
G1 X126.058 Y121.877 E87.96584
G1 F1148.3 X126.376 Y122.209 E87.98182
G1 F1061.9 X126.833 Y122.386 E88.00024
G1 F1030 X129.098 Y122.39 E88.088
G1 F1066.7 X129.823 Y122.379 E88.11514
G1 F1095.9 X131.165 Y122.38 E88.16401
G1 X131.278 Y122.399 E88.16818
G1 X131.243 Y122.432 E88.16994
G1 X130.538 Y122.676 E88.19711
G1 X129.851 Y122.814 E88.22263
G1 F1066.7 X129.111 Y122.85 E88.25035
G1 F1030 X126.767 Y122.846 E88.34117
G1 F1103.4 X126.342 Y122.882 E88.3566
G1 F1200 X122.403 Y122.884 E88.48761
G1 X117.5 Y122.572 E88.65102
G0 F6000 X117.483 Y122.831
G0 X106.865 Y122.067
G0 X107.866 Y121.358
G0 X108.143 Y121.72
G1 F1200 X108.202 Y121.779 E88.65379
G0 F6000 X108.464 Y121.475
G1 F1200 X108.806 Y121.817 E88.66988
G0 F6000 X109.411 Y121.856
G1 F1200 X108.754 Y121.2 E88.70076
G0 F6000 X109.001 Y120.88
G1 F1200 X110.015 Y121.894 E88.74845
G0 F6000 X110.618 Y121.932
G1 F1200 X109.246 Y120.56 E88.81299
G0 F6000 X109.492 Y120.24
G1 F1200 X111.223 Y121.971 E88.89441
G0 F6000 X111.827 Y122.009
G1 F1200 X109.666 Y119.848 E88.99606
G0 F6000 X109.832 Y119.449
G1 F1200 X112.431 Y122.048 E89.11831
G0 F6000 X113.035 Y122.086
G1 F1200 X109.998 Y119.049 E89.26116
G0 F6000 X110.101 Y118.586
G1 F1200 X113.64 Y122.125 E89.42762
G0 F6000 X114.244 Y122.163
G1 F1200 X110.165 Y118.085 E89.61946
G0 F6000 X110.229 Y117.583
G1 F1200 X114.848 Y122.201 E89.8367
G0 F6000 X115.452 Y122.24
G1 F1200 X110.171 Y116.96 E90.08508
G0 F6000 X110.089 Y116.311
G1 F1200 X116.056 Y122.279 E90.36577
G0 F6000 X116.661 Y122.317
G1 F1200 X109.795 Y115.451 E90.68873
G0 F6000 X109.37 Y115.626
G0 X108.564 Y114.298
G0 X108.928 Y114.02
G1 F1200 X117.264 Y122.356 E91.08083
G0 F6000 X117.869 Y122.395
G1 F1200 X108.66 Y113.185 E91.51401
G0 F6000 X108.3 Y113.391
G1 F1200 X108.127 Y113.218 E91.52215
G0 F6000 X108.099 Y112.76
G0 X109.163 Y112.693
G0 X109.191 Y113.151
G1 F1200 X118.473 Y122.433 E91.95875
G0 F6000 X119.077 Y122.471
G1 F1200 X109.724 Y113.118 E92.39868
G0 F6000 X110.256 Y113.084
G1 F1200 X119.681 Y122.51 E92.84203
G0 F6000 X120.285 Y122.548
G1 F1200 X110.788 Y113.051 E93.28874
G0 F6000 X111.32 Y113.017
G1 F1200 X120.89 Y122.587 E93.73888
G0 F6000 X121.494 Y122.625
G1 F1200 X111.852 Y112.984 E94.19239
G0 F6000 X112.384 Y112.95
G1 F1200 X122.098 Y122.663 E94.64928
G0 F6000 X122.683 Y122.683
G1 F1200 X112.916 Y112.916 E95.10869
G0 F6000 X113.448 Y112.883
G1 F1200 X123.249 Y122.683 E95.56968
G0 F6000 X123.814 Y122.683
G1 F1200 X113.981 Y112.849 E96.03222
G0 F6000 X114.512 Y112.815
G1 F1200 X124.379 Y122.682 E96.49633
G0 F6000 X124.945 Y122.682
G1 F1200 X115.045 Y112.782 E96.962
G0 F6000 X115.577 Y112.748
G1 F1200 X125.511 Y122.682 E97.42926
G0 F6000 X126.076 Y122.682
G1 F1200 X116.109 Y112.715 E97.89808
G0 F6000 X116.641 Y112.681
G1 F1200 X125.814 Y121.854 E98.32955
G0 F6000 X126.388 Y122.428
G1 F1200 X126.598 Y122.638 E98.33943
G0 F6000 X126.598 Y123.144
G0 X129.879 Y123.032
G0 X130.597 Y122.888
G0 X131.362 Y122.625
G0 X132.043 Y122.173
G0 X131.185 Y122.161
G0 X126.49 Y122.044
G0 X125.439 Y120.281
G0 X125.038 Y120.513
G1 F1200 X117.173 Y112.648 E98.70937
G0 F6000 X117.705 Y112.614
G1 F1200 X124.262 Y119.171 E99.01779
G0 F6000 X124.663 Y118.94
G0 X124.004 Y117.761
G0 X123.57 Y117.913
G1 F1200 X118.237 Y112.581 E99.26862
G0 F6000 X118.769 Y112.547
G1 F1200 X123.505 Y117.283 E99.49138
G0 F6000 X123.66 Y116.871
G1 F1200 X119.302 Y112.513 E99.69637
G0 F6000 X119.833 Y112.479
G1 F1200 X123.867 Y116.513 E99.88612
G0 F6000 X124.074 Y116.154
G1 F1200 X120.366 Y112.446 E100.06053
G0 F6000 X120.898 Y112.412
G1 F1200 X124.281 Y115.796 E100.21968
G0 F6000 X124.488 Y115.437
G1 F1200 X121.43 Y112.379 E100.36352
G0 F6000 X121.962 Y112.345
G1 F1200 X124.695 Y115.078 E100.49207
G0 F6000 X124.902 Y114.72
G1 F1200 X122.499 Y112.317 E100.6051
G0 F6000 X123.065 Y112.317
G1 F1200 X125.109 Y114.361 E100.70124
G0 F6000 X125.316 Y114.003
G1 F1200 X123.631 Y112.317 E100.78053
G0 F6000 X124.196 Y112.317
G1 F1200 X125.523 Y113.643 E100.84292
G0 F6000 X125.73 Y113.285
G1 F1200 X124.762 Y112.317 E100.88845
G0 F6000 X125.328 Y112.317
G1 F1200 X125.947 Y112.936 E100.91757
G0 F6000 X126.225 Y112.648
G1 F1200 X125.893 Y112.317 E100.93316
G0 F6000 X126.487 Y112.344
G1 F1200 X126.584 Y112.442 E100.93775
G0 F6000 X126.763 Y112.912
G0 X131.657 Y113.155
G0 X134.169 Y117.5
G0 X131.609 Y122.423
G0 X131.981 Y122.244
G0 X132.266 Y121.853
G1 F1098.4 X133.041 Y120.515 E100.99393
G1 F1071.4 X133.38 Y119.951 E101.01844
G1 F1076.2 X133.714 Y119.352 E101.04388
G1 F1106 X134.452 Y118.075 E101.0971
G1 X134.47 Y118.149 E101.09985
G1 X134.329 Y118.888 E101.127
G1 X134.103 Y119.544 E101.15204
G1 F1076.2 X133.777 Y120.181 E101.17858
G1 F1071.4 X133.402 Y120.758 E101.20421
G1 F1098.4 X132.937 Y121.289 E101.22986
G1 X132.314 Y121.838 E101.26003
G1 X132.266 Y121.853 E101.26186
G0 F6000 X131.981 Y122.244
G0 X131.609 Y122.423
G0 X132.058 Y121.782
G0 X133.994 Y118.437
G0 X134.675 Y117.422
G0 X134.481 Y116.973
G1 F1100.9 X133.712 Y115.641 E101.31762
G1 F1073.8 X133.381 Y115.047 E101.34289
G1 F1071.4 X133.038 Y114.475 E101.36774
G1 F1098.4 X132.361 Y113.303 E101.41692
G1 X132.323 Y113.194 E101.42111
G1 X132.367 Y113.208 E101.42279
G1 X132.938 Y113.703 E101.45025
G1 X133.402 Y114.233 E101.47585
G1 F1071.4 X133.77 Y114.807 E101.50125
G1 F1073.8 X134.102 Y115.449 E101.52811
G1 F1100.9 X134.329 Y116.105 E101.55328
G1 X134.489 Y116.931 E101.58378
G1 X134.481 Y116.973 E101.58533
G1 F2700 E96.58533
;MESH:NONMESH
G0 F300 X134.481 Y116.973 Z0.4
G0 F6000 X134.675 Y117.422
G0 X131.657 Y121.845
G0 X131.698 Y122.276
G0 X131.362 Y122.625
G0 X130.597 Y122.888
G0 X129.879 Y123.032
G0 X129.124 Y123.082
G0 X122.389 Y123.083
G0 X106.865 Y122.067
G0 X108.629 Y120.73
G0 X108.126 Y120.794
G0 X106.575 Y120.519
G0 X104.832 Y120.858
;TIME_ELAPSED:170.630345
;LAYER:1
M106 S85
;TYPE:WALL-INNER
;MESH:FT10-Input Crank.stl
G1 F2700 E101.58533
G1 F1350 X105.273 Y120.831 E101.60002
G1 X105.702 Y120.743 E101.61459
G1 X106.113 Y120.604 E101.62902
G1 X106.51 Y120.407 E101.64376
G1 X106.878 Y120.162 E101.65847
G1 X107.204 Y119.877 E101.67287
G1 X107.499 Y119.544 E101.68766
G1 X107.742 Y119.18 E101.70222
G1 X107.936 Y118.782 E101.71695
G1 X108.075 Y118.374 E101.73128
G1 X108.163 Y117.941 E101.74598
G1 X108.19 Y117.5 E101.76067
G1 X108.163 Y117.054 E101.77554
G1 X108.075 Y116.618 E101.79033
G1 X107.936 Y116.214 E101.80454
G1 X107.743 Y115.818 E101.81919
G1 X107.492 Y115.448 E101.83406
G1 X107.21 Y115.125 E101.84832
G1 X106.878 Y114.834 E101.86301
G1 X106.511 Y114.589 E101.87768
G1 X106.113 Y114.392 E101.89245
G1 X105.705 Y114.254 E101.90678
G1 X105.272 Y114.169 E101.92146
G1 X104.831 Y114.138 E101.93616
G1 X104.388 Y114.168 E101.95093
G1 X103.955 Y114.253 E101.9656
G1 X103.545 Y114.392 E101.98
G1 X103.148 Y114.586 E101.9947
G1 X102.78 Y114.833 E102.00944
G1 X102.459 Y115.116 E102.02367
G1 X102.166 Y115.454 E102.03855
G1 X101.92 Y115.819 E102.05319
G1 X101.724 Y116.216 E102.06792
G1 X101.585 Y116.621 E102.08216
G1 X101.497 Y117.059 E102.09702
G1 X101.47 Y117.499 E102.11168
G1 X101.497 Y117.937 E102.12628
G1 X101.585 Y118.375 E102.14113
G1 X101.723 Y118.78 E102.15537
G1 X101.921 Y119.179 E102.17018
G1 X102.166 Y119.546 E102.18486
G1 X102.447 Y119.868 E102.19907
G1 X102.784 Y120.167 E102.21406
G1 X103.148 Y120.41 E102.22861
G1 X103.545 Y120.603 E102.24329
G1 X103.958 Y120.743 E102.2578
G1 X104.387 Y120.831 E102.27236
G1 X104.832 Y120.858 E102.28719
G0 F7500 X104.832 Y121.259
;TYPE:WALL-OUTER
G1 F1350 X105.325 Y121.229 E102.30362
G1 X105.807 Y121.13 E102.31999
G1 X106.267 Y120.974 E102.33614
G1 X106.711 Y120.754 E102.35262
G1 X107.122 Y120.48 E102.36905
G1 X107.486 Y120.161 E102.38515
G1 X107.817 Y119.789 E102.40171
G1 X108.09 Y119.38 E102.41807
G1 X108.306 Y118.935 E102.43452
G1 X108.462 Y118.479 E102.45055
G1 X108.561 Y117.993 E102.46704
G1 X108.591 Y117.5 E102.48347
G1 X108.561 Y117.002 E102.50007
G1 X108.462 Y116.513 E102.51666
G1 X108.306 Y116.061 E102.53256
G1 X108.09 Y115.617 E102.54899
G1 X107.809 Y115.203 E102.56563
G1 X107.494 Y114.842 E102.58156
G1 X107.122 Y114.516 E102.59801
G1 X106.711 Y114.242 E102.61444
G1 X106.267 Y114.022 E102.63093
G1 X105.808 Y113.866 E102.64705
G1 X105.325 Y113.771 E102.66342
G1 X104.831 Y113.737 E102.67989
G1 X104.335 Y113.771 E102.69643
G1 X103.852 Y113.866 E102.7128
G1 X103.393 Y114.022 E102.72892
G1 X102.948 Y114.238 E102.74538
G1 X102.535 Y114.515 E102.76192
G1 X102.175 Y114.834 E102.77791
G1 X101.848 Y115.21 E102.79449
G1 X101.574 Y115.617 E102.81081
G1 X101.354 Y116.062 E102.82732
G1 X101.198 Y116.517 E102.84331
G1 X101.099 Y117.007 E102.85994
G1 X101.069 Y117.499 E102.87634
G1 X101.099 Y117.989 E102.89266
G1 X101.198 Y118.479 E102.90929
G1 X101.353 Y118.934 E102.92528
G1 X101.574 Y119.379 E102.9418
G1 X101.848 Y119.79 E102.95823
G1 X102.163 Y120.15 E102.97414
G1 X102.539 Y120.485 E102.99089
G1 X102.948 Y120.758 E103.00725
G1 X103.393 Y120.974 E103.0237
G1 X103.853 Y121.13 E103.03986
G1 X104.335 Y121.229 E103.05622
G1 X104.832 Y121.259 E103.07278
G0 F7500 X104.831 Y120.495
;TYPE:SKIN
G1 F1350 X104.435 Y120.473 E103.08597
G1 X104.045 Y120.39 E103.09923
G1 X103.676 Y120.266 E103.11218
G1 X103.328 Y120.097 E103.12505
G1 X103.003 Y119.881 E103.13803
G1 X102.703 Y119.614 E103.15139
G1 X102.452 Y119.326 E103.16409
G1 X102.23 Y118.995 E103.17735
G1 X102.054 Y118.639 E103.19056
G1 X101.934 Y118.28 E103.20315
G1 X101.855 Y117.889 E103.21641
G1 X101.829 Y117.496 E103.22951
G1 X101.855 Y117.103 E103.24261
G1 X101.934 Y116.713 E103.25585
G1 X102.058 Y116.353 E103.26851
G1 X102.23 Y115.997 E103.28166
G1 X102.452 Y115.67 E103.29481
G1 X102.711 Y115.369 E103.30802
G1 X102.998 Y115.116 E103.32074
G1 X103.336 Y114.895 E103.33417
G1 X103.681 Y114.726 E103.34695
G1 X104.041 Y114.602 E103.35961
G1 X104.43 Y114.523 E103.37282
G1 X104.827 Y114.501 E103.38604
G1 X105.23 Y114.527 E103.39947
G1 X105.612 Y114.602 E103.41242
G1 X105.966 Y114.722 E103.42485
G1 X106.336 Y114.906 E103.4386
G1 X106.65 Y115.112 E103.45109
G1 X106.95 Y115.378 E103.46442
G1 X107.209 Y115.671 E103.47743
G1 X107.43 Y116.001 E103.49064
G1 X107.599 Y116.346 E103.50342
G1 X107.726 Y116.709 E103.51621
G1 X107.801 Y117.094 E103.52925
G1 X107.827 Y117.497 E103.54269
G1 X107.805 Y117.89 E103.55578
G1 X107.726 Y118.279 E103.56898
G1 X107.602 Y118.635 E103.58152
G1 X107.425 Y119.004 E103.59513
G1 X107.213 Y119.321 E103.60781
G1 X106.95 Y119.617 E103.62098
G1 X106.658 Y119.872 E103.63388
G1 X106.331 Y120.09 E103.64695
G1 X105.971 Y120.27 E103.66034
G1 X105.615 Y120.39 E103.67283
G1 X105.221 Y120.473 E103.68622
G1 X104.831 Y120.495 E103.69922
G0 F7500 X104.814 Y120.756
G0 X106.051 Y120.455
G0 X107.035 Y119.891
G0 X106.732 Y119.542
G1 F1350 X106.875 Y119.399 E103.70594
G0 F7500 X107.22 Y119.707
G0 X107.437 Y119.363
G0 X107.997 Y118.254
G0 X107.545 Y118.163
G1 F1350 X105.498 Y120.211 E103.80225
G0 F7500 X104.848 Y120.294
G1 F1350 X107.625 Y117.518 E103.93285
G0 F7500 X107.578 Y116.999
G1 F1350 X104.33 Y120.247 E104.08562
G0 F7500 X103.885 Y120.126
G1 F1350 X107.459 Y116.552 E104.25373
G0 F7500 X107.285 Y116.161
G1 F1350 X103.491 Y119.954 E104.43217
G0 F7500 X103.145 Y119.735
G1 F1350 X107.064 Y115.816 E104.61651
G0 F7500 X106.801 Y115.513
G1 F1350 X102.844 Y119.471 E104.80265
G0 F7500 X102.585 Y119.164
G1 F1350 X106.498 Y115.251 E104.98671
G0 F7500 X106.147 Y115.036
G1 F1350 X102.365 Y118.818 E105.1646
G0 F7500 X102.193 Y118.424
G1 F1350 X105.756 Y114.862 E105.33217
G0 F7500 X105.306 Y114.746
G1 F1350 X102.077 Y117.974 E105.48403
G0 F7500 X102.033 Y117.453
G1 F1350 X104.783 Y114.703 E105.61338
G0 F7500 X104.133 Y114.787
G1 F1350 X102.121 Y116.799 E105.70802
G1 F2700 E100.70802
G0 F7500 X101.67 Y116.709
G0 X101.657 Y117.916
G0 X101.872 Y118.718
G0 X102.294 Y119.449
G0 X102.882 Y120.04
G0 X103.606 Y120.454
G0 X104.409 Y120.671
G0 X105.251 Y120.672
G0 X106.051 Y120.455
G0 X106.641 Y120.114
G0 X108.096 Y118.851
G0 X109.1 Y119.267
G0 X117.5 Y122.934
;TYPE:WALL-INNER
G1 F2700 E105.70802
G1 F1350 X122.383 Y123.244 E105.87076
G1 X129.136 Y123.243 E106.09536
G1 X129.9 Y123.192 E106.12083
G1 X130.639 Y123.043 E106.1459
G1 F1227.3 X131.412 Y122.776 E106.17583
G1 F1034.5 X131.755 Y122.511 E106.19464
G1 F964.3 X132.046 Y122.359 E106.20993
G1 F1127.3 X132.549 Y122.136 E106.23184
G1 F1350 X133.206 Y121.558 E106.26095
G1 X133.702 Y120.994 E106.28593
G1 X134.119 Y120.367 E106.31097
G1 X134.453 Y119.692 E106.33602
G1 X134.695 Y118.991 E106.36069
G1 F1227.3 X134.85 Y118.171 E106.39122
G1 F1034.5 X134.792 Y117.748 E106.40975
G1 F966 X134.807 Y117.417 E106.42515
G1 F1129.7 X134.865 Y116.879 E106.44666
G1 F1350 X134.695 Y116.008 E106.47617
G1 X134.452 Y115.304 E106.50094
G1 X134.119 Y114.629 E106.52598
G1 X133.702 Y114.002 E106.55102
G1 X133.206 Y113.438 E106.576
G1 F1227.3 X132.583 Y112.895 E106.60624
G1 F1034.5 X132.182 Y112.732 E106.62503
G1 F964.3 X131.904 Y112.556 E106.64035
G1 F1129.7 X131.459 Y112.232 E106.66223
G1 F1350 X130.639 Y111.953 E106.69104
G1 X129.902 Y111.805 E106.71604
G1 X129.117 Y111.757 E106.7422
G1 X122.383 Y111.757 E106.96617
G1 X105.956 Y112.795 E107.51362
G1 X106.159 Y112.841 E107.52055
G1 X107.254 Y113.295 E107.55997
G1 X108.26 Y114.068 E107.60217
G1 X109.033 Y115.074 E107.64437
G1 X109.517 Y116.242 E107.68642
G1 X109.676 Y117.499 E107.72856
G1 X109.517 Y118.753 E107.7706
G1 X109.033 Y119.922 E107.81268
G1 X108.26 Y120.928 E107.85488
G1 X107.254 Y121.701 E107.89708
G1 X106.158 Y122.155 E107.93653
G1 X105.956 Y122.201 E107.94342
G1 X117.5 Y122.934 E108.32815
G0 F7500 X122.389 Y123.083
G0 X129.124 Y123.082
G0 X129.879 Y123.032
G0 X130.597 Y122.888
G0 X131.359 Y122.625
G0 X132.014 Y122.144
G0 X131.594 Y122.145
G0 X131.552 Y121.987
G1 F1120.3 X131.168 Y121.932 E108.3437
G1 F1350 X126.936 Y121.932 E108.48446
G1 X126.616 Y121.84 E108.49553
G1 X126.416 Y121.633 E108.5051
G1 X124.2 Y117.801 E108.65233
G1 X124.126 Y117.592 E108.65971
G1 X124.126 Y117.408 E108.66583
G1 X124.2 Y117.199 E108.6732
G1 X126.416 Y113.364 E108.82052
G1 X126.616 Y113.156 E108.83011
G1 X126.855 Y113.064 E108.83863
G1 X131.36 Y113.064 E108.98847
G1 F1129.7 X131.659 Y113.054 E109.00036
G1 F964.3 X131.831 Y113.17 E109.01002
G1 F1120.3 X131.973 Y113.525 E109.02534
G1 F1350 X134.096 Y117.2 E109.16651
G1 F1129.7 X134.253 Y117.453 E109.17834
G1 F966 X134.239 Y117.663 E109.18812
G1 F1122.7 X134.001 Y117.965 E109.2035
G1 F1350 X131.88 Y121.633 E109.34443
G1 F1127.3 X131.738 Y121.896 E109.35633
G1 F964.3 X131.552 Y121.987 E109.36597
G1 F2700 E104.36597
G0 F7500 X131.594 Y122.145
G0 X126.936 Y121.844
G0 X126.936 Y121.532
;TYPE:WALL-OUTER
G1 F2700 E109.36597
G1 F1350 X126.797 Y121.493 E109.37077
G1 X124.53 Y117.565 E109.52162
G1 X124.53 Y117.435 E109.52594
G1 X126.762 Y113.564 E109.67456
G1 X126.901 Y113.467 E109.6802
G1 X131.427 Y113.464 E109.83073
G1 X131.534 Y113.563 E109.83558
G1 X133.75 Y117.4 E109.98296
G1 X133.777 Y117.5 E109.9864
G1 X133.75 Y117.601 E109.98988
G1 X131.534 Y121.433 E110.13711
G1 X131.401 Y121.532 E110.14262
G1 X126.936 Y121.532 E110.29113
G1 F2700 E105.29113
G0 F7500 X126.936 Y121.844
G0 X131.173 Y122.093
G0 X132.014 Y122.144
G0 X131.359 Y122.625
G0 X130.597 Y122.888
G0 X129.879 Y123.032
G0 X129.267 Y123.072
G0 X117.52 Y123.028
G0 X117.5 Y123.335
G1 F2700 E110.29113
G1 F1350 X122.371 Y123.644 E110.45346
G1 X129.129 Y123.644 E110.67824
G1 X129.953 Y123.589 E110.7057
G1 X130.743 Y123.43 E110.73251
G1 X131.495 Y123.174 E110.75893
G1 X132.219 Y122.818 E110.78576
G1 X132.885 Y122.373 E110.8124
G1 X133.49 Y121.842 E110.83918
G1 X134.02 Y121.238 E110.8659
G1 X134.466 Y120.567 E110.8927
G1 X134.823 Y119.846 E110.91946
G1 X135.082 Y119.095 E110.94588
G1 X135.237 Y118.301 E110.97279
G1 X135.291 Y117.5 E110.99949
G1 X135.237 Y116.695 E111.02633
G1 X135.082 Y115.904 E111.05313
G1 X134.822 Y115.15 E111.07966
G1 X134.466 Y114.429 E111.10641
G1 X134.02 Y113.758 E111.1332
G1 X133.49 Y113.154 E111.15993
G1 X132.885 Y112.623 E111.1867
G1 X132.219 Y112.178 E111.21335
G1 X131.495 Y111.822 E111.24018
G1 X130.743 Y111.566 E111.2666
G1 X129.954 Y111.407 E111.29337
G1 X129.129 Y111.357 E111.32086
G1 X122.371 Y111.357 E111.54563
G1 X105.983 Y112.392 E112.09179
G1 F1216.2 X104.736 Y112.524 E112.13808
G1 F1104.3 X103.536 Y112.687 E112.18732
G1 F1102 X102.34 Y113.179 E112.24001
G1 F1097.6 X101.307 Y113.975 E112.29336
G1 X100.511 Y115.008 E112.34671
G1 F1102 X100.019 Y116.204 E112.39941
G1 X99.847 Y117.5 E112.45267
G1 X100.019 Y118.796 E112.50594
G1 F1099.8 X100.511 Y119.988 E112.55859
G1 F1097.6 X101.307 Y121.021 E112.61194
G1 X102.34 Y121.817 E112.66529
G1 F1102 X103.536 Y122.309 E112.71798
G1 F1097.6 X104.819 Y122.481 E112.77094
G1 F1208.1 X105.981 Y122.603 E112.81437
G1 F1350 X117.5 Y123.335 E113.19826
G1 F2700 E108.19826
G0 F7500 X117.52 Y123.028
G0 X104.899 Y122.252
G0 X104.865 Y121.991
G1 F2700 E113.19826
G1 F1095.3 X103.666 Y121.836 E113.24782
G1 F1102 X102.586 Y121.39 E113.29543
G1 F1097.6 X101.654 Y120.674 E113.34351
G1 X100.938 Y119.742 E113.39159
G1 F1099.8 X100.492 Y118.664 E113.43922
G1 F1102 X100.339 Y117.5 E113.48705
G1 X100.492 Y116.333 E113.53501
G1 X100.938 Y115.254 E113.58258
G1 F1097.6 X101.654 Y114.322 E113.63066
G1 X102.586 Y113.606 E113.67874
G1 F1102 X103.666 Y113.16 E113.72635
G1 F1095.3 X104.86 Y113.005 E113.7757
G1 F1205.4 X106.005 Y113.211 E113.81904
G1 F1350 X107.053 Y113.645 E113.85677
G1 X107.975 Y114.353 E113.89543
G1 X108.683 Y115.275 E113.9341
G1 X109.128 Y116.349 E113.97276
G1 X109.278 Y117.501 E114.0114
G1 X109.131 Y118.623 E114.04904
G1 X108.683 Y119.721 E114.08848
G1 X107.975 Y120.643 E114.12715
G1 X107.053 Y121.351 E114.16581
G1 X106.005 Y121.785 E114.20354
G1 F1205.4 X104.865 Y121.991 E114.24669
G0 F7500 X104.899 Y122.252
G0 X117.483 Y122.831
G0 X117.5 Y122.572
;TYPE:SKIN
G1 F1350 X107.533 Y121.937 E114.57887
G1 X108.515 Y121.183 E114.62005
G1 X109.343 Y120.105 E114.66526
G1 X109.868 Y118.843 E114.71072
G1 X110.042 Y117.5 E114.75576
G1 X109.868 Y116.149 E114.80106
G1 X109.347 Y114.89 E114.84638
G1 X108.495 Y113.793 E114.89258
G1 X107.537 Y113.054 E114.93282
G1 X122.403 Y112.116 E115.42825
G1 X126.333 Y112.116 E115.55896
G1 F1202.7 X126.746 Y112.165 E115.57449
G1 F1088.7 X129.073 Y112.163 E115.67046
G1 F1120.3 X129.849 Y112.199 E115.7016
G1 F1146.5 X130.543 Y112.336 E115.7293
G1 X131.298 Y112.593 E115.76054
G1 X131.37 Y112.666 E115.76455
G1 X129.819 Y112.669 E115.82529
G1 F1120.3 X129.073 Y112.657 E115.8552
G1 F1088.7 X126.789 Y112.658 E115.94939
G1 F1139.2 X126.406 Y112.856 E115.96639
G1 F1273.6 X126.098 Y113.187 E115.98233
G1 F1350 X123.886 Y117.015 E116.12938
G1 X123.77 Y117.353 E116.14126
G1 X123.77 Y117.643 E116.15091
G1 X123.886 Y117.985 E116.16292
G1 X126.098 Y121.808 E116.30982
G1 F1267.6 X126.412 Y122.137 E116.32593
G1 F1129.7 X126.869 Y122.334 E116.34571
G1 F1080 X129.096 Y122.339 E116.4383
G1 F1115.7 X129.819 Y122.328 E116.4674
G1 F1144.1 X131.14 Y122.328 E116.51925
G1 X131.275 Y122.364 E116.52473
G1 X131.224 Y122.421 E116.52773
G1 X130.534 Y122.66 E116.55639
G1 X129.849 Y122.797 E116.58381
G1 F1115.7 X129.11 Y122.833 E116.61358
G1 F1080 X126.798 Y122.829 E116.7097
G1 F1194.7 X126.372 Y122.881 E116.72583
G1 F1350 X122.403 Y122.884 E116.85784
G1 X117.5 Y122.572 E117.02125
G0 F7500 X117.483 Y122.831
G0 X122.389 Y123.083
G0 X129.124 Y123.082
G0 X129.879 Y123.032
G0 X130.597 Y122.888
G0 X131.359 Y122.625
G0 X132.014 Y122.144
G0 X131.268 Y122.122
G0 X126.632 Y121.942
G0 X126.5 Y122.402
G1 F1350 X126.22 Y122.682 E117.03442
G0 F7500 X126.166 Y122.17
G1 F1350 X125.654 Y122.682 E117.0585
G0 F7500 X125.088 Y122.682
G1 F1350 X125.901 Y121.869 E117.09674
G0 F7500 X125.694 Y121.511
G1 F1350 X124.522 Y122.682 E117.15185
G0 F7500 X123.956 Y122.683
G1 F1350 X125.487 Y121.152 E117.22386
G0 F7500 X125.28 Y120.794
G1 F1350 X123.389 Y122.684 E117.31278
G0 F7500 X122.824 Y122.684
G1 F1350 X125.072 Y120.435 E117.41855
G0 F7500 X124.864 Y120.077
G1 F1350 X122.267 Y122.675 E117.54072
G0 F7500 X121.735 Y122.641
G1 F1350 X124.657 Y119.719 E117.67817
G0 F7500 X124.45 Y119.36
G1 F1350 X121.203 Y122.607 E117.83089
G0 F7500 X120.671 Y122.573
G1 F1350 X124.243 Y119.002 E117.99889
G0 F7500 X124.036 Y118.643
G1 F1350 X120.14 Y122.539 E118.18214
G0 F7500 X119.608 Y122.506
G1 F1350 X123.829 Y118.285 E118.38069
G0 F7500 X123.645 Y117.903
G1 F1350 X119.076 Y122.472 E118.5956
G0 F7500 X118.544 Y122.438
G1 F1350 X123.572 Y117.41 E118.8321
G0 F7500 X124.029 Y117.41
G0 X124.403 Y116.647
G0 X124.002 Y116.414
G1 F1350 X118.012 Y122.404 E119.11385
G0 F7500 X117.48 Y122.37
G1 F1350 X124.777 Y115.074 E119.45706
G0 F7500 X125.177 Y115.306
G0 X125.952 Y113.965
G0 X125.552 Y113.733
G1 F1350 X116.948 Y122.337 E119.86176
G0 F7500 X116.417 Y122.303
G1 F1350 X126.39 Y112.329 E120.33088
G0 F7500 X125.838 Y112.315
G1 F1350 X115.885 Y122.269 E120.79907
G0 F7500 X115.353 Y122.235
G1 F1350 X125.272 Y112.315 E121.26565
G0 F7500 X124.707 Y112.315
G1 F1350 X114.821 Y122.201 E121.73066
G0 F7500 X114.29 Y122.167
G1 F1350 X124.141 Y112.315 E122.19404
G0 F7500 X123.575 Y112.315
G1 F1350 X113.757 Y122.134 E122.65587
G0 F7500 X113.225 Y122.1
G1 F1350 X123.01 Y112.315 E123.11613
G0 F7500 X122.444 Y112.315
G1 F1350 X112.694 Y122.066 E123.57476
G0 F7500 X112.162 Y122.032
G1 F1350 X121.842 Y112.351 E124.0301
G0 F7500 X121.238 Y112.39
G1 F1350 X111.63 Y121.998 E124.48203
G0 F7500 X111.098 Y121.964
G1 F1350 X120.635 Y112.428 E124.9306
G0 F7500 X120.031 Y112.466
G1 F1350 X110.567 Y121.93 E125.37576
G0 F7500 X110.035 Y121.896
G1 F1350 X119.427 Y112.504 E125.81753
G0 F7500 X118.823 Y112.542
G1 F1350 X109.503 Y121.863 E126.25594
G0 F7500 X108.971 Y121.829
G1 F1350 X118.219 Y112.581 E126.69094
G0 F7500 X117.615 Y112.619
G1 F1350 X108.44 Y121.794 E127.1225
G0 F7500 X108.41 Y122.256
G0 X106.865 Y122.067
G0 X109.137 Y119.935
G0 X109.558 Y120.11
G1 F1350 X117.011 Y112.657 E127.47307
G0 F7500 X116.407 Y112.695
G1 F1350 X109.96 Y119.143 E127.77634
G0 F7500 X110.124 Y118.413
G1 F1350 X115.804 Y112.733 E128.04351
G0 F7500 X115.2 Y112.771
G1 F1350 X110.207 Y117.764 E128.27836
G0 F7500 X110.203 Y117.203
G1 F1350 X114.597 Y112.809 E128.48504
G0 F7500 X113.993 Y112.847
G1 F1350 X110.139 Y116.701 E128.66632
G0 F7500 X110.075 Y116.199
G1 F1350 X113.389 Y112.885 E128.8222
G0 F7500 X112.785 Y112.924
G1 F1350 X109.93 Y115.778 E128.95647
G0 F7500 X109.765 Y115.378
G1 F1350 X112.181 Y112.962 E129.07011
G0 F7500 X111.577 Y113
G1 F1350 X109.599 Y114.978 E129.16315
G0 F7500 X109.391 Y114.621
G1 F1350 X110.973 Y113.038 E129.23759
G0 F7500 X110.369 Y113.076
G1 F1350 X109.145 Y114.301 E129.29518
G0 F7500 X108.899 Y113.981
G1 F1350 X109.766 Y113.114 E129.33596
G0 F7500 X109.162 Y113.153
G1 F1350 X108.651 Y113.663 E129.35998
G0 F7500 X108.332 Y113.417
G1 F1350 X108.558 Y113.191 E129.37061
G1 F2700 E124.37061
G0 F7500 X108.53 Y112.733
G0 X122.389 Y111.918
G0 X129.098 Y111.918
G0 X129.881 Y111.965
G0 X130.597 Y112.109
G0 X131.429 Y112.393
G0 X132.159 Y112.933
G0 X131.362 Y112.903
G0 X126.531 Y113.02
G0 X123.968 Y117.616
G0 X126.681 Y121.778
G0 X132.065 Y122.185
G0 X132.22 Y121.839
G1 F2700 E129.37061
G1 F1146.5 X132.998 Y120.488 E129.43166
G1 F1125 X133.338 Y119.92 E129.45808
G1 X133.668 Y119.328 E129.48514
G1 F1151.4 X134.332 Y118.181 E129.53682
G1 X134.424 Y118.088 E129.54192
G1 X134.45 Y118.165 E129.54509
G1 X134.312 Y118.883 E129.5736
G1 X134.087 Y119.537 E129.60058
G1 F1125 X133.763 Y120.165 E129.62878
G1 X133.388 Y120.749 E129.65648
G1 F1146.5 X132.925 Y121.277 E129.68398
G1 X132.31 Y121.814 E129.71596
G1 X132.22 Y121.839 E129.71962
G0 F7500 X132.065 Y122.185
G0 X131.591 Y122.389
G0 X132.018 Y121.716
G0 X133.93 Y118.409
G0 X134.662 Y117.33
G0 X134.445 Y117.005
G1 F1151.4 X133.665 Y115.662 E129.78018
G1 F1125 X133.335 Y115.068 E129.8073
G1 F1120.3 X133.001 Y114.511 E129.83333
G1 F1144.1 X132.329 Y113.35 E129.88598
G1 X132.296 Y113.222 E129.89117
G1 X132.374 Y113.239 E129.8943
G1 X132.917 Y113.712 E129.92256
G1 X133.392 Y114.249 E129.9507
G1 F1120.3 X133.762 Y114.823 E129.97807
G1 F1125 X134.078 Y115.443 E130.00585
G1 F1151.4 X134.313 Y116.11 E130.03342
G1 X134.471 Y116.917 E130.06549
G1 X134.445 Y117.005 E130.06907
G1 F2700 E125.06907
;MESH:NONMESH
G0 F300 X134.445 Y117.005 Z0.6
G0 F7500 X134.662 Y117.33
G0 X131.618 Y121.778
G0 X131.669 Y122.247
G0 X131.359 Y122.625
G0 X130.597 Y122.888
G0 X129.879 Y123.032
G0 X129.124 Y123.082
G0 X122.389 Y123.083
G0 X106.865 Y122.067
G0 X108.63 Y120.728
G0 X108.126 Y120.794
G0 X106.598 Y120.558
G0 X104.831 Y120.906
;TIME_ELAPSED:222.224449
;LAYER:2
M106 S170
;TYPE:WALL-INNER
;MESH:FT10-Input Crank.stl
G1 F2700 E130.06907
G1 F1500 X105.277 Y120.875 E130.08394
G1 X105.711 Y120.791 E130.09864
G1 X106.133 Y120.644 E130.11351
G1 X106.54 Y120.446 E130.12856
G1 X106.897 Y120.207 E130.14285
G1 X107.239 Y119.905 E130.15803
G1 X107.536 Y119.572 E130.17287
G1 X107.783 Y119.203 E130.18763
G1 X107.979 Y118.803 E130.20245
G1 X108.119 Y118.388 E130.21702
G1 X108.207 Y117.946 E130.23201
G1 X108.233 Y117.502 E130.2468
G1 X108.207 Y117.049 E130.26189
G1 X108.119 Y116.605 E130.27695
G1 X107.98 Y116.198 E130.29125
G1 X107.782 Y115.792 E130.30627
G1 X107.536 Y115.424 E130.321
G1 X107.24 Y115.091 E130.33582
G1 X106.901 Y114.794 E130.35081
G1 X106.536 Y114.55 E130.36541
G1 X106.13 Y114.352 E130.38043
G1 X105.714 Y114.209 E130.39506
G1 X105.278 Y114.121 E130.40986
G1 X104.831 Y114.094 E130.42475
G1 X104.382 Y114.121 E130.43971
G1 X103.944 Y114.209 E130.45457
G1 X103.529 Y114.348 E130.46913
G1 X103.121 Y114.549 E130.48426
G1 X102.763 Y114.789 E130.49859
G1 X102.423 Y115.088 E130.51365
G1 X102.13 Y115.426 E130.52853
G1 X101.88 Y115.799 E130.54346
G1 X101.68 Y116.199 E130.55834
G1 X101.541 Y116.612 E130.57283
G1 X101.453 Y117.05 E130.58769
G1 X101.426 Y117.5 E130.60268
G1 X101.453 Y117.946 E130.61754
G1 X101.541 Y118.384 E130.6324
G1 X101.68 Y118.798 E130.64693
G1 X101.881 Y119.202 E130.66194
G1 X102.13 Y119.575 E130.67685
G1 X102.416 Y119.904 E130.69135
G1 X102.757 Y120.205 E130.70648
G1 X103.124 Y120.446 E130.72108
G1 X103.532 Y120.649 E130.73624
G1 X103.944 Y120.79 E130.75072
G1 X104.382 Y120.875 E130.76556
G1 X104.831 Y120.906 E130.78053
G0 F9000 X104.831 Y121.307
;TYPE:WALL-OUTER
G1 F1500 X105.329 Y121.273 E130.79714
G1 X105.815 Y121.178 E130.81361
G1 X106.287 Y121.014 E130.83023
G1 X106.74 Y120.794 E130.84698
G1 X107.141 Y120.525 E130.86304
G1 X107.522 Y120.189 E130.87993
G1 X107.853 Y119.817 E130.89649
G1 X108.13 Y119.403 E130.91306
G1 X108.35 Y118.955 E130.92966
G1 X108.506 Y118.492 E130.94591
G1 X108.605 Y117.998 E130.96267
G1 X108.635 Y117.501 E130.97923
G1 X108.605 Y116.998 E130.99599
G1 X108.506 Y116.501 E131.01284
G1 X108.35 Y116.045 E131.02887
G1 X108.13 Y115.592 E131.04562
G1 X107.853 Y115.179 E131.06216
G1 X107.522 Y114.807 E131.07872
G1 X107.145 Y114.476 E131.09541
G1 X106.736 Y114.202 E131.11178
G1 X106.283 Y113.982 E131.12853
G1 X105.819 Y113.822 E131.14486
G1 X105.33 Y113.723 E131.16145
G1 X104.831 Y113.693 E131.17808
G1 X104.33 Y113.723 E131.19477
G1 X103.84 Y113.822 E131.2114
G1 X103.377 Y113.978 E131.22765
G1 X102.921 Y114.202 E131.24455
G1 X102.519 Y114.471 E131.26063
G1 X102.139 Y114.806 E131.27748
G1 X101.812 Y115.182 E131.29406
G1 X101.534 Y115.597 E131.31067
G1 X101.31 Y116.045 E131.32733
G1 X101.154 Y116.508 E131.34358
G1 X101.055 Y116.998 E131.36021
G1 X101.025 Y117.5 E131.37693
G1 X101.055 Y117.998 E131.39353
G1 X101.154 Y118.488 E131.41015
G1 X101.31 Y118.951 E131.4264
G1 X101.534 Y119.403 E131.44318
G1 X101.812 Y119.818 E131.4598
G1 X102.131 Y120.186 E131.47599
G1 X102.514 Y120.524 E131.49298
G1 X102.924 Y120.794 E131.50931
G1 X103.378 Y121.019 E131.52616
G1 X103.84 Y121.178 E131.54242
G1 X104.33 Y121.273 E131.55902
G1 X104.831 Y121.307 E131.57572
G0 F9000 X104.829 Y120.543
;TYPE:SKIN
G1 F1500 X104.422 Y120.513 E131.58929
G1 X104.04 Y120.442 E131.60221
G1 X103.67 Y120.315 E131.61523
G1 X103.304 Y120.134 E131.62881
G1 X102.971 Y119.913 E131.6421
G1 X102.675 Y119.651 E131.65525
G1 X102.415 Y119.349 E131.6685
G1 X102.19 Y119.019 E131.68179
G1 X102.01 Y118.651 E131.69541
G1 X101.89 Y118.295 E131.70791
G1 X101.807 Y117.897 E131.72143
G1 X101.785 Y117.501 E131.73462
G1 X101.811 Y117.099 E131.74802
G1 X101.894 Y116.688 E131.76196
G1 X102.006 Y116.349 E131.77384
G1 X102.194 Y115.973 E131.78782
G1 X102.415 Y115.642 E131.80106
G1 X102.674 Y115.346 E131.81414
G1 X102.983 Y115.075 E131.82781
G1 X103.305 Y114.858 E131.84072
G1 X103.665 Y114.682 E131.85405
G1 X104.028 Y114.558 E131.86681
G1 X104.43 Y114.479 E131.88044
G1 X104.829 Y114.453 E131.89374
G1 X105.229 Y114.479 E131.90707
G1 X105.62 Y114.558 E131.92034
G1 X105.999 Y114.686 E131.93364
G1 X106.351 Y114.858 E131.94667
G1 X106.677 Y115.079 E131.95977
G1 X106.983 Y115.347 E131.9733
G1 X107.249 Y115.643 E131.98654
G1 X107.47 Y115.976 E131.99983
G1 X107.642 Y116.329 E132.01289
G1 X107.766 Y116.689 E132.02555
G1 X107.848 Y117.093 E132.03926
G1 X107.867 Y117.499 E132.05278
G1 X107.848 Y117.899 E132.0661
G1 X107.766 Y118.3 E132.07971
G1 X107.646 Y118.663 E132.09243
G1 X107.47 Y119.019 E132.10564
G1 X107.249 Y119.348 E132.11882
G1 X106.978 Y119.649 E132.13229
G1 X106.677 Y119.917 E132.1457
G1 X106.351 Y120.134 E132.15872
G1 X106.003 Y120.306 E132.17163
G1 X105.615 Y120.438 E132.18527
G1 X105.229 Y120.517 E132.19837
G1 X104.829 Y120.543 E132.2117
G0 F9000 X104.811 Y120.804
G0 X103.595 Y120.5
G0 X102.855 Y120.077
G0 X102.373 Y119.591
G0 X101.807 Y118.827
G0 X102.219 Y118.624
G1 F1500 X103.704 Y120.109 E132.28155
G0 F9000 X104.477 Y120.316
G1 F1500 X102.004 Y117.844 E132.39785
G0 F9000 X102 Y117.274
G1 F1500 X105.054 Y120.328 E132.5415
G0 F9000 X105.541 Y120.249
G1 F1500 X102.078 Y116.786 E132.70439
G0 F9000 X102.221 Y116.364
G1 F1500 X105.961 Y120.103 E132.88028
G0 F9000 X106.33 Y119.906
G1 F1500 X102.419 Y115.995 E133.06425
G0 F9000 X102.657 Y115.668
G1 F1500 X106.656 Y119.667 E133.25235
G0 F9000 X106.944 Y119.389
G1 F1500 X102.937 Y115.382 E133.44082
G0 F9000 X103.255 Y115.134
G1 F1500 X107.194 Y119.073 E133.6261
G0 F9000 X107.399 Y118.713
G1 F1500 X103.615 Y114.929 E133.80409
G0 F9000 X104.024 Y114.772
G1 F1500 X107.554 Y118.303 E133.97015
G0 F9000 X107.651 Y117.834
G1 F1500 X104.493 Y114.676 E134.1187
G0 F9000 X105.051 Y114.668
G1 F1500 X107.656 Y117.273 E134.24123
G0 F9000 X107.511 Y116.562
G1 F1500 X105.768 Y114.819 E134.32321
G1 F2700 E129.32321
G0 F9000 X105.918 Y114.386
G0 X106.803 Y114.922
G0 X108.287 Y116.569
G0 X109.491 Y117.5
G0 X117.5 Y122.934
;TYPE:WALL-INNER
G1 F2700 E134.32321
G1 F1500 X122.384 Y123.244 E134.48598
G1 X129.116 Y123.244 E134.70989
G1 X129.9 Y123.192 E134.73602
G1 X130.639 Y123.043 E134.7611
G1 X131.342 Y122.804 E134.78579
G1 X132.019 Y122.47 E134.8109
G1 X132.642 Y122.055 E134.8358
G1 X133.207 Y121.559 E134.8608
G1 X133.702 Y120.994 E134.88579
G1 X134.119 Y120.367 E134.91083
G1 X134.453 Y119.692 E134.93588
G1 X134.694 Y118.991 E134.96054
G1 X134.839 Y118.25 E134.98565
G1 X134.89 Y117.5 E135.01065
G1 X134.839 Y116.747 E135.03576
G1 X134.695 Y116.008 E135.0608
G1 X134.453 Y115.304 E135.08556
G1 X134.119 Y114.629 E135.11061
G1 X133.702 Y114.002 E135.13565
G1 X133.207 Y113.437 E135.16063
G1 X132.641 Y112.942 E135.18564
G1 X132.019 Y112.526 E135.21053
G1 X131.342 Y112.192 E135.23564
G1 X130.639 Y111.953 E135.26034
G1 X129.902 Y111.805 E135.28534
G1 X129.117 Y111.756 E135.3115
G1 X122.383 Y111.756 E135.53547
G1 X105.956 Y112.795 E136.08293
G1 X106.159 Y112.841 E136.08985
G1 X107.254 Y113.295 E136.12928
G1 X108.26 Y114.068 E136.17147
G1 X109.033 Y115.074 E136.21367
G1 X109.517 Y116.242 E136.25572
G1 X109.676 Y117.499 E136.29786
G1 X109.517 Y118.753 E136.3399
G1 X109.033 Y119.922 E136.38199
G1 X108.26 Y120.928 E136.42418
G1 X107.254 Y121.701 E136.46638
G1 X106.158 Y122.155 E136.50584
G1 X105.956 Y122.201 E136.51273
G1 X117.5 Y122.934 E136.89746
G1 F2700 E131.89746
G0 F9000 X122.39 Y123.044
G0 X126.298 Y121.653
G0 X126.976 Y121.864
G1 F2700 E136.89746
G1 F1500 X126.656 Y121.772 E136.90853
G1 X126.456 Y121.565 E136.9181
G1 X124.237 Y117.733 E137.06538
G1 X124.202 Y117.408 E137.07626
G1 X124.276 Y117.199 E137.08363
G1 X126.452 Y113.431 E137.22835
G1 X126.652 Y113.224 E137.23792
G1 X126.889 Y113.132 E137.24638
G1 X131.32 Y113.132 E137.39376
G1 X131.585 Y113.192 E137.40279
G1 X131.779 Y113.326 E137.41063
G1 X134.02 Y117.199 E137.55946
G1 X134.098 Y117.459 E137.56849
G1 X134.081 Y117.698 E137.57646
G1 X131.84 Y121.565 E137.72511
G1 X131.655 Y121.763 E137.73412
G1 X131.443 Y121.864 E137.74194
G1 X126.976 Y121.864 E137.89051
G0 F9000 X126.976 Y121.464
;TYPE:WALL-OUTER
G1 F1500 X126.837 Y121.425 E137.89531
G1 X124.606 Y117.565 E138.0436
G1 X124.606 Y117.435 E138.04792
G1 X126.798 Y113.631 E138.19394
G1 X126.937 Y113.534 E138.19958
G1 X131.32 Y113.532 E138.34536
G1 X131.474 Y113.596 E138.35091
G1 X133.674 Y117.399 E138.49704
G1 X133.701 Y117.5 E138.50051
G1 X133.674 Y117.601 E138.50399
G1 X131.494 Y121.365 E138.64866
G1 X131.362 Y121.464 E138.65415
G1 X126.976 Y121.464 E138.80003
G1 F2700 E133.80003
G0 F9000 X126.976 Y121.777
G0 X125.016 Y118.697
G0 X122.39 Y123.044
G0 X117.5 Y123.335
G1 F2700 E138.80003
G1 F1500 X122.371 Y123.644 E138.96236
G1 X129.129 Y123.644 E139.18714
G1 X129.953 Y123.589 E139.2146
G1 X130.743 Y123.43 E139.24141
G1 X131.495 Y123.174 E139.26783
G1 X132.219 Y122.818 E139.29466
G1 X132.886 Y122.373 E139.32133
G1 X133.49 Y121.842 E139.34808
G1 X134.02 Y121.238 E139.37481
G1 X134.466 Y120.567 E139.4016
G1 X134.823 Y119.846 E139.42836
G1 X135.082 Y119.095 E139.45478
G1 X135.237 Y118.302 E139.48166
G1 X135.291 Y117.5 E139.50839
G1 X135.237 Y116.695 E139.53523
G1 X135.082 Y115.904 E139.56204
G1 X134.823 Y115.15 E139.58855
G1 X134.466 Y114.429 E139.61531
G1 X134.02 Y113.758 E139.64211
G1 X133.49 Y113.154 E139.66884
G1 X132.885 Y112.624 E139.69559
G1 X132.219 Y112.178 E139.72225
G1 X131.495 Y111.822 E139.74908
G1 X130.743 Y111.566 E139.7755
G1 X129.954 Y111.407 E139.80227
G1 X129.129 Y111.356 E139.82977
G1 X122.371 Y111.356 E140.05454
G1 X105.983 Y112.392 E140.60069
G1 F1351.4 X104.736 Y112.524 E140.64699
G1 F1227 X103.536 Y112.687 E140.69623
G1 F1224.5 X102.34 Y113.179 E140.74892
G1 F1219.5 X101.307 Y113.975 E140.80227
G1 X100.511 Y115.008 E140.85562
G1 F1224.5 X100.019 Y116.204 E140.90831
G1 X99.847 Y117.5 E140.96158
G1 X100.019 Y118.796 E141.01485
G1 F1222 X100.511 Y119.988 E141.0675
G1 F1219.5 X101.307 Y121.021 E141.12085
G1 X102.34 Y121.817 E141.1742
G1 F1224.5 X103.536 Y122.309 E141.22689
G1 F1219.5 X104.819 Y122.481 E141.27985
G1 F1342.3 X105.981 Y122.603 E141.32327
G1 F1500 X117.5 Y123.335 E141.70717
G1 F2700 E136.70717
G0 F9000 X117.52 Y123.028
G0 X104.899 Y122.252
G0 X104.865 Y121.991
G1 F2700 E141.70717
G1 F1217 X103.666 Y121.836 E141.75673
G1 F1224.5 X102.586 Y121.39 E141.80434
G1 F1219.5 X101.654 Y120.674 E141.85242
G1 X100.938 Y119.742 E141.9005
G1 F1222 X100.492 Y118.664 E141.94813
G1 F1224.5 X100.339 Y117.5 E141.99596
G1 X100.492 Y116.333 E142.04392
G1 X100.938 Y115.254 E142.09149
G1 F1219.5 X101.654 Y114.322 E142.13957
G1 X102.586 Y113.606 E142.18765
G1 F1224.5 X103.666 Y113.16 E142.23525
G1 F1217 X104.86 Y113.005 E142.28461
G1 F1339.3 X106.005 Y113.211 E142.32795
G1 F1500 X107.053 Y113.645 E142.36568
G1 X107.975 Y114.353 E142.40434
G1 X108.683 Y115.275 E142.443
G1 X109.128 Y116.349 E142.48167
G1 X109.278 Y117.501 E142.52031
G1 X109.131 Y118.623 E142.55795
G1 X108.683 Y119.721 E142.59739
G1 X107.975 Y120.643 E142.63605
G1 X107.053 Y121.351 E142.67472
G1 X106.005 Y121.785 E142.71244
G1 F1339.3 X104.865 Y121.991 E142.7556
G1 F2700 E137.7556
G0 F9000 X104.899 Y122.252
G0 X106.048 Y122.038
G0 X108.452 Y120.972
G0 X109.844 Y117.502
G0 X108.375 Y113.953
G0 X106.866 Y112.929
G0 X122.389 Y111.917
G0 X129.112 Y111.917
G0 X129.881 Y111.965
G0 X130.287 Y112.047
G0 X131.836 Y112.548
G0 X131.704 Y112.815
;TYPE:SKIN
G1 F2700 E142.7556
G1 F1252.6 X132.011 Y113.003 E142.76994
G0 F9000 X131.807 Y113.223
G0 X134.198 Y117.456
G0 X134.483 Y117.382
G1 F1232 X134.393 Y117.018 E142.78512
G1 F1197.6 X133.621 Y115.683 E142.84936
G1 F1169.6 X133.294 Y115.096 E142.87803
G1 F1174.2 X132.195 Y113.227 E142.97015
G1 F1227 X132.011 Y113.003 E142.98194
G1 F1219.5 X132.386 Y113.269 E143.00075
G1 F1188.1 X132.913 Y113.728 E143.03009
G1 X133.375 Y114.254 E143.05949
G1 F1167.3 X133.748 Y114.835 E143.089
G1 F1169.6 X134.071 Y115.461 E143.11905
G1 F1195.2 X134.29 Y116.103 E143.14736
G1 X134.43 Y116.793 E143.17675
G1 F1229.5 X134.483 Y117.382 E143.20075
G0 F9000 X134.49 Y117.5
G1 F1265.8 X134.483 Y117.382 E143.2054
G1 F1263.2 X134.474 Y117.736 E143.21939
G1 X134.49 Y117.5 E143.22873
G0 F9000 X134.196 Y117.48
G0 X131.698 Y121.857
G0 X131.914 Y122.059
G1 F1219.5 X132.199 Y121.767 E143.24543
G1 F1188.1 X132.96 Y120.453 E143.30919
G1 F1165 X133.294 Y119.897 E143.33696
G1 F1167.3 X133.622 Y119.308 E143.36578
G1 F1204.8 X134.37 Y118.008 E143.42788
G1 F1234.6 X134.474 Y117.736 E143.43965
G1 F1227 X134.43 Y118.194 E143.45836
G1 F1195.2 X134.293 Y118.882 E143.48764
G1 X134.071 Y119.531 E143.51627
G1 F1167.3 X133.748 Y120.16 E143.54649
G1 F1165 X133.379 Y120.734 E143.57571
G1 F1188.1 X132.913 Y121.265 E143.60538
G1 X132.394 Y121.724 E143.63447
G1 F1219.5 X131.914 Y122.059 E143.65842
G1 F1265.8 X131.871 Y122.093 E143.66058
G1 F1260.5 X131.633 Y122.211 E143.67109
G1 F2700 E138.67109
G0 F9000 X131.518 Y121.939
G0 X126.298 Y121.653
G0 X122.39 Y123.044
G0 X117.5 Y122.572
G1 F2700 E143.67109
G1 F1500 X107.533 Y121.937 E144.00327
G1 X108.515 Y121.183 E144.04445
G1 X109.343 Y120.105 E144.08966
G1 X109.868 Y118.843 E144.13512
G1 X110.042 Y117.5 E144.18016
G1 X109.868 Y116.149 E144.22547
G1 X109.347 Y114.89 E144.27078
G1 X108.495 Y113.793 E144.31698
G1 X107.537 Y113.054 E144.35722
G1 X122.403 Y112.116 E144.85265
G1 X126.357 Y112.116 E144.98416
G1 F1287.6 X126.777 Y112.182 E145.00064
G1 F1132.1 X129.084 Y112.18 E145.10231
G1 F1162.8 X129.847 Y112.215 E145.13508
G1 F1188.1 X130.538 Y112.352 E145.16466
G1 X131.179 Y112.57 E145.19309
G1 F1219.5 X131.704 Y112.815 E145.21679
G1 X131.312 Y112.72 E145.23329
G1 F1188.1 X129.815 Y112.719 E145.29615
G1 F1162.8 X129.084 Y112.708 E145.32752
G1 F1132.1 X126.822 Y112.709 E145.4272
G1 F1287.6 X126.424 Y112.944 E145.44511
G1 F1500 X126.134 Y113.251 E145.45916
G1 X123.962 Y117.016 E145.60373
G1 X123.846 Y117.353 E145.61558
G1 X123.846 Y117.648 E145.62539
G1 X123.962 Y117.977 E145.637
G1 X126.143 Y121.741 E145.78169
G1 F1379.3 X126.447 Y122.064 E145.79773
G1 F1185.8 X126.903 Y122.284 E145.81903
G1 F1119.4 X129.078 Y122.289 E145.91597
G1 F1158.3 X129.812 Y122.277 E145.94759
G1 F1190.5 X131.316 Y122.275 E146.01062
G1 F1207.2 X131.599 Y122.227 E146.02248
G1 F1202.4 X131.183 Y122.42 E146.04151
G1 F1185.8 X130.548 Y122.636 E146.06973
G1 X129.846 Y122.781 E146.09989
G1 F1158.3 X129.095 Y122.818 E146.13227
G1 F1119.4 X126.827 Y122.814 E146.23335
G1 F1276.6 X126.402 Y122.884 E146.25019
G1 F1500 X122.403 Y122.884 E146.38319
G1 X117.5 Y122.572 E146.5466
G0 F9000 X117.483 Y122.831
G0 X106.865 Y122.067
G0 X107.866 Y121.358
G0 X108.143 Y121.72
G1 F1500 X108.202 Y121.779 E146.54937
G0 F9000 X108.464 Y121.475
G1 F1500 X108.806 Y121.817 E146.56546
G0 F9000 X109.411 Y121.856
G1 F1500 X108.754 Y121.2 E146.59634
G0 F9000 X109.001 Y120.88
G1 F1500 X110.015 Y121.894 E146.64404
G0 F9000 X110.619 Y121.933
G1 F1500 X109.246 Y120.56 E146.70862
G0 F9000 X109.491 Y120.239
G1 F1500 X111.223 Y121.971 E146.79009
G0 F9000 X111.827 Y122.009
G1 F1500 X109.666 Y119.848 E146.89173
G0 F9000 X109.832 Y119.449
G1 F1500 X112.431 Y122.048 E147.01398
G0 F9000 X113.035 Y122.086
G1 F1500 X109.998 Y119.049 E147.15683
G0 F9000 X110.101 Y118.586
G1 F1500 X113.64 Y122.125 E147.3233
G0 F9000 X114.244 Y122.163
G1 F1500 X110.165 Y118.085 E147.51514
G0 F9000 X110.229 Y117.583
G1 F1500 X114.848 Y122.202 E147.7324
G0 F9000 X115.452 Y122.24
G1 F1500 X110.171 Y116.96 E147.98078
G0 F9000 X110.089 Y116.311
G1 F1500 X116.057 Y122.279 E148.2615
G0 F9000 X116.661 Y122.317
G1 F1500 X109.795 Y115.451 E148.58445
G0 F9000 X109.37 Y115.626
G0 X108.56 Y114.293
G0 X108.924 Y114.015
G1 F1500 X117.264 Y122.356 E148.97676
G0 F9000 X117.869 Y122.395
G1 F1500 X108.66 Y113.185 E149.40995
G0 F9000 X108.301 Y113.392
G1 F1500 X108.127 Y113.218 E149.41813
G0 F9000 X108.099 Y112.76
G0 X109.163 Y112.692
G0 X109.191 Y113.151
G1 F1500 X118.473 Y122.433 E149.85473
G0 F9000 X119.077 Y122.472
G1 F1500 X109.724 Y113.118 E150.29469
G0 F9000 X110.256 Y113.084
G1 F1500 X119.681 Y122.51 E150.73804
G0 F9000 X120.286 Y122.549
G1 F1500 X110.788 Y113.051 E151.18479
G0 F9000 X111.32 Y113.017
G1 F1500 X120.89 Y122.587 E151.63494
G0 F9000 X121.494 Y122.625
G1 F1500 X111.852 Y112.984 E152.08844
G0 F9000 X112.384 Y112.95
G1 F1500 X122.098 Y122.664 E152.54536
G0 F9000 X122.684 Y122.684
G1 F1500 X112.916 Y112.916 E153.00482
G0 F9000 X113.448 Y112.883
G1 F1500 X123.249 Y122.684 E153.46583
G0 F9000 X123.815 Y122.684
G1 F1500 X113.98 Y112.849 E153.92843
G0 F9000 X114.512 Y112.815
G1 F1500 X124.381 Y122.684 E154.39264
G0 F9000 X124.946 Y122.684
G1 F1500 X115.044 Y112.781 E154.85843
G0 F9000 X115.577 Y112.748
G1 F1500 X125.512 Y122.684 E155.32576
G0 F9000 X126.078 Y122.684
G1 F1500 X116.108 Y112.714 E155.79472
G0 F9000 X116.641 Y112.681
G1 F1500 X126.583 Y122.623 E156.26236
G1 F2700 E151.26236
G0 F9000 X126.583 Y123.144
G0 X125.822 Y123.044
G0 X126.298 Y121.653
G0 X125.425 Y120.9
G1 F2700 E156.26236
G1 F1500 X117.173 Y112.647 E156.65053
G0 F9000 X117.705 Y112.614
G1 F1500 X124.645 Y119.554 E156.97697
G0 F9000 X125.043 Y119.324
G0 X124.263 Y117.978
G0 X123.865 Y118.208
G1 F1500 X118.237 Y112.58 E157.24169
G0 F9000 X118.769 Y112.547
G1 F1500 X123.649 Y117.426 E157.47121
G0 F9000 X123.762 Y116.974
G1 F1500 X119.301 Y112.513 E157.68104
G0 F9000 X119.833 Y112.479
G1 F1500 X123.966 Y116.612 E157.87544
G0 F9000 X124.173 Y116.253
G1 F1500 X120.365 Y112.446 E158.05454
G0 F9000 X120.898 Y112.412
G1 F1500 X124.379 Y115.894 E158.2183
G0 F9000 X124.587 Y115.536
G1 F1500 X121.429 Y112.378 E158.36684
G0 F9000 X121.962 Y112.345
G1 F1500 X124.794 Y115.177 E158.50005
G0 F9000 X125 Y114.818
G1 F1500 X122.498 Y112.316 E158.61773
G0 F9000 X123.064 Y112.316
G1 F1500 X125.207 Y114.459 E158.71853
G0 F9000 X125.414 Y114.1
G1 F1500 X123.63 Y112.316 E158.80245
G0 F9000 X124.196 Y112.316
G1 F1500 X125.621 Y113.742 E158.8695
G0 F9000 X125.828 Y113.382
G1 F1500 X124.761 Y112.316 E158.91966
G0 F9000 X125.327 Y112.316
G1 F1500 X126.052 Y113.041 E158.95377
G0 F9000 X126.341 Y112.764
G1 F1500 X125.893 Y112.316 E158.97484
G0 F9000 X126.504 Y112.362
G1 F1500 X126.669 Y112.527 E158.9826
G1 F2700 E153.9826
;MESH:NONMESH
G0 F300 X126.669 Y112.527 Z0.8
G0 F9000 X126.864 Y113.038
G0 X124.121 Y117.107
G0 X107.668 Y119.683
G0 X104.828 Y120.934
;TIME_ELAPSED:270.908125
;LAYER:3
M106 S255
;TYPE:WALL-INNER
;MESH:FT10-Input Crank.stl
G1 F2700 E158.9826
G1 F1500 X105.283 Y120.907 E158.99776
G1 X105.727 Y120.819 E159.01281
G1 X106.141 Y120.677 E159.02737
G1 X106.552 Y120.474 E159.04262
G1 X106.919 Y120.23 E159.05728
G1 X107.262 Y119.93 E159.07243
G1 X107.558 Y119.59 E159.08743
G1 X107.807 Y119.219 E159.10229
G1 X108.007 Y118.811 E159.1174
G1 X108.146 Y118.395 E159.13199
G1 X108.239 Y117.948 E159.14717
G1 X108.266 Y117.499 E159.16213
G1 X108.238 Y117.048 E159.17716
G1 X108.147 Y116.601 E159.19234
G1 X108.008 Y116.186 E159.20689
G1 X107.807 Y115.781 E159.22193
G1 X107.559 Y115.407 E159.23686
G1 X107.258 Y115.07 E159.25188
G1 X106.925 Y114.773 E159.26673
G1 X106.55 Y114.525 E159.28168
G1 X106.148 Y114.324 E159.29663
G1 X105.728 Y114.181 E159.31138
G1 X105.283 Y114.093 E159.32647
G1 X104.829 Y114.062 E159.34161
G1 X104.378 Y114.089 E159.35663
G1 X103.937 Y114.177 E159.37159
G1 X103.52 Y114.319 E159.38624
G1 X103.106 Y114.525 E159.40162
G1 X102.747 Y114.765 E159.41599
G1 X102.401 Y115.07 E159.43133
G1 X102.105 Y115.403 E159.44615
G1 X101.857 Y115.777 E159.46107
G1 X101.656 Y116.184 E159.47617
G1 X101.513 Y116.602 E159.49086
G1 X101.425 Y117.037 E159.50562
G1 X101.394 Y117.495 E159.52089
G1 X101.421 Y117.946 E159.53592
G1 X101.509 Y118.387 E159.55088
G1 X101.652 Y118.806 E159.5656
G1 X101.854 Y119.221 E159.58095
G1 X102.094 Y119.581 E159.59534
G1 X102.397 Y119.926 E159.61061
G1 X102.736 Y120.223 E159.62561
G1 X103.109 Y120.474 E159.64056
G1 X103.516 Y120.673 E159.65563
G1 X103.935 Y120.819 E159.67038
G1 X104.374 Y120.907 E159.68528
G1 X104.828 Y120.934 E159.7004
G0 F9000 X104.828 Y121.335
;TYPE:WALL-OUTER
G1 F1500 X105.334 Y121.305 E159.71726
G1 X105.831 Y121.206 E159.73412
G1 X106.295 Y121.047 E159.75043
G1 X106.752 Y120.822 E159.76737
G1 X107.162 Y120.548 E159.78377
G1 X107.546 Y120.214 E159.8007
G1 X107.876 Y119.834 E159.81744
G1 X108.154 Y119.419 E159.83406
G1 X108.378 Y118.963 E159.85095
G1 X108.534 Y118.499 E159.86723
G1 X108.637 Y118.001 E159.88415
G1 X108.667 Y117.499 E159.90087
G1 X108.636 Y116.995 E159.91767
G1 X108.534 Y116.497 E159.93458
G1 X108.378 Y116.033 E159.95086
G1 X108.154 Y115.581 E159.96764
G1 X107.877 Y115.163 E159.98432
G1 X107.542 Y114.786 E160.00109
G1 X107.169 Y114.455 E160.01768
G1 X106.751 Y114.178 E160.03435
G1 X106.302 Y113.954 E160.05104
G1 X105.832 Y113.794 E160.06756
G1 X105.337 Y113.695 E160.08435
G1 X104.831 Y113.661 E160.10121
G1 X104.326 Y113.691 E160.11804
G1 X103.833 Y113.79 E160.13476
G1 X103.366 Y113.949 E160.15117
G1 X102.905 Y114.178 E160.16829
G1 X102.503 Y114.447 E160.18438
G1 X102.118 Y114.786 E160.20144
G1 X101.787 Y115.159 E160.21803
G1 X101.51 Y115.577 E160.23471
G1 X101.286 Y116.03 E160.25152
G1 X101.126 Y116.497 E160.26793
G1 X101.027 Y116.983 E160.28443
G1 X100.993 Y117.493 E160.30143
G1 X101.023 Y117.998 E160.31826
G1 X101.122 Y118.491 E160.33498
G1 X101.282 Y118.959 E160.35143
G1 X101.506 Y119.42 E160.36848
G1 X101.776 Y119.825 E160.38467
G1 X102.114 Y120.21 E160.40171
G1 X102.491 Y120.541 E160.41839
G1 X102.909 Y120.822 E160.43515
G1 X103.362 Y121.043 E160.45191
G1 X103.829 Y121.206 E160.46836
G1 X104.322 Y121.305 E160.48509
G1 X104.828 Y121.335 E160.50195
G0 F9000 X104.828 Y120.571
;TYPE:SKIN
G1 F1500 X104.418 Y120.549 E160.5156
G1 X104.033 Y120.47 E160.52867
G1 X103.642 Y120.335 E160.54243
G1 X103.293 Y120.162 E160.55539
G1 X102.959 Y119.937 E160.56878
G1 X102.65 Y119.666 E160.58245
G1 X102.379 Y119.357 E160.59612
G1 X102.163 Y119.036 E160.60899
G1 X101.986 Y118.667 E160.6226
G1 X101.854 Y118.291 E160.63586
G1 X101.779 Y117.902 E160.64903
G1 X101.753 Y117.492 E160.6627
G1 X101.779 Y117.084 E160.6763
G1 X101.862 Y116.694 E160.68956
G1 X101.99 Y116.321 E160.70267
G1 X102.17 Y115.953 E160.7163
G1 X102.391 Y115.623 E160.72951
G1 X102.65 Y115.33 E160.74252
G1 X102.967 Y115.051 E160.75656
G1 X103.286 Y114.834 E160.76939
G1 X103.657 Y114.65 E160.78317
G1 X104.028 Y114.526 E160.79618
G1 X104.423 Y114.447 E160.80958
G1 X104.823 Y114.421 E160.82291
G1 X105.237 Y114.451 E160.83671
G1 X105.64 Y114.53 E160.85037
G1 X105.998 Y114.653 E160.86296
G1 X106.372 Y114.838 E160.87684
G1 X106.701 Y115.055 E160.88995
G1 X107.002 Y115.326 E160.90342
G1 X107.269 Y115.623 E160.9167
G1 X107.49 Y115.961 E160.93013
G1 X107.678 Y116.33 E160.94391
G1 X107.794 Y116.68 E160.95617
G1 X107.877 Y117.095 E160.97025
G1 X107.903 Y117.497 E160.98365
G1 X107.881 Y117.897 E160.99697
G1 X107.794 Y118.311 E161.01104
G1 X107.674 Y118.663 E161.02341
G1 X107.494 Y119.035 E161.03716
G1 X107.264 Y119.374 E161.05078
G1 X107.005 Y119.674 E161.06396
G1 X106.706 Y119.936 E161.07719
G1 X106.367 Y120.162 E161.09074
G1 X106.002 Y120.343 E161.10429
G1 X105.631 Y120.47 E161.11733
G1 X105.238 Y120.549 E161.13066
G1 X104.828 Y120.571 E161.14432
G0 F9000 X104.812 Y120.832
G0 X105.684 Y120.664
G0 X106.472 Y120.335
G0 X107.019 Y119.916
G0 X107.662 Y119.254
G0 X107.278 Y118.996
G1 F1500 X106.326 Y119.949 E161.18912
G0 F9000 X105.395 Y120.314
G1 F1500 X107.64 Y118.068 E161.29474
G0 F9000 X107.699 Y117.444
G1 F1500 X104.774 Y120.369 E161.43233
G0 F9000 X104.264 Y120.314
G1 F1500 X107.641 Y116.936 E161.59119
G0 F9000 X107.521 Y116.491
G1 F1500 X103.824 Y120.187 E161.76507
G0 F9000 X103.436 Y120.01
G1 F1500 X107.339 Y116.107 E161.94865
G0 F9000 X107.12 Y115.76
G1 F1500 X103.093 Y119.787 E162.13807
G0 F9000 X102.791 Y119.523
G1 F1500 X106.853 Y115.461 E162.32913
G0 F9000 X106.552 Y115.197
G1 F1500 X102.528 Y119.22 E162.51839
G0 F9000 X102.308 Y118.875
G1 F1500 X106.205 Y114.978 E162.70169
G0 F9000 X105.816 Y114.802
G1 F1500 X102.134 Y118.484 E162.87488
G0 F9000 X102.01 Y118.042
G1 F1500 X105.371 Y114.681 E163.03297
G0 F9000 X104.862 Y114.624
G1 F1500 X101.956 Y117.53 E163.16966
G0 F9000 X102.023 Y116.897
G1 F1500 X104.231 Y114.689 E163.27352
G0 F9000 X104.143 Y114.237
G0 X103.008 Y114.712
G0 X103.263 Y115.092
G1 F1500 X102.43 Y115.924 E163.31267
G1 F2700 E158.31267
G0 F9000 X102.049 Y115.67
G0 X102.846 Y114.893
G0 X103.582 Y114.468
G0 X104.398 Y114.249
G0 X105.262 Y114.253
G0 X106.086 Y114.473
G0 X106.826 Y114.901
G0 X107.431 Y115.506
G0 X107.859 Y116.248
G0 X108.036 Y116.913
G0 X108.168 Y118.878
G0 X109.111 Y119.268
G0 X117.5 Y122.934
;TYPE:WALL-INNER
G1 F2700 E163.31267
G1 F1500 X122.384 Y123.244 E163.47544
G1 X129.138 Y123.243 E163.70008
G1 X129.9 Y123.192 E163.72548
G1 X130.639 Y123.043 E163.75056
G1 X131.342 Y122.804 E163.77525
G1 X132.019 Y122.471 E163.80035
G1 X132.641 Y122.055 E163.82524
G1 X133.206 Y121.558 E163.85026
G1 X133.702 Y120.994 E163.87524
G1 X134.118 Y120.367 E163.90027
G1 X134.453 Y119.691 E163.92536
G1 X134.695 Y118.991 E163.95
G1 X134.839 Y118.25 E163.97511
G1 X134.89 Y117.5 E164.00011
G1 X134.839 Y116.747 E164.02521
G1 X134.695 Y116.008 E164.05025
G1 X134.453 Y115.304 E164.07501
G1 X134.119 Y114.628 E164.10009
G1 X133.702 Y114.002 E164.12511
G1 X133.206 Y113.438 E164.15009
G1 X132.641 Y112.942 E164.17509
G1 X132.019 Y112.525 E164.2
G1 X131.342 Y112.192 E164.22509
G1 X130.639 Y111.953 E164.24979
G1 X129.902 Y111.805 E164.27479
G1 X129.117 Y111.756 E164.30095
G1 X122.383 Y111.756 E164.52493
G1 X105.91 Y112.797 E165.07391
G1 X106.159 Y112.85 E165.08238
G1 X107.255 Y113.305 E165.12185
G1 X108.254 Y114.077 E165.16384
G1 X109.019 Y115.074 E165.20564
G1 X109.505 Y116.239 E165.24762
G1 X109.67 Y117.493 E165.28969
G1 X109.51 Y118.745 E165.33167
G1 X109.029 Y119.915 E165.37375
G1 X108.266 Y120.911 E165.41548
G1 X107.251 Y121.688 E165.45799
G1 X106.163 Y122.142 E165.4972
G1 X105.902 Y122.197 E165.50608
G1 X117.5 Y122.934 E165.8926
G1 F2700 E160.8926
G0 F9000 X122.39 Y123.044
G0 X126.33 Y121.597
G0 X127.008 Y121.808
G1 F2700 E165.8926
G1 F1500 X126.688 Y121.716 E165.90368
G1 X126.488 Y121.509 E165.91325
G1 X124.344 Y117.801 E166.05571
G1 X124.27 Y117.592 E166.06309
G1 X124.27 Y117.408 E166.06921
G1 X124.344 Y117.199 E166.07658
G1 X126.488 Y113.491 E166.21904
G1 X126.688 Y113.284 E166.22862
G1 X126.927 Y113.192 E166.23713
G1 X131.288 Y113.191 E166.38218
G1 X131.553 Y113.253 E166.39123
G1 X131.748 Y113.388 E166.39912
G1 X133.952 Y117.199 E166.54555
G1 X134.031 Y117.459 E166.55458
G1 X134.012 Y117.698 E166.56256
G1 X131.808 Y121.509 E166.70898
G1 X131.623 Y121.708 E166.71802
G1 X131.406 Y121.808 E166.72597
G1 X127.008 Y121.808 E166.87225
G0 F9000 X127.008 Y121.408
;TYPE:WALL-OUTER
G1 F1500 X126.869 Y121.369 E166.87705
G1 X124.674 Y117.565 E167.02312
G1 X124.674 Y117.435 E167.02745
G1 X126.834 Y113.691 E167.17121
G1 X126.973 Y113.595 E167.17683
G1 X131.288 Y113.591 E167.32034
G1 X131.442 Y113.658 E167.32593
G1 X133.606 Y117.399 E167.46967
G1 X133.633 Y117.5 E167.47315
G1 X133.606 Y117.601 E167.47663
G1 X131.462 Y121.309 E167.61909
G1 X131.327 Y121.408 E167.62466
G1 X127.008 Y121.408 E167.76831
G1 F2700 E162.76831
G0 F9000 X127.008 Y121.718
G0 X124.727 Y118.862
G0 X122.39 Y123.044
G0 X117.5 Y123.335
G1 F2700 E167.76831
G1 F1500 X122.371 Y123.644 E167.93064
G1 X129.129 Y123.644 E168.15542
G1 X129.953 Y123.589 E168.18288
G1 X130.743 Y123.43 E168.20969
G1 X131.495 Y123.174 E168.23611
G1 X132.219 Y122.818 E168.26294
G1 X132.885 Y122.373 E168.28958
G1 X133.49 Y121.842 E168.31636
G1 X134.02 Y121.238 E168.34308
G1 X134.466 Y120.567 E168.36988
G1 X134.823 Y119.846 E168.39664
G1 X135.082 Y119.095 E168.42306
G1 X135.237 Y118.302 E168.44994
G1 X135.291 Y117.5 E168.47667
G1 X135.237 Y116.695 E168.5035
G1 X135.082 Y115.904 E168.53031
G1 X134.823 Y115.15 E168.55683
G1 X134.466 Y114.428 E168.58362
G1 X134.02 Y113.758 E168.61039
G1 X133.49 Y113.154 E168.63712
G1 X132.885 Y112.624 E168.66387
G1 X132.219 Y112.178 E168.69053
G1 X131.495 Y111.822 E168.71736
G1 X130.743 Y111.566 E168.74378
G1 X129.954 Y111.407 E168.77055
G1 X129.129 Y111.356 E168.79804
G1 X122.371 Y111.356 E169.02282
G1 X105.98 Y112.392 E169.56907
G1 F1339.3 X104.736 Y112.528 E169.61569
G1 F1212.1 X103.537 Y112.689 E169.66548
G1 F1209.7 X102.342 Y113.182 E169.7188
G1 F1207.2 X101.309 Y113.977 E169.77266
G1 F1209.7 X100.513 Y115.009 E169.82642
G1 F1212.1 X100.021 Y116.204 E169.87961
G1 X99.85 Y117.5 E169.93341
G1 X100.021 Y118.795 E169.98718
G1 X100.513 Y119.987 E170.04025
G1 F1209.7 X101.308 Y121.02 E170.09401
G1 X102.341 Y121.815 E170.14777
G1 F1212.1 X103.537 Y122.307 E170.201
G1 F1209.7 X104.814 Y122.479 E170.25414
G1 F1336.3 X105.987 Y122.604 E170.29818
G1 F1500 X117.5 Y123.335 E170.68188
G1 F2700 E165.68188
G0 F9000 X117.52 Y123.028
G0 X104.891 Y122.244
G0 X104.857 Y121.985
G1 F2700 E170.68188
G1 F1204.8 X103.668 Y121.83 E170.73153
G1 F1212.1 X102.589 Y121.384 E170.77959
G1 F1209.7 X101.66 Y120.67 E170.82791
G1 X100.944 Y119.739 E170.87635
G1 F1212.1 X100.498 Y118.664 E170.92425
G1 X100.348 Y117.5 E170.97256
G1 X100.498 Y116.336 E171.02086
G1 X100.944 Y115.257 E171.06892
G1 F1209.7 X101.66 Y114.328 E171.11729
G1 F1207.2 X102.589 Y113.615 E171.16569
G1 F1209.7 X103.664 Y113.169 E171.21369
G1 F1202.4 X104.86 Y113.014 E171.26373
G1 F1327.4 X106.005 Y113.219 E171.30745
G1 F1500 X107.052 Y113.654 E171.34515
G1 X107.947 Y114.345 E171.38276
G1 X108.672 Y115.279 E171.42209
G1 X109.116 Y116.345 E171.4605
G1 X109.266 Y117.491 E171.49894
G1 X109.12 Y118.643 E171.53756
G1 X108.679 Y119.713 E171.57605
G1 X107.979 Y120.627 E171.61434
G1 X107.026 Y121.349 E171.65411
G1 X106.009 Y121.773 E171.69076
G1 F1333.3 X104.857 Y121.985 E171.73459
G1 F2700 E166.73459
G0 F9000 X104.891 Y122.244
G0 X106.055 Y122.026
G0 X108.452 Y120.962
G0 X109.831 Y117.489
G0 X108.366 Y113.961
G0 X106.848 Y112.931
G0 X122.389 Y111.917
G0 X129.112 Y111.917
G0 X129.881 Y111.965
G0 X130.287 Y112.046
G0 X131.831 Y112.545
G0 X131.683 Y112.843
;TYPE:SKIN
G1 F2700 E171.73459
G1 F1094.9 X132.002 Y113.04 E171.75167
G0 F9000 X131.774 Y113.284
G0 X134.131 Y117.461
G0 X134.447 Y117.365
G1 F1113.2 X134.319 Y116.982 E171.76977
G1 F1123.6 X133.579 Y115.702 E171.83542
G1 F1100.9 X133.252 Y115.117 E171.86579
G1 F1098.9 X132.921 Y114.564 E171.89505
G1 F1115.2 X132.177 Y113.277 E171.96155
G1 F1098.9 X132.002 Y113.04 E171.97493
G1 F1102.9 X132.372 Y113.28 E171.99487
G1 F1117.3 X132.902 Y113.739 E172.02618
G1 X133.377 Y114.283 E172.05843
G1 F1098.9 X133.734 Y114.839 E172.08843
G1 F1100.9 X134.057 Y115.467 E172.12043
G1 F1123.6 X134.277 Y116.118 E172.15094
G1 X134.414 Y116.794 E172.18157
G1 F1113.2 X134.447 Y117.365 E172.2072
G0 F9000 X134.456 Y117.5
G1 F1105 X134.447 Y117.365 E172.21331
G1 F1102.9 X134.439 Y117.744 E172.23046
G1 F1105 X134.456 Y117.5 E172.2415
G0 F9000 X134.129 Y117.475
G0 X131.668 Y121.799
G0 X131.908 Y122.024
G1 F1111.1 X132.176 Y121.718 E172.25976
G1 F1121.5 X132.923 Y120.427 E172.32612
G1 F1100.9 X133.254 Y119.875 E172.35528
G1 F1102.9 X133.581 Y119.289 E172.38564
G1 F1123.6 X134.335 Y117.984 E172.45256
G1 F1111.1 X134.439 Y117.744 E172.4643
G1 F1115.2 X134.415 Y118.191 E172.48433
G1 F1127.8 X134.277 Y118.878 E172.51533
G1 X134.057 Y119.525 E172.54556
G1 F1102.9 X133.735 Y120.153 E172.57748
G1 F1100.9 X133.367 Y120.725 E172.6083
G1 F1121.5 X132.902 Y121.254 E172.63963
G1 X132.381 Y121.711 E172.67046
G1 F1111.1 X131.908 Y122.024 E172.69593
G1 F1113.2 X131.858 Y122.063 E172.69877
G1 F1096.9 X131.544 Y122.213 E172.7146
G1 F2700 E167.7146
G0 F9000 X131.486 Y121.881
G0 X126.33 Y121.597
G0 X122.39 Y123.044
G0 X117.5 Y122.572
G1 F2700 E172.7146
G1 F1500 X107.517 Y121.937 E173.04731
G1 X108.519 Y121.171 E173.08926
G1 X109.344 Y120.095 E173.13435
G1 X109.86 Y118.84 E173.17949
G1 X110.03 Y117.488 E173.22481
G1 X109.856 Y116.139 E173.27005
G1 X109.336 Y114.895 E173.31489
G1 X108.487 Y113.801 E173.36095
G1 X107.515 Y113.055 E173.4017
G1 X122.403 Y112.117 E173.89786
G1 X126.382 Y112.116 E174.0302
G1 F1247.4 X126.807 Y112.197 E174.04751
G1 F1073.3 X129.083 Y112.195 E174.1533
G1 F1100.9 X129.849 Y112.23 E174.18805
G1 F1123.6 X130.53 Y112.367 E174.21889
G1 X131.167 Y112.582 E174.24874
G1 F1113.2 X131.683 Y112.843 E174.27466
G1 F1111.1 X131.346 Y112.767 E174.29017
G1 F1098.9 X129.083 Y112.752 E174.39291
G1 F1158.3 X126.869 Y112.755 E174.48828
G1 F1363.6 X126.459 Y113.005 E174.50584
G1 F1500 X126.174 Y113.311 E174.51975
G1 X124.03 Y117.015 E174.6621
G1 X123.914 Y117.353 E174.67398
G1 X123.914 Y117.643 E174.68363
G1 X124.03 Y117.985 E174.69564
G1 X126.17 Y121.685 E174.8378
G1 X126.461 Y121.989 E174.8518
G1 F1239.7 X126.932 Y122.241 E174.8733
G1 F1067.6 X129.094 Y122.246 E174.97433
G1 F1098.9 X129.81 Y122.235 E175.00684
G1 F1111.1 X131.496 Y122.238 E175.08254
G1 X131.173 Y122.409 E175.09895
G1 F1123.6 X130.533 Y122.625 E175.12895
G1 X129.845 Y122.767 E175.16014
G1 F1098.9 X129.11 Y122.802 E175.19355
G1 F1077.2 X127.012 Y122.804 E175.29071
G1 F1067.6 X126.852 Y122.797 E175.2982
G1 F1239.7 X126.426 Y122.882 E175.31568
G1 F1500 X122.403 Y122.884 E175.44949
G1 X117.5 Y122.572 E175.61289
G0 F9000 X117.483 Y122.831
G0 X106.841 Y122.065
G0 X109.169 Y119.998
G0 X109.662 Y116.197
G0 X108.043 Y113.788
G0 X108.324 Y113.425
G1 F1500 X108.56 Y113.189 E175.62399
G0 F9000 X108.643 Y113.671
G1 F1500 X109.164 Y113.151 E175.64847
G0 F9000 X109.768 Y113.112
G1 F1500 X108.892 Y113.988 E175.68968
G0 F9000 X109.138 Y114.308
G1 F1500 X110.371 Y113.075 E175.74768
G0 F9000 X110.975 Y113.037
G1 F1500 X109.383 Y114.628 E175.82253
G0 F9000 X109.59 Y114.987
G1 F1500 X111.579 Y112.998 E175.91609
G0 F9000 X112.182 Y112.96
G1 F1500 X109.757 Y115.386 E176.03018
G0 F9000 X109.925 Y115.784
G1 F1500 X112.786 Y112.923 E176.16475
G0 F9000 X113.39 Y112.885
G1 F1500 X110.066 Y116.208 E176.32108
G0 F9000 X110.13 Y116.71
G1 F1500 X113.993 Y112.846 E176.50281
G0 F9000 X114.597 Y112.808
G1 F1500 X110.193 Y117.212 E176.70996
G0 F9000 X110.193 Y117.779
G1 F1500 X115.201 Y112.77 E176.94554
G0 F9000 X115.804 Y112.733
G1 F1500 X110.112 Y118.425 E177.21328
G0 F9000 X109.947 Y119.156
G1 F1500 X116.408 Y112.694 E177.5172
G0 F9000 X117.012 Y112.656
G1 F1500 X109.553 Y120.115 E177.86805
G0 F9000 X109.128 Y119.939
G0 X106.841 Y122.065
G0 X109.473 Y122.323
G0 X109.502 Y121.863
G1 F1500 X118.823 Y112.542 E178.30648
G0 F9000 X119.427 Y112.504
G1 F1500 X110.034 Y121.897 E178.7483
G0 F9000 X110.565 Y121.931
G1 F1500 X120.031 Y112.466 E179.19353
G0 F9000 X120.634 Y112.429
G1 F1500 X111.098 Y121.965 E179.64207
G0 F9000 X111.63 Y121.999
G1 F1500 X121.238 Y112.39 E180.09403
G0 F9000 X121.842 Y112.352
G1 F1500 X112.161 Y122.032 E180.54937
G0 F9000 X112.693 Y122.066
G1 F1500 X122.443 Y112.316 E181.00798
G0 F9000 X123.009 Y112.316
G1 F1500 X113.225 Y122.1 E181.46819
G0 F9000 X113.757 Y122.134
G1 F1500 X123.575 Y112.316 E181.93
G0 F9000 X124.14 Y112.316
G1 F1500 X114.289 Y122.168 E182.39338
G0 F9000 X114.821 Y122.201
G1 F1500 X124.707 Y112.315 E182.85839
G0 F9000 X125.272 Y112.315
G1 F1500 X115.352 Y122.235 E183.325
G0 F9000 X115.884 Y122.269
G1 F1500 X125.838 Y112.315 E183.7932
G0 F9000 X126.397 Y112.322
G1 F1500 X116.416 Y122.303 E184.26268
G0 F9000 X116.948 Y122.337
G1 F1500 X125.9 Y113.385 E184.68375
G0 F9000 X126.299 Y113.617
G0 X125.523 Y114.959
G0 X125.123 Y114.727
G1 F1500 X117.48 Y122.37 E185.04326
G0 F9000 X118.012 Y122.404
G1 F1500 X124.345 Y116.071 E185.34114
G0 F9000 X124.746 Y116.304
G0 X124.174 Y117.391
G0 X123.743 Y117.239
G1 F1500 X118.544 Y122.438 E185.58569
G0 F9000 X119.075 Y122.472
G1 F1500 X123.754 Y117.793 E185.80577
G0 F9000 X123.92 Y118.194
G1 F1500 X119.607 Y122.506 E186.00862
G0 F9000 X120.14 Y122.539
G1 F1500 X124.127 Y118.552 E186.19615
G0 F9000 X124.334 Y118.911
G1 F1500 X120.671 Y122.573 E186.36843
G0 F9000 X121.203 Y122.607
G1 F1500 X124.541 Y119.269 E186.52544
G0 F9000 X124.748 Y119.628
G1 F1500 X121.735 Y122.641 E186.66716
G0 F9000 X122.267 Y122.675
G1 F1500 X124.956 Y119.986 E186.79364
G0 F9000 X125.163 Y120.345
G1 F1500 X122.824 Y122.684 E186.90366
G0 F9000 X123.389 Y122.684
G1 F1500 X125.371 Y120.702 E186.99689
G0 F9000 X125.578 Y121.061
G1 F1500 X123.955 Y122.684 E187.07323
G0 F9000 X124.522 Y122.683
G1 F1500 X125.785 Y121.419 E187.13266
G0 F9000 X125.992 Y121.778
G1 F1500 X125.087 Y122.683 E187.17523
G0 F9000 X125.653 Y122.683
G1 F1500 X126.263 Y122.073 E187.20392
G0 F9000 X126.592 Y122.31
G1 F1500 X126.219 Y122.683 E187.22147
G1 F2700 E182.22147
G0 F9000 X126.219 Y123.144
G0 X129.879 Y123.032
G0 X130.597 Y122.888
G0 X131.28 Y122.655
G0 X131.938 Y122.331
G0 X132.543 Y121.927
G0 X133.093 Y121.445
G0 X133.574 Y120.896
G0 X133.979 Y120.286
G0 X134.304 Y119.629
G0 X134.539 Y118.949
G0 X134.68 Y118.229
G0 X134.729 Y117.5
G0 X134.68 Y116.768
G0 X134.539 Y116.05
G0 X134.304 Y115.366
G0 X133.979 Y114.709
G0 X133.574 Y114.1
G0 X133.093 Y113.551
G0 X132.543 Y113.07
G0 X131.939 Y112.665
G0 X131.28 Y112.341
G0 X130.597 Y112.108
G0 X129.881 Y111.965
G0 X129.112 Y111.917
G0 X123.061 Y111.917
G0 X118.191 Y112.122
G0 X118.219 Y112.581
G1 F2700 E187.22147
G1 F1500 X108.97 Y121.83 E187.65651
G0 F9000 X108.438 Y121.796
G1 F1500 X117.616 Y112.618 E188.08821
G1 F2700 E183.08821
;MESH:NONMESH
G0 F300 X117.616 Y112.618 Z1
G0 F9000 X117.588 Y112.16
G0 X106.848 Y112.931
G0 X109.161 Y114.996
G0 X109.73 Y118.38
G0 X109.323 Y118.702
G0 X108.168 Y118.878
G0 X104.832 Y120.83
;TIME_ELAPSED:321.106532
;LAYER:4
;TYPE:WALL-INNER
;MESH:FT10-Input Crank.stl
G1 F2700 E188.08821
G1 F1500 X105.271 Y120.803 E188.10284
G1 X105.699 Y120.719 E188.11735
G1 X106.101 Y120.581 E188.13149
G1 X106.494 Y120.387 E188.14606
G1 X106.857 Y120.143 E188.16061
G1 X107.188 Y119.853 E188.17525
G1 X107.476 Y119.527 E188.18972
G1 X107.719 Y119.166 E188.20419
G1 X107.912 Y118.773 E188.21875
G1 X108.051 Y118.368 E188.23299
G1 X108.135 Y117.939 E188.24753
G1 X108.159 Y117.501 E188.26212
G1 X108.135 Y117.059 E188.27685
G1 X108.047 Y116.625 E188.29157
G1 X107.911 Y116.225 E188.30563
G1 X107.719 Y115.83 E188.32023
G1 X107.476 Y115.472 E188.33463
G1 X107.186 Y115.142 E188.34924
G1 X106.858 Y114.854 E188.36375
G1 X106.494 Y114.613 E188.37827
G1 X106.099 Y114.415 E188.39297
G1 X105.7 Y114.277 E188.40701
G1 X105.267 Y114.193 E188.42168
G1 X104.829 Y114.166 E188.43628
G1 X104.389 Y114.193 E188.45094
G1 X103.961 Y114.277 E188.46545
G1 X103.559 Y114.416 E188.47959
G1 X103.165 Y114.61 E188.4942
G1 X102.8 Y114.853 E188.50879
G1 X102.475 Y115.14 E188.52321
G1 X102.186 Y115.47 E188.5378
G1 X101.945 Y115.834 E188.55232
G1 X101.747 Y116.229 E188.56701
G1 X101.609 Y116.632 E188.58118
G1 X101.525 Y117.061 E188.59572
G1 X101.498 Y117.501 E188.61038
G1 X101.525 Y117.938 E188.62494
G1 X101.609 Y118.363 E188.63935
G1 X101.747 Y118.768 E188.65358
G1 X101.945 Y119.166 E188.66837
G1 X102.185 Y119.525 E188.68273
G1 X102.473 Y119.854 E188.69727
G1 X102.803 Y120.143 E188.71186
G1 X103.166 Y120.387 E188.72641
G1 X103.559 Y120.58 E188.74097
G1 X103.964 Y120.719 E188.75522
G1 X104.393 Y120.803 E188.76976
G1 X104.832 Y120.83 E188.78438
G0 F9000 X104.832 Y121.231
;TYPE:WALL-OUTER
G1 F1500 X105.322 Y121.201 E188.80071
G1 X105.803 Y121.106 E188.81702
G1 X106.255 Y120.951 E188.83291
G1 X106.695 Y120.734 E188.84923
G1 X107.101 Y120.461 E188.8655
G1 X107.47 Y120.137 E188.88184
G1 X107.793 Y119.773 E188.89802
G1 X108.066 Y119.367 E188.91429
G1 X108.282 Y118.927 E188.9306
G1 X108.438 Y118.472 E188.94659
G1 X108.533 Y117.99 E188.96293
G1 X108.562 Y117.501 E188.97923
G1 X108.533 Y117.007 E188.99569
G1 X108.434 Y116.521 E189.01218
G1 X108.282 Y116.073 E189.02792
G1 X108.066 Y115.629 E189.04434
G1 X107.793 Y115.227 E189.0605
G1 X107.47 Y114.858 E189.07681
G1 X107.102 Y114.536 E189.09308
G1 X106.695 Y114.266 E189.10932
G1 X106.254 Y114.045 E189.12573
G1 X105.804 Y113.89 E189.14156
G1 X105.318 Y113.795 E189.15803
G1 X104.829 Y113.765 E189.17432
G1 X104.338 Y113.795 E189.19068
G1 X103.857 Y113.89 E189.20699
G1 X103.405 Y114.046 E189.22289
G1 X102.965 Y114.262 E189.2392
G1 X102.555 Y114.535 E189.25558
G1 X102.191 Y114.858 E189.27177
G1 X101.868 Y115.226 E189.28805
G1 X101.598 Y115.633 E189.3043
G1 X101.377 Y116.074 E189.3207
G1 X101.222 Y116.528 E189.33666
G1 X101.127 Y117.01 E189.353
G1 X101.097 Y117.501 E189.36936
G1 X101.127 Y117.99 E189.38565
G1 X101.222 Y118.467 E189.40183
G1 X101.377 Y118.922 E189.41782
G1 X101.598 Y119.367 E189.43434
G1 X101.867 Y119.769 E189.45043
G1 X102.19 Y120.138 E189.46674
G1 X102.559 Y120.461 E189.48305
G1 X102.965 Y120.734 E189.49933
G1 X103.405 Y120.95 E189.51563
G1 X103.86 Y121.106 E189.53163
G1 X104.342 Y121.201 E189.54797
G1 X104.832 Y121.231 E189.56429
G0 F9000 X104.834 Y120.525
G0 X103.584 Y120.25
G0 X103.482 Y120.453
;TYPE:FILL
G1 F3000 X101.875 Y118.846 E189.63988
G0 F9000 X102.081 Y118.745
G0 X103.416 Y120.167
G0 X103.315 Y120.371
G1 F3000 X107.704 Y115.982 E189.84633
G0 F9000 X107.499 Y116.082
G0 X107.5 Y118.916
G0 X107.703 Y119.017
G1 F3000 X103.313 Y114.626 E190.05284
G1 X103.491 Y114.539
G1 X101.874 Y116.155 E190.12888
G0 F9000 X102.349 Y116.389
G1 F2700 E185.12888
G0 F9000 X108.073 Y118.839
G0 X109.024 Y119.233
G0 X117.52 Y122.627
G0 X117.5 Y122.934
;TYPE:WALL-INNER
G1 F2700 E190.12888
G1 F1500 X122.384 Y123.244 E190.29165
G1 X129.138 Y123.243 E190.51629
G1 X129.9 Y123.192 E190.54169
G1 X130.639 Y123.043 E190.56676
G1 X131.342 Y122.804 E190.59146
G1 X132.019 Y122.471 E190.61655
G1 X132.641 Y122.055 E190.64144
G1 X133.206 Y121.558 E190.66647
G1 X133.702 Y120.994 E190.69145
G1 X134.118 Y120.367 E190.71648
G1 X134.453 Y119.691 E190.74157
G1 X134.695 Y118.991 E190.7662
G1 X134.839 Y118.25 E190.79131
G1 X134.89 Y117.5 E190.81631
G1 X134.839 Y116.747 E190.84141
G1 X134.695 Y116.008 E190.86646
G1 X134.453 Y115.304 E190.89122
G1 X134.119 Y114.628 E190.91629
G1 X133.702 Y114.002 E190.94131
G1 X133.206 Y113.438 E190.96629
G1 X132.641 Y112.942 E190.9913
G1 X132.019 Y112.525 E191.01621
G1 X131.342 Y112.192 E191.0413
G1 X130.639 Y111.953 E191.066
G1 X129.902 Y111.805 E191.091
G1 X129.117 Y111.756 E191.11716
G1 X122.383 Y111.756 E191.34113
G1 X105.415 Y112.828 E191.90661
G1 X106.062 Y112.911 E191.92831
G1 X107.202 Y113.383 E191.96935
G1 X108.186 Y114.137 E192.01058
G1 X108.945 Y115.125 E192.05202
G1 X109.417 Y116.272 E192.09327
G1 X109.572 Y117.499 E192.13441
G1 X109.417 Y118.724 E192.17547
G1 X108.944 Y119.873 E192.2168
G1 X108.191 Y120.855 E192.25796
G1 X107.2 Y121.614 E192.29948
G1 X106.056 Y122.085 E192.34063
G1 X105.419 Y122.167 E192.36199
G1 X117.5 Y122.934 E192.76461
G0 F9000 X117.52 Y122.627
G0 X127.008 Y122.118
G0 X127.008 Y121.808
G1 F1500 X126.688 Y121.716 E192.77569
G1 X126.488 Y121.509 E192.78526
G1 X124.344 Y117.801 E192.92772
G1 X124.27 Y117.592 E192.93509
G1 X124.27 Y117.408 E192.94121
G1 X124.344 Y117.199 E192.94859
G1 X126.488 Y113.491 E193.09105
G1 X126.688 Y113.284 E193.10062
G1 X126.927 Y113.192 E193.10914
G1 X131.288 Y113.191 E193.25419
G1 X131.553 Y113.253 E193.26324
G1 X131.748 Y113.388 E193.27113
G1 X133.952 Y117.199 E193.41755
G1 X134.031 Y117.459 E193.42659
G1 X134.012 Y117.698 E193.43457
G1 X131.808 Y121.509 E193.58099
G1 X131.623 Y121.708 E193.59003
G1 X131.406 Y121.808 E193.59797
G1 X127.008 Y121.808 E193.74425
G0 F9000 X127.008 Y121.408
;TYPE:WALL-OUTER
G1 F1500 X126.869 Y121.369 E193.74905
G1 X124.674 Y117.565 E193.89513
G1 X124.674 Y117.435 E193.89945
G1 X126.834 Y113.691 E194.04322
G1 X126.973 Y113.595 E194.04883
G1 X131.288 Y113.591 E194.19235
G1 X131.442 Y113.658 E194.19794
G1 X133.606 Y117.399 E194.34168
G1 X133.633 Y117.5 E194.34516
G1 X133.606 Y117.601 E194.34864
G1 X131.462 Y121.309 E194.4911
G1 X131.327 Y121.408 E194.49666
G1 X127.008 Y121.408 E194.64031
G1 F2700 E189.64031
G0 F9000 X127.008 Y122.118
G0 X117.545 Y122.629
G0 X117.5 Y123.335
G1 F2700 E194.64031
G1 F1500 X122.371 Y123.644 E194.80265
G1 X129.129 Y123.644 E195.02742
G1 X129.953 Y123.589 E195.05489
G1 X130.743 Y123.43 E195.08169
G1 X131.495 Y123.174 E195.10811
G1 X132.219 Y122.818 E195.13495
G1 X132.885 Y122.373 E195.16159
G1 X133.49 Y121.842 E195.18836
G1 X134.02 Y121.238 E195.21509
G1 X134.466 Y120.567 E195.24189
G1 X134.823 Y119.846 E195.26865
G1 X135.082 Y119.095 E195.29507
G1 X135.237 Y118.302 E195.32194
G1 X135.291 Y117.5 E195.34868
G1 X135.237 Y116.695 E195.37551
G1 X135.082 Y115.904 E195.40232
G1 X134.823 Y115.15 E195.42884
G1 X134.466 Y114.428 E195.45563
G1 X134.02 Y113.758 E195.4824
G1 X133.49 Y113.154 E195.50912
G1 X132.885 Y112.624 E195.53587
G1 X132.219 Y112.178 E195.56253
G1 X131.495 Y111.822 E195.58937
G1 X130.743 Y111.566 E195.61579
G1 X129.954 Y111.407 E195.64256
G1 X129.129 Y111.356 E195.67005
G1 X122.371 Y111.356 E195.89482
G1 X105.961 Y112.393 E196.44171
G1 F1276.6 X104.727 Y112.552 E196.49034
G1 F1109.1 X103.543 Y112.712 E196.54408
G1 F1105 X102.353 Y113.202 E196.60219
G1 F1107 X101.325 Y113.993 E196.66064
G1 X100.533 Y115.021 E196.71913
G1 X100.044 Y116.211 E196.77711
G1 X99.873 Y117.5 E196.83571
G1 X100.044 Y118.789 E196.89431
G1 X100.533 Y119.975 E196.95213
G1 F1109.1 X101.325 Y121.003 E197.0105
G1 F1107 X102.353 Y121.795 E197.06899
G1 X103.543 Y122.284 E197.12697
G1 F1109.1 X104.726 Y122.444 E197.18067
G1 F1276.6 X105.956 Y122.602 E197.22913
G1 F1500 X117.5 Y123.335 E197.61386
G1 F2700 E192.61386
G0 F9000 X117.545 Y122.629
G0 X104.892 Y122.151
G0 X104.861 Y121.913
G1 F2700 E197.61386
G1 F1102.9 X103.686 Y121.761 E197.66746
G1 F1107 X102.624 Y121.323 E197.71923
G1 X101.709 Y120.619 E197.77126
G1 F1109.1 X101.005 Y119.703 E197.82323
G1 F1107 X100.567 Y118.646 E197.87479
G1 X100.417 Y117.5 E197.92688
G1 X100.567 Y116.354 E197.97897
G1 X101.005 Y115.292 E198.03074
G1 X101.709 Y114.377 E198.08277
G1 X102.625 Y113.675 E198.13478
G1 F1105 X103.686 Y113.235 E198.18664
G1 F1100.9 X104.863 Y113.083 E198.24042
G1 F1265.8 X105.981 Y113.311 E198.28539
G1 F1500 X107.001 Y113.733 E198.32211
G1 X107.903 Y114.425 E198.35992
G1 X108.595 Y115.327 E198.39773
G1 X109.028 Y116.377 E198.43551
G1 X109.174 Y117.5 E198.47317
G1 X109.028 Y118.619 E198.51071
G1 X108.595 Y119.669 E198.54848
G1 X107.903 Y120.571 E198.5863
G1 X107.001 Y121.263 E198.62411
G1 X105.977 Y121.685 E198.66094
G1 F1265.8 X104.861 Y121.913 E198.70584
G0 F9000 X104.892 Y122.151
G0 X107.16 Y121.97
G0 X107.145 Y122.198
;TYPE:FILL
G1 F3000 X117.178 Y112.165 E199.17776
G0 F9000 X117.784 Y112.127
G1 F3000 X125.341 Y119.684 E199.53322
G0 F9000 X125.813 Y120.501
G1 F3000 X123.15 Y123.164 E199.65848
G1 X123.163 Y123.163
G1 X112.464 Y112.464 E200.16173
G0 F9000 X112.478 Y112.694
G0 X111.154 Y112.778
G0 X111.14 Y112.547
G1 F3000 X108.836 Y114.85 E200.27008
G0 F9000 X109.017 Y114.713
G0 X108.491 Y114.108
G0 X107.158 Y113.031
G0 X107.144 Y112.801
G1 F3000 X117.177 Y122.834 E200.742
G0 F9000 X117.784 Y122.873
G1 F3000 X125.34 Y115.316 E201.09743
G0 F9000 X125.813 Y114.5
G1 F3000 X123.15 Y111.836 E201.22271
G1 X123.164 Y111.836
G1 X112.465 Y122.535 E201.72596
G0 F9000 X112.48 Y122.308
G0 X111.152 Y122.223
G0 X111.137 Y122.45
G1 F3000 X108.834 Y120.147 E201.83429
G0 F9000 X109.016 Y120.287
G0 X127.544 Y122.118
G0 X127.544 Y121.888
G1 F3000 X128.819 Y123.162 E201.89424
G1 X128.807 Y123.163
G1 X130.083 Y121.888 E201.95423
G0 F9000 X130.083 Y122.118
G0 X131.778 Y122.052
G0 X132.437 Y121.04
G0 X132.237 Y120.924
G1 F3000 X132.971 Y121.658 E201.98876
G0 F9000 X132.824 Y121.488
G0 X134.07 Y118.211
G0 X133.873 Y118.097
G1 F3000 X134.787 Y117.183 E202.03175
G0 F9000 X134.788 Y117.817
G1 F3000 X133.872 Y116.902 E202.07481
G0 F9000 X134.07 Y116.789
G0 X132.438 Y113.961
G0 X132.238 Y114.075
G1 F3000 X132.974 Y113.339 E202.10943
G0 F9000 X132.823 Y113.511
G0 X131.778 Y112.948
G0 X130.081 Y112.882
G0 X130.081 Y113.111
G1 F3000 X128.807 Y111.836 E202.16938
G1 X128.821 Y111.836
G1 X127.545 Y113.112 E202.2294
G0 F9000 X127.545 Y112.582
G1 F2700 E197.2294
;MESH:NONMESH
G0 F300 X127.545 Y112.582 Z1.2
G0 F9000 X108.778 Y119.778
G0 X107.868 Y119.254
G0 X104.835 Y120.525
G0 X104.831 Y120.73
;TIME_ELAPSED:343.658474
;LAYER:5
;TYPE:WALL-INNER
;MESH:FT10-Input Crank.stl
G1 F2700 E202.2294
G1 F1500 X105.253 Y120.703 E202.24346
G1 X105.67 Y120.619 E202.25761
G1 X106.064 Y120.485 E202.27145
G1 X106.448 Y120.294 E202.28572
G1 X106.794 Y120.066 E202.2995
G1 X107.114 Y119.783 E202.31371
G1 X107.396 Y119.464 E202.32787
G1 X107.631 Y119.113 E202.34192
G1 X107.819 Y118.734 E202.35599
G1 X107.951 Y118.34 E202.36981
G1 X108.035 Y117.924 E202.38393
G1 X108.062 Y117.501 E202.39802
G1 X108.035 Y117.075 E202.41222
G1 X107.951 Y116.656 E202.42643
G1 X107.82 Y116.266 E202.44012
G1 X107.631 Y115.885 E202.45426
G1 X107.395 Y115.531 E202.46841
G1 X107.116 Y115.215 E202.48243
G1 X106.794 Y114.934 E202.49665
G1 X106.447 Y114.701 E202.51055
G1 X106.06 Y114.511 E202.52489
G1 X105.672 Y114.377 E202.53854
G1 X105.255 Y114.297 E202.55266
G1 X104.825 Y114.27 E202.56699
G1 X104.405 Y114.293 E202.58099
G1 X103.99 Y114.377 E202.59507
G1 X103.599 Y114.512 E202.60883
G1 X103.208 Y114.702 E202.62328
G1 X102.867 Y114.929 E202.63691
G1 X102.547 Y115.212 E202.65112
G1 X102.267 Y115.533 E202.66529
G1 X102.033 Y115.885 E202.67934
G1 X101.843 Y116.268 E202.69356
G1 X101.71 Y116.656 E202.70721
G1 X101.629 Y117.073 E202.72133
G1 X101.602 Y117.499 E202.73553
G1 X101.629 Y117.923 E202.74966
G1 X101.71 Y118.34 E202.76379
G1 X101.843 Y118.728 E202.77743
G1 X102.034 Y119.112 E202.7917
G1 X102.266 Y119.466 E202.80578
G1 X102.546 Y119.783 E202.81984
G1 X102.866 Y120.066 E202.83405
G1 X103.211 Y120.294 E202.84781
G1 X103.6 Y120.484 E202.8622
G1 X103.99 Y120.619 E202.87593
G1 X104.407 Y120.703 E202.89008
G1 X104.831 Y120.73 E202.90421
G0 F9000 X104.831 Y121.131
;TYPE:WALL-OUTER
G1 F1500 X105.305 Y121.101 E202.92001
G1 X105.775 Y121.006 E202.93596
G1 X106.218 Y120.855 E202.95152
G1 X106.648 Y120.642 E202.96748
G1 X107.038 Y120.384 E202.98304
G1 X107.398 Y120.066 E202.99901
G1 X107.713 Y119.709 E203.01485
G1 X107.978 Y119.315 E203.03064
G1 X108.19 Y118.887 E203.04653
G1 X108.338 Y118.444 E203.06206
G1 X108.433 Y117.977 E203.07791
G1 X108.463 Y117.501 E203.09377
G1 X108.433 Y117.023 E203.1097
G1 X108.338 Y116.552 E203.12568
G1 X108.19 Y116.113 E203.14109
G1 X107.978 Y115.685 E203.15698
G1 X107.713 Y115.287 E203.17288
G1 X107.398 Y114.931 E203.18869
G1 X107.038 Y114.616 E203.2046
G1 X106.647 Y114.354 E203.22026
G1 X106.214 Y114.141 E203.23631
G1 X105.776 Y113.99 E203.25172
G1 X105.306 Y113.899 E203.26764
G1 X104.827 Y113.869 E203.2836
G1 X104.354 Y113.895 E203.29936
G1 X103.885 Y113.99 E203.31527
G1 X103.445 Y114.142 E203.33076
G1 X103.008 Y114.354 E203.34691
G1 X102.623 Y114.611 E203.36231
G1 X102.263 Y114.93 E203.37831
G1 X101.948 Y115.29 E203.39422
G1 X101.686 Y115.685 E203.40998
G1 X101.473 Y116.114 E203.42591
G1 X101.322 Y116.552 E203.44132
G1 X101.231 Y117.022 E203.45724
G1 X101.201 Y117.499 E203.47314
G1 X101.231 Y117.974 E203.48897
G1 X101.322 Y118.444 E203.50489
G1 X101.473 Y118.882 E203.5203
G1 X101.686 Y119.312 E203.53626
G1 X101.948 Y119.71 E203.55211
G1 X102.262 Y120.066 E203.5679
G1 X102.622 Y120.384 E203.58387
G1 X103.012 Y120.642 E203.59943
G1 X103.446 Y120.854 E203.61549
G1 X103.885 Y121.006 E203.63094
G1 X104.355 Y121.101 E203.64689
G1 X104.831 Y121.131 E203.66276
G0 F9000 X104.833 Y120.422
G0 X103.494 Y120.09
G0 X103.392 Y120.294
;TYPE:FILL
G1 F3000 X107.627 Y116.059 E203.86196
G0 F9000 X107.422 Y116.159
G0 X107.423 Y118.84
G0 X107.628 Y118.942
G1 F3000 X103.39 Y114.703 E204.06132
G1 X103.267 Y114.762
G1 X102.102 Y115.927 E204.11612
G0 F9000 X102.3 Y116.041
G0 X102.3 Y118.959
G0 X102.106 Y119.077
G1 F3000 X103.256 Y120.227 E204.17021
G0 F9000 X103.524 Y119.771
G1 F2700 E199.17021
G0 F9000 X104.833 Y120.902
G0 X104.972 Y121.947
G0 X104.895 Y122.14
;TYPE:WALL-INNER
G1 F2700 E204.17021
G1 F1574.8 X104.757 Y122.13 E204.1746
G1 F1604.3 X103.625 Y121.977 E204.21012
G1 F1600 X102.512 Y121.518 E204.24766
G1 X101.551 Y120.777 E204.2855
G1 F1595.7 X100.811 Y119.814 E204.32347
G1 X100.351 Y118.707 E204.36095
G1 F1604.3 X100.193 Y117.5 E204.3988
G1 F1608.6 X100.352 Y116.292 E204.43659
G1 F1595.7 X100.811 Y115.181 E204.47418
G1 F1587.3 X101.552 Y114.22 E204.51232
G1 X102.514 Y113.48 E204.55047
G1 F1591.5 X103.625 Y113.019 E204.58817
G1 F1604.3 X104.757 Y112.866 E204.6237
G1 F1570.7 X104.898 Y112.856 E204.62818
G0 F9000 X105.998 Y113.15
G0 X107.085 Y113.6
G0 X107.613 Y114.006
G0 X117.52 Y122.627
G0 X117.5 Y122.934
G1 F1500 X122.384 Y123.244 E204.79095
G1 X129.138 Y123.243 E205.01559
G1 X129.9 Y123.192 E205.04099
G1 X130.639 Y123.043 E205.06607
G1 X131.342 Y122.804 E205.09076
G1 X132.019 Y122.471 E205.11586
G1 X132.641 Y122.055 E205.14075
G1 X133.206 Y121.558 E205.16577
G1 X133.702 Y120.994 E205.19075
G1 X134.118 Y120.367 E205.21578
G1 X134.453 Y119.691 E205.24087
G1 X134.695 Y118.991 E205.26551
G1 X134.839 Y118.25 E205.29062
G1 X134.89 Y117.5 E205.31562
G1 X134.839 Y116.747 E205.34072
G1 X134.695 Y116.008 E205.36576
G1 X134.453 Y115.304 E205.39052
G1 X134.119 Y114.628 E205.4156
G1 X133.702 Y114.002 E205.44062
G1 X133.206 Y113.438 E205.4656
G1 X132.641 Y112.942 E205.4906
G1 X132.019 Y112.525 E205.51551
G1 X131.342 Y112.192 E205.54061
G1 X130.639 Y111.953 E205.5653
G1 X129.902 Y111.805 E205.5903
G1 X129.117 Y111.756 E205.61646
G1 X122.383 Y111.756 E205.84044
G1 X105.964 Y112.795 E206.38763
G1 F1519 X104.898 Y112.856 E206.4227
G1 F1530.6 X106.038 Y112.999 E206.46015
G1 F1507.5 X107.162 Y113.469 E206.50046
G1 F1500 X108.122 Y114.208 E206.54076
G1 X108.859 Y115.17 E206.58107
G1 X109.331 Y116.298 E206.62174
G1 X109.48 Y117.499 E206.66199
G1 X109.331 Y118.696 E206.70211
G1 X108.861 Y119.828 E206.74287
G1 X108.12 Y120.789 E206.78324
G1 X107.163 Y121.527 E206.82343
G1 X106.032 Y121.997 E206.86417
G1 F1522.8 X104.895 Y122.14 E206.90171
G1 X106.148 Y122.213 E206.94283
G1 F1500 X117.5 Y122.934 E207.32116
G0 F9000 X117.52 Y122.627
G0 X127.008 Y122.118
G0 X127.008 Y121.808
G1 F1500 X126.688 Y121.716 E207.33223
G1 X126.488 Y121.509 E207.34181
G1 X124.344 Y117.801 E207.48427
G1 X124.27 Y117.592 E207.49164
G1 X124.27 Y117.408 E207.49776
G1 X124.344 Y117.199 E207.50514
G1 X126.488 Y113.491 E207.6476
G1 X126.688 Y113.284 E207.65717
G1 X126.927 Y113.192 E207.66569
G1 X131.288 Y113.191 E207.81073
G1 X131.553 Y113.253 E207.81979
G1 X131.748 Y113.388 E207.82767
G1 X133.952 Y117.199 E207.9741
G1 X134.031 Y117.459 E207.98314
G1 X134.012 Y117.698 E207.99111
G1 X131.808 Y121.509 E208.13754
G1 X131.623 Y121.708 E208.14657
G1 X131.406 Y121.808 E208.15452
G1 X127.008 Y121.808 E208.3008
G0 F9000 X127.008 Y121.408
;TYPE:WALL-OUTER
G1 F1500 X126.869 Y121.369 E208.3056
G1 X124.674 Y117.565 E208.45168
G1 X124.674 Y117.435 E208.456
G1 X126.834 Y113.691 E208.59976
G1 X126.973 Y113.595 E208.60538
G1 X131.288 Y113.591 E208.7489
G1 X131.442 Y113.658 E208.75448
G1 X133.606 Y117.399 E208.89823
G1 X133.633 Y117.5 E208.90171
G1 X133.606 Y117.601 E208.90518
G1 X131.462 Y121.309 E209.04764
G1 X131.327 Y121.408 E209.05321
G1 X127.008 Y121.408 E209.19686
G1 F2700 E204.19686
G0 F9000 X127.008 Y122.118
G0 X117.545 Y122.629
G0 X117.5 Y123.335
G1 F2700 E209.19686
G1 F1500 X122.371 Y123.644 E209.3592
G1 X129.129 Y123.644 E209.58397
G1 X129.953 Y123.589 E209.61144
G1 X130.743 Y123.43 E209.63824
G1 X131.495 Y123.174 E209.66466
G1 X132.219 Y122.818 E209.69149
G1 X132.885 Y122.373 E209.71814
G1 X133.49 Y121.842 E209.74491
G1 X134.02 Y121.238 E209.77164
G1 X134.466 Y120.567 E209.79843
G1 X134.823 Y119.846 E209.82519
G1 X135.082 Y119.095 E209.85161
G1 X135.237 Y118.302 E209.87849
G1 X135.291 Y117.5 E209.90522
G1 X135.237 Y116.695 E209.93206
G1 X135.082 Y115.904 E209.95887
G1 X134.823 Y115.15 E209.98538
G1 X134.466 Y114.428 E210.01217
G1 X134.02 Y113.758 E210.03894
G1 X133.49 Y113.154 E210.06567
G1 X132.885 Y112.624 E210.09242
G1 X132.219 Y112.178 E210.11908
G1 X131.495 Y111.822 E210.14592
G1 X130.743 Y111.566 E210.17234
G1 X129.954 Y111.407 E210.19911
G1 X129.129 Y111.356 E210.2266
G1 X122.371 Y111.356 E210.45137
G1 X104.857 Y112.463 E211.03505
G1 X103.525 Y112.643 E211.07976
G1 X102.318 Y113.139 E211.12316
G1 X101.275 Y113.943 E211.16696
G1 X100.471 Y114.985 E211.21073
G1 X99.976 Y116.192 E211.25412
G1 X99.803 Y117.5 E211.29801
G1 X99.975 Y118.807 E211.34185
G1 X100.471 Y120.01 E211.38513
G1 X101.275 Y121.053 E211.42893
G1 X102.317 Y121.857 E211.47271
G1 X103.525 Y122.353 E211.51614
G1 X104.884 Y122.534 E211.56174
G1 X117.5 Y123.335 E211.98219
G1 F2700 E206.98219
G0 F9000 X117.545 Y122.629
G0 X104.895 Y122.058
G0 X104.854 Y121.748
G1 F2700 E211.98219
G1 F1500 X103.729 Y121.605 E212.01991
G1 X102.704 Y121.182 E212.05679
G1 X101.845 Y120.523 E212.0928
G1 X101.149 Y119.623 E212.13064
G1 X100.723 Y118.603 E212.16741
G1 X100.58 Y117.5 E212.2044
G1 X100.72 Y116.401 E212.24125
G1 X101.148 Y115.372 E212.27832
G1 X101.826 Y114.494 E212.31521
G1 X102.708 Y113.818 E212.35217
G1 X103.729 Y113.391 E212.38898
G1 X104.806 Y113.249 E212.42511
G1 X105.932 Y113.388 E212.46285
G1 X106.959 Y113.817 E212.49987
G1 X107.815 Y114.477 E212.53582
G1 X108.512 Y115.375 E212.57363
G1 X108.94 Y116.399 E212.61054
G1 X109.082 Y117.5 E212.64746
G1 X108.94 Y118.595 E212.68419
G1 X108.51 Y119.628 E212.7214
G1 X107.835 Y120.503 E212.75816
G1 X106.96 Y121.178 E212.79492
G1 X105.927 Y121.608 E212.83213
G1 X104.854 Y121.748 E212.86812
G0 F9000 X104.895 Y122.058
G0 X107.161 Y121.969
G0 X107.146 Y122.197
;TYPE:FILL
G1 F3000 X117.178 Y112.165 E213.34
G0 F9000 X117.784 Y112.127
G1 F3000 X125.341 Y119.684 E213.69545
G0 F9000 X125.813 Y120.501
G1 F3000 X123.15 Y123.164 E213.82071
G1 X123.163 Y123.163
G1 X112.464 Y112.464 E214.32396
G0 F9000 X112.478 Y112.694
G0 X111.153 Y112.778
G0 X111.139 Y112.547
G1 F3000 X108.768 Y114.918 E214.43549
G0 F9000 X108.951 Y114.779
G0 X108.425 Y114.174
G0 X107.158 Y113.032
G0 X107.144 Y112.801
G1 F3000 X117.176 Y122.833 E214.90736
G0 F9000 X117.784 Y122.873
G1 F3000 X125.34 Y115.316 E215.2628
G0 F9000 X125.813 Y114.5
G1 F3000 X123.15 Y111.836 E215.38808
G1 X123.164 Y111.836
G1 X112.465 Y122.535 E215.89133
G0 F9000 X112.48 Y122.307
G0 X111.151 Y122.223
G0 X111.136 Y122.45
G1 F3000 X108.766 Y120.08 E216.0028
G0 F9000 X108.95 Y120.222
G0 X123.183 Y121.704
G0 X127.544 Y122.118
G0 X127.544 Y121.888
G1 F3000 X128.819 Y123.162 E216.06275
G1 X128.807 Y123.163
G1 X130.083 Y121.888 E216.12275
G0 F9000 X130.083 Y122.118
G0 X131.778 Y122.052
G0 X132.437 Y121.04
G0 X132.237 Y120.924
G1 F3000 X132.971 Y121.658 E216.15727
G0 F9000 X132.824 Y121.488
G0 X134.07 Y118.211
G0 X133.873 Y118.097
G1 F3000 X134.787 Y117.183 E216.20027
G0 F9000 X134.788 Y117.817
G1 F3000 X133.872 Y116.902 E216.24333
G0 F9000 X134.07 Y116.789
G0 X132.438 Y113.961
G0 X132.238 Y114.075
G1 F3000 X132.974 Y113.339 E216.27795
G0 F9000 X132.823 Y113.511
G0 X131.778 Y112.948
G0 X130.081 Y112.882
G0 X130.081 Y113.111
G1 F3000 X128.807 Y111.836 E216.3379
G1 X128.821 Y111.836
G1 X127.545 Y113.112 E216.39791
G0 F9000 X127.545 Y112.582
G1 F2700 E211.39791
;MESH:NONMESH
G0 F300 X127.545 Y112.582 Z1.4
G0 F9000 X108.697 Y119.732
G0 X107.779 Y119.201
G0 X104.834 Y120.422
G0 X104.831 Y120.626
;TIME_ELAPSED:366.450735
;LAYER:6
;TYPE:WALL-INNER
;MESH:FT10-Input Crank.stl
G1 F2700 E216.39791
G1 F1500 X105.24 Y120.599 E216.41155
G1 X105.644 Y120.519 E216.42525
G1 X106.03 Y120.388 E216.4388
G1 X106.392 Y120.21 E216.45222
G1 X106.733 Y119.983 E216.46585
G1 X107.041 Y119.712 E216.47949
G1 X107.31 Y119.402 E216.49314
G1 X107.54 Y119.061 E216.50682
G1 X107.724 Y118.693 E216.52051
G1 X107.85 Y118.317 E216.5337
G1 X107.931 Y117.909 E216.54753
G1 X107.958 Y117.5 E216.56116
G1 X107.931 Y117.087 E216.57493
G1 X107.851 Y116.68 E216.58873
G1 X107.724 Y116.307 E216.60183
G1 X107.54 Y115.934 E216.61566
G1 X107.31 Y115.594 E216.62932
G1 X107.042 Y115.286 E216.6429
G1 X106.735 Y115.018 E216.65645
G1 X106.391 Y114.79 E216.67018
G1 X106.028 Y114.612 E216.68362
G1 X105.641 Y114.477 E216.69726
G1 X105.241 Y114.397 E216.71082
G1 X104.829 Y114.37 E216.72456
G1 X104.419 Y114.397 E216.73822
G1 X104.016 Y114.477 E216.75189
G1 X103.63 Y114.608 E216.76545
G1 X103.269 Y114.785 E216.77882
G1 X102.923 Y115.017 E216.79267
G1 X102.622 Y115.281 E216.80599
G1 X102.35 Y115.593 E216.81976
G1 X102.122 Y115.936 E216.83346
G1 X101.939 Y116.307 E216.84721
G1 X101.809 Y116.686 E216.86054
G1 X101.729 Y117.087 E216.87414
G1 X101.702 Y117.499 E216.88787
G1 X101.729 Y117.909 E216.90154
G1 X101.809 Y118.311 E216.91517
G1 X101.94 Y118.693 E216.9286
G1 X102.121 Y119.062 E216.94227
G1 X102.349 Y119.402 E216.95589
G1 X102.618 Y119.71 E216.96949
G1 X102.927 Y119.979 E216.98312
G1 X103.27 Y120.211 E216.99689
G1 X103.629 Y120.387 E217.01019
G1 X104.02 Y120.519 E217.02391
G1 X104.419 Y120.599 E217.03745
G1 X104.831 Y120.626 E217.05118
G0 F9000 X104.831 Y121.027
;TYPE:WALL-OUTER
G1 F1500 X105.293 Y120.997 E217.06658
G1 X105.748 Y120.906 E217.08201
G1 X106.183 Y120.758 E217.0973
G1 X106.592 Y120.558 E217.11244
G1 X106.977 Y120.301 E217.12783
G1 X107.325 Y119.994 E217.14327
G1 X107.628 Y119.646 E217.15862
G1 X107.886 Y119.263 E217.17398
G1 X108.094 Y118.847 E217.18944
G1 X108.238 Y118.42 E217.20443
G1 X108.329 Y117.961 E217.22
G1 X108.359 Y117.5 E217.23536
G1 X108.329 Y117.035 E217.25086
G1 X108.238 Y116.576 E217.26642
G1 X108.094 Y116.153 E217.28129
G1 X107.886 Y115.733 E217.29687
G1 X107.628 Y115.35 E217.31223
G1 X107.326 Y115.002 E217.32756
G1 X106.978 Y114.7 E217.34288
G1 X106.591 Y114.442 E217.35835
G1 X106.182 Y114.242 E217.3735
G1 X105.747 Y114.09 E217.38882
G1 X105.293 Y113.999 E217.40422
G1 X104.829 Y113.969 E217.41969
G1 X104.367 Y113.999 E217.43509
G1 X103.912 Y114.09 E217.45052
G1 X103.477 Y114.238 E217.4658
G1 X103.069 Y114.438 E217.48091
G1 X102.679 Y114.699 E217.49652
G1 X102.338 Y114.998 E217.51161
G1 X102.032 Y115.35 E217.52712
G1 X101.774 Y115.736 E217.54256
G1 X101.569 Y116.153 E217.55802
G1 X101.422 Y116.581 E217.57307
G1 X101.331 Y117.035 E217.58847
G1 X101.301 Y117.499 E217.60393
G1 X101.331 Y117.961 E217.61933
G1 X101.422 Y118.415 E217.63473
G1 X101.57 Y118.847 E217.64992
G1 X101.774 Y119.263 E217.66533
G1 X102.031 Y119.646 E217.68067
G1 X102.334 Y119.994 E217.69602
G1 X102.683 Y120.297 E217.71139
G1 X103.069 Y120.558 E217.72689
G1 X103.477 Y120.758 E217.742
G1 X103.916 Y120.906 E217.75741
G1 X104.367 Y120.997 E217.77271
G1 X104.831 Y121.027 E217.78818
G0 F9000 X104.834 Y120.319
G0 X103.57 Y120.013
G0 X103.467 Y120.219
;TYPE:FILL
G1 F3000 X107.55 Y116.137 E217.98021
G0 F9000 X107.346 Y116.237
G0 X107.346 Y118.763
G0 X107.55 Y118.864
G1 F3000 X103.465 Y114.778 E218.17238
G0 F9000 X102.781 Y115.249
G1 F3000 X102.591 Y115.439 E218.18131
G0 F9000 X102.765 Y115.593
G0 X102.784 Y119.43
G0 X102.61 Y119.581
G1 F3000 X102.747 Y119.717 E218.18773
G0 F9000 X103.097 Y119.32
G1 F2700 E213.18773
G0 F9000 X104.833 Y120.799
G0 X104.973 Y121.854
G0 X104.899 Y122.094
;TYPE:WALL-INNER
G1 F2700 E218.18773
G1 F1271.2 X104.751 Y122.083 E218.19356
G1 F1293.1 X103.637 Y121.932 E218.23693
G1 F1287.6 X102.536 Y121.478 E218.28308
G1 F1282.1 X101.584 Y120.744 E218.32986
G1 F1276.6 X100.852 Y119.791 E218.37682
G1 X100.398 Y118.695 E218.42318
G1 F1284.8 X100.239 Y117.5 E218.46999
G1 X100.398 Y116.305 E218.51681
G1 F1276.6 X100.852 Y115.205 E218.56331
G1 X101.584 Y114.252 E218.61027
G1 X102.537 Y113.52 E218.65724
G1 X103.638 Y113.065 E218.70379
G1 F1287.6 X104.749 Y112.913 E218.74724
G1 F1271.2 X104.902 Y112.901 E218.75327
G0 F9000 X105.973 Y113.24
G0 X107.038 Y113.68
G0 X107.555 Y114.078
G0 X117.52 Y122.627
G0 X117.5 Y122.934
G1 F1500 X122.384 Y123.244 E218.91604
G1 X129.138 Y123.243 E219.14068
G1 X129.9 Y123.192 E219.16608
G1 X130.639 Y123.043 E219.19115
G1 X131.342 Y122.804 E219.21585
G1 X132.019 Y122.471 E219.24094
G1 X132.641 Y122.055 E219.26583
G1 X133.206 Y121.558 E219.29086
G1 X133.702 Y120.994 E219.31584
G1 X134.118 Y120.367 E219.34086
G1 X134.453 Y119.691 E219.36596
G1 X134.695 Y118.991 E219.39059
G1 X134.839 Y118.25 E219.4157
G1 X134.89 Y117.5 E219.4407
G1 X134.839 Y116.747 E219.4658
G1 X134.695 Y116.008 E219.49084
G1 X134.453 Y115.304 E219.5156
G1 X134.119 Y114.628 E219.54068
G1 X133.702 Y114.002 E219.5657
G1 X133.206 Y113.438 E219.59068
G1 X132.641 Y112.942 E219.61569
G1 X132.019 Y112.525 E219.64059
G1 X131.342 Y112.192 E219.66569
G1 X130.639 Y111.953 E219.69038
G1 X129.902 Y111.805 E219.71539
G1 X129.117 Y111.756 E219.74155
G1 X122.383 Y111.756 E219.96552
G1 X105.942 Y112.796 E220.51344
G1 F1363.6 X104.902 Y112.901 E220.55168
G1 F1304.3 X106.02 Y113.095 E220.59509
G1 F1395.3 X107.11 Y113.547 E220.63728
G1 F1463.4 X108.055 Y114.27 E220.67784
G1 F1500 X108.781 Y115.218 E220.71756
G1 X109.238 Y116.321 E220.75727
G1 X109.39 Y117.5 E220.7968
G1 X109.238 Y118.675 E220.83621
G1 X108.781 Y119.778 E220.87592
G1 X108.058 Y120.723 E220.9155
G1 X107.11 Y121.449 E220.95521
G1 F1428.6 X106.015 Y121.902 E220.99659
G1 F1304.3 X104.899 Y122.094 E221.03991
G1 F1363.6 X105.941 Y122.199 E221.07822
G1 F1500 X117.5 Y122.934 E221.46345
G0 F9000 X117.52 Y122.627
G0 X127.008 Y122.118
G0 X127.008 Y121.808
G1 F1500 X126.688 Y121.716 E221.47453
G1 X126.488 Y121.509 E221.4841
G1 X124.344 Y117.801 E221.62656
G1 X124.27 Y117.592 E221.63394
G1 X124.27 Y117.408 E221.64006
G1 X124.344 Y117.199 E221.64743
G1 X126.488 Y113.491 E221.78989
G1 X126.688 Y113.284 E221.79946
G1 X126.927 Y113.192 E221.80798
G1 X131.288 Y113.191 E221.95303
G1 X131.553 Y113.253 E221.96208
G1 X131.748 Y113.388 E221.96997
G1 X133.952 Y117.199 E222.11639
G1 X134.031 Y117.459 E222.12543
G1 X134.012 Y117.698 E222.13341
G1 X131.808 Y121.509 E222.27983
G1 X131.623 Y121.708 E222.28887
G1 X131.406 Y121.808 E222.29682
G1 X127.008 Y121.808 E222.44309
G0 F9000 X127.008 Y121.408
;TYPE:WALL-OUTER
G1 F1500 X126.869 Y121.369 E222.4479
G1 X124.674 Y117.565 E222.59397
G1 X124.674 Y117.435 E222.59829
G1 X126.834 Y113.691 E222.74206
G1 X126.973 Y113.595 E222.74768
G1 X131.288 Y113.591 E222.89119
G1 X131.442 Y113.658 E222.89678
G1 X133.606 Y117.399 E223.04052
G1 X133.633 Y117.5 E223.044
G1 X133.606 Y117.601 E223.04748
G1 X131.462 Y121.309 E223.18994
G1 X131.327 Y121.408 E223.19551
G1 X127.008 Y121.408 E223.33916
G1 F2700 E218.33916
G0 F9000 X127.008 Y122.118
G0 X117.545 Y122.629
G0 X117.5 Y123.335
G1 F2700 E223.33916
G1 F1500 X122.371 Y123.644 E223.50149
G1 X129.129 Y123.644 E223.72626
G1 X129.953 Y123.589 E223.75373
G1 X130.743 Y123.43 E223.78053
G1 X131.495 Y123.174 E223.80696
G1 X132.219 Y122.818 E223.83379
G1 X132.885 Y122.373 E223.86043
G1 X133.49 Y121.842 E223.8872
G1 X134.02 Y121.238 E223.91393
G1 X134.466 Y120.567 E223.94073
G1 X134.823 Y119.846 E223.96749
G1 X135.082 Y119.095 E223.99391
G1 X135.237 Y118.302 E224.02078
G1 X135.291 Y117.5 E224.04752
G1 X135.237 Y116.695 E224.07435
G1 X135.082 Y115.904 E224.10116
G1 X134.823 Y115.15 E224.12768
G1 X134.466 Y114.428 E224.15447
G1 X134.02 Y113.758 E224.18124
G1 X133.49 Y113.154 E224.20796
G1 X132.885 Y112.624 E224.23472
G1 X132.219 Y112.178 E224.26138
G1 X131.495 Y111.822 E224.28821
G1 X130.743 Y111.566 E224.31463
G1 X129.954 Y111.407 E224.3414
G1 X129.129 Y111.356 E224.36889
G1 X122.371 Y111.356 E224.59366
G1 X104.843 Y112.465 E225.17781
G1 X103.525 Y112.643 E225.22205
G1 X102.317 Y113.139 E225.26548
G1 X101.275 Y113.943 E225.30926
G1 X100.471 Y114.985 E225.35303
G1 X99.975 Y116.193 E225.39646
G1 X99.802 Y117.5 E225.44031
G1 X99.975 Y118.807 E225.48416
G1 X100.471 Y120.011 E225.52747
G1 X101.275 Y121.053 E225.57125
G1 X102.317 Y121.857 E225.61502
G1 X103.525 Y122.353 E225.65846
G1 X104.889 Y122.534 E225.70422
G1 X117.5 Y123.335 E226.12451
G1 F2700 E221.12451
G0 F9000 X117.545 Y122.629
G0 X104.893 Y121.965
G0 X104.853 Y121.656
G1 F2700 E226.12451
G1 F1500 X103.757 Y121.52 E226.16124
G1 X102.752 Y121.102 E226.19745
G1 X101.89 Y120.438 E226.23364
G1 X101.23 Y119.576 E226.26974
G1 X100.815 Y118.578 E226.30569
G1 X100.669 Y117.5 E226.34188
G1 X100.809 Y116.449 E226.37714
G1 X101.23 Y115.42 E226.41412
G1 X101.89 Y114.558 E226.45023
G1 X102.752 Y113.898 E226.48634
G1 X103.754 Y113.483 E226.52241
G1 X104.854 Y113.34 E226.5593
G1 X105.879 Y113.477 E226.5937
G1 X106.909 Y113.897 E226.63069
G1 X107.771 Y114.557 E226.6668
G1 X108.431 Y115.419 E226.70291
G1 X108.848 Y116.425 E226.73913
G1 X108.986 Y117.5 E226.77518
G1 X108.848 Y118.571 E226.8111
G1 X108.431 Y119.577 E226.84732
G1 X107.771 Y120.439 E226.88343
G1 X106.909 Y121.099 E226.91953
G1 X105.879 Y121.519 E226.95653
G1 X104.853 Y121.656 E226.99096
G0 F9000 X104.893 Y121.965
G0 X107.16 Y121.97
G0 X107.145 Y122.198
;TYPE:FILL
G1 F3000 X117.178 Y112.165 E227.46288
G0 F9000 X117.784 Y112.127
G1 F3000 X125.341 Y119.684 E227.81834
G0 F9000 X125.813 Y120.501
G1 F3000 X123.15 Y123.164 E227.9436
G1 X123.163 Y123.163
G1 X112.464 Y112.464 E228.44685
G0 F9000 X112.478 Y112.694
G0 X111.154 Y112.778
G0 X111.14 Y112.547
G1 F3000 X108.704 Y114.983 E228.56143
G0 F9000 X108.885 Y114.845
G0 X108.701 Y114.633
G0 X107.158 Y113.032
G0 X107.144 Y112.801
G1 F3000 X117.176 Y122.833 E229.0333
G0 F9000 X117.784 Y122.873
G1 F3000 X125.34 Y115.316 E229.38874
G0 F9000 X125.813 Y114.5
G1 F3000 X123.15 Y111.836 E229.51402
G1 X123.164 Y111.836
G1 X112.465 Y122.535 E230.01727
G0 F9000 X112.48 Y122.307
G0 X111.152 Y122.223
G0 X111.137 Y122.45
G1 F3000 X108.701 Y120.015 E230.13183
G0 F9000 X108.884 Y120.156
G0 X123.17 Y121.691
G0 X127.544 Y122.118
G0 X127.544 Y121.888
G1 F3000 X128.819 Y123.162 E230.19178
G1 X128.807 Y123.163
G1 X130.083 Y121.888 E230.25177
G0 F9000 X130.083 Y122.118
G0 X131.778 Y122.052
G0 X132.437 Y121.04
G0 X132.237 Y120.924
G1 F3000 X132.971 Y121.658 E230.2863
G0 F9000 X132.824 Y121.488
G0 X134.07 Y118.211
G0 X133.873 Y118.097
G1 F3000 X134.787 Y117.183 E230.32929
G0 F9000 X134.788 Y117.817
G1 F3000 X133.872 Y116.902 E230.37235
G0 F9000 X134.07 Y116.789
G0 X132.438 Y113.961
G0 X132.238 Y114.075
G1 F3000 X132.974 Y113.339 E230.40697
G0 F9000 X132.823 Y113.511
G0 X131.778 Y112.948
G0 X130.081 Y112.882
G0 X130.081 Y113.111
G1 F3000 X128.807 Y111.836 E230.46692
G1 X128.821 Y111.836
G1 X127.545 Y113.112 E230.52694
G0 F9000 X127.545 Y112.582
G1 F2700 E225.52694
;MESH:NONMESH
G0 F300 X127.545 Y112.582 Z1.6
G0 F9000 X108.617 Y119.685
G0 X107.69 Y119.153
G0 X104.835 Y120.319
G0 X104.835 Y120.522
;TIME_ELAPSED:389.238410
;LAYER:7
;TYPE:WALL-INNER
;MESH:FT10-Input Crank.stl
G1 F2700 E230.52694
G1 F1500 X105.229 Y120.499 E230.54006
G1 X105.619 Y120.419 E230.55331
G1 X105.986 Y120.296 E230.56618
G1 X106.341 Y120.119 E230.57937
G1 X106.67 Y119.898 E230.59255
G1 X106.974 Y119.635 E230.60592
G1 X107.226 Y119.342 E230.61878
G1 X107.452 Y119.009 E230.63216
G1 X107.628 Y118.654 E230.64534
G1 X107.751 Y118.287 E230.65822
G1 X107.831 Y117.897 E230.67146
G1 X107.854 Y117.499 E230.68472
G1 X107.831 Y117.099 E230.69804
G1 X107.751 Y116.709 E230.71129
G1 X107.628 Y116.342 E230.72416
G1 X107.451 Y115.987 E230.73735
G1 X107.231 Y115.659 E230.75049
G1 X106.968 Y115.363 E230.76366
G1 X106.67 Y115.098 E230.77692
G1 X106.34 Y114.878 E230.79011
G1 X105.984 Y114.704 E230.80329
G1 X105.619 Y114.577 E230.81615
G1 X105.226 Y114.501 E230.82946
G1 X104.83 Y114.475 E230.84266
G1 X104.431 Y114.5 E230.85596
G1 X104.041 Y114.577 E230.86918
G1 X103.674 Y114.704 E230.88209
G1 X103.315 Y114.878 E230.89536
G1 X102.988 Y115.097 E230.90845
G1 X102.691 Y115.36 E230.92165
G1 X102.429 Y115.659 E230.93487
G1 X102.208 Y115.987 E230.94803
G1 X102.033 Y116.342 E230.96119
G1 X101.91 Y116.71 E230.97409
G1 X101.833 Y117.103 E230.98741
G1 X101.806 Y117.501 E231.00068
G1 X101.832 Y117.897 E231.01388
G1 X101.91 Y118.289 E231.02718
G1 X102.032 Y118.654 E231.03998
G1 X102.208 Y119.009 E231.05315
G1 X102.434 Y119.342 E231.06654
G1 X102.687 Y119.635 E231.07942
G1 X102.989 Y119.897 E231.09271
G1 X103.32 Y120.118 E231.10595
G1 X103.675 Y120.292 E231.1191
G1 X104.044 Y120.418 E231.13207
G1 X104.435 Y120.495 E231.14532
G1 X104.835 Y120.522 E231.15866
G0 F9000 X104.833 Y120.923
;TYPE:WALL-OUTER
G1 F1500 X105.281 Y120.897 E231.17358
G1 X105.723 Y120.806 E231.18859
G1 X106.139 Y120.666 E231.20319
G1 X106.543 Y120.466 E231.21818
G1 X106.914 Y120.216 E231.23306
G1 X107.258 Y119.918 E231.2482
G1 X107.544 Y119.586 E231.26278
G1 X107.798 Y119.211 E231.27784
G1 X107.998 Y118.807 E231.29283
G1 X108.138 Y118.391 E231.30743
G1 X108.229 Y117.949 E231.32244
G1 X108.255 Y117.499 E231.33743
G1 X108.229 Y117.047 E231.35249
G1 X108.138 Y116.605 E231.3675
G1 X107.998 Y116.189 E231.3821
G1 X107.798 Y115.785 E231.39709
G1 X107.549 Y115.415 E231.41193
G1 X107.253 Y115.079 E231.42682
G1 X106.914 Y114.78 E231.44186
G1 X106.54 Y114.53 E231.45682
G1 X106.138 Y114.334 E231.47169
G1 X105.723 Y114.19 E231.4863
G1 X105.278 Y114.103 E231.50138
G1 X104.831 Y114.073 E231.51628
G1 X104.379 Y114.103 E231.53135
G1 X103.937 Y114.19 E231.54633
G1 X103.521 Y114.334 E231.56098
G1 X103.116 Y114.53 E231.57594
G1 X102.743 Y114.779 E231.59086
G1 X102.407 Y115.078 E231.60582
G1 X102.111 Y115.415 E231.62074
G1 X101.862 Y115.785 E231.63557
G1 X101.662 Y116.189 E231.65056
G1 X101.522 Y116.608 E231.66526
G1 X101.435 Y117.051 E231.68027
G1 X101.405 Y117.501 E231.69527
G1 X101.435 Y117.949 E231.71021
G1 X101.522 Y118.392 E231.72522
G1 X101.662 Y118.807 E231.73979
G1 X101.862 Y119.211 E231.75478
G1 X102.116 Y119.586 E231.76985
G1 X102.403 Y119.918 E231.78444
G1 X102.746 Y120.216 E231.79956
G1 X103.12 Y120.466 E231.81452
G1 X103.521 Y120.662 E231.82936
G1 X103.94 Y120.806 E231.8441
G1 X104.383 Y120.893 E231.85911
G1 X104.833 Y120.923 E231.87411
G0 F9000 X104.834 Y120.215
G0 X103.646 Y119.937
G0 X103.546 Y120.14
;TYPE:FILL
G1 F3000 X107.473 Y116.213 E232.05883
G0 F9000 X107.268 Y116.313
G0 X107.269 Y118.686
G0 X107.473 Y118.787
G1 F3000 X103.544 Y114.857 E232.24366
G0 F9000 X103.775 Y115.333
G1 F2700 E227.24366
G0 F9000 X104.831 Y114.304
G0 X104.976 Y113.221
G0 X104.909 Y112.95
;TYPE:WALL-INNER
G1 F2700 E232.24366
G1 F1056.3 X104.746 Y112.962 E232.25138
G1 F1075.3 X103.649 Y113.11 E232.30274
G1 F1067.6 X102.56 Y113.56 E232.3578
G1 F1065.7 X101.617 Y114.285 E232.41349
G1 X100.892 Y115.228 E232.46917
G1 F1067.6 X100.442 Y116.317 E232.52423
G1 F1071.4 X100.287 Y117.5 E232.57979
G1 X100.442 Y118.683 E232.63535
G1 F1069.5 X100.891 Y119.768 E232.69012
G1 X101.616 Y120.712 E232.74564
G1 F1067.6 X102.56 Y121.436 E232.80124
G1 X103.649 Y121.886 E232.8563
G1 F1077.2 X104.743 Y122.036 E232.90744
G1 F1063.8 X104.904 Y122.048 E232.91502
G0 F9000 X117.52 Y122.627
G0 X117.5 Y122.934
G1 F1500 X122.384 Y123.244 E233.07778
G1 X129.138 Y123.243 E233.30242
G1 X129.9 Y123.192 E233.32782
G1 X130.639 Y123.043 E233.3529
G1 X131.342 Y122.804 E233.37759
G1 X132.019 Y122.471 E233.40269
G1 X132.641 Y122.055 E233.42758
G1 X133.206 Y121.558 E233.4526
G1 X133.702 Y120.994 E233.47758
G1 X134.118 Y120.367 E233.50261
G1 X134.453 Y119.691 E233.5277
G1 X134.695 Y118.991 E233.55234
G1 X134.839 Y118.25 E233.57745
G1 X134.89 Y117.5 E233.60245
G1 X134.839 Y116.747 E233.62755
G1 X134.695 Y116.008 E233.65259
G1 X134.453 Y115.304 E233.67735
G1 X134.119 Y114.628 E233.70243
G1 X133.702 Y114.002 E233.72745
G1 X133.206 Y113.438 E233.75243
G1 X132.641 Y112.942 E233.77743
G1 X132.019 Y112.525 E233.80234
G1 X131.342 Y112.192 E233.82744
G1 X130.639 Y111.953 E233.85213
G1 X129.902 Y111.805 E233.87713
G1 X129.117 Y111.756 E233.90329
G1 X122.383 Y111.756 E234.12727
G1 X105.917 Y112.797 E234.67602
G1 F1227 X104.909 Y112.95 E234.71748
G1 F1123.6 X106.02 Y113.193 E234.76797
G1 F1287.6 X107.066 Y113.627 E234.81186
G1 F1385.7 X107.994 Y114.336 E234.8539
G1 F1459.9 X108.7 Y115.264 E234.89375
G1 F1500 X109.15 Y116.346 E234.93273
G1 X109.298 Y117.5 E234.97142
G1 X109.15 Y118.65 E235.00999
G1 X108.702 Y119.729 E235.04885
G1 X107.993 Y120.661 E235.08779
G1 X107.061 Y121.37 E235.12674
G1 F1354.4 X106.02 Y121.802 E235.16826
G1 F1134.2 X104.904 Y122.048 E235.21853
G1 F1234.6 X105.919 Y122.2 E235.26
G1 F1500 X117.5 Y122.934 E235.64596
G0 F9000 X117.52 Y122.627
G0 X127.008 Y122.118
G0 X127.008 Y121.808
G1 F1500 X126.688 Y121.716 E235.65703
G1 X126.488 Y121.509 E235.66661
G1 X124.344 Y117.801 E235.80907
G1 X124.27 Y117.592 E235.81644
G1 X124.27 Y117.408 E235.82256
G1 X124.344 Y117.199 E235.82994
G1 X126.488 Y113.491 E235.9724
G1 X126.688 Y113.284 E235.98197
G1 X126.927 Y113.192 E235.99049
G1 X131.288 Y113.191 E236.13554
G1 X131.553 Y113.253 E236.14459
G1 X131.748 Y113.388 E236.15248
G1 X133.952 Y117.199 E236.2989
G1 X134.031 Y117.459 E236.30794
G1 X134.012 Y117.698 E236.31591
G1 X131.808 Y121.509 E236.46234
G1 X131.623 Y121.708 E236.47138
G1 X131.406 Y121.808 E236.47932
G1 X127.008 Y121.808 E236.6256
G0 F9000 X127.008 Y121.408
;TYPE:WALL-OUTER
G1 F1500 X126.869 Y121.369 E236.6304
G1 X124.674 Y117.565 E236.77648
G1 X124.674 Y117.435 E236.7808
G1 X126.834 Y113.691 E236.92456
G1 X126.973 Y113.595 E236.93018
G1 X131.288 Y113.591 E237.0737
G1 X131.442 Y113.658 E237.07929
G1 X133.606 Y117.399 E237.22303
G1 X133.633 Y117.5 E237.22651
G1 X133.606 Y117.601 E237.22998
G1 X131.462 Y121.309 E237.37245
G1 X131.327 Y121.408 E237.37801
G1 X127.008 Y121.408 E237.52166
G1 F2700 E232.52166
G0 F9000 X127.008 Y122.118
G0 X117.545 Y122.629
G0 X117.5 Y123.335
G1 F2700 E237.52166
G1 F1500 X122.371 Y123.644 E237.684
G1 X129.129 Y123.644 E237.90877
G1 X129.953 Y123.589 E237.93624
G1 X130.743 Y123.43 E237.96304
G1 X131.495 Y123.174 E237.98946
G1 X132.219 Y122.818 E238.0163
G1 X132.885 Y122.373 E238.04294
G1 X133.49 Y121.842 E238.06971
G1 X134.02 Y121.238 E238.09644
G1 X134.466 Y120.567 E238.12324
G1 X134.823 Y119.846 E238.14999
G1 X135.082 Y119.095 E238.17642
G1 X135.237 Y118.302 E238.20329
G1 X135.291 Y117.5 E238.23003
G1 X135.237 Y116.695 E238.25686
G1 X135.082 Y115.904 E238.28367
G1 X134.823 Y115.15 E238.31019
G1 X134.466 Y114.428 E238.33698
G1 X134.02 Y113.758 E238.36375
G1 X133.49 Y113.154 E238.39047
G1 X132.885 Y112.624 E238.41722
G1 X132.219 Y112.178 E238.44388
G1 X131.495 Y111.822 E238.47072
G1 X130.743 Y111.566 E238.49714
G1 X129.954 Y111.407 E238.52391
G1 X129.129 Y111.356 E238.5514
G1 X122.371 Y111.356 E238.77617
G1 X104.841 Y112.466 E239.36039
G1 X103.525 Y112.643 E239.40455
G1 X102.317 Y113.139 E239.44799
G1 X101.275 Y113.943 E239.49176
G1 X100.471 Y114.985 E239.53554
G1 X99.975 Y116.193 E239.57897
G1 X99.802 Y117.5 E239.62282
G1 X99.975 Y118.807 E239.66667
G1 X100.471 Y120.011 E239.70998
G1 X101.275 Y121.053 E239.75375
G1 X102.317 Y121.857 E239.79753
G1 X103.525 Y122.353 E239.84096
G1 X104.856 Y122.532 E239.88563
G1 X117.5 Y123.335 E240.30702
G1 F2700 E235.30702
G0 F9000 X117.545 Y122.629
G0 X104.893 Y121.872
G0 X104.853 Y121.564
G1 F2700 E240.30702
G1 F1500 X103.781 Y121.428 E240.34296
G1 X102.8 Y121.018 E240.37832
G1 X101.974 Y120.392 E240.41279
G1 X101.309 Y119.534 E240.4489
G1 X100.903 Y118.554 E240.48418
G1 X100.766 Y117.5 E240.51953
G1 X100.9 Y116.449 E240.55477
G1 X101.31 Y115.468 E240.59013
G1 X101.955 Y114.625 E240.62544
G1 X102.8 Y113.978 E240.66083
G1 X103.778 Y113.571 E240.69607
G1 X104.855 Y113.436 E240.73217
G1 X105.879 Y113.568 E240.76651
G1 X106.866 Y113.977 E240.80204
G1 X107.724 Y114.642 E240.83815
G1 X108.336 Y115.446 E240.87176
G1 X108.76 Y116.448 E240.90794
G1 X108.894 Y117.5 E240.94322
G1 X108.76 Y118.548 E240.97836
G1 X108.336 Y119.55 E241.01454
G1 X107.708 Y120.376 E241.04906
G1 X106.882 Y121.004 E241.08357
G1 X105.88 Y121.428 E241.11975
G1 X104.853 Y121.564 E241.15421
G0 F9000 X104.893 Y121.872
G0 X107.16 Y121.97
G0 X107.145 Y122.198
;TYPE:FILL
G1 F3000 X107.928 Y121.416 E241.19102
G1 X110.249 Y121.562 E241.26837
G1 X110.445 Y121.757 E241.27756
G1 X113.071 Y121.926 E241.36508
G1 X113.251 Y121.751 E241.37343
G1 X116.284 Y121.942 E241.47451
G1 X117.177 Y122.834 E241.51649
G0 F9000 X117.784 Y122.873
G1 F3000 X118.572 Y122.086 E241.55353
G1 X122.322 Y122.322 E241.67851
G1 X123.163 Y123.163 E241.71806
G1 X123.15 Y123.164
G1 X123.843 Y122.473 E241.75061
G1 X128.159 Y122.503 E241.89417
G1 X128.819 Y123.162 E241.92519
G1 X128.807 Y123.163
G1 X130.083 Y121.888 E241.98518
G0 F9000 X130.083 Y122.118
G0 X128.159 Y122.503
G1 F3000 X127.544 Y121.888 E242.01411
G0 F9000 X127.544 Y122.118
G0 X126.521 Y122.052
G0 X125.616 Y120.613
G0 X125.813 Y120.501
G1 F3000 X124.961 Y121.353 E242.05419
G1 X122.987 Y117.671 E242.19314
G1 X122.692 Y117.966 E242.20702
G0 F9000 X122.987 Y117.671
G1 F3000 X125.34 Y115.316 E242.31774
G0 F9000 X125.813 Y114.5
G1 F3000 X124.895 Y113.584 E242.36087
G1 X124.893 Y113.579
G1 X127.028 Y111.956 E242.45007
G0 F9000 X126.367 Y111.956
G1 F3000 X124.607 Y113.294 E242.52361
G1 X124.603 Y113.292
G1 X124.895 Y113.584 E242.53734
G1 X122.769 Y117.111 E242.67431
G1 X125.341 Y119.684 E242.79532
G0 F9000 X125.144 Y119.796
G0 X124.961 Y121.353
G1 F3000 X124.665 Y121.648 E242.80922
G1 X122.692 Y117.966 E242.94815
G1 X118.582 Y122.074 E243.14143
G1 X116.272 Y121.928 E243.21841
G1 X110.049 Y115.707 E243.51108
G0 F9000 X109.69 Y115.349
G1 F3000 X109.46 Y117.185 E243.57262
G0 F9000 X109.57 Y117.171
G0 X109.425 Y116.448
G0 X108.82 Y114.91
G0 X108.636 Y115.05
G1 F3000 X110.489 Y113.196 E243.6598
G1 X107.716 Y113.373 E243.75222
G1 X110.049 Y115.707 E243.86198
G1 X109.534 Y119.809 E243.99948
G1 X116.313 Y113.028 E244.31839
G1 X113.221 Y113.22 E244.42143
G1 X122.322 Y122.322 E244.84954
G0 F9000 X123.145 Y122.934
G0 X123.145 Y123.044
G1 F3000 X121.214 Y119.443 E244.98544
G0 F9000 X122.769 Y117.111
G1 F3000 X122.478 Y116.819 E244.99915
G1 X124.603 Y113.292 E245.13611
G1 X123.439 Y112.126 E245.19091
G0 F9000 X123.164 Y111.836
G1 F3000 X122.357 Y112.641 E245.22882
G0 F9000 X123.15 Y112.066
G0 X123.15 Y111.836
G1 F3000 X123.439 Y112.126 E245.24244
G1 X121.312 Y115.654 E245.37945
G1 X122.478 Y116.819 E245.43428
G0 F9000 X121.312 Y115.654
G1 F3000 X118.536 Y112.878 E245.56485
G1 X122.357 Y112.641 E245.69218
G1 X113.251 Y121.751 E246.12059
G0 F9000 X113.071 Y121.926
G1 F3000 X112.465 Y122.535 E246.14917
G0 F9000 X112.48 Y122.307
G0 X111.152 Y122.223
G0 X111.137 Y122.45
G1 F3000 X110.445 Y121.757 E246.18174
G0 F9000 X110.249 Y121.562
G1 F3000 X108.634 Y119.948 E246.25768
G0 F9000 X109.534 Y119.809
G1 F3000 X107.928 Y121.416 E246.33325
G0 F9000 X108.92 Y119.86
G0 X109.391 Y118.721
G0 X109.552 Y117.5
G0 X109.391 Y116.279
G0 X108.967 Y115.253
G0 X107.716 Y113.373
G1 F3000 X107.143 Y112.8 E246.3602
G0 F9000 X107.157 Y113.031
G0 X110.489 Y113.196
G1 F3000 X110.507 Y113.182 E246.36096
G0 F9000 X111.14 Y112.547
G1 F3000 X110.507 Y113.182 E246.39078
G1 X113.021 Y113.022 E246.47456
G1 X112.464 Y112.464 E246.50079
G0 F9000 X113.021 Y113.022
G1 F3000 X113.221 Y113.22 E246.51015
G0 F9000 X116.313 Y113.028
G1 F3000 X116.562 Y112.782 E246.52179
G0 F9000 X117.178 Y112.165
G1 F3000 X116.562 Y112.782 E246.55079
G1 X118.325 Y112.669 E246.60955
G1 X117.784 Y112.127 E246.63502
G0 F9000 X118.325 Y112.669
G1 F3000 X118.536 Y112.878 E246.64489
G0 F9000 X124.036 Y112.723
G1 F3000 X125.044 Y111.956 E246.68702
G0 F9000 X125.706 Y111.956
G1 F3000 X124.322 Y113.008 E246.74484
G0 F9000 X127.545 Y112.882
G0 X127.545 Y113.112
G1 F3000 X128.821 Y111.836 E246.80486
G1 X128.807 Y111.836
G1 X130.081 Y113.111 E246.86481
G0 F9000 X130.081 Y112.882
G0 X131.778 Y112.948
G0 X132.438 Y113.961
G0 X132.238 Y114.075
G1 F3000 X132.974 Y113.339 E246.89943
G0 F9000 X132.823 Y113.511
G0 X134.07 Y116.789
G0 X133.872 Y116.902
G1 F3000 X134.788 Y117.817 E246.94249
G0 F9000 X134.787 Y117.183
G1 F3000 X133.873 Y118.097 E246.98548
G0 F9000 X134.07 Y118.211
G0 X132.437 Y121.04
G0 X132.237 Y120.924
G1 F3000 X132.971 Y121.658 E247.02001
G0 F9000 X132.824 Y121.488
G0 X131.778 Y122.052
G0 X126.521 Y122.052
G0 X124.665 Y121.648
G1 F3000 X123.843 Y122.473 E247.05874
G0 F9000 X118.582 Y122.074
G1 F3000 X118.572 Y122.086 E247.05926
G0 F9000 X116.284 Y121.942
G1 F3000 X116.272 Y121.928 E247.05988
G1 F2700 E242.05988
;MESH:NONMESH
G0 F300 X116.272 Y121.928 Z1.8
G0 F9000 X106.971 Y121.204
G0 X106.43 Y120.269
G0 X104.835 Y120.215
G0 X104.831 Y120.418
;TIME_ELAPSED:417.650395
;LAYER:8
;TYPE:WALL-INNER
;MESH:FT10-Input Crank.stl
G1 F2700 E247.05988
G1 F1500 X105.216 Y120.395 E247.07271
G1 X105.592 Y120.323 E247.08544
G1 X105.945 Y120.201 E247.09786
G1 X106.292 Y120.03 E247.11073
G1 X106.61 Y119.818 E247.12344
G1 X106.898 Y119.566 E247.13617
G1 X107.15 Y119.278 E247.1489
G1 X107.362 Y118.96 E247.16161
G1 X107.531 Y118.615 E247.17438
G1 X107.651 Y118.259 E247.18688
G1 X107.727 Y117.885 E247.19957
G1 X107.75 Y117.5 E247.2124
G1 X107.727 Y117.114 E247.22526
G1 X107.651 Y116.736 E247.23809
G1 X107.531 Y116.381 E247.25055
G1 X107.362 Y116.036 E247.26333
G1 X107.152 Y115.721 E247.27592
G1 X106.896 Y115.435 E247.28869
G1 X106.609 Y115.181 E247.30143
G1 X106.292 Y114.97 E247.3141
G1 X105.944 Y114.8 E247.32698
G1 X105.589 Y114.677 E247.33948
G1 X105.214 Y114.601 E247.3522
G1 X104.831 Y114.578 E247.36496
G1 X104.447 Y114.601 E247.37776
G1 X104.074 Y114.677 E247.39042
G1 X103.713 Y114.801 E247.40312
G1 X103.368 Y114.966 E247.41583
G1 X103.053 Y115.18 E247.4285
G1 X102.767 Y115.432 E247.44118
G1 X102.513 Y115.724 E247.45405
G1 X102.3 Y116.04 E247.46673
G1 X102.128 Y116.383 E247.47949
G1 X102.009 Y116.736 E247.49188
G1 X101.933 Y117.114 E247.5047
G1 X101.91 Y117.499 E247.51753
G1 X101.933 Y117.882 E247.53029
G1 X102.009 Y118.26 E247.54312
G1 X102.128 Y118.613 E247.55551
G1 X102.3 Y118.956 E247.56827
G1 X102.513 Y119.273 E247.58097
G1 X102.767 Y119.564 E247.59382
G1 X103.053 Y119.816 E247.6065
G1 X103.368 Y120.03 E247.61916
G1 X103.713 Y120.195 E247.63188
G1 X104.074 Y120.319 E247.64458
G1 X104.447 Y120.395 E247.65724
G1 X104.831 Y120.418 E247.67003
G0 F9000 X104.831 Y120.819
;TYPE:WALL-OUTER
G1 F1500 X105.266 Y120.793 E247.68453
G1 X105.696 Y120.71 E247.69909
G1 X106.099 Y120.571 E247.71327
G1 X106.492 Y120.378 E247.72783
G1 X106.854 Y120.136 E247.74232
G1 X107.182 Y119.85 E247.75679
G1 X107.468 Y119.522 E247.77126
G1 X107.71 Y119.16 E247.78575
G1 X107.902 Y118.767 E247.80029
G1 X108.038 Y118.363 E247.81447
G1 X108.125 Y117.937 E247.82893
G1 X108.151 Y117.5 E247.84349
G1 X108.125 Y117.062 E247.85809
G1 X108.038 Y116.632 E247.87268
G1 X107.902 Y116.229 E247.88683
G1 X107.71 Y115.836 E247.90137
G1 X107.469 Y115.475 E247.91581
G1 X107.178 Y115.151 E247.9303
G1 X106.853 Y114.863 E247.94474
G1 X106.492 Y114.622 E247.95918
G1 X106.098 Y114.43 E247.97375
G1 X105.695 Y114.29 E247.98794
G1 X105.266 Y114.203 E248.0025
G1 X104.831 Y114.177 E248.017
G1 X104.395 Y114.203 E248.03152
G1 X103.969 Y114.29 E248.04598
G1 X103.561 Y114.43 E248.06033
G1 X103.168 Y114.618 E248.07482
G1 X102.807 Y114.863 E248.08933
G1 X102.483 Y115.15 E248.10373
G1 X102.195 Y115.479 E248.11827
G1 X101.954 Y115.838 E248.13265
G1 X101.758 Y116.229 E248.1472
G1 X101.622 Y116.632 E248.16135
G1 X101.535 Y117.062 E248.17594
G1 X101.509 Y117.499 E248.1905
G1 X101.535 Y117.934 E248.20499
G1 X101.622 Y118.364 E248.21958
G1 X101.758 Y118.767 E248.23373
G1 X101.954 Y119.158 E248.24828
G1 X102.195 Y119.517 E248.26266
G1 X102.483 Y119.846 E248.2772
G1 X102.807 Y120.133 E248.2916
G1 X103.168 Y120.378 E248.30611
G1 X103.561 Y120.566 E248.3206
G1 X103.969 Y120.706 E248.33494
G1 X104.395 Y120.793 E248.34941
G1 X104.831 Y120.819 E248.36393
G0 F9000 X104.833 Y120.112
G0 X103.722 Y119.86
G0 X103.622 Y120.064
;TYPE:FILL
G1 F3000 X107.397 Y116.289 E248.5415
G0 F9000 X107.191 Y116.39
G0 X107.192 Y118.609
G0 X107.396 Y118.71
G1 F3000 X103.621 Y114.935 E248.71906
G0 F9000 X103.851 Y115.411
G1 F2700 E243.71906
G0 F9000 X104.831 Y114.407
G0 X104.977 Y113.314
G0 X104.928 Y112.997
;TYPE:WALL-INNER
G1 F2700 E248.71906
G1 F906.3 X104.738 Y113.009 E248.72954
G1 F921.7 X103.662 Y113.156 E248.78833
G1 F916 X102.584 Y113.602 E248.85187
G1 F914.6 X101.65 Y114.318 E248.91606
G1 F916 X100.932 Y115.251 E248.98018
G1 X100.488 Y116.329 E249.04368
G1 F917.4 X100.333 Y117.5 E249.10791
G1 X100.488 Y118.671 E249.17215
G1 F916 X100.932 Y119.745 E249.23544
G1 X101.65 Y120.678 E249.29956
G1 X102.583 Y121.396 E249.36368
G1 F918.8 X103.661 Y121.842 E249.42702
G1 F923.1 X104.741 Y121.987 E249.48592
G1 F909.1 X104.909 Y122 E249.49517
G0 F9000 X105.787 Y121.972
G0 X117.5 Y122.934
G1 F1500 X122.384 Y123.244 E249.65794
G1 X129.138 Y123.243 E249.88257
G1 X129.9 Y123.192 E249.90797
G1 X130.639 Y123.043 E249.93305
G1 X131.342 Y122.804 E249.95774
G1 X132.019 Y122.471 E249.98284
G1 X132.641 Y122.055 E250.00773
G1 X133.206 Y121.558 E250.03275
G1 X133.702 Y120.994 E250.05774
G1 X134.118 Y120.367 E250.08276
G1 X134.453 Y119.691 E250.10786
G1 X134.695 Y118.991 E250.13249
G1 X134.839 Y118.25 E250.1576
G1 X134.89 Y117.5 E250.1826
G1 X134.839 Y116.747 E250.2077
G1 X134.695 Y116.008 E250.23274
G1 X134.453 Y115.304 E250.2575
G1 X134.119 Y114.628 E250.28258
G1 X133.702 Y114.002 E250.3076
G1 X133.206 Y113.438 E250.33258
G1 X132.641 Y112.942 E250.35759
G1 X132.019 Y112.525 E250.38249
G1 X131.342 Y112.192 E250.40759
G1 X130.639 Y111.953 E250.43228
G1 X129.902 Y111.805 E250.45728
G1 X129.117 Y111.756 E250.48344
G1 X122.383 Y111.756 E250.70742
G1 X105.899 Y112.798 E251.25677
G1 F1282.1 X105.413 Y112.898 E251.27608
G1 F990.1 X104.927 Y112.997 E251.30107
G1 X105.48 Y113.149 E251.32997
G1 F1282.1 X106.033 Y113.301 E251.35229
G1 F1500 X107.019 Y113.707 E251.38775
G1 X107.924 Y114.404 E251.42575
G1 X108.62 Y115.309 E251.46372
G1 X109.057 Y116.369 E251.50185
G1 X109.2 Y117.499 E251.53974
G1 X109.057 Y118.627 E251.57756
G1 X108.621 Y119.687 E251.61568
G1 X107.924 Y120.592 E251.65367
G1 X107.019 Y121.288 E251.69164
G1 X106.033 Y121.696 E251.72713
G1 F1282.1 X105.471 Y121.848 E251.74979
G1 F996.7 X104.909 Y122 E251.77893
G1 X105.404 Y122.099 E251.8042
G1 F1282.1 X105.899 Y122.198 E251.82385
G1 F1500 X117.5 Y122.934 E252.21047
G0 F9000 X122.389 Y123.083
G0 X126.922 Y123.074
G0 X127.373 Y122.762
G0 X127.008 Y122.118
G0 X127.008 Y121.808
G1 F1500 X126.688 Y121.716 E252.22155
G1 X126.488 Y121.509 E252.23112
G1 X124.344 Y117.801 E252.37358
G1 X124.27 Y117.592 E252.38095
G1 X124.27 Y117.408 E252.38707
G1 X124.344 Y117.199 E252.39445
G1 X126.488 Y113.491 E252.53691
G1 X126.688 Y113.284 E252.54648
G1 X126.927 Y113.192 E252.555
G1 X131.288 Y113.191 E252.70005
G1 X131.553 Y113.253 E252.7091
G1 X131.748 Y113.388 E252.71699
G1 X133.952 Y117.199 E252.86341
G1 X134.031 Y117.459 E252.87245
G1 X134.012 Y117.698 E252.88043
G1 X131.808 Y121.509 E253.02685
G1 X131.623 Y121.708 E253.03589
G1 X131.406 Y121.808 E253.04383
G1 X127.008 Y121.808 E253.19011
G0 F9000 X127.008 Y121.408
;TYPE:WALL-OUTER
G1 F1500 X126.869 Y121.369 E253.19491
G1 X124.674 Y117.565 E253.34099
G1 X124.674 Y117.435 E253.34531
G1 X126.834 Y113.691 E253.48908
G1 X126.973 Y113.595 E253.49469
G1 X131.288 Y113.591 E253.63821
G1 X131.442 Y113.658 E253.6438
G1 X133.606 Y117.399 E253.78754
G1 X133.633 Y117.5 E253.79102
G1 X133.606 Y117.601 E253.7945
G1 X131.462 Y121.309 E253.93696
G1 X131.327 Y121.408 E253.94252
G1 X127.008 Y121.408 E254.08618
G1 F2700 E249.08618
G0 F9000 X127.008 Y122.118
G0 X127.36 Y122.432
G0 X126.922 Y123.074
G0 X117.52 Y123.028
G0 X117.5 Y123.335
G1 F2700 E254.08618
G1 F1500 X122.371 Y123.644 E254.24851
G1 X129.129 Y123.644 E254.47328
G1 X129.953 Y123.589 E254.50075
G1 X130.743 Y123.43 E254.52755
G1 X131.495 Y123.174 E254.55397
G1 X132.219 Y122.818 E254.58081
G1 X132.885 Y122.373 E254.60745
G1 X133.49 Y121.842 E254.63422
G1 X134.02 Y121.238 E254.66095
G1 X134.466 Y120.567 E254.68775
G1 X134.823 Y119.846 E254.71451
G1 X135.082 Y119.095 E254.74093
G1 X135.237 Y118.302 E254.7678
G1 X135.291 Y117.5 E254.79454
G1 X135.237 Y116.695 E254.82137
G1 X135.082 Y115.904 E254.84818
G1 X134.823 Y115.15 E254.8747
G1 X134.466 Y114.428 E254.90149
G1 X134.02 Y113.758 E254.92826
G1 X133.49 Y113.154 E254.95498
G1 X132.885 Y112.624 E254.98174
G1 X132.219 Y112.178 E255.00839
G1 X131.495 Y111.822 E255.03523
G1 X130.743 Y111.566 E255.06165
G1 X129.954 Y111.407 E255.08842
G1 X129.129 Y111.356 E255.11591
G1 X122.371 Y111.356 E255.34068
G1 X104.838 Y112.466 E255.925
G1 X103.525 Y112.644 E255.96907
G1 X102.317 Y113.14 E256.0125
G1 X101.275 Y113.943 E256.05626
G1 X100.471 Y114.985 E256.10003
G1 X99.975 Y116.192 E256.14344
G1 X99.802 Y117.5 E256.18732
G1 X99.975 Y118.808 E256.2312
G1 X100.471 Y120.011 E256.27448
G1 X101.275 Y121.053 E256.31826
G1 X102.317 Y121.857 E256.36203
G1 X103.525 Y122.353 E256.40546
G1 X104.856 Y122.532 E256.45013
G1 X117.5 Y123.335 E256.87152
G1 F2700 E251.87152
G0 F9000 X117.52 Y123.028
G0 X106.467 Y122.064
G0 X104.894 Y121.779
G0 X104.853 Y121.468
G1 F2700 E256.87152
G1 F1500 X103.805 Y121.34 E256.90663
G1 X102.844 Y120.938 E256.94128
G1 X102.022 Y120.306 E256.97577
G1 X101.39 Y119.484 E257.01025
G1 X100.995 Y118.53 E257.0446
G1 X100.858 Y117.5 E257.07916
G1 X100.989 Y116.497 E257.1128
G1 X101.39 Y115.512 E257.14817
G1 X102.022 Y114.69 E257.18266
G1 X102.845 Y114.062 E257.21709
G1 X103.802 Y113.663 E257.25158
G1 X104.853 Y113.528 E257.28682
G1 X105.831 Y113.657 E257.31963
G1 X106.817 Y114.057 E257.35502
G1 X107.639 Y114.689 E257.38951
G1 X108.271 Y115.511 E257.42399
G1 X108.671 Y116.497 E257.45938
G1 X108.803 Y117.5 E257.49303
G1 X108.671 Y118.499 E257.52655
G1 X108.271 Y119.485 E257.56194
G1 X107.639 Y120.307 E257.59642
G1 X106.817 Y120.939 E257.63091
G1 X105.858 Y121.335 E257.66542
G1 X104.853 Y121.468 E257.69914
G0 F9000 X104.894 Y121.779
G0 X106.38 Y121.965
G0 X107.146 Y122.197
;TYPE:FILL
G1 F3000 X107.373 Y121.97 E257.70981
G0 F9000 X107.359 Y122.189
G0 X110.865 Y122.411
G0 X110.879 Y122.193
G1 F3000 X111.136 Y122.45 E257.7219
G0 F9000 X112.465 Y122.535
G1 F3000 X112.692 Y122.308 E257.73258
G0 F9000 X112.678 Y122.526
G0 X116.906 Y122.795
G0 X116.92 Y122.577
G1 F3000 X117.176 Y122.833 E257.74462
G0 F9000 X117.784 Y122.873
G1 F3000 X118.011 Y122.646 E257.7553
G0 F9000 X117.997 Y122.864
G0 X122.924 Y123.144
G0 X122.924 Y122.924
G1 F3000 X123.163 Y123.163 E257.76654
G1 X123.15 Y123.164
G1 X123.39 Y122.923 E257.77785
G0 F9000 X123.39 Y123.144
G0 X126.922 Y123.074
G0 X127.36 Y122.432
G0 X125.157 Y121.183
G0 X124.99 Y121.324
G1 F3000 X125.813 Y120.501 E257.81657
G0 F9000 X125.341 Y119.684
G1 F3000 X123.51 Y117.853 E257.90269
G0 F9000 X123.51 Y117.146
G1 F3000 X125.34 Y115.316 E257.98877
G0 F9000 X125.813 Y114.5
G1 F3000 X124.989 Y113.675 E258.02755
G0 F9000 X125.154 Y113.82
G0 X126.521 Y112.948
G0 X127.545 Y112.882
G0 X127.545 Y113.112
G1 F3000 X128.821 Y111.836 E258.08757
G1 X128.807 Y111.836
G1 X130.081 Y113.111 E258.14752
G0 F9000 X130.081 Y112.882
G0 X131.778 Y112.948
G0 X132.438 Y113.961
G0 X132.238 Y114.075
G1 F3000 X132.974 Y113.339 E258.18214
G0 F9000 X132.823 Y113.511
G0 X134.07 Y116.789
G0 X133.872 Y116.902
G1 F3000 X134.788 Y117.817 E258.2252
G0 F9000 X134.787 Y117.183
G1 F3000 X133.873 Y118.097 E258.26819
G0 F9000 X134.07 Y118.211
G0 X132.437 Y121.04
G0 X132.237 Y120.924
G1 F3000 X132.971 Y121.658 E258.30272
G0 F9000 X132.824 Y121.488
G0 X131.778 Y122.052
G0 X130.083 Y122.118
G0 X130.083 Y121.888
G1 F3000 X128.807 Y123.163 E258.36271
G1 X128.819 Y123.162
G1 X127.544 Y121.888 E258.42266
G0 F9000 X127.544 Y122.118
G0 X126.922 Y123.074
G0 X122.842 Y123.082
G0 X117.483 Y122.831
G0 X117.5 Y122.572
;TYPE:SKIN
G1 F1500 X106.631 Y121.882 E258.78489
G1 X106.624 Y121.841 E258.78628
G1 X107.219 Y121.587 E258.80779
G1 X108.159 Y120.863 E258.84726
G1 X108.931 Y119.87 E258.88909
G1 X109.408 Y118.719 E258.93053
G1 X109.566 Y117.5 E258.97141
G1 X109.408 Y116.271 E259.01263
G1 X108.934 Y115.122 E259.05397
G1 X108.183 Y114.145 E259.09495
G1 X107.195 Y113.387 E259.13637
G1 X106.615 Y113.151 E259.1572
G1 X106.621 Y113.114 E259.15844
G1 X122.403 Y112.116 E259.6844
G1 X126.773 Y112.116 E259.82975
G1 X126.816 Y112.299 E259.836
G1 X126.288 Y112.565 E259.85567
G1 X125.684 Y112.969 E259.87984
G1 X125.132 Y113.449 E259.90417
G1 X124.609 Y114.048 E259.93061
G1 X124.221 Y114.628 E259.95382
G1 X123.884 Y115.311 E259.97915
G1 X123.646 Y116.003 E260.00349
G1 X123.495 Y116.748 E260.02878
G1 X123.444 Y117.486 E260.05338
G1 X123.495 Y118.252 E260.07891
G1 X123.639 Y118.968 E260.10321
G1 X123.874 Y119.661 E260.12754
G1 X124.217 Y120.364 E260.15356
G1 X124.617 Y120.96 E260.17743
G1 X125.101 Y121.516 E260.20195
G1 X125.688 Y122.031 E260.22792
G1 X126.292 Y122.435 E260.25209
G1 X126.813 Y122.69 E260.27139
G1 X126.768 Y122.88 E260.27788
G1 X122.403 Y122.883 E260.42306
G1 X117.5 Y122.572 E260.58646
G0 F9000 X117.483 Y122.831
G0 X106.467 Y122.064
G0 X106.417 Y121.757
G0 X107.211 Y121.268
G0 X107.489 Y121.631
G1 F1500 X107.6 Y121.743 E260.59171
G0 F9000 X107.809 Y121.385
G1 F1500 X108.205 Y121.781 E260.61033
G0 F9000 X108.809 Y121.82
G1 F1500 X108.129 Y121.139 E260.64234
G0 F9000 X108.419 Y120.864
G1 F1500 X109.413 Y121.858 E260.6891
G0 F9000 X110.017 Y121.896
G1 F1500 X108.664 Y120.543 E260.75274
G0 F9000 X108.91 Y120.224
G1 F1500 X110.621 Y121.935 E260.83322
G0 F9000 X111.225 Y121.973
G1 F1500 X109.139 Y119.887 E260.93134
G0 F9000 X109.305 Y119.488
G1 F1500 X111.829 Y122.011 E261.05004
G0 F9000 X112.433 Y122.049
G1 F1500 X109.471 Y119.088 E261.18934
G0 F9000 X109.616 Y118.667
G1 F1500 X113.037 Y122.088 E261.35025
G0 F9000 X113.641 Y122.127
G1 F1500 X109.679 Y118.165 E261.53661
G0 F9000 X109.743 Y117.663
G1 F1500 X114.245 Y122.165 E261.74837
G0 F9000 X114.849 Y122.203
G1 F1500 X109.709 Y117.063 E261.99014
G0 F9000 X109.627 Y116.415
G1 F1500 X115.453 Y122.241 E262.26418
G0 F9000 X116.057 Y122.279
G1 F1500 X109.326 Y115.548 E262.58078
G0 F9000 X108.9 Y115.723
G0 X107.099 Y113.566
G0 X105.536 Y113.018
G0 X109.164 Y112.692
G0 X109.192 Y113.152
G1 F1500 X118.473 Y122.433 E263.01733
G0 F9000 X117.869 Y122.395
G1 F1500 X108.66 Y113.185 E263.45052
G0 F9000 X108.128 Y113.219
G1 F1500 X117.265 Y122.356 E263.88029
G0 F9000 X116.661 Y122.318
G1 F1500 X107.595 Y113.252 E264.30673
G0 F9000 X107.567 Y112.793
G0 X109.696 Y112.659
G0 X109.724 Y113.118
G1 F1500 X119.077 Y122.472 E264.74669
G0 F9000 X119.681 Y122.51
G1 F1500 X110.256 Y113.085 E265.19001
G0 F9000 X110.788 Y113.051
G1 F1500 X120.285 Y122.548 E265.63672
G0 F9000 X120.889 Y122.586
G1 F1500 X111.321 Y113.018 E266.08677
G0 F9000 X111.852 Y112.984
G1 F1500 X121.493 Y122.624 E266.54023
G0 F9000 X122.098 Y122.663
G1 F1500 X112.385 Y112.95 E266.9971
G0 F9000 X112.916 Y112.916
G1 F1500 X122.682 Y122.682 E267.45647
G0 F9000 X123.248 Y122.682
G1 F1500 X113.448 Y112.883 E267.9174
G0 F9000 X113.981 Y112.849
G1 F1500 X123.813 Y122.682 E268.3799
G0 F9000 X124.378 Y122.681
G1 F1500 X114.512 Y112.815 E268.84396
G0 F9000 X115.045 Y112.782
G1 F1500 X124.944 Y122.681 E269.30958
G0 F9000 X125.509 Y122.68
G1 F1500 X115.577 Y112.748 E269.77675
G0 F9000 X116.109 Y112.715
G1 F1500 X124.432 Y121.038 E270.16824
G0 F9000 X124.814 Y120.784
G0 X124.122 Y119.583
G0 X123.684 Y119.724
G1 F1500 X116.641 Y112.681 E270.49952
G0 F9000 X117.173 Y112.648
G1 F1500 X123.422 Y118.896 E270.79343
G0 F9000 X123.29 Y118.199
G1 F1500 X117.705 Y112.614 E271.05613
G0 F9000 X118.237 Y112.58
G1 F1500 X123.252 Y117.595 E271.29202
G0 F9000 X123.275 Y117.052
G1 F1500 X118.769 Y112.547 E271.50395
G0 F9000 X119.301 Y112.513
G1 F1500 X123.332 Y116.544 E271.69355
G0 F9000 X123.427 Y116.073
G1 F1500 X119.833 Y112.479 E271.8626
G0 F9000 X120.365 Y112.446
G1 F1500 X123.562 Y115.642 E272.01296
G0 F9000 X123.706 Y115.22
G1 F1500 X120.898 Y112.412 E272.14504
G0 F9000 X121.429 Y112.378
G1 F1500 X123.892 Y114.841 E272.26089
G0 F9000 X124.089 Y114.472
G1 F1500 X121.962 Y112.345 E272.36094
G0 F9000 X122.498 Y112.316
G1 F1500 X124.314 Y114.132 E272.44636
G0 F9000 X124.556 Y113.808
G1 F1500 X123.064 Y112.316 E272.51653
G0 F9000 X123.63 Y112.316
G1 F1500 X124.82 Y113.506 E272.57251
G0 F9000 X125.095 Y113.216
G1 F1500 X124.196 Y112.316 E272.61482
G0 F9000 X124.761 Y112.316
G1 F1500 X125.397 Y112.952 E272.64473
G0 F9000 X125.719 Y112.708
G1 F1500 X125.327 Y112.316 E272.66317
G0 F9000 X125.893 Y112.316
G1 F1500 X126.056 Y112.479 E272.67084
G0 F9000 X126.313 Y112.864
G0 X123.893 Y117.5
G0 X125.864 Y121.836
G0 X125.61 Y122.216
G1 F1500 X126.074 Y122.68 E272.69266
G1 F2700 E267.69266
;MESH:NONMESH
G0 F300 X126.074 Y122.68 Z2
G0 F9000 X126.399 Y122.195
G0 X127.035 Y122.587
G0 X126.922 Y123.074
G0 X122.389 Y123.083
G0 X106.467 Y122.064
G0 X106.411 Y121.723
G0 X107.481 Y121.153
G0 X106.924 Y121.123
G0 X106.384 Y120.178
G0 X104.834 Y120.112
G0 X104.835 Y120.318
;TIME_ELAPSED:461.738921
;LAYER:9
;TYPE:WALL-INNER
;MESH:FT10-Input Crank.stl
G1 F2700 E272.69266
G1 F1500 X105.202 Y120.295 E272.70489
G1 X105.565 Y120.223 E272.7172
G1 X105.904 Y120.105 E272.72914
G1 X106.243 Y119.939 E272.7417
G1 X106.542 Y119.738 E272.75368
G1 X106.822 Y119.494 E272.76603
G1 X107.066 Y119.215 E272.77836
G1 X107.269 Y118.907 E272.79063
G1 X107.437 Y118.57 E272.80315
G1 X107.555 Y118.233 E272.81503
G1 X107.627 Y117.87 E272.82734
G1 X107.65 Y117.499 E272.8397
G1 X107.627 Y117.128 E272.85206
G1 X107.552 Y116.759 E272.86459
G1 X107.437 Y116.424 E272.87637
G1 X107.271 Y116.089 E272.8888
G1 X107.067 Y115.783 E272.90104
G1 X106.822 Y115.505 E272.91336
G1 X106.542 Y115.258 E272.92578
G1 X106.243 Y115.061 E272.93769
G1 X105.905 Y114.892 E272.95026
G1 X105.564 Y114.777 E272.96223
G1 X105.202 Y114.705 E272.9745
G1 X104.831 Y114.683 E272.98686
G1 X104.458 Y114.705 E272.99929
G1 X104.096 Y114.777 E273.01157
G1 X103.753 Y114.892 E273.0236
G1 X103.415 Y115.058 E273.03612
G1 X103.116 Y115.257 E273.04807
G1 X102.839 Y115.504 E273.06041
G1 X102.59 Y115.786 E273.07293
G1 X102.393 Y116.085 E273.08484
G1 X102.224 Y116.424 E273.09743
G1 X102.11 Y116.763 E273.10933
G1 X102.037 Y117.13 E273.12178
G1 X102.014 Y117.501 E273.13414
G1 X102.037 Y117.87 E273.14644
G1 X102.109 Y118.236 E273.15884
G1 X102.223 Y118.572 E273.17064
G1 X102.393 Y118.911 E273.18326
G1 X102.59 Y119.21 E273.19517
G1 X102.838 Y119.49 E273.20761
G1 X103.12 Y119.739 E273.22012
G1 X103.417 Y119.939 E273.23203
G1 X103.753 Y120.103 E273.24446
G1 X104.096 Y120.219 E273.25651
G1 X104.461 Y120.292 E273.26889
G1 X104.835 Y120.318 E273.28136
G0 F9000 X104.833 Y120.719
;TYPE:WALL-OUTER
G1 F1500 X105.254 Y120.693 E273.29539
G1 X105.671 Y120.61 E273.30953
G1 X106.058 Y120.475 E273.32316
G1 X106.443 Y120.286 E273.33742
G1 X106.786 Y120.056 E273.35116
G1 X107.106 Y119.778 E273.36526
G1 X107.384 Y119.458 E273.37936
G1 X107.617 Y119.107 E273.39337
G1 X107.807 Y118.726 E273.40753
G1 X107.942 Y118.339 E273.42116
G1 X108.025 Y117.922 E273.4353
G1 X108.051 Y117.499 E273.4494
G1 X108.025 Y117.075 E273.46353
G1 X107.938 Y116.653 E273.47786
G1 X107.807 Y116.27 E273.49132
G1 X107.618 Y115.889 E273.50547
G1 X107.385 Y115.539 E273.51945
G1 X107.106 Y115.222 E273.5335
G1 X106.786 Y114.94 E273.54768
G1 X106.443 Y114.714 E273.56135
G1 X106.059 Y114.522 E273.57563
G1 X105.668 Y114.39 E273.58935
G1 X105.254 Y114.307 E273.6034
G1 X104.831 Y114.281 E273.61749
G1 X104.406 Y114.307 E273.63165
G1 X103.992 Y114.39 E273.6457
G1 X103.601 Y114.522 E273.65942
G1 X103.216 Y114.71 E273.67367
G1 X102.871 Y114.939 E273.68744
G1 X102.555 Y115.222 E273.70155
G1 X102.272 Y115.542 E273.71576
G1 X102.046 Y115.885 E273.72942
G1 X101.854 Y116.27 E273.74373
G1 X101.722 Y116.66 E273.75743
G1 X101.639 Y117.078 E273.7716
G1 X101.613 Y117.501 E273.7857
G1 X101.639 Y117.922 E273.79973
G1 X101.722 Y118.34 E273.8139
G1 X101.853 Y118.726 E273.82746
G1 X102.046 Y119.111 E273.84178
G1 X102.272 Y119.454 E273.85544
G1 X102.554 Y119.774 E273.86963
G1 X102.875 Y120.057 E273.88386
G1 X103.217 Y120.286 E273.89755
G1 X103.601 Y120.474 E273.91177
G1 X103.992 Y120.606 E273.9255
G1 X104.407 Y120.689 E273.93958
G1 X104.833 Y120.719 E273.95378
G0 F9000 X104.833 Y120.009
G0 X103.801 Y119.783
G0 X103.698 Y119.988
;TYPE:FILL
G1 F3000 X107.319 Y116.367 E274.1241
G0 F9000 X107.115 Y116.467
G0 X107.116 Y118.532
G0 X107.318 Y118.632
G1 F3000 X103.697 Y115.01 E274.29444
G0 F9000 X103.929 Y115.486
G1 F2700 E269.29444
G0 F9000 X105.434 Y120.443
G0 X105.574 Y121.494
G0 X105.729 Y121.927
G0 X104.855 Y121.765
;TYPE:WALL-INNER
G1 F2700 E274.29444
G1 F1600 X103.723 Y121.617 E274.33004
G1 F1608.6 X102.699 Y121.193 E274.36442
G1 X101.813 Y120.515 E274.39902
G1 X101.134 Y119.628 E274.43366
G1 X100.711 Y118.61 E274.46786
G1 F1612.9 X100.566 Y117.5 E274.50248
G1 X100.711 Y116.39 E274.53711
G1 F1608.6 X101.135 Y115.367 E274.57145
G1 X101.813 Y114.481 E274.60606
G1 X102.699 Y113.803 E274.64066
G1 X103.723 Y113.379 E274.67503
G1 F1604.3 X104.859 Y113.226 E274.71068
G1 F1546.4 X105.933 Y113.357 E274.74558
G1 F1500 X106.97 Y113.787 E274.78292
G1 X107.86 Y114.468 E274.8202
G1 X108.541 Y115.358 E274.85747
G1 X108.971 Y116.394 E274.89478
G1 X109.108 Y117.499 E274.93181
G1 X108.969 Y118.606 E274.96892
G1 X108.541 Y119.638 E275.00608
G1 X107.86 Y120.528 E275.04335
G1 X106.97 Y121.209 E275.08062
G1 X105.931 Y121.64 E275.11804
G1 F1542.4 X104.855 Y121.765 E275.15307
G0 F9000 X105.729 Y121.927
G0 X106.328 Y122.037
G0 X117.5 Y122.934
G1 F1500 X122.384 Y123.244 E275.31584
G1 X129.138 Y123.243 E275.54048
G1 X129.9 Y123.192 E275.56588
G1 X130.639 Y123.043 E275.59096
G1 X131.342 Y122.804 E275.61565
G1 X132.019 Y122.471 E275.64075
G1 X132.641 Y122.055 E275.66564
G1 X133.206 Y121.558 E275.69066
G1 X133.702 Y120.994 E275.71564
G1 X134.118 Y120.367 E275.74067
G1 X134.453 Y119.691 E275.76576
G1 X134.695 Y118.991 E275.7904
G1 X134.839 Y118.25 E275.81551
G1 X134.89 Y117.5 E275.84051
G1 X134.839 Y116.747 E275.86561
G1 X134.695 Y116.008 E275.89065
G1 X134.453 Y115.304 E275.91541
G1 X134.119 Y114.628 E275.94049
G1 X133.702 Y114.002 E275.96551
G1 X133.206 Y113.438 E275.99049
G1 X132.641 Y112.942 E276.01549
G1 X132.019 Y112.525 E276.0404
G1 X131.342 Y112.192 E276.06549
G1 X130.639 Y111.953 E276.09019
G1 X129.902 Y111.805 E276.11519
G1 X129.117 Y111.756 E276.14135
G1 X122.383 Y111.756 E276.36533
G1 X105.877 Y112.8 E276.91542
G1 F1534.5 X104.888 Y112.853 E276.94762
G1 F1591.5 X103.626 Y113.019 E276.98752
G1 F1608.6 X102.512 Y113.478 E277.02489
G1 X101.55 Y114.218 E277.06253
G1 X100.81 Y115.18 E277.10017
G1 X100.351 Y116.293 E277.13751
G1 F1612.9 X100.191 Y117.5 E277.17517
G1 X100.351 Y118.707 E277.21283
G1 F1608.6 X100.809 Y119.815 E277.25002
G1 X101.55 Y120.778 E277.28771
G1 X102.512 Y121.518 E277.32535
G1 X103.626 Y121.977 E277.36272
G1 F1595.7 X104.922 Y122.146 E277.40358
G1 F1538.5 X105.877 Y122.196 E277.43459
G1 F1500 X117.5 Y122.934 E277.82195
G0 F9000 X122.389 Y123.083
G0 X126.922 Y123.074
G0 X127.373 Y122.762
G0 X127.008 Y122.118
G0 X127.008 Y121.808
G1 F1500 X126.688 Y121.716 E277.83303
G1 X126.488 Y121.509 E277.8426
G1 X124.344 Y117.801 E277.98506
G1 X124.27 Y117.592 E277.99243
G1 X124.27 Y117.408 E277.99855
G1 X124.344 Y117.199 E278.00593
G1 X126.488 Y113.491 E278.14839
G1 X126.688 Y113.284 E278.15796
G1 X126.927 Y113.192 E278.16648
G1 X131.288 Y113.191 E278.31153
G1 X131.553 Y113.253 E278.32058
G1 X131.748 Y113.388 E278.32847
G1 X133.952 Y117.199 E278.47489
G1 X134.031 Y117.459 E278.48393
G1 X134.012 Y117.698 E278.4919
G1 X131.808 Y121.509 E278.63833
G1 X131.623 Y121.708 E278.64737
G1 X131.406 Y121.808 E278.65531
G1 X127.008 Y121.808 E278.80159
G0 F9000 X127.008 Y121.408
;TYPE:WALL-OUTER
G1 F1500 X126.869 Y121.369 E278.80639
G1 X124.674 Y117.565 E278.95247
G1 X124.674 Y117.435 E278.95679
G1 X126.834 Y113.691 E279.10056
G1 X126.973 Y113.595 E279.10617
G1 X131.288 Y113.591 E279.24969
G1 X131.442 Y113.658 E279.25528
G1 X133.606 Y117.399 E279.39902
G1 X133.633 Y117.5 E279.4025
G1 X133.606 Y117.601 E279.40598
G1 X131.462 Y121.309 E279.54844
G1 X131.327 Y121.408 E279.554
G1 X127.008 Y121.408 E279.69765
G1 F2700 E274.69765
G0 F9000 X127.008 Y122.118
G0 X127.36 Y122.432
G0 X126.922 Y123.074
G0 X117.52 Y123.028
G0 X117.5 Y123.335
G1 F2700 E279.69765
G1 F1500 X122.371 Y123.644 E279.85999
G1 X129.129 Y123.644 E280.08476
G1 X129.953 Y123.589 E280.11223
G1 X130.743 Y123.43 E280.13903
G1 X131.495 Y123.174 E280.16545
G1 X132.219 Y122.818 E280.19229
G1 X132.885 Y122.373 E280.21893
G1 X133.49 Y121.842 E280.2457
G1 X134.02 Y121.238 E280.27243
G1 X134.466 Y120.567 E280.29923
G1 X134.823 Y119.846 E280.32599
G1 X135.082 Y119.095 E280.35241
G1 X135.237 Y118.302 E280.37928
G1 X135.291 Y117.5 E280.40602
G1 X135.237 Y116.695 E280.43285
G1 X135.082 Y115.904 E280.45966
G1 X134.823 Y115.15 E280.48618
G1 X134.466 Y114.428 E280.51297
G1 X134.02 Y113.758 E280.53974
G1 X133.49 Y113.154 E280.56646
G1 X132.885 Y112.624 E280.59321
G1 X132.219 Y112.178 E280.61987
G1 X131.495 Y111.822 E280.64671
G1 X130.743 Y111.566 E280.67313
G1 X129.954 Y111.407 E280.6999
G1 X129.129 Y111.356 E280.72739
G1 X122.371 Y111.356 E280.95216
G1 X104.856 Y112.463 E281.53588
G1 X103.525 Y112.643 E281.58055
G1 X102.317 Y113.139 E281.62398
G1 X101.275 Y113.943 E281.66776
G1 X100.471 Y114.985 E281.71153
G1 X99.975 Y116.193 E281.75496
G1 X99.802 Y117.5 E281.79881
G1 X99.975 Y118.807 E281.84266
G1 X100.471 Y120.01 E281.88594
G1 X101.275 Y121.053 E281.92974
G1 X102.317 Y121.857 E281.97352
G1 X103.525 Y122.353 E282.01695
G1 X104.856 Y122.532 E282.06162
G1 X117.5 Y123.335 E282.48301
G1 F2700 E277.48301
G0 F9000 X117.52 Y123.028
G0 X105.314 Y121.942
G0 X104.853 Y121.376
G1 F2700 E282.48301
G1 F1500 X103.829 Y121.248 E282.51733
G1 X102.892 Y120.858 E282.55109
G1 X102.086 Y120.242 E282.58483
G1 X101.47 Y119.436 E282.61857
G1 X101.083 Y118.506 E282.65207
G1 X100.95 Y117.5 E282.68582
G1 X101.08 Y116.497 E282.71946
G1 X101.47 Y115.56 E282.75322
G1 X102.086 Y114.754 E282.78696
G1 X102.892 Y114.138 E282.8207
G1 X103.826 Y113.751 E282.85433
G1 X104.806 Y113.621 E282.88721
G1 X105.807 Y113.745 E282.92075
G1 X106.769 Y114.137 E282.9553
G1 X107.575 Y114.753 E282.98905
G1 X108.191 Y115.559 E283.02279
G1 X108.58 Y116.497 E283.05656
G1 X108.71 Y117.5 E283.0902
G1 X108.58 Y118.499 E283.12371
G1 X108.191 Y119.437 E283.15748
G1 X107.575 Y120.243 E283.19122
G1 X106.769 Y120.859 E283.22496
G1 X105.807 Y121.251 E283.25951
G1 X104.853 Y121.376 E283.29151
G0 F9000 X104.868 Y121.839
;TYPE:FILL
G1 F3000 X105.113 Y122.083 E283.30301
G0 F9000 X105.729 Y121.927
G0 X106.42 Y121.959
G0 X107.146 Y122.197
G1 F3000 X107.374 Y121.969 E283.31374
G0 F9000 X107.36 Y122.188
G0 X110.865 Y122.411
G0 X110.879 Y122.192
G1 F3000 X111.135 Y122.449 E283.3258
G0 F9000 X112.466 Y122.534
G1 F3000 X112.693 Y122.307 E283.33648
G0 F9000 X112.679 Y122.526
G0 X116.906 Y122.794
G0 X116.92 Y122.577
G1 F3000 X117.175 Y122.832 E283.34848
G0 F9000 X117.786 Y122.871
G1 F3000 X118.011 Y122.646 E283.35906
G0 F9000 X117.997 Y122.864
G0 X122.924 Y123.144
G0 X122.924 Y122.924
G1 F3000 X123.163 Y123.163 E283.3703
G1 X123.15 Y123.164
G1 X123.39 Y122.923 E283.38161
G0 F9000 X123.39 Y123.144
G0 X126.922 Y123.074
G0 X127.36 Y122.432
G0 X125.157 Y121.183
G0 X124.99 Y121.324
G1 F3000 X125.813 Y120.501 E283.42032
G0 F9000 X125.341 Y119.684
G1 F3000 X123.51 Y117.853 E283.50645
G0 F9000 X123.51 Y117.146
G1 F3000 X125.34 Y115.316 E283.59253
G0 F9000 X125.813 Y114.5
G1 F3000 X124.989 Y113.675 E283.63131
G0 F9000 X125.154 Y113.82
G0 X126.521 Y112.948
G0 X127.545 Y112.882
G0 X127.545 Y113.112
G1 F3000 X128.821 Y111.836 E283.69133
G1 X128.807 Y111.836
G1 X130.081 Y113.111 E283.75128
G0 F9000 X130.081 Y112.882
G0 X131.778 Y112.948
G0 X132.438 Y113.961
G0 X132.238 Y114.075
G1 F3000 X132.974 Y113.339 E283.7859
G0 F9000 X132.823 Y113.511
G0 X134.07 Y116.789
G0 X133.872 Y116.902
G1 F3000 X134.788 Y117.817 E283.82896
G0 F9000 X134.787 Y117.183
G1 F3000 X133.873 Y118.097 E283.87195
G0 F9000 X134.07 Y118.211
G0 X132.437 Y121.04
G0 X132.237 Y120.924
G1 F3000 X132.971 Y121.658 E283.90647
G0 F9000 X132.824 Y121.488
G0 X131.778 Y122.052
G0 X130.083 Y122.118
G0 X130.083 Y121.888
G1 F3000 X128.807 Y123.163 E283.96647
G1 X128.819 Y123.162
G1 X127.544 Y121.888 E284.02642
G0 F9000 X127.544 Y122.118
G0 X126.922 Y123.074
G0 X122.842 Y123.082
G0 X117.483 Y122.831
G0 X117.5 Y122.571
;TYPE:SKIN
G1 F1500 X106.631 Y121.878 E284.38866
G1 X106.608 Y121.744 E284.39318
G1 X107.153 Y121.519 E284.41279
G1 X108.115 Y120.783 E284.45308
G1 X108.851 Y119.821 E284.49336
G1 X109.32 Y118.695 E284.53393
G1 X109.474 Y117.496 E284.57414
G1 X109.32 Y116.297 E284.61435
G1 X108.851 Y115.171 E284.65492
G1 X108.115 Y114.209 E284.6952
G1 X107.153 Y113.473 E284.73549
G1 X106.602 Y113.245 E284.75532
G1 X106.623 Y113.113 E284.75977
G1 X122.403 Y112.116 E285.28566
G1 X126.773 Y112.116 E285.43101
G1 X126.816 Y112.299 E285.43726
G1 X126.288 Y112.565 E285.45692
G1 X125.684 Y112.969 E285.48109
G1 X125.132 Y113.449 E285.50542
G1 X124.609 Y114.048 E285.53187
G1 X124.221 Y114.628 E285.55508
G1 X123.884 Y115.311 E285.58041
G1 X123.646 Y116.003 E285.60475
G1 X123.495 Y116.748 E285.63003
G1 X123.444 Y117.486 E285.65464
G1 X123.495 Y118.252 E285.68017
G1 X123.639 Y118.968 E285.70446
G1 X123.874 Y119.661 E285.7288
G1 X124.217 Y120.364 E285.75482
G1 X124.617 Y120.96 E285.77869
G1 X125.101 Y121.516 E285.80321
G1 X125.688 Y122.031 E285.82918
G1 X126.292 Y122.435 E285.85335
G1 X126.813 Y122.69 E285.87264
G1 X126.768 Y122.88 E285.87914
G1 X122.403 Y122.883 E286.02432
G1 X117.5 Y122.571 E286.18772
G0 F9000 X117.483 Y122.831
G0 X122.389 Y123.083
G0 X126.922 Y123.074
G0 X127.36 Y122.432
G0 X126.17 Y122.041
G0 X125.915 Y122.421
G1 F1500 X125.655 Y122.681 E286.19995
G0 F9000 X125.577 Y122.193
G1 F1500 X125.089 Y122.682 E286.22293
G0 F9000 X124.523 Y122.682
G1 F1500 X125.272 Y121.932 E286.25818
G0 F9000 X124.972 Y121.667
G1 F1500 X123.957 Y122.682 E286.30592
G0 F9000 X123.391 Y122.682
G1 F1500 X124.705 Y121.368 E286.36773
G0 F9000 X124.447 Y121.061
G1 F1500 X122.824 Y122.683 E286.44405
G0 F9000 X122.267 Y122.675
G1 F1500 X124.22 Y120.722 E286.53591
G0 F9000 X123.999 Y120.377
G1 F1500 X121.736 Y122.641 E286.64238
G0 F9000 X121.204 Y122.607
G1 F1500 X123.814 Y119.996 E286.76517
G0 F9000 X123.643 Y119.602
G1 F1500 X120.672 Y122.573 E286.90492
G0 F9000 X120.14 Y122.539
G1 F1500 X123.5 Y119.179 E287.06296
G0 F9000 X123.387 Y118.726
G1 F1500 X119.609 Y122.505 E287.24069
G0 F9000 X119.077 Y122.471
G1 F1500 X123.294 Y118.254 E287.43904
G0 F9000 X123.259 Y117.723
G1 F1500 X118.545 Y122.437 E287.66078
G0 F9000 X118.013 Y122.403
G1 F1500 X123.267 Y117.149 E287.90791
G0 F9000 X123.338 Y116.513
G1 F1500 X117.482 Y122.369 E288.18336
G0 F9000 X116.95 Y122.335
G1 F1500 X123.52 Y115.765 E288.49239
G0 F9000 X123.953 Y115.913
G0 X124.317 Y115.021
G0 X123.903 Y114.816
G1 F1500 X116.418 Y122.301 E288.84446
G0 F9000 X115.886 Y122.267
G1 F1500 X125.837 Y112.316 E289.31252
G0 F9000 X125.272 Y112.316
G1 F1500 X115.355 Y122.233 E289.77899
G0 F9000 X114.822 Y122.2
G1 F1500 X124.706 Y112.316 E290.2439
G0 F9000 X124.14 Y112.316
G1 F1500 X114.29 Y122.166 E290.70722
G0 F9000 X113.759 Y122.132
G1 F1500 X123.575 Y112.316 E291.16893
G0 F9000 X123.009 Y112.316
G1 F1500 X113.227 Y122.098 E291.62905
G0 F9000 X112.695 Y122.064
G1 F1500 X122.443 Y112.316 E292.08756
G0 F9000 X121.842 Y112.351
G1 F1500 X112.163 Y122.03 E292.54283
G0 F9000 X111.632 Y121.996
G1 F1500 X121.238 Y112.39 E292.99467
G0 F9000 X120.635 Y112.428
G1 F1500 X111.1 Y121.962 E293.44314
G0 F9000 X110.568 Y121.929
G1 F1500 X120.031 Y112.466 E293.88825
G0 F9000 X119.427 Y112.504
G1 F1500 X110.036 Y121.895 E294.32998
G0 F9000 X109.505 Y121.861
G1 F1500 X118.823 Y112.542 E294.76829
G0 F9000 X118.218 Y112.581
G1 F1500 X108.973 Y121.827 E295.20317
G0 F9000 X108.441 Y121.793
G1 F1500 X117.614 Y112.619 E295.63467
G0 F9000 X117.011 Y112.658
G1 F1500 X107.909 Y121.759 E296.06277
G0 F9000 X107.378 Y121.725
G1 F1500 X107.912 Y121.19 E296.08791
G0 F9000 X108.525 Y120.577
G1 F1500 X116.407 Y112.696 E296.45863
G0 F9000 X115.803 Y112.734
G1 F1500 X109.319 Y119.217 E296.7636
G0 F9000 X109.556 Y118.415
G1 F1500 X115.199 Y112.772 E297.02903
G0 F9000 X114.595 Y112.81
G1 F1500 X109.638 Y117.767 E297.26219
G0 F9000 X109.635 Y117.204
G1 F1500 X113.991 Y112.849 E297.46706
G0 F9000 X113.387 Y112.887
G1 F1500 X109.573 Y116.702 E297.64648
G0 F9000 X109.5 Y116.208
G1 F1500 X112.784 Y112.925 E297.80093
G0 F9000 X112.18 Y112.963
G1 F1500 X109.334 Y115.809 E297.93479
G0 F9000 X109.168 Y115.409
G1 F1500 X111.576 Y113.001 E298.04806
G0 F9000 X110.972 Y113.04
G1 F1500 X108.989 Y115.022 E298.14131
G0 F9000 X108.745 Y114.701
G1 F1500 X110.368 Y113.078 E298.21765
G0 F9000 X109.764 Y113.116
G1 F1500 X108.499 Y114.381 E298.27715
G0 F9000 X108.252 Y114.062
G1 F1500 X109.16 Y113.154 E298.31986
G0 F9000 X108.556 Y113.192
G1 F1500 X107.931 Y113.817 E298.34926
G0 F9000 X107.611 Y113.572
G1 F1500 X107.953 Y113.23 E298.36535
G0 F9000 X107.349 Y113.269
G1 F1500 X107.29 Y113.327 E298.3681
G1 F2700 E293.3681
;MESH:NONMESH
G0 F300 X107.29 Y113.327 Z2.2
G0 F9000 X107.023 Y113.699
G0 X107.725 Y114.607
G0 X106.946 Y115.387
G0 X104.834 Y120.009
G0 X104.832 Y120.214
;TIME_ELAPSED:504.694342
;LAYER:10
;TYPE:WALL-INNER
;MESH:FT10-Input Crank.stl
G1 F2700 E298.3681
G1 F1500 X105.19 Y120.191 E298.38003
G1 X105.538 Y120.123 E298.39182
G1 X105.864 Y120.009 E298.40331
G1 X106.188 Y119.85 E298.41531
G1 X106.482 Y119.654 E298.42707
G1 X106.752 Y119.417 E298.43902
G1 X106.986 Y119.153 E298.45075
G1 X107.181 Y118.857 E298.46254
G1 X107.341 Y118.532 E298.47459
G1 X107.455 Y118.206 E298.48607
G1 X107.523 Y117.858 E298.49787
G1 X107.546 Y117.499 E298.50983
G1 X107.523 Y117.138 E298.52186
G1 X107.455 Y116.79 E298.53366
G1 X107.341 Y116.464 E298.54514
G1 X107.182 Y116.14 E298.55715
G1 X106.986 Y115.846 E298.5689
G1 X106.752 Y115.579 E298.58071
G1 X106.48 Y115.346 E298.59262
G1 X106.186 Y115.145 E298.60447
G1 X105.866 Y114.988 E298.61632
G1 X105.538 Y114.877 E298.62784
G1 X105.184 Y114.805 E298.63985
G1 X104.831 Y114.782 E298.65162
G1 X104.47 Y114.805 E298.66365
G1 X104.122 Y114.873 E298.67544
G1 X103.796 Y114.987 E298.68693
G1 X103.471 Y115.147 E298.69898
G1 X103.175 Y115.342 E298.71077
G1 X102.911 Y115.576 E298.7225
G1 X102.674 Y115.846 E298.73445
G1 X102.478 Y116.14 E298.7462
G1 X102.321 Y116.461 E298.75809
G1 X102.209 Y116.793 E298.76974
G1 X102.136 Y117.144 E298.78167
G1 X102.114 Y117.5 E298.79353
G1 X102.136 Y117.856 E298.80539
G1 X102.209 Y118.206 E298.81728
G1 X102.32 Y118.534 E298.8288
G1 X102.478 Y118.856 E298.84073
G1 X102.674 Y119.15 E298.85248
G1 X102.91 Y119.418 E298.86436
G1 X103.179 Y119.654 E298.87626
G1 X103.472 Y119.85 E298.88799
G1 X103.796 Y120.009 E298.89999
G1 X104.122 Y120.123 E298.91148
G1 X104.473 Y120.191 E298.92337
G1 X104.832 Y120.214 E298.93533
G0 F9000 X104.832 Y120.615
;TYPE:WALL-OUTER
G1 F1500 X105.242 Y120.589 E298.949
G1 X105.643 Y120.51 E298.96259
G1 X106.018 Y120.379 E298.9758
G1 X106.388 Y120.198 E298.9895
G1 X106.726 Y119.972 E299.00303
G1 X107.034 Y119.701 E299.01667
G1 X107.304 Y119.397 E299.03019
G1 X107.529 Y119.056 E299.04378
G1 X107.711 Y118.686 E299.0575
G1 X107.842 Y118.311 E299.07071
G1 X107.921 Y117.91 E299.0843
G1 X107.947 Y117.499 E299.098
G1 X107.921 Y117.086 E299.11176
G1 X107.842 Y116.685 E299.12536
G1 X107.711 Y116.31 E299.13857
G1 X107.53 Y115.94 E299.15227
G1 X107.304 Y115.602 E299.16579
G1 X107.034 Y115.295 E299.17939
G1 X106.725 Y115.028 E299.19297
G1 X106.387 Y114.798 E299.20657
G1 X106.019 Y114.618 E299.2202
G1 X105.643 Y114.49 E299.23341
G1 X105.237 Y114.407 E299.24719
G1 X104.831 Y114.381 E299.26072
G1 X104.418 Y114.407 E299.27448
G1 X104.017 Y114.486 E299.28808
G1 X103.642 Y114.617 E299.30129
G1 X103.272 Y114.799 E299.315
G1 X102.931 Y115.024 E299.32859
G1 X102.627 Y115.294 E299.34212
G1 X102.356 Y115.602 E299.35576
G1 X102.13 Y115.94 E299.36928
G1 X101.95 Y116.309 E299.38294
G1 X101.822 Y116.689 E299.39628
G1 X101.739 Y117.091 E299.40993
G1 X101.713 Y117.5 E299.42356
G1 X101.739 Y117.909 E299.43719
G1 X101.822 Y118.311 E299.45084
G1 X101.95 Y118.687 E299.46405
G1 X102.13 Y119.056 E299.47771
G1 X102.356 Y119.394 E299.49123
G1 X102.626 Y119.702 E299.50486
G1 X102.935 Y119.972 E299.5185
G1 X103.272 Y120.198 E299.532
G1 X103.642 Y120.379 E299.5457
G1 X104.017 Y120.51 E299.55891
G1 X104.422 Y120.589 E299.57263
G1 X104.832 Y120.615 E299.5863
G0 F9000 X104.834 Y119.907
G0 X103.878 Y119.706
G0 X103.776 Y119.91
;TYPE:FILL
G1 F3000 X107.241 Y116.445 E299.74928
G0 F9000 X107.038 Y116.544
G0 X107.04 Y118.454
G0 X107.241 Y118.554
G1 F3000 X103.774 Y115.088 E299.91234
G0 F9000 X104.007 Y115.565
G1 F2700 E294.91234
G0 F9000 X104.833 Y120.388
G0 X104.978 Y121.481
G0 X105.003 Y121.912
G0 X104.856 Y121.701
;TYPE:WALL-INNER
G1 F2700 E299.91234
G1 F1428.6 X103.74 Y121.551 E299.95166
G1 X102.734 Y121.131 E299.98973
G1 X101.863 Y120.466 E300.028
G1 X101.194 Y119.595 E300.06636
G1 F1432 X100.777 Y118.592 E300.1042
G1 F1435.4 X100.635 Y117.5 E300.14248
G1 X100.778 Y116.408 E300.18075
G1 F1432 X101.195 Y115.403 E300.21866
G1 F1428.6 X101.863 Y114.53 E300.25705
G1 X102.734 Y113.865 E300.29532
G1 X103.741 Y113.448 E300.33339
G1 F1421.8 X104.857 Y113.294 E300.37292
G1 F1435.4 X105.923 Y113.45 E300.41036
G1 F1467 X106.931 Y113.873 E300.44754
G1 F1485.1 X107.794 Y114.537 E300.48412
G1 F1492.5 X108.458 Y115.407 E300.5207
G1 F1500 X108.881 Y116.414 E300.55703
G1 X109.022 Y117.496 E300.59332
G1 X108.882 Y118.58 E300.62967
G1 X108.456 Y119.595 E300.66629
G1 X107.79 Y120.463 E300.70267
G1 F1492.5 X106.93 Y121.123 E300.73891
G1 F1470.6 X105.922 Y121.546 E300.776
G1 F1442.3 X104.856 Y121.701 E300.81326
G0 F9000 X105.003 Y121.912
G0 X105.418 Y121.955
G0 X117.5 Y122.934
G1 F1500 X122.384 Y123.244 E300.97603
G1 X129.138 Y123.243 E301.20067
G1 X129.9 Y123.192 E301.22607
G1 X130.639 Y123.043 E301.25114
G1 X131.342 Y122.804 E301.27584
G1 X132.019 Y122.471 E301.30093
G1 X132.641 Y122.055 E301.32582
G1 X133.206 Y121.558 E301.35085
G1 X133.702 Y120.994 E301.37583
G1 X134.118 Y120.367 E301.40085
G1 X134.453 Y119.691 E301.42595
G1 X134.695 Y118.991 E301.45058
G1 X134.839 Y118.25 E301.47569
G1 X134.89 Y117.5 E301.50069
G1 X134.839 Y116.747 E301.52579
G1 X134.695 Y116.008 E301.55083
G1 X134.453 Y115.304 E301.57559
G1 X134.119 Y114.628 E301.60067
G1 X133.702 Y114.002 E301.62569
G1 X133.206 Y113.438 E301.65067
G1 X132.641 Y112.942 E301.67568
G1 X132.019 Y112.525 E301.70058
G1 X131.342 Y112.192 E301.72568
G1 X130.639 Y111.953 E301.75037
G1 X129.902 Y111.805 E301.77538
G1 X129.117 Y111.756 E301.80154
G1 X122.383 Y111.756 E302.02551
G1 X105.855 Y112.801 E302.57633
G1 F1470.6 X104.697 Y112.897 E302.61575
G1 F1435.4 X103.632 Y113.042 E302.65311
G1 F1428.6 X102.524 Y113.498 E302.69495
G1 X101.566 Y114.234 E302.73714
G1 X100.829 Y115.192 E302.77935
G1 F1432 X100.374 Y116.298 E302.82102
G1 F1435.4 X100.215 Y117.5 E302.86316
G1 X100.373 Y118.701 E302.90526
G1 F1432 X100.829 Y119.804 E302.94685
G1 F1428.6 X101.566 Y120.762 E302.98906
G1 X102.524 Y121.498 E303.03125
G1 X103.631 Y121.955 E303.07307
G1 F1421.8 X104.925 Y122.124 E303.11886
G1 F1456.3 X105.854 Y122.195 E303.15078
G1 F1500 X117.5 Y122.934 E303.53891
G0 F9000 X122.389 Y123.083
G0 X126.922 Y123.074
G0 X127.373 Y122.762
G0 X127.008 Y122.118
G0 X127.008 Y121.808
G1 F1500 X126.688 Y121.716 E303.54998
G1 X126.488 Y121.509 E303.55956
G1 X124.344 Y117.801 E303.70202
G1 X124.27 Y117.592 E303.70939
G1 X124.27 Y117.408 E303.71551
G1 X124.344 Y117.199 E303.72289
G1 X126.488 Y113.491 E303.86535
G1 X126.688 Y113.284 E303.87492
G1 X126.927 Y113.192 E303.88344
G1 X131.288 Y113.191 E304.02849
G1 X131.553 Y113.253 E304.03754
G1 X131.748 Y113.388 E304.04543
G1 X133.952 Y117.199 E304.19185
G1 X134.031 Y117.459 E304.20089
G1 X134.012 Y117.698 E304.20886
G1 X131.808 Y121.509 E304.35529
G1 X131.623 Y121.708 E304.36433
G1 X131.406 Y121.808 E304.37227
G1 X127.008 Y121.808 E304.51855
G0 F9000 X127.008 Y121.408
;TYPE:WALL-OUTER
G1 F1500 X126.869 Y121.369 E304.52335
G1 X124.674 Y117.565 E304.66943
G1 X124.674 Y117.435 E304.67375
G1 X126.834 Y113.691 E304.81751
G1 X126.973 Y113.595 E304.82313
G1 X131.288 Y113.591 E304.96665
G1 X131.442 Y113.658 E304.97224
G1 X133.606 Y117.399 E305.11598
G1 X133.633 Y117.5 E305.11946
G1 X133.606 Y117.601 E305.12293
G1 X131.462 Y121.309 E305.26539
G1 X131.327 Y121.408 E305.27096
G1 X127.008 Y121.408 E305.41461
G1 F2700 E300.41461
G0 F9000 X127.008 Y122.118
G0 X127.36 Y122.432
G0 X126.922 Y123.074
G0 X117.52 Y123.028
G0 X117.5 Y123.335
G1 F2700 E305.41461
G1 F1500 X122.371 Y123.644 E305.57695
G1 X129.129 Y123.644 E305.80172
G1 X129.953 Y123.589 E305.82919
G1 X130.743 Y123.43 E305.85599
G1 X131.495 Y123.174 E305.88241
G1 X132.219 Y122.818 E305.90925
G1 X132.885 Y122.373 E305.93589
G1 X133.49 Y121.842 E305.96266
G1 X134.02 Y121.238 E305.98939
G1 X134.466 Y120.567 E306.01618
G1 X134.823 Y119.846 E306.04294
G1 X135.082 Y119.095 E306.06937
G1 X135.237 Y118.302 E306.09624
G1 X135.291 Y117.5 E306.12298
G1 X135.237 Y116.695 E306.14981
G1 X135.082 Y115.904 E306.17662
G1 X134.823 Y115.15 E306.20314
G1 X134.466 Y114.428 E306.22992
G1 X134.02 Y113.758 E306.25669
G1 X133.49 Y113.154 E306.28342
G1 X132.885 Y112.624 E306.31017
G1 X132.219 Y112.178 E306.33683
G1 X131.495 Y111.822 E306.36367
G1 X130.743 Y111.566 E306.39009
G1 X129.954 Y111.407 E306.41686
G1 X129.129 Y111.356 E306.44435
G1 X122.371 Y111.356 E306.66912
G1 X104.836 Y112.466 E307.2535
G1 X103.525 Y112.643 E307.2975
G1 X102.317 Y113.139 E307.34094
G1 X101.275 Y113.943 E307.38471
G1 X100.471 Y114.985 E307.42849
G1 X99.976 Y116.192 E307.47188
G1 X99.802 Y117.5 E307.51576
G1 X99.975 Y118.807 E307.55961
G1 X100.471 Y120.011 E307.60292
G1 X101.275 Y121.053 E307.6467
G1 X102.317 Y121.857 E307.69047
G1 X103.525 Y122.353 E307.73391
G1 X104.856 Y122.532 E307.77857
G1 X117.5 Y123.335 E308.19996
G1 F2700 E303.19996
G0 F9000 X117.52 Y123.028
G0 X105.003 Y121.912
G0 X104.853 Y121.284
G1 F2700 E308.19996
G1 F1500 X103.851 Y121.16 E308.23354
G1 X102.914 Y120.76 E308.26743
G1 X102.174 Y120.196 E308.29838
G1 X101.55 Y119.392 E308.33223
G1 X101.171 Y118.482 E308.36501
G1 X101.042 Y117.5 E308.39795
G1 X101.168 Y116.521 E308.43078
G1 X101.55 Y115.608 E308.4637
G1 X102.154 Y114.819 E308.49675
G1 X102.914 Y114.236 E308.52861
G1 X103.85 Y113.843 E308.56237
G1 X104.853 Y113.712 E308.59602
G1 X105.809 Y113.837 E308.62808
G1 X106.702 Y114.211 E308.66028
G1 X107.507 Y114.821 E308.69388
G1 X108.117 Y115.63 E308.72758
G1 X108.491 Y116.519 E308.75966
G1 X108.618 Y117.5 E308.79256
G1 X108.492 Y118.477 E308.82532
G1 X108.117 Y119.37 E308.85753
G1 X107.507 Y120.175 E308.89113
G1 X106.702 Y120.785 E308.92472
G1 X105.809 Y121.159 E308.95692
G1 X104.853 Y121.284 E308.98899
G0 F9000 X104.83 Y121.801
;TYPE:FILL
G1 F3000 X105.074 Y122.045 E309.00047
G0 F9000 X105.087 Y121.838
G0 X108.621 Y119.892
G0 X108.438 Y119.751
G1 F3000 X108.636 Y119.95 E309.0098
G0 F9000 X108.461 Y119.816
G0 X108.622 Y115.108
G0 X108.438 Y115.248
G1 F3000 X108.633 Y115.053 E309.01898
G0 F9000 X108.459 Y115.185
G0 X105.092 Y113.163
G0 X105.079 Y112.95
G1 F3000 X104.834 Y113.195 E309.0305
G0 F9000 X104.881 Y113.189
G0 X106.46 Y112.933
G0 X122.389 Y111.917
G0 X126.925 Y111.925
G0 X127.387 Y112.276
G0 X123.728 Y117.16
G0 X123.51 Y117.146
G1 F3000 X125.34 Y115.316 E309.11658
G0 F9000 X125.813 Y114.5
G1 F3000 X124.989 Y113.675 E309.15536
G0 F9000 X125.154 Y113.82
G0 X126.521 Y112.948
G0 X127.545 Y112.882
G0 X127.545 Y113.112
G1 F3000 X128.821 Y111.836 E309.21538
G1 X128.807 Y111.836
G1 X130.081 Y113.111 E309.27533
G0 F9000 X130.081 Y112.882
G0 X131.778 Y112.948
G0 X132.438 Y113.961
G0 X132.238 Y114.075
G1 F3000 X132.974 Y113.339 E309.30995
G0 F9000 X132.823 Y113.511
G0 X134.07 Y116.789
G0 X133.872 Y116.902
G1 F3000 X134.788 Y117.817 E309.35301
G0 F9000 X134.787 Y117.183
G1 F3000 X133.873 Y118.097 E309.396
G0 F9000 X134.07 Y118.211
G0 X132.437 Y121.04
G0 X132.237 Y120.924
G1 F3000 X132.971 Y121.658 E309.43052
G0 F9000 X132.824 Y121.488
G0 X131.778 Y122.052
G0 X130.083 Y122.118
G0 X130.083 Y121.888
G1 F3000 X128.807 Y123.163 E309.49052
G1 X128.819 Y123.162
G1 X127.544 Y121.888 E309.55047
G0 F9000 X127.544 Y122.118
G0 X126.521 Y122.052
G0 X125.616 Y120.613
G0 X125.813 Y120.501
G1 F3000 X124.99 Y121.324 E309.58918
G0 F9000 X125.155 Y121.181
G0 X125.144 Y119.796
G0 X125.341 Y119.684
G1 F3000 X123.51 Y117.853 E309.6753
G0 F9000 X123.729 Y117.842
G0 X127.36 Y122.432
G0 X126.922 Y123.074
G0 X122.842 Y123.082
G0 X117.483 Y122.831
G0 X117.5 Y122.572
;TYPE:SKIN
G1 F1500 X106.632 Y121.882 E310.0375
G1 X106.6 Y121.689 E310.04401
G1 X107.121 Y121.471 E310.06279
G1 X108.079 Y120.739 E310.1029
G1 X108.803 Y119.793 E310.14252
G1 X109.26 Y118.687 E310.18232
G1 X109.414 Y117.5 E310.22213
G1 X109.26 Y116.309 E310.26207
G1 X108.807 Y115.211 E310.30158
G1 X108.071 Y114.253 E310.34176
G1 X107.146 Y113.544 E310.38052
G1 X106.591 Y113.305 E310.40062
G1 X106.623 Y113.113 E310.40709
G1 X122.403 Y112.116 E310.93299
G1 X126.773 Y112.117 E311.07833
G1 X126.816 Y112.299 E311.08455
G1 X126.306 Y112.552 E311.10349
G1 X125.684 Y112.965 E311.12832
G1 X125.131 Y113.449 E311.15276
G1 X124.633 Y114.016 E311.17786
G1 X124.217 Y114.637 E311.20272
G1 X123.884 Y115.311 E311.22773
G1 X123.646 Y116.003 E311.25207
G1 X123.495 Y116.748 E311.27735
G1 X123.444 Y117.486 E311.30195
G1 X123.495 Y118.252 E311.32749
G1 X123.639 Y118.968 E311.35178
G1 X123.874 Y119.661 E311.37612
G1 X124.217 Y120.364 E311.40213
G1 X124.617 Y120.96 E311.42601
G1 X125.101 Y121.516 E311.45053
G1 X125.688 Y122.031 E311.4765
G1 X126.292 Y122.435 E311.50067
G1 X126.813 Y122.69 E311.51996
G1 X126.768 Y122.88 E311.52645
G1 X122.403 Y122.883 E311.67163
G1 X117.5 Y122.572 E311.83504
G0 F9000 X117.483 Y122.831
G0 X106.468 Y122.064
G0 X106.387 Y121.573
G0 X107.104 Y121.16
G0 X107.381 Y121.523
G1 F1500 X107.6 Y121.743 E311.84536
G0 F9000 X107.702 Y121.279
G1 F1500 X108.205 Y121.781 E311.869
G0 F9000 X108.809 Y121.82
G1 F1500 X108.023 Y121.034 E311.90597
G0 F9000 X108.315 Y120.76
G1 F1500 X109.413 Y121.858 E311.95761
G0 F9000 X110.017 Y121.896
G1 F1500 X108.56 Y120.439 E312.02615
G0 F9000 X108.805 Y120.119
G1 F1500 X110.62 Y121.934 E312.11152
G0 F9000 X111.225 Y121.973
G1 F1500 X109.027 Y119.775 E312.21491
G0 F9000 X109.191 Y119.374
G1 F1500 X111.829 Y122.011 E312.33897
G0 F9000 X112.433 Y122.049
G1 F1500 X109.357 Y118.974 E312.48363
G0 F9000 X109.481 Y118.532
G1 F1500 X113.037 Y122.088 E312.65089
G0 F9000 X113.641 Y122.127
G1 F1500 X109.544 Y118.03 E312.8436
G0 F9000 X109.608 Y117.528
G1 F1500 X114.245 Y122.165 E313.06171
G0 F9000 X114.849 Y122.203
G1 F1500 X109.534 Y116.888 E313.31171
G0 F9000 X109.444 Y116.232
G1 F1500 X115.453 Y122.241 E313.59436
G0 F9000 X116.057 Y122.279
G1 F1500 X109.047 Y115.27 E313.92406
G0 F9000 X108.622 Y115.445
G0 X106.378 Y113.424
G0 X106.46 Y112.933
G0 X108.632 Y112.726
G0 X108.66 Y113.185
G1 F1500 X117.869 Y122.395 E314.35725
G0 F9000 X118.473 Y122.433
G1 F1500 X109.191 Y113.151 E314.79385
G0 F9000 X109.724 Y113.118
G1 F1500 X119.077 Y122.471 E315.23378
G0 F9000 X119.681 Y122.51
G1 F1500 X110.256 Y113.084 E315.67713
G0 F9000 X110.788 Y113.051
G1 F1500 X120.285 Y122.548 E316.12384
G0 F9000 X120.889 Y122.586
G1 F1500 X111.32 Y113.017 E316.57394
G0 F9000 X111.852 Y112.984
G1 F1500 X121.493 Y122.624 E317.0274
G0 F9000 X122.098 Y122.663
G1 F1500 X112.384 Y112.95 E317.48429
G0 F9000 X112.916 Y112.916
G1 F1500 X122.682 Y122.682 E317.94365
G0 F9000 X123.248 Y122.682
G1 F1500 X113.448 Y112.883 E318.40459
G0 F9000 X113.98 Y112.849
G1 F1500 X123.813 Y122.682 E318.8671
G0 F9000 X124.378 Y122.681
G1 F1500 X114.512 Y112.815 E319.33117
G0 F9000 X115.044 Y112.781
G1 F1500 X124.944 Y122.681 E319.79684
G0 F9000 X125.509 Y122.68
G1 F1500 X115.577 Y112.748 E320.26401
G0 F9000 X116.108 Y112.714
G1 F1500 X124.432 Y121.038 E320.65554
G0 F9000 X124.814 Y120.784
G0 X124.122 Y119.583
G0 X123.684 Y119.724
G1 F1500 X116.641 Y112.681 E320.98682
G0 F9000 X117.173 Y112.647
G1 F1500 X123.422 Y118.896 E321.28076
G0 F9000 X123.29 Y118.199
G1 F1500 X117.705 Y112.614 E321.54346
G0 F9000 X118.237 Y112.58
G1 F1500 X123.252 Y117.595 E321.77935
G0 F9000 X123.275 Y117.052
G1 F1500 X118.769 Y112.547 E321.99127
G0 F9000 X119.301 Y112.513
G1 F1500 X123.332 Y116.544 E322.18088
G0 F9000 X123.427 Y116.073
G1 F1500 X119.833 Y112.479 E322.34993
G0 F9000 X120.365 Y112.446
G1 F1500 X123.562 Y115.642 E322.50028
G0 F9000 X123.706 Y115.22
G1 F1500 X120.898 Y112.412 E322.63236
G0 F9000 X121.429 Y112.378
G1 F1500 X123.892 Y114.841 E322.74822
G0 F9000 X124.089 Y114.473
G1 F1500 X121.962 Y112.345 E322.84829
G0 F9000 X122.498 Y112.316
G1 F1500 X124.316 Y114.134 E322.9338
G0 F9000 X124.553 Y113.805
G1 F1500 X123.064 Y112.316 E323.00384
G0 F9000 X123.63 Y112.316
G1 F1500 X124.818 Y113.505 E323.05974
G0 F9000 X125.094 Y113.215
G1 F1500 X124.196 Y112.316 E323.102
G0 F9000 X124.761 Y112.316
G1 F1500 X125.396 Y112.951 E323.13187
G0 F9000 X125.715 Y112.704
G1 F1500 X125.327 Y112.316 E323.15012
G0 F9000 X125.893 Y112.316
G1 F1500 X126.055 Y112.479 E323.15777
G0 F9000 X126.312 Y112.865
G0 X123.893 Y117.5
G0 X125.864 Y121.836
G0 X125.61 Y122.216
G1 F1500 X126.074 Y122.68 E323.17959
G0 F9000 X126.399 Y122.195
G0 X127.36 Y122.432
G0 X126.922 Y123.074
G0 X122.842 Y123.082
G0 X117.236 Y122.816
G0 X117.265 Y122.356
G1 F1500 X108.127 Y113.218 E323.60942
G0 F9000 X107.595 Y113.252
G1 F1500 X116.661 Y122.318 E324.03585
G1 F2700 E319.03585
;MESH:NONMESH
G0 F300 X116.661 Y122.318 Z2.4
G0 F9000 X116.632 Y122.777
G0 X106.468 Y122.064
G0 X106.387 Y121.573
G0 X107.351 Y121.058
G0 X106.831 Y120.962
G0 X106.276 Y120.001
G0 X104.835 Y119.907
G0 X104.835 Y120.11
;TIME_ELAPSED:549.297224
;LAYER:11
;TYPE:WALL-INNER
;MESH:FT10-Input Crank.stl
G1 F2700 E324.03585
G1 F1500 X105.175 Y120.091 E324.04718
G1 X105.512 Y120.023 E324.05861
G1 X105.828 Y119.916 E324.06971
G1 X106.133 Y119.764 E324.08104
G1 X106.422 Y119.571 E324.0926
G1 X106.678 Y119.346 E324.10394
G1 X106.903 Y119.088 E324.11532
G1 X107.096 Y118.805 E324.12672
G1 X107.248 Y118.498 E324.13811
G1 X107.355 Y118.18 E324.14927
G1 X107.423 Y117.843 E324.16071
G1 X107.441 Y117.498 E324.1722
G1 X107.423 Y117.155 E324.18362
G1 X107.351 Y116.81 E324.19534
G1 X107.248 Y116.502 E324.20614
G1 X107.095 Y116.194 E324.21758
G1 X106.904 Y115.908 E324.22902
G1 X106.676 Y115.651 E324.24045
G1 X106.417 Y115.425 E324.25188
G1 X106.134 Y115.237 E324.26318
G1 X105.825 Y115.084 E324.27465
G1 X105.511 Y114.977 E324.28568
G1 X105.172 Y114.909 E324.29718
G1 X104.831 Y114.886 E324.30855
G1 X104.485 Y114.909 E324.32008
G1 X104.149 Y114.973 E324.33146
G1 X103.835 Y115.083 E324.34252
G1 X103.524 Y115.234 E324.35402
G1 X103.24 Y115.424 E324.36539
G1 X102.983 Y115.652 E324.37682
G1 X102.758 Y115.91 E324.3882
G1 X102.569 Y116.193 E324.39952
G1 X102.416 Y116.503 E324.41102
G1 X102.309 Y116.817 E324.42205
G1 X102.241 Y117.16 E324.43368
G1 X102.218 Y117.499 E324.44498
G1 X102.241 Y117.836 E324.45622
G1 X102.309 Y118.179 E324.46785
G1 X102.416 Y118.493 E324.47888
G1 X102.569 Y118.802 E324.49035
G1 X102.759 Y119.088 E324.50177
G1 X102.982 Y119.346 E324.51311
G1 X103.242 Y119.57 E324.52453
G1 X103.525 Y119.762 E324.5359
G1 X103.835 Y119.912 E324.54735
G1 X104.149 Y120.023 E324.55843
G1 X104.485 Y120.087 E324.56981
G1 X104.835 Y120.11 E324.58147
G0 F9000 X104.833 Y120.511
;TYPE:WALL-OUTER
G1 F1500 X105.226 Y120.489 E324.59457
G1 X105.616 Y120.41 E324.6078
G1 X105.982 Y120.286 E324.62065
G1 X106.335 Y120.11 E324.63377
G1 X106.666 Y119.889 E324.64701
G1 X106.962 Y119.63 E324.66009
G1 X107.221 Y119.333 E324.6732
G1 X107.442 Y119.007 E324.6863
G1 X107.618 Y118.651 E324.69951
G1 X107.742 Y118.284 E324.71239
G1 X107.821 Y117.894 E324.72563
G1 X107.843 Y117.499 E324.73878
G1 X107.821 Y117.103 E324.75198
G1 X107.738 Y116.705 E324.7655
G1 X107.618 Y116.349 E324.77799
G1 X107.442 Y115.993 E324.7912
G1 X107.221 Y115.663 E324.80441
G1 X106.958 Y115.367 E324.81758
G1 X106.661 Y115.107 E324.83071
G1 X106.335 Y114.89 E324.84374
G1 X105.979 Y114.714 E324.85694
G1 X105.615 Y114.59 E324.86973
G1 X105.225 Y114.511 E324.88297
G1 X104.831 Y114.485 E324.8961
G1 X104.434 Y114.511 E324.90933
G1 X104.045 Y114.586 E324.92251
G1 X103.681 Y114.713 E324.93533
G1 X103.324 Y114.886 E324.94853
G1 X102.995 Y115.107 E324.96171
G1 X102.699 Y115.37 E324.97488
G1 X102.44 Y115.666 E324.98796
G1 X102.222 Y115.993 E325.00103
G1 X102.046 Y116.349 E325.01424
G1 X101.922 Y116.713 E325.02703
G1 X101.843 Y117.107 E325.0404
G1 X101.817 Y117.499 E325.05346
G1 X101.843 Y117.889 E325.06646
G1 X101.922 Y118.283 E325.07983
G1 X102.046 Y118.647 E325.09262
G1 X102.222 Y119.003 E325.10583
G1 X102.44 Y119.33 E325.1189
G1 X102.698 Y119.63 E325.13206
G1 X102.998 Y119.888 E325.14522
G1 X103.325 Y120.11 E325.15837
G1 X103.681 Y120.282 E325.17152
G1 X104.045 Y120.41 E325.18435
G1 X104.434 Y120.485 E325.19753
G1 X104.833 Y120.511 E325.21082
G0 F9000 X104.834 Y119.804
G0 X103.949 Y119.628
G0 X103.853 Y119.833
;TYPE:FILL
G1 F3000 X107.167 Y116.519 E325.3667
G0 F9000 X106.961 Y116.62
G0 X106.962 Y118.379
G0 X107.167 Y118.481
G1 F3000 X103.851 Y115.165 E325.52268
G0 F9000 X104.084 Y115.643
G1 F2700 E320.52268
G0 F9000 X104.833 Y120.285
G0 X104.98 Y121.388
G0 X104.913 Y121.762
G0 X104.862 Y121.632
;TYPE:WALL-INNER
G1 F2700 E325.52268
G1 F1284.8 X103.759 Y121.482 E325.5659
G1 F1287.6 X102.768 Y121.073 E325.60745
G1 F1290.3 X101.913 Y120.415 E325.64916
G1 X101.255 Y119.56 E325.69088
G1 X100.846 Y118.573 E325.73218
G1 X100.707 Y117.5 E325.77402
G1 X100.846 Y116.427 E325.81585
G1 X101.255 Y115.436 E325.8573
G1 F1287.6 X101.914 Y114.583 E325.89907
G1 F1284.8 X102.769 Y113.925 E325.94097
G1 F1287.6 X103.759 Y113.514 E325.9825
G1 F1282.1 X104.863 Y113.366 E326.02585
G1 F1327.4 X105.901 Y113.544 E326.06543
G1 F1408.5 X106.885 Y113.952 E326.10316
G1 F1470.6 X107.724 Y114.599 E326.1391
G1 F1500 X108.38 Y115.447 E326.17476
G1 X108.79 Y116.443 E326.21059
G1 X108.926 Y117.5 E326.24603
G1 X108.79 Y118.553 E326.28135
G1 X108.381 Y119.547 E326.3171
G1 X107.728 Y120.396 E326.35272
G1 X106.879 Y121.049 E326.38835
G1 F1438.8 X105.902 Y121.451 E326.42498
G1 F1327.4 X104.862 Y121.632 E326.46465
G0 F9000 X104.913 Y121.762
G0 X106.313 Y122.034
G0 X117.5 Y122.934
G1 F1500 X122.384 Y123.244 E326.62742
G1 X129.138 Y123.243 E326.85206
G1 X129.9 Y123.192 E326.87746
G1 X130.639 Y123.043 E326.90253
G1 X131.342 Y122.804 E326.92723
G1 X132.019 Y122.471 E326.95232
G1 X132.641 Y122.055 E326.97721
G1 X133.206 Y121.558 E327.00224
G1 X133.702 Y120.994 E327.02722
G1 X134.118 Y120.367 E327.05225
G1 X134.453 Y119.691 E327.07734
G1 X134.695 Y118.991 E327.10198
G1 X134.839 Y118.25 E327.12708
G1 X134.89 Y117.5 E327.15209
G1 X134.839 Y116.747 E327.17719
G1 X134.695 Y116.008 E327.20223
G1 X134.453 Y115.304 E327.22699
G1 X134.119 Y114.628 E327.25207
G1 X133.702 Y114.002 E327.27708
G1 X133.206 Y113.438 E327.30207
G1 X132.641 Y112.942 E327.32707
G1 X132.019 Y112.525 E327.35198
G1 X131.342 Y112.192 E327.37707
G1 X130.639 Y111.953 E327.40177
G1 X129.902 Y111.805 E327.42677
G1 X129.117 Y111.756 E327.45293
G1 X122.383 Y111.756 E327.6769
G1 X105.833 Y112.803 E328.22846
G1 F1388.9 X104.692 Y112.921 E328.26966
G1 F1293.1 X103.638 Y113.064 E328.3107
G1 F1287.6 X102.536 Y113.518 E328.35688
G1 F1284.8 X101.584 Y114.252 E328.40356
G1 F1287.6 X100.85 Y115.204 E328.45014
G1 F1290.3 X100.397 Y116.305 E328.49617
G1 X100.239 Y117.5 E328.54278
G1 X100.397 Y118.695 E328.58939
G1 X100.85 Y119.792 E328.63528
G1 X101.584 Y120.744 E328.68176
G1 X102.536 Y121.478 E328.72824
G1 F1287.6 X103.638 Y121.932 E328.77442
G1 F1282.1 X104.836 Y122.093 E328.82146
G1 F1379.3 X105.837 Y122.194 E328.85785
G1 F1500 X117.5 Y122.934 E329.24654
G0 F9000 X122.389 Y123.083
G0 X126.922 Y123.074
G0 X127.373 Y122.762
G0 X127.008 Y122.118
G0 X127.008 Y121.808
G1 F1500 X126.688 Y121.716 E329.25761
G1 X126.488 Y121.509 E329.26719
G1 X124.344 Y117.801 E329.40965
G1 X124.27 Y117.592 E329.41702
G1 X124.27 Y117.408 E329.42314
G1 X124.344 Y117.199 E329.43052
G1 X126.488 Y113.491 E329.57298
G1 X126.688 Y113.284 E329.58255
G1 X126.927 Y113.192 E329.59107
G1 X131.288 Y113.191 E329.73612
G1 X131.553 Y113.253 E329.74517
G1 X131.748 Y113.388 E329.75306
G1 X133.952 Y117.199 E329.89948
G1 X134.031 Y117.459 E329.90852
G1 X134.012 Y117.698 E329.91649
G1 X131.808 Y121.509 E330.06292
G1 X131.623 Y121.708 E330.07196
G1 X131.406 Y121.808 E330.0799
G1 X127.008 Y121.808 E330.22618
G0 F9000 X127.008 Y121.408
;TYPE:WALL-OUTER
G1 F1500 X126.869 Y121.369 E330.23098
G1 X124.674 Y117.565 E330.37706
G1 X124.674 Y117.435 E330.38138
G1 X126.834 Y113.691 E330.52514
G1 X126.973 Y113.595 E330.53076
G1 X131.288 Y113.591 E330.67428
G1 X131.442 Y113.658 E330.67987
G1 X133.606 Y117.399 E330.82361
G1 X133.633 Y117.5 E330.82709
G1 X133.606 Y117.601 E330.83056
G1 X131.462 Y121.309 E330.97303
G1 X131.327 Y121.408 E330.97859
G1 X127.008 Y121.408 E331.12224
G1 F2700 E326.12224
G0 F9000 X127.008 Y122.118
G0 X127.36 Y122.432
G0 X126.922 Y123.074
G0 X117.52 Y123.028
G0 X117.5 Y123.335
G1 F2700 E331.12224
G1 F1500 X122.371 Y123.644 E331.28458
G1 X129.129 Y123.644 E331.50935
G1 X129.953 Y123.589 E331.53682
G1 X130.743 Y123.43 E331.56362
G1 X131.495 Y123.174 E331.59004
G1 X132.219 Y122.818 E331.61688
G1 X132.885 Y122.373 E331.64352
G1 X133.49 Y121.842 E331.67029
G1 X134.02 Y121.238 E331.69702
G1 X134.466 Y120.567 E331.72382
G1 X134.823 Y119.846 E331.75057
G1 X135.082 Y119.095 E331.777
G1 X135.237 Y118.302 E331.80387
G1 X135.291 Y117.5 E331.83061
G1 X135.237 Y116.695 E331.85744
G1 X135.082 Y115.904 E331.88425
G1 X134.823 Y115.15 E331.91077
G1 X134.466 Y114.428 E331.93756
G1 X134.02 Y113.758 E331.96433
G1 X133.49 Y113.154 E331.99105
G1 X132.885 Y112.624 E332.0178
G1 X132.219 Y112.178 E332.04446
G1 X131.495 Y111.822 E332.0713
G1 X130.743 Y111.566 E332.09772
G1 X129.954 Y111.407 E332.12449
G1 X129.129 Y111.356 E332.15198
G1 X122.371 Y111.356 E332.37675
G1 X104.856 Y112.464 E332.96047
G1 X103.525 Y112.643 E333.00514
G1 X102.317 Y113.139 E333.04857
G1 X101.275 Y113.943 E333.09234
G1 X100.471 Y114.985 E333.13612
G1 X99.976 Y116.193 E333.17954
G1 X99.802 Y117.5 E333.22339
G1 X99.976 Y118.807 E333.26725
G1 X100.471 Y120.011 E333.31054
G1 X101.275 Y121.053 E333.35432
G1 X102.317 Y121.857 E333.39809
G1 X103.525 Y122.353 E333.44153
G1 X104.856 Y122.532 E333.48619
G1 X117.5 Y123.335 E333.90758
G1 F2700 E328.90758
G0 F9000 X117.52 Y123.028
G0 X106.468 Y122.064
G0 X105.02 Y121.854
G0 X104.853 Y121.192
G1 F2700 E333.90758
G1 F1500 X103.901 Y121.071 E333.9395
G1 X102.983 Y120.699 E333.97245
G1 X102.218 Y120.11 E334.00456
G1 X101.63 Y119.344 E334.03668
G1 X101.263 Y118.458 E334.06857
G1 X101.138 Y117.5 E334.10071
G1 X101.26 Y116.545 E334.13273
G1 X101.63 Y115.652 E334.16488
G1 X102.201 Y114.909 E334.19604
G1 X102.984 Y114.302 E334.229
G1 X103.874 Y113.931 E334.26107
G1 X104.853 Y113.808 E334.29388
G1 X105.783 Y113.928 E334.32507
G1 X106.684 Y114.302 E334.35752
G1 X107.439 Y114.885 E334.38925
G1 X108.03 Y115.648 E334.42135
G1 X108.4 Y116.545 E334.45362
G1 X108.522 Y117.5 E334.48564
G1 X108.4 Y118.451 E334.51753
G1 X108.031 Y119.345 E334.5497
G1 X107.443 Y120.111 E334.58181
G1 X106.677 Y120.699 E334.61393
G1 X105.759 Y121.071 E334.64688
G1 X104.853 Y121.192 E334.67728
G0 F9000 X104.798 Y121.769
;TYPE:FILL
G1 F3000 X105.027 Y121.998 E334.68805
G0 F9000 X105.038 Y121.835
G0 X105.957 Y121.7
G0 X107.007 Y121.265
G0 X107.735 Y120.706
G0 X108.555 Y119.828
G0 X108.374 Y119.688
G1 F3000 X108.636 Y119.949 E334.70035
G0 F9000 X108.461 Y119.815
G0 X109.032 Y118.626
G0 X109.181 Y117.5
G0 X109.047 Y116.487
G0 X108.556 Y115.173
G0 X108.376 Y115.31
G1 F3000 X108.633 Y115.053 E334.71244
G0 F9000 X108.459 Y115.185
G0 X107.906 Y114.426
G0 X107.008 Y113.734
G0 X106.062 Y113.342
G0 X105.039 Y113.166
G0 X105.029 Y113
G1 F3000 X104.807 Y113.223 E334.7229
G0 F9000 X104.805 Y113.245
G0 X106.461 Y112.933
G0 X122.389 Y111.917
G0 X126.925 Y111.925
G0 X127.387 Y112.276
G0 X123.728 Y117.16
G0 X123.51 Y117.146
G1 F3000 X125.34 Y115.316 E334.80898
G0 F9000 X125.813 Y114.5
G1 F3000 X124.989 Y113.675 E334.84776
G0 F9000 X125.154 Y113.82
G0 X126.521 Y112.948
G0 X127.545 Y112.882
G0 X127.545 Y113.112
G1 F3000 X128.821 Y111.836 E334.90778
G1 X128.807 Y111.836
G1 X130.081 Y113.111 E334.96773
G0 F9000 X130.081 Y112.882
G0 X131.778 Y112.948
G0 X132.438 Y113.961
G0 X132.238 Y114.075
G1 F3000 X132.974 Y113.339 E335.00235
G0 F9000 X132.823 Y113.511
G0 X134.07 Y116.789
G0 X133.872 Y116.902
G1 F3000 X134.788 Y117.817 E335.04541
G0 F9000 X134.787 Y117.183
G1 F3000 X133.873 Y118.097 E335.08841
G0 F9000 X134.07 Y118.211
G0 X132.437 Y121.04
G0 X132.237 Y120.924
G1 F3000 X132.971 Y121.658 E335.12293
G0 F9000 X132.824 Y121.488
G0 X131.778 Y122.052
G0 X130.083 Y122.118
G0 X130.083 Y121.888
G1 F3000 X128.807 Y123.163 E335.18293
G1 X128.819 Y123.162
G1 X127.544 Y121.888 E335.24287
G0 F9000 X127.544 Y122.118
G0 X126.521 Y122.052
G0 X125.616 Y120.613
G0 X125.813 Y120.501
G1 F3000 X124.99 Y121.324 E335.28159
G0 F9000 X125.155 Y121.181
G0 X125.144 Y119.796
G0 X125.341 Y119.684
G1 F3000 X123.51 Y117.853 E335.36771
G0 F9000 X123.729 Y117.842
G0 X127.36 Y122.432
G0 X126.922 Y123.074
G0 X122.842 Y123.082
G0 X117.483 Y122.831
G0 X117.5 Y122.572
;TYPE:SKIN
G1 F1500 X106.632 Y121.882 E335.72991
G1 X106.6 Y121.689 E335.73642
G1 X107.121 Y121.471 E335.7552
G1 X108.079 Y120.739 E335.7953
G1 X108.799 Y119.797 E335.83474
G1 X109.26 Y118.687 E335.87471
G1 X109.414 Y117.5 E335.91452
G1 X109.26 Y116.309 E335.95446
G1 X108.807 Y115.21 E335.994
G1 X108.051 Y114.237 E336.03498
G1 X107.102 Y113.515 E336.07464
G1 X106.591 Y113.301 E336.09307
G1 X106.623 Y113.113 E336.09941
G1 X122.403 Y112.116 E336.6253
G1 X126.773 Y112.116 E336.77065
G1 X126.816 Y112.299 E336.7769
G1 X126.288 Y112.565 E336.79657
G1 X125.668 Y112.981 E336.8214
G1 X125.128 Y113.453 E336.84525
G1 X124.633 Y114.016 E336.87019
G1 X124.217 Y114.637 E336.89505
G1 X123.884 Y115.311 E336.92005
G1 X123.646 Y116.003 E336.94439
G1 X123.495 Y116.748 E336.96968
G1 X123.444 Y117.486 E336.99428
G1 X123.495 Y118.252 E337.01981
G1 X123.639 Y118.968 E337.0441
G1 X123.874 Y119.661 E337.06844
G1 X124.217 Y120.364 E337.09446
G1 X124.617 Y120.96 E337.11833
G1 X125.101 Y121.516 E337.14285
G1 X125.688 Y122.031 E337.16882
G1 X126.292 Y122.435 E337.19299
G1 X126.813 Y122.69 E337.21229
G1 X126.768 Y122.88 E337.21878
G1 X122.403 Y122.883 E337.36396
G1 X117.5 Y122.572 E337.52736
G0 F9000 X117.483 Y122.831
G0 X122.389 Y123.083
G0 X126.922 Y123.074
G0 X127.36 Y122.432
G0 X126.17 Y122.041
G0 X125.915 Y122.421
G1 F1500 X125.655 Y122.681 E337.53959
G0 F9000 X125.577 Y122.193
G1 F1500 X125.089 Y122.682 E337.56257
G0 F9000 X124.523 Y122.682
G1 F1500 X125.272 Y121.932 E337.59782
G0 F9000 X124.972 Y121.667
G1 F1500 X123.957 Y122.682 E337.64557
G0 F9000 X123.39 Y122.683
G1 F1500 X124.705 Y121.368 E337.70742
G0 F9000 X124.447 Y121.061
G1 F1500 X122.824 Y122.683 E337.78374
G0 F9000 X122.267 Y122.675
G1 F1500 X124.22 Y120.722 E337.8756
G0 F9000 X123.999 Y120.377
G1 F1500 X121.736 Y122.641 E337.98207
G0 F9000 X121.204 Y122.607
G1 F1500 X123.814 Y119.996 E338.10486
G0 F9000 X123.643 Y119.602
G1 F1500 X120.671 Y122.573 E338.24463
G0 F9000 X120.14 Y122.539
G1 F1500 X123.5 Y119.179 E338.40267
G0 F9000 X123.387 Y118.726
G1 F1500 X119.608 Y122.506 E338.58045
G0 F9000 X119.076 Y122.472
G1 F1500 X123.294 Y118.254 E338.77885
G0 F9000 X123.259 Y117.723
G1 F1500 X118.544 Y122.438 E339.00063
G0 F9000 X118.012 Y122.404
G1 F1500 X123.267 Y117.149 E339.24781
G0 F9000 X123.338 Y116.513
G1 F1500 X117.48 Y122.37 E339.52333
G0 F9000 X116.948 Y122.337
G1 F1500 X123.52 Y115.765 E339.83245
G0 F9000 X123.953 Y115.913
G0 X124.317 Y115.021
G0 X123.903 Y114.816
G1 F1500 X116.416 Y122.303 E340.18462
G0 F9000 X115.884 Y122.269
G1 F1500 X125.837 Y112.316 E340.65278
G0 F9000 X125.272 Y112.316
G1 F1500 X115.352 Y122.235 E341.11936
G0 F9000 X114.821 Y122.201
G1 F1500 X124.706 Y112.316 E341.58432
G0 F9000 X124.14 Y112.316
G1 F1500 X114.288 Y122.168 E342.04773
G0 F9000 X113.757 Y122.134
G1 F1500 X123.575 Y112.316 E342.50954
G0 F9000 X123.009 Y112.316
G1 F1500 X113.225 Y122.1 E342.96975
G0 F9000 X112.693 Y122.066
G1 F1500 X122.443 Y112.316 E343.42836
G0 F9000 X121.842 Y112.351
G1 F1500 X112.161 Y122.032 E343.88372
G0 F9000 X111.629 Y121.999
G1 F1500 X121.238 Y112.39 E344.3357
G0 F9000 X120.635 Y112.428
G1 F1500 X111.097 Y121.965 E344.78431
G0 F9000 X110.565 Y121.931
G1 F1500 X120.031 Y112.466 E345.22954
G0 F9000 X119.427 Y112.504
G1 F1500 X110.034 Y121.897 E345.67136
G0 F9000 X109.501 Y121.864
G1 F1500 X118.823 Y112.542 E346.10984
G0 F9000 X118.219 Y112.581
G1 F1500 X108.969 Y121.83 E346.54491
G0 F9000 X108.438 Y121.796
G1 F1500 X117.615 Y112.619 E346.97656
G0 F9000 X117.011 Y112.657
G1 F1500 X107.906 Y121.762 E347.40484
G0 F9000 X107.373 Y121.729
G1 F1500 X108.216 Y120.886 E347.44449
G1 X108.227 Y120.876
G1 X116.407 Y112.695 E347.82927
G0 F9000 X115.804 Y112.733
G1 F1500 X109.212 Y119.325 E348.13934
G0 F9000 X109.487 Y118.484
G1 F1500 X115.2 Y112.772 E348.40804
G0 F9000 X114.596 Y112.81
G1 F1500 X109.57 Y117.836 E348.64445
G0 F9000 X109.582 Y117.258
G1 F1500 X113.992 Y112.848 E348.85188
G0 F9000 X113.388 Y112.886
G1 F1500 X109.518 Y116.756 E349.03391
G0 F9000 X109.454 Y116.255
G1 F1500 X112.784 Y112.924 E349.19057
G0 F9000 X112.18 Y112.962
G1 F1500 X109.289 Y115.854 E349.32658
G0 F9000 X109.124 Y115.454
G1 F1500 X111.577 Y113.001 E349.44196
G0 F9000 X110.973 Y113.039
G1 F1500 X108.947 Y115.064 E349.53723
G0 F9000 X108.701 Y114.744
G1 F1500 X110.369 Y113.077 E349.61567
G0 F9000 X109.765 Y113.115
G1 F1500 X108.455 Y114.425 E349.67728
G0 F9000 X108.207 Y114.107
G1 F1500 X109.161 Y113.153 E349.72216
G0 F9000 X108.557 Y113.192
G1 F1500 X107.888 Y113.86 E349.7536
G0 F9000 X107.569 Y113.614
G1 F1500 X107.953 Y113.23 E349.77166
G0 F9000 X107.349 Y113.269
G1 F1500 X107.245 Y113.372 E349.77653
;MESH:NONMESH
G0 F300 X107.245 Y113.372 Z2.6
G0 F9000 X106.996 Y113.754
G0 X107.906 Y114.426
G0 X108.597 Y115.325
G0 X109.032 Y116.374
G0 X109.181 Y117.5
G0 X109.032 Y118.626
G0 X108.597 Y119.675
G0 X107.906 Y120.575
G0 X107.007 Y121.265
G0 X106.062 Y121.657
G0 X104.783 Y121.904
G0 X104.829 Y121.555
;TIME_ELAPSED:592.517054
;LAYER:12
;TYPE:WALL-INNER
;MESH:FT10-Input Crank.stl
G1 F1174.2 X103.777 Y121.417 E349.82161
G1 F1171.9 X102.803 Y121.014 E349.86649
G1 F1176.5 X101.96 Y120.369 E349.9115
G1 X101.314 Y119.526 E349.95654
G1 F1174.2 X100.912 Y118.555 E350.00119
G1 F1176.5 X100.773 Y117.5 E350.04632
G1 X100.912 Y116.445 E350.09145
G1 F1171.9 X101.315 Y115.472 E350.13628
G1 F1174.2 X101.961 Y114.629 E350.18141
G1 X102.803 Y113.985 E350.22645
G1 F1171.9 X103.777 Y113.58 E350.27136
G1 F1176.5 X104.831 Y113.441 E350.31644
G1 X105.885 Y113.581 E350.36153
G1 X106.855 Y113.981 E350.40603
G1 X107.701 Y114.63 E350.45124
G1 X108.344 Y115.469 E350.49607
G1 X108.748 Y116.447 E350.54094
G1 X108.887 Y117.5 E350.58598
G1 X108.748 Y118.551 E350.63094
G1 X108.344 Y119.527 E350.67573
G1 X107.699 Y120.37 E350.72075
G1 F1174.2 X106.858 Y121.014 E350.76575
G1 F1171.9 X105.883 Y121.417 E350.81067
G1 F1174.2 X104.829 Y121.555 E350.85584
G0 F9000 X104.828 Y122.067
G1 F1174.2 X106.017 Y121.912 E350.90678
G1 F1171.9 X107.113 Y121.459 E350.95727
G1 F1174.2 X108.06 Y120.732 E351.008
G1 F1176.5 X108.787 Y119.782 E351.05873
G1 X109.241 Y118.684 E351.10911
G1 X109.399 Y117.5 E351.15977
G1 X109.242 Y116.315 E351.21046
G1 X108.787 Y115.214 E351.26098
G1 X108.064 Y114.271 E351.31137
G1 X107.108 Y113.537 E351.36248
G1 X106.02 Y113.086 E351.41243
G1 X104.832 Y112.929 E351.46324
G1 X103.643 Y113.087 E351.51411
G1 F1171.9 X102.548 Y113.538 E351.56453
G1 F1174.2 X101.599 Y114.267 E351.61537
G1 X100.869 Y115.215 E351.66621
G1 F1171.9 X100.419 Y116.311 E351.71665
G1 F1176.5 X100.261 Y117.5 E351.76752
G1 X100.419 Y118.689 E351.81838
G1 F1174.2 X100.869 Y119.781 E351.86857
G1 F1176.5 X101.599 Y120.729 E351.9193
G1 X102.548 Y121.459 E351.97008
G1 F1171.9 X103.643 Y121.912 E352.02053
G1 F1174.2 X104.828 Y122.067 E352.07131
G0 F9000 X104.828 Y122.526
;TYPE:WALL-OUTER
G1 F1500 X106.136 Y122.357 E352.11517
G1 X107.343 Y121.857 E352.15863
G1 X108.385 Y121.057 E352.20232
G1 X109.185 Y120.011 E352.24612
G1 X109.685 Y118.803 E352.2896
G1 X109.858 Y117.5 E352.33332
G1 X109.685 Y116.197 E352.37704
G1 X109.185 Y114.985 E352.42064
G1 X108.389 Y113.947 E352.46415
G1 X107.338 Y113.139 E352.50824
G1 X106.139 Y112.643 E352.5514
G1 X104.832 Y112.47 E352.59525
G1 X103.525 Y112.643 E352.6391
G1 X102.317 Y113.139 E352.68253
G1 X101.275 Y113.943 E352.72631
G1 X100.471 Y114.985 E352.77008
G1 X99.975 Y116.193 E352.81352
G1 X99.802 Y117.5 E352.85737
G1 X99.975 Y118.807 E352.90122
G1 X100.471 Y120.011 E352.94453
G1 X101.275 Y121.053 E352.9883
G1 X102.318 Y121.857 E353.0321
G1 X103.524 Y122.357 E353.07552
G1 X104.828 Y122.526 E353.11926
G0 F9000 X104.83 Y121.815
G0 X104.832 Y121.103
G1 F1500 X103.925 Y120.983 E353.14969
G1 X103.028 Y120.618 E353.1819
G1 X102.283 Y120.054 E353.21298
G1 X101.71 Y119.3 E353.24447
G1 X101.351 Y118.434 E353.27565
G1 X101.225 Y117.5 E353.307
G1 X101.345 Y116.593 E353.33743
G1 X101.71 Y115.7 E353.36952
G1 X102.28 Y114.949 E353.40088
G1 X103.006 Y114.396 E353.43123
G1 X103.898 Y114.019 E353.46344
G1 X104.828 Y113.893 E353.49465
G1 X105.785 Y114.026 E353.52679
G1 X106.631 Y114.377 E353.55725
G1 X107.376 Y114.948 E353.58847
G1 X107.95 Y115.696 E353.61983
G1 X108.309 Y116.567 E353.65117
G1 X108.435 Y117.5 E353.68248
G1 X108.315 Y118.403 E353.71278
G1 X107.962 Y119.277 E353.74413
G1 X107.378 Y120.047 E353.77627
G1 X106.632 Y120.618 E353.80752
G1 X105.762 Y120.977 E353.83882
G1 X104.832 Y121.103 E353.87003
G0 F9000 X104.739 Y121.807
G0 X104.619 Y121.307
G0 X104.694 Y120.176
G0 X104.833 Y119.703
G0 X104.831 Y120.01
;TYPE:WALL-INNER
G1 F1500 X105.163 Y119.991 E353.8811
G1 X105.485 Y119.927 E353.89201
G1 X105.788 Y119.821 E353.90269
G1 X106.086 Y119.675 E353.91373
G1 X106.356 Y119.491 E353.9246
G1 X106.606 Y119.274 E353.93561
G1 X106.823 Y119.025 E353.94659
G1 X107.007 Y118.754 E353.95749
G1 X107.153 Y118.456 E353.96852
G1 X107.259 Y118.153 E353.9792
G1 X107.323 Y117.831 E353.99012
G1 X107.342 Y117.499 E354.00118
G1 X107.323 Y117.165 E354.01231
G1 X107.259 Y116.846 E354.02313
G1 X107.153 Y116.54 E354.0339
G1 X107.007 Y116.242 E354.04494
G1 X106.823 Y115.972 E354.0558
G1 X106.606 Y115.722 E354.06681
G1 X106.357 Y115.505 E354.0778
G1 X106.086 Y115.321 E354.08869
G1 X105.79 Y115.176 E354.09966
G1 X105.488 Y115.073 E354.11027
G1 X105.16 Y115.009 E354.12138
G1 X104.831 Y114.986 E354.13235
G1 X104.499 Y115.008 E354.14342
G1 X104.172 Y115.073 E354.15451
G1 X103.87 Y115.176 E354.16512
G1 X103.574 Y115.321 E354.17608
G1 X103.303 Y115.505 E354.18698
G1 X103.054 Y115.722 E354.19797
G1 X102.837 Y115.971 E354.20895
G1 X102.653 Y116.242 E354.21985
G1 X102.508 Y116.538 E354.23081
G1 X102.405 Y116.842 E354.24148
G1 X102.337 Y117.171 E354.25266
G1 X102.317 Y117.5 E354.26362
G1 X102.337 Y117.828 E354.27455
G1 X102.404 Y118.153 E354.28559
G1 X102.508 Y118.458 E354.2963
G1 X102.653 Y118.754 E354.30727
G1 X102.837 Y119.025 E354.31816
G1 X103.054 Y119.274 E354.32915
G1 X103.303 Y119.491 E354.34013
G1 X103.574 Y119.675 E354.35103
G1 X103.872 Y119.821 E354.36207
G1 X104.175 Y119.927 E354.37274
G1 X104.497 Y119.991 E354.38366
G1 X104.831 Y120.01 E354.39479
G0 F9000 X104.831 Y120.411
;TYPE:WALL-OUTER
G1 F1500 X105.214 Y120.389 E354.40755
G1 X105.591 Y120.314 E354.42033
G1 X105.942 Y120.191 E354.4327
G1 X106.287 Y120.022 E354.44548
G1 X106.601 Y119.809 E354.4581
G1 X106.89 Y119.558 E354.47083
G1 X107.141 Y119.269 E354.48356
G1 X107.354 Y118.955 E354.49618
G1 X107.523 Y118.61 E354.50896
G1 X107.646 Y118.259 E354.52133
G1 X107.721 Y117.882 E354.53412
G1 X107.743 Y117.499 E354.54687
G1 X107.721 Y117.114 E354.5597
G1 X107.646 Y116.741 E354.57236
G1 X107.523 Y116.386 E354.58485
G1 X107.354 Y116.041 E354.59763
G1 X107.141 Y115.727 E354.61025
G1 X106.89 Y115.438 E354.62298
G1 X106.601 Y115.187 E354.63571
G1 X106.287 Y114.974 E354.64833
G1 X105.943 Y114.806 E354.66106
G1 X105.592 Y114.686 E354.6734
G1 X105.213 Y114.611 E354.68625
G1 X104.831 Y114.585 E354.69899
G1 X104.447 Y114.611 E354.71179
G1 X104.068 Y114.686 E354.72464
G1 X103.717 Y114.806 E354.73698
G1 X103.373 Y114.974 E354.74971
G1 X103.059 Y115.187 E354.76233
G1 X102.77 Y115.438 E354.77506
G1 X102.519 Y115.727 E354.78779
G1 X102.306 Y116.041 E354.80041
G1 X102.138 Y116.385 E354.81314
G1 X102.018 Y116.737 E354.82551
G1 X101.939 Y117.119 E354.83849
G1 X101.917 Y117.5 E354.85118
G1 X101.939 Y117.881 E354.86387
G1 X102.018 Y118.259 E354.87672
G1 X102.138 Y118.611 E354.88909
G1 X102.306 Y118.955 E354.90182
G1 X102.519 Y119.269 E354.91444
G1 X102.77 Y119.558 E354.92717
G1 X103.059 Y119.809 E354.9399
G1 X103.373 Y120.022 E354.95252
G1 X103.718 Y120.191 E354.9653
G1 X104.069 Y120.314 E354.97767
G1 X104.446 Y120.389 E354.99045
G1 X104.831 Y120.411 E355.00328
G0 F9000 X104.832 Y119.703
G0 X104.005 Y119.541
G0 X103.93 Y119.756
;TYPE:FILL
G1 F3000 X107.088 Y116.598 E355.15182
G0 F9000 X106.872 Y116.671
G0 X106.874 Y118.327
G0 X107.088 Y118.401
G1 F3000 X103.928 Y115.241 E355.30046
G0 F9000 X104.097 Y115.745
G1 F2700 E350.30046
G0 F9000 X107.494 Y117.149
G0 X110.503 Y115.905
G0 X123.552 Y121.712
G0 X124.461 Y121.104
G0 X126.889 Y122.118
G0 X126.889 Y121.808
;TYPE:WALL-INNER
G1 F2700 E355.30046
G1 F1500 X126.675 Y121.708 E355.30832
G1 X126.488 Y121.509 E355.3174
G1 X124.286 Y117.701 E355.4637
G1 X124.265 Y117.46 E355.47175
G1 X124.344 Y117.199 E355.48082
G1 X126.547 Y113.391 E355.62714
G1 X126.742 Y113.253 E355.63509
G1 X127.008 Y113.192 E355.64417
G1 X131.288 Y113.191 E355.78652
G1 X131.553 Y113.253 E355.79557
G1 X131.748 Y113.388 E355.80346
G1 X133.952 Y117.199 E355.94988
G1 X134.031 Y117.459 E355.95892
G1 X134.012 Y117.698 E355.9669
G1 X131.808 Y121.509 E356.11332
G1 X131.623 Y121.708 E356.12236
G1 X131.406 Y121.808 E356.13031
G1 X126.889 Y121.808 E356.28054
G0 F9000 X126.889 Y122.118
G0 X129.149 Y122.932
G0 X129.148 Y123.238
G1 F1500 X129.901 Y123.191 E356.30564
G1 X130.639 Y123.043 E356.33067
G1 X131.342 Y122.804 E356.35537
G1 X132.019 Y122.471 E356.38046
G1 X132.641 Y122.055 E356.40535
G1 X133.206 Y121.558 E356.43038
G1 X133.702 Y120.994 E356.45536
G1 X134.118 Y120.367 E356.48038
G1 X134.453 Y119.691 E356.50548
G1 X134.695 Y118.991 E356.53011
G1 X134.839 Y118.25 E356.55522
G1 X134.89 Y117.5 E356.58022
G1 X134.839 Y116.747 E356.60532
G1 X134.695 Y116.008 E356.63036
G1 X134.453 Y115.304 E356.65512
G1 X134.119 Y114.628 E356.6802
G1 X133.702 Y114.002 E356.70522
G1 X133.206 Y113.438 E356.7302
G1 X132.641 Y112.942 E356.75521
G1 X132.019 Y112.525 E356.78011
G1 X131.342 Y112.192 E356.80521
G1 X130.639 Y111.953 E356.8299
G1 X129.901 Y111.805 E356.85494
G1 X129.148 Y111.758 E356.88003
G1 X128.395 Y111.805 E356.90513
G1 X127.657 Y111.953 E356.93016
G1 X126.955 Y112.193 E356.95484
G1 X126.277 Y112.525 E356.97994
G1 X125.655 Y112.941 E357.00483
G1 X125.09 Y113.438 E357.02986
G1 X124.594 Y114.002 E357.05484
G1 X124.178 Y114.629 E357.07987
G1 X123.844 Y115.304 E357.10492
G1 X123.601 Y116.009 E357.12972
G1 X123.457 Y116.747 E357.15473
G1 X123.406 Y117.5 E357.17983
G1 X123.456 Y118.25 E357.20483
G1 X123.601 Y118.991 E357.22994
G1 X123.843 Y119.691 E357.25458
G1 X124.177 Y120.367 E357.27966
G1 X124.594 Y120.994 E357.3047
G1 X125.089 Y121.559 E357.32968
G1 X125.655 Y122.055 E357.35472
G1 X126.277 Y122.47 E357.37959
G1 X126.954 Y122.804 E357.40469
G1 X127.657 Y123.043 E357.42939
G1 X128.395 Y123.191 E357.45442
G1 X129.148 Y123.238 E357.47952
G0 F9000 X129.148 Y123.639
;TYPE:WALL-OUTER
G1 F1500 X129.953 Y123.589 E357.50634
G1 X130.743 Y123.43 E357.53315
G1 X131.495 Y123.174 E357.55957
G1 X132.219 Y122.818 E357.5864
G1 X132.885 Y122.373 E357.61304
G1 X133.49 Y121.842 E357.63982
G1 X134.02 Y121.238 E357.66654
G1 X134.466 Y120.567 E357.69334
G1 X134.823 Y119.846 E357.7201
G1 X135.082 Y119.095 E357.74652
G1 X135.237 Y118.302 E357.7734
G1 X135.291 Y117.5 E357.80013
G1 X135.237 Y116.695 E357.82697
G1 X135.082 Y115.904 E357.85378
G1 X134.823 Y115.15 E357.88029
G1 X134.466 Y114.428 E357.90708
G1 X134.02 Y113.758 E357.93385
G1 X133.49 Y113.154 E357.96058
G1 X132.885 Y112.624 E357.98733
G1 X132.219 Y112.178 E358.01399
G1 X131.495 Y111.822 E358.04082
G1 X130.743 Y111.566 E358.06724
G1 X129.953 Y111.407 E358.09405
G1 X129.148 Y111.357 E358.12087
G1 X128.343 Y111.407 E358.1477
G1 X127.553 Y111.566 E358.1745
G1 X126.801 Y111.822 E358.20092
G1 X126.077 Y112.178 E358.22776
G1 X125.411 Y112.623 E358.2544
G1 X124.806 Y113.154 E358.28117
G1 X124.276 Y113.758 E358.3079
G1 X123.83 Y114.429 E358.33469
G1 X123.474 Y115.15 E358.36144
G1 X123.214 Y115.905 E358.388
G1 X123.059 Y116.695 E358.41477
G1 X123.005 Y117.5 E358.44161
G1 X123.059 Y118.302 E358.46834
G1 X123.214 Y119.095 E358.49522
G1 X123.473 Y119.846 E358.52164
G1 X123.83 Y120.567 E358.5484
G1 X124.276 Y121.238 E358.5752
G1 X124.806 Y121.842 E358.60192
G1 X125.411 Y122.373 E358.6287
G1 X126.077 Y122.818 E358.65534
G1 X126.801 Y123.174 E358.68217
G1 X127.553 Y123.43 E358.70859
G1 X128.343 Y123.589 E358.7354
G1 X129.148 Y123.639 E358.76222
G1 F2700 E353.76222
G0 F9000 X129.149 Y122.932
G0 X126.967 Y122.118
G0 X126.967 Y121.408
G1 F2700 E358.76222
G1 F1500 X126.834 Y121.309 E358.76774
G1 X124.671 Y117.567 E358.91149
G1 X124.69 Y117.399 E358.91712
G1 X126.854 Y113.658 E359.06086
G1 X127.008 Y113.592 E359.06643
G1 X131.288 Y113.591 E359.20879
G1 X131.442 Y113.658 E359.21437
G1 X133.606 Y117.399 E359.35812
G1 X133.633 Y117.5 E359.36159
G1 X133.606 Y117.601 E359.36507
G1 X131.462 Y121.309 E359.50753
G1 X131.327 Y121.408 E359.5131
G1 X126.967 Y121.408 E359.65811
G0 F9000 X127.544 Y121.888
;TYPE:FILL
G1 F3000 X128.792 Y123.135 E359.71679
G1 X128.832 Y123.138
G1 X130.083 Y121.888 E359.77561
G0 F9000 X130.083 Y122.118
G0 X131.778 Y122.052
G0 X132.437 Y121.04
G0 X132.237 Y120.924
G1 F3000 X132.971 Y121.658 E359.81014
G0 F9000 X132.824 Y121.488
G0 X134.07 Y118.211
G0 X133.873 Y118.097
G1 F3000 X134.787 Y117.183 E359.85313
G0 F9000 X134.788 Y117.817
G1 F3000 X133.872 Y116.902 E359.89619
G0 F9000 X134.07 Y116.789
G0 X132.438 Y113.961
G0 X132.238 Y114.075
G1 F3000 X132.974 Y113.339 E359.93081
G0 F9000 X132.823 Y113.511
G0 X131.778 Y112.948
G0 X130.081 Y112.882
G0 X130.081 Y113.111
G1 F3000 X128.829 Y111.859 E359.9897
G1 X128.797 Y111.86
G1 X127.545 Y113.112 E360.04859
G0 F9000 X127.545 Y112.882
G0 X126.521 Y112.948
G0 X125.616 Y114.386
G0 X125.813 Y114.5
G1 F3000 X124.987 Y113.674 E360.08744
G0 F9000 X125.161 Y113.826
G0 X125.145 Y115.203
G0 X125.34 Y115.316
G1 F3000 X123.51 Y117.146 E360.17352
G0 F9000 X123.51 Y117.853
G1 F3000 X125.339 Y119.682 E360.25955
G0 F9000 X125.812 Y120.502
G1 F3000 X124.989 Y121.325 E360.29826
G0 F9000 X125.388 Y120.978
G1 F2700 E355.29826
;MESH:NONMESH
G0 F300 X125.388 Y120.978 Z2.8
G0 F9000 X124.029 Y120.457
G0 X123.049 Y120.942
G0 X109.093 Y121.559
G0 X108.225 Y120.894
G0 X104.798 Y121.811
G0 X104.832 Y121.555
;TIME_ELAPSED:610.622189
;LAYER:13
;TYPE:WALL-INNER
;MESH:FT10-Input Crank.stl
G1 F2700 E360.29826
G1 F1174.2 X103.777 Y121.417 E360.34347
G1 F1171.9 X102.803 Y121.014 E360.38835
G1 F1176.5 X101.96 Y120.369 E360.43336
G1 X101.314 Y119.526 E360.4784
G1 F1174.2 X100.912 Y118.555 E360.52305
G1 F1176.5 X100.773 Y117.5 E360.56818
G1 X100.912 Y116.445 E360.6133
G1 F1171.9 X101.315 Y115.472 E360.65814
G1 F1174.2 X101.961 Y114.629 E360.70326
G1 X102.803 Y113.985 E360.74831
G1 F1171.9 X103.777 Y113.58 E360.79321
G1 F1176.5 X104.832 Y113.441 E360.83834
G1 X105.886 Y113.58 E360.88342
G1 X106.857 Y113.982 E360.92799
G1 X107.699 Y114.628 E360.97299
G1 X108.344 Y115.469 E361.01794
G1 X108.747 Y116.446 E361.06276
G1 X108.887 Y117.5 E361.10785
G1 X108.748 Y118.551 E361.1528
G1 X108.344 Y119.527 E361.1976
G1 X107.699 Y120.368 E361.24254
G1 X106.857 Y121.014 E361.28755
G1 F1171.9 X105.885 Y121.417 E361.33234
G1 F1174.2 X104.832 Y121.555 E361.37747
G0 F9000 X104.832 Y122.067
G1 F1174.2 X106.02 Y121.912 E361.42837
G1 F1171.9 X107.112 Y121.459 E361.47871
G1 F1176.5 X108.061 Y120.729 E361.52948
G1 X108.787 Y119.781 E361.58011
G1 X109.241 Y118.684 E361.63046
G1 X109.399 Y117.5 E361.68112
G1 X109.242 Y116.312 E361.73193
G1 X108.787 Y115.215 E361.7823
G1 X108.061 Y114.267 E361.83293
G1 X107.113 Y113.537 E361.88367
G1 X106.021 Y113.087 E361.93376
G1 X104.832 Y112.929 E361.98462
G1 X103.643 Y113.087 E362.03549
G1 F1171.9 X102.548 Y113.538 E362.0859
G1 F1174.2 X101.599 Y114.267 E362.13675
G1 X100.869 Y115.215 E362.18759
G1 F1171.9 X100.419 Y116.311 E362.23803
G1 F1176.5 X100.261 Y117.5 E362.28889
G1 X100.419 Y118.689 E362.33976
G1 F1174.2 X100.869 Y119.781 E362.38994
G1 F1176.5 X101.599 Y120.729 E362.44068
G1 X102.548 Y121.459 E362.49146
G1 F1171.9 X103.643 Y121.912 E362.5419
G1 F1174.2 X104.832 Y122.067 E362.59285
G0 F9000 X104.832 Y122.526
;TYPE:WALL-OUTER
G1 F1500 X106.139 Y122.357 E362.63669
G1 X107.342 Y121.857 E362.68002
G1 X108.385 Y121.053 E362.72382
G1 X109.185 Y120.011 E362.76751
G1 X109.685 Y118.803 E362.81099
G1 X109.858 Y117.5 E362.85471
G1 X109.685 Y116.193 E362.89856
G1 X109.185 Y114.985 E362.94205
G1 X108.385 Y113.943 E362.98574
G1 X107.343 Y113.139 E363.02951
G1 X106.139 Y112.643 E363.07282
G1 X104.832 Y112.47 E363.11667
G1 X103.525 Y112.643 E363.16052
G1 X102.317 Y113.139 E363.20396
G1 X101.275 Y113.943 E363.24773
G1 X100.471 Y114.985 E363.29151
G1 X99.975 Y116.193 E363.33494
G1 X99.802 Y117.5 E363.37879
G1 X99.975 Y118.807 E363.42264
G1 X100.471 Y120.011 E363.46595
G1 X101.275 Y121.053 E363.50972
G1 X102.318 Y121.857 E363.55352
G1 X103.524 Y122.357 E363.59695
G1 X104.832 Y122.526 E363.64081
G0 F9000 X104.832 Y121.815
G0 X104.832 Y121.103
G1 F1500 X103.925 Y120.983 E363.67124
G1 X103.028 Y120.618 E363.70345
G1 X102.283 Y120.054 E363.73453
G1 X101.71 Y119.3 E363.76603
G1 X101.351 Y118.434 E363.79721
G1 X101.225 Y117.5 E363.82856
G1 X101.345 Y116.593 E363.85899
G1 X101.71 Y115.7 E363.89107
G1 X102.28 Y114.949 E363.92243
G1 X103.006 Y114.396 E363.95278
G1 X103.898 Y114.019 E363.98499
G1 X104.832 Y113.893 E364.01634
G1 X105.763 Y114.019 E364.04759
G1 X106.632 Y114.378 E364.07886
G1 X107.378 Y114.95 E364.11013
G1 X107.95 Y115.696 E364.14139
G1 X108.309 Y116.566 E364.1727
G1 X108.435 Y117.5 E364.20404
G1 X108.315 Y118.403 E364.23434
G1 X107.962 Y119.277 E364.26569
G1 X107.378 Y120.046 E364.29781
G1 X106.609 Y120.63 E364.32992
G1 X105.762 Y120.977 E364.36037
G1 X104.832 Y121.103 E364.39158
G0 F9000 X104.739 Y121.807
G0 X104.619 Y121.307
G0 X104.694 Y120.176
G0 X104.833 Y119.703
G0 X104.831 Y120.01
;TYPE:WALL-INNER
G1 F1500 X105.163 Y119.991 E364.40264
G1 X105.485 Y119.927 E364.41356
G1 X105.788 Y119.821 E364.42424
G1 X106.086 Y119.675 E364.43528
G1 X106.356 Y119.491 E364.44614
G1 X106.606 Y119.274 E364.45715
G1 X106.823 Y119.025 E364.46814
G1 X107.007 Y118.754 E364.47903
G1 X107.153 Y118.456 E364.49007
G1 X107.259 Y118.153 E364.50075
G1 X107.323 Y117.831 E364.51167
G1 X107.342 Y117.499 E364.52273
G1 X107.323 Y117.165 E364.53385
G1 X107.259 Y116.846 E364.54468
G1 X107.153 Y116.54 E364.55545
G1 X107.007 Y116.242 E364.56648
G1 X106.823 Y115.972 E364.57735
G1 X106.606 Y115.722 E364.58836
G1 X106.357 Y115.505 E364.59935
G1 X106.086 Y115.321 E364.61024
G1 X105.79 Y115.176 E364.6212
G1 X105.488 Y115.073 E364.63182
G1 X105.16 Y115.009 E364.64293
G1 X104.831 Y114.986 E364.6539
G1 X104.499 Y115.008 E364.66497
G1 X104.172 Y115.073 E364.67606
G1 X103.87 Y115.176 E364.68667
G1 X103.574 Y115.321 E364.69763
G1 X103.303 Y115.505 E364.70853
G1 X103.054 Y115.722 E364.71951
G1 X102.837 Y115.971 E364.7305
G1 X102.653 Y116.242 E364.74139
G1 X102.508 Y116.538 E364.75236
G1 X102.405 Y116.842 E364.76303
G1 X102.337 Y117.171 E364.7742
G1 X102.317 Y117.5 E364.78517
G1 X102.337 Y117.828 E364.7961
G1 X102.404 Y118.153 E364.80713
G1 X102.508 Y118.458 E364.81785
G1 X102.653 Y118.754 E364.82881
G1 X102.837 Y119.025 E364.83971
G1 X103.054 Y119.274 E364.85069
G1 X103.303 Y119.491 E364.86168
G1 X103.574 Y119.675 E364.87257
G1 X103.872 Y119.821 E364.88361
G1 X104.175 Y119.927 E364.89429
G1 X104.497 Y119.991 E364.90521
G1 X104.831 Y120.01 E364.91633
G0 F9000 X104.831 Y120.411
;TYPE:WALL-OUTER
G1 F1500 X105.214 Y120.389 E364.92909
G1 X105.591 Y120.314 E364.94188
G1 X105.942 Y120.191 E364.95425
G1 X106.287 Y120.022 E364.96703
G1 X106.601 Y119.809 E364.97965
G1 X106.89 Y119.558 E364.99238
G1 X107.141 Y119.269 E365.00511
G1 X107.354 Y118.955 E365.01773
G1 X107.523 Y118.61 E365.03051
G1 X107.646 Y118.259 E365.04288
G1 X107.721 Y117.882 E365.05566
G1 X107.743 Y117.499 E365.06842
G1 X107.721 Y117.114 E365.08125
G1 X107.646 Y116.741 E365.0939
G1 X107.523 Y116.386 E365.1064
G1 X107.354 Y116.041 E365.11918
G1 X107.141 Y115.727 E365.1318
G1 X106.89 Y115.438 E365.14453
G1 X106.601 Y115.187 E365.15726
G1 X106.287 Y114.974 E365.16988
G1 X105.943 Y114.806 E365.18261
G1 X105.592 Y114.686 E365.19495
G1 X105.213 Y114.611 E365.2078
G1 X104.831 Y114.585 E365.22053
G1 X104.447 Y114.611 E365.23333
G1 X104.068 Y114.686 E365.24618
G1 X103.717 Y114.806 E365.25852
G1 X103.373 Y114.974 E365.27126
G1 X103.059 Y115.187 E365.28388
G1 X102.77 Y115.438 E365.29661
G1 X102.519 Y115.727 E365.30934
G1 X102.306 Y116.041 E365.32196
G1 X102.138 Y116.385 E365.33469
G1 X102.018 Y116.737 E365.34706
G1 X101.939 Y117.119 E365.36003
G1 X101.917 Y117.5 E365.37273
G1 X101.939 Y117.881 E365.38542
G1 X102.018 Y118.259 E365.39826
G1 X102.138 Y118.611 E365.41063
G1 X102.306 Y118.955 E365.42337
G1 X102.519 Y119.269 E365.43599
G1 X102.77 Y119.558 E365.44872
G1 X103.059 Y119.809 E365.46145
G1 X103.373 Y120.022 E365.47407
G1 X103.718 Y120.191 E365.48685
G1 X104.069 Y120.314 E365.49922
G1 X104.446 Y120.389 E365.512
G1 X104.831 Y120.411 E365.52483
G0 F9000 X104.832 Y119.703
G0 X104.005 Y119.541
G0 X103.93 Y119.756
;TYPE:FILL
G1 F3000 X107.088 Y116.598 E365.67337
G0 F9000 X106.872 Y116.671
G0 X106.874 Y118.327
G0 X107.088 Y118.401
G1 F3000 X103.928 Y115.241 E365.82201
G0 F9000 X104.097 Y115.745
G1 F2700 E360.82201
G0 F9000 X107.494 Y117.149
G0 X110.503 Y115.903
G0 X123.552 Y121.712
G0 X124.461 Y121.104
G0 X126.889 Y122.118
G0 X126.889 Y121.808
;TYPE:WALL-INNER
G1 F2700 E365.82201
G1 F1500 X126.675 Y121.708 E365.82986
G1 X126.488 Y121.509 E365.83895
G1 X124.286 Y117.701 E365.98525
G1 X124.265 Y117.46 E365.9933
G1 X124.344 Y117.199 E366.00237
G1 X126.547 Y113.391 E366.14869
G1 X126.742 Y113.253 E366.15664
G1 X127.008 Y113.192 E366.16571
G1 X131.288 Y113.191 E366.30807
G1 X131.553 Y113.253 E366.31712
G1 X131.748 Y113.388 E366.32501
G1 X133.952 Y117.199 E366.47143
G1 X134.031 Y117.459 E366.48047
G1 X134.012 Y117.698 E366.48844
G1 X131.808 Y121.509 E366.63487
G1 X131.623 Y121.708 E366.64391
G1 X131.406 Y121.808 E366.65185
G1 X126.889 Y121.808 E366.80209
G0 F9000 X126.889 Y122.118
G0 X129.149 Y122.932
G0 X129.148 Y123.238
G1 F1500 X129.901 Y123.191 E366.82718
G1 X130.639 Y123.043 E366.85222
G1 X131.342 Y122.804 E366.87691
G1 X132.019 Y122.471 E366.90201
G1 X132.641 Y122.055 E366.9269
G1 X133.206 Y121.558 E366.95192
G1 X133.702 Y120.994 E366.9769
G1 X134.118 Y120.367 E367.00193
G1 X134.453 Y119.691 E367.02702
G1 X134.695 Y118.991 E367.05166
G1 X134.839 Y118.25 E367.07676
G1 X134.89 Y117.5 E367.10177
G1 X134.839 Y116.747 E367.12687
G1 X134.695 Y116.008 E367.15191
G1 X134.453 Y115.304 E367.17667
G1 X134.119 Y114.628 E367.20175
G1 X133.702 Y114.002 E367.22677
G1 X133.206 Y113.438 E367.25175
G1 X132.641 Y112.942 E367.27675
G1 X132.019 Y112.525 E367.30166
G1 X131.342 Y112.192 E367.32675
G1 X130.639 Y111.953 E367.35145
G1 X129.901 Y111.805 E367.37648
G1 X129.148 Y111.758 E367.40158
G1 X128.395 Y111.805 E367.42667
G1 X127.657 Y111.953 E367.45171
G1 X126.955 Y112.193 E367.47638
G1 X126.277 Y112.525 E367.50149
G1 X125.655 Y112.941 E367.52638
G1 X125.09 Y113.438 E367.55141
G1 X124.594 Y114.002 E367.57639
G1 X124.178 Y114.629 E367.60141
G1 X123.844 Y115.304 E367.62646
G1 X123.601 Y116.009 E367.65127
G1 X123.457 Y116.747 E367.67627
G1 X123.406 Y117.5 E367.70138
G1 X123.456 Y118.25 E367.72638
G1 X123.601 Y118.991 E367.75149
G1 X123.843 Y119.691 E367.77612
G1 X124.177 Y120.367 E367.8012
G1 X124.594 Y120.994 E367.82625
G1 X125.089 Y121.559 E367.85123
G1 X125.655 Y122.055 E367.87626
G1 X126.277 Y122.47 E367.90113
G1 X126.954 Y122.804 E367.92624
G1 X127.657 Y123.043 E367.95094
G1 X128.395 Y123.191 E367.97597
G1 X129.148 Y123.238 E368.00107
G0 F9000 X129.148 Y123.639
;TYPE:WALL-OUTER
G1 F1500 X129.953 Y123.589 E368.02789
G1 X130.743 Y123.43 E368.05469
G1 X131.495 Y123.174 E368.08112
G1 X132.219 Y122.818 E368.10795
G1 X132.885 Y122.373 E368.13459
G1 X133.49 Y121.842 E368.16136
G1 X134.02 Y121.238 E368.18809
G1 X134.466 Y120.567 E368.21489
G1 X134.823 Y119.846 E368.24165
G1 X135.082 Y119.095 E368.26807
G1 X135.237 Y118.302 E368.29494
G1 X135.291 Y117.5 E368.32168
G1 X135.237 Y116.695 E368.34851
G1 X135.082 Y115.904 E368.37532
G1 X134.823 Y115.15 E368.40184
G1 X134.466 Y114.428 E368.42863
G1 X134.02 Y113.758 E368.4554
G1 X133.49 Y113.154 E368.48212
G1 X132.885 Y112.624 E368.50888
G1 X132.219 Y112.178 E368.53554
G1 X131.495 Y111.822 E368.56237
G1 X130.743 Y111.566 E368.58879
G1 X129.953 Y111.407 E368.61559
G1 X129.148 Y111.357 E368.64242
G1 X128.343 Y111.407 E368.66925
G1 X127.553 Y111.566 E368.69605
G1 X126.801 Y111.822 E368.72247
G1 X126.077 Y112.178 E368.7493
G1 X125.411 Y112.623 E368.77594
G1 X124.806 Y113.154 E368.80272
G1 X124.276 Y113.758 E368.82944
G1 X123.83 Y114.429 E368.85624
G1 X123.474 Y115.15 E368.88299
G1 X123.214 Y115.905 E368.90955
G1 X123.059 Y116.695 E368.93632
G1 X123.005 Y117.5 E368.96316
G1 X123.059 Y118.302 E368.98989
G1 X123.214 Y119.095 E369.01677
G1 X123.473 Y119.846 E369.04319
G1 X123.83 Y120.567 E369.06995
G1 X124.276 Y121.238 E369.09674
G1 X124.806 Y121.842 E369.12347
G1 X125.411 Y122.373 E369.15024
G1 X126.077 Y122.818 E369.17689
G1 X126.801 Y123.174 E369.20372
G1 X127.553 Y123.43 E369.23014
G1 X128.343 Y123.589 E369.25694
G1 X129.148 Y123.639 E369.28377
G1 F2700 E364.28377
G0 F9000 X129.149 Y122.932
G0 X126.967 Y122.118
G0 X126.967 Y121.408
G1 F2700 E369.28377
G1 F1500 X126.834 Y121.309 E369.28928
G1 X124.671 Y117.567 E369.43304
G1 X124.69 Y117.399 E369.43866
G1 X126.854 Y113.658 E369.58241
G1 X127.008 Y113.592 E369.58798
G1 X131.288 Y113.591 E369.73033
G1 X131.442 Y113.658 E369.73592
G1 X133.606 Y117.399 E369.87966
G1 X133.633 Y117.5 E369.88314
G1 X133.606 Y117.601 E369.88662
G1 X131.462 Y121.309 E370.02908
G1 X131.327 Y121.408 E370.03465
G1 X126.967 Y121.408 E370.17966
G0 F9000 X127.544 Y121.888
;TYPE:FILL
G1 F3000 X128.792 Y123.135 E370.23834
G1 X128.832 Y123.138
G1 X130.083 Y121.888 E370.29716
G0 F9000 X130.083 Y122.118
G0 X131.778 Y122.052
G0 X132.437 Y121.04
G0 X132.237 Y120.924
G1 F3000 X132.971 Y121.658 E370.33168
G0 F9000 X132.824 Y121.488
G0 X134.07 Y118.211
G0 X133.873 Y118.097
G1 F3000 X134.787 Y117.183 E370.37467
G0 F9000 X134.788 Y117.817
G1 F3000 X133.872 Y116.902 E370.41774
G0 F9000 X134.07 Y116.789
G0 X132.438 Y113.961
G0 X132.238 Y114.075
G1 F3000 X132.974 Y113.339 E370.45236
G0 F9000 X132.823 Y113.511
G0 X131.778 Y112.948
G0 X130.081 Y112.882
G0 X130.081 Y113.111
G1 F3000 X128.829 Y111.859 E370.51125
G1 X128.797 Y111.86
G1 X127.545 Y113.112 E370.57014
G0 F9000 X127.545 Y112.882
G0 X126.521 Y112.948
G0 X125.616 Y114.386
G0 X125.813 Y114.5
G1 F3000 X124.987 Y113.674 E370.60899
G0 F9000 X125.161 Y113.827
G0 X125.145 Y115.203
G0 X125.34 Y115.316
G1 F3000 X123.51 Y117.146 E370.69507
G0 F9000 X123.51 Y117.853
G1 F3000 X125.339 Y119.682 E370.7811
G0 F9000 X125.812 Y120.502
G1 F3000 X124.989 Y121.325 E370.81981
G0 F9000 X125.388 Y120.978
G1 F2700 E365.81981
;MESH:NONMESH
G0 F300 X125.388 Y120.978 Z3
G0 F9000 X124.029 Y120.457
G0 X123.049 Y120.942
G0 X109.093 Y121.559
G0 X108.225 Y120.894
G0 X104.797 Y121.81
G0 X104.832 Y121.555
;TIME_ELAPSED:628.923578
;LAYER:14
;TYPE:WALL-INNER
;MESH:FT10-Input Crank.stl
G1 F2700 E370.81981
G1 F1174.2 X103.777 Y121.417 E370.86502
G1 F1171.9 X102.803 Y121.014 E370.90989
G1 F1176.5 X101.96 Y120.369 E370.95491
G1 X101.314 Y119.526 E370.99994
G1 F1174.2 X100.912 Y118.555 E371.0446
G1 F1176.5 X100.773 Y117.5 E371.08972
G1 X100.912 Y116.445 E371.13485
G1 F1171.9 X101.315 Y115.472 E371.17968
G1 F1174.2 X101.961 Y114.629 E371.22481
G1 X102.803 Y113.985 E371.26985
G1 F1171.9 X103.777 Y113.58 E371.31476
G1 F1176.5 X104.832 Y113.441 E371.35989
G1 X105.886 Y113.58 E371.40497
G1 X106.857 Y113.982 E371.44954
G1 X107.699 Y114.628 E371.49454
G1 X108.344 Y115.469 E371.53949
G1 X108.747 Y116.446 E371.5843
G1 X108.887 Y117.5 E371.62939
G1 X108.748 Y118.551 E371.67435
G1 X108.344 Y119.527 E371.71914
G1 X107.699 Y120.368 E371.76409
G1 X106.857 Y121.014 E371.80909
G1 F1171.9 X105.885 Y121.417 E371.85389
G1 F1174.2 X104.832 Y121.555 E371.89902
G0 F9000 X104.832 Y122.067
G1 F1174.2 X106.02 Y121.912 E371.94992
G1 F1171.9 X107.112 Y121.459 E372.00025
G1 F1176.5 X108.061 Y120.729 E372.05103
G1 X108.787 Y119.781 E372.10166
G1 X109.241 Y118.684 E372.15201
G1 X109.399 Y117.5 E372.20266
G1 X109.242 Y116.312 E372.25348
G1 X108.787 Y115.215 E372.30384
G1 X108.061 Y114.267 E372.35448
G1 X107.113 Y113.537 E372.40522
G1 X106.021 Y113.087 E372.4553
G1 X104.832 Y112.929 E372.50617
G1 X103.643 Y113.087 E372.55703
G1 F1171.9 X102.548 Y113.538 E372.60745
G1 F1174.2 X101.599 Y114.267 E372.6583
G1 X100.869 Y115.215 E372.70914
G1 F1171.9 X100.419 Y116.311 E372.75958
G1 F1176.5 X100.261 Y117.5 E372.81044
G1 X100.419 Y118.689 E372.86131
G1 F1174.2 X100.869 Y119.781 E372.91149
G1 F1176.5 X101.599 Y120.729 E372.96223
G1 X102.548 Y121.459 E373.013
G1 F1171.9 X103.643 Y121.912 E373.06345
G1 F1174.2 X104.832 Y122.067 E373.1144
G0 F9000 X104.832 Y122.526
;TYPE:WALL-OUTER
G1 F1500 X106.139 Y122.357 E373.15823
G1 X107.342 Y121.857 E373.20156
G1 X108.385 Y121.053 E373.24536
G1 X109.185 Y120.011 E373.28906
G1 X109.685 Y118.803 E373.33254
G1 X109.858 Y117.5 E373.37626
G1 X109.685 Y116.193 E373.42011
G1 X109.185 Y114.985 E373.46359
G1 X108.385 Y113.943 E373.50729
G1 X107.343 Y113.139 E373.55106
G1 X106.139 Y112.643 E373.59437
G1 X104.832 Y112.47 E373.63822
G1 X103.525 Y112.643 E373.68207
G1 X102.317 Y113.139 E373.7255
G1 X101.275 Y113.943 E373.76928
G1 X100.471 Y114.985 E373.81305
G1 X99.975 Y116.193 E373.85649
G1 X99.802 Y117.5 E373.90034
G1 X99.975 Y118.807 E373.94419
G1 X100.471 Y120.011 E373.9875
G1 X101.275 Y121.053 E374.03127
G1 X102.318 Y121.857 E374.07507
G1 X103.524 Y122.357 E374.11849
G1 X104.832 Y122.526 E374.16236
G0 F9000 X104.832 Y121.815
G0 X104.832 Y121.103
G1 F1500 X103.925 Y120.983 E374.19279
G1 X103.028 Y120.618 E374.225
G1 X102.283 Y120.054 E374.25608
G1 X101.71 Y119.3 E374.28758
G1 X101.351 Y118.434 E374.31876
G1 X101.225 Y117.5 E374.3501
G1 X101.345 Y116.593 E374.38053
G1 X101.71 Y115.7 E374.41262
G1 X102.28 Y114.949 E374.44398
G1 X103.006 Y114.396 E374.47433
G1 X103.898 Y114.019 E374.50654
G1 X104.832 Y113.893 E374.53789
G1 X105.763 Y114.019 E374.56913
G1 X106.632 Y114.378 E374.60041
G1 X107.378 Y114.95 E374.63167
G1 X107.95 Y115.696 E374.66294
G1 X108.309 Y116.566 E374.69424
G1 X108.435 Y117.5 E374.72559
G1 X108.315 Y118.403 E374.75589
G1 X107.962 Y119.277 E374.78724
G1 X107.378 Y120.046 E374.81935
G1 X106.609 Y120.63 E374.85147
G1 X105.762 Y120.977 E374.88191
G1 X104.832 Y121.103 E374.91313
G0 F9000 X104.739 Y121.807
G0 X104.619 Y121.307
G0 X104.694 Y120.176
G0 X104.833 Y119.703
G0 X104.831 Y120.01
;TYPE:WALL-INNER
G1 F1500 X105.163 Y119.991 E374.92419
G1 X105.485 Y119.927 E374.93511
G1 X105.788 Y119.821 E374.94579
G1 X106.086 Y119.675 E374.95682
G1 X106.356 Y119.491 E374.96769
G1 X106.606 Y119.274 E374.9787
G1 X106.823 Y119.025 E374.98969
G1 X107.007 Y118.754 E375.00058
G1 X107.153 Y118.456 E375.01162
G1 X107.259 Y118.153 E375.02229
G1 X107.323 Y117.831 E375.03321
G1 X107.342 Y117.499 E375.04427
G1 X107.323 Y117.165 E375.0554
G1 X107.259 Y116.846 E375.06622
G1 X107.153 Y116.54 E375.07699
G1 X107.007 Y116.242 E375.08803
G1 X106.823 Y115.972 E375.0989
G1 X106.606 Y115.722 E375.10991
G1 X106.357 Y115.505 E375.12089
G1 X106.086 Y115.321 E375.13179
G1 X105.79 Y115.176 E375.14275
G1 X105.488 Y115.073 E375.15336
G1 X105.16 Y115.009 E375.16448
G1 X104.831 Y114.986 E375.17545
G1 X104.499 Y115.008 E375.18651
G1 X104.172 Y115.073 E375.1976
G1 X103.87 Y115.176 E375.20822
G1 X103.574 Y115.321 E375.21918
G1 X103.303 Y115.505 E375.23007
G1 X103.054 Y115.722 E375.24106
G1 X102.837 Y115.971 E375.25204
G1 X102.653 Y116.242 E375.26294
G1 X102.508 Y116.538 E375.2739
G1 X102.405 Y116.842 E375.28458
G1 X102.337 Y117.171 E375.29575
G1 X102.317 Y117.5 E375.30671
G1 X102.337 Y117.828 E375.31764
G1 X102.404 Y118.153 E375.32868
G1 X102.508 Y118.458 E375.3394
G1 X102.653 Y118.754 E375.35036
G1 X102.837 Y119.025 E375.36126
G1 X103.054 Y119.274 E375.37224
G1 X103.303 Y119.491 E375.38323
G1 X103.574 Y119.675 E375.39412
G1 X103.872 Y119.821 E375.40516
G1 X104.175 Y119.927 E375.41584
G1 X104.497 Y119.991 E375.42676
G1 X104.831 Y120.01 E375.43788
G0 F9000 X104.831 Y120.411
;TYPE:WALL-OUTER
G1 F1500 X105.214 Y120.389 E375.45064
G1 X105.591 Y120.314 E375.46343
G1 X105.942 Y120.191 E375.4758
G1 X106.287 Y120.022 E375.48857
G1 X106.601 Y119.809 E375.50119
G1 X106.89 Y119.558 E375.51393
G1 X107.141 Y119.269 E375.52666
G1 X107.354 Y118.955 E375.53928
G1 X107.523 Y118.61 E375.55205
G1 X107.646 Y118.259 E375.56442
G1 X107.721 Y117.882 E375.57721
G1 X107.743 Y117.499 E375.58997
G1 X107.721 Y117.114 E375.6028
G1 X107.646 Y116.741 E375.61545
G1 X107.523 Y116.386 E375.62795
G1 X107.354 Y116.041 E375.64072
G1 X107.141 Y115.727 E375.65334
G1 X106.89 Y115.438 E375.66607
G1 X106.601 Y115.187 E375.67881
G1 X106.287 Y114.974 E375.69143
G1 X105.943 Y114.806 E375.70416
G1 X105.592 Y114.686 E375.7165
G1 X105.213 Y114.611 E375.72935
G1 X104.831 Y114.585 E375.74208
G1 X104.447 Y114.611 E375.75488
G1 X104.068 Y114.686 E375.76773
G1 X103.717 Y114.806 E375.78007
G1 X103.373 Y114.974 E375.7928
G1 X103.059 Y115.187 E375.80542
G1 X102.77 Y115.438 E375.81815
G1 X102.519 Y115.727 E375.83089
G1 X102.306 Y116.041 E375.84351
G1 X102.138 Y116.385 E375.85624
G1 X102.018 Y116.737 E375.86861
G1 X101.939 Y117.119 E375.88158
G1 X101.917 Y117.5 E375.89427
G1 X101.939 Y117.881 E375.90697
G1 X102.018 Y118.259 E375.91981
G1 X102.138 Y118.611 E375.93218
G1 X102.306 Y118.955 E375.94491
G1 X102.519 Y119.269 E375.95753
G1 X102.77 Y119.558 E375.97027
G1 X103.059 Y119.809 E375.983
G1 X103.373 Y120.022 E375.99562
G1 X103.718 Y120.191 E376.00839
G1 X104.069 Y120.314 E376.02076
G1 X104.446 Y120.389 E376.03355
G1 X104.831 Y120.411 E376.04638
G0 F9000 X104.832 Y119.703
G0 X104.005 Y119.541
G0 X103.93 Y119.756
;TYPE:FILL
G1 F3000 X107.088 Y116.598 E376.19492
G0 F9000 X106.872 Y116.671
G0 X106.874 Y118.327
G0 X107.088 Y118.401
G1 F3000 X103.928 Y115.241 E376.34355
G0 F9000 X104.097 Y115.745
G1 F2700 E371.34355
G0 F9000 X107.494 Y117.149
G0 X110.503 Y115.903
G0 X123.552 Y121.712
G0 X124.461 Y121.104
G0 X126.889 Y122.118
G0 X126.889 Y121.808
;TYPE:WALL-INNER
G1 F2700 E376.34355
G1 F1500 X126.675 Y121.708 E376.35141
G1 X126.488 Y121.509 E376.36049
G1 X124.286 Y117.701 E376.5068
G1 X124.265 Y117.46 E376.51485
G1 X124.344 Y117.199 E376.52391
G1 X126.547 Y113.391 E376.67024
G1 X126.742 Y113.253 E376.67818
G1 X127.008 Y113.192 E376.68726
G1 X131.288 Y113.191 E376.82961
G1 X131.553 Y113.253 E376.83866
G1 X131.748 Y113.388 E376.84655
G1 X133.952 Y117.199 E376.99298
G1 X134.031 Y117.459 E377.00202
G1 X134.012 Y117.698 E377.00999
G1 X131.808 Y121.509 E377.15642
G1 X131.623 Y121.708 E377.16545
G1 X131.406 Y121.808 E377.1734
G1 X126.889 Y121.808 E377.32364
G0 F9000 X126.889 Y122.118
G0 X129.149 Y122.932
G0 X129.148 Y123.238
G1 F1500 X129.901 Y123.191 E377.34873
G1 X130.639 Y123.043 E377.37376
G1 X131.342 Y122.804 E377.39846
G1 X132.019 Y122.471 E377.42355
G1 X132.641 Y122.055 E377.44844
G1 X133.206 Y121.558 E377.47347
G1 X133.702 Y120.994 E377.49845
G1 X134.118 Y120.367 E377.52348
G1 X134.453 Y119.691 E377.54857
G1 X134.695 Y118.991 E377.57321
G1 X134.839 Y118.25 E377.59831
G1 X134.89 Y117.5 E377.62331
G1 X134.839 Y116.747 E377.64842
G1 X134.695 Y116.008 E377.67346
G1 X134.453 Y115.304 E377.69822
G1 X134.119 Y114.628 E377.7233
G1 X133.702 Y114.002 E377.74831
G1 X133.206 Y113.438 E377.77329
G1 X132.641 Y112.942 E377.7983
G1 X132.019 Y112.525 E377.82321
G1 X131.342 Y112.192 E377.8483
G1 X130.639 Y111.953 E377.873
G1 X129.901 Y111.805 E377.89803
G1 X129.148 Y111.758 E377.92313
G1 X128.395 Y111.805 E377.94822
G1 X127.657 Y111.953 E377.97325
G1 X126.955 Y112.193 E377.99793
G1 X126.277 Y112.525 E378.02304
G1 X125.655 Y112.941 E378.04793
G1 X125.09 Y113.438 E378.07295
G1 X124.594 Y114.002 E378.09794
G1 X124.178 Y114.629 E378.12296
G1 X123.844 Y115.304 E378.14801
G1 X123.601 Y116.009 E378.17281
G1 X123.457 Y116.747 E378.19782
G1 X123.406 Y117.5 E378.22292
G1 X123.456 Y118.25 E378.24792
G1 X123.601 Y118.991 E378.27304
G1 X123.843 Y119.691 E378.29767
G1 X124.177 Y120.367 E378.32275
G1 X124.594 Y120.994 E378.3478
G1 X125.089 Y121.559 E378.37278
G1 X125.655 Y122.055 E378.39781
G1 X126.277 Y122.47 E378.42268
G1 X126.954 Y122.804 E378.44779
G1 X127.657 Y123.043 E378.47248
G1 X128.395 Y123.191 E378.49752
G1 X129.148 Y123.238 E378.52261
G0 F9000 X129.148 Y123.639
;TYPE:WALL-OUTER
G1 F1500 X129.953 Y123.589 E378.54944
G1 X130.743 Y123.43 E378.57624
G1 X131.495 Y123.174 E378.60266
G1 X132.219 Y122.818 E378.6295
G1 X132.885 Y122.373 E378.65614
G1 X133.49 Y121.842 E378.68291
G1 X134.02 Y121.238 E378.70964
G1 X134.466 Y120.567 E378.73644
G1 X134.823 Y119.846 E378.76319
G1 X135.082 Y119.095 E378.78962
G1 X135.237 Y118.302 E378.81649
G1 X135.291 Y117.5 E378.84323
G1 X135.237 Y116.695 E378.87006
G1 X135.082 Y115.904 E378.89687
G1 X134.823 Y115.15 E378.92339
G1 X134.466 Y114.428 E378.95017
G1 X134.02 Y113.758 E378.97695
G1 X133.49 Y113.154 E379.00367
G1 X132.885 Y112.624 E379.03042
G1 X132.219 Y112.178 E379.05708
G1 X131.495 Y111.822 E379.08392
G1 X130.743 Y111.566 E379.11034
G1 X129.953 Y111.407 E379.13714
G1 X129.148 Y111.357 E379.16397
G1 X128.343 Y111.407 E379.19079
G1 X127.553 Y111.566 E379.21759
G1 X126.801 Y111.822 E379.24402
G1 X126.077 Y112.178 E379.27085
G1 X125.411 Y112.623 E379.29749
G1 X124.806 Y113.154 E379.32426
G1 X124.276 Y113.758 E379.35099
G1 X123.83 Y114.429 E379.37779
G1 X123.474 Y115.15 E379.40453
G1 X123.214 Y115.905 E379.43109
G1 X123.059 Y116.695 E379.45787
G1 X123.005 Y117.5 E379.4847
G1 X123.059 Y118.302 E379.51144
G1 X123.214 Y119.095 E379.53831
G1 X123.473 Y119.846 E379.56473
G1 X123.83 Y120.567 E379.59149
G1 X124.276 Y121.238 E379.61829
G1 X124.806 Y121.842 E379.64502
G1 X125.411 Y122.373 E379.67179
G1 X126.077 Y122.818 E379.69843
G1 X126.801 Y123.174 E379.72527
G1 X127.553 Y123.43 E379.75169
G1 X128.343 Y123.589 E379.77849
G1 X129.148 Y123.639 E379.80532
G1 F2700 E374.80532
G0 F9000 X129.149 Y122.932
G0 X126.967 Y122.118
G0 X126.967 Y121.408
G1 F2700 E379.80532
G1 F1500 X126.834 Y121.309 E379.81083
G1 X124.671 Y117.567 E379.95459
G1 X124.69 Y117.399 E379.96021
G1 X126.854 Y113.658 E380.10395
G1 X127.008 Y113.592 E380.10953
G1 X131.288 Y113.591 E380.25188
G1 X131.442 Y113.658 E380.25747
G1 X133.606 Y117.399 E380.40121
G1 X133.633 Y117.5 E380.40469
G1 X133.606 Y117.601 E380.40816
G1 X131.462 Y121.309 E380.55062
G1 X131.327 Y121.408 E380.55619
G1 X126.967 Y121.408 E380.70121
G0 F9000 X127.544 Y121.888
;TYPE:FILL
G1 F3000 X128.792 Y123.135 E380.75989
G1 X128.832 Y123.138
G1 X130.083 Y121.888 E380.81871
G0 F9000 X130.083 Y122.118
G0 X131.778 Y122.052
G0 X132.437 Y121.04
G0 X132.237 Y120.924
G1 F3000 X132.971 Y121.658 E380.85323
G0 F9000 X132.824 Y121.488
G0 X134.07 Y118.211
G0 X133.873 Y118.097
G1 F3000 X134.787 Y117.183 E380.89622
G0 F9000 X134.788 Y117.817
G1 F3000 X133.872 Y116.902 E380.93928
G0 F9000 X134.07 Y116.789
G0 X132.438 Y113.961
G0 X132.238 Y114.075
G1 F3000 X132.974 Y113.339 E380.9739
G0 F9000 X132.823 Y113.511
G0 X131.778 Y112.948
G0 X130.081 Y112.882
G0 X130.081 Y113.111
G1 F3000 X128.829 Y111.859 E381.03279
G1 X128.797 Y111.86
G1 X127.545 Y113.112 E381.09168
G0 F9000 X127.545 Y112.882
G0 X126.521 Y112.948
G0 X125.616 Y114.386
G0 X125.813 Y114.5
G1 F3000 X124.987 Y113.674 E381.13054
G0 F9000 X125.161 Y113.827
G0 X125.145 Y115.203
G0 X125.34 Y115.316
G1 F3000 X123.51 Y117.146 E381.21661
G0 F9000 X123.51 Y117.853
G1 F3000 X125.339 Y119.682 E381.30264
G0 F9000 X125.812 Y120.502
G1 F3000 X124.989 Y121.325 E381.34136
G0 F9000 X125.388 Y120.978
G1 F2700 E376.34136
;MESH:NONMESH
G0 F300 X125.388 Y120.978 Z3.2
G0 F9000 X124.029 Y120.457
G0 X123.049 Y120.942
G0 X109.093 Y121.559
G0 X108.225 Y120.894
G0 X104.797 Y121.81
G0 X104.832 Y121.555
;TIME_ELAPSED:647.224967
;LAYER:15
;TYPE:WALL-INNER
;MESH:FT10-Input Crank.stl
G1 F2700 E381.34136
G1 F1174.2 X103.777 Y121.417 E381.38656
G1 F1171.9 X102.803 Y121.014 E381.43144
G1 F1176.5 X101.96 Y120.369 E381.47645
G1 X101.314 Y119.526 E381.52149
G1 F1174.2 X100.912 Y118.555 E381.56614
G1 F1176.5 X100.773 Y117.5 E381.61127
G1 X100.912 Y116.445 E381.6564
G1 F1171.9 X101.315 Y115.472 E381.70123
G1 F1174.2 X101.961 Y114.629 E381.74636
G1 X102.803 Y113.985 E381.7914
G1 F1171.9 X103.777 Y113.58 E381.83631
G1 F1176.5 X104.832 Y113.441 E381.88143
G1 X105.886 Y113.58 E381.92652
G1 X106.857 Y113.982 E381.97108
G1 X107.699 Y114.628 E382.01609
G1 X108.344 Y115.469 E382.06103
G1 X108.747 Y116.446 E382.10585
G1 X108.887 Y117.5 E382.15094
G1 X108.748 Y118.551 E382.1959
G1 X108.344 Y119.527 E382.24069
G1 X107.699 Y120.368 E382.28564
G1 X106.857 Y121.014 E382.33064
G1 F1171.9 X105.885 Y121.417 E382.37544
G1 F1174.2 X104.832 Y121.555 E382.42056
G0 F9000 X104.832 Y122.067
G1 F1174.2 X106.02 Y121.912 E382.47147
G1 F1171.9 X107.112 Y121.459 E382.5218
G1 F1176.5 X108.061 Y120.729 E382.57257
G1 X108.787 Y119.781 E382.62321
G1 X109.241 Y118.684 E382.67356
G1 X109.399 Y117.5 E382.72421
G1 X109.242 Y116.312 E382.77503
G1 X108.787 Y115.215 E382.82539
G1 X108.061 Y114.267 E382.87603
G1 X107.113 Y113.537 E382.92677
G1 X106.021 Y113.087 E382.97685
G1 X104.832 Y112.929 E383.02772
G1 X103.643 Y113.087 E383.07858
G1 F1171.9 X102.548 Y113.538 E383.129
G1 F1174.2 X101.599 Y114.267 E383.17984
G1 X100.869 Y115.215 E383.23068
G1 F1171.9 X100.419 Y116.311 E383.28112
G1 F1176.5 X100.261 Y117.5 E383.33199
G1 X100.419 Y118.689 E383.38285
G1 F1174.2 X100.869 Y119.781 E383.43304
G1 F1176.5 X101.599 Y120.729 E383.48378
G1 X102.548 Y121.459 E383.53455
G1 F1171.9 X103.643 Y121.912 E383.585
G1 F1174.2 X104.832 Y122.067 E383.63595
G0 F9000 X104.832 Y122.526
;TYPE:WALL-OUTER
G1 F1500 X106.139 Y122.357 E383.67978
G1 X107.342 Y121.857 E383.72311
G1 X108.385 Y121.053 E383.76691
G1 X109.185 Y120.011 E383.8106
G1 X109.685 Y118.803 E383.85409
G1 X109.858 Y117.5 E383.89781
G1 X109.685 Y116.193 E383.94166
G1 X109.185 Y114.985 E383.98514
G1 X108.385 Y113.943 E384.02883
G1 X107.343 Y113.139 E384.07261
G1 X106.139 Y112.643 E384.11592
G1 X104.832 Y112.47 E384.15977
G1 X103.525 Y112.643 E384.20362
G1 X102.317 Y113.139 E384.24705
G1 X101.275 Y113.943 E384.29083
G1 X100.471 Y114.985 E384.3346
G1 X99.975 Y116.193 E384.37803
G1 X99.802 Y117.5 E384.42188
G1 X99.975 Y118.807 E384.46573
G1 X100.471 Y120.011 E384.50904
G1 X101.275 Y121.053 E384.55282
G1 X102.318 Y121.857 E384.59662
G1 X103.524 Y122.357 E384.64004
G1 X104.832 Y122.526 E384.68391
G0 F9000 X104.832 Y121.815
G0 X104.832 Y121.103
G1 F1500 X103.925 Y120.983 E384.71434
G1 X103.028 Y120.618 E384.74655
G1 X102.283 Y120.054 E384.77763
G1 X101.71 Y119.3 E384.80912
G1 X101.351 Y118.434 E384.8403
G1 X101.225 Y117.5 E384.87165
G1 X101.345 Y116.593 E384.90208
G1 X101.71 Y115.7 E384.93417
G1 X102.28 Y114.949 E384.96552
G1 X103.006 Y114.396 E384.99588
G1 X103.898 Y114.019 E385.02809
G1 X104.832 Y113.893 E385.05943
G1 X105.763 Y114.019 E385.09068
G1 X106.632 Y114.378 E385.12195
G1 X107.378 Y114.95 E385.15322
G1 X107.95 Y115.696 E385.18449
G1 X108.309 Y116.566 E385.21579
G1 X108.435 Y117.5 E385.24714
G1 X108.315 Y118.403 E385.27743
G1 X107.962 Y119.277 E385.30878
G1 X107.378 Y120.046 E385.3409
G1 X106.609 Y120.63 E385.37302
G1 X105.762 Y120.977 E385.40346
G1 X104.832 Y121.103 E385.43468
G0 F9000 X104.739 Y121.807
G0 X104.619 Y121.307
G0 X104.694 Y120.176
G0 X104.833 Y119.703
G0 X104.831 Y120.01
;TYPE:WALL-INNER
G1 F1500 X105.163 Y119.991 E385.44574
G1 X105.485 Y119.927 E385.45666
G1 X105.788 Y119.821 E385.46733
G1 X106.086 Y119.675 E385.47837
G1 X106.356 Y119.491 E385.48924
G1 X106.606 Y119.274 E385.50025
G1 X106.823 Y119.025 E385.51123
G1 X107.007 Y118.754 E385.52213
G1 X107.153 Y118.456 E385.53316
G1 X107.259 Y118.153 E385.54384
G1 X107.323 Y117.831 E385.55476
G1 X107.342 Y117.499 E385.56582
G1 X107.323 Y117.165 E385.57695
G1 X107.259 Y116.846 E385.58777
G1 X107.153 Y116.54 E385.59854
G1 X107.007 Y116.242 E385.60958
G1 X106.823 Y115.972 E385.62044
G1 X106.606 Y115.722 E385.63146
G1 X106.357 Y115.505 E385.64244
G1 X106.086 Y115.321 E385.65334
G1 X105.79 Y115.176 E385.6643
G1 X105.488 Y115.073 E385.67491
G1 X105.16 Y115.009 E385.68603
G1 X104.831 Y114.986 E385.697
G1 X104.499 Y115.008 E385.70806
G1 X104.172 Y115.073 E385.71915
G1 X103.87 Y115.176 E385.72976
G1 X103.574 Y115.321 E385.74073
G1 X103.303 Y115.505 E385.75162
G1 X103.054 Y115.722 E385.76261
G1 X102.837 Y115.971 E385.77359
G1 X102.653 Y116.242 E385.78449
G1 X102.508 Y116.538 E385.79545
G1 X102.405 Y116.842 E385.80613
G1 X102.337 Y117.171 E385.8173
G1 X102.317 Y117.5 E385.82826
G1 X102.337 Y117.828 E385.83919
G1 X102.404 Y118.153 E385.85023
G1 X102.508 Y118.458 E385.86095
G1 X102.653 Y118.754 E385.87191
G1 X102.837 Y119.025 E385.8828
G1 X103.054 Y119.274 E385.89379
G1 X103.303 Y119.491 E385.90477
G1 X103.574 Y119.675 E385.91567
G1 X103.872 Y119.821 E385.92671
G1 X104.175 Y119.927 E385.93738
G1 X104.497 Y119.991 E385.9483
G1 X104.831 Y120.01 E385.95943
G0 F9000 X104.831 Y120.411
;TYPE:WALL-OUTER
G1 F1500 X105.214 Y120.389 E385.97219
G1 X105.591 Y120.314 E385.98497
G1 X105.942 Y120.191 E385.99734
G1 X106.287 Y120.022 E386.01012
G1 X106.601 Y119.809 E386.02274
G1 X106.89 Y119.558 E386.03547
G1 X107.141 Y119.269 E386.0482
G1 X107.354 Y118.955 E386.06082
G1 X107.523 Y118.61 E386.0736
G1 X107.646 Y118.259 E386.08597
G1 X107.721 Y117.882 E386.09876
G1 X107.743 Y117.499 E386.11152
G1 X107.721 Y117.114 E386.12434
G1 X107.646 Y116.741 E386.137
G1 X107.523 Y116.386 E386.14949
G1 X107.354 Y116.041 E386.16227
G1 X107.141 Y115.727 E386.17489
G1 X106.89 Y115.438 E386.18762
G1 X106.601 Y115.187 E386.20035
G1 X106.287 Y114.974 E386.21297
G1 X105.943 Y114.806 E386.22571
G1 X105.592 Y114.686 E386.23804
G1 X105.213 Y114.611 E386.25089
G1 X104.831 Y114.585 E386.26363
G1 X104.447 Y114.611 E386.27643
G1 X104.068 Y114.686 E386.28928
G1 X103.717 Y114.806 E386.30162
G1 X103.373 Y114.974 E386.31435
G1 X103.059 Y115.187 E386.32697
G1 X102.77 Y115.438 E386.3397
G1 X102.519 Y115.727 E386.35243
G1 X102.306 Y116.041 E386.36505
G1 X102.138 Y116.385 E386.37779
G1 X102.018 Y116.737 E386.39015
G1 X101.939 Y117.119 E386.40313
G1 X101.917 Y117.5 E386.41582
G1 X101.939 Y117.881 E386.42852
G1 X102.018 Y118.259 E386.44136
G1 X102.138 Y118.611 E386.45373
G1 X102.306 Y118.955 E386.46646
G1 X102.519 Y119.269 E386.47908
G1 X102.77 Y119.558 E386.49181
G1 X103.059 Y119.809 E386.50454
G1 X103.373 Y120.022 E386.51716
G1 X103.718 Y120.191 E386.52994
G1 X104.069 Y120.314 E386.54231
G1 X104.446 Y120.389 E386.5551
G1 X104.831 Y120.411 E386.56792
G0 F9000 X104.832 Y119.703
G0 X104.005 Y119.541
G0 X103.93 Y119.756
;TYPE:FILL
G1 F3000 X107.088 Y116.598 E386.71646
G0 F9000 X106.872 Y116.671
G0 X106.874 Y118.327
G0 X107.088 Y118.401
G1 F3000 X103.928 Y115.241 E386.8651
G0 F9000 X104.097 Y115.745
G1 F2700 E381.8651
G0 F9000 X107.494 Y117.149
G0 X110.503 Y115.903
G0 X123.552 Y121.712
G0 X124.461 Y121.104
G0 X126.889 Y122.118
G0 X126.889 Y121.808
;TYPE:WALL-INNER
G1 F2700 E386.8651
G1 F1500 X126.675 Y121.708 E386.87296
G1 X126.488 Y121.509 E386.88204
G1 X124.286 Y117.701 E387.02835
G1 X124.265 Y117.46 E387.03639
G1 X124.344 Y117.199 E387.04546
G1 X126.547 Y113.391 E387.19178
G1 X126.742 Y113.253 E387.19973
G1 X127.008 Y113.192 E387.20881
G1 X131.288 Y113.191 E387.35116
G1 X131.553 Y113.253 E387.36021
G1 X131.748 Y113.388 E387.3681
G1 X133.952 Y117.199 E387.51453
G1 X134.031 Y117.459 E387.52356
G1 X134.012 Y117.698 E387.53154
G1 X131.808 Y121.509 E387.67796
G1 X131.623 Y121.708 E387.687
G1 X131.406 Y121.808 E387.69495
G1 X126.889 Y121.808 E387.84518
G0 F9000 X126.889 Y122.118
G0 X129.149 Y122.932
G0 X129.148 Y123.238
G1 F1500 X129.901 Y123.191 E387.87028
G1 X130.639 Y123.043 E387.89531
G1 X131.342 Y122.804 E387.92001
G1 X132.019 Y122.471 E387.9451
G1 X132.641 Y122.055 E387.96999
G1 X133.206 Y121.558 E387.99502
G1 X133.702 Y120.994 E388.02
G1 X134.118 Y120.367 E388.04502
G1 X134.453 Y119.691 E388.07012
G1 X134.695 Y118.991 E388.09475
G1 X134.839 Y118.25 E388.11986
G1 X134.89 Y117.5 E388.14486
G1 X134.839 Y116.747 E388.16996
G1 X134.695 Y116.008 E388.19501
G1 X134.453 Y115.304 E388.21977
G1 X134.119 Y114.628 E388.24484
G1 X133.702 Y114.002 E388.26986
G1 X133.206 Y113.438 E388.29484
G1 X132.641 Y112.942 E388.31985
G1 X132.019 Y112.525 E388.34475
G1 X131.342 Y112.192 E388.36985
G1 X130.639 Y111.953 E388.39454
G1 X129.901 Y111.805 E388.41958
G1 X129.148 Y111.758 E388.44467
G1 X128.395 Y111.805 E388.46977
G1 X127.657 Y111.953 E388.4948
G1 X126.955 Y112.193 E388.51948
G1 X126.277 Y112.525 E388.54459
G1 X125.655 Y112.941 E388.56947
G1 X125.09 Y113.438 E388.5945
G1 X124.594 Y114.002 E388.61948
G1 X124.178 Y114.629 E388.64451
G1 X123.844 Y115.304 E388.66956
G1 X123.601 Y116.009 E388.69436
G1 X123.457 Y116.747 E388.71937
G1 X123.406 Y117.5 E388.74447
G1 X123.456 Y118.25 E388.76947
G1 X123.601 Y118.991 E388.79458
G1 X123.843 Y119.691 E388.81922
G1 X124.177 Y120.367 E388.8443
G1 X124.594 Y120.994 E388.86934
G1 X125.089 Y121.559 E388.89433
G1 X125.655 Y122.055 E388.91936
G1 X126.277 Y122.47 E388.94423
G1 X126.954 Y122.804 E388.96934
G1 X127.657 Y123.043 E388.99403
G1 X128.395 Y123.191 E389.01907
G1 X129.148 Y123.238 E389.04416
G0 F9000 X129.148 Y123.639
;TYPE:WALL-OUTER
G1 F1500 X129.953 Y123.589 E389.07099
G1 X130.743 Y123.43 E389.09779
G1 X131.495 Y123.174 E389.12421
G1 X132.219 Y122.818 E389.15104
G1 X132.885 Y122.373 E389.17768
G1 X133.49 Y121.842 E389.20446
G1 X134.02 Y121.238 E389.23118
G1 X134.466 Y120.567 E389.25798
G1 X134.823 Y119.846 E389.28474
G1 X135.082 Y119.095 E389.31116
G1 X135.237 Y118.302 E389.33804
G1 X135.291 Y117.5 E389.36477
G1 X135.237 Y116.695 E389.39161
G1 X135.082 Y115.904 E389.41842
G1 X134.823 Y115.15 E389.44493
G1 X134.466 Y114.428 E389.47172
G1 X134.02 Y113.758 E389.49849
G1 X133.49 Y113.154 E389.52522
G1 X132.885 Y112.624 E389.55197
G1 X132.219 Y112.178 E389.57863
G1 X131.495 Y111.822 E389.60546
G1 X130.743 Y111.566 E389.63189
G1 X129.953 Y111.407 E389.65869
G1 X129.148 Y111.357 E389.68551
G1 X128.343 Y111.407 E389.71234
G1 X127.553 Y111.566 E389.73914
G1 X126.801 Y111.822 E389.76556
G1 X126.077 Y112.178 E389.7924
G1 X125.411 Y112.623 E389.81904
G1 X124.806 Y113.154 E389.84581
G1 X124.276 Y113.758 E389.87254
G1 X123.83 Y114.429 E389.89934
G1 X123.474 Y115.15 E389.92608
G1 X123.214 Y115.905 E389.95264
G1 X123.059 Y116.695 E389.97942
G1 X123.005 Y117.5 E390.00625
G1 X123.059 Y118.302 E390.03299
G1 X123.214 Y119.095 E390.05986
G1 X123.473 Y119.846 E390.08628
G1 X123.83 Y120.567 E390.11304
G1 X124.276 Y121.238 E390.13984
G1 X124.806 Y121.842 E390.16657
G1 X125.411 Y122.373 E390.19334
G1 X126.077 Y122.818 E390.21998
G1 X126.801 Y123.174 E390.24681
G1 X127.553 Y123.43 E390.27324
G1 X128.343 Y123.589 E390.30004
G1 X129.148 Y123.639 E390.32686
G1 F2700 E385.32686
G0 F9000 X129.149 Y122.932
G0 X126.967 Y122.118
G0 X126.967 Y121.408
G1 F2700 E390.32686
G1 F1500 X126.834 Y121.309 E390.33238
G1 X124.671 Y117.567 E390.47613
G1 X124.69 Y117.399 E390.48176
G1 X126.854 Y113.658 E390.6255
G1 X127.008 Y113.592 E390.63107
G1 X131.288 Y113.591 E390.77343
G1 X131.442 Y113.658 E390.77901
G1 X133.606 Y117.399 E390.92276
G1 X133.633 Y117.5 E390.92623
G1 X133.606 Y117.601 E390.92971
G1 X131.462 Y121.309 E391.07217
G1 X131.327 Y121.408 E391.07774
G1 X126.967 Y121.408 E391.22275
G0 F9000 X127.544 Y121.888
;TYPE:FILL
G1 F3000 X128.792 Y123.135 E391.28143
G1 X128.832 Y123.138
G1 X130.083 Y121.888 E391.34025
G0 F9000 X130.083 Y122.118
G0 X131.778 Y122.052
G0 X132.437 Y121.04
G0 X132.237 Y120.924
G1 F3000 X132.971 Y121.658 E391.37478
G0 F9000 X132.824 Y121.488
G0 X134.07 Y118.211
G0 X133.873 Y118.097
G1 F3000 X134.787 Y117.183 E391.41777
G0 F9000 X134.788 Y117.817
G1 F3000 X133.872 Y116.902 E391.46083
G0 F9000 X134.07 Y116.789
G0 X132.438 Y113.961
G0 X132.238 Y114.075
G1 F3000 X132.974 Y113.339 E391.49545
G0 F9000 X132.823 Y113.511
G0 X131.778 Y112.948
G0 X130.081 Y112.882
G0 X130.081 Y113.111
G1 F3000 X128.829 Y111.859 E391.55434
G1 X128.797 Y111.86
G1 X127.545 Y113.112 E391.61323
G0 F9000 X127.545 Y112.882
G0 X126.521 Y112.948
G0 X125.616 Y114.386
G0 X125.813 Y114.5
G1 F3000 X124.987 Y113.674 E391.65208
G0 F9000 X125.161 Y113.827
G0 X125.145 Y115.203
G0 X125.34 Y115.316
G1 F3000 X123.51 Y117.146 E391.73816
G0 F9000 X123.51 Y117.853
G1 F3000 X125.339 Y119.682 E391.82419
G0 F9000 X125.812 Y120.502
G1 F3000 X124.989 Y121.325 E391.8629
G0 F9000 X125.388 Y120.978
G1 F2700 E386.8629
;MESH:NONMESH
G0 F300 X125.388 Y120.978 Z3.4
G0 F9000 X124.029 Y120.457
G0 X123.049 Y120.942
G0 X109.093 Y121.559
G0 X108.225 Y120.894
G0 X104.797 Y121.81
G0 X104.832 Y121.555
;TIME_ELAPSED:665.526356
;LAYER:16
;TYPE:WALL-INNER
;MESH:FT10-Input Crank.stl
G1 F2700 E391.8629
G1 F1174.2 X103.777 Y121.417 E391.90811
G1 F1171.9 X102.803 Y121.014 E391.95299
G1 F1176.5 X101.96 Y120.369 E391.998
G1 X101.314 Y119.526 E392.04304
G1 F1174.2 X100.912 Y118.555 E392.08769
G1 F1176.5 X100.773 Y117.5 E392.13282
G1 X100.912 Y116.445 E392.17794
G1 F1171.9 X101.315 Y115.472 E392.22278
G1 F1174.2 X101.961 Y114.629 E392.26791
G1 X102.803 Y113.985 E392.31295
G1 F1171.9 X103.777 Y113.58 E392.35785
G1 F1176.5 X104.832 Y113.441 E392.40298
G1 X105.886 Y113.58 E392.44806
G1 X106.857 Y113.982 E392.49263
G1 X107.699 Y114.628 E392.53763
G1 X108.344 Y115.469 E392.58258
G1 X108.747 Y116.446 E392.6274
G1 X108.887 Y117.5 E392.67249
G1 X108.748 Y118.551 E392.71744
G1 X108.344 Y119.527 E392.76224
G1 X107.699 Y120.368 E392.80718
G1 X106.857 Y121.014 E392.85219
G1 F1171.9 X105.885 Y121.417 E392.89699
G1 F1174.2 X104.832 Y121.555 E392.94211
G0 F9000 X104.832 Y122.067
G1 F1174.2 X106.02 Y121.912 E392.99302
G1 F1171.9 X107.112 Y121.459 E393.04335
G1 F1176.5 X108.061 Y120.729 E393.09412
G1 X108.787 Y119.781 E393.14476
G1 X109.241 Y118.684 E393.1951
G1 X109.399 Y117.5 E393.24576
G1 X109.242 Y116.312 E393.29657
G1 X108.787 Y115.215 E393.34694
G1 X108.061 Y114.267 E393.39757
G1 X107.113 Y113.537 E393.44831
G1 X106.021 Y113.087 E393.4984
G1 X104.832 Y112.929 E393.54926
G1 X103.643 Y113.087 E393.60013
G1 F1171.9 X102.548 Y113.538 E393.65054
G1 F1174.2 X101.599 Y114.267 E393.70139
G1 X100.869 Y115.215 E393.75223
G1 F1171.9 X100.419 Y116.311 E393.80267
G1 F1176.5 X100.261 Y117.5 E393.85354
G1 X100.419 Y118.689 E393.9044
G1 F1174.2 X100.869 Y119.781 E393.95458
G1 F1176.5 X101.599 Y120.729 E394.00532
G1 X102.548 Y121.459 E394.0561
G1 F1171.9 X103.643 Y121.912 E394.10655
G1 F1174.2 X104.832 Y122.067 E394.15749
G0 F9000 X104.832 Y122.526
;TYPE:WALL-OUTER
G1 F1500 X106.139 Y122.357 E394.20133
G1 X107.342 Y121.857 E394.24466
G1 X108.385 Y121.053 E394.28846
G1 X109.185 Y120.011 E394.33215
G1 X109.685 Y118.803 E394.37563
G1 X109.858 Y117.5 E394.41935
G1 X109.685 Y116.193 E394.4632
G1 X109.185 Y114.985 E394.50669
G1 X108.385 Y113.943 E394.55038
G1 X107.343 Y113.139 E394.59415
G1 X106.139 Y112.643 E394.63746
G1 X104.832 Y112.47 E394.68132
G1 X103.525 Y112.643 E394.72517
G1 X102.317 Y113.139 E394.7686
G1 X101.275 Y113.943 E394.81237
G1 X100.471 Y114.985 E394.85615
G1 X99.975 Y116.193 E394.89958
G1 X99.802 Y117.5 E394.94343
G1 X99.975 Y118.807 E394.98728
G1 X100.471 Y120.011 E395.03059
G1 X101.275 Y121.053 E395.07437
G1 X102.318 Y121.857 E395.11817
G1 X103.524 Y122.357 E395.16159
G1 X104.832 Y122.526 E395.20545
G0 F9000 X104.832 Y121.815
G0 X104.832 Y121.103
G1 F1500 X103.898 Y120.977 E395.2368
G1 X103.028 Y120.618 E395.2681
G1 X102.283 Y120.054 E395.29918
G1 X101.71 Y119.3 E395.33068
G1 X101.351 Y118.434 E395.36186
G1 X101.225 Y117.5 E395.39321
G1 X101.345 Y116.593 E395.42364
G1 X101.71 Y115.7 E395.45572
G1 X102.28 Y114.949 E395.48708
G1 X103.006 Y114.396 E395.51744
G1 X103.898 Y114.019 E395.54964
G1 X104.832 Y113.893 E395.58099
G1 X105.763 Y114.019 E395.61224
G1 X106.632 Y114.378 E395.64351
G1 X107.378 Y114.95 E395.67478
G1 X107.95 Y115.696 E395.70604
G1 X108.309 Y116.566 E395.73735
G1 X108.435 Y117.5 E395.76869
G1 X108.315 Y118.403 E395.79899
G1 X107.962 Y119.277 E395.83034
G1 X107.378 Y120.046 E395.86246
G1 X106.609 Y120.63 E395.89457
G1 X105.762 Y120.977 E395.92502
G1 X104.832 Y121.103 E395.95623
G0 F9000 X104.739 Y121.807
G0 X104.619 Y121.307
G0 X104.694 Y120.176
G0 X104.833 Y119.703
G0 X104.831 Y120.01
;TYPE:WALL-INNER
G1 F1500 X105.163 Y119.991 E395.96729
G1 X105.485 Y119.927 E395.97821
G1 X105.788 Y119.821 E395.98889
G1 X106.086 Y119.675 E395.99993
G1 X106.356 Y119.491 E396.01079
G1 X106.606 Y119.274 E396.0218
G1 X106.823 Y119.025 E396.03279
G1 X107.007 Y118.754 E396.04368
G1 X107.153 Y118.456 E396.05472
G1 X107.259 Y118.153 E396.0654
G1 X107.323 Y117.831 E396.07632
G1 X107.342 Y117.499 E396.08738
G1 X107.323 Y117.165 E396.09851
G1 X107.259 Y116.846 E396.10933
G1 X107.153 Y116.54 E396.1201
G1 X107.007 Y116.242 E396.13113
G1 X106.823 Y115.972 E396.142
G1 X106.606 Y115.722 E396.15301
G1 X106.357 Y115.505 E396.164
G1 X106.086 Y115.321 E396.17489
G1 X105.79 Y115.176 E396.18586
G1 X105.488 Y115.073 E396.19647
G1 X105.16 Y115.009 E396.20758
G1 X104.831 Y114.986 E396.21855
G1 X104.499 Y115.008 E396.22962
G1 X104.172 Y115.073 E396.24071
G1 X103.87 Y115.176 E396.25132
G1 X103.574 Y115.321 E396.26228
G1 X103.303 Y115.505 E396.27318
G1 X103.054 Y115.722 E396.28416
G1 X102.837 Y115.971 E396.29515
G1 X102.653 Y116.242 E396.30604
G1 X102.508 Y116.538 E396.31701
G1 X102.405 Y116.842 E396.32768
G1 X102.337 Y117.171 E396.33886
G1 X102.317 Y117.5 E396.34982
G1 X102.337 Y117.828 E396.36075
G1 X102.404 Y118.153 E396.37179
G1 X102.508 Y118.458 E396.3825
G1 X102.653 Y118.754 E396.39347
G1 X102.837 Y119.025 E396.40436
G1 X103.054 Y119.274 E396.41535
G1 X103.303 Y119.491 E396.42633
G1 X103.574 Y119.675 E396.43723
G1 X103.872 Y119.821 E396.44826
G1 X104.175 Y119.927 E396.45894
G1 X104.497 Y119.991 E396.46986
G1 X104.831 Y120.01 E396.48099
G0 F9000 X104.831 Y120.411
;TYPE:WALL-OUTER
G1 F1500 X105.214 Y120.389 E396.49375
G1 X105.591 Y120.314 E396.50653
G1 X105.942 Y120.191 E396.5189
G1 X106.287 Y120.022 E396.53168
G1 X106.601 Y119.809 E396.5443
G1 X106.89 Y119.558 E396.55703
G1 X107.141 Y119.269 E396.56976
G1 X107.354 Y118.955 E396.58238
G1 X107.523 Y118.61 E396.59516
G1 X107.646 Y118.259 E396.60753
G1 X107.721 Y117.882 E396.62031
G1 X107.743 Y117.499 E396.63307
G1 X107.721 Y117.114 E396.6459
G1 X107.646 Y116.741 E396.65855
G1 X107.523 Y116.386 E396.67105
G1 X107.354 Y116.041 E396.68383
G1 X107.141 Y115.727 E396.69645
G1 X106.89 Y115.438 E396.70918
G1 X106.601 Y115.187 E396.72191
G1 X106.287 Y114.974 E396.73453
G1 X105.943 Y114.806 E396.74726
G1 X105.592 Y114.686 E396.7596
G1 X105.213 Y114.611 E396.77245
G1 X104.831 Y114.585 E396.78518
G1 X104.447 Y114.611 E396.79799
G1 X104.068 Y114.686 E396.81084
G1 X103.717 Y114.806 E396.82317
G1 X103.373 Y114.974 E396.83591
G1 X103.059 Y115.187 E396.84853
G1 X102.77 Y115.438 E396.86126
G1 X102.519 Y115.727 E396.87399
G1 X102.306 Y116.041 E396.88661
G1 X102.138 Y116.385 E396.89934
G1 X102.018 Y116.737 E396.91171
G1 X101.939 Y117.119 E396.92469
G1 X101.917 Y117.5 E396.93738
G1 X101.939 Y117.881 E396.95007
G1 X102.018 Y118.259 E396.96292
G1 X102.138 Y118.611 E396.97529
G1 X102.306 Y118.955 E396.98802
G1 X102.519 Y119.269 E397.00064
G1 X102.77 Y119.558 E397.01337
G1 X103.059 Y119.809 E397.0261
G1 X103.373 Y120.022 E397.03872
G1 X103.718 Y120.191 E397.0515
G1 X104.069 Y120.314 E397.06387
G1 X104.446 Y120.389 E397.07665
G1 X104.831 Y120.411 E397.08948
G0 F9000 X104.832 Y119.703
G0 X104.005 Y119.541
G0 X103.93 Y119.756
;TYPE:FILL
G1 F3000 X107.088 Y116.598 E397.23802
G0 F9000 X106.872 Y116.671
G0 X106.874 Y118.327
G0 X107.088 Y118.401
G1 F3000 X103.928 Y115.241 E397.38666
G0 F9000 X104.097 Y115.745
G1 F2700 E392.38666
G0 F9000 X107.494 Y117.149
G0 X110.503 Y115.903
G0 X123.552 Y121.712
G0 X124.461 Y121.104
G0 X126.889 Y122.118
G0 X126.889 Y121.808
;TYPE:WALL-INNER
G1 F2700 E397.38666
G1 F1500 X126.675 Y121.708 E397.39452
G1 X126.488 Y121.509 E397.4036
G1 X124.286 Y117.701 E397.5499
G1 X124.265 Y117.46 E397.55795
G1 X124.344 Y117.199 E397.56702
G1 X126.547 Y113.391 E397.71334
G1 X126.742 Y113.253 E397.72129
G1 X127.008 Y113.192 E397.73036
G1 X131.288 Y113.191 E397.87272
G1 X131.553 Y113.253 E397.88177
G1 X131.748 Y113.388 E397.88966
G1 X133.952 Y117.199 E398.03608
G1 X134.031 Y117.459 E398.04512
G1 X134.012 Y117.698 E398.05309
G1 X131.808 Y121.509 E398.19952
G1 X131.623 Y121.708 E398.20856
G1 X131.406 Y121.808 E398.2165
G1 X126.889 Y121.808 E398.36674
G0 F9000 X126.889 Y122.118
G0 X129.149 Y122.932
G0 X129.148 Y123.238
G1 F1500 X129.901 Y123.191 E398.39183
G1 X130.639 Y123.043 E398.41687
G1 X131.342 Y122.804 E398.44156
G1 X132.019 Y122.471 E398.46666
G1 X132.641 Y122.055 E398.49155
G1 X133.206 Y121.558 E398.51657
G1 X133.702 Y120.994 E398.54156
G1 X134.118 Y120.367 E398.56658
G1 X134.453 Y119.691 E398.59167
G1 X134.695 Y118.991 E398.61631
G1 X134.839 Y118.25 E398.64142
G1 X134.89 Y117.5 E398.66642
G1 X134.839 Y116.747 E398.69152
G1 X134.695 Y116.008 E398.71656
G1 X134.453 Y115.304 E398.74132
G1 X134.119 Y114.628 E398.7664
G1 X133.702 Y114.002 E398.79142
G1 X133.206 Y113.438 E398.8164
G1 X132.641 Y112.942 E398.8414
G1 X132.019 Y112.525 E398.86631
G1 X131.342 Y112.192 E398.89141
G1 X130.639 Y111.953 E398.9161
G1 X129.901 Y111.805 E398.94114
G1 X129.148 Y111.758 E398.96623
G1 X128.395 Y111.805 E398.99132
G1 X127.657 Y111.953 E399.01636
G1 X126.955 Y112.193 E399.04103
G1 X126.277 Y112.525 E399.06614
G1 X125.655 Y112.941 E399.09103
G1 X125.09 Y113.438 E399.11606
G1 X124.594 Y114.002 E399.14104
G1 X124.178 Y114.629 E399.16607
G1 X123.844 Y115.304 E399.19111
G1 X123.601 Y116.009 E399.21592
G1 X123.457 Y116.747 E399.24093
G1 X123.406 Y117.5 E399.26603
G1 X123.456 Y118.25 E399.29103
G1 X123.601 Y118.991 E399.31614
G1 X123.843 Y119.691 E399.34078
G1 X124.177 Y120.367 E399.36585
G1 X124.594 Y120.994 E399.3909
G1 X125.089 Y121.559 E399.41588
G1 X125.655 Y122.055 E399.44091
G1 X126.277 Y122.47 E399.46578
G1 X126.954 Y122.804 E399.49089
G1 X127.657 Y123.043 E399.51559
G1 X128.395 Y123.191 E399.54062
G1 X129.148 Y123.238 E399.56572
G0 F9000 X129.148 Y123.639
;TYPE:WALL-OUTER
G1 F1500 X129.953 Y123.589 E399.59254
G1 X130.743 Y123.43 E399.61934
G1 X131.495 Y123.174 E399.64577
G1 X132.219 Y122.818 E399.6726
G1 X132.885 Y122.373 E399.69924
G1 X133.49 Y121.842 E399.72601
G1 X134.02 Y121.238 E399.75274
G1 X134.466 Y120.567 E399.77954
G1 X134.823 Y119.846 E399.8063
G1 X135.082 Y119.095 E399.83272
G1 X135.237 Y118.302 E399.85959
G1 X135.291 Y117.5 E399.88633
G1 X135.237 Y116.695 E399.91316
G1 X135.082 Y115.904 E399.93997
G1 X134.823 Y115.15 E399.96649
G1 X134.466 Y114.428 E399.99328
G1 X134.02 Y113.758 E400.02005
G1 X133.49 Y113.154 E400.04678
G1 X132.885 Y112.624 E400.07353
G1 X132.219 Y112.178 E400.10019
G1 X131.495 Y111.822 E400.12702
G1 X130.743 Y111.566 E400.15344
G1 X129.953 Y111.407 E400.18024
G1 X129.148 Y111.357 E400.20707
G1 X128.343 Y111.407 E400.2339
G1 X127.553 Y111.566 E400.2607
G1 X126.801 Y111.822 E400.28712
G1 X126.077 Y112.178 E400.31395
G1 X125.411 Y112.623 E400.3406
G1 X124.806 Y113.154 E400.36737
G1 X124.276 Y113.758 E400.3941
G1 X123.83 Y114.429 E400.42089
G1 X123.474 Y115.15 E400.44764
G1 X123.214 Y115.905 E400.4742
G1 X123.059 Y116.695 E400.50097
G1 X123.005 Y117.5 E400.52781
G1 X123.059 Y118.302 E400.55454
G1 X123.214 Y119.095 E400.58142
G1 X123.473 Y119.846 E400.60784
G1 X123.83 Y120.567 E400.6346
G1 X124.276 Y121.238 E400.6614
G1 X124.806 Y121.842 E400.68812
G1 X125.411 Y122.373 E400.7149
G1 X126.077 Y122.818 E400.74154
G1 X126.801 Y123.174 E400.76837
G1 X127.553 Y123.43 E400.79479
G1 X128.343 Y123.589 E400.82159
G1 X129.148 Y123.639 E400.84842
G1 F2700 E395.84842
G0 F9000 X129.149 Y122.932
G0 X126.967 Y122.118
G0 X126.967 Y121.408
G1 F2700 E400.84842
G1 F1500 X126.834 Y121.309 E400.85394
G1 X124.671 Y117.567 E400.99769
G1 X124.69 Y117.399 E401.00331
G1 X126.854 Y113.658 E401.14706
G1 X127.008 Y113.592 E401.15263
G1 X131.288 Y113.591 E401.29498
G1 X131.442 Y113.658 E401.30057
G1 X133.606 Y117.399 E401.44431
G1 X133.633 Y117.5 E401.44779
G1 X133.606 Y117.601 E401.45127
G1 X131.462 Y121.309 E401.59373
G1 X131.327 Y121.408 E401.5993
G1 X126.967 Y121.408 E401.74431
G0 F9000 X127.544 Y121.888
;TYPE:FILL
G1 F3000 X128.792 Y123.135 E401.80299
G1 X128.832 Y123.138
G1 X130.083 Y121.888 E401.86181
G0 F9000 X130.083 Y122.118
G0 X131.778 Y122.052
G0 X132.437 Y121.04
G0 X132.237 Y120.924
G1 F3000 X132.971 Y121.658 E401.89633
G0 F9000 X132.824 Y121.488
G0 X134.07 Y118.211
G0 X133.873 Y118.097
G1 F3000 X134.787 Y117.183 E401.93933
G0 F9000 X134.788 Y117.817
G1 F3000 X133.872 Y116.902 E401.98239
G0 F9000 X134.07 Y116.789
G0 X132.438 Y113.961
G0 X132.238 Y114.075
G1 F3000 X132.974 Y113.339 E402.01701
G0 F9000 X132.823 Y113.511
G0 X131.778 Y112.948
G0 X130.081 Y112.882
G0 X130.081 Y113.111
G1 F3000 X128.829 Y111.859 E402.0759
G1 X128.797 Y111.86
G1 X127.545 Y113.112 E402.13479
G0 F9000 X127.545 Y112.882
G0 X126.521 Y112.948
G0 X125.616 Y114.386
G0 X125.813 Y114.5
G1 F3000 X124.987 Y113.674 E402.17364
G0 F9000 X125.161 Y113.827
G0 X125.145 Y115.203
G0 X125.34 Y115.316
G1 F3000 X123.51 Y117.146 E402.25972
G0 F9000 X123.51 Y117.853
G1 F3000 X125.339 Y119.682 E402.34575
G0 F9000 X125.812 Y120.502
G1 F3000 X124.989 Y121.325 E402.38446
G0 F9000 X125.388 Y120.978
G1 F2700 E397.38446
;MESH:NONMESH
G0 F300 X125.388 Y120.978 Z3.6
G0 F9000 X124.029 Y120.457
G0 X123.049 Y120.942
G0 X109.093 Y121.559
G0 X108.225 Y120.894
G0 X104.797 Y121.81
G0 X104.832 Y121.555
;TIME_ELAPSED:683.827754
;LAYER:17
;TYPE:WALL-INNER
;MESH:FT10-Input Crank.stl
G1 F2700 E402.38446
G1 F1174.2 X103.777 Y121.417 E402.42967
G1 F1171.9 X102.803 Y121.014 E402.47454
G1 F1176.5 X101.96 Y120.369 E402.51956
G1 X101.314 Y119.526 E402.56459
G1 F1174.2 X100.912 Y118.555 E402.60925
G1 F1176.5 X100.773 Y117.5 E402.65437
G1 X100.912 Y116.445 E402.6995
G1 F1171.9 X101.315 Y115.472 E402.74434
G1 F1174.2 X101.961 Y114.629 E402.78946
G1 X102.803 Y113.985 E402.8345
G1 F1171.9 X103.777 Y113.58 E402.87941
G1 F1176.5 X104.832 Y113.441 E402.92454
G1 X105.886 Y113.58 E402.96962
G1 X106.857 Y113.982 E403.01419
G1 X107.699 Y114.628 E403.05919
G1 X108.344 Y115.469 E403.10414
G1 X108.747 Y116.446 E403.14895
G1 X108.887 Y117.5 E403.19404
G1 X108.748 Y118.551 E403.239
G1 X108.344 Y119.527 E403.2838
G1 X107.699 Y120.368 E403.32874
G1 X106.857 Y121.014 E403.37375
G1 F1171.9 X105.885 Y121.417 E403.41854
G1 F1174.2 X104.832 Y121.555 E403.46367
G0 F9000 X104.832 Y122.067
G1 F1174.2 X106.02 Y121.912 E403.51457
G1 F1171.9 X107.112 Y121.459 E403.5649
G1 F1176.5 X108.061 Y120.729 E403.61568
G1 X108.787 Y119.781 E403.66631
G1 X109.241 Y118.684 E403.71666
G1 X109.399 Y117.5 E403.76731
G1 X109.242 Y116.312 E403.81813
G1 X108.787 Y115.215 E403.86849
G1 X108.061 Y114.267 E403.91913
G1 X107.113 Y113.537 E403.96987
G1 X106.021 Y113.087 E404.01996
G1 X104.832 Y112.929 E404.07082
G1 X103.643 Y113.087 E404.12169
G1 F1171.9 X102.548 Y113.538 E404.1721
G1 F1174.2 X101.599 Y114.267 E404.22295
G1 X100.869 Y115.215 E404.27379
G1 F1171.9 X100.419 Y116.311 E404.32423
G1 F1176.5 X100.261 Y117.5 E404.37509
G1 X100.419 Y118.689 E404.42596
G1 F1174.2 X100.869 Y119.781 E404.47614
G1 F1176.5 X101.599 Y120.729 E404.52688
G1 X102.548 Y121.459 E404.57765
G1 F1171.9 X103.643 Y121.912 E404.6281
G1 F1174.2 X104.832 Y122.067 E404.67905
G0 F9000 X104.832 Y122.526
;TYPE:WALL-OUTER
G1 F1500 X106.139 Y122.357 E404.72288
G1 X107.342 Y121.857 E404.76621
G1 X108.385 Y121.053 E404.81001
G1 X109.185 Y120.011 E404.85371
G1 X109.685 Y118.803 E404.89719
G1 X109.858 Y117.5 E404.94091
G1 X109.685 Y116.193 E404.98476
G1 X109.185 Y114.985 E405.02824
G1 X108.385 Y113.943 E405.07194
G1 X107.343 Y113.139 E405.11571
G1 X106.139 Y112.643 E405.15902
G1 X104.832 Y112.47 E405.20287
G1 X103.525 Y112.643 E405.24672
G1 X102.317 Y113.139 E405.29016
G1 X101.275 Y113.943 E405.33393
G1 X100.471 Y114.985 E405.3777
G1 X99.975 Y116.193 E405.42114
G1 X99.802 Y117.5 E405.46499
G1 X99.975 Y118.807 E405.50884
G1 X100.471 Y120.011 E405.55215
G1 X101.275 Y121.053 E405.59592
G1 X102.318 Y121.857 E405.63972
G1 X103.524 Y122.357 E405.68315
G1 X104.832 Y122.526 E405.72701
G0 F9000 X104.832 Y121.815
G0 X104.832 Y121.103
G1 F1500 X103.925 Y120.983 E405.75744
G1 X103.028 Y120.618 E405.78965
G1 X102.283 Y120.054 E405.82073
G1 X101.71 Y119.3 E405.85223
G1 X101.351 Y118.434 E405.88341
G1 X101.225 Y117.5 E405.91475
G1 X101.345 Y116.593 E405.94518
G1 X101.71 Y115.7 E405.97727
G1 X102.28 Y114.949 E406.00863
G1 X103.006 Y114.396 E406.03898
G1 X103.898 Y114.019 E406.07119
G1 X104.832 Y113.893 E406.10254
G1 X105.763 Y114.019 E406.13379
G1 X106.632 Y114.378 E406.16506
G1 X107.378 Y114.95 E406.19632
G1 X107.95 Y115.696 E406.22759
G1 X108.309 Y116.566 E406.25889
G1 X108.435 Y117.5 E406.29024
G1 X108.315 Y118.403 E406.32054
G1 X107.962 Y119.277 E406.35189
G1 X107.378 Y120.046 E406.38401
G1 X106.609 Y120.63 E406.41612
G1 X105.762 Y120.977 E406.44657
G1 X104.832 Y121.103 E406.47778
G0 F9000 X104.739 Y121.807
G0 X104.619 Y121.307
G0 X104.694 Y120.176
G0 X104.833 Y119.703
G0 X104.831 Y120.01
;TYPE:WALL-INNER
G1 F1500 X105.163 Y119.991 E406.48884
G1 X105.485 Y119.927 E406.49976
G1 X105.788 Y119.821 E406.51044
G1 X106.086 Y119.675 E406.52147
G1 X106.356 Y119.491 E406.53234
G1 X106.606 Y119.274 E406.54335
G1 X106.823 Y119.025 E406.55434
G1 X107.007 Y118.754 E406.56523
G1 X107.153 Y118.456 E406.57627
G1 X107.259 Y118.153 E406.58695
G1 X107.323 Y117.831 E406.59786
G1 X107.342 Y117.499 E406.60893
G1 X107.323 Y117.165 E406.62005
G1 X107.259 Y116.846 E406.63087
G1 X107.153 Y116.54 E406.64164
G1 X107.007 Y116.242 E406.65268
G1 X106.823 Y115.972 E406.66355
G1 X106.606 Y115.722 E406.67456
G1 X106.357 Y115.505 E406.68554
G1 X106.086 Y115.321 E406.69644
G1 X105.79 Y115.176 E406.7074
G1 X105.488 Y115.073 E406.71802
G1 X105.16 Y115.009 E406.72913
G1 X104.831 Y114.986 E406.7401
G1 X104.499 Y115.008 E406.75117
G1 X104.172 Y115.073 E406.76225
G1 X103.87 Y115.176 E406.77287
G1 X103.574 Y115.321 E406.78383
G1 X103.303 Y115.505 E406.79473
G1 X103.054 Y115.722 E406.80571
G1 X102.837 Y115.971 E406.8167
G1 X102.653 Y116.242 E406.82759
G1 X102.508 Y116.538 E406.83855
G1 X102.405 Y116.842 E406.84923
G1 X102.337 Y117.171 E406.8604
G1 X102.317 Y117.5 E406.87137
G1 X102.337 Y117.828 E406.8823
G1 X102.404 Y118.153 E406.89333
G1 X102.508 Y118.458 E406.90405
G1 X102.653 Y118.754 E406.91501
G1 X102.837 Y119.025 E406.92591
G1 X103.054 Y119.274 E406.93689
G1 X103.303 Y119.491 E406.94788
G1 X103.574 Y119.675 E406.95877
G1 X103.872 Y119.821 E406.96981
G1 X104.175 Y119.927 E406.98049
G1 X104.497 Y119.991 E406.99141
G1 X104.831 Y120.01 E407.00253
G0 F9000 X104.831 Y120.411
;TYPE:WALL-OUTER
G1 F1500 X105.214 Y120.389 E407.01529
G1 X105.591 Y120.314 E407.02808
G1 X105.942 Y120.191 E407.04045
G1 X106.287 Y120.022 E407.05323
G1 X106.601 Y119.809 E407.06585
G1 X106.89 Y119.558 E407.07858
G1 X107.141 Y119.269 E407.09131
G1 X107.354 Y118.955 E407.10393
G1 X107.523 Y118.61 E407.11671
G1 X107.646 Y118.259 E407.12908
G1 X107.721 Y117.882 E407.14186
G1 X107.743 Y117.499 E407.15462
G1 X107.721 Y117.114 E407.16745
G1 X107.646 Y116.741 E407.1801
G1 X107.523 Y116.386 E407.1926
G1 X107.354 Y116.041 E407.20537
G1 X107.141 Y115.727 E407.21799
G1 X106.89 Y115.438 E407.23073
G1 X106.601 Y115.187 E407.24346
G1 X106.287 Y114.974 E407.25608
G1 X105.943 Y114.806 E407.26881
G1 X105.592 Y114.686 E407.28115
G1 X105.213 Y114.611 E407.294
G1 X104.831 Y114.585 E407.30673
G1 X104.447 Y114.611 E407.31953
G1 X104.068 Y114.686 E407.33238
G1 X103.717 Y114.806 E407.34472
G1 X103.373 Y114.974 E407.35745
G1 X103.059 Y115.187 E407.37007
G1 X102.77 Y115.438 E407.38281
G1 X102.519 Y115.727 E407.39554
G1 X102.306 Y116.041 E407.40816
G1 X102.138 Y116.385 E407.42089
G1 X102.018 Y116.737 E407.43326
G1 X101.939 Y117.119 E407.44623
G1 X101.917 Y117.5 E407.45893
G1 X101.939 Y117.881 E407.47162
G1 X102.018 Y118.259 E407.48446
G1 X102.138 Y118.611 E407.49683
G1 X102.306 Y118.955 E407.50957
G1 X102.519 Y119.269 E407.52219
G1 X102.77 Y119.558 E407.53492
G1 X103.059 Y119.809 E407.54765
G1 X103.373 Y120.022 E407.56027
G1 X103.718 Y120.191 E407.57305
G1 X104.069 Y120.314 E407.58542
G1 X104.446 Y120.389 E407.5982
G1 X104.831 Y120.411 E407.61103
G0 F9000 X104.832 Y119.703
G0 X104.005 Y119.541
G0 X103.93 Y119.756
;TYPE:FILL
G1 F3000 X107.088 Y116.598 E407.75957
G0 F9000 X106.872 Y116.671
G0 X106.874 Y118.327
G0 X107.088 Y118.401
G1 F3000 X103.928 Y115.241 E407.90821
G0 F9000 X104.097 Y115.745
G1 F2700 E402.90821
G0 F9000 X107.494 Y117.149
G0 X110.503 Y115.903
G0 X123.552 Y121.712
G0 X124.461 Y121.104
G0 X126.889 Y122.118
G0 X126.889 Y121.808
;TYPE:WALL-INNER
G1 F2700 E407.90821
G1 F1500 X126.675 Y121.708 E407.91606
G1 X126.488 Y121.509 E407.92514
G1 X124.286 Y117.701 E408.07145
G1 X124.265 Y117.46 E408.0795
G1 X124.344 Y117.199 E408.08857
G1 X126.547 Y113.391 E408.23489
G1 X126.742 Y113.253 E408.24283
G1 X127.008 Y113.192 E408.25191
G1 X131.288 Y113.191 E408.39426
G1 X131.553 Y113.253 E408.40332
G1 X131.748 Y113.388 E408.4112
G1 X133.952 Y117.199 E408.55763
G1 X134.031 Y117.459 E408.56667
G1 X134.012 Y117.698 E408.57464
G1 X131.808 Y121.509 E408.72107
G1 X131.623 Y121.708 E408.7301
G1 X131.406 Y121.808 E408.73805
G1 X126.889 Y121.808 E408.88829
G0 F9000 X126.889 Y122.118
G0 X129.149 Y122.932
G0 X129.148 Y123.238
G1 F1500 X129.901 Y123.191 E408.91338
G1 X130.639 Y123.043 E408.93842
G1 X131.342 Y122.804 E408.96311
G1 X132.019 Y122.471 E408.98821
G1 X132.641 Y122.055 E409.01309
G1 X133.206 Y121.558 E409.03812
G1 X133.702 Y120.994 E409.0631
G1 X134.118 Y120.367 E409.08813
G1 X134.453 Y119.691 E409.11322
G1 X134.695 Y118.991 E409.13786
G1 X134.839 Y118.25 E409.16296
G1 X134.89 Y117.5 E409.18797
G1 X134.839 Y116.747 E409.21307
G1 X134.695 Y116.008 E409.23811
G1 X134.453 Y115.304 E409.26287
G1 X134.119 Y114.628 E409.28795
G1 X133.702 Y114.002 E409.31297
G1 X133.206 Y113.438 E409.33795
G1 X132.641 Y112.942 E409.36295
G1 X132.019 Y112.525 E409.38786
G1 X131.342 Y112.192 E409.41295
G1 X130.639 Y111.953 E409.43765
G1 X129.901 Y111.805 E409.46268
G1 X129.148 Y111.758 E409.48778
G1 X128.395 Y111.805 E409.51287
G1 X127.657 Y111.953 E409.53791
G1 X126.955 Y112.193 E409.56258
G1 X126.277 Y112.525 E409.58769
G1 X125.655 Y112.941 E409.61258
G1 X125.09 Y113.438 E409.63761
G1 X124.594 Y114.002 E409.66259
G1 X124.178 Y114.629 E409.68761
G1 X123.844 Y115.304 E409.71266
G1 X123.601 Y116.009 E409.73746
G1 X123.457 Y116.747 E409.76247
G1 X123.406 Y117.5 E409.78757
G1 X123.456 Y118.25 E409.81258
G1 X123.601 Y118.991 E409.83769
G1 X123.843 Y119.691 E409.86232
G1 X124.177 Y120.367 E409.8874
G1 X124.594 Y120.994 E409.91245
G1 X125.089 Y121.559 E409.93743
G1 X125.655 Y122.055 E409.96246
G1 X126.277 Y122.47 E409.98733
G1 X126.954 Y122.804 E410.01244
G1 X127.657 Y123.043 E410.03714
G1 X128.395 Y123.191 E410.06217
G1 X129.148 Y123.238 E410.08726
G0 F9000 X129.148 Y123.639
;TYPE:WALL-OUTER
G1 F1500 X129.953 Y123.589 E410.11409
G1 X130.743 Y123.43 E410.14089
G1 X131.495 Y123.174 E410.16731
G1 X132.219 Y122.818 E410.19415
G1 X132.885 Y122.373 E410.22079
G1 X133.49 Y121.842 E410.24756
G1 X134.02 Y121.238 E410.27429
G1 X134.466 Y120.567 E410.30109
G1 X134.823 Y119.846 E410.32785
G1 X135.082 Y119.095 E410.35427
G1 X135.237 Y118.302 E410.38114
G1 X135.291 Y117.5 E410.40788
G1 X135.237 Y116.695 E410.43471
G1 X135.082 Y115.904 E410.46152
G1 X134.823 Y115.15 E410.48804
G1 X134.466 Y114.428 E410.51483
G1 X134.02 Y113.758 E410.5416
G1 X133.49 Y113.154 E410.56832
G1 X132.885 Y112.624 E410.59507
G1 X132.219 Y112.178 E410.62173
G1 X131.495 Y111.822 E410.64857
G1 X130.743 Y111.566 E410.67499
G1 X129.953 Y111.407 E410.70179
G1 X129.148 Y111.357 E410.72862
G1 X128.343 Y111.407 E410.75544
G1 X127.553 Y111.566 E410.78225
G1 X126.801 Y111.822 E410.80867
G1 X126.077 Y112.178 E410.8355
G1 X125.411 Y112.623 E410.86214
G1 X124.806 Y113.154 E410.88892
G1 X124.276 Y113.758 E410.91564
G1 X123.83 Y114.429 E410.94244
G1 X123.474 Y115.15 E410.96918
G1 X123.214 Y115.905 E410.99574
G1 X123.059 Y116.695 E411.02252
G1 X123.005 Y117.5 E411.04935
G1 X123.059 Y118.302 E411.07609
G1 X123.214 Y119.095 E411.10296
G1 X123.473 Y119.846 E411.12939
G1 X123.83 Y120.567 E411.15615
G1 X124.276 Y121.238 E411.18294
G1 X124.806 Y121.842 E411.20967
G1 X125.411 Y122.373 E411.23644
G1 X126.077 Y122.818 E411.26308
G1 X126.801 Y123.174 E411.28992
G1 X127.553 Y123.43 E411.31634
G1 X128.343 Y123.589 E411.34314
G1 X129.148 Y123.639 E411.36997
G1 F2700 E406.36997
G0 F9000 X129.149 Y122.932
G0 X126.967 Y122.118
G0 X126.967 Y121.408
G1 F2700 E411.36997
G1 F1500 X126.834 Y121.309 E411.37548
G1 X124.671 Y117.567 E411.51924
G1 X124.69 Y117.399 E411.52486
G1 X126.854 Y113.658 E411.66861
G1 X127.008 Y113.592 E411.67418
G1 X131.288 Y113.591 E411.81653
G1 X131.442 Y113.658 E411.82212
G1 X133.606 Y117.399 E411.96586
G1 X133.633 Y117.5 E411.96934
G1 X133.606 Y117.601 E411.97282
G1 X131.462 Y121.309 E412.11528
G1 X131.327 Y121.408 E412.12084
G1 X126.967 Y121.408 E412.26586
G0 F9000 X127.544 Y121.888
;TYPE:FILL
G1 F3000 X128.792 Y123.135 E412.32454
G1 X128.832 Y123.138
G1 X130.083 Y121.888 E412.38336
G0 F9000 X130.083 Y122.118
G0 X131.778 Y122.052
G0 X132.437 Y121.04
G0 X132.237 Y120.924
G1 F3000 X132.971 Y121.658 E412.41788
G0 F9000 X132.824 Y121.488
G0 X134.07 Y118.211
G0 X133.873 Y118.097
G1 F3000 X134.787 Y117.183 E412.46087
G0 F9000 X134.788 Y117.817
G1 F3000 X133.872 Y116.902 E412.50394
G0 F9000 X134.07 Y116.789
G0 X132.438 Y113.961
G0 X132.238 Y114.075
G1 F3000 X132.974 Y113.339 E412.53855
G0 F9000 X132.823 Y113.511
G0 X131.778 Y112.948
G0 X130.081 Y112.882
G0 X130.081 Y113.111
G1 F3000 X128.829 Y111.859 E412.59744
G1 X128.797 Y111.86
G1 X127.545 Y113.112 E412.65634
G0 F9000 X127.545 Y112.882
G0 X126.521 Y112.948
G0 X125.616 Y114.386
G0 X125.813 Y114.5
G1 F3000 X124.987 Y113.674 E412.69519
G0 F9000 X125.161 Y113.827
G0 X125.145 Y115.203
G0 X125.34 Y115.316
G1 F3000 X123.51 Y117.146 E412.78127
G0 F9000 X123.51 Y117.853
G1 F3000 X125.339 Y119.682 E412.8673
G0 F9000 X125.812 Y120.502
G1 F3000 X124.989 Y121.325 E412.90601
G0 F9000 X125.388 Y120.978
G1 F2700 E407.90601
;MESH:NONMESH
G0 F300 X125.388 Y120.978 Z3.8
G0 F9000 X124.029 Y120.457
G0 X123.049 Y120.942
G0 X109.093 Y121.559
G0 X108.225 Y120.894
G0 X104.797 Y121.81
G0 X104.832 Y121.555
;TIME_ELAPSED:702.129142
;LAYER:18
;TYPE:WALL-INNER
;MESH:FT10-Input Crank.stl
G1 F2700 E412.90601
G1 F1174.2 X103.777 Y121.417 E412.95122
G1 F1171.9 X102.803 Y121.014 E412.99609
G1 F1176.5 X101.96 Y120.369 E413.0411
G1 X101.314 Y119.526 E413.08614
G1 F1174.2 X100.912 Y118.555 E413.1308
G1 F1176.5 X100.773 Y117.5 E413.17592
G1 X100.912 Y116.445 E413.22105
G1 F1171.9 X101.315 Y115.472 E413.26588
G1 F1174.2 X101.961 Y114.629 E413.31101
G1 X102.803 Y113.985 E413.35605
G1 F1171.9 X103.777 Y113.58 E413.40096
G1 F1176.5 X104.832 Y113.441 E413.44608
G1 X105.886 Y113.58 E413.49117
G1 X106.857 Y113.982 E413.53573
G1 X107.699 Y114.628 E413.58074
G1 X108.344 Y115.469 E413.62568
G1 X108.747 Y116.446 E413.6705
G1 X108.887 Y117.5 E413.71559
G1 X108.748 Y118.551 E413.76055
G1 X108.344 Y119.527 E413.80534
G1 X107.699 Y120.368 E413.85029
G1 X106.857 Y121.014 E413.89529
G1 F1171.9 X105.885 Y121.417 E413.94009
G1 F1174.2 X104.832 Y121.555 E413.98521
G0 F9000 X104.832 Y122.067
G1 F1174.2 X106.02 Y121.912 E414.03612
G1 F1171.9 X107.112 Y121.459 E414.08645
G1 F1176.5 X108.061 Y120.729 E414.13722
G1 X108.787 Y119.781 E414.18786
G1 X109.241 Y118.684 E414.23821
G1 X109.399 Y117.5 E414.28886
G1 X109.242 Y116.312 E414.33968
G1 X108.787 Y115.215 E414.39004
G1 X108.061 Y114.267 E414.44068
G1 X107.113 Y113.537 E414.49142
G1 X106.021 Y113.087 E414.5415
G1 X104.832 Y112.929 E414.59237
G1 X103.643 Y113.087 E414.64323
G1 F1171.9 X102.548 Y113.538 E414.69365
G1 F1174.2 X101.599 Y114.267 E414.7445
G1 X100.869 Y115.215 E414.79533
G1 F1171.9 X100.419 Y116.311 E414.84577
G1 F1176.5 X100.261 Y117.5 E414.89664
G1 X100.419 Y118.689 E414.9475
G1 F1174.2 X100.869 Y119.781 E414.99769
G1 F1176.5 X101.599 Y120.729 E415.04843
G1 X102.548 Y121.459 E415.0992
G1 F1171.9 X103.643 Y121.912 E415.14965
G1 F1174.2 X104.832 Y122.067 E415.2006
G0 F9000 X104.832 Y122.526
;TYPE:WALL-OUTER
G1 F1500 X106.139 Y122.357 E415.24443
G1 X107.342 Y121.857 E415.28776
G1 X108.385 Y121.053 E415.33156
G1 X109.185 Y120.011 E415.37525
G1 X109.685 Y118.803 E415.41874
G1 X109.858 Y117.5 E415.46246
G1 X109.685 Y116.193 E415.50631
G1 X109.185 Y114.985 E415.54979
G1 X108.385 Y113.943 E415.59348
G1 X107.343 Y113.139 E415.63726
G1 X106.139 Y112.643 E415.68057
G1 X104.832 Y112.47 E415.72442
G1 X103.525 Y112.643 E415.76827
G1 X102.317 Y113.139 E415.8117
G1 X101.275 Y113.943 E415.85548
G1 X100.471 Y114.985 E415.89925
G1 X99.975 Y116.193 E415.94268
G1 X99.802 Y117.5 E415.98653
G1 X99.975 Y118.807 E416.03038
G1 X100.471 Y120.011 E416.0737
G1 X101.275 Y121.053 E416.11747
G1 X102.318 Y121.857 E416.16127
G1 X103.524 Y122.357 E416.20469
G1 X104.832 Y122.526 E416.24856
G0 F9000 X104.832 Y121.815
G0 X104.832 Y121.103
G1 F1500 X103.925 Y120.983 E416.27899
G1 X103.028 Y120.618 E416.3112
G1 X102.283 Y120.054 E416.34228
G1 X101.71 Y119.3 E416.37377
G1 X101.351 Y118.434 E416.40495
G1 X101.225 Y117.5 E416.4363
G1 X101.345 Y116.593 E416.46673
G1 X101.71 Y115.7 E416.49882
G1 X102.28 Y114.949 E416.53018
G1 X103.006 Y114.396 E416.56053
G1 X103.898 Y114.019 E416.59274
G1 X104.832 Y113.893 E416.62409
G1 X105.763 Y114.019 E416.65533
G1 X106.632 Y114.378 E416.68661
G1 X107.378 Y114.95 E416.71787
G1 X107.95 Y115.696 E416.74914
G1 X108.309 Y116.566 E416.78044
G1 X108.435 Y117.5 E416.81179
G1 X108.315 Y118.403 E416.84209
G1 X107.962 Y119.277 E416.87344
G1 X107.378 Y120.046 E416.90555
G1 X106.609 Y120.63 E416.93767
G1 X105.762 Y120.977 E416.96811
G1 X104.832 Y121.103 E416.99933
G0 F9000 X104.739 Y121.807
G0 X104.619 Y121.307
G0 X104.694 Y120.176
G0 X104.833 Y119.703
G0 X104.831 Y120.01
;TYPE:WALL-INNER
G1 F1500 X105.163 Y119.991 E417.01039
G1 X105.485 Y119.927 E417.02131
G1 X105.788 Y119.821 E417.03198
G1 X106.086 Y119.675 E417.04302
G1 X106.356 Y119.491 E417.05389
G1 X106.606 Y119.274 E417.0649
G1 X106.823 Y119.025 E417.07588
G1 X107.007 Y118.754 E417.08678
G1 X107.153 Y118.456 E417.09782
G1 X107.259 Y118.153 E417.10849
G1 X107.323 Y117.831 E417.11941
G1 X107.342 Y117.499 E417.13047
G1 X107.323 Y117.165 E417.1416
G1 X107.259 Y116.846 E417.15242
G1 X107.153 Y116.54 E417.16319
G1 X107.007 Y116.242 E417.17423
G1 X106.823 Y115.972 E417.1851
G1 X106.606 Y115.722 E417.19611
G1 X106.357 Y115.505 E417.20709
G1 X106.086 Y115.321 E417.21799
G1 X105.79 Y115.176 E417.22895
G1 X105.488 Y115.073 E417.23956
G1 X105.16 Y115.009 E417.25068
G1 X104.831 Y114.986 E417.26165
G1 X104.499 Y115.008 E417.27271
G1 X104.172 Y115.073 E417.2838
G1 X103.87 Y115.176 E417.29441
G1 X103.574 Y115.321 E417.30538
G1 X103.303 Y115.505 E417.31627
G1 X103.054 Y115.722 E417.32726
G1 X102.837 Y115.971 E417.33824
G1 X102.653 Y116.242 E417.34914
G1 X102.508 Y116.538 E417.3601
G1 X102.405 Y116.842 E417.37078
G1 X102.337 Y117.171 E417.38195
G1 X102.317 Y117.5 E417.39291
G1 X102.337 Y117.828 E417.40384
G1 X102.404 Y118.153 E417.41488
G1 X102.508 Y118.458 E417.4256
G1 X102.653 Y118.754 E417.43656
G1 X102.837 Y119.025 E417.44745
G1 X103.054 Y119.274 E417.45844
G1 X103.303 Y119.491 E417.46943
G1 X103.574 Y119.675 E417.48032
G1 X103.872 Y119.821 E417.49136
G1 X104.175 Y119.927 E417.50203
G1 X104.497 Y119.991 E417.51295
G1 X104.831 Y120.01 E417.52408
G0 F9000 X104.831 Y120.411
;TYPE:WALL-OUTER
G1 F1500 X105.214 Y120.389 E417.53684
G1 X105.591 Y120.314 E417.54962
G1 X105.942 Y120.191 E417.562
G1 X106.287 Y120.022 E417.57477
G1 X106.601 Y119.809 E417.58739
G1 X106.89 Y119.558 E417.60012
G1 X107.141 Y119.269 E417.61286
G1 X107.354 Y118.955 E417.62547
G1 X107.523 Y118.61 E417.63825
G1 X107.646 Y118.259 E417.65062
G1 X107.721 Y117.882 E417.66341
G1 X107.743 Y117.499 E417.67617
G1 X107.721 Y117.114 E417.68899
G1 X107.646 Y116.741 E417.70165
G1 X107.523 Y116.386 E417.71414
G1 X107.354 Y116.041 E417.72692
G1 X107.141 Y115.727 E417.73954
G1 X106.89 Y115.438 E417.75227
G1 X106.601 Y115.187 E417.765
G1 X106.287 Y114.974 E417.77762
G1 X105.943 Y114.806 E417.79036
G1 X105.592 Y114.686 E417.80269
G1 X105.213 Y114.611 E417.81554
G1 X104.831 Y114.585 E417.82828
G1 X104.447 Y114.611 E417.84108
G1 X104.068 Y114.686 E417.85393
G1 X103.717 Y114.806 E417.86627
G1 X103.373 Y114.974 E417.879
G1 X103.059 Y115.187 E417.89162
G1 X102.77 Y115.438 E417.90435
G1 X102.519 Y115.727 E417.91708
G1 X102.306 Y116.041 E417.9297
G1 X102.138 Y116.385 E417.94244
G1 X102.018 Y116.737 E417.95481
G1 X101.939 Y117.119 E417.96778
G1 X101.917 Y117.5 E417.98047
G1 X101.939 Y117.881 E417.99317
G1 X102.018 Y118.259 E418.00601
G1 X102.138 Y118.611 E418.01838
G1 X102.306 Y118.955 E418.03111
G1 X102.519 Y119.269 E418.04373
G1 X102.77 Y119.558 E418.05646
G1 X103.059 Y119.809 E418.06919
G1 X103.373 Y120.022 E418.08181
G1 X103.718 Y120.191 E418.09459
G1 X104.069 Y120.314 E418.10696
G1 X104.446 Y120.389 E418.11975
G1 X104.831 Y120.411 E418.13257
G0 F9000 X104.832 Y119.703
G0 X104.005 Y119.541
G0 X103.93 Y119.756
;TYPE:FILL
G1 F3000 X107.088 Y116.598 E418.28112
G0 F9000 X106.872 Y116.671
G0 X106.874 Y118.327
G0 X107.088 Y118.401
G1 F3000 X103.928 Y115.241 E418.42975
G0 F9000 X104.097 Y115.745
G1 F2700 E413.42975
G0 F9000 X107.494 Y117.149
G0 X110.503 Y115.903
G0 X123.552 Y121.712
G0 X124.461 Y121.104
G0 X126.889 Y122.118
G0 X126.889 Y121.808
;TYPE:WALL-INNER
G1 F2700 E418.42975
G1 F1500 X126.675 Y121.708 E418.43761
G1 X126.488 Y121.509 E418.44669
G1 X124.286 Y117.701 E418.593
G1 X124.265 Y117.46 E418.60104
G1 X124.344 Y117.199 E418.61011
G1 X126.547 Y113.391 E418.75644
G1 X126.742 Y113.253 E418.76438
G1 X127.008 Y113.192 E418.77346
G1 X131.288 Y113.191 E418.91581
G1 X131.553 Y113.253 E418.92486
G1 X131.748 Y113.388 E418.93275
G1 X133.952 Y117.199 E419.07918
G1 X134.031 Y117.459 E419.08821
G1 X134.012 Y117.698 E419.09619
G1 X131.808 Y121.509 E419.24261
G1 X131.623 Y121.708 E419.25165
G1 X131.406 Y121.808 E419.2596
G1 X126.889 Y121.808 E419.40983
G0 F9000 X126.889 Y122.118
G0 X129.149 Y122.932
G0 X129.148 Y123.238
G1 F1500 X129.901 Y123.191 E419.43493
G1 X130.639 Y123.043 E419.45996
G1 X131.342 Y122.804 E419.48466
G1 X132.019 Y122.471 E419.50975
G1 X132.641 Y122.055 E419.53464
G1 X133.206 Y121.558 E419.55967
G1 X133.702 Y120.994 E419.58465
G1 X134.118 Y120.367 E419.60968
G1 X134.453 Y119.691 E419.63477
G1 X134.695 Y118.991 E419.6594
G1 X134.839 Y118.25 E419.68451
G1 X134.89 Y117.5 E419.70951
G1 X134.839 Y116.747 E419.73462
G1 X134.695 Y116.008 E419.75966
G1 X134.453 Y115.304 E419.78442
G1 X134.119 Y114.628 E419.8095
G1 X133.702 Y114.002 E419.83451
G1 X133.206 Y113.438 E419.85949
G1 X132.641 Y112.942 E419.8845
G1 X132.019 Y112.525 E419.90941
G1 X131.342 Y112.192 E419.9345
G1 X130.639 Y111.953 E419.9592
G1 X129.901 Y111.805 E419.98423
G1 X129.148 Y111.758 E420.00932
G1 X128.395 Y111.805 E420.03442
G1 X127.657 Y111.953 E420.05945
G1 X126.955 Y112.193 E420.08413
G1 X126.277 Y112.525 E420.10924
G1 X125.655 Y112.941 E420.13412
G1 X125.09 Y113.438 E420.15915
G1 X124.594 Y114.002 E420.18413
G1 X124.178 Y114.629 E420.20916
G1 X123.844 Y115.304 E420.23421
G1 X123.601 Y116.009 E420.25901
G1 X123.457 Y116.747 E420.28402
G1 X123.406 Y117.5 E420.30912
G1 X123.456 Y118.25 E420.33412
G1 X123.601 Y118.991 E420.35924
G1 X123.843 Y119.691 E420.38387
G1 X124.177 Y120.367 E420.40895
G1 X124.594 Y120.994 E420.43399
G1 X125.089 Y121.559 E420.45898
G1 X125.655 Y122.055 E420.48401
G1 X126.277 Y122.47 E420.50888
G1 X126.954 Y122.804 E420.53399
G1 X127.657 Y123.043 E420.55868
G1 X128.395 Y123.191 E420.58372
G1 X129.148 Y123.238 E420.60881
G0 F9000 X129.148 Y123.639
;TYPE:WALL-OUTER
G1 F1500 X129.953 Y123.589 E420.63564
G1 X130.743 Y123.43 E420.66244
G1 X131.495 Y123.174 E420.68886
G1 X132.219 Y122.818 E420.71569
G1 X132.885 Y122.373 E420.74234
G1 X133.49 Y121.842 E420.76911
G1 X134.02 Y121.238 E420.79584
G1 X134.466 Y120.567 E420.82263
G1 X134.823 Y119.846 E420.84939
G1 X135.082 Y119.095 E420.87581
G1 X135.237 Y118.302 E420.90269
G1 X135.291 Y117.5 E420.92942
G1 X135.237 Y116.695 E420.95626
G1 X135.082 Y115.904 E420.98307
G1 X134.823 Y115.15 E421.00958
G1 X134.466 Y114.428 E421.03637
G1 X134.02 Y113.758 E421.06314
G1 X133.49 Y113.154 E421.08987
G1 X132.885 Y112.624 E421.11662
G1 X132.219 Y112.178 E421.14328
G1 X131.495 Y111.822 E421.17012
G1 X130.743 Y111.566 E421.19654
G1 X129.953 Y111.407 E421.22334
G1 X129.148 Y111.357 E421.25016
G1 X128.343 Y111.407 E421.27699
G1 X127.553 Y111.566 E421.30379
G1 X126.801 Y111.822 E421.33021
G1 X126.077 Y112.178 E421.35705
G1 X125.411 Y112.623 E421.38369
G1 X124.806 Y113.154 E421.41046
G1 X124.276 Y113.758 E421.43719
G1 X123.83 Y114.429 E421.46399
G1 X123.474 Y115.15 E421.49073
G1 X123.214 Y115.905 E421.51729
G1 X123.059 Y116.695 E421.54407
G1 X123.005 Y117.5 E421.5709
G1 X123.059 Y118.302 E421.59764
G1 X123.214 Y119.095 E421.62451
G1 X123.473 Y119.846 E421.65093
G1 X123.83 Y120.567 E421.67769
G1 X124.276 Y121.238 E421.70449
G1 X124.806 Y121.842 E421.73122
G1 X125.411 Y122.373 E421.75799
G1 X126.077 Y122.818 E421.78463
G1 X126.801 Y123.174 E421.81147
G1 X127.553 Y123.43 E421.83789
G1 X128.343 Y123.589 E421.86469
G1 X129.148 Y123.639 E421.89151
G1 F2700 E416.89151
G0 F9000 X129.149 Y122.932
G0 X126.967 Y122.118
G0 X126.967 Y121.408
G1 F2700 E421.89151
G1 F1500 X126.834 Y121.309 E421.89703
G1 X124.671 Y117.567 E422.04079
G1 X124.69 Y117.399 E422.04641
G1 X126.854 Y113.658 E422.19015
G1 X127.008 Y113.592 E422.19572
G1 X131.288 Y113.591 E422.33808
G1 X131.442 Y113.658 E422.34366
G1 X133.606 Y117.399 E422.48741
G1 X133.633 Y117.5 E422.49089
G1 X133.606 Y117.601 E422.49436
G1 X131.462 Y121.309 E422.63682
G1 X131.327 Y121.408 E422.64239
G1 X126.967 Y121.408 E422.78741
G0 F9000 X127.544 Y121.888
;TYPE:FILL
G1 F3000 X128.792 Y123.135 E422.84608
G1 X128.832 Y123.138
G1 X130.083 Y121.888 E422.9049
G0 F9000 X130.083 Y122.118
G0 X131.778 Y122.052
G0 X132.437 Y121.04
G0 X132.237 Y120.924
G1 F3000 X132.971 Y121.658 E422.93943
G0 F9000 X132.824 Y121.488
G0 X134.07 Y118.211
G0 X133.873 Y118.097
G1 F3000 X134.787 Y117.183 E422.98242
G0 F9000 X134.788 Y117.817
G1 F3000 X133.872 Y116.902 E423.02548
G0 F9000 X134.07 Y116.789
G0 X132.438 Y113.961
G0 X132.238 Y114.075
G1 F3000 X132.974 Y113.339 E423.0601
G0 F9000 X132.823 Y113.511
G0 X131.778 Y112.948
G0 X130.081 Y112.882
G0 X130.081 Y113.111
G1 F3000 X128.829 Y111.859 E423.11899
G1 X128.797 Y111.86
G1 X127.545 Y113.112 E423.17788
G0 F9000 X127.545 Y112.882
G0 X126.521 Y112.948
G0 X125.616 Y114.386
G0 X125.813 Y114.5
G1 F3000 X124.987 Y113.674 E423.21673
G0 F9000 X125.161 Y113.827
G0 X125.145 Y115.203
G0 X125.34 Y115.316
G1 F3000 X123.51 Y117.146 E423.30281
G0 F9000 X123.51 Y117.853
G1 F3000 X125.339 Y119.682 E423.38884
G0 F9000 X125.812 Y120.502
G1 F3000 X124.989 Y121.325 E423.42755
G0 F9000 X125.388 Y120.978
G1 F2700 E418.42755
;MESH:NONMESH
G0 F300 X125.388 Y120.978 Z4
G0 F9000 X124.029 Y120.457
G0 X123.049 Y120.942
G0 X109.093 Y121.559
G0 X108.225 Y120.894
G0 X104.797 Y121.81
G0 X104.832 Y121.555
;TIME_ELAPSED:720.430531
;LAYER:19
;TYPE:WALL-INNER
;MESH:FT10-Input Crank.stl
G1 F2700 E423.42755
G1 F1174.2 X103.777 Y121.417 E423.47276
G1 F1171.9 X102.803 Y121.014 E423.51764
G1 F1176.5 X101.96 Y120.369 E423.56265
G1 X101.314 Y119.526 E423.60769
G1 F1174.2 X100.912 Y118.555 E423.65234
G1 F1176.5 X100.773 Y117.5 E423.69747
G1 X100.912 Y116.445 E423.74259
G1 F1171.9 X101.315 Y115.472 E423.78743
G1 F1174.2 X101.961 Y114.629 E423.83256
G1 X102.803 Y113.985 E423.8776
G1 F1171.9 X103.777 Y113.58 E423.92251
G1 F1176.5 X104.832 Y113.441 E423.96763
G1 X105.886 Y113.58 E424.01272
G1 X106.857 Y113.982 E424.05728
G1 X107.699 Y114.628 E424.10229
G1 X108.344 Y115.469 E424.14723
G1 X108.747 Y116.446 E424.19205
G1 X108.887 Y117.5 E424.23714
G1 X108.748 Y118.551 E424.2821
G1 X108.344 Y119.527 E424.32689
G1 X107.699 Y120.368 E424.37184
G1 X106.857 Y121.014 E424.41684
G1 F1171.9 X105.885 Y121.417 E424.46164
G1 F1174.2 X104.832 Y121.555 E424.50676
G0 F9000 X104.832 Y122.067
G1 F1174.2 X106.02 Y121.912 E424.55767
G1 F1171.9 X107.112 Y121.459 E424.608
G1 F1176.5 X108.061 Y120.729 E424.65877
G1 X108.787 Y119.781 E424.70941
G1 X109.241 Y118.684 E424.75975
G1 X109.399 Y117.5 E424.81041
G1 X109.242 Y116.312 E424.86123
G1 X108.787 Y115.215 E424.91159
G1 X108.061 Y114.267 E424.96222
G1 X107.113 Y113.537 E425.01296
G1 X106.021 Y113.087 E425.06305
G1 X104.832 Y112.929 E425.11391
G1 X103.643 Y113.087 E425.16478
G1 F1171.9 X102.548 Y113.538 E425.2152
G1 F1174.2 X101.599 Y114.267 E425.26604
G1 X100.869 Y115.215 E425.31688
G1 F1171.9 X100.419 Y116.311 E425.36732
G1 F1176.5 X100.261 Y117.5 E425.41819
G1 X100.419 Y118.689 E425.46905
G1 F1174.2 X100.869 Y119.781 E425.51924
G1 F1176.5 X101.599 Y120.729 E425.56997
G1 X102.548 Y121.459 E425.62075
G1 F1171.9 X103.643 Y121.912 E425.6712
G1 F1174.2 X104.832 Y122.067 E425.72214
G0 F9000 X104.832 Y122.526
;TYPE:WALL-OUTER
G1 F1500 X106.139 Y122.357 E425.76598
G1 X107.342 Y121.857 E425.80931
G1 X108.385 Y121.053 E425.85311
G1 X109.185 Y120.011 E425.8968
G1 X109.685 Y118.803 E425.94029
G1 X109.858 Y117.5 E425.984
G1 X109.685 Y116.193 E426.02785
G1 X109.185 Y114.985 E426.07134
G1 X108.385 Y113.943 E426.11503
G1 X107.343 Y113.139 E426.15881
G1 X106.139 Y112.643 E426.20212
G1 X104.832 Y112.47 E426.24597
G1 X103.525 Y112.643 E426.28982
G1 X102.317 Y113.139 E426.33325
G1 X101.275 Y113.943 E426.37702
G1 X100.471 Y114.985 E426.4208
G1 X99.975 Y116.193 E426.46423
G1 X99.802 Y117.5 E426.50808
G1 X99.975 Y118.807 E426.55193
G1 X100.471 Y120.011 E426.59524
G1 X101.275 Y121.053 E426.63902
G1 X102.318 Y121.857 E426.68282
G1 X103.524 Y122.357 E426.72624
G1 X104.832 Y122.526 E426.77011
G0 F9000 X104.832 Y121.815
G0 X104.832 Y121.103
G1 F1500 X103.925 Y120.983 E426.80054
G1 X103.028 Y120.618 E426.83275
G1 X102.283 Y120.054 E426.86382
G1 X101.71 Y119.3 E426.89532
G1 X101.351 Y118.434 E426.9265
G1 X101.225 Y117.5 E426.95785
G1 X101.345 Y116.593 E426.98828
G1 X101.71 Y115.7 E427.02036
G1 X102.28 Y114.949 E427.05172
G1 X103.006 Y114.396 E427.08208
G1 X103.898 Y114.019 E427.11429
G1 X104.832 Y113.893 E427.14563
G1 X105.763 Y114.019 E427.17688
G1 X106.632 Y114.378 E427.20815
G1 X107.378 Y114.95 E427.23942
G1 X107.95 Y115.696 E427.27068
G1 X108.309 Y116.566 E427.30199
G1 X108.435 Y117.5 E427.33333
G1 X108.315 Y118.403 E427.36363
G1 X107.962 Y119.277 E427.39498
G1 X107.378 Y120.046 E427.4271
G1 X106.609 Y120.63 E427.45922
G1 X105.762 Y120.977 E427.48966
G1 X104.832 Y121.103 E427.52087
G0 F9000 X104.739 Y121.807
G0 X104.619 Y121.307
G0 X104.694 Y120.176
G0 X104.833 Y119.703
G0 X104.831 Y120.01
;TYPE:WALL-INNER
G1 F1500 X105.163 Y119.991 E427.53193
G1 X105.485 Y119.927 E427.54285
G1 X105.788 Y119.821 E427.55353
G1 X106.086 Y119.675 E427.56457
G1 X106.356 Y119.491 E427.57544
G1 X106.606 Y119.274 E427.58645
G1 X106.823 Y119.025 E427.59743
G1 X107.007 Y118.754 E427.60833
G1 X107.153 Y118.456 E427.61936
G1 X107.259 Y118.153 E427.63004
G1 X107.323 Y117.831 E427.64096
G1 X107.342 Y117.499 E427.65202
G1 X107.323 Y117.165 E427.66315
G1 X107.259 Y116.846 E427.67397
G1 X107.153 Y116.54 E427.68474
G1 X107.007 Y116.242 E427.69578
G1 X106.823 Y115.972 E427.70664
G1 X106.606 Y115.722 E427.71765
G1 X106.357 Y115.505 E427.72864
G1 X106.086 Y115.321 E427.73953
G1 X105.79 Y115.176 E427.7505
G1 X105.488 Y115.073 E427.76111
G1 X105.16 Y115.009 E427.77222
G1 X104.831 Y114.986 E427.78319
G1 X104.499 Y115.008 E427.79426
G1 X104.172 Y115.073 E427.80535
G1 X103.87 Y115.176 E427.81596
G1 X103.574 Y115.321 E427.82692
G1 X103.303 Y115.505 E427.83782
G1 X103.054 Y115.722 E427.8488
G1 X102.837 Y115.971 E427.85979
G1 X102.653 Y116.242 E427.87068
G1 X102.508 Y116.538 E427.88165
G1 X102.405 Y116.842 E427.89232
G1 X102.337 Y117.171 E427.9035
G1 X102.317 Y117.5 E427.91446
G1 X102.337 Y117.828 E427.92539
G1 X102.404 Y118.153 E427.93643
G1 X102.508 Y118.458 E427.94714
G1 X102.653 Y118.754 E427.95811
G1 X102.837 Y119.025 E427.969
G1 X103.054 Y119.274 E427.97999
G1 X103.303 Y119.491 E427.99097
G1 X103.574 Y119.675 E428.00187
G1 X103.872 Y119.821 E428.0129
G1 X104.175 Y119.927 E428.02358
G1 X104.497 Y119.991 E428.0345
G1 X104.831 Y120.01 E428.04563
G0 F9000 X104.831 Y120.411
;TYPE:WALL-OUTER
G1 F1500 X105.214 Y120.389 E428.05839
G1 X105.591 Y120.314 E428.07117
G1 X105.942 Y120.191 E428.08354
G1 X106.287 Y120.022 E428.09632
G1 X106.601 Y119.809 E428.10894
G1 X106.89 Y119.558 E428.12167
G1 X107.141 Y119.269 E428.1344
G1 X107.354 Y118.955 E428.14702
G1 X107.523 Y118.61 E428.1598
G1 X107.646 Y118.259 E428.17217
G1 X107.721 Y117.882 E428.18495
G1 X107.743 Y117.499 E428.19771
G1 X107.721 Y117.114 E428.21054
G1 X107.646 Y116.741 E428.22319
G1 X107.523 Y116.386 E428.23569
G1 X107.354 Y116.041 E428.24847
G1 X107.141 Y115.727 E428.26109
G1 X106.89 Y115.438 E428.27382
G1 X106.601 Y115.187 E428.28655
G1 X106.287 Y114.974 E428.29917
G1 X105.943 Y114.806 E428.3119
G1 X105.592 Y114.686 E428.32424
G1 X105.213 Y114.611 E428.33709
G1 X104.831 Y114.585 E428.34983
G1 X104.447 Y114.611 E428.36263
G1 X104.068 Y114.686 E428.37548
G1 X103.717 Y114.806 E428.38782
G1 X103.373 Y114.974 E428.40055
G1 X103.059 Y115.187 E428.41317
G1 X102.77 Y115.438 E428.4259
G1 X102.519 Y115.727 E428.43863
G1 X102.306 Y116.041 E428.45125
G1 X102.138 Y116.385 E428.46398
G1 X102.018 Y116.737 E428.47635
G1 X101.939 Y117.119 E428.48933
G1 X101.917 Y117.5 E428.50202
G1 X101.939 Y117.881 E428.51471
G1 X102.018 Y118.259 E428.52756
G1 X102.138 Y118.611 E428.53993
G1 X102.306 Y118.955 E428.55266
G1 X102.519 Y119.269 E428.56528
G1 X102.77 Y119.558 E428.57801
G1 X103.059 Y119.809 E428.59074
G1 X103.373 Y120.022 E428.60336
G1 X103.718 Y120.191 E428.61614
G1 X104.069 Y120.314 E428.62851
G1 X104.446 Y120.389 E428.64129
G1 X104.831 Y120.411 E428.65412
G0 F9000 X104.832 Y119.703
G0 X104.005 Y119.541
G0 X103.93 Y119.756
;TYPE:FILL
G1 F3000 X107.088 Y116.598 E428.80266
G0 F9000 X106.872 Y116.671
G0 X106.874 Y118.327
G0 X107.088 Y118.401
G1 F3000 X103.928 Y115.241 E428.9513
G0 F9000 X104.097 Y115.745
G1 F2700 E423.9513
G0 F9000 X107.494 Y117.149
G0 X110.503 Y115.903
G0 X123.552 Y121.712
G0 X124.461 Y121.104
G0 X126.889 Y122.118
G0 X126.889 Y121.808
;TYPE:WALL-INNER
G1 F2700 E428.9513
G1 F1500 X126.675 Y121.708 E428.95916
G1 X126.488 Y121.509 E428.96824
G1 X124.286 Y117.701 E429.11454
G1 X124.265 Y117.46 E429.12259
G1 X124.344 Y117.199 E429.13166
G1 X126.547 Y113.391 E429.27798
G1 X126.742 Y113.253 E429.28593
G1 X127.008 Y113.192 E429.295
G1 X131.288 Y113.191 E429.43736
G1 X131.553 Y113.253 E429.44641
G1 X131.748 Y113.388 E429.4543
G1 X133.952 Y117.199 E429.60072
G1 X134.031 Y117.459 E429.60976
G1 X134.012 Y117.698 E429.61774
G1 X131.808 Y121.509 E429.76416
G1 X131.623 Y121.708 E429.7732
G1 X131.406 Y121.808 E429.78115
G1 X126.889 Y121.808 E429.93138
G0 F9000 X126.889 Y122.118
G0 X129.149 Y122.932
G0 X129.148 Y123.238
G1 F1500 X129.901 Y123.191 E429.95647
G1 X130.639 Y123.043 E429.98151
G1 X131.342 Y122.804 E430.00621
G1 X132.019 Y122.471 E430.0313
G1 X132.641 Y122.055 E430.05619
G1 X133.206 Y121.558 E430.08122
G1 X133.702 Y120.994 E430.1062
G1 X134.118 Y120.367 E430.13122
G1 X134.453 Y119.691 E430.15632
G1 X134.695 Y118.991 E430.18095
G1 X134.839 Y118.25 E430.20606
G1 X134.89 Y117.5 E430.23106
G1 X134.839 Y116.747 E430.25616
G1 X134.695 Y116.008 E430.2812
G1 X134.453 Y115.304 E430.30596
G1 X134.119 Y114.628 E430.33104
G1 X133.702 Y114.002 E430.35606
G1 X133.206 Y113.438 E430.38104
G1 X132.641 Y112.942 E430.40605
G1 X132.019 Y112.525 E430.43095
G1 X131.342 Y112.192 E430.45605
G1 X130.639 Y111.953 E430.48074
G1 X129.901 Y111.805 E430.50578
G1 X129.148 Y111.758 E430.53087
G1 X128.395 Y111.805 E430.55596
G1 X127.657 Y111.953 E430.581
G1 X126.955 Y112.193 E430.60567
G1 X126.277 Y112.525 E430.63078
G1 X125.655 Y112.941 E430.65567
G1 X125.09 Y113.438 E430.6807
G1 X124.594 Y114.002 E430.70568
G1 X124.178 Y114.629 E430.73071
G1 X123.844 Y115.304 E430.75576
G1 X123.601 Y116.009 E430.78056
G1 X123.457 Y116.747 E430.80557
G1 X123.406 Y117.5 E430.83067
G1 X123.456 Y118.25 E430.85567
G1 X123.601 Y118.991 E430.88078
G1 X123.843 Y119.691 E430.90542
G1 X124.177 Y120.367 E430.9305
G1 X124.594 Y120.994 E430.95554
G1 X125.089 Y121.559 E430.98052
G1 X125.655 Y122.055 E431.00556
G1 X126.277 Y122.47 E431.03043
G1 X126.954 Y122.804 E431.05553
G1 X127.657 Y123.043 E431.08023
G1 X128.395 Y123.191 E431.10526
G1 X129.148 Y123.238 E431.13036
G0 F9000 X129.148 Y123.639
;TYPE:WALL-OUTER
G1 F1500 X129.953 Y123.589 E431.15718
G1 X130.743 Y123.43 E431.18399
G1 X131.495 Y123.174 E431.21041
G1 X132.219 Y122.818 E431.23724
G1 X132.885 Y122.373 E431.26388
G1 X133.49 Y121.842 E431.29066
G1 X134.02 Y121.238 E431.31738
G1 X134.466 Y120.567 E431.34418
G1 X134.823 Y119.846 E431.37094
G1 X135.082 Y119.095 E431.39736
G1 X135.237 Y118.302 E431.42424
G1 X135.291 Y117.5 E431.45097
G1 X135.237 Y116.695 E431.47781
G1 X135.082 Y115.904 E431.50461
G1 X134.823 Y115.15 E431.53113
G1 X134.466 Y114.428 E431.55792
G1 X134.02 Y113.758 E431.58469
G1 X133.49 Y113.154 E431.61142
G1 X132.885 Y112.624 E431.63817
G1 X132.219 Y112.178 E431.66483
G1 X131.495 Y111.822 E431.69166
G1 X130.743 Y111.566 E431.71808
G1 X129.953 Y111.407 E431.74489
G1 X129.148 Y111.357 E431.77171
G1 X128.343 Y111.407 E431.79854
G1 X127.553 Y111.566 E431.82534
G1 X126.801 Y111.822 E431.85176
G1 X126.077 Y112.178 E431.8786
G1 X125.411 Y112.623 E431.90524
G1 X124.806 Y113.154 E431.93201
G1 X124.276 Y113.758 E431.95874
G1 X123.83 Y114.429 E431.98553
G1 X123.474 Y115.15 E432.01228
G1 X123.214 Y115.905 E432.03884
G1 X123.059 Y116.695 E432.06561
G1 X123.005 Y117.5 E432.09245
G1 X123.059 Y118.302 E432.11918
G1 X123.214 Y119.095 E432.14606
G1 X123.473 Y119.846 E432.17248
G1 X123.83 Y120.567 E432.19924
G1 X124.276 Y121.238 E432.22604
G1 X124.806 Y121.842 E432.25276
G1 X125.411 Y122.373 E432.27954
G1 X126.077 Y122.818 E432.30618
G1 X126.801 Y123.174 E432.33301
G1 X127.553 Y123.43 E432.35943
G1 X128.343 Y123.589 E432.38624
G1 X129.148 Y123.639 E432.41306
G1 F2700 E427.41306
G0 F9000 X129.149 Y122.932
G0 X126.967 Y122.118
G0 X126.967 Y121.408
G1 F2700 E432.41306
G1 F1500 X126.834 Y121.309 E432.41858
G1 X124.671 Y117.567 E432.56233
G1 X124.69 Y117.399 E432.56796
G1 X126.854 Y113.658 E432.7117
G1 X127.008 Y113.592 E432.71727
G1 X131.288 Y113.591 E432.85963
G1 X131.442 Y113.658 E432.86521
G1 X133.606 Y117.399 E433.00895
G1 X133.633 Y117.5 E433.01243
G1 X133.606 Y117.601 E433.01591
G1 X131.462 Y121.309 E433.15837
G1 X131.327 Y121.408 E433.16394
G1 X126.967 Y121.408 E433.30895
G0 F9000 X127.544 Y121.888
;TYPE:FILL
G1 F3000 X128.792 Y123.135 E433.36763
G1 X128.832 Y123.138
G1 X130.083 Y121.888 E433.42645
G0 F9000 X130.083 Y122.118
G0 X131.778 Y122.052
G0 X132.437 Y121.04
G0 X132.237 Y120.924
G1 F3000 X132.971 Y121.658 E433.46098
G0 F9000 X132.824 Y121.488
G0 X134.07 Y118.211
G0 X133.873 Y118.097
G1 F3000 X134.787 Y117.183 E433.50397
G0 F9000 X134.788 Y117.817
G1 F3000 X133.872 Y116.902 E433.54703
G0 F9000 X134.07 Y116.789
G0 X132.438 Y113.961
G0 X132.238 Y114.075
G1 F3000 X132.974 Y113.339 E433.58165
G0 F9000 X132.823 Y113.511
G0 X131.778 Y112.948
G0 X130.081 Y112.882
G0 X130.081 Y113.111
G1 F3000 X128.829 Y111.859 E433.64054
G1 X128.797 Y111.86
G1 X127.545 Y113.112 E433.69943
G0 F9000 X127.545 Y112.882
G0 X126.521 Y112.948
G0 X125.616 Y114.386
G0 X125.813 Y114.5
G1 F3000 X124.987 Y113.674 E433.73828
G0 F9000 X125.161 Y113.827
G0 X125.145 Y115.203
G0 X125.34 Y115.316
G1 F3000 X123.51 Y117.146 E433.82436
G0 F9000 X123.51 Y117.853
G1 F3000 X125.339 Y119.682 E433.91039
G0 F9000 X125.812 Y120.502
G1 F3000 X124.989 Y121.325 E433.9491
G0 F9000 X125.388 Y120.978
G1 F2700 E428.9491
;MESH:NONMESH
G0 F300 X125.388 Y120.978 Z4.2
G0 F9000 X124.029 Y120.457
G0 X123.049 Y120.942
G0 X109.093 Y121.559
G0 X108.225 Y120.894
G0 X104.797 Y121.81
G0 X104.832 Y121.555
;TIME_ELAPSED:738.731920
;LAYER:20
;TYPE:WALL-INNER
;MESH:FT10-Input Crank.stl
G1 F2700 E433.9491
G1 F1174.2 X103.777 Y121.417 E433.99431
G1 F1171.9 X102.803 Y121.014 E434.03919
G1 F1176.5 X101.96 Y120.369 E434.0842
G1 X101.314 Y119.526 E434.12924
G1 F1174.2 X100.912 Y118.555 E434.17389
G1 F1176.5 X100.773 Y117.5 E434.21902
G1 X100.912 Y116.445 E434.26414
G1 F1171.9 X101.315 Y115.472 E434.30898
G1 F1174.2 X101.961 Y114.629 E434.3541
G1 X102.803 Y113.985 E434.39915
G1 F1171.9 X103.777 Y113.58 E434.44405
G1 F1176.5 X104.832 Y113.441 E434.48918
G1 X105.886 Y113.58 E434.53426
G1 X106.857 Y113.982 E434.57883
G1 X107.699 Y114.628 E434.62383
G1 X108.344 Y115.469 E434.66878
G1 X108.747 Y116.446 E434.7136
G1 X108.887 Y117.5 E434.75869
G1 X108.748 Y118.551 E434.80364
G1 X108.344 Y119.527 E434.84844
G1 X107.699 Y120.368 E434.89338
G1 X106.857 Y121.014 E434.93839
G1 F1171.9 X105.885 Y121.417 E434.98318
G1 F1174.2 X104.832 Y121.555 E435.02831
G0 F9000 X104.832 Y122.067
G1 F1174.2 X106.02 Y121.912 E435.07921
G1 F1171.9 X107.112 Y121.459 E435.12955
G1 F1176.5 X108.061 Y120.729 E435.18032
G1 X108.787 Y119.781 E435.23095
G1 X109.241 Y118.684 E435.2813
G1 X109.399 Y117.5 E435.33196
G1 X109.242 Y116.312 E435.38277
G1 X108.787 Y115.215 E435.43314
G1 X108.061 Y114.267 E435.48377
G1 X107.113 Y113.537 E435.53451
G1 X106.021 Y113.087 E435.5846
G1 X104.832 Y112.929 E435.63546
G1 X103.643 Y113.087 E435.68633
G1 F1171.9 X102.548 Y113.538 E435.73674
G1 F1174.2 X101.599 Y114.267 E435.78759
G1 X100.869 Y115.215 E435.83843
G1 F1171.9 X100.419 Y116.311 E435.88887
G1 F1176.5 X100.261 Y117.5 E435.93973
G1 X100.419 Y118.689 E435.9906
G1 F1174.2 X100.869 Y119.781 E436.04078
G1 F1176.5 X101.599 Y120.729 E436.09152
G1 X102.548 Y121.459 E436.14229
G1 F1171.9 X103.643 Y121.912 E436.19274
G1 F1174.2 X104.832 Y122.067 E436.24369
G0 F9000 X104.832 Y122.526
;TYPE:WALL-OUTER
G1 F1500 X106.139 Y122.357 E436.28752
G1 X107.342 Y121.857 E436.33086
G1 X108.385 Y121.053 E436.37466
G1 X109.185 Y120.011 E436.41835
G1 X109.685 Y118.803 E436.46183
G1 X109.858 Y117.5 E436.50555
G1 X109.685 Y116.193 E436.5494
G1 X109.185 Y114.985 E436.59289
G1 X108.385 Y113.943 E436.63658
G1 X107.343 Y113.139 E436.68035
G1 X106.139 Y112.643 E436.72366
G1 X104.832 Y112.47 E436.76751
G1 X103.525 Y112.643 E436.81136
G1 X102.317 Y113.139 E436.8548
G1 X101.275 Y113.943 E436.89857
G1 X100.471 Y114.985 E436.94235
G1 X99.975 Y116.193 E436.98578
G1 X99.802 Y117.5 E437.02963
G1 X99.975 Y118.807 E437.07348
G1 X100.471 Y120.011 E437.11679
G1 X101.275 Y121.053 E437.16056
G1 X102.318 Y121.857 E437.20436
G1 X103.524 Y122.357 E437.24779
G1 X104.832 Y122.526 E437.29165
G0 F9000 X104.832 Y121.815
G0 X104.832 Y121.103
G1 F1500 X103.925 Y120.983 E437.32208
G1 X103.028 Y120.618 E437.35429
G1 X102.283 Y120.054 E437.38537
G1 X101.71 Y119.3 E437.41687
G1 X101.351 Y118.434 E437.44805
G1 X101.225 Y117.5 E437.4794
G1 X101.345 Y116.593 E437.50983
G1 X101.71 Y115.7 E437.54191
G1 X102.28 Y114.949 E437.57327
G1 X103.006 Y114.396 E437.60362
G1 X103.898 Y114.019 E437.63583
G1 X104.832 Y113.893 E437.66718
G1 X105.763 Y114.019 E437.69843
G1 X106.632 Y114.378 E437.7297
G1 X107.378 Y114.95 E437.76097
G1 X107.95 Y115.696 E437.79223
G1 X108.309 Y116.566 E437.82353
G1 X108.435 Y117.5 E437.85488
G1 X108.315 Y118.403 E437.88518
G1 X107.962 Y119.277 E437.91653
G1 X107.378 Y120.046 E437.94865
G1 X106.609 Y120.63 E437.98076
G1 X105.762 Y120.977 E438.01121
G1 X104.832 Y121.103 E438.04242
G0 F9000 X104.739 Y121.807
G0 X104.619 Y121.307
G0 X104.694 Y120.176
G0 X104.833 Y119.703
G0 X104.831 Y120.01
;TYPE:WALL-INNER
G1 F1500 X105.163 Y119.991 E438.05348
G1 X105.485 Y119.927 E438.0644
G1 X105.788 Y119.821 E438.07508
G1 X106.086 Y119.675 E438.08612
G1 X106.356 Y119.491 E438.09698
G1 X106.606 Y119.274 E438.10799
G1 X106.823 Y119.025 E438.11898
G1 X107.007 Y118.754 E438.12987
G1 X107.153 Y118.456 E438.14091
G1 X107.259 Y118.153 E438.15159
G1 X107.323 Y117.831 E438.16251
G1 X107.342 Y117.499 E438.17357
G1 X107.323 Y117.165 E438.18469
G1 X107.259 Y116.846 E438.19551
G1 X107.153 Y116.54 E438.20629
G1 X107.007 Y116.242 E438.21732
G1 X106.823 Y115.972 E438.22819
G1 X106.606 Y115.722 E438.2392
G1 X106.357 Y115.505 E438.25019
G1 X106.086 Y115.321 E438.26108
G1 X105.79 Y115.176 E438.27204
G1 X105.488 Y115.073 E438.28266
G1 X105.16 Y115.009 E438.29377
G1 X104.831 Y114.986 E438.30474
G1 X104.499 Y115.008 E438.31581
G1 X104.172 Y115.073 E438.3269
G1 X103.87 Y115.176 E438.33751
G1 X103.574 Y115.321 E438.34847
G1 X103.303 Y115.505 E438.35937
G1 X103.054 Y115.722 E438.37035
G1 X102.837 Y115.971 E438.38134
G1 X102.653 Y116.242 E438.39223
G1 X102.508 Y116.538 E438.40319
G1 X102.405 Y116.842 E438.41387
G1 X102.337 Y117.171 E438.42504
G1 X102.317 Y117.5 E438.43601
G1 X102.337 Y117.828 E438.44694
G1 X102.404 Y118.153 E438.45797
G1 X102.508 Y118.458 E438.46869
G1 X102.653 Y118.754 E438.47965
G1 X102.837 Y119.025 E438.49055
G1 X103.054 Y119.274 E438.50153
G1 X103.303 Y119.491 E438.51252
G1 X103.574 Y119.675 E438.52341
G1 X103.872 Y119.821 E438.53445
G1 X104.175 Y119.927 E438.54513
G1 X104.497 Y119.991 E438.55605
G1 X104.831 Y120.01 E438.56717
G0 F9000 X104.831 Y120.411
;TYPE:WALL-OUTER
G1 F1500 X105.214 Y120.389 E438.57993
G1 X105.591 Y120.314 E438.59272
G1 X105.942 Y120.191 E438.60509
G1 X106.287 Y120.022 E438.61787
G1 X106.601 Y119.809 E438.63049
G1 X106.89 Y119.558 E438.64322
G1 X107.141 Y119.269 E438.65595
G1 X107.354 Y118.955 E438.66857
G1 X107.523 Y118.61 E438.68135
G1 X107.646 Y118.259 E438.69372
G1 X107.721 Y117.882 E438.7065
G1 X107.743 Y117.499 E438.71926
G1 X107.721 Y117.114 E438.73209
G1 X107.646 Y116.741 E438.74474
G1 X107.523 Y116.386 E438.75724
G1 X107.354 Y116.041 E438.77002
G1 X107.141 Y115.727 E438.78264
G1 X106.89 Y115.438 E438.79537
G1 X106.601 Y115.187 E438.8081
G1 X106.287 Y114.974 E438.82072
G1 X105.943 Y114.806 E438.83345
G1 X105.592 Y114.686 E438.84579
G1 X105.213 Y114.611 E438.85864
G1 X104.831 Y114.585 E438.87137
G1 X104.447 Y114.611 E438.88417
G1 X104.068 Y114.686 E438.89702
G1 X103.717 Y114.806 E438.90936
G1 X103.373 Y114.974 E438.9221
G1 X103.059 Y115.187 E438.93471
G1 X102.77 Y115.438 E438.94745
G1 X102.519 Y115.727 E438.96018
G1 X102.306 Y116.041 E438.9728
G1 X102.138 Y116.385 E438.98553
G1 X102.018 Y116.737 E438.9979
G1 X101.939 Y117.119 E439.01087
G1 X101.917 Y117.5 E439.02357
G1 X101.939 Y117.881 E439.03626
G1 X102.018 Y118.259 E439.0491
G1 X102.138 Y118.611 E439.06147
G1 X102.306 Y118.955 E439.07421
G1 X102.519 Y119.269 E439.08683
G1 X102.77 Y119.558 E439.09956
G1 X103.059 Y119.809 E439.11229
G1 X103.373 Y120.022 E439.12491
G1 X103.718 Y120.191 E439.13769
G1 X104.069 Y120.314 E439.15006
G1 X104.446 Y120.389 E439.16284
G1 X104.831 Y120.411 E439.17567
G0 F9000 X104.832 Y119.703
G0 X104.005 Y119.541
G0 X103.93 Y119.756
;TYPE:FILL
G1 F3000 X107.088 Y116.598 E439.32421
G0 F9000 X106.872 Y116.671
G0 X106.874 Y118.327
G0 X107.088 Y118.401
G1 F3000 X103.928 Y115.241 E439.47285
G0 F9000 X104.097 Y115.745
G1 F2700 E434.47285
G0 F9000 X107.494 Y117.149
G0 X110.503 Y115.903
G0 X123.552 Y121.712
G0 X124.461 Y121.104
G0 X126.889 Y122.118
G0 X126.889 Y121.808
;TYPE:WALL-INNER
G1 F2700 E439.47285
G1 F1500 X126.675 Y121.708 E439.4807
G1 X126.488 Y121.509 E439.48979
G1 X124.286 Y117.701 E439.63609
G1 X124.265 Y117.46 E439.64414
G1 X124.344 Y117.199 E439.65321
G1 X126.547 Y113.391 E439.79953
G1 X126.742 Y113.253 E439.80748
G1 X127.008 Y113.192 E439.81655
G1 X131.288 Y113.191 E439.95891
G1 X131.553 Y113.253 E439.96796
G1 X131.748 Y113.388 E439.97585
G1 X133.952 Y117.199 E440.12227
G1 X134.031 Y117.459 E440.13131
G1 X134.012 Y117.698 E440.13928
G1 X131.808 Y121.509 E440.28571
G1 X131.623 Y121.708 E440.29475
G1 X131.406 Y121.808 E440.30269
G1 X126.889 Y121.808 E440.45293
G0 F9000 X126.889 Y122.118
G0 X129.149 Y122.932
G0 X129.148 Y123.238
G1 F1500 X129.901 Y123.191 E440.47802
G1 X130.639 Y123.043 E440.50306
G1 X131.342 Y122.804 E440.52775
G1 X132.019 Y122.471 E440.55285
G1 X132.641 Y122.055 E440.57773
G1 X133.206 Y121.558 E440.60276
G1 X133.702 Y120.994 E440.62774
G1 X134.118 Y120.367 E440.65277
G1 X134.453 Y119.691 E440.67786
G1 X134.695 Y118.991 E440.7025
G1 X134.839 Y118.25 E440.7276
G1 X134.89 Y117.5 E440.75261
G1 X134.839 Y116.747 E440.77771
G1 X134.695 Y116.008 E440.80275
G1 X134.453 Y115.304 E440.82751
G1 X134.119 Y114.628 E440.85259
G1 X133.702 Y114.002 E440.87761
G1 X133.206 Y113.438 E440.90259
G1 X132.641 Y112.942 E440.92759
G1 X132.019 Y112.525 E440.9525
G1 X131.342 Y112.192 E440.97759
G1 X130.639 Y111.953 E441.00229
G1 X129.901 Y111.805 E441.02732
G1 X129.148 Y111.758 E441.05242
G1 X128.395 Y111.805 E441.07751
G1 X127.657 Y111.953 E441.10255
G1 X126.955 Y112.193 E441.12722
G1 X126.277 Y112.525 E441.15233
G1 X125.655 Y112.941 E441.17722
G1 X125.09 Y113.438 E441.20225
G1 X124.594 Y114.002 E441.22723
G1 X124.178 Y114.629 E441.25225
G1 X123.844 Y115.304 E441.2773
G1 X123.601 Y116.009 E441.30211
G1 X123.457 Y116.747 E441.32711
G1 X123.406 Y117.5 E441.35222
G1 X123.456 Y118.25 E441.37722
G1 X123.601 Y118.991 E441.40233
G1 X123.843 Y119.691 E441.42696
G1 X124.177 Y120.367 E441.45204
G1 X124.594 Y120.994 E441.47709
G1 X125.089 Y121.559 E441.50207
G1 X125.655 Y122.055 E441.5271
G1 X126.277 Y122.47 E441.55197
G1 X126.954 Y122.804 E441.57708
G1 X127.657 Y123.043 E441.60178
G1 X128.395 Y123.191 E441.62681
G1 X129.148 Y123.238 E441.6519
G0 F9000 X129.148 Y123.639
;TYPE:WALL-OUTER
G1 F1500 X129.953 Y123.589 E441.67873
G1 X130.743 Y123.43 E441.70553
G1 X131.495 Y123.174 E441.73195
G1 X132.219 Y122.818 E441.75879
G1 X132.885 Y122.373 E441.78543
G1 X133.49 Y121.842 E441.8122
G1 X134.02 Y121.238 E441.83893
G1 X134.466 Y120.567 E441.86573
G1 X134.823 Y119.846 E441.89249
G1 X135.082 Y119.095 E441.91891
G1 X135.237 Y118.302 E441.94578
G1 X135.291 Y117.5 E441.97252
G1 X135.237 Y116.695 E441.99935
G1 X135.082 Y115.904 E442.02616
G1 X134.823 Y115.15 E442.05268
G1 X134.466 Y114.428 E442.07947
G1 X134.02 Y113.758 E442.10624
G1 X133.49 Y113.154 E442.13296
G1 X132.885 Y112.624 E442.15972
G1 X132.219 Y112.178 E442.18638
G1 X131.495 Y111.822 E442.21321
G1 X130.743 Y111.566 E442.23963
G1 X129.953 Y111.407 E442.26643
G1 X129.148 Y111.357 E442.29326
G1 X128.343 Y111.407 E442.32008
G1 X127.553 Y111.566 E442.34689
G1 X126.801 Y111.822 E442.37331
G1 X126.077 Y112.178 E442.40014
G1 X125.411 Y112.623 E442.42678
G1 X124.806 Y113.154 E442.45356
G1 X124.276 Y113.758 E442.48028
G1 X123.83 Y114.429 E442.50708
G1 X123.474 Y115.15 E442.53383
G1 X123.214 Y115.905 E442.56038
G1 X123.059 Y116.695 E442.58716
G1 X123.005 Y117.5 E442.614
G1 X123.059 Y118.302 E442.64073
G1 X123.214 Y119.095 E442.66761
G1 X123.473 Y119.846 E442.69403
G1 X123.83 Y120.567 E442.72079
G1 X124.276 Y121.238 E442.74758
G1 X124.806 Y121.842 E442.77431
G1 X125.411 Y122.373 E442.80108
G1 X126.077 Y122.818 E442.82773
G1 X126.801 Y123.174 E442.85456
G1 X127.553 Y123.43 E442.88098
G1 X128.343 Y123.589 E442.90778
G1 X129.148 Y123.639 E442.93461
G1 F2700 E437.93461
G0 F9000 X129.149 Y122.932
G0 X126.967 Y122.118
G0 X126.967 Y121.408
G1 F2700 E442.93461
G1 F1500 X126.834 Y121.309 E442.94012
G1 X124.671 Y117.567 E443.08388
G1 X124.69 Y117.399 E443.0895
G1 X126.854 Y113.658 E443.23325
G1 X127.008 Y113.592 E443.23882
G1 X131.288 Y113.591 E443.38117
G1 X131.442 Y113.658 E443.38676
G1 X133.606 Y117.399 E443.5305
G1 X133.633 Y117.5 E443.53398
G1 X133.606 Y117.601 E443.53746
G1 X131.462 Y121.309 E443.67992
G1 X131.327 Y121.408 E443.68549
G1 X126.967 Y121.408 E443.8305
G0 F9000 X127.544 Y121.888
;TYPE:FILL
G1 F3000 X128.792 Y123.135 E443.88918
G1 X128.832 Y123.138
G1 X130.083 Y121.888 E443.948
G0 F9000 X130.083 Y122.118
G0 X131.778 Y122.052
G0 X132.437 Y121.04
G0 X132.237 Y120.924
G1 F3000 X132.971 Y121.658 E443.98252
G0 F9000 X132.824 Y121.488
G0 X134.07 Y118.211
G0 X133.873 Y118.097
G1 F3000 X134.787 Y117.183 E444.02551
G0 F9000 X134.788 Y117.817
G1 F3000 X133.872 Y116.902 E444.06858
G0 F9000 X134.07 Y116.789
G0 X132.438 Y113.961
G0 X132.238 Y114.075
G1 F3000 X132.974 Y113.339 E444.1032
G0 F9000 X132.823 Y113.511
G0 X131.778 Y112.948
G0 X130.081 Y112.882
G0 X130.081 Y113.111
G1 F3000 X128.829 Y111.859 E444.16209
G1 X128.797 Y111.86
G1 X127.545 Y113.112 E444.22098
G0 F9000 X127.545 Y112.882
G0 X126.521 Y112.948
G0 X125.616 Y114.386
G0 X125.813 Y114.5
G1 F3000 X124.987 Y113.674 E444.25983
G0 F9000 X125.161 Y113.827
G0 X125.145 Y115.203
G0 X125.34 Y115.316
G1 F3000 X123.51 Y117.146 E444.34591
G0 F9000 X123.51 Y117.853
G1 F3000 X125.339 Y119.682 E444.43194
G0 F9000 X125.812 Y120.502
G1 F3000 X124.989 Y121.325 E444.47065
G0 F9000 X125.388 Y120.978
G1 F2700 E439.47065
;MESH:NONMESH
G0 F300 X125.388 Y120.978 Z4.4
G0 F9000 X124.029 Y120.457
G0 X123.049 Y120.942
G0 X109.093 Y121.559
G0 X108.225 Y120.894
G0 X104.797 Y121.81
G0 X104.832 Y121.555
;TIME_ELAPSED:757.033309
;LAYER:21
;TYPE:WALL-INNER
;MESH:FT10-Input Crank.stl
G1 F2700 E444.47065
G1 F1174.2 X103.777 Y121.417 E444.51586
G1 F1171.9 X102.803 Y121.014 E444.56073
G1 F1176.5 X101.96 Y120.369 E444.60575
G1 X101.314 Y119.526 E444.65078
G1 F1174.2 X100.912 Y118.555 E444.69544
G1 F1176.5 X100.773 Y117.5 E444.74056
G1 X100.912 Y116.445 E444.78569
G1 F1171.9 X101.315 Y115.472 E444.83052
G1 F1174.2 X101.961 Y114.629 E444.87565
G1 X102.803 Y113.985 E444.92069
G1 F1171.9 X103.777 Y113.58 E444.9656
G1 F1176.5 X104.832 Y113.441 E445.01073
G1 X105.886 Y113.58 E445.05581
G1 X106.857 Y113.982 E445.10038
G1 X107.699 Y114.628 E445.14538
G1 X108.344 Y115.469 E445.19033
G1 X108.747 Y116.446 E445.23514
G1 X108.887 Y117.5 E445.28023
G1 X108.748 Y118.551 E445.32519
G1 X108.344 Y119.527 E445.36998
G1 X107.699 Y120.368 E445.41493
G1 X106.857 Y121.014 E445.45993
G1 F1171.9 X105.885 Y121.417 E445.50473
G1 F1174.2 X104.832 Y121.555 E445.54986
G0 F9000 X104.832 Y122.067
G1 F1174.2 X106.02 Y121.912 E445.60076
G1 F1171.9 X107.112 Y121.459 E445.65109
G1 F1176.5 X108.061 Y120.729 E445.70187
G1 X108.787 Y119.781 E445.7525
G1 X109.241 Y118.684 E445.80285
G1 X109.399 Y117.5 E445.8535
G1 X109.242 Y116.312 E445.90432
G1 X108.787 Y115.215 E445.95468
G1 X108.061 Y114.267 E446.00532
G1 X107.113 Y113.537 E446.05606
G1 X106.021 Y113.087 E446.10614
G1 X104.832 Y112.929 E446.15701
G1 X103.643 Y113.087 E446.20787
G1 F1171.9 X102.548 Y113.538 E446.25829
G1 F1174.2 X101.599 Y114.267 E446.30914
G1 X100.869 Y115.215 E446.35998
G1 F1171.9 X100.419 Y116.311 E446.41042
G1 F1176.5 X100.261 Y117.5 E446.46128
G1 X100.419 Y118.689 E446.51215
G1 F1174.2 X100.869 Y119.781 E446.56233
G1 F1176.5 X101.599 Y120.729 E446.61307
G1 X102.548 Y121.459 E446.66384
G1 F1171.9 X103.643 Y121.912 E446.71429
G1 F1174.2 X104.832 Y122.067 E446.76524
G0 F9000 X104.832 Y122.526
;TYPE:WALL-OUTER
G1 F1500 X106.139 Y122.357 E446.80907
G1 X107.342 Y121.857 E446.8524
G1 X108.385 Y121.053 E446.8962
G1 X109.185 Y120.011 E446.9399
G1 X109.685 Y118.803 E446.98338
G1 X109.858 Y117.5 E447.0271
G1 X109.685 Y116.193 E447.07095
G1 X109.185 Y114.985 E447.11443
G1 X108.385 Y113.943 E447.15813
G1 X107.343 Y113.139 E447.2019
G1 X106.139 Y112.643 E447.24521
G1 X104.832 Y112.47 E447.28906
G1 X103.525 Y112.643 E447.33291
G1 X102.317 Y113.139 E447.37634
G1 X101.275 Y113.943 E447.42012
G1 X100.471 Y114.985 E447.46389
G1 X99.975 Y116.193 E447.50733
G1 X99.802 Y117.5 E447.55118
G1 X99.975 Y118.807 E447.59503
G1 X100.471 Y120.011 E447.63834
G1 X101.275 Y121.053 E447.68211
G1 X102.318 Y121.857 E447.72591
G1 X103.524 Y122.357 E447.76933
G1 X104.832 Y122.526 E447.8132
G0 F9000 X104.832 Y121.815
G0 X104.832 Y121.103
G1 F1500 X103.925 Y120.983 E447.84363
G1 X103.028 Y120.618 E447.87584
G1 X102.283 Y120.054 E447.90692
G1 X101.71 Y119.3 E447.93842
G1 X101.351 Y118.434 E447.9696
G1 X101.225 Y117.5 E448.00094
G1 X101.345 Y116.593 E448.03137
G1 X101.71 Y115.7 E448.06346
G1 X102.28 Y114.949 E448.09482
G1 X103.006 Y114.396 E448.12517
G1 X103.898 Y114.019 E448.15738
G1 X104.832 Y113.893 E448.18873
G1 X105.763 Y114.019 E448.21997
G1 X106.632 Y114.378 E448.25125
G1 X107.378 Y114.95 E448.28251
G1 X107.95 Y115.696 E448.31378
G1 X108.309 Y116.566 E448.34508
G1 X108.435 Y117.5 E448.37643
G1 X108.315 Y118.403 E448.40673
G1 X107.962 Y119.277 E448.43808
G1 X107.378 Y120.046 E448.47019
G1 X106.609 Y120.63 E448.50231
G1 X105.762 Y120.977 E448.53275
G1 X104.832 Y121.103 E448.56397
G0 F9000 X104.739 Y121.807
G0 X104.619 Y121.307
G0 X104.694 Y120.176
G0 X104.833 Y119.703
G0 X104.831 Y120.01
;TYPE:WALL-INNER
G1 F1500 X105.163 Y119.991 E448.57503
G1 X105.485 Y119.927 E448.58595
G1 X105.788 Y119.821 E448.59662
G1 X106.086 Y119.675 E448.60766
G1 X106.356 Y119.491 E448.61853
G1 X106.606 Y119.274 E448.62954
G1 X106.823 Y119.025 E448.64053
G1 X107.007 Y118.754 E448.65142
G1 X107.153 Y118.456 E448.66246
G1 X107.259 Y118.153 E448.67313
G1 X107.323 Y117.831 E448.68405
G1 X107.342 Y117.499 E448.69511
G1 X107.323 Y117.165 E448.70624
G1 X107.259 Y116.846 E448.71706
G1 X107.153 Y116.54 E448.72783
G1 X107.007 Y116.242 E448.73887
G1 X106.823 Y115.972 E448.74974
G1 X106.606 Y115.722 E448.76075
G1 X106.357 Y115.505 E448.77173
G1 X106.086 Y115.321 E448.78263
G1 X105.79 Y115.176 E448.79359
G1 X105.488 Y115.073 E448.8042
G1 X105.16 Y115.009 E448.81532
G1 X104.831 Y114.986 E448.82629
G1 X104.499 Y115.008 E448.83735
G1 X104.172 Y115.073 E448.84844
G1 X103.87 Y115.176 E448.85906
G1 X103.574 Y115.321 E448.87002
G1 X103.303 Y115.505 E448.88091
G1 X103.054 Y115.722 E448.8919
G1 X102.837 Y115.971 E448.90288
G1 X102.653 Y116.242 E448.91378
G1 X102.508 Y116.538 E448.92474
G1 X102.405 Y116.842 E448.93542
G1 X102.337 Y117.171 E448.94659
G1 X102.317 Y117.5 E448.95755
G1 X102.337 Y117.828 E448.96848
G1 X102.404 Y118.153 E448.97952
G1 X102.508 Y118.458 E448.99024
G1 X102.653 Y118.754 E449.0012
G1 X102.837 Y119.025 E449.0121
G1 X103.054 Y119.274 E449.02308
G1 X103.303 Y119.491 E449.03407
G1 X103.574 Y119.675 E449.04496
G1 X103.872 Y119.821 E449.056
G1 X104.175 Y119.927 E449.06668
G1 X104.497 Y119.991 E449.07759
G1 X104.831 Y120.01 E449.08872
G0 F9000 X104.831 Y120.411
;TYPE:WALL-OUTER
G1 F1500 X105.214 Y120.389 E449.10148
G1 X105.591 Y120.314 E449.11427
G1 X105.942 Y120.191 E449.12664
G1 X106.287 Y120.022 E449.13941
G1 X106.601 Y119.809 E449.15203
G1 X106.89 Y119.558 E449.16477
G1 X107.141 Y119.269 E449.1775
G1 X107.354 Y118.955 E449.19012
G1 X107.523 Y118.61 E449.20289
G1 X107.646 Y118.259 E449.21526
G1 X107.721 Y117.882 E449.22805
G1 X107.743 Y117.499 E449.24081
G1 X107.721 Y117.114 E449.25363
G1 X107.646 Y116.741 E449.26629
G1 X107.523 Y116.386 E449.27878
G1 X107.354 Y116.041 E449.29156
G1 X107.141 Y115.727 E449.30418
G1 X106.89 Y115.438 E449.31691
G1 X106.601 Y115.187 E449.32964
G1 X106.287 Y114.974 E449.34226
G1 X105.943 Y114.806 E449.355
G1 X105.592 Y114.686 E449.36734
G1 X105.213 Y114.611 E449.38019
G1 X104.831 Y114.585 E449.39292
G1 X104.447 Y114.611 E449.40572
G1 X104.068 Y114.686 E449.41857
G1 X103.717 Y114.806 E449.43091
G1 X103.373 Y114.974 E449.44364
G1 X103.059 Y115.187 E449.45626
G1 X102.77 Y115.438 E449.46899
G1 X102.519 Y115.727 E449.48172
G1 X102.306 Y116.041 E449.49434
G1 X102.138 Y116.385 E449.50708
G1 X102.018 Y116.737 E449.51945
G1 X101.939 Y117.119 E449.53242
G1 X101.917 Y117.5 E449.54511
G1 X101.939 Y117.881 E449.55781
G1 X102.018 Y118.259 E449.57065
G1 X102.138 Y118.611 E449.58302
G1 X102.306 Y118.955 E449.59575
G1 X102.519 Y119.269 E449.60837
G1 X102.77 Y119.558 E449.6211
G1 X103.059 Y119.809 E449.63384
G1 X103.373 Y120.022 E449.64646
G1 X103.718 Y120.191 E449.65923
G1 X104.069 Y120.314 E449.6716
G1 X104.446 Y120.389 E449.68439
G1 X104.831 Y120.411 E449.69721
G0 F9000 X104.832 Y119.703
G0 X104.005 Y119.541
G0 X103.93 Y119.756
;TYPE:FILL
G1 F3000 X107.088 Y116.598 E449.84576
G0 F9000 X106.872 Y116.671
G0 X106.874 Y118.327
G0 X107.088 Y118.401
G1 F3000 X103.928 Y115.241 E449.99439
G0 F9000 X104.097 Y115.745
G1 F2700 E444.99439
G0 F9000 X107.494 Y117.149
G0 X110.503 Y115.903
G0 X123.552 Y121.712
G0 X124.461 Y121.104
G0 X126.889 Y122.118
G0 X126.889 Y121.808
;TYPE:WALL-INNER
G1 F2700 E449.99439
G1 F1500 X126.675 Y121.708 E450.00225
G1 X126.488 Y121.509 E450.01133
G1 X124.286 Y117.701 E450.15764
G1 X124.265 Y117.46 E450.16568
G1 X124.344 Y117.199 E450.17475
G1 X126.547 Y113.391 E450.32108
G1 X126.742 Y113.253 E450.32902
G1 X127.008 Y113.192 E450.3381
G1 X131.288 Y113.191 E450.48045
G1 X131.553 Y113.253 E450.4895
G1 X131.748 Y113.388 E450.49739
G1 X133.952 Y117.199 E450.64382
G1 X134.031 Y117.459 E450.65286
G1 X134.012 Y117.698 E450.66083
G1 X131.808 Y121.509 E450.80726
G1 X131.623 Y121.708 E450.81629
G1 X131.406 Y121.808 E450.82424
G1 X126.889 Y121.808 E450.97448
G0 F9000 X126.889 Y122.118
G0 X129.149 Y122.932
G0 X129.148 Y123.238
G1 F1500 X129.901 Y123.191 E450.99957
G1 X130.639 Y123.043 E451.0246
G1 X131.342 Y122.804 E451.0493
G1 X132.019 Y122.471 E451.07439
G1 X132.641 Y122.055 E451.09928
G1 X133.206 Y121.558 E451.12431
G1 X133.702 Y120.994 E451.14929
G1 X134.118 Y120.367 E451.17432
G1 X134.453 Y119.691 E451.19941
G1 X134.695 Y118.991 E451.22404
G1 X134.839 Y118.25 E451.24915
G1 X134.89 Y117.5 E451.27415
G1 X134.839 Y116.747 E451.29926
G1 X134.695 Y116.008 E451.3243
G1 X134.453 Y115.304 E451.34906
G1 X134.119 Y114.628 E451.37414
G1 X133.702 Y114.002 E451.39915
G1 X133.206 Y113.438 E451.42413
G1 X132.641 Y112.942 E451.44914
G1 X132.019 Y112.525 E451.47405
G1 X131.342 Y112.192 E451.49914
G1 X130.639 Y111.953 E451.52384
G1 X129.901 Y111.805 E451.54887
G1 X129.148 Y111.758 E451.57397
G1 X128.395 Y111.805 E451.59906
G1 X127.657 Y111.953 E451.62409
G1 X126.955 Y112.193 E451.64877
G1 X126.277 Y112.525 E451.67388
G1 X125.655 Y112.941 E451.69877
G1 X125.09 Y113.438 E451.72379
G1 X124.594 Y114.002 E451.74877
G1 X124.178 Y114.629 E451.7738
G1 X123.844 Y115.304 E451.79885
G1 X123.601 Y116.009 E451.82365
G1 X123.457 Y116.747 E451.84866
G1 X123.406 Y117.5 E451.87376
G1 X123.456 Y118.25 E451.89876
G1 X123.601 Y118.991 E451.92388
G1 X123.843 Y119.691 E451.94851
G1 X124.177 Y120.367 E451.97359
G1 X124.594 Y120.994 E451.99863
G1 X125.089 Y121.559 E452.02362
G1 X125.655 Y122.055 E452.04865
G1 X126.277 Y122.47 E452.07352
G1 X126.954 Y122.804 E452.09863
G1 X127.657 Y123.043 E452.12332
G1 X128.395 Y123.191 E452.14836
G1 X129.148 Y123.238 E452.17345
G0 F9000 X129.148 Y123.639
;TYPE:WALL-OUTER
G1 F1500 X129.953 Y123.589 E452.20028
G1 X130.743 Y123.43 E452.22708
G1 X131.495 Y123.174 E452.2535
G1 X132.219 Y122.818 E452.28034
G1 X132.885 Y122.373 E452.30698
G1 X133.49 Y121.842 E452.33375
G1 X134.02 Y121.238 E452.36048
G1 X134.466 Y120.567 E452.38727
G1 X134.823 Y119.846 E452.41403
G1 X135.082 Y119.095 E452.44046
G1 X135.237 Y118.302 E452.46733
G1 X135.291 Y117.5 E452.49407
G1 X135.237 Y116.695 E452.5209
G1 X135.082 Y115.904 E452.54771
G1 X134.823 Y115.15 E452.57423
G1 X134.466 Y114.428 E452.60101
G1 X134.02 Y113.758 E452.62778
G1 X133.49 Y113.154 E452.65451
G1 X132.885 Y112.624 E452.68126
G1 X132.219 Y112.178 E452.70792
G1 X131.495 Y111.822 E452.73476
G1 X130.743 Y111.566 E452.76118
G1 X129.953 Y111.407 E452.78798
G1 X129.148 Y111.357 E452.81481
G1 X128.343 Y111.407 E452.84163
G1 X127.553 Y111.566 E452.86843
G1 X126.801 Y111.822 E452.89486
G1 X126.077 Y112.178 E452.92169
G1 X125.411 Y112.623 E452.94833
G1 X124.806 Y113.154 E452.9751
G1 X124.276 Y113.758 E453.00183
G1 X123.83 Y114.429 E453.02863
G1 X123.474 Y115.15 E453.05537
G1 X123.214 Y115.905 E453.08193
G1 X123.059 Y116.695 E453.10871
G1 X123.005 Y117.5 E453.13554
G1 X123.059 Y118.302 E453.16228
G1 X123.214 Y119.095 E453.18915
G1 X123.473 Y119.846 E453.21557
G1 X123.83 Y120.567 E453.24233
G1 X124.276 Y121.238 E453.26913
G1 X124.806 Y121.842 E453.29586
G1 X125.411 Y122.373 E453.32263
G1 X126.077 Y122.818 E453.34927
G1 X126.801 Y123.174 E453.37611
G1 X127.553 Y123.43 E453.40253
G1 X128.343 Y123.589 E453.42933
G1 X129.148 Y123.639 E453.45616
G1 F2700 E448.45616
G0 F9000 X129.149 Y122.932
G0 X126.967 Y122.118
G0 X126.967 Y121.408
G1 F2700 E453.45616
G1 F1500 X126.834 Y121.309 E453.46167
G1 X124.671 Y117.567 E453.60543
G1 X124.69 Y117.399 E453.61105
G1 X126.854 Y113.658 E453.75479
G1 X127.008 Y113.592 E453.76037
G1 X131.288 Y113.591 E453.90272
G1 X131.442 Y113.658 E453.90831
G1 X133.606 Y117.399 E454.05205
G1 X133.633 Y117.5 E454.05553
G1 X133.606 Y117.601 E454.059
G1 X131.462 Y121.309 E454.20146
G1 X131.327 Y121.408 E454.20703
G1 X126.967 Y121.408 E454.35205
G0 F9000 X127.544 Y121.888
;TYPE:FILL
G1 F3000 X128.792 Y123.135 E454.41073
G1 X128.832 Y123.138
G1 X130.083 Y121.888 E454.46954
G0 F9000 X130.083 Y122.118
G0 X131.778 Y122.052
G0 X132.437 Y121.04
G0 X132.237 Y120.924
G1 F3000 X132.971 Y121.658 E454.50407
G0 F9000 X132.824 Y121.488
G0 X134.07 Y118.211
G0 X133.873 Y118.097
G1 F3000 X134.787 Y117.183 E454.54706
G0 F9000 X134.788 Y117.817
G1 F3000 X133.872 Y116.902 E454.59012
G0 F9000 X134.07 Y116.789
G0 X132.438 Y113.961
G0 X132.238 Y114.075
G1 F3000 X132.974 Y113.339 E454.62474
G0 F9000 X132.823 Y113.511
G0 X131.778 Y112.948
G0 X130.081 Y112.882
G0 X130.081 Y113.111
G1 F3000 X128.829 Y111.859 E454.68363
G1 X128.797 Y111.86
G1 X127.545 Y113.112 E454.74252
G0 F9000 X127.545 Y112.882
G0 X126.521 Y112.948
G0 X125.616 Y114.386
G0 X125.813 Y114.5
G1 F3000 X124.987 Y113.674 E454.78138
G0 F9000 X125.161 Y113.827
G0 X125.145 Y115.203
G0 X125.34 Y115.316
G1 F3000 X123.51 Y117.146 E454.86745
G0 F9000 X123.51 Y117.853
G1 F3000 X125.339 Y119.682 E454.95348
G0 F9000 X125.812 Y120.502
G1 F3000 X124.989 Y121.325 E454.9922
G0 F9000 X125.388 Y120.978
G1 F2700 E449.9922
;MESH:NONMESH
G0 F300 X125.388 Y120.978 Z4.6
G0 F9000 X124.029 Y120.457
G0 X123.049 Y120.942
G0 X109.093 Y121.559
G0 X108.225 Y120.894
G0 X104.797 Y121.81
G0 X104.832 Y121.555
;TIME_ELAPSED:775.334698
;LAYER:22
;TYPE:WALL-INNER
;MESH:FT10-Input Crank.stl
G1 F2700 E454.9922
G1 F1174.2 X103.777 Y121.417 E455.0374
G1 F1171.9 X102.803 Y121.014 E455.08228
G1 F1176.5 X101.96 Y120.369 E455.12729
G1 X101.314 Y119.526 E455.17233
G1 F1174.2 X100.912 Y118.555 E455.21698
G1 F1176.5 X100.773 Y117.5 E455.26211
G1 X100.912 Y116.445 E455.30724
G1 F1171.9 X101.315 Y115.472 E455.35207
G1 F1174.2 X101.961 Y114.629 E455.3972
G1 X102.803 Y113.985 E455.44224
G1 F1171.9 X103.777 Y113.58 E455.48715
G1 F1176.5 X104.832 Y113.441 E455.53227
G1 X105.886 Y113.58 E455.57736
G1 X106.857 Y113.982 E455.62192
G1 X107.699 Y114.628 E455.66693
G1 X108.344 Y115.469 E455.71187
G1 X108.747 Y116.446 E455.75669
G1 X108.887 Y117.5 E455.80178
G1 X108.748 Y118.551 E455.84674
G1 X108.344 Y119.527 E455.89153
G1 X107.699 Y120.368 E455.93648
G1 X106.857 Y121.014 E455.98148
G1 F1171.9 X105.885 Y121.417 E456.02628
G1 F1174.2 X104.832 Y121.555 E456.0714
G0 F9000 X104.832 Y122.067
G1 F1174.2 X106.02 Y121.912 E456.12231
G1 F1171.9 X107.112 Y121.459 E456.17264
G1 F1176.5 X108.061 Y120.729 E456.22341
G1 X108.787 Y119.781 E456.27405
G1 X109.241 Y118.684 E456.3244
G1 X109.399 Y117.5 E456.37505
G1 X109.242 Y116.312 E456.42587
G1 X108.787 Y115.215 E456.47623
G1 X108.061 Y114.267 E456.52687
G1 X107.113 Y113.537 E456.57761
G1 X106.021 Y113.087 E456.62769
G1 X104.832 Y112.929 E456.67856
G1 X103.643 Y113.087 E456.72942
G1 F1171.9 X102.548 Y113.538 E456.77984
G1 F1174.2 X101.599 Y114.267 E456.83068
G1 X100.869 Y115.215 E456.88152
G1 F1171.9 X100.419 Y116.311 E456.93196
G1 F1176.5 X100.261 Y117.5 E456.98283
G1 X100.419 Y118.689 E457.03369
G1 F1174.2 X100.869 Y119.781 E457.08388
G1 F1176.5 X101.599 Y120.729 E457.13462
G1 X102.548 Y121.459 E457.18539
G1 F1171.9 X103.643 Y121.912 E457.23584
G1 F1174.2 X104.832 Y122.067 E457.28679
G0 F9000 X104.832 Y122.526
;TYPE:WALL-OUTER
G1 F1500 X106.139 Y122.357 E457.33062
G1 X107.342 Y121.857 E457.37395
G1 X108.385 Y121.053 E457.41775
G1 X109.185 Y120.011 E457.46144
G1 X109.685 Y118.803 E457.50493
G1 X109.858 Y117.5 E457.54865
G1 X109.685 Y116.193 E457.5925
G1 X109.185 Y114.985 E457.63598
G1 X108.385 Y113.943 E457.67967
G1 X107.343 Y113.139 E457.72345
G1 X106.139 Y112.643 E457.76676
G1 X104.832 Y112.47 E457.81061
G1 X103.525 Y112.643 E457.85446
G1 X102.317 Y113.139 E457.89789
G1 X101.275 Y113.943 E457.94167
G1 X100.471 Y114.985 E457.98544
G1 X99.975 Y116.193 E458.02887
G1 X99.802 Y117.5 E458.07272
G1 X99.975 Y118.807 E458.11657
G1 X100.471 Y120.011 E458.15988
G1 X101.275 Y121.053 E458.20366
G1 X102.318 Y121.857 E458.24746
G1 X103.524 Y122.357 E458.29088
G1 X104.832 Y122.526 E458.33475
G0 F9000 X104.832 Y121.815
G0 X104.832 Y121.103
G1 F1500 X103.925 Y120.983 E458.36518
G1 X103.028 Y120.618 E458.39739
G1 X102.283 Y120.054 E458.42847
G1 X101.71 Y119.3 E458.45996
G1 X101.351 Y118.434 E458.49114
G1 X101.225 Y117.5 E458.52249
G1 X101.345 Y116.593 E458.55292
G1 X101.71 Y115.7 E458.58501
G1 X102.28 Y114.949 E458.61636
G1 X103.006 Y114.396 E458.64672
G1 X103.898 Y114.019 E458.67893
G1 X104.832 Y113.893 E458.71027
G1 X105.763 Y114.019 E458.74152
G1 X106.632 Y114.378 E458.77279
G1 X107.378 Y114.95 E458.80406
G1 X107.95 Y115.696 E458.83533
G1 X108.309 Y116.566 E458.86663
G1 X108.435 Y117.5 E458.89798
G1 X108.315 Y118.403 E458.92827
G1 X107.962 Y119.277 E458.95962
G1 X107.378 Y120.046 E458.99174
G1 X106.609 Y120.63 E459.02386
G1 X105.762 Y120.977 E459.0543
G1 X104.832 Y121.103 E459.08552
G0 F9000 X104.739 Y121.807
G0 X104.619 Y121.307
G0 X104.694 Y120.176
G0 X104.833 Y119.703
G0 X104.831 Y120.01
;TYPE:WALL-INNER
G1 F1500 X105.163 Y119.991 E459.09658
G1 X105.485 Y119.927 E459.1075
G1 X105.788 Y119.821 E459.11817
G1 X106.086 Y119.675 E459.12921
G1 X106.356 Y119.491 E459.14008
G1 X106.606 Y119.274 E459.15109
G1 X106.823 Y119.025 E459.16207
G1 X107.007 Y118.754 E459.17297
G1 X107.153 Y118.456 E459.184
G1 X107.259 Y118.153 E459.19468
G1 X107.323 Y117.831 E459.2056
G1 X107.342 Y117.499 E459.21666
G1 X107.323 Y117.165 E459.22779
G1 X107.259 Y116.846 E459.23861
G1 X107.153 Y116.54 E459.24938
G1 X107.007 Y116.242 E459.26042
G1 X106.823 Y115.972 E459.27128
G1 X106.606 Y115.722 E459.28229
G1 X106.357 Y115.505 E459.29328
G1 X106.086 Y115.321 E459.30418
G1 X105.79 Y115.176 E459.31514
G1 X105.488 Y115.073 E459.32575
G1 X105.16 Y115.009 E459.33687
G1 X104.831 Y114.986 E459.34783
G1 X104.499 Y115.008 E459.3589
G1 X104.172 Y115.073 E459.36999
G1 X103.87 Y115.176 E459.3806
G1 X103.574 Y115.321 E459.39157
G1 X103.303 Y115.505 E459.40246
G1 X103.054 Y115.722 E459.41345
G1 X102.837 Y115.971 E459.42443
G1 X102.653 Y116.242 E459.43533
G1 X102.508 Y116.538 E459.44629
G1 X102.405 Y116.842 E459.45696
G1 X102.337 Y117.171 E459.46814
G1 X102.317 Y117.5 E459.4791
G1 X102.337 Y117.828 E459.49003
G1 X102.404 Y118.153 E459.50107
G1 X102.508 Y118.458 E459.51179
G1 X102.653 Y118.754 E459.52275
G1 X102.837 Y119.025 E459.53364
G1 X103.054 Y119.274 E459.54463
G1 X103.303 Y119.491 E459.55561
G1 X103.574 Y119.675 E459.56651
G1 X103.872 Y119.821 E459.57755
G1 X104.175 Y119.927 E459.58822
G1 X104.497 Y119.991 E459.59914
G1 X104.831 Y120.01 E459.61027
G0 F9000 X104.831 Y120.411
;TYPE:WALL-OUTER
G1 F1500 X105.214 Y120.389 E459.62303
G1 X105.591 Y120.314 E459.63581
G1 X105.942 Y120.191 E459.64818
G1 X106.287 Y120.022 E459.66096
G1 X106.601 Y119.809 E459.67358
G1 X106.89 Y119.558 E459.68631
G1 X107.141 Y119.269 E459.69904
G1 X107.354 Y118.955 E459.71166
G1 X107.523 Y118.61 E459.72444
G1 X107.646 Y118.259 E459.73681
G1 X107.721 Y117.882 E459.7496
G1 X107.743 Y117.499 E459.76236
G1 X107.721 Y117.114 E459.77518
G1 X107.646 Y116.741 E459.78784
G1 X107.523 Y116.386 E459.80033
G1 X107.354 Y116.041 E459.81311
G1 X107.141 Y115.727 E459.82573
G1 X106.89 Y115.438 E459.83846
G1 X106.601 Y115.187 E459.85119
G1 X106.287 Y114.974 E459.86381
G1 X105.943 Y114.806 E459.87654
G1 X105.592 Y114.686 E459.88888
G1 X105.213 Y114.611 E459.90173
G1 X104.831 Y114.585 E459.91447
G1 X104.447 Y114.611 E459.92727
G1 X104.068 Y114.686 E459.94012
G1 X103.717 Y114.806 E459.95246
G1 X103.373 Y114.974 E459.96519
G1 X103.059 Y115.187 E459.97781
G1 X102.77 Y115.438 E459.99054
G1 X102.519 Y115.727 E460.00327
G1 X102.306 Y116.041 E460.01589
G1 X102.138 Y116.385 E460.02862
G1 X102.018 Y116.737 E460.04099
G1 X101.939 Y117.119 E460.05397
G1 X101.917 Y117.5 E460.06666
G1 X101.939 Y117.881 E460.07935
G1 X102.018 Y118.259 E460.0922
G1 X102.138 Y118.611 E460.10457
G1 X102.306 Y118.955 E460.1173
G1 X102.519 Y119.269 E460.12992
G1 X102.77 Y119.558 E460.14265
G1 X103.059 Y119.809 E460.15538
G1 X103.373 Y120.022 E460.168
G1 X103.718 Y120.191 E460.18078
G1 X104.069 Y120.314 E460.19315
G1 X104.446 Y120.389 E460.20594
G1 X104.831 Y120.411 E460.21876
G0 F9000 X104.832 Y119.703
G0 X104.005 Y119.541
G0 X103.93 Y119.756
;TYPE:FILL
G1 F3000 X107.088 Y116.598 E460.3673
G0 F9000 X106.872 Y116.671
G0 X106.874 Y118.327
G0 X107.088 Y118.401
G1 F3000 X103.928 Y115.241 E460.51594
G0 F9000 X104.097 Y115.745
G1 F2700 E455.51594
G0 F9000 X107.494 Y117.149
G0 X110.503 Y115.903
G0 X123.552 Y121.712
G0 X124.461 Y121.104
G0 X126.889 Y122.118
G0 X126.889 Y121.808
;TYPE:WALL-INNER
G1 F2700 E460.51594
G1 F1500 X126.675 Y121.708 E460.5238
G1 X126.488 Y121.509 E460.53288
G1 X124.286 Y117.701 E460.67919
G1 X124.265 Y117.46 E460.68723
G1 X124.344 Y117.199 E460.6963
G1 X126.547 Y113.391 E460.84262
G1 X126.742 Y113.253 E460.85057
G1 X127.008 Y113.192 E460.85965
G1 X131.288 Y113.191 E461.002
G1 X131.553 Y113.253 E461.01105
G1 X131.748 Y113.388 E461.01894
G1 X133.952 Y117.199 E461.16537
G1 X134.031 Y117.459 E461.1744
G1 X134.012 Y117.698 E461.18238
G1 X131.808 Y121.509 E461.3288
G1 X131.623 Y121.708 E461.33784
G1 X131.406 Y121.808 E461.34579
G1 X126.889 Y121.808 E461.49602
G0 F9000 X126.889 Y122.118
G0 X129.149 Y122.932
G0 X129.148 Y123.238
G1 F1500 X129.901 Y123.191 E461.52112
G1 X130.639 Y123.043 E461.54615
G1 X131.342 Y122.804 E461.57085
G1 X132.019 Y122.471 E461.59594
G1 X132.641 Y122.055 E461.62083
G1 X133.206 Y121.558 E461.64586
G1 X133.702 Y120.994 E461.67084
G1 X134.118 Y120.367 E461.69586
G1 X134.453 Y119.691 E461.72096
G1 X134.695 Y118.991 E461.74559
G1 X134.839 Y118.25 E461.7707
G1 X134.89 Y117.5 E461.7957
G1 X134.839 Y116.747 E461.8208
G1 X134.695 Y116.008 E461.84584
G1 X134.453 Y115.304 E461.8706
G1 X134.119 Y114.628 E461.89568
G1 X133.702 Y114.002 E461.9207
G1 X133.206 Y113.438 E461.94568
G1 X132.641 Y112.942 E461.97069
G1 X132.019 Y112.525 E461.99559
G1 X131.342 Y112.192 E462.02069
G1 X130.639 Y111.953 E462.04538
G1 X129.901 Y111.805 E462.07042
G1 X129.148 Y111.758 E462.09551
G1 X128.395 Y111.805 E462.12061
G1 X127.657 Y111.953 E462.14564
G1 X126.955 Y112.193 E462.17032
G1 X126.277 Y112.525 E462.19542
G1 X125.655 Y112.941 E462.22031
G1 X125.09 Y113.438 E462.24534
G1 X124.594 Y114.002 E462.27032
G1 X124.178 Y114.629 E462.29535
G1 X123.844 Y115.304 E462.3204
G1 X123.601 Y116.009 E462.3452
G1 X123.457 Y116.747 E462.37021
G1 X123.406 Y117.5 E462.39531
G1 X123.456 Y118.25 E462.42031
G1 X123.601 Y118.991 E462.44542
G1 X123.843 Y119.691 E462.47006
G1 X124.177 Y120.367 E462.49514
G1 X124.594 Y120.994 E462.52018
G1 X125.089 Y121.559 E462.54517
G1 X125.655 Y122.055 E462.5702
G1 X126.277 Y122.47 E462.59507
G1 X126.954 Y122.804 E462.62017
G1 X127.657 Y123.043 E462.64487
G1 X128.395 Y123.191 E462.66991
G1 X129.148 Y123.238 E462.695
G0 F9000 X129.148 Y123.639
;TYPE:WALL-OUTER
G1 F1500 X129.953 Y123.589 E462.72183
G1 X130.743 Y123.43 E462.74863
G1 X131.495 Y123.174 E462.77505
G1 X132.219 Y122.818 E462.80188
G1 X132.885 Y122.373 E462.82852
G1 X133.49 Y121.842 E462.8553
G1 X134.02 Y121.238 E462.88202
G1 X134.466 Y120.567 E462.90882
G1 X134.823 Y119.846 E462.93558
G1 X135.082 Y119.095 E462.962
G1 X135.237 Y118.302 E462.98888
G1 X135.291 Y117.5 E463.01561
G1 X135.237 Y116.695 E463.04245
G1 X135.082 Y115.904 E463.06926
G1 X134.823 Y115.15 E463.09577
G1 X134.466 Y114.428 E463.12256
G1 X134.02 Y113.758 E463.14933
G1 X133.49 Y113.154 E463.17606
G1 X132.885 Y112.624 E463.20281
G1 X132.219 Y112.178 E463.22947
G1 X131.495 Y111.822 E463.2563
G1 X130.743 Y111.566 E463.28272
G1 X129.953 Y111.407 E463.30953
G1 X129.148 Y111.357 E463.33635
G1 X128.343 Y111.407 E463.36318
G1 X127.553 Y111.566 E463.38998
G1 X126.801 Y111.822 E463.4164
G1 X126.077 Y112.178 E463.44324
G1 X125.411 Y112.623 E463.46988
G1 X124.806 Y113.154 E463.49665
G1 X124.276 Y113.758 E463.52338
G1 X123.83 Y114.429 E463.55018
G1 X123.474 Y115.15 E463.57692
G1 X123.214 Y115.905 E463.60348
G1 X123.059 Y116.695 E463.63026
G1 X123.005 Y117.5 E463.65709
G1 X123.059 Y118.302 E463.68382
G1 X123.214 Y119.095 E463.7107
G1 X123.473 Y119.846 E463.73712
G1 X123.83 Y120.567 E463.76388
G1 X124.276 Y121.238 E463.79068
G1 X124.806 Y121.842 E463.81741
G1 X125.411 Y122.373 E463.84418
G1 X126.077 Y122.818 E463.87082
G1 X126.801 Y123.174 E463.89765
G1 X127.553 Y123.43 E463.92407
G1 X128.343 Y123.589 E463.95088
G1 X129.148 Y123.639 E463.9777
G1 F2700 E458.9777
G0 F9000 X129.149 Y122.932
G0 X126.967 Y122.118
G0 X126.967 Y121.408
G1 F2700 E463.9777
G1 F1500 X126.834 Y121.309 E463.98322
G1 X124.671 Y117.567 E464.12697
G1 X124.69 Y117.399 E464.1326
G1 X126.854 Y113.658 E464.27634
G1 X127.008 Y113.592 E464.28191
G1 X131.288 Y113.591 E464.42427
G1 X131.442 Y113.658 E464.42985
G1 X133.606 Y117.399 E464.5736
G1 X133.633 Y117.5 E464.57707
G1 X133.606 Y117.601 E464.58055
G1 X131.462 Y121.309 E464.72301
G1 X131.327 Y121.408 E464.72858
G1 X126.967 Y121.408 E464.87359
G0 F9000 X127.544 Y121.888
;TYPE:FILL
G1 F3000 X128.792 Y123.135 E464.93227
G1 X128.832 Y123.138
G1 X130.083 Y121.888 E464.99109
G0 F9000 X130.083 Y122.118
G0 X131.778 Y122.052
G0 X132.437 Y121.04
G0 X132.237 Y120.924
G1 F3000 X132.971 Y121.658 E465.02562
G0 F9000 X132.824 Y121.488
G0 X134.07 Y118.211
G0 X133.873 Y118.097
G1 F3000 X134.787 Y117.183 E465.06861
G0 F9000 X134.788 Y117.817
G1 F3000 X133.872 Y116.902 E465.11167
G0 F9000 X134.07 Y116.789
G0 X132.438 Y113.961
G0 X132.238 Y114.075
G1 F3000 X132.974 Y113.339 E465.14629
G0 F9000 X132.823 Y113.511
G0 X131.778 Y112.948
G0 X130.081 Y112.882
G0 X130.081 Y113.111
G1 F3000 X128.829 Y111.859 E465.20518
G1 X128.797 Y111.86
G1 X127.545 Y113.112 E465.26407
G0 F9000 X127.545 Y112.882
G0 X126.521 Y112.948
G0 X125.616 Y114.386
G0 X125.813 Y114.5
G1 F3000 X124.987 Y113.674 E465.30292
G0 F9000 X125.161 Y113.827
G0 X125.145 Y115.203
G0 X125.34 Y115.316
G1 F3000 X123.51 Y117.146 E465.389
G0 F9000 X123.51 Y117.853
G1 F3000 X125.339 Y119.682 E465.47503
G0 F9000 X125.812 Y120.502
G1 F3000 X124.989 Y121.325 E465.51374
G0 F9000 X125.388 Y120.978
G1 F2700 E460.51374
;MESH:NONMESH
G0 F300 X125.388 Y120.978 Z4.8
G0 F9000 X124.029 Y120.457
G0 X123.049 Y120.942
G0 X109.093 Y121.559
G0 X108.225 Y120.894
G0 X104.797 Y121.81
G0 X104.832 Y121.555
;TIME_ELAPSED:793.636086
;LAYER:23
;TYPE:WALL-INNER
;MESH:FT10-Input Crank.stl
G1 F2700 E465.51374
G1 F1174.2 X103.777 Y121.417 E465.55895
G1 F1171.9 X102.803 Y121.014 E465.60383
G1 F1176.5 X101.96 Y120.369 E465.64884
G1 X101.314 Y119.526 E465.69388
G1 F1174.2 X100.912 Y118.555 E465.73853
G1 F1176.5 X100.773 Y117.5 E465.78366
G1 X100.912 Y116.445 E465.82878
G1 F1171.9 X101.315 Y115.472 E465.87362
G1 F1174.2 X101.961 Y114.629 E465.91875
G1 X102.803 Y113.985 E465.96379
G1 F1171.9 X103.777 Y113.58 E466.00869
G1 F1176.5 X104.832 Y113.441 E466.05382
G1 X105.886 Y113.58 E466.0989
G1 X106.857 Y113.982 E466.14347
G1 X107.699 Y114.628 E466.18847
G1 X108.344 Y115.469 E466.23342
G1 X108.747 Y116.446 E466.27824
G1 X108.887 Y117.5 E466.32333
G1 X108.748 Y118.551 E466.36828
G1 X108.344 Y119.527 E466.41308
G1 X107.699 Y120.368 E466.45802
G1 X106.857 Y121.014 E466.50303
G1 F1171.9 X105.885 Y121.417 E466.54783
G1 F1174.2 X104.832 Y121.555 E466.59295
G0 F9000 X104.832 Y122.067
G1 F1174.2 X106.02 Y121.912 E466.64386
G1 F1171.9 X107.112 Y121.459 E466.69419
G1 F1176.5 X108.061 Y120.729 E466.74496
G1 X108.787 Y119.781 E466.7956
G1 X109.241 Y118.684 E466.84594
G1 X109.399 Y117.5 E466.8966
G1 X109.242 Y116.312 E466.94741
G1 X108.787 Y115.215 E466.99778
G1 X108.061 Y114.267 E467.04841
G1 X107.113 Y113.537 E467.09915
G1 X106.021 Y113.087 E467.14924
G1 X104.832 Y112.929 E467.2001
G1 X103.643 Y113.087 E467.25097
G1 F1171.9 X102.548 Y113.538 E467.30138
G1 F1174.2 X101.599 Y114.267 E467.35223
G1 X100.869 Y115.215 E467.40307
G1 F1171.9 X100.419 Y116.311 E467.45351
G1 F1176.5 X100.261 Y117.5 E467.50437
G1 X100.419 Y118.689 E467.55524
G1 F1174.2 X100.869 Y119.781 E467.60542
G1 F1176.5 X101.599 Y120.729 E467.65616
G1 X102.548 Y121.459 E467.70694
G1 F1171.9 X103.643 Y121.912 E467.75739
G1 F1174.2 X104.832 Y122.067 E467.80833
G0 F9000 X104.832 Y122.526
;TYPE:WALL-OUTER
G1 F1500 X106.139 Y122.357 E467.85217
G1 X107.342 Y121.857 E467.8955
G1 X108.385 Y121.053 E467.9393
G1 X109.185 Y120.011 E467.98299
G1 X109.685 Y118.803 E468.02647
G1 X109.858 Y117.5 E468.07019
G1 X109.685 Y116.193 E468.11404
G1 X109.185 Y114.985 E468.15753
G1 X108.385 Y113.943 E468.20122
G1 X107.343 Y113.139 E468.24499
G1 X106.139 Y112.643 E468.2883
G1 X104.832 Y112.47 E468.33215
G1 X103.525 Y112.643 E468.376
G1 X102.317 Y113.139 E468.41944
G1 X101.275 Y113.943 E468.46321
G1 X100.471 Y114.985 E468.50699
G1 X99.975 Y116.193 E468.55042
G1 X99.802 Y117.5 E468.59427
G1 X99.975 Y118.807 E468.63812
G1 X100.471 Y120.011 E468.68143
G1 X101.275 Y121.053 E468.7252
G1 X102.318 Y121.857 E468.76901
G1 X103.524 Y122.357 E468.81243
G1 X104.832 Y122.526 E468.85629
G0 F9000 X104.832 Y121.815
G0 X104.832 Y121.103
G1 F1500 X103.925 Y120.983 E468.88672
G1 X103.028 Y120.618 E468.91893
G1 X102.283 Y120.054 E468.95001
G1 X101.71 Y119.3 E468.98151
G1 X101.351 Y118.434 E469.01269
G1 X101.225 Y117.5 E469.04404
G1 X101.345 Y116.593 E469.07447
G1 X101.71 Y115.7 E469.10655
G1 X102.28 Y114.949 E469.13791
G1 X103.006 Y114.396 E469.16827
G1 X103.898 Y114.019 E469.20047
G1 X104.832 Y113.893 E469.23182
G1 X105.763 Y114.019 E469.26307
G1 X106.632 Y114.378 E469.29434
G1 X107.378 Y114.95 E469.32561
G1 X107.95 Y115.696 E469.35687
G1 X108.309 Y116.566 E469.38818
G1 X108.435 Y117.5 E469.41952
G1 X108.315 Y118.403 E469.44982
G1 X107.962 Y119.277 E469.48117
G1 X107.378 Y120.046 E469.51329
G1 X106.609 Y120.63 E469.5454
G1 X105.762 Y120.977 E469.57585
G1 X104.832 Y121.103 E469.60706
G0 F9000 X104.739 Y121.807
G0 X104.619 Y121.307
G0 X104.694 Y120.176
G0 X104.833 Y119.703
G0 X104.831 Y120.01
;TYPE:WALL-INNER
G1 F1500 X105.163 Y119.991 E469.61812
G1 X105.485 Y119.927 E469.62904
G1 X105.788 Y119.821 E469.63972
G1 X106.086 Y119.675 E469.65076
G1 X106.356 Y119.491 E469.66162
G1 X106.606 Y119.274 E469.67263
G1 X106.823 Y119.025 E469.68362
G1 X107.007 Y118.754 E469.69451
G1 X107.153 Y118.456 E469.70555
G1 X107.259 Y118.153 E469.71623
G1 X107.323 Y117.831 E469.72715
G1 X107.342 Y117.499 E469.73821
G1 X107.323 Y117.165 E469.74933
G1 X107.259 Y116.846 E469.76016
G1 X107.153 Y116.54 E469.77093
G1 X107.007 Y116.242 E469.78196
G1 X106.823 Y115.972 E469.79283
G1 X106.606 Y115.722 E469.80384
G1 X106.357 Y115.505 E469.81483
G1 X106.086 Y115.321 E469.82572
G1 X105.79 Y115.176 E469.83668
G1 X105.488 Y115.073 E469.8473
G1 X105.16 Y115.009 E469.85841
G1 X104.831 Y114.986 E469.86938
G1 X104.499 Y115.008 E469.88045
G1 X104.172 Y115.073 E469.89154
G1 X103.87 Y115.176 E469.90215
G1 X103.574 Y115.321 E469.91311
G1 X103.303 Y115.505 E469.92401
G1 X103.054 Y115.722 E469.93499
G1 X102.837 Y115.971 E469.94598
G1 X102.653 Y116.242 E469.95687
G1 X102.508 Y116.538 E469.96784
G1 X102.405 Y116.842 E469.97851
G1 X102.337 Y117.171 E469.98969
G1 X102.317 Y117.5 E470.00065
G1 X102.337 Y117.828 E470.01158
G1 X102.404 Y118.153 E470.02261
G1 X102.508 Y118.458 E470.03333
G1 X102.653 Y118.754 E470.0443
G1 X102.837 Y119.025 E470.05519
G1 X103.054 Y119.274 E470.06618
G1 X103.303 Y119.491 E470.07716
G1 X103.574 Y119.675 E470.08806
G1 X103.872 Y119.821 E470.09909
G1 X104.175 Y119.927 E470.10977
G1 X104.497 Y119.991 E470.12069
G1 X104.831 Y120.01 E470.13182
G0 F9000 X104.831 Y120.411
;TYPE:WALL-OUTER
G1 F1500 X105.214 Y120.389 E470.14458
G1 X105.591 Y120.314 E470.15736
G1 X105.942 Y120.191 E470.16973
G1 X106.287 Y120.022 E470.18251
G1 X106.601 Y119.809 E470.19513
G1 X106.89 Y119.558 E470.20786
G1 X107.141 Y119.269 E470.22059
G1 X107.354 Y118.955 E470.23321
G1 X107.523 Y118.61 E470.24599
G1 X107.646 Y118.259 E470.25836
G1 X107.721 Y117.882 E470.27114
G1 X107.743 Y117.499 E470.2839
G1 X107.721 Y117.114 E470.29673
G1 X107.646 Y116.741 E470.30938
G1 X107.523 Y116.386 E470.32188
G1 X107.354 Y116.041 E470.33466
G1 X107.141 Y115.727 E470.34728
G1 X106.89 Y115.438 E470.36001
G1 X106.601 Y115.187 E470.37274
G1 X106.287 Y114.974 E470.38536
G1 X105.943 Y114.806 E470.39809
G1 X105.592 Y114.686 E470.41043
G1 X105.213 Y114.611 E470.42328
G1 X104.831 Y114.585 E470.43601
G1 X104.447 Y114.611 E470.44882
G1 X104.068 Y114.686 E470.46167
G1 X103.717 Y114.806 E470.474
G1 X103.373 Y114.974 E470.48674
G1 X103.059 Y115.187 E470.49936
G1 X102.77 Y115.438 E470.51209
G1 X102.519 Y115.727 E470.52482
G1 X102.306 Y116.041 E470.53744
G1 X102.138 Y116.385 E470.55017
G1 X102.018 Y116.737 E470.56254
G1 X101.939 Y117.119 E470.57552
G1 X101.917 Y117.5 E470.58821
G1 X101.939 Y117.881 E470.6009
G1 X102.018 Y118.259 E470.61375
G1 X102.138 Y118.611 E470.62611
G1 X102.306 Y118.955 E470.63885
G1 X102.519 Y119.269 E470.65147
G1 X102.77 Y119.558 E470.6642
G1 X103.059 Y119.809 E470.67693
G1 X103.373 Y120.022 E470.68955
G1 X103.718 Y120.191 E470.70233
G1 X104.069 Y120.314 E470.7147
G1 X104.446 Y120.389 E470.72748
G1 X104.831 Y120.411 E470.74031
G0 F9000 X104.832 Y119.703
G0 X104.005 Y119.541
G0 X103.93 Y119.756
;TYPE:FILL
G1 F3000 X107.088 Y116.598 E470.88885
G0 F9000 X106.872 Y116.671
G0 X106.874 Y118.327
G0 X107.088 Y118.401
G1 F3000 X103.928 Y115.241 E471.03749
G0 F9000 X104.097 Y115.745
G1 F2700 E466.03749
G0 F9000 X107.494 Y117.149
G0 X110.503 Y115.903
G0 X123.552 Y121.712
G0 X124.461 Y121.104
G0 X126.889 Y122.118
G0 X126.889 Y121.808
;TYPE:WALL-INNER
G1 F2700 E471.03749
G1 F1500 X126.675 Y121.708 E471.04534
G1 X126.488 Y121.509 E471.05443
G1 X124.286 Y117.701 E471.20073
G1 X124.265 Y117.46 E471.20878
G1 X124.344 Y117.199 E471.21785
G1 X126.547 Y113.391 E471.36417
G1 X126.742 Y113.253 E471.37212
G1 X127.008 Y113.192 E471.38119
G1 X131.288 Y113.191 E471.52355
G1 X131.553 Y113.253 E471.5326
G1 X131.748 Y113.388 E471.54049
G1 X133.952 Y117.199 E471.68691
G1 X134.031 Y117.459 E471.69595
G1 X134.012 Y117.698 E471.70392
G1 X131.808 Y121.509 E471.85035
G1 X131.623 Y121.708 E471.85939
G1 X131.406 Y121.808 E471.86733
G1 X126.889 Y121.808 E472.01757
G0 F9000 X126.889 Y122.118
G0 X129.149 Y122.932
G0 X129.148 Y123.238
G1 F1500 X129.901 Y123.191 E472.04266
G1 X130.639 Y123.043 E472.0677
G1 X131.342 Y122.804 E472.09239
G1 X132.019 Y122.471 E472.11749
G1 X132.641 Y122.055 E472.14238
G1 X133.206 Y121.558 E472.1674
G1 X133.702 Y120.994 E472.19238
G1 X134.118 Y120.367 E472.21741
G1 X134.453 Y119.691 E472.2425
G1 X134.695 Y118.991 E472.26714
G1 X134.839 Y118.25 E472.29225
G1 X134.89 Y117.5 E472.31725
G1 X134.839 Y116.747 E472.34235
G1 X134.695 Y116.008 E472.36739
G1 X134.453 Y115.304 E472.39215
G1 X134.119 Y114.628 E472.41723
G1 X133.702 Y114.002 E472.44225
G1 X133.206 Y113.438 E472.46723
G1 X132.641 Y112.942 E472.49223
G1 X132.019 Y112.525 E472.51714
G1 X131.342 Y112.192 E472.54223
G1 X130.639 Y111.953 E472.56693
G1 X129.901 Y111.805 E472.59197
G1 X129.148 Y111.758 E472.61706
G1 X128.395 Y111.805 E472.64215
G1 X127.657 Y111.953 E472.66719
G1 X126.955 Y112.193 E472.69186
G1 X126.277 Y112.525 E472.71697
G1 X125.655 Y112.941 E472.74186
G1 X125.09 Y113.438 E472.76689
G1 X124.594 Y114.002 E472.79187
G1 X124.178 Y114.629 E472.8169
G1 X123.844 Y115.304 E472.84194
G1 X123.601 Y116.009 E472.86675
G1 X123.457 Y116.747 E472.89176
G1 X123.406 Y117.5 E472.91686
G1 X123.456 Y118.25 E472.94186
G1 X123.601 Y118.991 E472.96697
G1 X123.843 Y119.691 E472.99161
G1 X124.177 Y120.367 E473.01668
G1 X124.594 Y120.994 E473.04173
G1 X125.089 Y121.559 E473.06671
G1 X125.655 Y122.055 E473.09174
G1 X126.277 Y122.47 E473.11661
G1 X126.954 Y122.804 E473.14172
G1 X127.657 Y123.043 E473.16642
G1 X128.395 Y123.191 E473.19145
G1 X129.148 Y123.238 E473.21655
G0 F9000 X129.148 Y123.639
;TYPE:WALL-OUTER
G1 F1500 X129.953 Y123.589 E473.24337
G1 X130.743 Y123.43 E473.27017
G1 X131.495 Y123.174 E473.2966
G1 X132.219 Y122.818 E473.32343
G1 X132.885 Y122.373 E473.35007
G1 X133.49 Y121.842 E473.37684
G1 X134.02 Y121.238 E473.40357
G1 X134.466 Y120.567 E473.43037
G1 X134.823 Y119.846 E473.45713
G1 X135.082 Y119.095 E473.48355
G1 X135.237 Y118.302 E473.51042
G1 X135.291 Y117.5 E473.53716
G1 X135.237 Y116.695 E473.56399
G1 X135.082 Y115.904 E473.5908
G1 X134.823 Y115.15 E473.61732
G1 X134.466 Y114.428 E473.64411
G1 X134.02 Y113.758 E473.67088
G1 X133.49 Y113.154 E473.69761
G1 X132.885 Y112.624 E473.72436
G1 X132.219 Y112.178 E473.75102
G1 X131.495 Y111.822 E473.77785
G1 X130.743 Y111.566 E473.80427
G1 X129.953 Y111.407 E473.83107
G1 X129.148 Y111.357 E473.8579
G1 X128.343 Y111.407 E473.88473
G1 X127.553 Y111.566 E473.91153
G1 X126.801 Y111.822 E473.93795
G1 X126.077 Y112.178 E473.96478
G1 X125.411 Y112.623 E473.99142
G1 X124.806 Y113.154 E474.0182
G1 X124.276 Y113.758 E474.04492
G1 X123.83 Y114.429 E474.07172
G1 X123.474 Y115.15 E474.09847
G1 X123.214 Y115.905 E474.12503
G1 X123.059 Y116.695 E474.1518
G1 X123.005 Y117.5 E474.17864
G1 X123.059 Y118.302 E474.20537
G1 X123.214 Y119.095 E474.23225
G1 X123.473 Y119.846 E474.25867
G1 X123.83 Y120.567 E474.28543
G1 X124.276 Y121.238 E474.31223
G1 X124.806 Y121.842 E474.33895
G1 X125.411 Y122.373 E474.36573
G1 X126.077 Y122.818 E474.39237
G1 X126.801 Y123.174 E474.4192
G1 X127.553 Y123.43 E474.44562
G1 X128.343 Y123.589 E474.47242
G1 X129.148 Y123.639 E474.49925
G1 F2700 E469.49925
G0 F9000 X129.149 Y122.932
G0 X126.967 Y122.118
G0 X126.967 Y121.408
G1 F2700 E474.49925
G1 F1500 X126.834 Y121.309 E474.50476
G1 X124.671 Y117.567 E474.64852
G1 X124.69 Y117.399 E474.65414
G1 X126.854 Y113.658 E474.79789
G1 X127.008 Y113.592 E474.80346
G1 X131.288 Y113.591 E474.94581
G1 X131.442 Y113.658 E474.9514
G1 X133.606 Y117.399 E475.09514
G1 X133.633 Y117.5 E475.09862
G1 X133.606 Y117.601 E475.1021
G1 X131.462 Y121.309 E475.24456
G1 X131.327 Y121.408 E475.25013
G1 X126.967 Y121.408 E475.39514
G0 F9000 X127.544 Y121.888
;TYPE:FILL
G1 F3000 X128.792 Y123.135 E475.45382
G1 X128.832 Y123.138
G1 X130.083 Y121.888 E475.51264
G0 F9000 X130.083 Y122.118
G0 X131.778 Y122.052
G0 X132.437 Y121.04
G0 X132.237 Y120.924
G1 F3000 X132.971 Y121.658 E475.54716
G0 F9000 X132.824 Y121.488
G0 X134.07 Y118.211
G0 X133.873 Y118.097
G1 F3000 X134.787 Y117.183 E475.59016
G0 F9000 X134.788 Y117.817
G1 F3000 X133.872 Y116.902 E475.63322
G0 F9000 X134.07 Y116.789
G0 X132.438 Y113.961
G0 X132.238 Y114.075
G1 F3000 X132.974 Y113.339 E475.66784
G0 F9000 X132.823 Y113.511
G0 X131.778 Y112.948
G0 X130.081 Y112.882
G0 X130.081 Y113.111
G1 F3000 X128.829 Y111.859 E475.72673
G1 X128.797 Y111.86
G1 X127.545 Y113.112 E475.78562
G0 F9000 X127.545 Y112.882
G0 X126.521 Y112.948
G0 X125.616 Y114.386
G0 X125.813 Y114.5
G1 F3000 X124.987 Y113.674 E475.82447
G0 F9000 X125.161 Y113.827
G0 X125.145 Y115.203
G0 X125.34 Y115.316
G1 F3000 X123.51 Y117.146 E475.91055
G0 F9000 X123.51 Y117.853
G1 F3000 X125.339 Y119.682 E475.99658
G0 F9000 X125.812 Y120.502
G1 F3000 X124.989 Y121.325 E476.03529
G0 F9000 X125.388 Y120.978
G1 F2700 E471.03529
;MESH:NONMESH
G0 F300 X125.388 Y120.978 Z5
G0 F9000 X124.029 Y120.457
G0 X123.049 Y120.942
G0 X109.093 Y121.559
G0 X108.225 Y120.894
G0 X104.797 Y121.81
G0 X104.832 Y121.555
;TIME_ELAPSED:811.937475
;LAYER:24
;TYPE:WALL-INNER
;MESH:FT10-Input Crank.stl
G1 F2700 E476.03529
G1 F1174.2 X103.777 Y121.417 E476.0805
G1 F1171.9 X102.803 Y121.014 E476.12537
G1 F1176.5 X101.96 Y120.369 E476.17039
G1 X101.314 Y119.526 E476.21542
G1 F1174.2 X100.912 Y118.555 E476.26008
G1 F1176.5 X100.773 Y117.5 E476.3052
G1 X100.912 Y116.445 E476.35033
G1 F1171.9 X101.315 Y115.472 E476.39517
G1 F1174.2 X101.961 Y114.629 E476.44029
G1 X102.803 Y113.985 E476.48533
G1 F1171.9 X103.777 Y113.58 E476.53024
G1 F1176.5 X104.832 Y113.441 E476.57537
G1 X105.886 Y113.58 E476.62045
G1 X106.857 Y113.982 E476.66502
G1 X107.699 Y114.628 E476.71002
G1 X108.344 Y115.469 E476.75497
G1 X108.747 Y116.446 E476.79978
G1 X108.887 Y117.5 E476.84487
G1 X108.748 Y118.551 E476.88983
G1 X108.344 Y119.527 E476.93463
G1 X107.699 Y120.368 E476.97957
G1 X106.857 Y121.014 E477.02458
G1 F1171.9 X105.885 Y121.417 E477.06937
G1 F1174.2 X104.832 Y121.555 E477.1145
G0 F9000 X104.832 Y122.067
G1 F1174.2 X106.02 Y121.912 E477.1654
G1 F1171.9 X107.112 Y121.459 E477.21573
G1 F1176.5 X108.061 Y120.729 E477.26651
G1 X108.787 Y119.781 E477.31714
G1 X109.241 Y118.684 E477.36749
G1 X109.399 Y117.5 E477.41814
G1 X109.242 Y116.312 E477.46896
G1 X108.787 Y115.215 E477.51932
G1 X108.061 Y114.267 E477.56996
G1 X107.113 Y113.537 E477.6207
G1 X106.021 Y113.087 E477.67079
G1 X104.832 Y112.929 E477.72165
G1 X103.643 Y113.087 E477.77251
G1 F1171.9 X102.548 Y113.538 E477.82293
G1 F1174.2 X101.599 Y114.267 E477.87378
G1 X100.869 Y115.215 E477.92462
G1 F1171.9 X100.419 Y116.311 E477.97506
G1 F1176.5 X100.261 Y117.5 E478.02592
G1 X100.419 Y118.689 E478.07679
G1 F1174.2 X100.869 Y119.781 E478.12697
G1 F1176.5 X101.599 Y120.729 E478.17771
G1 X102.548 Y121.459 E478.22848
G1 F1171.9 X103.643 Y121.912 E478.27893
G1 F1174.2 X104.832 Y122.067 E478.32988
G0 F9000 X104.832 Y122.526
;TYPE:WALL-OUTER
G1 F1500 X106.139 Y122.357 E478.37371
G1 X107.342 Y121.857 E478.41704
G1 X108.385 Y121.053 E478.46084
G1 X109.185 Y120.011 E478.50454
G1 X109.685 Y118.803 E478.54802
G1 X109.858 Y117.5 E478.59174
G1 X109.685 Y116.193 E478.63559
G1 X109.185 Y114.985 E478.67907
G1 X108.385 Y113.943 E478.72277
G1 X107.343 Y113.139 E478.76654
G1 X106.139 Y112.643 E478.80985
G1 X104.832 Y112.47 E478.8537
G1 X103.525 Y112.643 E478.89755
G1 X102.317 Y113.139 E478.94099
G1 X101.275 Y113.943 E478.98476
G1 X100.471 Y114.985 E479.02853
G1 X99.975 Y116.193 E479.07197
G1 X99.802 Y117.5 E479.11582
G1 X99.975 Y118.807 E479.15967
G1 X100.471 Y120.011 E479.20298
G1 X101.275 Y121.053 E479.24675
G1 X102.318 Y121.857 E479.29055
G1 X103.524 Y122.357 E479.33398
G1 X104.832 Y122.526 E479.37784
G0 F9000 X104.832 Y121.815
G0 X104.832 Y121.103
G1 F1500 X103.925 Y120.983 E479.40827
G1 X103.028 Y120.618 E479.44048
G1 X102.283 Y120.054 E479.47156
G1 X101.71 Y119.3 E479.50306
G1 X101.351 Y118.434 E479.53424
G1 X101.225 Y117.5 E479.56558
G1 X101.345 Y116.593 E479.59601
G1 X101.71 Y115.7 E479.6281
G1 X102.28 Y114.949 E479.65946
G1 X103.006 Y114.396 E479.68981
G1 X103.898 Y114.019 E479.72202
G1 X104.832 Y113.893 E479.75337
G1 X105.763 Y114.019 E479.78462
G1 X106.632 Y114.378 E479.81589
G1 X107.378 Y114.95 E479.84715
G1 X107.95 Y115.696 E479.87842
G1 X108.309 Y116.566 E479.90972
G1 X108.435 Y117.5 E479.94107
G1 X108.315 Y118.403 E479.97137
G1 X107.962 Y119.277 E480.00272
G1 X107.378 Y120.046 E480.03483
G1 X106.609 Y120.63 E480.06695
G1 X105.762 Y120.977 E480.0974
G1 X104.832 Y121.103 E480.12861
G0 F9000 X104.739 Y121.807
G0 X104.619 Y121.307
G0 X104.694 Y120.176
G0 X104.833 Y119.703
G0 X104.831 Y120.01
;TYPE:WALL-INNER
G1 F1500 X105.163 Y119.991 E480.13967
G1 X105.485 Y119.927 E480.15059
G1 X105.788 Y119.821 E480.16127
G1 X106.086 Y119.675 E480.1723
G1 X106.356 Y119.491 E480.18317
G1 X106.606 Y119.274 E480.19418
G1 X106.823 Y119.025 E480.20517
G1 X107.007 Y118.754 E480.21606
G1 X107.153 Y118.456 E480.2271
G1 X107.259 Y118.153 E480.23778
G1 X107.323 Y117.831 E480.24869
G1 X107.342 Y117.499 E480.25975
G1 X107.323 Y117.165 E480.27088
G1 X107.259 Y116.846 E480.2817
G1 X107.153 Y116.54 E480.29247
G1 X107.007 Y116.242 E480.30351
G1 X106.823 Y115.972 E480.31438
G1 X106.606 Y115.722 E480.32539
G1 X106.357 Y115.505 E480.33637
G1 X106.086 Y115.321 E480.34727
G1 X105.79 Y115.176 E480.35823
G1 X105.488 Y115.073 E480.36884
G1 X105.16 Y115.009 E480.37996
G1 X104.831 Y114.986 E480.39093
G1 X104.499 Y115.008 E480.402
G1 X104.172 Y115.073 E480.41308
G1 X103.87 Y115.176 E480.4237
G1 X103.574 Y115.321 E480.43466
G1 X103.303 Y115.505 E480.44555
G1 X103.054 Y115.722 E480.45654
G1 X102.837 Y115.971 E480.46753
G1 X102.653 Y116.242 E480.47842
G1 X102.508 Y116.538 E480.48938
G1 X102.405 Y116.842 E480.50006
G1 X102.337 Y117.171 E480.51123
G1 X102.317 Y117.5 E480.5222
G1 X102.337 Y117.828 E480.53313
G1 X102.404 Y118.153 E480.54416
G1 X102.508 Y118.458 E480.55488
G1 X102.653 Y118.754 E480.56584
G1 X102.837 Y119.025 E480.57674
G1 X103.054 Y119.274 E480.58772
G1 X103.303 Y119.491 E480.59871
G1 X103.574 Y119.675 E480.6096
G1 X103.872 Y119.821 E480.62064
G1 X104.175 Y119.927 E480.63132
G1 X104.497 Y119.991 E480.64224
G1 X104.831 Y120.01 E480.65336
G0 F9000 X104.831 Y120.411
;TYPE:WALL-OUTER
G1 F1500 X105.214 Y120.389 E480.66612
G1 X105.591 Y120.314 E480.67891
G1 X105.942 Y120.191 E480.69128
G1 X106.287 Y120.022 E480.70406
G1 X106.601 Y119.809 E480.71667
G1 X106.89 Y119.558 E480.72941
G1 X107.141 Y119.269 E480.74214
G1 X107.354 Y118.955 E480.75476
G1 X107.523 Y118.61 E480.76754
G1 X107.646 Y118.259 E480.77991
G1 X107.721 Y117.882 E480.79269
G1 X107.743 Y117.499 E480.80545
G1 X107.721 Y117.114 E480.81828
G1 X107.646 Y116.741 E480.83093
G1 X107.523 Y116.386 E480.84343
G1 X107.354 Y116.041 E480.8562
G1 X107.141 Y115.727 E480.86882
G1 X106.89 Y115.438 E480.88155
G1 X106.601 Y115.187 E480.89429
G1 X106.287 Y114.974 E480.90691
G1 X105.943 Y114.806 E480.91964
G1 X105.592 Y114.686 E480.93198
G1 X105.213 Y114.611 E480.94483
G1 X104.831 Y114.585 E480.95756
G1 X104.447 Y114.611 E480.97036
G1 X104.068 Y114.686 E480.98321
G1 X103.717 Y114.806 E480.99555
G1 X103.373 Y114.974 E481.00828
G1 X103.059 Y115.187 E481.0209
G1 X102.77 Y115.438 E481.03363
G1 X102.519 Y115.727 E481.04637
G1 X102.306 Y116.041 E481.05899
G1 X102.138 Y116.385 E481.07172
G1 X102.018 Y116.737 E481.08409
G1 X101.939 Y117.119 E481.09706
G1 X101.917 Y117.5 E481.10976
G1 X101.939 Y117.881 E481.12245
G1 X102.018 Y118.259 E481.13529
G1 X102.138 Y118.611 E481.14766
G1 X102.306 Y118.955 E481.16039
G1 X102.519 Y119.269 E481.17301
G1 X102.77 Y119.558 E481.18575
G1 X103.059 Y119.809 E481.19848
G1 X103.373 Y120.022 E481.2111
G1 X103.718 Y120.191 E481.22387
G1 X104.069 Y120.314 E481.23625
G1 X104.446 Y120.389 E481.24903
G1 X104.831 Y120.411 E481.26186
G0 F9000 X104.832 Y119.703
G0 X104.005 Y119.541
G0 X103.93 Y119.756
;TYPE:FILL
G1 F3000 X107.088 Y116.598 E481.4104
G0 F9000 X106.872 Y116.671
G0 X106.874 Y118.327
G0 X107.088 Y118.401
G1 F3000 X103.928 Y115.241 E481.55904
G0 F9000 X104.097 Y115.745
G1 F2700 E476.55904
G0 F9000 X107.494 Y117.149
G0 X110.503 Y115.903
G0 X123.552 Y121.712
G0 X124.461 Y121.104
G0 X126.889 Y122.118
G0 X126.889 Y121.808
;TYPE:WALL-INNER
G1 F2700 E481.55904
G1 F1500 X126.675 Y121.708 E481.56689
G1 X126.488 Y121.509 E481.57597
G1 X124.286 Y117.701 E481.72228
G1 X124.265 Y117.46 E481.73033
G1 X124.344 Y117.199 E481.7394
G1 X126.547 Y113.391 E481.88572
G1 X126.742 Y113.253 E481.89366
G1 X127.008 Y113.192 E481.90274
G1 X131.288 Y113.191 E482.04509
G1 X131.553 Y113.253 E482.05415
G1 X131.748 Y113.388 E482.06203
G1 X133.952 Y117.199 E482.20846
G1 X134.031 Y117.459 E482.2175
G1 X134.012 Y117.698 E482.22547
G1 X131.808 Y121.509 E482.3719
G1 X131.623 Y121.708 E482.38093
G1 X131.406 Y121.808 E482.38888
G1 X126.889 Y121.808 E482.53912
G0 F9000 X126.889 Y122.118
G0 X129.149 Y122.932
G0 X129.148 Y123.238
G1 F1500 X129.901 Y123.191 E482.56421
G1 X130.639 Y123.043 E482.58925
G1 X131.342 Y122.804 E482.61394
G1 X132.019 Y122.471 E482.63903
G1 X132.641 Y122.055 E482.66392
G1 X133.206 Y121.558 E482.68895
G1 X133.702 Y120.994 E482.71393
G1 X134.118 Y120.367 E482.73896
G1 X134.453 Y119.691 E482.76405
G1 X134.695 Y118.991 E482.78869
G1 X134.839 Y118.25 E482.81379
G1 X134.89 Y117.5 E482.8388
G1 X134.839 Y116.747 E482.8639
G1 X134.695 Y116.008 E482.88894
G1 X134.453 Y115.304 E482.9137
G1 X134.119 Y114.628 E482.93878
G1 X133.702 Y114.002 E482.96379
G1 X133.206 Y113.438 E482.98878
G1 X132.641 Y112.942 E483.01378
G1 X132.019 Y112.525 E483.03869
G1 X131.342 Y112.192 E483.06378
G1 X130.639 Y111.953 E483.08848
G1 X129.901 Y111.805 E483.11351
G1 X129.148 Y111.758 E483.13861
G1 X128.395 Y111.805 E483.1637
G1 X127.657 Y111.953 E483.18873
G1 X126.955 Y112.193 E483.21341
G1 X126.277 Y112.525 E483.23852
G1 X125.655 Y112.941 E483.26341
G1 X125.09 Y113.438 E483.28844
G1 X124.594 Y114.002 E483.31342
G1 X124.178 Y114.629 E483.33844
G1 X123.844 Y115.304 E483.36349
G1 X123.601 Y116.009 E483.38829
G1 X123.457 Y116.747 E483.4133
G1 X123.406 Y117.5 E483.4384
G1 X123.456 Y118.25 E483.46341
G1 X123.601 Y118.991 E483.48852
G1 X123.843 Y119.691 E483.51315
G1 X124.177 Y120.367 E483.53823
G1 X124.594 Y120.994 E483.56328
G1 X125.089 Y121.559 E483.58826
G1 X125.655 Y122.055 E483.61329
G1 X126.277 Y122.47 E483.63816
G1 X126.954 Y122.804 E483.66327
G1 X127.657 Y123.043 E483.68796
G1 X128.395 Y123.191 E483.713
G1 X129.148 Y123.238 E483.73809
G0 F9000 X129.148 Y123.639
;TYPE:WALL-OUTER
G1 F1500 X129.953 Y123.589 E483.76492
G1 X130.743 Y123.43 E483.79172
G1 X131.495 Y123.174 E483.81814
G1 X132.219 Y122.818 E483.84498
G1 X132.885 Y122.373 E483.87162
G1 X133.49 Y121.842 E483.89839
G1 X134.02 Y121.238 E483.92512
G1 X134.466 Y120.567 E483.95192
G1 X134.823 Y119.846 E483.97868
G1 X135.082 Y119.095 E484.0051
G1 X135.237 Y118.302 E484.03197
G1 X135.291 Y117.5 E484.05871
G1 X135.237 Y116.695 E484.08554
G1 X135.082 Y115.904 E484.11235
G1 X134.823 Y115.15 E484.13887
G1 X134.466 Y114.428 E484.16566
G1 X134.02 Y113.758 E484.19243
G1 X133.49 Y113.154 E484.21915
G1 X132.885 Y112.624 E484.2459
G1 X132.219 Y112.178 E484.27256
G1 X131.495 Y111.822 E484.2994
G1 X130.743 Y111.566 E484.32582
G1 X129.953 Y111.407 E484.35262
G1 X129.148 Y111.357 E484.37945
G1 X128.343 Y111.407 E484.40627
G1 X127.553 Y111.566 E484.43308
G1 X126.801 Y111.822 E484.4595
G1 X126.077 Y112.178 E484.48633
G1 X125.411 Y112.623 E484.51297
G1 X124.806 Y113.154 E484.53975
G1 X124.276 Y113.758 E484.56647
G1 X123.83 Y114.429 E484.59327
G1 X123.474 Y115.15 E484.62001
G1 X123.214 Y115.905 E484.64657
G1 X123.059 Y116.695 E484.67335
G1 X123.005 Y117.5 E484.70018
G1 X123.059 Y118.302 E484.72692
G1 X123.214 Y119.095 E484.75379
G1 X123.473 Y119.846 E484.78022
G1 X123.83 Y120.567 E484.80697
G1 X124.276 Y121.238 E484.83377
G1 X124.806 Y121.842 E484.8605
G1 X125.411 Y122.373 E484.88727
G1 X126.077 Y122.818 E484.91391
G1 X126.801 Y123.174 E484.94075
G1 X127.553 Y123.43 E484.96717
G1 X128.343 Y123.589 E484.99397
G1 X129.148 Y123.639 E485.0208
G1 F2700 E480.0208
G0 F9000 X129.149 Y122.932
G0 X126.967 Y122.118
G0 X126.967 Y121.408
G1 F2700 E485.0208
G1 F1500 X126.834 Y121.309 E485.02631
G1 X124.671 Y117.567 E485.17007
G1 X124.69 Y117.399 E485.17569
G1 X126.854 Y113.658 E485.31943
G1 X127.008 Y113.592 E485.32501
G1 X131.288 Y113.591 E485.46736
G1 X131.442 Y113.658 E485.47295
G1 X133.606 Y117.399 E485.61669
G1 X133.633 Y117.5 E485.62017
G1 X133.606 Y117.601 E485.62364
G1 X131.462 Y121.309 E485.76611
G1 X131.327 Y121.408 E485.77167
G1 X126.967 Y121.408 E485.91669
G0 F9000 X127.544 Y121.888
;TYPE:FILL
G1 F3000 X128.792 Y123.135 E485.97537
G1 X128.832 Y123.138
G1 X130.083 Y121.888 E486.03419
G0 F9000 X130.083 Y122.118
G0 X131.778 Y122.052
G0 X132.437 Y121.04
G0 X132.237 Y120.924
G1 F3000 X132.971 Y121.658 E486.06871
G0 F9000 X132.824 Y121.488
G0 X134.07 Y118.211
G0 X133.873 Y118.097
G1 F3000 X134.787 Y117.183 E486.1117
G0 F9000 X134.788 Y117.817
G1 F3000 X133.872 Y116.902 E486.15477
G0 F9000 X134.07 Y116.789
G0 X132.438 Y113.961
G0 X132.238 Y114.075
G1 F3000 X132.974 Y113.339 E486.18938
G0 F9000 X132.823 Y113.511
G0 X131.778 Y112.948
G0 X130.081 Y112.882
G0 X130.081 Y113.111
G1 F3000 X128.829 Y111.859 E486.24827
G1 X128.797 Y111.86
G1 X127.545 Y113.112 E486.30716
G0 F9000 X127.545 Y112.882
G0 X126.521 Y112.948
G0 X125.616 Y114.386
G0 X125.813 Y114.5
G1 F3000 X124.987 Y113.674 E486.34602
G0 F9000 X125.161 Y113.827
G0 X125.145 Y115.203
G0 X125.34 Y115.316
G1 F3000 X123.51 Y117.146 E486.43209
G0 F9000 X123.51 Y117.853
G1 F3000 X125.339 Y119.682 E486.51813
G0 F9000 X125.812 Y120.502
G1 F3000 X124.989 Y121.325 E486.55684
G0 F9000 X125.388 Y120.978
G1 F2700 E481.55684
;MESH:NONMESH
G0 F300 X125.388 Y120.978 Z5.2
G0 F9000 X124.029 Y120.457
G0 X123.049 Y120.942
G0 X109.093 Y121.559
G0 X108.225 Y120.894
G0 X104.797 Y121.81
G0 X104.832 Y121.555
;TIME_ELAPSED:830.238864
;LAYER:25
;TYPE:WALL-INNER
;MESH:FT10-Input Crank.stl
G1 F2700 E486.55684
G1 F1174.2 X103.777 Y121.417 E486.60205
G1 F1171.9 X102.803 Y121.014 E486.64692
G1 F1176.5 X101.96 Y120.369 E486.69193
G1 X101.314 Y119.526 E486.73697
G1 F1174.2 X100.912 Y118.555 E486.78163
G1 F1176.5 X100.773 Y117.5 E486.82675
G1 X100.912 Y116.445 E486.87188
G1 F1171.9 X101.315 Y115.472 E486.91671
G1 F1174.2 X101.961 Y114.629 E486.96184
G1 X102.803 Y113.985 E487.00688
G1 F1171.9 X103.777 Y113.58 E487.05179
G1 F1176.5 X104.832 Y113.441 E487.09691
G1 X105.886 Y113.58 E487.142
G1 X106.857 Y113.982 E487.18656
G1 X107.699 Y114.628 E487.23157
G1 X108.344 Y115.469 E487.27651
G1 X108.747 Y116.446 E487.32133
G1 X108.887 Y117.5 E487.36642
G1 X108.748 Y118.551 E487.41138
G1 X108.344 Y119.527 E487.45617
G1 X107.699 Y120.368 E487.50112
G1 X106.857 Y121.014 E487.54612
G1 F1171.9 X105.885 Y121.417 E487.59092
G1 F1174.2 X104.832 Y121.555 E487.63604
G0 F9000 X104.832 Y122.067
G1 F1174.2 X106.02 Y121.912 E487.68695
G1 F1171.9 X107.112 Y121.459 E487.73728
G1 F1176.5 X108.061 Y120.729 E487.78805
G1 X108.787 Y119.781 E487.83869
G1 X109.241 Y118.684 E487.88904
G1 X109.399 Y117.5 E487.93969
G1 X109.242 Y116.312 E487.99051
G1 X108.787 Y115.215 E488.04087
G1 X108.061 Y114.267 E488.09151
G1 X107.113 Y113.537 E488.14225
G1 X106.021 Y113.087 E488.19233
G1 X104.832 Y112.929 E488.2432
G1 X103.643 Y113.087 E488.29406
G1 F1171.9 X102.548 Y113.538 E488.34448
G1 F1174.2 X101.599 Y114.267 E488.39533
G1 X100.869 Y115.215 E488.44616
G1 F1171.9 X100.419 Y116.311 E488.4966
G1 F1176.5 X100.261 Y117.5 E488.54747
G1 X100.419 Y118.689 E488.59833
G1 F1174.2 X100.869 Y119.781 E488.64852
G1 F1176.5 X101.599 Y120.729 E488.69926
G1 X102.548 Y121.459 E488.75003
G1 F1171.9 X103.643 Y121.912 E488.80048
G1 F1174.2 X104.832 Y122.067 E488.85143
G0 F9000 X104.832 Y122.526
;TYPE:WALL-OUTER
G1 F1500 X106.139 Y122.357 E488.89526
G1 X107.342 Y121.857 E488.93859
G1 X108.385 Y121.053 E488.98239
G1 X109.185 Y120.011 E489.02608
G1 X109.685 Y118.803 E489.06957
G1 X109.858 Y117.5 E489.11329
G1 X109.685 Y116.193 E489.15714
G1 X109.185 Y114.985 E489.20062
G1 X108.385 Y113.943 E489.24431
G1 X107.343 Y113.139 E489.28809
G1 X106.139 Y112.643 E489.3314
G1 X104.832 Y112.47 E489.37525
G1 X103.525 Y112.643 E489.4191
G1 X102.317 Y113.139 E489.46253
G1 X101.275 Y113.943 E489.50631
G1 X100.471 Y114.985 E489.55008
G1 X99.975 Y116.193 E489.59351
G1 X99.802 Y117.5 E489.63736
G1 X99.975 Y118.807 E489.68121
G1 X100.471 Y120.011 E489.72452
G1 X101.275 Y121.053 E489.7683
G1 X102.318 Y121.857 E489.8121
G1 X103.524 Y122.357 E489.85552
G1 X104.832 Y122.526 E489.89939
G0 F9000 X104.832 Y121.815
G0 X104.832 Y121.103
G1 F1500 X103.925 Y120.983 E489.92982
G1 X103.028 Y120.618 E489.96203
G1 X102.283 Y120.054 E489.99311
G1 X101.71 Y119.3 E490.0246
G1 X101.351 Y118.434 E490.05578
G1 X101.225 Y117.5 E490.08713
G1 X101.345 Y116.593 E490.11756
G1 X101.71 Y115.7 E490.14965
G1 X102.28 Y114.949 E490.18101
G1 X103.006 Y114.396 E490.21136
G1 X103.898 Y114.019 E490.24357
G1 X104.832 Y113.893 E490.27491
G1 X105.763 Y114.019 E490.30616
G1 X106.632 Y114.378 E490.33743
G1 X107.378 Y114.95 E490.3687
G1 X107.95 Y115.696 E490.39997
G1 X108.309 Y116.566 E490.43127
G1 X108.435 Y117.5 E490.46262
G1 X108.315 Y118.403 E490.49291
G1 X107.962 Y119.277 E490.52427
G1 X107.378 Y120.046 E490.55638
G1 X106.609 Y120.63 E490.5885
G1 X105.762 Y120.977 E490.61894
G1 X104.832 Y121.103 E490.65016
G0 F9000 X104.739 Y121.807
G0 X104.619 Y121.307
G0 X104.694 Y120.176
G0 X104.833 Y119.703
G0 X104.831 Y120.01
;TYPE:WALL-INNER
G1 F1500 X105.163 Y119.991 E490.66122
G1 X105.485 Y119.927 E490.67214
G1 X105.788 Y119.821 E490.68281
G1 X106.086 Y119.675 E490.69385
G1 X106.356 Y119.491 E490.70472
G1 X106.606 Y119.274 E490.71573
G1 X106.823 Y119.025 E490.72671
G1 X107.007 Y118.754 E490.73761
G1 X107.153 Y118.456 E490.74865
G1 X107.259 Y118.153 E490.75932
G1 X107.323 Y117.831 E490.77024
G1 X107.342 Y117.499 E490.7813
G1 X107.323 Y117.165 E490.79243
G1 X107.259 Y116.846 E490.80325
G1 X107.153 Y116.54 E490.81402
G1 X107.007 Y116.242 E490.82506
G1 X106.823 Y115.972 E490.83593
G1 X106.606 Y115.722 E490.84694
G1 X106.357 Y115.505 E490.85792
G1 X106.086 Y115.321 E490.86882
G1 X105.79 Y115.176 E490.87978
G1 X105.488 Y115.073 E490.89039
G1 X105.16 Y115.009 E490.90151
G1 X104.831 Y114.986 E490.91248
G1 X104.499 Y115.008 E490.92354
G1 X104.172 Y115.073 E490.93463
G1 X103.87 Y115.176 E490.94524
G1 X103.574 Y115.321 E490.95621
G1 X103.303 Y115.505 E490.9671
G1 X103.054 Y115.722 E490.97809
G1 X102.837 Y115.971 E490.98907
G1 X102.653 Y116.242 E490.99997
G1 X102.508 Y116.538 E491.01093
G1 X102.405 Y116.842 E491.02161
G1 X102.337 Y117.171 E491.03278
G1 X102.317 Y117.5 E491.04374
G1 X102.337 Y117.828 E491.05467
G1 X102.404 Y118.153 E491.06571
G1 X102.508 Y118.458 E491.07643
G1 X102.653 Y118.754 E491.08739
G1 X102.837 Y119.025 E491.09828
G1 X103.054 Y119.274 E491.10927
G1 X103.303 Y119.491 E491.12026
G1 X103.574 Y119.675 E491.13115
G1 X103.872 Y119.821 E491.14219
G1 X104.175 Y119.927 E491.15286
G1 X104.497 Y119.991 E491.16378
G1 X104.831 Y120.01 E491.17491
G0 F9000 X104.831 Y120.411
;TYPE:WALL-OUTER
G1 F1500 X105.214 Y120.389 E491.18767
G1 X105.591 Y120.314 E491.20045
G1 X105.942 Y120.191 E491.21282
G1 X106.287 Y120.022 E491.2256
G1 X106.601 Y119.809 E491.23822
G1 X106.89 Y119.558 E491.25095
G1 X107.141 Y119.269 E491.26368
G1 X107.354 Y118.955 E491.2763
G1 X107.523 Y118.61 E491.28908
G1 X107.646 Y118.259 E491.30145
G1 X107.721 Y117.882 E491.31424
G1 X107.743 Y117.499 E491.327
G1 X107.721 Y117.114 E491.33982
G1 X107.646 Y116.741 E491.35248
G1 X107.523 Y116.386 E491.36497
G1 X107.354 Y116.041 E491.37775
G1 X107.141 Y115.727 E491.39037
G1 X106.89 Y115.438 E491.4031
G1 X106.601 Y115.187 E491.41583
G1 X106.287 Y114.974 E491.42845
G1 X105.943 Y114.806 E491.44119
G1 X105.592 Y114.686 E491.45352
G1 X105.213 Y114.611 E491.46637
G1 X104.831 Y114.585 E491.47911
G1 X104.447 Y114.611 E491.49191
G1 X104.068 Y114.686 E491.50476
G1 X103.717 Y114.806 E491.5171
G1 X103.373 Y114.974 E491.52983
G1 X103.059 Y115.187 E491.54245
G1 X102.77 Y115.438 E491.55518
G1 X102.519 Y115.727 E491.56791
G1 X102.306 Y116.041 E491.58053
G1 X102.138 Y116.385 E491.59327
G1 X102.018 Y116.737 E491.60564
G1 X101.939 Y117.119 E491.61861
G1 X101.917 Y117.5 E491.6313
G1 X101.939 Y117.881 E491.644
G1 X102.018 Y118.259 E491.65684
G1 X102.138 Y118.611 E491.66921
G1 X102.306 Y118.955 E491.68194
G1 X102.519 Y119.269 E491.69456
G1 X102.77 Y119.558 E491.70729
G1 X103.059 Y119.809 E491.72002
G1 X103.373 Y120.022 E491.73264
G1 X103.718 Y120.191 E491.74542
G1 X104.069 Y120.314 E491.75779
G1 X104.446 Y120.389 E491.77058
G1 X104.831 Y120.411 E491.7834
G0 F9000 X104.832 Y119.703
G0 X104.005 Y119.541
G0 X103.93 Y119.756
;TYPE:FILL
G1 F3000 X107.088 Y116.598 E491.93195
G0 F9000 X106.872 Y116.671
G0 X106.874 Y118.327
G0 X107.088 Y118.401
G1 F3000 X103.928 Y115.241 E492.08058
G0 F9000 X104.097 Y115.745
G1 F2700 E487.08058
G0 F9000 X107.494 Y117.149
G0 X123.923 Y117.5
G0 X126.255 Y121.601
G0 X126.798 Y122.44
G0 X126.654 Y122.216
;TYPE:WALL-INNER
G1 F2700 E492.08058
G1 F1515.2 X126.44 Y122.113 E492.0884
G1 X126.253 Y121.916 E492.09735
G1 F1503.8 X123.814 Y117.698 E492.259
G1 F1515.2 X123.797 Y117.46 E492.26685
G1 X123.873 Y117.2 E492.27577
G1 F1500 X126.313 Y112.978 E492.43796
G1 F1507.5 X126.507 Y112.848 E492.44569
G1 F1511.3 X126.772 Y112.785 E492.45468
G1 F1503.8 X131.524 Y112.785 E492.61234
G1 F1515.2 X131.788 Y112.847 E492.62127
G1 X131.983 Y112.979 E492.62902
G1 F1503.8 X134.423 Y117.2 E492.79078
G1 F1515.2 X134.498 Y117.46 E492.79969
G1 F1519 X134.485 Y117.695 E492.80742
G1 F1507.5 X132.043 Y121.917 E492.96883
G1 F1515.2 X131.857 Y122.112 E492.9777
G1 X131.65 Y122.215 E492.98531
G1 F1507.5 X126.654 Y122.216 E493.15065
G0 F9000 X126.755 Y122.448
G0 X129.149 Y122.932
G0 X129.148 Y123.238
G1 F1500 X129.901 Y123.191 E493.17574
G1 X130.639 Y123.043 E493.20078
G1 X131.342 Y122.805 E493.22546
G1 F1507.5 X132.021 Y122.474 E493.25046
G1 X132.642 Y122.055 E493.27526
G1 F1500 X133.206 Y121.558 E493.30026
G1 X133.702 Y120.994 E493.32524
G1 X134.119 Y120.367 E493.35028
G1 X134.453 Y119.692 E493.37533
G1 X134.694 Y118.991 E493.39999
G1 X134.839 Y118.249 E493.42513
G1 F1515.2 X134.894 Y117.5 E493.44986
G1 X134.839 Y116.747 E493.47472
G1 F1500 X134.695 Y116.009 E493.49973
G1 X134.453 Y115.304 E493.52452
G1 X134.119 Y114.628 E493.5496
G1 X133.702 Y114.002 E493.57462
G1 X133.206 Y113.438 E493.5996
G1 X132.641 Y112.941 E493.62463
G1 F1507.5 X132.021 Y112.524 E493.64935
G1 X131.341 Y112.192 E493.6744
G1 F1500 X130.639 Y111.953 E493.69906
G1 X129.901 Y111.805 E493.7241
G1 X129.148 Y111.758 E493.74919
G1 X128.395 Y111.805 E493.77428
G1 X127.657 Y111.953 E493.79932
G1 X126.954 Y112.192 E493.82401
G1 F1507.5 X126.275 Y112.524 E493.84903
G1 X125.655 Y112.941 E493.87376
G1 F1500 X125.09 Y113.438 E493.89878
G1 X124.594 Y114.002 E493.92376
G1 X124.178 Y114.629 E493.94879
G1 X123.843 Y115.304 E493.97385
G1 X123.601 Y116.009 E493.99865
G1 X123.457 Y116.747 E494.02365
G1 F1515.2 X123.402 Y117.5 E494.04851
G1 X123.457 Y118.249 E494.07324
G1 F1500 X123.601 Y118.991 E494.09838
G1 X123.843 Y119.692 E494.12305
G1 X124.177 Y120.367 E494.1481
G1 X124.593 Y120.994 E494.17312
G1 X125.09 Y121.558 E494.19813
G1 X125.655 Y122.054 E494.22313
G1 F1511.3 X126.287 Y122.479 E494.24827
G1 X126.954 Y122.805 E494.27278
G1 F1500 X127.657 Y123.043 E494.29747
G1 X128.395 Y123.191 E494.3225
G1 X129.148 Y123.238 E494.3476
G0 F9000 X129.148 Y123.639
;TYPE:WALL-OUTER
G1 F1500 X129.953 Y123.589 E494.37442
G1 X130.743 Y123.43 E494.40122
G1 X131.495 Y123.175 E494.42763
G1 X132.219 Y122.818 E494.45448
G1 X132.886 Y122.373 E494.48115
G1 X133.49 Y121.842 E494.5079
G1 X134.02 Y121.238 E494.53463
G1 X134.466 Y120.567 E494.56142
G1 X134.823 Y119.846 E494.58818
G1 X135.082 Y119.095 E494.61461
G1 X135.237 Y118.301 E494.64151
G1 X135.291 Y117.5 E494.66821
G1 X135.237 Y116.695 E494.69505
G1 X135.082 Y115.905 E494.72183
G1 X134.823 Y115.15 E494.74837
G1 X134.466 Y114.428 E494.77516
G1 X134.02 Y113.758 E494.80193
G1 X133.49 Y113.154 E494.82866
G1 X132.885 Y112.623 E494.85543
G1 X132.22 Y112.178 E494.88205
G1 X131.495 Y111.822 E494.90891
G1 X130.743 Y111.566 E494.93533
G1 X129.953 Y111.407 E494.96213
G1 X129.148 Y111.357 E494.98896
G1 X128.343 Y111.407 E495.01579
G1 X127.553 Y111.566 E495.04259
G1 X126.801 Y111.822 E495.06901
G1 X126.076 Y112.178 E495.09587
G1 X125.411 Y112.623 E495.12249
G1 X124.806 Y113.154 E495.14926
G1 X124.276 Y113.758 E495.17599
G1 X123.83 Y114.429 E495.20278
G1 X123.473 Y115.15 E495.22954
G1 X123.214 Y115.905 E495.25609
G1 X123.059 Y116.695 E495.28287
G1 X123.005 Y117.5 E495.3097
G1 X123.059 Y118.301 E495.3364
G1 X123.214 Y119.095 E495.36331
G1 X123.473 Y119.846 E495.38973
G1 X123.83 Y120.567 E495.41649
G1 X124.275 Y121.238 E495.44327
G1 X124.806 Y121.842 E495.47002
G1 X125.411 Y122.372 E495.49677
G1 X126.077 Y122.818 E495.52343
G1 X126.801 Y123.175 E495.55028
G1 X127.553 Y123.43 E495.57669
G1 X128.343 Y123.589 E495.60349
G1 X129.148 Y123.639 E495.63032
G1 F2700 E490.63032
G0 F9000 X129.149 Y122.932
G0 X126.781 Y122.432
G0 X126.734 Y121.816
G1 F2700 E495.63032
G1 F1500 X126.599 Y121.717 E495.63589
G1 X124.198 Y117.564 E495.79544
G1 X124.218 Y117.399 E495.80097
G1 X126.617 Y113.25 E495.96037
G1 X126.772 Y113.184 E495.96598
G1 X131.524 Y113.184 E496.12403
G1 X131.678 Y113.25 E496.1296
G1 X134.077 Y117.4 E496.28903
G1 X134.099 Y117.565 E496.29457
G1 X131.698 Y121.717 E496.45409
G1 X131.566 Y121.816 E496.45958
G1 X126.734 Y121.816 E496.62029
G0 F9000 X126.781 Y122.432
G0 X127.953 Y122.526
G0 X127.953 Y122.296
;TYPE:FILL
G1 F3000 X128.792 Y123.135 E496.65976
G1 X128.832 Y123.138
G1 X129.676 Y122.295 E496.69943
G0 F9000 X129.676 Y122.526
G0 X131.783 Y122.06
G0 X132.736 Y121.34
G0 X132.536 Y121.222
G1 F3000 X132.971 Y121.657 E496.71989
G0 F9000 X132.824 Y121.488
G0 X134.598 Y118.017
G0 X134.792 Y117.822
G1 F3000 X134.566 Y117.595 E496.73055
G1 X134.558 Y117.412
G1 X134.792 Y117.179 E496.74153
G0 F9000 X134.633 Y117.099
G0 X132.737 Y113.662
G0 X132.537 Y113.777
G1 F3000 X132.974 Y113.339 E496.76211
G0 F9000 X132.823 Y113.511
G0 X131.887 Y112.997
G0 X129.676 Y112.474
G0 X129.676 Y112.705
G1 F3000 X128.83 Y111.859 E496.8019
G1 X128.797 Y111.86
G1 X127.952 Y112.705 E496.84165
G0 F9000 X127.952 Y112.474
G0 X126.516 Y112.94
G0 X125.317 Y114.085
G0 X125.515 Y114.201
G1 F3000 X124.987 Y113.674 E496.86646
G0 F9000 X125.161 Y113.827
G0 X124.028 Y116.317
G0 X124.225 Y116.432
G1 F3000 X123.506 Y117.151 E496.90028
G0 F9000 X123.506 Y117.849
G1 F3000 X124.224 Y118.567 E496.93405
G0 F9000 X124.027 Y118.68
G0 X125.316 Y120.913
G0 X125.514 Y120.799
G1 F3000 X124.991 Y121.323 E496.95868
G0 F9000 X125.101 Y121.141
G1 F2700 E491.95868
;MESH:NONMESH
G0 F300 X125.101 Y121.141 Z5.4
G0 F9000 X125.121 Y121.128
G0 X124.029 Y120.457
G0 X123.049 Y120.942
G0 X109.093 Y121.559
G0 X108.225 Y120.894
G0 X104.797 Y121.81
G0 X104.832 Y121.555
;TIME_ELAPSED:848.461462
;LAYER:26
;TYPE:WALL-INNER
;MESH:FT10-Input Crank.stl
G1 F2700 E496.95868
G1 F1174.2 X103.777 Y121.417 E497.00389
G1 F1171.9 X102.803 Y121.014 E497.04876
G1 F1176.5 X101.96 Y120.369 E497.09377
G1 X101.314 Y119.526 E497.13881
G1 F1174.2 X100.912 Y118.555 E497.18347
G1 F1176.5 X100.773 Y117.5 E497.22859
G1 X100.912 Y116.445 E497.27372
G1 F1171.9 X101.315 Y115.472 E497.31855
G1 F1174.2 X101.961 Y114.629 E497.36368
G1 X102.803 Y113.985 E497.40872
G1 F1171.9 X103.777 Y113.58 E497.45363
G1 F1176.5 X104.832 Y113.441 E497.49875
G1 X105.886 Y113.58 E497.54384
G1 X106.857 Y113.982 E497.5884
G1 X107.699 Y114.628 E497.63341
G1 X108.344 Y115.469 E497.67835
G1 X108.747 Y116.446 E497.72317
G1 X108.887 Y117.5 E497.76826
G1 X108.748 Y118.551 E497.81322
G1 X108.344 Y119.527 E497.85801
G1 X107.699 Y120.368 E497.90296
G1 X106.857 Y121.014 E497.94796
G1 F1171.9 X105.885 Y121.417 E497.99276
G1 F1174.2 X104.832 Y121.555 E498.03788
G0 F9000 X104.832 Y122.067
G1 F1174.2 X106.02 Y121.912 E498.08879
G1 F1171.9 X107.112 Y121.459 E498.13912
G1 F1176.5 X108.061 Y120.729 E498.18989
G1 X108.787 Y119.781 E498.24053
G1 X109.241 Y118.684 E498.29088
G1 X109.399 Y117.5 E498.34153
G1 X109.242 Y116.312 E498.39235
G1 X108.787 Y115.215 E498.44271
G1 X108.061 Y114.267 E498.49335
G1 X107.113 Y113.537 E498.54409
G1 X106.021 Y113.087 E498.59417
G1 X104.832 Y112.929 E498.64504
G1 X103.643 Y113.087 E498.6959
G1 F1171.9 X102.548 Y113.538 E498.74632
G1 F1174.2 X101.599 Y114.267 E498.79717
G1 X100.869 Y115.215 E498.848
G1 F1171.9 X100.419 Y116.311 E498.89844
G1 F1176.5 X100.261 Y117.5 E498.94931
G1 X100.419 Y118.689 E499.00017
G1 F1174.2 X100.869 Y119.781 E499.05036
G1 F1176.5 X101.599 Y120.729 E499.1011
G1 X102.548 Y121.459 E499.15187
G1 F1171.9 X103.643 Y121.912 E499.20232
G1 F1174.2 X104.832 Y122.067 E499.25327
G0 F9000 X104.832 Y122.526
;TYPE:WALL-OUTER
G1 F1500 X106.139 Y122.357 E499.2971
G1 X107.342 Y121.857 E499.34043
G1 X108.385 Y121.053 E499.38423
G1 X109.185 Y120.011 E499.42792
G1 X109.685 Y118.803 E499.47141
G1 X109.858 Y117.5 E499.51513
G1 X109.685 Y116.193 E499.55898
G1 X109.185 Y114.985 E499.60246
G1 X108.385 Y113.943 E499.64615
G1 X107.343 Y113.139 E499.68993
G1 X106.139 Y112.643 E499.73324
G1 X104.832 Y112.47 E499.77709
G1 X103.525 Y112.643 E499.82094
G1 X102.317 Y113.139 E499.86437
G1 X101.275 Y113.943 E499.90815
G1 X100.471 Y114.985 E499.95192
G1 X99.975 Y116.193 E499.99535
G1 X99.802 Y117.5 E500.0392
G1 X99.975 Y118.807 E500.08305
G1 X100.471 Y120.011 E500.12637
G1 X101.275 Y121.053 E500.17014
G1 X102.318 Y121.857 E500.21394
G1 X103.524 Y122.357 E500.25736
G1 X104.832 Y122.526 E500.30123
G0 F9000 X104.832 Y121.815
G0 X104.832 Y121.103
G1 F1500 X103.925 Y120.983 E500.33166
G1 X103.028 Y120.618 E500.36387
G1 X102.283 Y120.054 E500.39495
G1 X101.71 Y119.3 E500.42644
G1 X101.351 Y118.434 E500.45762
G1 X101.225 Y117.5 E500.48897
G1 X101.345 Y116.593 E500.5194
G1 X101.71 Y115.7 E500.55149
G1 X102.28 Y114.949 E500.58285
G1 X103.006 Y114.396 E500.6132
G1 X103.898 Y114.019 E500.64541
G1 X104.832 Y113.893 E500.67676
G1 X105.763 Y114.019 E500.708
G1 X106.632 Y114.378 E500.73928
G1 X107.378 Y114.95 E500.77054
G1 X107.95 Y115.696 E500.80181
G1 X108.309 Y116.566 E500.83311
G1 X108.435 Y117.5 E500.86446
G1 X108.315 Y118.403 E500.89476
G1 X107.962 Y119.277 E500.92611
G1 X107.378 Y120.046 E500.95822
G1 X106.609 Y120.63 E500.99034
G1 X105.762 Y120.977 E501.02078
G1 X104.832 Y121.103 E501.052
G0 F9000 X104.739 Y121.807
G0 X104.619 Y121.307
G0 X104.694 Y120.176
G0 X104.833 Y119.703
G0 X104.831 Y120.01
;TYPE:WALL-INNER
G1 F1500 X105.163 Y119.991 E501.06306
G1 X105.485 Y119.927 E501.07398
G1 X105.788 Y119.821 E501.08465
G1 X106.086 Y119.675 E501.09569
G1 X106.356 Y119.491 E501.10656
G1 X106.606 Y119.274 E501.11757
G1 X106.823 Y119.025 E501.12855
G1 X107.007 Y118.754 E501.13945
G1 X107.153 Y118.456 E501.15049
G1 X107.259 Y118.153 E501.16116
G1 X107.323 Y117.831 E501.17208
G1 X107.342 Y117.499 E501.18314
G1 X107.323 Y117.165 E501.19427
G1 X107.259 Y116.846 E501.20509
G1 X107.153 Y116.54 E501.21586
G1 X107.007 Y116.242 E501.2269
G1 X106.823 Y115.972 E501.23777
G1 X106.606 Y115.722 E501.24878
G1 X106.357 Y115.505 E501.25976
G1 X106.086 Y115.321 E501.27066
G1 X105.79 Y115.176 E501.28162
G1 X105.488 Y115.073 E501.29223
G1 X105.16 Y115.009 E501.30335
G1 X104.831 Y114.986 E501.31432
G1 X104.499 Y115.008 E501.32538
G1 X104.172 Y115.073 E501.33647
G1 X103.87 Y115.176 E501.34708
G1 X103.574 Y115.321 E501.35805
G1 X103.303 Y115.505 E501.36894
G1 X103.054 Y115.722 E501.37993
G1 X102.837 Y115.971 E501.39091
G1 X102.653 Y116.242 E501.40181
G1 X102.508 Y116.538 E501.41277
G1 X102.405 Y116.842 E501.42345
G1 X102.337 Y117.171 E501.43462
G1 X102.317 Y117.5 E501.44558
G1 X102.337 Y117.828 E501.45651
G1 X102.404 Y118.153 E501.46755
G1 X102.508 Y118.458 E501.47827
G1 X102.653 Y118.754 E501.48923
G1 X102.837 Y119.025 E501.50012
G1 X103.054 Y119.274 E501.51111
G1 X103.303 Y119.491 E501.5221
G1 X103.574 Y119.675 E501.53299
G1 X103.872 Y119.821 E501.54403
G1 X104.175 Y119.927 E501.5547
G1 X104.497 Y119.991 E501.56562
G1 X104.831 Y120.01 E501.57675
G0 F9000 X104.831 Y120.411
;TYPE:WALL-OUTER
G1 F1500 X105.214 Y120.389 E501.58951
G1 X105.591 Y120.314 E501.60229
G1 X105.942 Y120.191 E501.61467
G1 X106.287 Y120.022 E501.62744
G1 X106.601 Y119.809 E501.64006
G1 X106.89 Y119.558 E501.65279
G1 X107.141 Y119.269 E501.66553
G1 X107.354 Y118.955 E501.67814
G1 X107.523 Y118.61 E501.69092
G1 X107.646 Y118.259 E501.70329
G1 X107.721 Y117.882 E501.71608
G1 X107.743 Y117.499 E501.72884
G1 X107.721 Y117.114 E501.74166
G1 X107.646 Y116.741 E501.75432
G1 X107.523 Y116.386 E501.76681
G1 X107.354 Y116.041 E501.77959
G1 X107.141 Y115.727 E501.79221
G1 X106.89 Y115.438 E501.80494
G1 X106.601 Y115.187 E501.81767
G1 X106.287 Y114.974 E501.83029
G1 X105.943 Y114.806 E501.84303
G1 X105.592 Y114.686 E501.85536
G1 X105.213 Y114.611 E501.86821
G1 X104.831 Y114.585 E501.88095
G1 X104.447 Y114.611 E501.89375
G1 X104.068 Y114.686 E501.9066
G1 X103.717 Y114.806 E501.91894
G1 X103.373 Y114.974 E501.93167
G1 X103.059 Y115.187 E501.94429
G1 X102.77 Y115.438 E501.95702
G1 X102.519 Y115.727 E501.96975
G1 X102.306 Y116.041 E501.98237
G1 X102.138 Y116.385 E501.99511
G1 X102.018 Y116.737 E502.00748
G1 X101.939 Y117.119 E502.02045
G1 X101.917 Y117.5 E502.03314
G1 X101.939 Y117.881 E502.04584
G1 X102.018 Y118.259 E502.05868
G1 X102.138 Y118.611 E502.07105
G1 X102.306 Y118.955 E502.08378
G1 X102.519 Y119.269 E502.0964
G1 X102.77 Y119.558 E502.10913
G1 X103.059 Y119.809 E502.12186
G1 X103.373 Y120.022 E502.13448
G1 X103.718 Y120.191 E502.14726
G1 X104.069 Y120.314 E502.15963
G1 X104.446 Y120.389 E502.17242
G1 X104.831 Y120.411 E502.18524
G0 F9000 X104.832 Y119.703
G0 X104.005 Y119.541
G0 X103.93 Y119.756
;TYPE:FILL
G1 F3000 X107.088 Y116.598 E502.33379
G0 F9000 X106.872 Y116.671
G0 X106.874 Y118.327
G0 X107.088 Y118.401
G1 F3000 X103.928 Y115.241 E502.48242
G0 F9000 X104.097 Y115.745
G1 F2700 E497.48242
G0 F9000 X107.494 Y117.149
G0 X123.923 Y117.5
G0 X126.255 Y121.601
G0 X126.798 Y122.44
G0 X126.654 Y122.216
;TYPE:WALL-INNER
G1 F2700 E502.48242
G1 F1515.2 X126.44 Y122.113 E502.49024
G1 X126.253 Y121.916 E502.49919
G1 F1503.8 X123.814 Y117.698 E502.66084
G1 F1515.2 X123.797 Y117.46 E502.6687
G1 X123.873 Y117.2 E502.67761
G1 F1500 X126.313 Y112.978 E502.8398
G1 F1507.5 X126.507 Y112.848 E502.84753
G1 F1511.3 X126.772 Y112.785 E502.85652
G1 F1503.8 X131.524 Y112.785 E503.01418
G1 F1515.2 X131.788 Y112.847 E503.02311
G1 X131.983 Y112.979 E503.03086
G1 F1503.8 X134.423 Y117.2 E503.19262
G1 F1515.2 X134.498 Y117.46 E503.20153
G1 F1519 X134.485 Y117.695 E503.20926
G1 F1507.5 X132.043 Y121.917 E503.37067
G1 F1515.2 X131.857 Y122.112 E503.37954
G1 X131.65 Y122.215 E503.38715
G1 F1507.5 X126.654 Y122.216 E503.55249
G0 F9000 X126.755 Y122.448
G0 X129.149 Y122.932
G0 X129.148 Y123.238
G1 F1500 X129.901 Y123.191 E503.57759
G1 X130.639 Y123.043 E503.60262
G1 X131.342 Y122.805 E503.62731
G1 F1507.5 X132.021 Y122.474 E503.6523
G1 X132.642 Y122.055 E503.6771
G1 F1500 X133.206 Y121.558 E503.7021
G1 X133.702 Y120.994 E503.72708
G1 X134.119 Y120.367 E503.75212
G1 X134.453 Y119.692 E503.77717
G1 X134.694 Y118.991 E503.80183
G1 X134.839 Y118.249 E503.82697
G1 F1515.2 X134.894 Y117.5 E503.8517
G1 X134.839 Y116.747 E503.87656
G1 F1500 X134.695 Y116.009 E503.90157
G1 X134.453 Y115.304 E503.92636
G1 X134.119 Y114.628 E503.95144
G1 X133.702 Y114.002 E503.97646
G1 X133.206 Y113.438 E504.00144
G1 X132.641 Y112.941 E504.02647
G1 F1507.5 X132.021 Y112.524 E504.0512
G1 X131.341 Y112.192 E504.07624
G1 F1500 X130.639 Y111.953 E504.1009
G1 X129.901 Y111.805 E504.12594
G1 X129.148 Y111.758 E504.15103
G1 X128.395 Y111.805 E504.17612
G1 X127.657 Y111.953 E504.20116
G1 X126.954 Y112.192 E504.22586
G1 F1507.5 X126.275 Y112.524 E504.25087
G1 X125.655 Y112.941 E504.2756
G1 F1500 X125.09 Y113.438 E504.30062
G1 X124.594 Y114.002 E504.3256
G1 X124.178 Y114.629 E504.35063
G1 X123.843 Y115.304 E504.37569
G1 X123.601 Y116.009 E504.40049
G1 X123.457 Y116.747 E504.42549
G1 F1515.2 X123.402 Y117.5 E504.45036
G1 X123.457 Y118.249 E504.47508
G1 F1500 X123.601 Y118.991 E504.50022
G1 X123.843 Y119.692 E504.52489
G1 X124.177 Y120.367 E504.54994
G1 X124.593 Y120.994 E504.57496
G1 X125.09 Y121.558 E504.59997
G1 X125.655 Y122.054 E504.62497
G1 F1511.3 X126.287 Y122.479 E504.65011
G1 X126.954 Y122.805 E504.67462
G1 F1500 X127.657 Y123.043 E504.69931
G1 X128.395 Y123.191 E504.72434
G1 X129.148 Y123.238 E504.74944
G0 F9000 X129.148 Y123.639
;TYPE:WALL-OUTER
G1 F1500 X129.953 Y123.589 E504.77626
G1 X130.743 Y123.43 E504.80306
G1 X131.495 Y123.175 E504.82947
G1 X132.219 Y122.818 E504.85632
G1 X132.886 Y122.373 E504.88299
G1 X133.49 Y121.842 E504.90974
G1 X134.02 Y121.238 E504.93647
G1 X134.466 Y120.567 E504.96326
G1 X134.823 Y119.846 E504.99002
G1 X135.082 Y119.095 E505.01645
G1 X135.237 Y118.301 E505.04335
G1 X135.291 Y117.5 E505.07006
G1 X135.237 Y116.695 E505.09689
G1 X135.082 Y115.905 E505.12367
G1 X134.823 Y115.15 E505.15021
G1 X134.466 Y114.428 E505.177
G1 X134.02 Y113.758 E505.20377
G1 X133.49 Y113.154 E505.2305
G1 X132.885 Y112.623 E505.25727
G1 X132.22 Y112.178 E505.28389
G1 X131.495 Y111.822 E505.31075
G1 X130.743 Y111.566 E505.33717
G1 X129.953 Y111.407 E505.36397
G1 X129.148 Y111.357 E505.3908
G1 X128.343 Y111.407 E505.41763
G1 X127.553 Y111.566 E505.44443
G1 X126.801 Y111.822 E505.47085
G1 X126.076 Y112.178 E505.49771
G1 X125.411 Y112.623 E505.52433
G1 X124.806 Y113.154 E505.5511
G1 X124.276 Y113.758 E505.57783
G1 X123.83 Y114.429 E505.60462
G1 X123.473 Y115.15 E505.63138
G1 X123.214 Y115.905 E505.65793
G1 X123.059 Y116.695 E505.68471
G1 X123.005 Y117.5 E505.71154
G1 X123.059 Y118.301 E505.73824
G1 X123.214 Y119.095 E505.76515
G1 X123.473 Y119.846 E505.79157
G1 X123.83 Y120.567 E505.81833
G1 X124.275 Y121.238 E505.84511
G1 X124.806 Y121.842 E505.87186
G1 X125.411 Y122.372 E505.89861
G1 X126.077 Y122.818 E505.92527
G1 X126.801 Y123.175 E505.95212
G1 X127.553 Y123.43 E505.97853
G1 X128.343 Y123.589 E506.00533
G1 X129.148 Y123.639 E506.03216
G1 F2700 E501.03216
G0 F9000 X129.149 Y122.932
G0 X126.781 Y122.432
G0 X126.734 Y121.816
G1 F2700 E506.03216
G1 F1500 X126.599 Y121.717 E506.03773
G1 X124.198 Y117.564 E506.19728
G1 X124.218 Y117.399 E506.20281
G1 X126.617 Y113.25 E506.36221
G1 X126.772 Y113.184 E506.36782
G1 X131.524 Y113.184 E506.52587
G1 X131.678 Y113.25 E506.53144
G1 X134.077 Y117.4 E506.69087
G1 X134.099 Y117.565 E506.69641
G1 X131.698 Y121.717 E506.85593
G1 X131.566 Y121.816 E506.86142
G1 X126.734 Y121.816 E507.02213
G0 F9000 X126.781 Y122.432
G0 X127.953 Y122.526
G0 X127.953 Y122.296
;TYPE:FILL
G1 F3000 X128.792 Y123.135 E507.0616
G1 X128.832 Y123.138
G1 X129.676 Y122.295 E507.10127
G0 F9000 X129.676 Y122.526
G0 X131.783 Y122.06
G0 X132.736 Y121.34
G0 X132.536 Y121.222
G1 F3000 X132.971 Y121.657 E507.12173
G0 F9000 X132.824 Y121.488
G0 X134.598 Y118.017
G0 X134.792 Y117.822
G1 F3000 X134.566 Y117.595 E507.13239
G1 X134.558 Y117.412
G1 X134.792 Y117.179 E507.14337
G0 F9000 X134.633 Y117.099
G0 X132.737 Y113.662
G0 X132.537 Y113.777
G1 F3000 X132.974 Y113.339 E507.16395
G0 F9000 X132.823 Y113.511
G0 X131.887 Y112.997
G0 X129.676 Y112.474
G0 X129.676 Y112.705
G1 F3000 X128.83 Y111.859 E507.20374
G1 X128.797 Y111.86
G1 X127.952 Y112.705 E507.24349
G0 F9000 X127.952 Y112.474
G0 X126.516 Y112.94
G0 X125.317 Y114.085
G0 X125.515 Y114.201
G1 F3000 X124.987 Y113.674 E507.2683
G0 F9000 X125.161 Y113.827
G0 X124.028 Y116.317
G0 X124.225 Y116.432
G1 F3000 X123.506 Y117.151 E507.30212
G0 F9000 X123.506 Y117.849
G1 F3000 X124.224 Y118.567 E507.33589
G0 F9000 X124.027 Y118.68
G0 X125.316 Y120.913
G0 X125.514 Y120.799
G1 F3000 X124.991 Y121.323 E507.36052
G0 F9000 X125.101 Y121.141
G1 F2700 E502.36052
;MESH:NONMESH
G0 F300 X125.101 Y121.141 Z5.6
G0 F9000 X125.121 Y121.128
G0 X124.029 Y120.457
G0 X123.049 Y120.942
G0 X109.093 Y121.559
G0 X108.225 Y120.894
G0 X104.797 Y121.81
G0 X104.832 Y121.555
;TIME_ELAPSED:866.684060
;LAYER:27
;TYPE:WALL-INNER
;MESH:FT10-Input Crank.stl
G1 F2700 E507.36052
G1 F1174.2 X103.777 Y121.417 E507.40573
G1 F1171.9 X102.803 Y121.014 E507.4506
G1 F1176.5 X101.96 Y120.369 E507.49561
G1 X101.314 Y119.526 E507.54065
G1 F1174.2 X100.912 Y118.555 E507.58531
G1 F1176.5 X100.773 Y117.5 E507.63043
G1 X100.912 Y116.445 E507.67556
G1 F1171.9 X101.315 Y115.472 E507.72039
G1 F1174.2 X101.961 Y114.629 E507.76552
G1 X102.803 Y113.985 E507.81056
G1 F1171.9 X103.777 Y113.58 E507.85547
G1 F1176.5 X104.832 Y113.441 E507.90059
G1 X105.886 Y113.58 E507.94568
G1 X106.857 Y113.982 E507.99024
G1 X107.699 Y114.628 E508.03525
G1 X108.344 Y115.469 E508.08019
G1 X108.747 Y116.446 E508.12501
G1 X108.887 Y117.5 E508.1701
G1 X108.748 Y118.551 E508.21506
G1 X108.344 Y119.527 E508.25985
G1 X107.699 Y120.368 E508.3048
G1 X106.857 Y121.014 E508.3498
G1 F1171.9 X105.885 Y121.417 E508.3946
G1 F1174.2 X104.832 Y121.555 E508.43972
G0 F9000 X104.832 Y122.067
G1 F1174.2 X106.02 Y121.912 E508.49063
G1 F1171.9 X107.112 Y121.459 E508.54096
G1 F1176.5 X108.061 Y120.729 E508.59173
G1 X108.787 Y119.781 E508.64237
G1 X109.241 Y118.684 E508.69272
G1 X109.399 Y117.5 E508.74337
G1 X109.242 Y116.312 E508.79419
G1 X108.787 Y115.215 E508.84455
G1 X108.061 Y114.267 E508.89519
G1 X107.113 Y113.537 E508.94593
G1 X106.021 Y113.087 E508.99601
G1 X104.832 Y112.929 E509.04688
G1 X103.643 Y113.087 E509.09774
G1 F1171.9 X102.548 Y113.538 E509.14816
G1 F1174.2 X101.599 Y114.267 E509.19901
G1 X100.869 Y115.215 E509.24985
G1 F1171.9 X100.419 Y116.311 E509.30028
G1 F1176.5 X100.261 Y117.5 E509.35115
G1 X100.419 Y118.689 E509.40201
G1 F1174.2 X100.869 Y119.781 E509.4522
G1 F1176.5 X101.599 Y120.729 E509.50294
G1 X102.548 Y121.459 E509.55371
G1 F1171.9 X103.643 Y121.912 E509.60416
G1 F1174.2 X104.832 Y122.067 E509.65511
G0 F9000 X104.832 Y122.526
;TYPE:WALL-OUTER
G1 F1500 X106.139 Y122.357 E509.69894
G1 X107.342 Y121.857 E509.74227
G1 X108.385 Y121.053 E509.78607
G1 X109.185 Y120.011 E509.82977
G1 X109.685 Y118.803 E509.87325
G1 X109.858 Y117.5 E509.91697
G1 X109.685 Y116.193 E509.96082
G1 X109.185 Y114.985 E510.0043
G1 X108.385 Y113.943 E510.04799
G1 X107.343 Y113.139 E510.09177
G1 X106.139 Y112.643 E510.13508
G1 X104.832 Y112.47 E510.17893
G1 X103.525 Y112.643 E510.22278
G1 X102.317 Y113.139 E510.26621
G1 X101.275 Y113.943 E510.30999
G1 X100.471 Y114.985 E510.35376
G1 X99.975 Y116.193 E510.3972
G1 X99.802 Y117.5 E510.44105
G1 X99.975 Y118.807 E510.4849
G1 X100.471 Y120.011 E510.52821
G1 X101.275 Y121.053 E510.57198
G1 X102.318 Y121.857 E510.61578
G1 X103.524 Y122.357 E510.6592
G1 X104.832 Y122.526 E510.70307
G0 F9000 X104.832 Y121.815
G0 X104.832 Y121.103
G1 F1500 X103.925 Y120.983 E510.7335
G1 X103.028 Y120.618 E510.76571
G1 X102.283 Y120.054 E510.79679
G1 X101.709 Y119.301 E510.82828
G1 X101.351 Y118.434 E510.85948
G1 X101.225 Y117.5 E510.89082
G1 X101.345 Y116.593 E510.92125
G1 X101.71 Y115.7 E510.95334
G1 X102.28 Y114.949 E510.9847
G1 X103.006 Y114.396 E511.01505
G1 X103.898 Y114.019 E511.04726
G1 X104.832 Y113.893 E511.07861
G1 X105.763 Y114.019 E511.10985
G1 X106.632 Y114.378 E511.14113
G1 X107.378 Y114.95 E511.17239
G1 X107.95 Y115.696 E511.20366
G1 X108.309 Y116.566 E511.23496
G1 X108.435 Y117.5 E511.26631
G1 X108.315 Y118.403 E511.29661
G1 X107.962 Y119.277 E511.32796
G1 X107.378 Y120.046 E511.36007
G1 X106.609 Y120.63 E511.39219
G1 X105.762 Y120.977 E511.42263
G1 X104.832 Y121.103 E511.45385
G0 F9000 X104.739 Y121.807
G0 X104.624 Y121.307
G0 X104.696 Y120.214
G0 X104.833 Y119.741
G0 X104.834 Y120.046
;TYPE:WALL-INNER
G1 F1500 X105.168 Y120.027 E511.46498
G1 X105.495 Y119.963 E511.47606
G1 X105.8 Y119.857 E511.4868
G1 X106.107 Y119.707 E511.49816
G1 X106.381 Y119.523 E511.50914
G1 X106.641 Y119.295 E511.52064
G1 X106.861 Y119.04 E511.53184
G1 X107.042 Y118.768 E511.54271
G1 X107.187 Y118.471 E511.5537
G1 X107.298 Y118.142 E511.56525
G1 X107.359 Y117.828 E511.57589
G1 X107.378 Y117.499 E511.58685
G1 X107.356 Y117.155 E511.59832
G1 X107.291 Y116.826 E511.60947
G1 X107.182 Y116.515 E511.62043
G1 X107.028 Y116.208 E511.63185
G1 X106.848 Y115.94 E511.64259
G1 X106.631 Y115.694 E511.6535
G1 X106.366 Y115.462 E511.66522
G1 X106.1 Y115.286 E511.67583
G1 X105.807 Y115.141 E511.6867
G1 X105.478 Y115.031 E511.69824
G1 X105.16 Y114.973 E511.70899
G1 X104.828 Y114.95 E511.72006
G1 X104.495 Y114.969 E511.73115
G1 X104.165 Y115.037 E511.74236
G1 X103.858 Y115.14 E511.75313
G1 X103.557 Y115.289 E511.7643
G1 X103.273 Y115.478 E511.77564
G1 X103.026 Y115.694 E511.78656
G1 X102.81 Y115.942 E511.7975
G1 X102.625 Y116.218 E511.80855
G1 X102.471 Y116.528 E511.82006
G1 X102.369 Y116.826 E511.83054
G1 X102.301 Y117.162 E511.84194
G1 X102.281 Y117.496 E511.85307
G1 X102.301 Y117.83 E511.8642
G1 X102.369 Y118.167 E511.87563
G1 X102.472 Y118.47 E511.88627
G1 X102.622 Y118.775 E511.89758
G1 X102.805 Y119.048 E511.90851
G1 X103.03 Y119.302 E511.9198
G1 X103.287 Y119.531 E511.93125
G1 X103.565 Y119.714 E511.94232
G1 X103.858 Y119.859 E511.95319
G1 X104.176 Y119.965 E511.96434
G1 X104.499 Y120.027 E511.97528
G1 X104.834 Y120.046 E511.98644
G0 F9000 X104.833 Y120.447
;TYPE:WALL-OUTER
G1 F1500 X105.218 Y120.425 E511.99926
G1 X105.599 Y120.35 E512.01218
G1 X105.954 Y120.227 E512.02467
G1 X106.307 Y120.054 E512.03775
G1 X106.625 Y119.841 E512.05048
G1 X106.925 Y119.578 E512.06375
G1 X107.18 Y119.282 E512.07674
G1 X107.39 Y118.968 E512.08931
G1 X107.558 Y118.623 E512.10207
G1 X107.686 Y118.244 E512.11537
G1 X107.757 Y117.878 E512.12778
G1 X107.779 Y117.497 E512.14047
G1 X107.753 Y117.103 E512.1536
G1 X107.678 Y116.721 E512.16655
G1 X107.551 Y116.359 E512.17931
G1 X107.374 Y116.006 E512.19244
G1 X107.165 Y115.695 E512.20491
G1 X106.914 Y115.41 E512.21754
G1 X106.61 Y115.144 E512.23097
G1 X106.3 Y114.938 E512.24335
G1 X105.959 Y114.77 E512.256
G1 X105.578 Y114.643 E512.26935
G1 X105.21 Y114.575 E512.2818
G1 X104.83 Y114.549 E512.29447
G1 X104.443 Y114.571 E512.30736
G1 X104.061 Y114.65 E512.32033
G1 X103.705 Y114.77 E512.33283
G1 X103.357 Y114.942 E512.34574
G1 X103.03 Y115.16 E512.35881
G1 X102.742 Y115.41 E512.3715
G1 X102.492 Y115.698 E512.38418
G1 X102.278 Y116.017 E512.39696
G1 X102.101 Y116.374 E512.41021
G1 X101.982 Y116.721 E512.42241
G1 X101.903 Y117.11 E512.43561
G1 X101.881 Y117.496 E512.44847
G1 X101.903 Y117.882 E512.46133
G1 X101.982 Y118.271 E512.47453
G1 X102.102 Y118.623 E512.4869
G1 X102.274 Y118.975 E512.49993
G1 X102.487 Y119.293 E512.51266
G1 X102.746 Y119.586 E512.52567
G1 X103.043 Y119.849 E512.53887
G1 X103.365 Y120.062 E512.55171
G1 X103.705 Y120.23 E512.56432
G1 X104.075 Y120.353 E512.57729
G1 X104.449 Y120.425 E512.58996
G1 X104.833 Y120.447 E512.60275
G0 F9000 X104.832 Y119.741
G0 X103.981 Y119.574
G0 X103.897 Y119.789
;TYPE:FILL
G1 F3000 X107.117 Y116.569 E512.75421
G0 F9000 X106.901 Y116.642
G0 X106.907 Y118.349
G0 X107.117 Y118.431
G1 F3000 X103.899 Y115.212 E512.9056
G0 F9000 X104.068 Y115.717
G1 F2700 E507.9056
G0 F9000 X107.529 Y117.134
G0 X123.923 Y117.5
G0 X126.255 Y121.601
G0 X126.798 Y122.44
G0 X126.654 Y122.216
;TYPE:WALL-INNER
G1 F2700 E512.9056
G1 F1515.2 X126.44 Y122.113 E512.91342
G1 X126.253 Y121.916 E512.92236
G1 F1503.8 X123.814 Y117.698 E513.08401
G1 F1515.2 X123.797 Y117.46 E513.09187
G1 X123.873 Y117.2 E513.10079
G1 F1500 X126.313 Y112.978 E513.26298
G1 F1507.5 X126.507 Y112.848 E513.27071
G1 F1511.3 X126.772 Y112.785 E513.2797
G1 F1503.8 X131.524 Y112.785 E513.43735
G1 F1515.2 X131.788 Y112.847 E513.44628
G1 X131.983 Y112.979 E513.45404
G1 F1503.8 X134.423 Y117.2 E513.61579
G1 F1515.2 X134.498 Y117.46 E513.6247
G1 F1519 X134.485 Y117.695 E513.63243
G1 F1507.5 X132.043 Y121.917 E513.79384
G1 F1515.2 X131.857 Y122.112 E513.80272
G1 X131.65 Y122.215 E513.81033
G1 F1507.5 X126.654 Y122.216 E513.97567
G0 F9000 X126.755 Y122.448
G0 X129.149 Y122.932
G0 X129.148 Y123.238
G1 F1500 X129.901 Y123.191 E514.00076
G1 X130.639 Y123.043 E514.02579
G1 X131.342 Y122.805 E514.05048
G1 F1507.5 X132.021 Y122.474 E514.07548
G1 X132.642 Y122.055 E514.10027
G1 F1500 X133.206 Y121.558 E514.12527
G1 X133.702 Y120.994 E514.15025
G1 X134.119 Y120.367 E514.1753
G1 X134.453 Y119.692 E514.20035
G1 X134.694 Y118.991 E514.225
G1 X134.839 Y118.249 E514.25015
G1 F1515.2 X134.894 Y117.5 E514.27488
G1 X134.839 Y116.747 E514.29974
G1 F1500 X134.695 Y116.009 E514.32475
G1 X134.453 Y115.304 E514.34954
G1 X134.119 Y114.628 E514.37462
G1 X133.702 Y114.002 E514.39963
G1 X133.206 Y113.438 E514.42461
G1 X132.641 Y112.941 E514.44964
G1 F1507.5 X132.021 Y112.524 E514.47437
G1 X131.341 Y112.192 E514.49941
G1 F1500 X130.639 Y111.953 E514.52408
G1 X129.901 Y111.805 E514.54911
G1 X129.148 Y111.758 E514.5742
G1 X128.395 Y111.805 E514.5993
G1 X127.657 Y111.953 E514.62433
G1 X126.954 Y112.192 E514.64903
G1 F1507.5 X126.275 Y112.524 E514.67404
G1 X125.655 Y112.941 E514.69877
G1 F1500 X125.09 Y113.438 E514.7238
G1 X124.594 Y114.002 E514.74878
G1 X124.178 Y114.629 E514.7738
G1 X123.843 Y115.304 E514.79887
G1 X123.601 Y116.009 E514.82366
G1 X123.457 Y116.747 E514.84867
G1 F1515.2 X123.402 Y117.5 E514.87353
G1 X123.457 Y118.249 E514.89826
G1 F1500 X123.601 Y118.991 E514.9234
G1 X123.843 Y119.692 E514.94806
G1 X124.177 Y120.367 E514.97311
G1 X124.593 Y120.994 E514.99814
G1 X125.09 Y121.558 E515.02314
G1 X125.655 Y122.054 E515.04815
G1 F1511.3 X126.287 Y122.479 E515.07329
G1 X126.954 Y122.805 E515.0978
G1 F1500 X127.657 Y123.043 E515.12248
G1 X128.395 Y123.191 E515.14752
G1 X129.148 Y123.238 E515.17261
G0 F9000 X129.148 Y123.639
;TYPE:WALL-OUTER
G1 F1500 X129.953 Y123.589 E515.19944
G1 X130.743 Y123.43 E515.22624
G1 X131.495 Y123.175 E515.25265
G1 X132.219 Y122.818 E515.2795
G1 X132.886 Y122.373 E515.30617
G1 X133.49 Y121.842 E515.33291
G1 X134.02 Y121.238 E515.35964
G1 X134.466 Y120.567 E515.38644
G1 X134.823 Y119.846 E515.4132
G1 X135.082 Y119.095 E515.43962
G1 X135.237 Y118.301 E515.46653
G1 X135.291 Y117.5 E515.49323
G1 X135.237 Y116.695 E515.52006
G1 X135.082 Y115.905 E515.54684
G1 X134.823 Y115.15 E515.57339
G1 X134.466 Y114.428 E515.60018
G1 X134.02 Y113.758 E515.62695
G1 X133.49 Y113.154 E515.65367
G1 X132.885 Y112.623 E515.68045
G1 X132.22 Y112.178 E515.70706
G1 X131.495 Y111.822 E515.73392
G1 X130.743 Y111.566 E515.76035
G1 X129.953 Y111.407 E515.78715
G1 X129.148 Y111.357 E515.81397
G1 X128.343 Y111.407 E515.8408
G1 X127.553 Y111.566 E515.8676
G1 X126.801 Y111.822 E515.89402
G1 X126.076 Y112.178 E515.92089
G1 X125.411 Y112.623 E515.9475
G1 X124.806 Y113.154 E515.97427
G1 X124.276 Y113.758 E516.001
G1 X123.83 Y114.429 E516.0278
G1 X123.473 Y115.15 E516.05456
G1 X123.214 Y115.905 E516.08111
G1 X123.059 Y116.695 E516.10788
G1 X123.005 Y117.5 E516.13472
G1 X123.059 Y118.301 E516.16142
G1 X123.214 Y119.095 E516.18833
G1 X123.473 Y119.846 E516.21475
G1 X123.83 Y120.567 E516.24151
G1 X124.275 Y121.238 E516.26829
G1 X124.806 Y121.842 E516.29504
G1 X125.411 Y122.372 E516.32179
G1 X126.077 Y122.818 E516.34845
G1 X126.801 Y123.175 E516.3753
G1 X127.553 Y123.43 E516.40171
G1 X128.343 Y123.589 E516.42851
G1 X129.148 Y123.639 E516.45533
G1 F2700 E511.45533
G0 F9000 X129.149 Y122.932
G0 X126.781 Y122.432
G0 X126.734 Y121.816
G1 F2700 E516.45533
G1 F1500 X126.599 Y121.717 E516.4609
G1 X124.198 Y117.564 E516.62045
G1 X124.218 Y117.399 E516.62598
G1 X126.617 Y113.25 E516.78539
G1 X126.772 Y113.184 E516.79099
G1 X131.524 Y113.184 E516.94904
G1 X131.678 Y113.25 E516.95461
G1 X134.077 Y117.4 E517.11405
G1 X134.099 Y117.565 E517.11958
G1 X131.698 Y121.717 E517.27911
G1 X131.566 Y121.816 E517.2846
G1 X126.734 Y121.816 E517.44531
G0 F9000 X126.781 Y122.432
G0 X127.953 Y122.526
G0 X127.953 Y122.296
;TYPE:FILL
G1 F3000 X128.792 Y123.135 E517.48477
G1 X128.832 Y123.138
G1 X129.676 Y122.295 E517.52445
G0 F9000 X129.676 Y122.526
G0 X131.783 Y122.06
G0 X132.736 Y121.34
G0 X132.536 Y121.222
G1 F3000 X132.971 Y121.657 E517.54491
G0 F9000 X132.824 Y121.488
G0 X134.598 Y118.017
G0 X134.792 Y117.822
G1 F3000 X134.566 Y117.595 E517.55556
G1 X134.558 Y117.412
G1 X134.792 Y117.179 E517.56655
G0 F9000 X134.633 Y117.099
G0 X132.737 Y113.662
G0 X132.537 Y113.777
G1 F3000 X132.974 Y113.339 E517.58712
G0 F9000 X132.823 Y113.511
G0 X131.887 Y112.997
G0 X129.676 Y112.474
G0 X129.676 Y112.705
G1 F3000 X128.83 Y111.859 E517.62692
G1 X128.797 Y111.86
G1 X127.952 Y112.705 E517.66666
G0 F9000 X127.952 Y112.474
G0 X126.516 Y112.94
G0 X125.317 Y114.085
G0 X125.515 Y114.201
G1 F3000 X124.987 Y113.674 E517.69148
G0 F9000 X125.161 Y113.827
G0 X124.028 Y116.317
G0 X124.225 Y116.432
G1 F3000 X123.506 Y117.151 E517.7253
G0 F9000 X123.506 Y117.849
G1 F3000 X124.224 Y118.567 E517.75907
G0 F9000 X124.027 Y118.68
G0 X125.316 Y120.913
G0 X125.514 Y120.799
G1 F3000 X124.991 Y121.323 E517.78369
G0 F9000 X125.101 Y121.141
G1 F2700 E512.78369
;MESH:NONMESH
G0 F300 X125.101 Y121.141 Z5.8
G0 F9000 X125.121 Y121.128
G0 X124.029 Y120.457
G0 X123.049 Y120.942
G0 X109.485 Y121.049
G0 X107.001 Y119.144
G0 X104.833 Y119.741
G0 X104.831 Y120.198
;TIME_ELAPSED:884.961284
;LAYER:28
;note -- min layer time used
;TYPE:WALL-INNER
;MESH:FT10-Input Crank.stl
G1 F2700 E517.78369
G1 F1261.7 X105.186 Y120.175 E517.79552
G1 X105.536 Y120.107 E517.80738
G1 X105.861 Y119.996 E517.81881
G1 X106.179 Y119.839 E517.8306
G1 X106.472 Y119.643 E517.84233
G1 X106.737 Y119.408 E517.85411
G1 X106.97 Y119.142 E517.86587
G1 X107.168 Y118.845 E517.87774
G1 X107.329 Y118.526 E517.88962
G1 X107.438 Y118.204 E517.90093
G1 X107.507 Y117.854 E517.9128
G1 X107.53 Y117.499 E517.92463
G1 X107.507 Y117.142 E517.93653
G1 X107.438 Y116.795 E517.94829
G1 X107.329 Y116.469 E517.95973
G1 X107.168 Y116.151 E517.97158
G1 X106.97 Y115.854 E517.98345
G1 X106.738 Y115.59 E517.99514
G1 X106.474 Y115.358 E518.00683
G1 X106.179 Y115.161 E518.01863
G1 X105.858 Y115.003 E518.03053
G1 X105.534 Y114.889 E518.04195
G1 X105.186 Y114.821 E518.05375
G1 X104.828 Y114.798 E518.06568
G1 X104.474 Y114.821 E518.07748
G1 X104.124 Y114.889 E518.08934
G1 X103.799 Y115 E518.10076
G1 X103.483 Y115.156 E518.11248
G1 X103.188 Y115.356 E518.12434
G1 X102.92 Y115.591 E518.13619
G1 X102.685 Y115.856 E518.14797
G1 X102.489 Y116.149 E518.1597
G1 X102.333 Y116.465 E518.17142
G1 X102.225 Y116.787 E518.18271
G1 X102.153 Y117.148 E518.19496
G1 X102.13 Y117.499 E518.20666
G1 X102.152 Y117.848 E518.21829
G1 X102.225 Y118.205 E518.23041
G1 X102.333 Y118.531 E518.24183
G1 X102.489 Y118.847 E518.25355
G1 X102.685 Y119.14 E518.26527
G1 X102.92 Y119.405 E518.27705
G1 X103.188 Y119.64 E518.28891
G1 X103.483 Y119.84 E518.30076
G1 X103.799 Y119.996 E518.31248
G1 X104.124 Y120.107 E518.32391
G1 X104.474 Y120.175 E518.33577
G1 X104.831 Y120.198 E518.34766
G0 F9000 X104.831 Y120.599
;TYPE:WALL-OUTER
G1 F1261.7 X105.238 Y120.573 E518.36123
G1 X105.64 Y120.494 E518.37486
G1 X106.015 Y120.366 E518.38803
G1 X106.379 Y120.186 E518.40154
G1 X106.717 Y119.961 E518.41505
G1 X107.021 Y119.69 E518.42859
G1 X107.288 Y119.386 E518.44205
G1 X107.514 Y119.047 E518.4556
G1 X107.699 Y118.682 E518.46921
G1 X107.826 Y118.308 E518.48235
G1 X107.905 Y117.906 E518.49597
G1 X107.931 Y117.499 E518.50954
G1 X107.905 Y117.09 E518.52317
G1 X107.826 Y116.692 E518.53666
G1 X107.699 Y116.314 E518.54993
G1 X107.514 Y115.949 E518.56354
G1 X107.288 Y115.61 E518.57709
G1 X107.022 Y115.306 E518.59052
G1 X106.718 Y115.04 E518.60396
G1 X106.379 Y114.814 E518.61751
G1 X106.014 Y114.633 E518.63106
G1 X105.639 Y114.502 E518.64427
G1 X105.238 Y114.423 E518.65787
G1 X104.828 Y114.397 E518.67153
G1 X104.422 Y114.423 E518.68506
G1 X104.02 Y114.502 E518.69869
G1 X103.645 Y114.63 E518.71187
G1 X103.281 Y114.81 E518.72537
G1 X102.943 Y115.039 E518.73895
G1 X102.638 Y115.307 E518.75246
G1 X102.367 Y115.611 E518.766
G1 X102.142 Y115.949 E518.77951
G1 X101.962 Y116.313 E518.79301
G1 X101.838 Y116.684 E518.80602
G1 X101.755 Y117.095 E518.81997
G1 X101.729 Y117.499 E518.83343
G1 X101.755 Y117.901 E518.84683
G1 X101.838 Y118.308 E518.86065
G1 X101.962 Y118.683 E518.87378
G1 X102.142 Y119.047 E518.88729
G1 X102.367 Y119.385 E518.9008
G1 X102.638 Y119.689 E518.91434
G1 X102.943 Y119.957 E518.92784
G1 X103.281 Y120.186 E518.94142
G1 X103.645 Y120.366 E518.95493
G1 X104.02 Y120.494 E518.96811
G1 X104.422 Y120.573 E518.98174
G1 X104.831 Y120.599 E518.99537
G0 F9000 X104.834 Y119.891
G0 X103.889 Y119.696
G0 X103.786 Y119.901
;TYPE:FILL
G1 F1261.7 X107.232 Y116.454 E519.15748
G0 F9000 X107.026 Y116.555
G0 X107.028 Y118.442
G0 X107.231 Y118.544
G1 F1261.7 X103.784 Y115.098 E519.31959
G0 F9000 X104.018 Y115.575
G1 F2700 E514.31959
G0 F9000 X107.68 Y117.124
G0 X123.923 Y117.5
G0 X126.255 Y121.601
G0 X126.798 Y122.44
G0 X126.654 Y122.216
;TYPE:WALL-INNER
G1 F2700 E519.31959
G1 F1274.4 X126.44 Y122.113 E519.32741
G1 X126.253 Y121.916 E519.33636
G1 F1264.9 X123.814 Y117.698 E519.49801
G1 F1274.4 X123.797 Y117.46 E519.50586
G1 X123.873 Y117.2 E519.51478
G1 F1261.7 X126.313 Y112.978 E519.67697
G1 F1268 X126.507 Y112.848 E519.6847
G1 F1271.2 X126.772 Y112.785 E519.69369
G1 F1264.9 X131.524 Y112.785 E519.85135
G1 F1274.4 X131.788 Y112.847 E519.86028
G1 X131.983 Y112.979 E519.86803
G1 F1264.9 X134.423 Y117.2 E520.02979
G1 F1274.4 X134.498 Y117.46 E520.0387
G1 F1277.7 X134.485 Y117.695 E520.04643
G1 F1268 X132.043 Y121.917 E520.20784
G1 F1274.4 X131.857 Y122.112 E520.21671
G1 X131.65 Y122.215 E520.22432
G1 F1268 X126.654 Y122.216 E520.38966
G0 F9000 X126.755 Y122.448
G0 X129.149 Y122.932
G0 X129.148 Y123.238
G1 F1261.7 X129.901 Y123.191 E520.41475
G1 X130.639 Y123.043 E520.43979
G1 X131.342 Y122.805 E520.46447
G1 F1268 X132.021 Y122.474 E520.48947
G1 X132.642 Y122.055 E520.51426
G1 F1261.7 X133.206 Y121.558 E520.53927
G1 X133.702 Y120.994 E520.56425
G1 X134.119 Y120.367 E520.58929
G1 X134.453 Y119.692 E520.61434
G1 X134.694 Y118.991 E520.639
G1 X134.839 Y118.249 E520.66414
G1 F1274.4 X134.894 Y117.5 E520.68887
G1 X134.839 Y116.747 E520.71373
G1 F1261.7 X134.695 Y116.009 E520.73874
G1 X134.453 Y115.304 E520.76353
G1 X134.119 Y114.628 E520.78861
G1 X133.702 Y114.002 E520.81363
G1 X133.206 Y113.438 E520.83861
G1 X132.641 Y112.941 E520.86364
G1 F1268 X132.021 Y112.524 E520.88836
G1 X131.341 Y112.192 E520.91341
G1 F1261.7 X130.639 Y111.953 E520.93807
G1 X129.901 Y111.805 E520.96311
G1 X129.148 Y111.758 E520.9882
G1 X128.395 Y111.805 E521.01329
G1 X127.657 Y111.953 E521.03833
G1 X126.954 Y112.192 E521.06302
G1 F1268 X126.275 Y112.524 E521.08804
G1 X125.655 Y112.941 E521.11276
G1 F1261.7 X125.09 Y113.438 E521.13779
G1 X124.594 Y114.002 E521.16277
G1 X124.178 Y114.629 E521.1878
G1 X123.843 Y115.304 E521.21286
G1 X123.601 Y116.009 E521.23765
G1 X123.457 Y116.747 E521.26266
G1 F1274.4 X123.402 Y117.5 E521.28752
G1 X123.457 Y118.249 E521.31225
G1 F1261.7 X123.601 Y118.991 E521.33739
G1 X123.843 Y119.692 E521.36206
G1 X124.177 Y120.367 E521.38711
G1 X124.593 Y120.994 E521.41213
G1 X125.09 Y121.558 E521.43714
G1 X125.655 Y122.054 E521.46214
G1 F1271.2 X126.287 Y122.479 E521.48728
G1 X126.954 Y122.805 E521.51179
G1 F1261.7 X127.657 Y123.043 E521.53648
G1 X128.395 Y123.191 E521.56151
G1 X129.148 Y123.238 E521.5866
G0 F9000 X129.148 Y123.639
;TYPE:WALL-OUTER
G1 F1261.7 X129.953 Y123.589 E521.61343
G1 X130.743 Y123.43 E521.64023
G1 X131.495 Y123.175 E521.66664
G1 X132.219 Y122.818 E521.69349
G1 X132.886 Y122.373 E521.72016
G1 X133.49 Y121.842 E521.74691
G1 X134.02 Y121.238 E521.77364
G1 X134.466 Y120.567 E521.80043
G1 X134.823 Y119.846 E521.82719
G1 X135.082 Y119.095 E521.85362
G1 X135.237 Y118.301 E521.88052
G1 X135.291 Y117.5 E521.90722
G1 X135.237 Y116.695 E521.93406
G1 X135.082 Y115.905 E521.96084
G1 X134.823 Y115.15 E521.98738
G1 X134.466 Y114.428 E522.01417
G1 X134.02 Y113.758 E522.04094
G1 X133.49 Y113.154 E522.06767
G1 X132.885 Y112.623 E522.09444
G1 X132.22 Y112.178 E522.12106
G1 X131.495 Y111.822 E522.14792
G1 X130.743 Y111.566 E522.17434
G1 X129.953 Y111.407 E522.20114
G1 X129.148 Y111.357 E522.22797
G1 X128.343 Y111.407 E522.2548
G1 X127.553 Y111.566 E522.2816
G1 X126.801 Y111.822 E522.30802
G1 X126.076 Y112.178 E522.33488
G1 X125.411 Y112.623 E522.3615
G1 X124.806 Y113.154 E522.38827
G1 X124.276 Y113.758 E522.415
G1 X123.83 Y114.429 E522.44179
G1 X123.473 Y115.15 E522.46855
G1 X123.214 Y115.905 E522.4951
G1 X123.059 Y116.695 E522.52188
G1 X123.005 Y117.5 E522.54871
G1 X123.059 Y118.301 E522.57541
G1 X123.214 Y119.095 E522.60232
G1 X123.473 Y119.846 E522.62874
G1 X123.83 Y120.567 E522.6555
G1 X124.275 Y121.238 E522.68228
G1 X124.806 Y121.842 E522.70903
G1 X125.411 Y122.372 E522.73578
G1 X126.077 Y122.818 E522.76244
G1 X126.801 Y123.175 E522.78929
G1 X127.553 Y123.43 E522.8157
G1 X128.343 Y123.589 E522.8425
G1 X129.148 Y123.639 E522.86933
G1 F2700 E517.86933
G0 F9000 X129.149 Y122.932
G0 X126.781 Y122.432
G0 X126.734 Y121.816
G1 F2700 E522.86933
G1 F1261.7 X126.599 Y121.717 E522.8749
G1 X124.198 Y117.564 E523.03445
G1 X124.218 Y117.399 E523.03998
G1 X126.617 Y113.25 E523.19938
G1 X126.772 Y113.184 E523.20498
G1 X131.524 Y113.184 E523.36304
G1 X131.678 Y113.25 E523.36861
G1 X134.077 Y117.4 E523.52804
G1 X134.099 Y117.565 E523.53358
G1 X131.698 Y121.717 E523.6931
G1 X131.566 Y121.816 E523.69859
G1 X126.734 Y121.816 E523.8593
G0 F9000 X126.781 Y122.432
G0 X127.953 Y122.526
G0 X127.953 Y122.296
;TYPE:FILL
G1 F1261.7 X128.792 Y123.135 E523.89877
G1 X128.832 Y123.138
G1 X129.676 Y122.295 E523.93844
G0 F9000 X129.676 Y122.526
G0 X131.783 Y122.06
G0 X132.736 Y121.34
G0 X132.536 Y121.222
G1 F1261.7 X132.971 Y121.657 E523.9589
G0 F9000 X132.824 Y121.488
G0 X134.598 Y118.017
G0 X134.792 Y117.822
G1 F1261.7 X134.566 Y117.595 E523.96956
G1 X134.558 Y117.412
G1 X134.792 Y117.179 E523.98054
G0 F9000 X134.633 Y117.099
G0 X132.737 Y113.662
G0 X132.537 Y113.777
G1 F1261.7 X132.974 Y113.339 E524.00112
G0 F9000 X132.823 Y113.511
G0 X131.887 Y112.997
G0 X129.676 Y112.474
G0 X129.676 Y112.705
G1 F1261.7 X128.83 Y111.859 E524.04091
G1 X128.797 Y111.86
G1 X127.952 Y112.705 E524.08066
G0 F9000 X127.952 Y112.474
G0 X126.516 Y112.94
G0 X125.317 Y114.085
G0 X125.515 Y114.201
G1 F1261.7 X124.987 Y113.674 E524.10547
G0 F9000 X125.161 Y113.827
G0 X124.028 Y116.317
G0 X124.225 Y116.432
G1 F1261.7 X123.506 Y117.151 E524.13929
G0 F9000 X123.506 Y117.849
G1 F1261.7 X124.224 Y118.567 E524.17306
G0 F9000 X124.027 Y118.68
G0 X125.316 Y120.913
G0 X125.514 Y120.799
G1 F1261.7 X124.991 Y121.323 E524.19769
G0 F9000 X125.101 Y121.141
G1 F2700 E519.19769
;MESH:NONMESH
G0 F300 X125.101 Y121.141 Z6
G0 F9000 X125.121 Y121.128
G0 X124.029 Y120.457
G0 X123.049 Y120.942
G0 X108.017 Y119.86
G0 X107.107 Y119.252
G0 X104.835 Y119.891
G0 X104.835 Y120.35
;TIME_ELAPSED:899.338076
;LAYER:29
;note -- min layer time used
;TYPE:WALL-INNER
;MESH:FT10-Input Crank.stl
G1 F2700 E524.19769
G1 F1278.6 X105.204 Y120.327 E524.20998
G1 X105.575 Y120.251 E524.22258
G1 X105.918 Y120.136 E524.23461
G1 X106.259 Y119.967 E524.24727
G1 X106.565 Y119.763 E524.2595
G1 X106.845 Y119.516 E524.27192
G1 X107.09 Y119.234 E524.28435
G1 X107.3 Y118.921 E524.29688
G1 X107.468 Y118.585 E524.30938
G1 X107.582 Y118.242 E524.3214
G1 X107.656 Y117.872 E524.33395
G1 X107.682 Y117.499 E524.34638
G1 X107.656 Y117.124 E524.35889
G1 X107.582 Y116.754 E524.37144
G1 X107.468 Y116.411 E524.38346
G1 X107.3 Y116.075 E524.39595
G1 X107.09 Y115.762 E524.40849
G1 X106.846 Y115.482 E524.42084
G1 X106.566 Y115.238 E524.43319
G1 X106.255 Y115.029 E524.44566
G1 X105.917 Y114.864 E524.45817
G1 X105.571 Y114.745 E524.47034
G1 X105.204 Y114.672 E524.48278
G1 X104.831 Y114.646 E524.49522
G1 X104.456 Y114.672 E524.50772
G1 X104.085 Y114.745 E524.5203
G1 X103.743 Y114.863 E524.53233
G1 X103.405 Y115.029 E524.54485
G1 X103.094 Y115.238 E524.55732
G1 X102.812 Y115.483 E524.56974
G1 X102.565 Y115.764 E524.58219
G1 X102.357 Y116.073 E524.59457
G1 X102.193 Y116.408 E524.60698
G1 X102.081 Y116.749 E524.61892
G1 X102.001 Y117.129 E524.63183
G1 X101.978 Y117.5 E524.6442
G1 X102.001 Y117.872 E524.65659
G1 X102.077 Y118.243 E524.66919
G1 X102.193 Y118.587 E524.68126
G1 X102.357 Y118.923 E524.6937
G1 X102.565 Y119.232 E524.70609
G1 X102.812 Y119.513 E524.71853
G1 X103.094 Y119.758 E524.73096
G1 X103.405 Y119.967 E524.74342
G1 X103.743 Y120.132 E524.75593
G1 X104.089 Y120.251 E524.7681
G1 X104.456 Y120.324 E524.78054
G1 X104.835 Y120.35 E524.79318
G0 F9000 X104.833 Y120.751
;TYPE:WALL-OUTER
G1 F1278.6 X105.257 Y120.725 E524.80731
G1 X105.679 Y120.638 E524.82164
G1 X106.071 Y120.506 E524.8354
G1 X106.459 Y120.314 E524.84979
G1 X106.809 Y120.081 E524.86378
G1 X107.129 Y119.798 E524.87799
G1 X107.408 Y119.478 E524.89211
G1 X107.646 Y119.123 E524.90632
G1 X107.838 Y118.739 E524.9206
G1 X107.97 Y118.344 E524.93446
G1 X108.053 Y117.925 E524.94866
G1 X108.083 Y117.499 E524.96287
G1 X108.053 Y117.071 E524.97714
G1 X107.97 Y116.652 E524.99134
G1 X107.838 Y116.257 E525.00519
G1 X107.646 Y115.873 E525.01947
G1 X107.408 Y115.518 E525.03369
G1 X107.13 Y115.198 E525.04779
G1 X106.81 Y114.92 E525.06189
G1 X106.455 Y114.682 E525.0761
G1 X106.071 Y114.494 E525.09032
G1 X105.675 Y114.358 E525.10425
G1 X105.257 Y114.275 E525.11842
G1 X104.831 Y114.245 E525.13263
G1 X104.403 Y114.275 E525.1469
G1 X103.981 Y114.358 E525.1612
G1 X103.589 Y114.493 E525.17499
G1 X103.205 Y114.682 E525.18923
G1 X102.85 Y114.92 E525.20344
G1 X102.53 Y115.199 E525.21756
G1 X102.247 Y115.519 E525.23177
G1 X102.01 Y115.873 E525.24594
G1 X101.822 Y116.256 E525.26013
G1 X101.694 Y116.645 E525.27375
G1 X101.603 Y117.075 E525.28837
G1 X101.577 Y117.5 E525.30253
G1 X101.603 Y117.925 E525.31669
G1 X101.69 Y118.347 E525.33102
G1 X101.822 Y118.739 E525.34478
G1 X102.01 Y119.123 E525.359
G1 X102.247 Y119.477 E525.37317
G1 X102.53 Y119.797 E525.38738
G1 X102.85 Y120.076 E525.4015
G1 X103.205 Y120.314 E525.41572
G1 X103.589 Y120.502 E525.42994
G1 X103.985 Y120.638 E525.44386
G1 X104.403 Y120.721 E525.45804
G1 X104.833 Y120.751 E525.47237
G0 F9000 X104.834 Y120.042
G0 X103.777 Y119.807
G0 X103.675 Y120.011
;TYPE:FILL
G1 F1278.6 X107.344 Y116.342 E525.64495
G0 F9000 X107.138 Y116.443
G0 X107.139 Y118.555
G0 X107.342 Y118.656
G1 F1278.6 X103.673 Y114.987 E525.81753
G0 F9000 X103.906 Y115.462
G1 F2700 E520.81753
G0 F9000 X107.829 Y117.105
G0 X123.923 Y117.5
G0 X126.255 Y121.601
G0 X126.798 Y122.44
G0 X126.654 Y122.216
;TYPE:WALL-INNER
G1 F2700 E525.81753
G1 F1291.5 X126.44 Y122.113 E525.82535
G1 X126.253 Y121.916 E525.83429
G1 F1281.8 X123.814 Y117.698 E525.99595
G1 F1291.5 X123.797 Y117.46 E526.0038
G1 X123.873 Y117.2 E526.01272
G1 F1278.6 X126.313 Y112.978 E526.17491
G1 F1285 X126.507 Y112.848 E526.18264
G1 F1288.3 X126.772 Y112.785 E526.19163
G1 F1281.8 X131.524 Y112.785 E526.34929
G1 F1291.5 X131.788 Y112.847 E526.35822
G1 X131.983 Y112.979 E526.36597
G1 F1281.8 X134.423 Y117.2 E526.52772
G1 F1291.5 X134.498 Y117.46 E526.53663
G1 F1294.8 X134.485 Y117.695 E526.54436
G1 F1285 X132.043 Y121.917 E526.70577
G1 F1291.5 X131.857 Y122.112 E526.71465
G1 X131.65 Y122.215 E526.72226
G1 F1285 X126.654 Y122.216 E526.8876
G0 F9000 X126.755 Y122.448
G0 X129.149 Y122.932
G0 X129.148 Y123.238
G1 F1278.6 X129.901 Y123.191 E526.91269
G1 X130.639 Y123.043 E526.93773
G1 X131.342 Y122.805 E526.96241
G1 F1285 X132.021 Y122.474 E526.98741
G1 X132.642 Y122.055 E527.0122
G1 F1278.6 X133.206 Y121.558 E527.03721
G1 X133.702 Y120.994 E527.06219
G1 X134.119 Y120.367 E527.08723
G1 X134.453 Y119.692 E527.11228
G1 X134.694 Y118.991 E527.13693
G1 X134.839 Y118.249 E527.16208
G1 F1291.5 X134.894 Y117.5 E527.18681
G1 X134.839 Y116.747 E527.21167
G1 F1278.6 X134.695 Y116.009 E527.23668
G1 X134.453 Y115.304 E527.26147
G1 X134.119 Y114.628 E527.28655
G1 X133.702 Y114.002 E527.31157
G1 X133.206 Y113.438 E527.33655
G1 X132.641 Y112.941 E527.36157
G1 F1285 X132.021 Y112.524 E527.3863
G1 X131.341 Y112.192 E527.41134
G1 F1278.6 X130.639 Y111.953 E527.43601
G1 X129.901 Y111.805 E527.46104
G1 X129.148 Y111.758 E527.48614
G1 X128.395 Y111.805 E527.51123
G1 X127.657 Y111.953 E527.53627
G1 X126.954 Y112.192 E527.56096
G1 F1285 X126.275 Y112.524 E527.58598
G1 X125.655 Y112.941 E527.6107
G1 F1278.6 X125.09 Y113.438 E527.63573
G1 X124.594 Y114.002 E527.66071
G1 X124.178 Y114.629 E527.68574
G1 X123.843 Y115.304 E527.7108
G1 X123.601 Y116.009 E527.73559
G1 X123.457 Y116.747 E527.7606
G1 F1291.5 X123.402 Y117.5 E527.78546
G1 X123.457 Y118.249 E527.81019
G1 F1278.6 X123.601 Y118.991 E527.83533
G1 X123.843 Y119.692 E527.86
G1 X124.177 Y120.367 E527.88504
G1 X124.593 Y120.994 E527.91007
G1 X125.09 Y121.558 E527.93507
G1 X125.655 Y122.054 E527.96008
G1 F1288.3 X126.287 Y122.479 E527.98522
G1 X126.954 Y122.805 E528.00973
G1 F1278.6 X127.657 Y123.043 E528.03441
G1 X128.395 Y123.191 E528.05945
G1 X129.148 Y123.238 E528.08454
G0 F9000 X129.148 Y123.639
;TYPE:WALL-OUTER
G1 F1278.6 X129.953 Y123.589 E528.11137
G1 X130.743 Y123.43 E528.13817
G1 X131.495 Y123.175 E528.16458
G1 X132.219 Y122.818 E528.19143
G1 X132.886 Y122.373 E528.2181
G1 X133.49 Y121.842 E528.24485
G1 X134.02 Y121.238 E528.27157
G1 X134.466 Y120.567 E528.29837
G1 X134.823 Y119.846 E528.32513
G1 X135.082 Y119.095 E528.35155
G1 X135.237 Y118.301 E528.37846
G1 X135.291 Y117.5 E528.40516
G1 X135.237 Y116.695 E528.432
G1 X135.082 Y115.905 E528.45877
G1 X134.823 Y115.15 E528.48532
G1 X134.466 Y114.428 E528.51211
G1 X134.02 Y113.758 E528.53888
G1 X133.49 Y113.154 E528.56561
G1 X132.885 Y112.623 E528.59238
G1 X132.22 Y112.178 E528.61899
G1 X131.495 Y111.822 E528.64586
G1 X130.743 Y111.566 E528.67228
G1 X129.953 Y111.407 E528.69908
G1 X129.148 Y111.357 E528.72591
G1 X128.343 Y111.407 E528.75273
G1 X127.553 Y111.566 E528.77954
G1 X126.801 Y111.822 E528.80596
G1 X126.076 Y112.178 E528.83282
G1 X125.411 Y112.623 E528.85943
G1 X124.806 Y113.154 E528.88621
G1 X124.276 Y113.758 E528.91293
G1 X123.83 Y114.429 E528.93973
G1 X123.473 Y115.15 E528.96649
G1 X123.214 Y115.905 E528.99304
G1 X123.059 Y116.695 E529.01982
G1 X123.005 Y117.5 E529.04665
G1 X123.059 Y118.301 E529.07335
G1 X123.214 Y119.095 E529.10026
G1 X123.473 Y119.846 E529.12668
G1 X123.83 Y120.567 E529.15344
G1 X124.275 Y121.238 E529.18022
G1 X124.806 Y121.842 E529.20697
G1 X125.411 Y122.372 E529.23372
G1 X126.077 Y122.818 E529.26038
G1 X126.801 Y123.175 E529.28723
G1 X127.553 Y123.43 E529.31364
G1 X128.343 Y123.589 E529.34044
G1 X129.148 Y123.639 E529.36727
G1 F2700 E524.36727
G0 F9000 X129.149 Y122.932
G0 X126.781 Y122.432
G0 X126.734 Y121.816
G1 F2700 E529.36727
G1 F1278.6 X126.599 Y121.717 E529.37283
G1 X124.198 Y117.564 E529.53239
G1 X124.218 Y117.399 E529.53792
G1 X126.617 Y113.25 E529.69732
G1 X126.772 Y113.184 E529.70292
G1 X131.524 Y113.184 E529.86097
G1 X131.678 Y113.25 E529.86655
G1 X134.077 Y117.4 E530.02598
G1 X134.099 Y117.565 E530.03152
G1 X131.698 Y121.717 E530.19104
G1 X131.566 Y121.816 E530.19653
G1 X126.734 Y121.816 E530.35724
G0 F9000 X126.781 Y122.432
G0 X127.953 Y122.526
G0 X127.953 Y122.296
;TYPE:FILL
G1 F1278.6 X128.792 Y123.135 E530.3967
G1 X128.832 Y123.138
G1 X129.676 Y122.295 E530.43638
G0 F9000 X129.676 Y122.526
G0 X131.783 Y122.06
G0 X132.736 Y121.34
G0 X132.536 Y121.222
G1 F1278.6 X132.971 Y121.657 E530.45684
G0 F9000 X132.824 Y121.488
G0 X134.598 Y118.017
G0 X134.792 Y117.822
G1 F1278.6 X134.566 Y117.595 E530.4675
G1 X134.558 Y117.412
G1 X134.792 Y117.179 E530.47848
G0 F9000 X134.633 Y117.099
G0 X132.737 Y113.662
G0 X132.537 Y113.777
G1 F1278.6 X132.974 Y113.339 E530.49906
G0 F9000 X132.823 Y113.511
G0 X131.887 Y112.997
G0 X129.676 Y112.474
G0 X129.676 Y112.705
G1 F1278.6 X128.83 Y111.859 E530.53885
G1 X128.797 Y111.86
G1 X127.952 Y112.705 E530.5786
G0 F9000 X127.952 Y112.474
G0 X126.516 Y112.94
G0 X125.317 Y114.085
G0 X125.515 Y114.201
G1 F1278.6 X124.987 Y113.674 E530.60341
G0 F9000 X125.161 Y113.827
G0 X124.028 Y116.317
G0 X124.225 Y116.432
G1 F1278.6 X123.506 Y117.151 E530.63723
G0 F9000 X123.506 Y117.849
G1 F1278.6 X124.224 Y118.567 E530.671
G0 F9000 X124.027 Y118.68
G0 X125.316 Y120.913
G0 X125.514 Y120.799
G1 F1278.6 X124.991 Y121.323 E530.69562
G0 F9000 X125.101 Y121.141
G1 F2700 E525.69562
;MESH:NONMESH
G0 F300 X125.101 Y121.141 Z6.2
G0 F9000 X125.121 Y121.128
G0 X124.029 Y120.457
G0 X123.049 Y120.942
G0 X107.397 Y120.72
G0 X106.672 Y119.899
G0 X104.835 Y120.042
G0 X104.831 Y120.498
;TIME_ELAPSED:913.744115
;LAYER:30
;note -- min layer time used
;TYPE:WALL-INNER
;MESH:FT10-Input Crank.stl
G1 F2700 E530.69562
G1 F1295.5 X105.227 Y120.475 E530.70882
G1 X105.611 Y120.399 E530.72184
G1 X105.977 Y120.272 E530.73472
G1 X106.33 Y120.099 E530.7478
G1 X106.655 Y119.88 E530.76083
G1 X106.95 Y119.618 E530.77395
G1 X107.212 Y119.323 E530.78708
G1 X107.431 Y118.998 E530.80011
G1 X107.604 Y118.645 E530.81319
G1 X107.731 Y118.278 E530.8261
G1 X107.807 Y117.895 E530.83909
G1 X107.83 Y117.499 E530.85228
G1 X107.807 Y117.101 E530.86554
G1 X107.731 Y116.718 E530.87853
G1 X107.605 Y116.355 E530.89131
G1 X107.431 Y115.998 E530.90452
G1 X107.212 Y115.676 E530.91747
G1 X106.949 Y115.376 E530.93074
G1 X106.655 Y115.116 E530.9438
G1 X106.33 Y114.897 E530.95683
G1 X105.979 Y114.725 E530.96983
G1 X105.613 Y114.602 E530.98267
G1 X105.225 Y114.525 E530.99583
G1 X104.829 Y114.498 E531.00903
G1 X104.433 Y114.521 E531.02222
G1 X104.05 Y114.597 E531.03521
G1 X103.683 Y114.723 E531.04812
G1 X103.33 Y114.897 E531.06121
G1 X103.002 Y115.118 E531.07436
G1 X102.706 Y115.374 E531.08738
G1 X102.45 Y115.67 E531.10039
G1 X102.229 Y115.998 E531.11355
G1 X102.056 Y116.351 E531.12662
G1 X101.929 Y116.718 E531.13954
G1 X101.853 Y117.101 E531.15253
G1 X101.83 Y117.499 E531.16579
G1 X101.853 Y117.895 E531.17898
G1 X101.929 Y118.279 E531.192
G1 X102.056 Y118.645 E531.20488
G1 X102.229 Y118.998 E531.21796
G1 X102.449 Y119.325 E531.23107
G1 X102.709 Y119.621 E531.24417
G1 X103.003 Y119.879 E531.25718
G1 X103.329 Y120.098 E531.27024
G1 X103.687 Y120.272 E531.28348
G1 X104.05 Y120.399 E531.29627
G1 X104.433 Y120.475 E531.30926
G1 X104.831 Y120.498 E531.32252
G0 F9000 X104.831 Y120.899
;TYPE:WALL-OUTER
G1 F1295.5 X105.278 Y120.873 E531.33741
G1 X105.715 Y120.786 E531.35223
G1 X106.131 Y120.642 E531.36687
G1 X106.531 Y120.446 E531.38169
G1 X106.901 Y120.197 E531.39652
G1 X107.234 Y119.902 E531.41132
G1 X107.529 Y119.569 E531.42612
G1 X107.778 Y119.199 E531.44095
G1 X107.974 Y118.799 E531.45577
G1 X108.118 Y118.383 E531.47041
G1 X108.205 Y117.946 E531.48523
G1 X108.231 Y117.499 E531.50012
G1 X108.205 Y117.05 E531.51508
G1 X108.118 Y116.613 E531.5299
G1 X107.975 Y116.201 E531.5444
G1 X107.778 Y115.797 E531.55935
G1 X107.529 Y115.431 E531.57408
G1 X107.233 Y115.094 E531.58899
G1 X106.901 Y114.799 E531.60377
G1 X106.531 Y114.55 E531.6186
G1 X106.131 Y114.354 E531.63342
G1 X105.716 Y114.214 E531.64798
G1 X105.277 Y114.127 E531.66287
G1 X104.831 Y114.097 E531.67774
G1 X104.382 Y114.123 E531.69269
G1 X103.945 Y114.21 E531.70751
G1 X103.529 Y114.353 E531.72214
G1 X103.129 Y114.55 E531.73697
G1 X102.758 Y114.8 E531.75185
G1 X102.422 Y115.09 E531.76662
G1 X102.132 Y115.426 E531.78138
G1 X101.882 Y115.797 E531.79626
G1 X101.686 Y116.197 E531.81107
G1 X101.542 Y116.613 E531.82572
G1 X101.455 Y117.05 E531.84054
G1 X101.429 Y117.499 E531.85549
G1 X101.455 Y117.946 E531.87039
G1 X101.542 Y118.383 E531.88521
G1 X101.686 Y118.799 E531.89985
G1 X101.882 Y119.199 E531.91466
G1 X102.131 Y119.569 E531.9295
G1 X102.426 Y119.905 E531.94437
G1 X102.759 Y120.197 E531.9591
G1 X103.129 Y120.446 E531.97393
G1 X103.533 Y120.642 E531.98887
G1 X103.945 Y120.786 E532.00338
G1 X104.382 Y120.873 E532.0182
G1 X104.831 Y120.899 E532.03316
G0 F9000 X104.834 Y120.192
G0 X103.665 Y119.92
G0 X103.563 Y120.123
;TYPE:FILL
G1 F1295.5 X107.455 Y116.231 E532.21623
G0 F9000 X107.25 Y116.331
G0 X107.252 Y118.667
G0 X107.455 Y118.768
G1 F1295.5 X103.56 Y114.874 E532.39942
G0 F9000 X103.793 Y115.351
G1 F2700 E527.39942
G0 F9000 X107.978 Y117.084
G0 X123.923 Y117.5
G0 X126.255 Y121.601
G0 X126.798 Y122.44
G0 X126.654 Y122.216
;TYPE:WALL-INNER
G1 F2700 E532.39942
G1 F1308.6 X126.44 Y122.113 E532.40724
G1 X126.253 Y121.916 E532.41618
G1 F1298.8 X123.814 Y117.698 E532.57783
G1 F1308.6 X123.797 Y117.46 E532.58569
G1 X123.873 Y117.2 E532.59461
G1 F1295.5 X126.313 Y112.978 E532.7568
G1 F1302 X126.507 Y112.848 E532.76452
G1 F1305.3 X126.772 Y112.785 E532.77352
G1 F1298.8 X131.524 Y112.785 E532.93117
G1 F1308.6 X131.788 Y112.847 E532.9401
G1 X131.983 Y112.979 E532.94786
G1 F1298.8 X134.423 Y117.2 E533.10961
G1 F1308.6 X134.498 Y117.46 E533.11852
G1 F1311.9 X134.485 Y117.695 E533.12625
G1 F1302 X132.043 Y121.917 E533.28766
G1 F1308.6 X131.857 Y122.112 E533.29653
G1 X131.65 Y122.215 E533.30415
G1 F1302 X126.654 Y122.216 E533.46948
G0 F9000 X126.755 Y122.448
G0 X129.149 Y122.932
G0 X129.148 Y123.238
G1 F1295.5 X129.901 Y123.191 E533.49458
G1 X130.639 Y123.043 E533.51961
G1 X131.342 Y122.805 E533.5443
G1 F1302 X132.021 Y122.474 E533.5693
G1 X132.642 Y122.055 E533.59409
G1 F1295.5 X133.206 Y121.558 E533.61909
G1 X133.702 Y120.994 E533.64407
G1 X134.119 Y120.367 E533.66912
G1 X134.453 Y119.692 E533.69417
G1 X134.694 Y118.991 E533.71882
G1 X134.839 Y118.249 E533.74397
G1 F1308.6 X134.894 Y117.5 E533.7687
G1 X134.839 Y116.747 E533.79356
G1 F1295.5 X134.695 Y116.009 E533.81856
G1 X134.453 Y115.304 E533.84336
G1 X134.119 Y114.628 E533.86843
G1 X133.702 Y114.002 E533.89345
G1 X133.206 Y113.438 E533.91843
G1 X132.641 Y112.941 E533.94346
G1 F1302 X132.021 Y112.524 E533.96819
G1 X131.341 Y112.192 E533.99323
G1 F1295.5 X130.639 Y111.953 E534.0179
G1 X129.901 Y111.805 E534.04293
G1 X129.148 Y111.758 E534.06802
G1 X128.395 Y111.805 E534.09312
G1 X127.657 Y111.953 E534.11815
G1 X126.954 Y112.192 E534.14285
G1 F1302 X126.275 Y112.524 E534.16786
G1 X125.655 Y112.941 E534.19259
G1 F1295.5 X125.09 Y113.438 E534.21762
G1 X124.594 Y114.002 E534.2426
G1 X124.178 Y114.629 E534.26762
G1 X123.843 Y115.304 E534.29269
G1 X123.601 Y116.009 E534.31748
G1 X123.457 Y116.747 E534.34249
G1 F1308.6 X123.402 Y117.5 E534.36735
G1 X123.457 Y118.249 E534.39208
G1 F1295.5 X123.601 Y118.991 E534.41722
G1 X123.843 Y119.692 E534.44188
G1 X124.177 Y120.367 E534.46693
G1 X124.593 Y120.994 E534.49196
G1 X125.09 Y121.558 E534.51696
G1 X125.655 Y122.054 E534.54197
G1 F1305.3 X126.287 Y122.479 E534.56711
G1 X126.954 Y122.805 E534.59161
G1 F1295.5 X127.657 Y123.043 E534.6163
G1 X128.395 Y123.191 E534.64133
G1 X129.148 Y123.238 E534.66643
G0 F9000 X129.148 Y123.639
;TYPE:WALL-OUTER
G1 F1295.5 X129.953 Y123.589 E534.69325
G1 X130.743 Y123.43 E534.72006
G1 X131.495 Y123.175 E534.74647
G1 X132.219 Y122.818 E534.77332
G1 X132.886 Y122.373 E534.79998
G1 X133.49 Y121.842 E534.82673
G1 X134.02 Y121.238 E534.85346
G1 X134.466 Y120.567 E534.88026
G1 X134.823 Y119.846 E534.90702
G1 X135.082 Y119.095 E534.93344
G1 X135.237 Y118.301 E534.96035
G1 X135.291 Y117.5 E534.98705
G1 X135.237 Y116.695 E535.01388
G1 X135.082 Y115.905 E535.04066
G1 X134.823 Y115.15 E535.06721
G1 X134.466 Y114.428 E535.094
G1 X134.02 Y113.758 E535.12077
G1 X133.49 Y113.154 E535.14749
G1 X132.885 Y112.623 E535.17427
G1 X132.22 Y112.178 E535.20088
G1 X131.495 Y111.822 E535.22774
G1 X130.743 Y111.566 E535.25416
G1 X129.953 Y111.407 E535.28097
G1 X129.148 Y111.357 E535.30779
G1 X128.343 Y111.407 E535.33462
G1 X127.553 Y111.566 E535.36142
G1 X126.801 Y111.822 E535.38784
G1 X126.076 Y112.178 E535.41471
G1 X125.411 Y112.623 E535.44132
G1 X124.806 Y113.154 E535.46809
G1 X124.276 Y113.758 E535.49482
G1 X123.83 Y114.429 E535.52162
G1 X123.473 Y115.15 E535.54838
G1 X123.214 Y115.905 E535.57492
G1 X123.059 Y116.695 E535.6017
G1 X123.005 Y117.5 E535.62854
G1 X123.059 Y118.301 E535.65524
G1 X123.214 Y119.095 E535.68214
G1 X123.473 Y119.846 E535.70857
G1 X123.83 Y120.567 E535.73533
G1 X124.275 Y121.238 E535.76211
G1 X124.806 Y121.842 E535.78885
G1 X125.411 Y122.372 E535.81561
G1 X126.077 Y122.818 E535.84227
G1 X126.801 Y123.175 E535.86911
G1 X127.553 Y123.43 E535.89552
G1 X128.343 Y123.589 E535.92233
G1 X129.148 Y123.639 E535.94915
G1 F2700 E530.94915
G0 F9000 X129.149 Y122.932
G0 X126.781 Y122.432
G0 X126.734 Y121.816
G1 F2700 E535.94915
G1 F1295.5 X126.599 Y121.717 E535.95472
G1 X124.198 Y117.564 E536.11427
G1 X124.218 Y117.399 E536.1198
G1 X126.617 Y113.25 E536.2792
G1 X126.772 Y113.184 E536.28481
G1 X131.524 Y113.184 E536.44286
G1 X131.678 Y113.25 E536.44843
G1 X134.077 Y117.4 E536.60787
G1 X134.099 Y117.565 E536.6134
G1 X131.698 Y121.717 E536.77293
G1 X131.566 Y121.816 E536.77841
G1 X126.734 Y121.816 E536.93913
G0 F9000 X126.781 Y122.432
G0 X127.953 Y122.526
G0 X127.953 Y122.296
;TYPE:FILL
G1 F1295.5 X128.792 Y123.135 E536.97859
G1 X128.832 Y123.138
G1 X129.676 Y122.295 E537.01827
G0 F9000 X129.676 Y122.526
G0 X131.783 Y122.06
G0 X132.736 Y121.34
G0 X132.536 Y121.222
G1 F1295.5 X132.971 Y121.657 E537.03873
G0 F9000 X132.824 Y121.488
G0 X134.598 Y118.017
G0 X134.792 Y117.822
G1 F1295.5 X134.566 Y117.595 E537.04938
G1 X134.558 Y117.412
G1 X134.792 Y117.179 E537.06036
G0 F9000 X134.633 Y117.099
G0 X132.737 Y113.662
G0 X132.537 Y113.777
G1 F1295.5 X132.974 Y113.339 E537.08094
G0 F9000 X132.823 Y113.511
G0 X131.887 Y112.997
G0 X129.676 Y112.474
G0 X129.676 Y112.705
G1 F1295.5 X128.83 Y111.859 E537.12074
G1 X128.797 Y111.86
G1 X127.952 Y112.705 E537.16048
G0 F9000 X127.952 Y112.474
G0 X126.516 Y112.94
G0 X125.317 Y114.085
G0 X125.515 Y114.201
G1 F1295.5 X124.987 Y113.674 E537.18529
G0 F9000 X125.161 Y113.827
G0 X124.028 Y116.317
G0 X124.225 Y116.432
G1 F1295.5 X123.506 Y117.151 E537.21911
G0 F9000 X123.506 Y117.849
G1 F1295.5 X124.224 Y118.567 E537.25289
G0 F9000 X124.027 Y118.68
G0 X125.316 Y120.913
G0 X125.514 Y120.799
G1 F1295.5 X124.991 Y121.323 E537.27751
G0 F9000 X125.101 Y121.141
G1 F2700 E532.27751
;MESH:NONMESH
G0 F300 X125.101 Y121.141 Z6.4
G0 F9000 X125.121 Y121.128
G0 X124.029 Y120.457
G0 X123.049 Y120.942
G0 X107.901 Y120.461
G0 X107.078 Y119.74
G0 X104.835 Y120.192
G0 X104.831 Y120.65
;TIME_ELAPSED:928.171475
;LAYER:31
;note -- min layer time used
;TYPE:WALL-INNER
;MESH:FT10-Input Crank.stl
G1 F2700 E537.27751
G1 F1344.2 X105.245 Y120.623 E537.29131
G1 X105.651 Y120.543 E537.30507
G1 X106.033 Y120.412 E537.3185
G1 X106.411 Y120.227 E537.3325
G1 X106.744 Y120.003 E537.34585
G1 X107.057 Y119.726 E537.35975
G1 X107.339 Y119.409 E537.37386
G1 X107.558 Y119.08 E537.38701
G1 X107.744 Y118.701 E537.40105
G1 X107.875 Y118.319 E537.41448
G1 X107.955 Y117.913 E537.42825
G1 X107.981 Y117.499 E537.44204
G1 X107.955 Y117.083 E537.45591
G1 X107.875 Y116.677 E537.46967
G1 X107.744 Y116.296 E537.48307
G1 X107.559 Y115.921 E537.49698
G1 X107.334 Y115.582 E537.51051
G1 X107.057 Y115.27 E537.52439
G1 X106.746 Y114.994 E537.53822
G1 X106.407 Y114.769 E537.55175
G1 X106.032 Y114.584 E537.56566
G1 X105.651 Y114.453 E537.57906
G1 X105.245 Y114.373 E537.59282
G1 X104.831 Y114.346 E537.60662
G1 X104.414 Y114.373 E537.62052
G1 X104.009 Y114.453 E537.63425
G1 X103.626 Y114.584 E537.64771
G1 X103.253 Y114.765 E537.6615
G1 X102.912 Y114.996 E537.6752
G1 X102.6 Y115.271 E537.68903
G1 X102.324 Y115.58 E537.70281
G1 X102.098 Y115.919 E537.71636
G1 X101.916 Y116.294 E537.73023
G1 X101.785 Y116.677 E537.74369
G1 X101.705 Y117.083 E537.75745
G1 X101.678 Y117.499 E537.77132
G1 X101.705 Y117.913 E537.78512
G1 X101.785 Y118.319 E537.79888
G1 X101.916 Y118.702 E537.81234
G1 X102.097 Y119.075 E537.82613
G1 X102.328 Y119.416 E537.83983
G1 X102.601 Y119.726 E537.85357
G1 X102.912 Y120 E537.86736
G1 X103.253 Y120.231 E537.88106
G1 X103.626 Y120.412 E537.89485
G1 X104.009 Y120.543 E537.90831
G1 X104.415 Y120.623 E537.92207
G1 X104.831 Y120.65 E537.93594
G0 F9000 X104.831 Y121.051
;TYPE:WALL-OUTER
G1 F1344.2 X105.297 Y121.021 E537.95147
G1 X105.755 Y120.93 E537.967
G1 X106.187 Y120.782 E537.98219
G1 X106.611 Y120.574 E537.9979
G1 X106.989 Y120.321 E538.01302
G1 X107.341 Y120.01 E538.02865
G1 X107.657 Y119.653 E538.0445
G1 X107.906 Y119.28 E538.05942
G1 X108.114 Y118.855 E538.07516
G1 X108.262 Y118.423 E538.09035
G1 X108.353 Y117.965 E538.10588
G1 X108.383 Y117.499 E538.12141
G1 X108.353 Y117.031 E538.13701
G1 X108.262 Y116.573 E538.15254
G1 X108.114 Y116.142 E538.16769
G1 X107.906 Y115.721 E538.18331
G1 X107.652 Y115.338 E538.1986
G1 X107.341 Y114.986 E538.21422
G1 X106.99 Y114.676 E538.2298
G1 X106.607 Y114.422 E538.24508
G1 X106.186 Y114.214 E538.2607
G1 X105.755 Y114.066 E538.27586
G1 X105.297 Y113.975 E538.29139
G1 X104.831 Y113.945 E538.30692
G1 X104.362 Y113.975 E538.32255
G1 X103.905 Y114.066 E538.33805
G1 X103.473 Y114.214 E538.35324
G1 X103.053 Y114.418 E538.36877
G1 X102.667 Y114.679 E538.38426
G1 X102.318 Y114.987 E538.39975
G1 X102.007 Y115.335 E538.41527
G1 X101.75 Y115.72 E538.43066
G1 X101.546 Y116.141 E538.44622
G1 X101.398 Y116.573 E538.46141
G1 X101.307 Y117.031 E538.47694
G1 X101.277 Y117.499 E538.49254
G1 X101.307 Y117.965 E538.50807
G1 X101.398 Y118.423 E538.5236
G1 X101.546 Y118.855 E538.53879
G1 X101.75 Y119.275 E538.55432
G1 X102.011 Y119.661 E538.56982
G1 X102.318 Y120.01 E538.58528
G1 X102.667 Y120.317 E538.60074
G1 X103.053 Y120.578 E538.61624
G1 X103.473 Y120.782 E538.63177
G1 X103.905 Y120.93 E538.64695
G1 X104.363 Y121.021 E538.66249
G1 X104.831 Y121.051 E538.67808
G0 F9000 X104.834 Y120.343
G0 X103.552 Y120.031
G0 X103.449 Y120.237
;TYPE:FILL
G1 F1344.2 X107.566 Y116.12 E538.87173
G0 F9000 X107.363 Y116.22
G0 X107.363 Y118.78
G0 X107.567 Y118.881
G1 F1344.2 X103.447 Y114.761 E539.06553
G0 F9000 X102.991 Y115.038
G1 F1344.2 X102.363 Y115.666 E539.09507
G0 F9000 X102.557 Y115.796
G0 X102.573 Y119.227
G0 X102.383 Y119.353
G1 F1344.2 X102.974 Y119.944 E539.12286
G0 F9000 X103.27 Y119.504
G1 F2700 E534.12286
G0 F9000 X107.706 Y119.169
G0 X108.686 Y119.654
G0 X122.173 Y117.992
G0 X126.654 Y122.216
;TYPE:WALL-INNER
G1 F2700 E539.12286
G1 F1357.7 X126.44 Y122.113 E539.13068
G1 X126.253 Y121.916 E539.13963
G1 F1347.5 X123.814 Y117.698 E539.30128
G1 F1357.7 X123.797 Y117.46 E539.30914
G1 X123.873 Y117.2 E539.31806
G1 F1344.2 X126.313 Y112.978 E539.48024
G1 F1350.9 X126.507 Y112.848 E539.48797
G1 F1354.3 X126.772 Y112.785 E539.49696
G1 F1347.5 X131.524 Y112.785 E539.65462
G1 F1357.7 X131.788 Y112.847 E539.66355
G1 X131.983 Y112.979 E539.6713
G1 F1347.5 X134.423 Y117.2 E539.83306
G1 F1357.7 X134.498 Y117.46 E539.84197
G1 F1361.2 X134.485 Y117.695 E539.8497
G1 F1350.9 X132.043 Y121.917 E540.01111
G1 F1357.7 X131.857 Y122.112 E540.01998
G1 X131.65 Y122.215 E540.0276
G1 F1350.9 X126.654 Y122.216 E540.19293
G1 F2700 E535.19293
G0 F9000 X129.148 Y122.395
G0 X129.105 Y123.054
G0 X129.148 Y123.238
G1 F2700 E540.19293
G1 F1344.2 X129.901 Y123.191 E540.21803
G1 X130.639 Y123.043 E540.24306
G1 X131.342 Y122.805 E540.26775
G1 F1350.9 X132.021 Y122.474 E540.29275
G1 X132.642 Y122.055 E540.31754
G1 F1344.2 X133.206 Y121.558 E540.34254
G1 X133.702 Y120.994 E540.36752
G1 X134.119 Y120.367 E540.39257
G1 X134.453 Y119.692 E540.41761
G1 X134.694 Y118.991 E540.44227
G1 X134.839 Y118.249 E540.46742
G1 F1357.7 X134.894 Y117.5 E540.49214
G1 X134.839 Y116.747 E540.517
G1 F1344.2 X134.695 Y116.009 E540.54201
G1 X134.453 Y115.304 E540.56681
G1 X134.119 Y114.628 E540.59188
G1 X133.702 Y114.002 E540.6169
G1 X133.206 Y113.438 E540.64188
G1 X132.641 Y112.941 E540.66691
G1 F1350.9 X132.021 Y112.524 E540.69164
G1 X131.341 Y112.192 E540.71668
G1 F1344.2 X130.639 Y111.953 E540.74134
G1 X129.901 Y111.805 E540.76638
G1 X129.148 Y111.758 E540.79147
G1 X128.395 Y111.805 E540.81657
G1 X127.657 Y111.953 E540.8416
G1 X126.954 Y112.192 E540.8663
G1 F1350.9 X126.275 Y112.524 E540.89131
G1 X125.655 Y112.941 E540.91604
G1 F1344.2 X125.09 Y113.438 E540.94107
G1 X124.594 Y114.002 E540.96605
G1 X124.178 Y114.629 E540.99107
G1 X123.843 Y115.304 E541.01614
G1 X123.601 Y116.009 E541.04093
G1 X123.457 Y116.747 E541.06594
G1 F1357.7 X123.402 Y117.5 E541.0908
G1 X123.457 Y118.249 E541.11553
G1 F1344.2 X123.601 Y118.991 E541.14067
G1 X123.843 Y119.692 E541.16533
G1 X124.177 Y120.367 E541.19038
G1 X124.593 Y120.994 E541.21541
G1 X125.09 Y121.558 E541.24041
G1 X125.655 Y122.054 E541.26542
G1 F1354.3 X126.287 Y122.479 E541.29056
G1 X126.954 Y122.805 E541.31506
G1 F1344.2 X127.657 Y123.043 E541.33975
G1 X128.395 Y123.191 E541.36478
G1 X129.148 Y123.238 E541.38988
G0 F9000 X129.148 Y123.639
;TYPE:WALL-OUTER
G1 F1344.2 X129.953 Y123.589 E541.4167
G1 X130.743 Y123.43 E541.44351
G1 X131.495 Y123.175 E541.46992
G1 X132.219 Y122.818 E541.49677
G1 X132.886 Y122.373 E541.52343
G1 X133.49 Y121.842 E541.55018
G1 X134.02 Y121.238 E541.57691
G1 X134.466 Y120.567 E541.60371
G1 X134.823 Y119.846 E541.63047
G1 X135.082 Y119.095 E541.65689
G1 X135.237 Y118.301 E541.6838
G1 X135.291 Y117.5 E541.7105
G1 X135.237 Y116.695 E541.73733
G1 X135.082 Y115.905 E541.76411
G1 X134.823 Y115.15 E541.79066
G1 X134.466 Y114.428 E541.81744
G1 X134.02 Y113.758 E541.84421
G1 X133.49 Y113.154 E541.87094
G1 X132.885 Y112.623 E541.89772
G1 X132.22 Y112.178 E541.92433
G1 X131.495 Y111.822 E541.95119
G1 X130.743 Y111.566 E541.97761
G1 X129.953 Y111.407 E542.00442
G1 X129.148 Y111.357 E542.03124
G1 X128.343 Y111.407 E542.05807
G1 X127.553 Y111.566 E542.08487
G1 X126.801 Y111.822 E542.11129
G1 X126.076 Y112.178 E542.13816
G1 X125.411 Y112.623 E542.16477
G1 X124.806 Y113.154 E542.19154
G1 X124.276 Y113.758 E542.21827
G1 X123.83 Y114.429 E542.24507
G1 X123.473 Y115.15 E542.27183
G1 X123.214 Y115.905 E542.29837
G1 X123.059 Y116.695 E542.32515
G1 X123.005 Y117.5 E542.35198
G1 X123.059 Y118.301 E542.37869
G1 X123.214 Y119.095 E542.40559
G1 X123.473 Y119.846 E542.43202
G1 X123.83 Y120.567 E542.45878
G1 X124.275 Y121.238 E542.48555
G1 X124.806 Y121.842 E542.5123
G1 X125.411 Y122.372 E542.53905
G1 X126.077 Y122.818 E542.56571
G1 X126.801 Y123.175 E542.59256
G1 X127.553 Y123.43 E542.61897
G1 X128.343 Y123.589 E542.64578
G1 X129.148 Y123.639 E542.6726
G1 F2700 E537.6726
G0 F9000 X129.149 Y123.333
G0 X127.699 Y122.887
G0 X126.999 Y122.61
G0 X126.734 Y121.816
G1 F2700 E542.6726
G1 F1344.2 X126.599 Y121.717 E542.67817
G1 X124.198 Y117.564 E542.83772
G1 X124.218 Y117.399 E542.84325
G1 X126.617 Y113.25 E543.00265
G1 X126.772 Y113.184 E543.00826
G1 X131.524 Y113.184 E543.16631
G1 X131.678 Y113.25 E543.17188
G1 X134.077 Y117.4 E543.33131
G1 X134.099 Y117.565 E543.33685
G1 X131.698 Y121.717 E543.49637
G1 X131.566 Y121.816 E543.50186
G1 X126.734 Y121.816 E543.66258
G1 F2700 E538.66258
G0 F9000 X126.734 Y122.126
G0 X125.239 Y120.561
G0 X124.811 Y120.939
G0 X124.974 Y120.686
;TYPE:SKIN
G1 F2700 E543.66258
G1 F789.5 X124.621 Y120.117 E543.70049
G1 F793 X124.294 Y119.502 E543.73976
G0 F9000 X123.927 Y119.627
G0 X123.617 Y118.234
G0 X123.565 Y117.43
G0 X123.594 Y117.055
G0 X123.929 Y115.365
G0 X124.295 Y115.491
G1 F790.7 X124.622 Y114.879 E543.77899
G1 F786.1 X124.98 Y114.302 E543.81761
G0 F9000 X124.658 Y114.087
G0 X125.753 Y113.069
G0 X126.413 Y112.632
G0 X126.751 Y112.469
G0 X128.38 Y111.909
G0 X128.455 Y112.291
G1 F786.1 X129.147 Y112.272 E543.85699
G1 F789.5 X129.834 Y112.293 E543.89591
G0 F9000 X129.858 Y111.904
G0 X131.28 Y112.34
G0 X131.941 Y112.661
G0 X132.429 Y112.991
G0 X133.641 Y114.091
G0 X133.317 Y114.305
G1 F788.4 X133.667 Y114.872 E543.93369
G1 X133.999 Y115.491 E543.97352
G0 F9000 X133.663 Y115.685
G0 X134.416 Y117.5
G0 X133.668 Y119.308
G0 X134 Y119.501
G1 F790.7 X133.671 Y120.116 E544.01296
G1 X133.318 Y120.687 E544.05092
G0 F9000 X132.983 Y120.492
G0 X131.783 Y122.06
G0 X129.833 Y122.314
G0 X129.833 Y122.704
G1 F789.5 X129.148 Y122.725 E544.08973
G1 X128.455 Y122.704 E544.12898
G1 F2700 E539.12898
;MESH:NONMESH
G0 F300 X128.455 Y122.704 Z6.6
G0 F9000 X128.43 Y123.091
G0 X125.546 Y122.189
G0 X124.826 Y123.012
G0 X108.008 Y120.567
G0 X107.185 Y119.847
G0 X104.835 Y120.343
G0 X104.835 Y120.802
;TIME_ELAPSED:943.532335
;LAYER:32
;note -- min layer time used
;TYPE:WALL-INNER
;MESH:FT10-Input Crank.stl
G1 F2700 E544.12898
G1 F1380.9 X105.264 Y120.775 E544.14328
G1 X105.691 Y120.687 E544.15778
G1 X106.094 Y120.552 E544.17192
G1 X106.482 Y120.359 E544.18633
G1 X106.841 Y120.118 E544.20071
G1 X107.165 Y119.835 E544.21502
G1 X107.45 Y119.506 E544.2295
G1 X107.691 Y119.15 E544.2438
G1 X107.884 Y118.758 E544.25833
G1 X108.019 Y118.36 E544.27231
G1 X108.103 Y117.934 E544.28675
G1 X108.13 Y117.501 E544.30118
G1 X108.103 Y117.062 E544.31581
G1 X108.019 Y116.639 E544.33015
G1 X107.884 Y116.238 E544.34422
G1 X107.691 Y115.85 E544.35864
G1 X107.45 Y115.489 E544.37307
G1 X107.163 Y115.158 E544.38765
G1 X106.842 Y114.881 E544.40175
G1 X106.481 Y114.637 E544.41624
G1 X106.09 Y114.444 E544.43074
G1 X105.692 Y114.309 E544.44472
G1 X105.264 Y114.224 E544.45923
G1 X104.831 Y114.194 E544.47367
G1 X104.396 Y114.224 E544.48817
G1 X103.968 Y114.309 E544.50269
G1 X103.57 Y114.444 E544.51666
G1 X103.178 Y114.637 E544.5312
G1 X102.815 Y114.881 E544.54574
G1 X102.498 Y115.157 E544.55972
G1 X102.209 Y115.49 E544.57439
G1 X101.969 Y115.846 E544.58867
G1 X101.776 Y116.238 E544.6032
G1 X101.641 Y116.636 E544.61718
G1 X101.556 Y117.064 E544.63169
G1 X101.526 Y117.499 E544.6462
G1 X101.556 Y117.932 E544.66063
G1 X101.641 Y118.36 E544.67515
G1 X101.776 Y118.758 E544.68912
G1 X101.969 Y119.151 E544.70369
G1 X102.208 Y119.508 E544.71798
G1 X102.496 Y119.833 E544.73242
G1 X102.823 Y120.119 E544.74687
G1 X103.182 Y120.359 E544.76123
G1 X103.571 Y120.552 E544.77567
G1 X103.968 Y120.686 E544.78961
G1 X104.396 Y120.772 E544.80413
G1 X104.835 Y120.802 E544.81876
G0 F9000 X104.833 Y121.203
;TYPE:WALL-OUTER
G1 F1380.9 X105.317 Y121.173 E544.83489
G1 X105.795 Y121.074 E544.85113
G1 X106.247 Y120.922 E544.86699
G1 X106.683 Y120.706 E544.88317
G1 X107.085 Y120.436 E544.89928
G1 X107.449 Y120.118 E544.91536
G1 X107.768 Y119.75 E544.93155
G1 X108.038 Y119.351 E544.94758
G1 X108.254 Y118.911 E544.96388
G1 X108.406 Y118.464 E544.97958
G1 X108.501 Y117.986 E544.99579
G1 X108.531 Y117.501 E545.01196
G1 X108.501 Y117.01 E545.02832
G1 X108.406 Y116.536 E545.0444
G1 X108.254 Y116.085 E545.06022
G1 X108.038 Y115.649 E545.07641
G1 X107.768 Y115.246 E545.09254
G1 X107.446 Y114.874 E545.10891
G1 X107.086 Y114.563 E545.12473
G1 X106.683 Y114.29 E545.14092
G1 X106.243 Y114.074 E545.15722
G1 X105.796 Y113.922 E545.17293
G1 X105.317 Y113.827 E545.18917
G1 X104.831 Y113.793 E545.20537
G1 X104.343 Y113.827 E545.22164
G1 X103.864 Y113.922 E545.23788
G1 X103.417 Y114.074 E545.25359
G1 X102.977 Y114.29 E545.26989
G1 X102.571 Y114.563 E545.28616
G1 X102.214 Y114.874 E545.30191
G1 X101.891 Y115.246 E545.3183
G1 X101.622 Y115.645 E545.3343
G1 X101.406 Y116.085 E545.3506
G1 X101.254 Y116.532 E545.36631
G1 X101.159 Y117.011 E545.38255
G1 X101.125 Y117.499 E545.39882
G1 X101.159 Y117.985 E545.41502
G1 X101.254 Y118.464 E545.43126
G1 X101.406 Y118.911 E545.44697
G1 X101.622 Y119.351 E545.46327
G1 X101.891 Y119.753 E545.47936
G1 X102.214 Y120.117 E545.49554
G1 X102.579 Y120.437 E545.51169
G1 X102.981 Y120.706 E545.52778
G1 X103.417 Y120.922 E545.54396
G1 X103.864 Y121.074 E545.55966
G1 X104.343 Y121.169 E545.57591
G1 X104.833 Y121.203 E545.59224
G0 F9000 X104.834 Y120.494
G0 X103.517 Y120.181
G0 X103.414 Y120.385
;TYPE:FILL
G1 F1380.9 X101.94 Y118.911 E545.66157
G0 F9000 X102.145 Y118.81
G0 X103.44 Y120.143
G0 X103.338 Y120.348
G1 F1380.9 X107.68 Y116.007 E545.86579
G0 F9000 X107.475 Y116.107
G0 X107.476 Y118.892
G0 X107.679 Y118.993
G1 F1380.9 X103.335 Y114.649 E546.07011
G1 X103.425 Y114.604
G1 X101.937 Y116.093 E546.14013
G0 F9000 X102.411 Y116.329
G1 F2700 E541.14013
G0 F9000 X108.187 Y118.399
G0 X109.261 Y118.612
G0 X122.173 Y117.992
G0 X126.654 Y122.216
;TYPE:WALL-INNER
G1 F2700 E546.14013
G1 F1394.9 X126.44 Y122.113 E546.14795
G1 X126.253 Y121.916 E546.15689
G1 F1384.4 X123.814 Y117.698 E546.31854
G1 F1394.9 X123.797 Y117.46 E546.3264
G1 X123.873 Y117.2 E546.33532
G1 F1380.9 X126.313 Y112.978 E546.49751
G1 F1387.9 X126.507 Y112.848 E546.50524
G1 F1391.4 X126.772 Y112.785 E546.51423
G1 F1384.4 X131.524 Y112.785 E546.67189
G1 F1394.9 X131.788 Y112.847 E546.68082
G1 X131.983 Y112.979 E546.68857
G1 F1384.4 X134.423 Y117.2 E546.85032
G1 F1394.9 X134.498 Y117.46 E546.85923
G1 F1398.4 X134.485 Y117.695 E546.86696
G1 F1387.9 X132.043 Y121.917 E547.02837
G1 F1394.9 X131.857 Y122.112 E547.03725
G1 X131.65 Y122.215 E547.04486
G1 F1387.9 X126.654 Y122.216 E547.2102
G1 F2700 E542.2102
G0 F9000 X129.148 Y122.395
G0 X129.105 Y123.054
G0 X129.148 Y123.238
G1 F2700 E547.2102
G1 F1380.9 X129.901 Y123.191 E547.23529
G1 X130.639 Y123.043 E547.26033
G1 X131.342 Y122.805 E547.28501
G1 F1387.9 X132.021 Y122.474 E547.31001
G1 X132.642 Y122.055 E547.3348
G1 F1380.9 X133.206 Y121.558 E547.3598
G1 X133.702 Y120.994 E547.38478
G1 X134.119 Y120.367 E547.40983
G1 X134.453 Y119.692 E547.43488
G1 X134.694 Y118.991 E547.45953
G1 X134.839 Y118.249 E547.48468
G1 F1394.9 X134.894 Y117.5 E547.50941
G1 X134.839 Y116.747 E547.53427
G1 F1380.9 X134.695 Y116.009 E547.55928
G1 X134.453 Y115.304 E547.58407
G1 X134.119 Y114.628 E547.60915
G1 X133.702 Y114.002 E547.63417
G1 X133.206 Y113.438 E547.65915
G1 X132.641 Y112.941 E547.68417
G1 F1387.9 X132.021 Y112.524 E547.7089
G1 X131.341 Y112.192 E547.73394
G1 F1380.9 X130.639 Y111.953 E547.75861
G1 X129.901 Y111.805 E547.78364
G1 X129.148 Y111.758 E547.80874
G1 X128.395 Y111.805 E547.83383
G1 X127.657 Y111.953 E547.85887
G1 X126.954 Y112.192 E547.88356
G1 F1387.9 X126.275 Y112.524 E547.90857
G1 X125.655 Y112.941 E547.9333
G1 F1380.9 X125.09 Y113.438 E547.95833
G1 X124.594 Y114.002 E547.98331
G1 X124.178 Y114.629 E548.00834
G1 X123.843 Y115.304 E548.0334
G1 X123.601 Y116.009 E548.05819
G1 X123.457 Y116.747 E548.0832
G1 F1394.9 X123.402 Y117.5 E548.10806
G1 X123.457 Y118.249 E548.13279
G1 F1380.9 X123.601 Y118.991 E548.15793
G1 X123.843 Y119.692 E548.1826
G1 X124.177 Y120.367 E548.20764
G1 X124.593 Y120.994 E548.23267
G1 X125.09 Y121.558 E548.25767
G1 X125.655 Y122.054 E548.28268
G1 F1391.4 X126.287 Y122.479 E548.30782
G1 X126.954 Y122.805 E548.33233
G1 F1380.9 X127.657 Y123.043 E548.35701
G1 X128.395 Y123.191 E548.38205
G1 X129.148 Y123.238 E548.40714
G0 F9000 X129.148 Y123.639
;TYPE:WALL-OUTER
G1 F1380.9 X129.953 Y123.589 E548.43397
G1 X130.743 Y123.43 E548.46077
G1 X131.495 Y123.175 E548.48718
G1 X132.219 Y122.818 E548.51403
G1 X132.886 Y122.373 E548.5407
G1 X133.49 Y121.842 E548.56745
G1 X134.02 Y121.238 E548.59417
G1 X134.466 Y120.567 E548.62097
G1 X134.823 Y119.846 E548.64773
G1 X135.082 Y119.095 E548.67415
G1 X135.237 Y118.301 E548.70106
G1 X135.291 Y117.5 E548.72776
G1 X135.237 Y116.695 E548.7546
G1 X135.082 Y115.905 E548.78137
G1 X134.823 Y115.15 E548.80792
G1 X134.466 Y114.428 E548.83471
G1 X134.02 Y113.758 E548.86148
G1 X133.49 Y113.154 E548.88821
G1 X132.885 Y112.623 E548.91498
G1 X132.22 Y112.178 E548.94159
G1 X131.495 Y111.822 E548.96846
G1 X130.743 Y111.566 E548.99488
G1 X129.953 Y111.407 E549.02168
G1 X129.148 Y111.357 E549.04851
G1 X128.343 Y111.407 E549.07533
G1 X127.553 Y111.566 E549.10213
G1 X126.801 Y111.822 E549.12856
G1 X126.076 Y112.178 E549.15542
G1 X125.411 Y112.623 E549.18203
G1 X124.806 Y113.154 E549.20881
G1 X124.276 Y113.758 E549.23553
G1 X123.83 Y114.429 E549.26233
G1 X123.473 Y115.15 E549.28909
G1 X123.214 Y115.905 E549.31564
G1 X123.059 Y116.695 E549.34241
G1 X123.005 Y117.5 E549.36925
G1 X123.059 Y118.301 E549.39595
G1 X123.214 Y119.095 E549.42286
G1 X123.473 Y119.846 E549.44928
G1 X123.83 Y120.567 E549.47604
G1 X124.275 Y121.238 E549.50282
G1 X124.806 Y121.842 E549.52957
G1 X125.411 Y122.372 E549.55632
G1 X126.077 Y122.818 E549.58298
G1 X126.801 Y123.175 E549.60983
G1 X127.553 Y123.43 E549.63624
G1 X128.343 Y123.589 E549.66304
G1 X129.148 Y123.639 E549.68987
G1 F2700 E544.68987
G0 F9000 X129.149 Y123.333
G0 X127.699 Y122.887
G0 X126.999 Y122.61
G0 X126.734 Y121.816
G1 F2700 E549.68987
G1 F1380.9 X126.599 Y121.717 E549.69543
G1 X124.198 Y117.564 E549.85499
G1 X124.218 Y117.399 E549.86051
G1 X126.617 Y113.25 E550.01992
G1 X126.772 Y113.184 E550.02552
G1 X131.524 Y113.184 E550.18357
G1 X131.678 Y113.25 E550.18915
G1 X134.077 Y117.4 E550.34858
G1 X134.099 Y117.565 E550.35412
G1 X131.698 Y121.717 E550.51364
G1 X131.566 Y121.816 E550.51913
G1 X126.734 Y121.816 E550.67984
G1 F2700 E545.67984
G0 F9000 X126.734 Y122.126
G0 X125.239 Y120.561
G0 X124.811 Y120.939
G0 X124.974 Y120.686
;TYPE:SKIN
G1 F2700 E550.67984
G1 F811.1 X124.621 Y120.117 E550.71776
G1 F814.7 X124.294 Y119.502 E550.75702
G0 F9000 X123.927 Y119.627
G0 X123.617 Y118.234
G0 X123.565 Y117.43
G0 X123.594 Y117.055
G0 X123.929 Y115.365
G0 X124.295 Y115.491
G1 F812.3 X124.622 Y114.879 E550.79626
G1 F807.6 X124.98 Y114.302 E550.83488
G0 F9000 X124.658 Y114.087
G0 X125.753 Y113.069
G0 X126.413 Y112.632
G0 X126.751 Y112.469
G0 X128.38 Y111.909
G0 X128.455 Y112.291
G1 F807.6 X129.147 Y112.272 E550.87425
G1 F811.1 X129.834 Y112.293 E550.91317
G0 F9000 X129.858 Y111.904
G0 X131.28 Y112.34
G0 X131.941 Y112.661
G0 X132.429 Y112.991
G0 X133.641 Y114.091
G0 X133.317 Y114.305
G1 F809.9 X133.667 Y114.872 E550.95096
G1 X133.999 Y115.491 E550.99079
G0 F9000 X133.663 Y115.685
G0 X134.416 Y117.5
G0 X133.668 Y119.308
G0 X134 Y119.501
G1 F812.3 X133.671 Y120.116 E551.03023
G1 X133.318 Y120.687 E551.06818
G0 F9000 X132.983 Y120.492
G0 X131.783 Y122.06
G0 X129.833 Y122.314
G0 X129.833 Y122.704
G1 F811.1 X129.148 Y122.725 E551.10699
G1 X128.455 Y122.704 E551.14625
G1 F2700 E546.14625
;MESH:NONMESH
G0 F300 X128.455 Y122.704 Z6.8
G0 F9000 X128.43 Y123.091
G0 X125.546 Y122.189
G0 X124.826 Y123.012
G0 X107.179 Y121.418
G0 X106.569 Y120.51
G0 X104.835 Y120.494
G0 X104.832 Y120.95
;TIME_ELAPSED:958.763612
;LAYER:33
;note -- min layer time used
;TYPE:WALL-INNER
;MESH:FT10-Input Crank.stl
G1 F2700 E551.14625
G1 F1407.6 X105.287 Y120.923 E551.16141
G1 X105.732 Y120.835 E551.1765
G1 X106.148 Y120.692 E551.19113
G1 X106.555 Y120.491 E551.20622
G1 X106.932 Y120.239 E551.22131
G1 X107.269 Y119.939 E551.23631
G1 X107.57 Y119.598 E551.25144
G1 X107.819 Y119.223 E551.26641
G1 X108.021 Y118.815 E551.28156
G1 X108.167 Y118.394 E551.29638
G1 X108.255 Y117.954 E551.3113
G1 X108.282 Y117.5 E551.32643
G1 X108.255 Y117.045 E551.34159
G1 X108.167 Y116.602 E551.35661
G1 X108.021 Y116.181 E551.37143
G1 X107.819 Y115.773 E551.38657
G1 X107.57 Y115.398 E551.40154
G1 X107.27 Y115.058 E551.41663
G1 X106.93 Y114.758 E551.43171
G1 X106.555 Y114.509 E551.44668
G1 X106.149 Y114.308 E551.46175
G1 X105.728 Y114.165 E551.47653
G1 X105.283 Y114.077 E551.49162
G1 X104.829 Y114.046 E551.50676
G1 X104.373 Y114.073 E551.52195
G1 X103.931 Y114.161 E551.53694
G1 X103.512 Y114.307 E551.5517
G1 X103.104 Y114.506 E551.5668
G1 X102.728 Y114.757 E551.58183
G1 X102.389 Y115.058 E551.59691
G1 X102.089 Y115.396 E551.61194
G1 X101.837 Y115.773 E551.62702
G1 X101.636 Y116.179 E551.64209
G1 X101.493 Y116.6 E551.65688
G1 X101.405 Y117.042 E551.67187
G1 X101.378 Y117.499 E551.6871
G1 X101.405 Y117.955 E551.70229
G1 X101.493 Y118.4 E551.71738
G1 X101.636 Y118.817 E551.73204
G1 X101.837 Y119.226 E551.7472
G1 X102.091 Y119.603 E551.76232
G1 X102.386 Y119.935 E551.77709
G1 X102.728 Y120.239 E551.79231
G1 X103.104 Y120.49 E551.80734
G1 X103.511 Y120.688 E551.8224
G1 X103.934 Y120.835 E551.83729
G1 X104.377 Y120.923 E551.85231
G1 X104.832 Y120.95 E551.86747
G0 F9000 X104.832 Y121.351
;TYPE:WALL-OUTER
G1 F1407.6 X105.338 Y121.321 E551.88433
G1 X105.836 Y121.222 E551.90122
G1 X106.302 Y121.062 E551.91761
G1 X106.755 Y120.838 E551.93442
G1 X107.177 Y120.557 E551.95128
G1 X107.553 Y120.222 E551.96803
G1 X107.888 Y119.842 E551.98488
G1 X108.166 Y119.423 E552.0016
G1 X108.391 Y118.97 E552.01842
G1 X108.554 Y118.499 E552.035
G1 X108.653 Y118.006 E552.05173
G1 X108.683 Y117.5 E552.06858
G1 X108.653 Y116.994 E552.08544
G1 X108.554 Y116.497 E552.1023
G1 X108.391 Y116.026 E552.11888
G1 X108.166 Y115.573 E552.1357
G1 X107.888 Y115.154 E552.15242
G1 X107.554 Y114.774 E552.16925
G1 X107.174 Y114.44 E552.18608
G1 X106.755 Y114.162 E552.2028
G1 X106.303 Y113.938 E552.21958
G1 X105.832 Y113.778 E552.23613
G1 X105.337 Y113.679 E552.25292
G1 X104.831 Y113.645 E552.26978
G1 X104.322 Y113.675 E552.28674
G1 X103.825 Y113.774 E552.3036
G1 X103.358 Y113.937 E552.32005
G1 X102.904 Y114.158 E552.33684
G1 X102.483 Y114.439 E552.35368
G1 X102.106 Y114.774 E552.37045
G1 X101.771 Y115.151 E552.38723
G1 X101.49 Y115.573 E552.40409
G1 X101.266 Y116.025 E552.42087
G1 X101.106 Y116.496 E552.43741
G1 X101.007 Y116.99 E552.45417
G1 X100.977 Y117.499 E552.47113
G1 X101.007 Y118.006 E552.48802
G1 X101.106 Y118.504 E552.50491
G1 X101.266 Y118.971 E552.52133
G1 X101.49 Y119.427 E552.53822
G1 X101.775 Y119.849 E552.55516
G1 X102.102 Y120.218 E552.57156
G1 X102.483 Y120.557 E552.58852
G1 X102.904 Y120.838 E552.60536
G1 X103.357 Y121.058 E552.62211
G1 X103.829 Y121.222 E552.63873
G1 X104.326 Y121.321 E552.65558
G1 X104.832 Y121.351 E552.67244
G0 F9000 X104.833 Y120.644
G0 X103.771 Y120.452
G0 X103.697 Y120.667
;TYPE:FILL
G1 F1407.6 X101.654 Y118.625 E552.76851
G0 F9000 X101.874 Y118.551
G0 X101.873 Y116.45
G0 X101.654 Y116.375
G1 F1407.6 X103.705 Y114.324 E552.86499
G0 F9000 X103.223 Y114.537
G1 F1407.6 X107.789 Y119.103 E553.07976
G0 F9000 X107.588 Y119.003
G0 X107.587 Y115.996
G0 X107.79 Y115.896
G1 F1407.6 X103.226 Y120.461 E553.29446
G0 F9000 X103.46 Y119.987
G1 F2700 E548.29446
G0 F9000 X107.705 Y119.71
G0 X108.615 Y120.317
G0 X122.173 Y117.992
G0 X126.654 Y122.216
;TYPE:WALL-INNER
G1 F2700 E553.29446
G1 F1421.8 X126.44 Y122.113 E553.30228
G1 X126.253 Y121.916 E553.31122
G1 F1411.1 X123.814 Y117.698 E553.47287
G1 F1421.8 X123.797 Y117.46 E553.48073
G1 X123.873 Y117.2 E553.48965
G1 F1407.6 X126.313 Y112.978 E553.65184
G1 F1414.7 X126.507 Y112.848 E553.65956
G1 F1418.2 X126.772 Y112.785 E553.66856
G1 F1411.1 X131.524 Y112.785 E553.82621
G1 F1421.8 X131.788 Y112.847 E553.83514
G1 X131.983 Y112.979 E553.8429
G1 F1411.1 X134.423 Y117.2 E554.00465
G1 F1421.8 X134.498 Y117.46 E554.01356
G1 F1425.4 X134.485 Y117.695 E554.02129
G1 F1414.7 X132.043 Y121.917 E554.1827
G1 F1421.8 X131.857 Y122.112 E554.19158
G1 X131.65 Y122.215 E554.19919
G1 F1414.7 X126.654 Y122.216 E554.36453
G1 F2700 E549.36453
G0 F9000 X129.148 Y122.395
G0 X129.105 Y123.054
G0 X129.148 Y123.238
G1 F2700 E554.36453
G1 F1407.6 X129.901 Y123.191 E554.38962
G1 X130.639 Y123.043 E554.41465
G1 X131.342 Y122.805 E554.43934
G1 F1414.7 X132.021 Y122.474 E554.46434
G1 X132.642 Y122.055 E554.48913
G1 F1407.6 X133.206 Y121.558 E554.51413
G1 X133.702 Y120.994 E554.53911
G1 X134.119 Y120.367 E554.56416
G1 X134.453 Y119.692 E554.58921
G1 X134.694 Y118.991 E554.61386
G1 X134.839 Y118.249 E554.63901
G1 F1421.8 X134.894 Y117.5 E554.66374
G1 X134.839 Y116.747 E554.6886
G1 F1407.6 X134.695 Y116.009 E554.71361
G1 X134.453 Y115.304 E554.7384
G1 X134.119 Y114.628 E554.76348
G1 X133.702 Y114.002 E554.78849
G1 X133.206 Y113.438 E554.81347
G1 X132.641 Y112.941 E554.8385
G1 F1414.7 X132.021 Y112.524 E554.86323
G1 X131.341 Y112.192 E554.88827
G1 F1407.6 X130.639 Y111.953 E554.91294
G1 X129.901 Y111.805 E554.93797
G1 X129.148 Y111.758 E554.96306
G1 X128.395 Y111.805 E554.98816
G1 X127.657 Y111.953 E555.01319
G1 X126.954 Y112.192 E555.03789
G1 F1414.7 X126.275 Y112.524 E555.0629
G1 X125.655 Y112.941 E555.08763
G1 F1407.6 X125.09 Y113.438 E555.11266
G1 X124.594 Y114.002 E555.13764
G1 X124.178 Y114.629 E555.16266
G1 X123.843 Y115.304 E555.18773
G1 X123.601 Y116.009 E555.21252
G1 X123.457 Y116.747 E555.23753
G1 F1421.8 X123.402 Y117.5 E555.26239
G1 X123.457 Y118.249 E555.28712
G1 F1407.6 X123.601 Y118.991 E555.31226
G1 X123.843 Y119.692 E555.33692
G1 X124.177 Y120.367 E555.36197
G1 X124.593 Y120.994 E555.387
G1 X125.09 Y121.558 E555.412
G1 X125.655 Y122.054 E555.43701
G1 F1418.2 X126.287 Y122.479 E555.46215
G1 X126.954 Y122.805 E555.48666
G1 F1407.6 X127.657 Y123.043 E555.51134
G1 X128.395 Y123.191 E555.53638
G1 X129.148 Y123.238 E555.56147
G0 F9000 X129.148 Y123.639
;TYPE:WALL-OUTER
G1 F1407.6 X129.953 Y123.589 E555.5883
G1 X130.743 Y123.43 E555.6151
G1 X131.495 Y123.175 E555.64151
G1 X132.219 Y122.818 E555.66836
G1 X132.886 Y122.373 E555.69503
G1 X133.49 Y121.842 E555.72177
G1 X134.02 Y121.238 E555.7485
G1 X134.466 Y120.567 E555.7753
G1 X134.823 Y119.846 E555.80206
G1 X135.082 Y119.095 E555.82848
G1 X135.237 Y118.301 E555.85539
G1 X135.291 Y117.5 E555.88209
G1 X135.237 Y116.695 E555.90892
G1 X135.082 Y115.905 E555.9357
G1 X134.823 Y115.15 E555.96225
G1 X134.466 Y114.428 E555.98904
G1 X134.02 Y113.758 E556.01581
G1 X133.49 Y113.154 E556.04253
G1 X132.885 Y112.623 E556.06931
G1 X132.22 Y112.178 E556.09592
G1 X131.495 Y111.822 E556.12278
G1 X130.743 Y111.566 E556.14921
G1 X129.953 Y111.407 E556.17601
G1 X129.148 Y111.357 E556.20283
G1 X128.343 Y111.407 E556.22966
G1 X127.553 Y111.566 E556.25646
G1 X126.801 Y111.822 E556.28288
G1 X126.076 Y112.178 E556.30975
G1 X125.411 Y112.623 E556.33636
G1 X124.806 Y113.154 E556.36313
G1 X124.276 Y113.758 E556.38986
G1 X123.83 Y114.429 E556.41666
G1 X123.473 Y115.15 E556.44342
G1 X123.214 Y115.905 E556.46997
G1 X123.059 Y116.695 E556.49674
G1 X123.005 Y117.5 E556.52358
G1 X123.059 Y118.301 E556.55028
G1 X123.214 Y119.095 E556.57719
G1 X123.473 Y119.846 E556.60361
G1 X123.83 Y120.567 E556.63037
G1 X124.275 Y121.238 E556.65715
G1 X124.806 Y121.842 E556.68389
G1 X125.411 Y122.372 E556.71065
G1 X126.077 Y122.818 E556.73731
G1 X126.801 Y123.175 E556.76415
G1 X127.553 Y123.43 E556.79057
G1 X128.343 Y123.589 E556.81737
G1 X129.148 Y123.639 E556.84419
G1 F2700 E551.84419
G0 F9000 X129.149 Y123.333
G0 X127.699 Y122.887
G0 X126.999 Y122.61
G0 X126.734 Y121.816
G1 F2700 E556.84419
G1 F1407.6 X126.599 Y121.717 E556.84976
G1 X124.198 Y117.564 E557.00931
G1 X124.218 Y117.399 E557.01484
G1 X126.617 Y113.25 E557.17425
G1 X126.772 Y113.184 E557.17985
G1 X131.524 Y113.184 E557.3379
G1 X131.678 Y113.25 E557.34347
G1 X134.077 Y117.4 E557.50291
G1 X134.099 Y117.565 E557.50844
G1 X131.698 Y121.717 E557.66797
G1 X131.566 Y121.816 E557.67345
G1 X126.734 Y121.816 E557.83417
G1 F2700 E552.83417
G0 F9000 X126.734 Y122.126
G0 X125.239 Y120.561
G0 X124.811 Y120.939
G0 X124.974 Y120.686
;TYPE:SKIN
G1 F2700 E557.83417
G1 F826.8 X124.621 Y120.117 E557.87208
G1 F830.4 X124.294 Y119.502 E557.91135
G0 F9000 X123.927 Y119.627
G0 X123.617 Y118.234
G0 X123.565 Y117.43
G0 X123.594 Y117.055
G0 X123.929 Y115.365
G0 X124.295 Y115.491
G1 F828 X124.622 Y114.879 E557.95059
G1 F823.2 X124.98 Y114.302 E557.98921
G0 F9000 X124.658 Y114.087
G0 X125.753 Y113.069
G0 X126.413 Y112.632
G0 X126.751 Y112.469
G0 X128.38 Y111.909
G0 X128.455 Y112.291
G1 F823.2 X129.147 Y112.272 E558.02858
G1 F826.8 X129.834 Y112.293 E558.0675
G0 F9000 X129.858 Y111.904
G0 X131.28 Y112.34
G0 X131.941 Y112.661
G0 X132.429 Y112.991
G0 X133.641 Y114.091
G0 X133.317 Y114.305
G1 F825.6 X133.667 Y114.872 E558.10528
G1 X133.999 Y115.491 E558.14512
G0 F9000 X133.663 Y115.685
G0 X134.416 Y117.5
G0 X133.668 Y119.308
G0 X134 Y119.501
G1 F828 X133.671 Y120.116 E558.18455
G1 X133.318 Y120.687 E558.22251
G0 F9000 X132.983 Y120.492
G0 X131.783 Y122.06
G0 X129.833 Y122.314
G0 X129.833 Y122.704
G1 F826.8 X129.148 Y122.725 E558.26132
G1 X128.455 Y122.704 E558.30058
G1 F2700 E553.30058
;MESH:NONMESH
G0 F300 X128.455 Y122.704 Z7
G0 F9000 X128.43 Y123.091
G0 X125.546 Y122.189
G0 X124.826 Y123.012
G0 X107.762 Y121.197
G0 X107.038 Y120.377
G0 X104.834 Y120.644
G0 X104.832 Y121.102
;TIME_ELAPSED:974.133494
;LAYER:34
;note -- min layer time used
;TYPE:WALL-INNER
;MESH:FT10-Input Crank.stl
G1 F2700 E558.30058
G1 F1433.5 X105.305 Y121.071 E558.31634
G1 X105.766 Y120.979 E558.33198
G1 X106.205 Y120.828 E558.34742
G1 X106.632 Y120.618 E558.36324
G1 X107.026 Y120.358 E558.37895
G1 X107.377 Y120.047 E558.39454
G1 X107.69 Y119.69 E558.41033
G1 X107.95 Y119.299 E558.42595
G1 X108.16 Y118.873 E558.44175
G1 X108.311 Y118.434 E558.45719
G1 X108.403 Y117.973 E558.47282
G1 X108.434 Y117.5 E558.48859
G1 X108.403 Y117.027 E558.50436
G1 X108.311 Y116.561 E558.52015
G1 X108.16 Y116.123 E558.53556
G1 X107.951 Y115.697 E558.55135
G1 X107.69 Y115.306 E558.56698
G1 X107.379 Y114.951 E558.58268
G1 X107.02 Y114.643 E558.59841
G1 X106.63 Y114.377 E558.61411
G1 X106.205 Y114.168 E558.62987
G1 X105.767 Y114.017 E558.64528
G1 X105.301 Y113.925 E558.66107
G1 X104.831 Y113.894 E558.67674
G1 X104.355 Y113.925 E558.69261
G1 X103.893 Y114.017 E558.70827
G1 X103.455 Y114.168 E558.72368
G1 X103.027 Y114.378 E558.73954
G1 X102.634 Y114.638 E558.75521
G1 X102.283 Y114.949 E558.77081
G1 X101.97 Y115.306 E558.7866
G1 X101.709 Y115.698 E558.80226
G1 X101.496 Y116.123 E558.81808
G1 X101.35 Y116.559 E558.83337
G1 X101.257 Y117.027 E558.84924
G1 X101.226 Y117.501 E558.86504
G1 X101.257 Y117.973 E558.88077
G1 X101.349 Y118.44 E558.8966
G1 X101.496 Y118.872 E558.91178
G1 X101.709 Y119.299 E558.92765
G1 X101.97 Y119.694 E558.9434
G1 X102.281 Y120.045 E558.95899
G1 X102.638 Y120.358 E558.97479
G1 X103.029 Y120.618 E558.9904
G1 X103.455 Y120.828 E559.0062
G1 X103.893 Y120.979 E559.02161
G1 X104.359 Y121.071 E559.03741
G1 X104.832 Y121.102 E559.05317
G0 F9000 X104.832 Y121.503
;TYPE:WALL-OUTER
G1 F1433.5 X105.357 Y121.469 E559.07067
G1 X105.871 Y121.366 E559.08811
G1 X106.359 Y121.198 E559.10527
G1 X106.832 Y120.966 E559.1228
G1 X107.27 Y120.676 E559.14027
G1 X107.661 Y120.33 E559.15763
G1 X108.008 Y119.934 E559.17514
G1 X108.298 Y119.499 E559.19253
G1 X108.53 Y119.027 E559.21003
G1 X108.698 Y118.539 E559.22719
G1 X108.801 Y118.025 E559.24463
G1 X108.835 Y117.5 E559.26213
G1 X108.801 Y116.975 E559.27962
G1 X108.698 Y116.457 E559.29719
G1 X108.53 Y115.969 E559.31436
G1 X108.298 Y115.497 E559.33185
G1 X108.008 Y115.062 E559.34924
G1 X107.662 Y114.667 E559.3667
G1 X107.265 Y114.324 E559.38415
G1 X106.831 Y114.03 E559.40159
G1 X106.359 Y113.798 E559.41908
G1 X105.871 Y113.63 E559.43625
G1 X105.353 Y113.527 E559.45381
G1 X104.831 Y113.493 E559.47121
G1 X104.303 Y113.527 E559.48881
G1 X103.789 Y113.63 E559.50624
G1 X103.301 Y113.798 E559.52341
G1 X102.828 Y114.03 E559.54093
G1 X102.39 Y114.32 E559.5584
G1 X101.999 Y114.666 E559.57577
G1 X101.652 Y115.062 E559.59328
G1 X101.362 Y115.497 E559.61067
G1 X101.126 Y115.969 E559.62822
G1 X100.962 Y116.456 E559.64531
G1 X100.859 Y116.975 E559.66291
G1 X100.825 Y117.501 E559.68044
G1 X100.859 Y118.025 E559.69791
G1 X100.962 Y118.544 E559.71551
G1 X101.126 Y119.026 E559.73244
G1 X101.362 Y119.499 E559.75002
G1 X101.652 Y119.938 E559.76752
G1 X101.998 Y120.329 E559.78489
G1 X102.394 Y120.676 E559.8024
G1 X102.829 Y120.966 E559.81979
G1 X103.301 Y121.198 E559.83728
G1 X103.789 Y121.366 E559.85445
G1 X104.307 Y121.469 E559.87201
G1 X104.832 Y121.503 E559.88951
G0 F9000 X104.833 Y120.794
G0 X103.979 Y120.681
G0 X103.934 Y120.905
;TYPE:FILL
G1 F1433.5 X101.422 Y118.392 E560.00769
G0 F9000 X101.648 Y118.348
G0 X101.647 Y116.653
G0 X101.422 Y116.608
G1 F1433.5 X103.94 Y114.089 E560.12615
G0 F9000 X103.112 Y114.426
G1 F1433.5 X107.902 Y119.216 E560.35146
G0 F9000 X107.7 Y119.116
G0 X107.699 Y115.883
G0 X107.903 Y115.783
G1 F1433.5 X103.115 Y120.572 E560.5767
G0 F9000 X103.348 Y120.098
G1 F2700 E555.5767
G0 F9000 X107.824 Y119.802
G0 X108.734 Y120.409
G0 X122.173 Y117.992
G0 X126.654 Y122.216
;TYPE:WALL-INNER
G1 F2700 E560.5767
G1 F1448 X126.44 Y122.113 E560.58452
G1 X126.253 Y121.916 E560.59346
G1 F1437.1 X123.814 Y117.698 E560.75511
G1 F1448 X123.797 Y117.46 E560.76297
G1 X123.873 Y117.2 E560.77189
G1 F1433.5 X126.313 Y112.978 E560.93408
G1 F1440.7 X126.507 Y112.848 E560.9418
G1 F1444.4 X126.772 Y112.785 E560.9508
G1 F1437.1 X131.524 Y112.785 E561.10845
G1 F1448 X131.788 Y112.847 E561.11738
G1 X131.983 Y112.979 E561.12514
G1 F1437.1 X134.423 Y117.2 E561.28689
G1 F1448 X134.498 Y117.46 E561.2958
G1 F1451.7 X134.485 Y117.695 E561.30353
G1 F1440.7 X132.043 Y121.917 E561.46494
G1 F1448 X131.857 Y122.112 E561.47382
G1 X131.65 Y122.215 E561.48143
G1 F1440.7 X126.654 Y122.216 E561.64676
G1 F2700 E556.64676
G0 F9000 X129.148 Y122.395
G0 X129.105 Y123.054
G0 X129.148 Y123.238
G1 F2700 E561.64676
G1 F1433.5 X129.901 Y123.191 E561.67186
G1 X130.639 Y123.043 E561.69689
G1 X131.342 Y122.805 E561.72158
G1 F1440.7 X132.021 Y122.474 E561.74658
G1 X132.642 Y122.055 E561.77137
G1 F1433.5 X133.206 Y121.558 E561.79637
G1 X133.702 Y120.994 E561.82135
G1 X134.119 Y120.367 E561.8464
G1 X134.453 Y119.692 E561.87145
G1 X134.694 Y118.991 E561.8961
G1 X134.839 Y118.249 E561.92125
G1 F1448 X134.894 Y117.5 E561.94598
G1 X134.839 Y116.747 E561.97084
G1 F1433.5 X134.695 Y116.009 E561.99585
G1 X134.453 Y115.304 E562.02064
G1 X134.119 Y114.628 E562.04572
G1 X133.702 Y114.002 E562.07073
G1 X133.206 Y113.438 E562.09571
G1 X132.641 Y112.941 E562.12074
G1 F1440.7 X132.021 Y112.524 E562.14547
G1 X131.341 Y112.192 E562.17051
G1 F1433.5 X130.639 Y111.953 E562.19518
G1 X129.901 Y111.805 E562.22021
G1 X129.148 Y111.758 E562.2453
G1 X128.395 Y111.805 E562.2704
G1 X127.657 Y111.953 E562.29543
G1 X126.954 Y112.192 E562.32013
G1 F1440.7 X126.275 Y112.524 E562.34514
G1 X125.655 Y112.941 E562.36987
G1 F1433.5 X125.09 Y113.438 E562.3949
G1 X124.594 Y114.002 E562.41988
G1 X124.178 Y114.629 E562.4449
G1 X123.843 Y115.304 E562.46997
G1 X123.601 Y116.009 E562.49476
G1 X123.457 Y116.747 E562.51977
G1 F1448 X123.402 Y117.5 E562.54463
G1 X123.457 Y118.249 E562.56936
G1 F1433.5 X123.601 Y118.991 E562.5945
G1 X123.843 Y119.692 E562.61916
G1 X124.177 Y120.367 E562.64421
G1 X124.593 Y120.994 E562.66924
G1 X125.09 Y121.558 E562.69424
G1 X125.655 Y122.054 E562.71925
G1 F1444.4 X126.287 Y122.479 E562.74439
G1 X126.954 Y122.805 E562.7689
G1 F1433.5 X127.657 Y123.043 E562.79358
G1 X128.395 Y123.191 E562.81862
G1 X129.148 Y123.238 E562.84371
G0 F9000 X129.148 Y123.639
;TYPE:WALL-OUTER
G1 F1433.5 X129.953 Y123.589 E562.87054
G1 X130.743 Y123.43 E562.89734
G1 X131.495 Y123.175 E562.92375
G1 X132.219 Y122.818 E562.9506
G1 X132.886 Y122.373 E562.97727
G1 X133.49 Y121.842 E563.00401
G1 X134.02 Y121.238 E563.03074
G1 X134.466 Y120.567 E563.05754
G1 X134.823 Y119.846 E563.0843
G1 X135.082 Y119.095 E563.11072
G1 X135.237 Y118.301 E563.13763
G1 X135.291 Y117.5 E563.16433
G1 X135.237 Y116.695 E563.19116
G1 X135.082 Y115.905 E563.21794
G1 X134.823 Y115.15 E563.24449
G1 X134.466 Y114.428 E563.27128
G1 X134.02 Y113.758 E563.29805
G1 X133.49 Y113.154 E563.32477
G1 X132.885 Y112.623 E563.35155
G1 X132.22 Y112.178 E563.37816
G1 X131.495 Y111.822 E563.40502
G1 X130.743 Y111.566 E563.43145
G1 X129.953 Y111.407 E563.45825
G1 X129.148 Y111.357 E563.48507
G1 X128.343 Y111.407 E563.5119
G1 X127.553 Y111.566 E563.5387
G1 X126.801 Y111.822 E563.56512
G1 X126.076 Y112.178 E563.59199
G1 X125.411 Y112.623 E563.6186
G1 X124.806 Y113.154 E563.64537
G1 X124.276 Y113.758 E563.6721
G1 X123.83 Y114.429 E563.6989
G1 X123.473 Y115.15 E563.72566
G1 X123.214 Y115.905 E563.75221
G1 X123.059 Y116.695 E563.77898
G1 X123.005 Y117.5 E563.80582
G1 X123.059 Y118.301 E563.83252
G1 X123.214 Y119.095 E563.85943
G1 X123.473 Y119.846 E563.88585
G1 X123.83 Y120.567 E563.91261
G1 X124.275 Y121.238 E563.93939
G1 X124.806 Y121.842 E563.96613
G1 X125.411 Y122.372 E563.99289
G1 X126.077 Y122.818 E564.01955
G1 X126.801 Y123.175 E564.04639
G1 X127.553 Y123.43 E564.07281
G1 X128.343 Y123.589 E564.09961
G1 X129.148 Y123.639 E564.12643
G1 F2700 E559.12643
G0 F9000 X129.149 Y123.333
G0 X127.699 Y122.887
G0 X126.999 Y122.61
G0 X126.734 Y121.816
G1 F2700 E564.12643
G1 F1433.5 X126.599 Y121.717 E564.132
G1 X124.198 Y117.564 E564.29155
G1 X124.218 Y117.399 E564.29708
G1 X126.617 Y113.25 E564.45649
G1 X126.772 Y113.184 E564.46209
G1 X131.524 Y113.184 E564.62014
G1 X131.678 Y113.25 E564.62571
G1 X134.077 Y117.4 E564.78515
G1 X134.099 Y117.565 E564.79068
G1 X131.698 Y121.717 E564.95021
G1 X131.566 Y121.816 E564.95569
G1 X126.734 Y121.816 E565.11641
G1 F2700 E560.11641
G0 F9000 X126.734 Y122.126
G0 X125.239 Y120.561
G0 X124.811 Y120.939
G0 X124.974 Y120.686
;TYPE:SKIN
G1 F2700 E565.11641
G1 F842 X124.621 Y120.117 E565.15432
G1 F845.7 X124.294 Y119.502 E565.19359
G0 F9000 X123.927 Y119.627
G0 X123.617 Y118.234
G0 X123.565 Y117.43
G0 X123.594 Y117.055
G0 X123.929 Y115.365
G0 X124.295 Y115.491
G1 F843.3 X124.622 Y114.879 E565.23283
G1 F838.3 X124.98 Y114.302 E565.27145
G0 F9000 X124.658 Y114.087
G0 X125.753 Y113.069
G0 X126.413 Y112.632
G0 X126.751 Y112.469
G0 X128.38 Y111.909
G0 X128.455 Y112.291
G1 F838.3 X129.147 Y112.272 E565.31082
G1 F842 X129.834 Y112.293 E565.34974
G0 F9000 X129.858 Y111.904
G0 X131.28 Y112.34
G0 X131.941 Y112.661
G0 X132.429 Y112.991
G0 X133.641 Y114.091
G0 X133.317 Y114.305
G1 F840.8 X133.667 Y114.872 E565.38752
G1 X133.999 Y115.491 E565.42736
G0 F9000 X133.663 Y115.685
G0 X134.416 Y117.5
G0 X133.668 Y119.308
G0 X134 Y119.501
G1 F843.3 X133.671 Y120.116 E565.46679
G1 X133.318 Y120.687 E565.50475
G0 F9000 X132.983 Y120.492
G0 X131.783 Y122.06
G0 X129.833 Y122.314
G0 X129.833 Y122.704
G1 F842 X129.148 Y122.725 E565.54356
G1 X128.455 Y122.704 E565.58282
G1 F2700 E560.58282
;MESH:NONMESH
G0 F300 X128.455 Y122.704 Z7.2
G0 F9000 X128.43 Y123.091
G0 X125.546 Y122.189
G0 X124.826 Y123.012
G0 X107.855 Y121.315
G0 X107.13 Y120.496
G0 X104.834 Y120.794
G0 X104.835 Y121.25
;TIME_ELAPSED:989.523416
;LAYER:35
;note -- min layer time used
;TYPE:WALL-INNER
;MESH:FT10-Input Crank.stl
G1 F2700 E565.58282
G1 F600 X105.328 Y121.223 E565.59924
G1 X105.806 Y121.127 E565.61545
G1 X106.264 Y120.969 E565.63157
G1 X106.708 Y120.75 E565.64803
G1 X107.118 Y120.478 E565.6644
G1 X107.485 Y120.155 E565.68066
G1 X107.81 Y119.782 E565.69711
G1 X108.083 Y119.375 E565.71341
G1 X108.3 Y118.934 E565.72976
G1 X108.455 Y118.476 E565.74584
G1 X108.551 Y117.994 E565.76219
G1 X108.581 Y117.501 E565.77862
G1 X108.551 Y117.006 E565.79511
G1 X108.455 Y116.52 E565.81159
G1 X108.3 Y116.066 E565.82754
G1 X108.082 Y115.62 E565.84406
G1 X107.811 Y115.215 E565.86026
G1 X107.487 Y114.847 E565.87657
G1 X107.113 Y114.521 E565.89307
G1 X106.705 Y114.244 E565.90947
G1 X106.266 Y114.028 E565.92575
G1 X105.808 Y113.873 E565.94183
G1 X105.322 Y113.777 E565.95831
G1 X104.83 Y113.747 E565.9747
G1 X104.334 Y113.777 E565.99123
G1 X103.852 Y113.873 E566.00757
G1 X103.394 Y114.028 E566.02366
G1 X102.952 Y114.246 E566.04005
G1 X102.542 Y114.518 E566.05641
G1 X102.175 Y114.841 E566.07267
G1 X101.85 Y115.214 E566.08913
G1 X101.577 Y115.621 E566.10543
G1 X101.36 Y116.062 E566.12177
G1 X101.205 Y116.52 E566.13786
G1 X101.109 Y117.002 E566.1542
G1 X101.078 Y117.501 E566.17083
G1 X101.109 Y117.994 E566.18726
G1 X101.205 Y118.476 E566.20361
G1 X101.36 Y118.934 E566.21969
G1 X101.578 Y119.376 E566.23608
G1 X101.849 Y119.785 E566.2524
G1 X102.176 Y120.153 E566.26877
G1 X102.546 Y120.478 E566.28515
G1 X102.957 Y120.751 E566.30156
G1 X103.395 Y120.968 E566.31782
G1 X103.852 Y121.122 E566.33386
G1 X104.338 Y121.219 E566.35034
G1 X104.835 Y121.25 E566.36691
G0 F9000 X104.833 Y121.651
;TYPE:WALL-OUTER
G1 F600 X105.378 Y121.621 E566.38506
G1 X105.911 Y121.514 E566.40314
G1 X106.418 Y121.339 E566.42098
G1 X106.908 Y121.098 E566.43914
G1 X107.362 Y120.796 E566.45728
G1 X107.769 Y120.438 E566.47531
G1 X108.128 Y120.026 E566.49348
G1 X108.43 Y119.575 E566.51154
G1 X108.67 Y119.087 E566.52962
G1 X108.842 Y118.58 E566.54743
G1 X108.949 Y118.046 E566.56554
G1 X108.983 Y117.501 E566.58371
G1 X108.949 Y116.954 E566.60194
G1 X108.842 Y116.416 E566.62018
G1 X108.67 Y115.913 E566.63786
G1 X108.43 Y115.42 E566.6561
G1 X108.129 Y114.971 E566.67408
G1 X107.77 Y114.563 E566.69215
G1 X107.357 Y114.203 E566.71037
G1 X106.907 Y113.898 E566.72846
G1 X106.419 Y113.658 E566.74654
G1 X105.912 Y113.486 E566.76435
G1 X105.374 Y113.379 E566.78259
G1 X104.831 Y113.345 E566.80069
G1 X104.282 Y113.379 E566.81898
G1 X103.748 Y113.486 E566.8371
G1 X103.241 Y113.658 E566.85491
G1 X102.752 Y113.898 E566.87302
G1 X102.298 Y114.2 E566.89116
G1 X101.891 Y114.558 E566.90919
G1 X101.532 Y114.97 E566.92736
G1 X101.23 Y115.421 E566.94542
G1 X100.99 Y115.909 E566.9635
G1 X100.818 Y116.416 E566.98131
G1 X100.711 Y116.95 E566.99942
G1 X100.677 Y117.501 E567.01779
G1 X100.711 Y118.046 E567.03595
G1 X100.818 Y118.58 E567.05406
G1 X100.99 Y119.087 E567.07187
G1 X101.23 Y119.576 E567.08999
G1 X101.531 Y120.029 E567.10808
G1 X101.894 Y120.437 E567.12624
G1 X102.302 Y120.796 E567.14431
G1 X102.757 Y121.098 E567.16248
G1 X103.241 Y121.338 E567.18045
G1 X103.748 Y121.51 E567.19825
G1 X104.286 Y121.617 E567.2165
G1 X104.833 Y121.651 E567.23473
G0 F9000 X104.124 Y121.095
;TYPE:FILL
G1 F600 X101.233 Y118.204 E567.37071
G0 F9000 X101.458 Y118.161
G0 X101.456 Y116.843
G0 X101.232 Y116.798
G1 F600 X104.131 Y113.899 E567.50707
G0 F9000 X104.175 Y114.125
G0 X103.108 Y114.514
G0 X102.999 Y114.313
G1 F600 X108.016 Y119.33 E567.74305
G0 F9000 X107.819 Y119.217
G0 X107.819 Y115.783
G0 X108.017 Y115.669
G1 F600 X103.003 Y120.683 E567.9789
G0 F9000 X103.26 Y120.224
;MESH:NONMESH
G0 F300 X103.26 Y120.224 Z7.4
G0 F9000 X104.834 Y120.945
G0 X104.832 Y121.402
;TIME_ELAPSED:997.765061
;LAYER:36
;note -- min layer time used
;TYPE:WALL-INNER
;MESH:FT10-Input Crank.stl
G1 F600 X105.346 Y121.371 E567.99602
G1 X105.847 Y121.271 E568.01302
G1 X106.322 Y121.108 E568.02972
G1 X106.784 Y120.882 E568.04682
G1 X107.208 Y120.6 E568.06376
G1 X107.588 Y120.26 E568.08072
G1 X107.926 Y119.874 E568.09779
G1 X108.211 Y119.449 E568.11481
G1 X108.441 Y118.988 E568.13194
G1 X108.603 Y118.515 E568.14857
G1 X108.703 Y118.01 E568.16569
G1 X108.734 Y117.499 E568.18272
G1 X108.703 Y116.986 E568.19981
G1 X108.603 Y116.485 E568.21681
G1 X108.44 Y116.008 E568.23357
G1 X108.212 Y115.547 E568.25068
G1 X107.926 Y115.125 E568.26763
G1 X107.59 Y114.738 E568.28468
G1 X107.205 Y114.401 E568.3017
G1 X106.782 Y114.116 E568.31866
G1 X106.322 Y113.888 E568.33574
G1 X105.849 Y113.73 E568.35232
G1 X105.34 Y113.629 E568.36958
G1 X104.829 Y113.594 E568.38662
G1 X104.317 Y113.625 E568.40368
G1 X103.813 Y113.725 E568.42077
G1 X103.34 Y113.887 E568.4374
G1 X102.879 Y114.117 E568.45453
G1 X102.455 Y114.401 E568.47151
G1 X102.069 Y114.739 E568.48857
G1 X101.728 Y115.124 E568.50568
G1 X101.445 Y115.545 E568.52255
G1 X101.22 Y116.006 E568.53961
G1 X101.057 Y116.481 E568.55631
G1 X100.957 Y116.986 E568.57344
G1 X100.926 Y117.5 E568.59056
G1 X100.957 Y118.014 E568.60769
G1 X101.057 Y118.515 E568.62468
G1 X101.22 Y118.99 E568.64138
G1 X101.446 Y119.452 E568.65849
G1 X101.728 Y119.876 E568.67543
G1 X102.068 Y120.256 E568.69239
G1 X102.455 Y120.595 E568.7095
G1 X102.879 Y120.879 E568.72647
G1 X103.34 Y121.108 E568.74359
G1 X103.817 Y121.271 E568.76036
G1 X104.318 Y121.371 E568.77735
G1 X104.832 Y121.402 E568.79448
G0 F9000 X104.832 Y121.803
;TYPE:WALL-OUTER
G1 F600 X105.398 Y121.769 E568.81334
G1 X105.951 Y121.658 E568.8321
G1 X106.475 Y121.478 E568.85052
G1 X106.984 Y121.23 E568.86936
G1 X107.453 Y120.917 E568.88811
G1 X107.873 Y120.542 E568.90684
G1 X108.244 Y120.118 E568.92558
G1 X108.558 Y119.651 E568.94429
G1 X108.811 Y119.142 E568.9632
G1 X108.99 Y118.619 E568.98158
G1 X109.101 Y118.062 E569.00047
G1 X109.135 Y117.499 E569.01923
G1 X109.101 Y116.934 E569.03806
G1 X108.99 Y116.381 E569.05682
G1 X108.81 Y115.854 E569.07534
G1 X108.558 Y115.345 E569.09423
G1 X108.244 Y114.879 E569.11292
G1 X107.874 Y114.454 E569.13166
G1 X107.449 Y114.083 E569.15043
G1 X106.983 Y113.77 E569.1691
G1 X106.475 Y113.518 E569.18796
G1 X105.952 Y113.342 E569.20631
G1 X105.393 Y113.231 E569.22527
G1 X104.831 Y113.193 E569.244
G1 X104.266 Y113.227 E569.26283
G1 X103.709 Y113.338 E569.28172
G1 X103.186 Y113.517 E569.3001
G1 X102.677 Y113.77 E569.31901
G1 X102.211 Y114.083 E569.33768
G1 X101.786 Y114.455 E569.35647
G1 X101.411 Y114.879 E569.37529
G1 X101.098 Y115.345 E569.39396
G1 X100.85 Y115.853 E569.41277
G1 X100.67 Y116.377 E569.43119
G1 X100.559 Y116.934 E569.45008
G1 X100.525 Y117.5 E569.46894
G1 X100.559 Y118.066 E569.4878
G1 X100.67 Y118.619 E569.50656
G1 X100.85 Y119.143 E569.52499
G1 X101.098 Y119.652 E569.54382
G1 X101.411 Y120.121 E569.56258
G1 X101.786 Y120.541 E569.5813
G1 X102.211 Y120.913 E569.60009
G1 X102.677 Y121.226 E569.61876
G1 X103.186 Y121.478 E569.63765
G1 X103.713 Y121.658 E569.65617
G1 X104.266 Y121.769 E569.67493
G1 X104.832 Y121.803 E569.69379
G0 F9000 X104.319 Y121.289
;TYPE:FILL
G1 F600 X101.038 Y118.008 E569.84812
G0 F9000 X101.267 Y117.972
G0 X101.267 Y117.028
G0 X101.038 Y116.991
G1 F600 X104.323 Y113.706 E570.00264
G0 F9000 X104.36 Y113.935
G0 X103.018 Y114.396
G0 X102.891 Y114.205
G1 F600 X108.124 Y119.437 E570.24876
G0 F9000 X107.936 Y119.311
G0 X107.935 Y115.687
G0 X108.124 Y115.562
G1 F600 X102.893 Y120.793 E570.49481
G0 F9000 X103.187 Y120.355
;MESH:NONMESH
G0 F300 X103.187 Y120.355 Z7.6
G0 F9000 X104.834 Y121.096
G0 X104.832 Y121.554
;TIME_ELAPSED:1006.159622
;LAYER:37
;note -- min layer time used
;TYPE:WALL-INNER
;MESH:FT10-Input Crank.stl
G1 F600 X105.365 Y121.519 E570.51257
G1 X105.888 Y121.415 E570.53031
G1 X106.382 Y121.248 E570.54765
G1 X106.862 Y121.011 E570.56546
G1 X107.297 Y120.719 E570.58288
G1 X107.697 Y120.367 E570.6006
G1 X108.046 Y119.966 E570.61829
G1 X108.343 Y119.522 E570.63605
G1 X108.58 Y119.045 E570.65377
G1 X108.747 Y118.552 E570.67108
G1 X108.852 Y118.028 E570.68885
G1 X108.886 Y117.499 E570.70649
G1 X108.852 Y116.967 E570.72422
G1 X108.747 Y116.444 E570.74196
G1 X108.58 Y115.951 E570.75927
G1 X108.343 Y115.474 E570.77699
G1 X108.046 Y115.03 E570.79475
G1 X107.698 Y114.63 E570.81239
G1 X107.298 Y114.282 E570.83002
G1 X106.856 Y113.986 E570.84771
G1 X106.377 Y113.752 E570.86545
G1 X105.882 Y113.581 E570.88286
G1 X105.361 Y113.477 E570.90053
G1 X104.831 Y113.442 E570.9182
G1 X104.299 Y113.477 E570.93593
G1 X103.776 Y113.581 E570.95367
G1 X103.282 Y113.748 E570.97101
G1 X102.802 Y113.985 E570.98882
G1 X102.362 Y114.282 E571.00647
G1 X101.961 Y114.631 E571.02416
G1 X101.61 Y115.03 E571.04183
G1 X101.317 Y115.472 E571.05947
G1 X101.08 Y115.951 E571.07724
G1 X100.913 Y116.444 E571.09456
G1 X100.809 Y116.968 E571.11232
G1 X100.774 Y117.5 E571.13006
G1 X100.809 Y118.033 E571.14782
G1 X100.913 Y118.556 E571.16556
G1 X101.08 Y119.049 E571.18287
G1 X101.317 Y119.528 E571.20065
G1 X101.61 Y119.969 E571.21826
G1 X101.96 Y120.364 E571.23581
G1 X102.362 Y120.714 E571.25354
G1 X102.806 Y121.011 E571.2713
G1 X103.283 Y121.248 E571.28902
G1 X103.776 Y121.415 E571.30633
G1 X104.299 Y121.519 E571.32407
G1 X104.832 Y121.554 E571.34183
G0 F9000 X104.832 Y121.955
;TYPE:WALL-OUTER
G1 F600 X105.417 Y121.917 E571.36133
G1 X105.992 Y121.802 E571.38083
G1 X106.535 Y121.618 E571.3999
G1 X107.063 Y121.358 E571.41948
G1 X107.541 Y121.037 E571.43863
G1 X107.981 Y120.65 E571.45812
G1 X108.364 Y120.21 E571.47752
G1 X108.69 Y119.723 E571.49701
G1 X108.95 Y119.199 E571.51647
G1 X109.134 Y118.656 E571.53554
G1 X109.249 Y118.081 E571.55504
G1 X109.287 Y117.499 E571.57444
G1 X109.249 Y116.915 E571.5939
G1 X109.134 Y116.34 E571.61341
G1 X108.95 Y115.797 E571.63248
G1 X108.69 Y115.273 E571.65193
G1 X108.364 Y114.786 E571.67142
G1 X107.982 Y114.346 E571.6908
G1 X107.542 Y113.964 E571.71018
G1 X107.056 Y113.638 E571.72965
G1 X106.531 Y113.382 E571.74908
G1 X105.987 Y113.194 E571.76822
G1 X105.413 Y113.079 E571.78769
G1 X104.831 Y113.041 E571.80709
G1 X104.247 Y113.079 E571.82655
G1 X103.672 Y113.194 E571.84606
G1 X103.129 Y113.378 E571.86513
G1 X102.601 Y113.638 E571.8847
G1 X102.118 Y113.964 E571.90408
G1 X101.678 Y114.347 E571.92348
G1 X101.292 Y114.786 E571.94293
G1 X100.97 Y115.272 E571.96232
G1 X100.71 Y115.797 E571.9818
G1 X100.526 Y116.34 E572.00087
G1 X100.411 Y116.915 E572.02038
G1 X100.373 Y117.5 E572.03987
G1 X100.411 Y118.085 E572.05937
G1 X100.526 Y118.66 E572.07888
G1 X100.71 Y119.203 E572.09794
G1 X100.97 Y119.728 E572.11743
G1 X101.292 Y120.213 E572.13679
G1 X101.678 Y120.649 E572.15616
G1 X102.118 Y121.032 E572.17556
G1 X102.605 Y121.358 E572.19505
G1 X103.129 Y121.618 E572.21451
G1 X103.672 Y121.802 E572.23358
G1 X104.247 Y121.917 E572.25308
G1 X104.832 Y121.955 E572.27258
G0 F9000 X104.481 Y121.451
;TYPE:FILL
G1 F600 X100.877 Y117.847 E572.4421
G0 F9000 X100.877 Y117.152
G1 F600 X104.485 Y113.544 E572.61181
G0 F9000 X104.499 Y113.775
G0 X102.909 Y114.288
G0 X102.782 Y114.096
G1 F600 X108.232 Y119.546 E572.86816
G0 F9000 X108.044 Y119.42
G0 X108.043 Y115.579
G0 X108.233 Y115.453
G1 F600 X102.785 Y120.901 E573.12442
G0 F9000 X103.077 Y120.464
;MESH:NONMESH
G0 F300 X103.077 Y120.464 Z7.8
G0 F9000 X104.833 Y121.246
G0 X104.834 Y121.702
;TIME_ELAPSED:1014.850751
;LAYER:38
;note -- min layer time used
;TYPE:WALL-INNER
;MESH:FT10-Input Crank.stl
G1 F600 X105.383 Y121.671 E573.14271
G1 X105.923 Y121.563 E573.16102
G1 X106.437 Y121.388 E573.17908
G1 X106.93 Y121.144 E573.19738
G1 X107.389 Y120.835 E573.21578
G1 X107.802 Y120.474 E573.23403
G1 X108.166 Y120.058 E573.25241
G1 X108.471 Y119.603 E573.27063
G1 X108.716 Y119.105 E573.28909
G1 X108.891 Y118.591 E573.30715
G1 X108.999 Y118.049 E573.32553
G1 X109.034 Y117.501 E573.3438
G1 X108.999 Y116.947 E573.36226
G1 X108.891 Y116.405 E573.38064
G1 X108.716 Y115.892 E573.39867
G1 X108.471 Y115.398 E573.41701
G1 X108.164 Y114.941 E573.43532
G1 X107.8 Y114.528 E573.45363
G1 X107.388 Y114.165 E573.47189
G1 X106.929 Y113.86 E573.49022
G1 X106.436 Y113.612 E573.50858
G1 X105.923 Y113.437 E573.5266
G1 X105.381 Y113.329 E573.54499
G1 X104.831 Y113.294 E573.56332
G1 X104.279 Y113.329 E573.58171
G1 X103.735 Y113.437 E573.60016
G1 X103.222 Y113.608 E573.61814
G1 X102.73 Y113.852 E573.63641
G1 X102.269 Y114.162 E573.65489
G1 X101.854 Y114.522 E573.67316
G1 X101.494 Y114.937 E573.69143
G1 X101.184 Y115.398 E573.70991
G1 X100.94 Y115.89 E573.72818
G1 X100.77 Y116.403 E573.74615
G1 X100.661 Y116.947 E573.7646
G1 X100.627 Y117.502 E573.7831
G1 X100.661 Y118.049 E573.80133
G1 X100.769 Y118.593 E573.81977
G1 X100.941 Y119.107 E573.8378
G1 X101.184 Y119.601 E573.85611
G1 X101.493 Y120.056 E573.8744
G1 X101.858 Y120.474 E573.89286
G1 X102.271 Y120.835 E573.91111
G1 X102.73 Y121.144 E573.92951
G1 X103.222 Y121.388 E573.94778
G1 X103.735 Y121.558 E573.96575
G1 X104.279 Y121.667 E573.9842
G1 X104.834 Y121.702 E574.0027
G0 F9000 X104.833 Y122.103
;TYPE:WALL-OUTER
G1 F600 X105.434 Y122.069 E574.02272
G1 X106.027 Y121.95 E574.04284
G1 X106.591 Y121.758 E574.06265
G1 X107.131 Y121.49 E574.0827
G1 X107.633 Y121.153 E574.10281
G1 X108.086 Y120.758 E574.1228
G1 X108.484 Y120.302 E574.14294
G1 X108.818 Y119.803 E574.16291
G1 X109.086 Y119.259 E574.18308
G1 X109.278 Y118.695 E574.20289
G1 X109.397 Y118.101 E574.22304
G1 X109.435 Y117.501 E574.24304
G1 X109.397 Y116.895 E574.26323
G1 X109.278 Y116.301 E574.28338
G1 X109.086 Y115.738 E574.30317
G1 X108.818 Y115.197 E574.32325
G1 X108.484 Y114.695 E574.3433
G1 X108.085 Y114.243 E574.36335
G1 X107.633 Y113.845 E574.38339
G1 X107.131 Y113.511 E574.40344
G1 X106.59 Y113.242 E574.42354
G1 X106.027 Y113.05 E574.44332
G1 X105.433 Y112.931 E574.46347
G1 X104.831 Y112.893 E574.48353
G1 X104.227 Y112.931 E574.50366
G1 X103.632 Y113.05 E574.52384
G1 X103.069 Y113.238 E574.54358
G1 X102.529 Y113.506 E574.56363
G1 X102.026 Y113.844 E574.58379
G1 X101.57 Y114.238 E574.60383
G1 X101.176 Y114.694 E574.62388
G1 X100.838 Y115.197 E574.64403
G1 X100.57 Y115.737 E574.66409
G1 X100.382 Y116.3 E574.68383
G1 X100.263 Y116.895 E574.70401
G1 X100.225 Y117.501 E574.7242
G1 X100.263 Y118.101 E574.7442
G1 X100.382 Y118.696 E574.76438
G1 X100.57 Y119.259 E574.78412
G1 X100.838 Y119.803 E574.80429
G1 X101.175 Y120.301 E574.82429
G1 X101.574 Y120.758 E574.84447
G1 X102.027 Y121.153 E574.86446
G1 X102.529 Y121.49 E574.88457
G1 X103.069 Y121.758 E574.90462
G1 X103.632 Y121.946 E574.92436
G1 X104.227 Y122.065 E574.94455
G1 X104.833 Y122.103 E574.96474
G0 F9000 X104.638 Y121.609
;TYPE:FILL
G1 F600 X100.718 Y117.689 E575.14913
G0 F9000 X100.719 Y117.31
G1 F600 X104.644 Y113.385 E575.33375
G0 F9000 X104.658 Y113.614
G0 X102.801 Y114.179
G0 X102.674 Y113.988
G1 F600 X108.341 Y119.654 E575.60028
G0 F9000 X108.153 Y119.528
G0 X108.152 Y115.472
G0 X108.339 Y115.348
G1 F600 X102.675 Y121.011 E575.86667
G0 F9000 X102.97 Y120.572
;MESH:NONMESH
G0 F300 X102.97 Y120.572 Z8
G0 F9000 X104.834 Y121.397
G0 X104.831 Y121.854
;TIME_ELAPSED:1023.874958
;LAYER:39
;note -- min layer time used
;TYPE:WALL-INNER
;MESH:FT10-Input Crank.stl
G1 F600 X105.402 Y121.819 E575.8857
G1 X105.964 Y121.707 E575.90476
G1 X106.493 Y121.528 E575.92334
G1 X107.01 Y121.272 E575.94252
G1 X107.481 Y120.955 E575.96141
G1 X107.91 Y120.578 E575.9804
G1 X108.286 Y120.15 E575.99935
G1 X108.601 Y119.675 E576.01831
G1 X108.856 Y119.16 E576.03742
G1 X109.039 Y118.63 E576.05607
G1 X109.151 Y118.07 E576.07506
G1 X109.186 Y117.499 E576.09409
G1 X109.151 Y116.926 E576.11319
G1 X109.039 Y116.366 E576.13218
G1 X108.857 Y115.836 E576.15082
G1 X108.603 Y115.321 E576.16992
G1 X108.286 Y114.846 E576.18891
G1 X107.91 Y114.418 E576.20786
G1 X107.482 Y114.042 E576.22681
G1 X107.007 Y113.725 E576.2458
G1 X106.494 Y113.472 E576.26483
G1 X105.964 Y113.293 E576.28343
G1 X105.4 Y113.181 E576.30256
G1 X104.83 Y113.142 E576.32156
G1 X104.258 Y113.177 E576.34062
G1 X103.698 Y113.289 E576.35961
G1 X103.167 Y113.472 E576.3783
G1 X102.649 Y113.725 E576.39747
G1 X102.179 Y114.041 E576.41631
G1 X101.75 Y114.418 E576.4353
G1 X101.374 Y114.846 E576.45425
G1 X101.057 Y115.322 E576.47327
G1 X100.8 Y115.836 E576.49238
G1 X100.621 Y116.364 E576.51093
G1 X100.509 Y116.926 E576.52999
G1 X100.474 Y117.499 E576.54908
G1 X100.509 Y118.07 E576.56811
G1 X100.621 Y118.632 E576.58717
G1 X100.8 Y119.161 E576.60574
G1 X101.056 Y119.678 E576.62493
G1 X101.373 Y120.149 E576.64381
G1 X101.75 Y120.578 E576.66281
G1 X102.178 Y120.954 E576.68176
G1 X102.652 Y121.27 E576.7007
G1 X103.168 Y121.524 E576.71983
G1 X103.698 Y121.707 E576.73848
G1 X104.258 Y121.819 E576.75748
G1 X104.831 Y121.854 E576.77657
G0 F9000 X104.831 Y122.255
;TYPE:WALL-OUTER
G1 F600 X105.454 Y122.217 E576.79733
G1 X106.068 Y122.094 E576.81816
G1 X106.647 Y121.898 E576.83849
G1 X107.211 Y121.618 E576.85943
G1 X107.725 Y121.273 E576.88002
G1 X108.194 Y120.862 E576.90076
G1 X108.604 Y120.394 E576.92146
G1 X108.949 Y119.875 E576.94219
G1 X109.226 Y119.314 E576.96299
G1 X109.426 Y118.735 E576.98337
G1 X109.549 Y118.122 E577.00416
G1 X109.587 Y117.499 E577.02492
G1 X109.549 Y116.874 E577.04575
G1 X109.426 Y116.261 E577.06654
G1 X109.227 Y115.682 E577.08691
G1 X108.95 Y115.121 E577.10772
G1 X108.604 Y114.602 E577.12846
G1 X108.194 Y114.134 E577.14916
G1 X107.726 Y113.724 E577.16985
G1 X107.207 Y113.378 E577.1906
G1 X106.647 Y113.102 E577.21136
G1 X106.068 Y112.906 E577.23169
G1 X105.453 Y112.783 E577.25255
G1 X104.831 Y112.741 E577.27329
G1 X104.206 Y112.779 E577.29412
G1 X103.593 Y112.902 E577.31491
G1 X103.013 Y113.102 E577.33532
G1 X102.449 Y113.378 E577.3562
G1 X101.935 Y113.723 E577.37679
G1 X101.466 Y114.134 E577.39753
G1 X101.056 Y114.602 E577.41822
G1 X100.71 Y115.121 E577.43897
G1 X100.43 Y115.682 E577.45983
G1 X100.234 Y116.26 E577.48012
G1 X100.111 Y116.874 E577.50095
G1 X100.073 Y117.499 E577.52178
G1 X100.111 Y118.122 E577.54254
G1 X100.234 Y118.736 E577.56337
G1 X100.43 Y119.315 E577.5837
G1 X100.71 Y119.879 E577.60464
G1 X101.055 Y120.393 E577.62523
G1 X101.466 Y120.862 E577.64597
G1 X101.934 Y121.272 E577.66666
G1 X102.452 Y121.618 E577.68738
G1 X103.014 Y121.894 E577.70821
G1 X103.593 Y122.094 E577.72858
G1 X104.206 Y122.217 E577.74938
G1 X104.831 Y122.255 E577.7702
G0 F9000 X104.802 Y121.772
;TYPE:FILL
G1 F600 X100.556 Y117.526 E577.96992
G1 X100.556 Y117.473
G1 X104.807 Y113.223 E578.16985
G0 F9000 X104.831 Y113.452
G0 X102.693 Y114.072
G0 X102.565 Y113.879
G1 F600 X108.448 Y119.762 E578.44657
G0 F9000 X108.261 Y119.636
G0 X108.259 Y115.362
G0 X108.45 Y115.236
G1 F600 X102.567 Y121.119 E578.72329
G0 F9000 X102.862 Y120.68
;MESH:NONMESH
G0 F300 X102.862 Y120.68 Z8.2
G0 F9000 X104.834 Y121.548
G0 X104.831 Y122.006
;TIME_ELAPSED:1033.214082
;LAYER:40
;note -- min layer time used
;TYPE:WALL-INNER
;MESH:FT10-Input Crank.stl
G1 F600 X105.421 Y121.967 E578.74295
G1 X106.004 Y121.851 E578.76273
G1 X106.553 Y121.664 E578.78202
G1 X107.088 Y121.399 E578.80187
G1 X107.574 Y121.078 E578.82125
G1 X108.017 Y120.687 E578.8409
G1 X108.406 Y120.242 E578.86056
G1 X108.735 Y119.751 E578.88021
G1 X108.996 Y119.221 E578.89986
G1 X109.183 Y118.672 E578.91915
G1 X109.299 Y118.09 E578.93889
G1 X109.334 Y117.5 E578.95855
G1 X109.299 Y116.906 E578.97834
G1 X109.183 Y116.329 E578.99792
G1 X108.996 Y115.778 E579.01727
G1 X108.734 Y115.245 E579.03702
G1 X108.406 Y114.754 E579.05666
G1 X108.018 Y114.31 E579.07627
G1 X107.575 Y113.923 E579.09584
G1 X107.083 Y113.597 E579.11547
G1 X106.548 Y113.331 E579.13534
G1 X106.003 Y113.145 E579.15449
G1 X105.421 Y113.029 E579.17423
G1 X104.831 Y112.99 E579.1939
G1 X104.239 Y113.029 E579.21363
G1 X103.657 Y113.145 E579.23337
G1 X103.107 Y113.332 E579.25269
G1 X102.577 Y113.593 E579.27234
G1 X102.086 Y113.922 E579.292
G1 X101.642 Y114.31 E579.31161
G1 X101.254 Y114.754 E579.33122
G1 X100.925 Y115.245 E579.35088
G1 X100.664 Y115.774 E579.3705
G1 X100.477 Y116.328 E579.38995
G1 X100.361 Y116.908 E579.40962
G1 X100.322 Y117.499 E579.42932
G1 X100.361 Y118.089 E579.44898
G1 X100.477 Y118.672 E579.46876
G1 X100.664 Y119.221 E579.48805
G1 X100.929 Y119.756 E579.5079
G1 X101.25 Y120.242 E579.52728
G1 X101.641 Y120.685 E579.54693
G1 X102.086 Y121.074 E579.56659
G1 X102.577 Y121.402 E579.58623
G1 X103.11 Y121.664 E579.60598
G1 X103.661 Y121.851 E579.62533
G1 X104.24 Y121.967 E579.64497
G1 X104.831 Y122.006 E579.66467
G0 F9000 X104.831 Y122.407
;TYPE:WALL-OUTER
G1 F600 X105.473 Y122.365 E579.68607
G1 X106.108 Y122.238 E579.70761
G1 X106.707 Y122.034 E579.72866
G1 X107.288 Y121.746 E579.75022
G1 X107.818 Y121.396 E579.77135
G1 X108.301 Y120.97 E579.79277
G1 X108.724 Y120.486 E579.81415
G1 X109.082 Y119.951 E579.83556
G1 X109.366 Y119.375 E579.85692
G1 X109.57 Y118.776 E579.87797
G1 X109.697 Y118.142 E579.89947
G1 X109.735 Y117.5 E579.92086
G1 X109.697 Y116.854 E579.94238
G1 X109.57 Y116.225 E579.96373
G1 X109.366 Y115.625 E579.98481
G1 X109.082 Y115.045 E580.00628
G1 X108.724 Y114.51 E580.0277
G1 X108.302 Y114.026 E580.04905
G1 X107.818 Y113.604 E580.07041
G1 X107.283 Y113.25 E580.09175
G1 X106.702 Y112.961 E580.11333
G1 X106.107 Y112.758 E580.13424
G1 X105.473 Y112.631 E580.15575
G1 X104.831 Y112.589 E580.17714
G1 X104.187 Y112.631 E580.19861
G1 X103.553 Y112.758 E580.22012
G1 X102.953 Y112.962 E580.24119
G1 X102.377 Y113.246 E580.26255
G1 X101.842 Y113.604 E580.28396
G1 X101.358 Y114.026 E580.30532
G1 X100.936 Y114.51 E580.32668
G1 X100.578 Y115.045 E580.34809
G1 X100.294 Y115.621 E580.36945
G1 X100.09 Y116.224 E580.39062
G1 X99.963 Y116.855 E580.41203
G1 X99.921 Y117.499 E580.4335
G1 X99.963 Y118.141 E580.45489
G1 X100.09 Y118.776 E580.47643
G1 X100.294 Y119.375 E580.49748
G1 X100.582 Y119.956 E580.51905
G1 X100.932 Y120.486 E580.54017
G1 X101.358 Y120.969 E580.56159
G1 X101.842 Y121.392 E580.58297
G1 X102.377 Y121.75 E580.60438
G1 X102.957 Y122.034 E580.62586
G1 X103.557 Y122.238 E580.64694
G1 X104.187 Y122.365 E580.66831
G1 X104.831 Y122.407 E580.68978
G0 F9000 X104.947 Y121.918
;TYPE:FILL
G1 F600 X100.409 Y117.38 E580.90323
G0 F9000 X100.411 Y117.619
G1 F600 X104.952 Y113.078 E581.11683
G0 F9000 X104.937 Y113.308
G0 X102.584 Y113.963
G0 X102.457 Y113.771
G1 F600 X108.558 Y119.872 E581.4038
G0 F9000 X108.369 Y119.745
G0 X108.368 Y115.254
G0 X108.559 Y115.128
G1 F600 X102.458 Y121.228 E581.69075
G0 F9000 X102.752 Y120.788
;MESH:NONMESH
G0 F300 X102.752 Y120.788 Z8.4
G0 F9000 X104.833 Y121.698
G0 X104.823 Y122.154
;TIME_ELAPSED:1042.934382
;LAYER:41
;note -- min layer time used
;TYPE:WALL-INNER
;MESH:FT10-Input Crank.stl
G1 F600 X105.443 Y122.119 E581.7114
G1 X106.042 Y121.999 E581.73172
G1 X106.609 Y121.804 E581.75166
G1 X107.159 Y121.535 E581.77203
G1 X107.664 Y121.196 E581.79226
G1 X108.122 Y120.791 E581.81259
G1 X108.519 Y120.341 E581.83255
G1 X108.856 Y119.837 E581.85272
G1 X109.133 Y119.284 E581.87329
G1 X109.323 Y118.723 E581.89299
G1 X109.447 Y118.108 E581.91385
G1 X109.486 Y117.507 E581.93389
G1 X109.447 Y116.888 E581.95452
G1 X109.334 Y116.298 E581.9745
G1 X109.14 Y115.726 E581.99458
G1 X108.87 Y115.176 E582.01496
G1 X108.534 Y114.671 E582.03514
G1 X108.134 Y114.217 E582.05526
G1 X107.671 Y113.808 E582.07581
G1 X107.17 Y113.469 E582.09593
G1 X106.621 Y113.2 E582.11626
G1 X106.054 Y113.005 E582.13621
G1 X105.44 Y112.881 E582.15704
G1 X104.831 Y112.842 E582.17734
G1 X104.219 Y112.882 E582.19774
G1 X103.62 Y113.001 E582.21805
G1 X103.05 Y113.192 E582.23804
G1 X102.501 Y113.465 E582.25843
G1 X101.995 Y113.801 E582.27864
G1 X101.537 Y114.207 E582.29899
G1 X101.133 Y114.664 E582.31928
G1 X100.797 Y115.166 E582.33937
G1 X100.524 Y115.714 E582.35974
G1 X100.333 Y116.287 E582.37982
G1 X100.213 Y116.887 E582.40018
G1 X100.174 Y117.497 E582.42051
G1 X100.213 Y118.109 E582.4409
G1 X100.333 Y118.708 E582.46122
G1 X100.525 Y119.279 E582.48126
G1 X100.793 Y119.827 E582.50155
G1 X101.132 Y120.332 E582.52178
G1 X101.537 Y120.79 E582.54211
G1 X101.989 Y121.188 E582.56214
G1 X102.491 Y121.528 E582.58231
G1 X103.038 Y121.8 E582.60263
G1 X103.608 Y121.991 E582.62262
G1 X104.224 Y122.115 E582.64352
G1 X104.823 Y122.154 E582.66349
G0 F9000 X104.821 Y122.555
;TYPE:WALL-OUTER
G1 F600 X105.494 Y122.517 E582.68591
G1 X106.147 Y122.386 E582.70806
G1 X106.763 Y122.174 E582.72972
G1 X107.359 Y121.882 E582.7518
G1 X107.909 Y121.513 E582.77383
G1 X108.406 Y121.074 E582.79588
G1 X108.837 Y120.585 E582.81756
G1 X109.202 Y120.039 E582.83941
G1 X109.503 Y119.438 E582.86176
G1 X109.71 Y118.827 E582.88322
G1 X109.845 Y118.161 E582.90582
G1 X109.887 Y117.507 E582.92762
G1 X109.845 Y116.838 E582.94991
G1 X109.722 Y116.196 E582.97165
G1 X109.51 Y115.573 E582.99354
G1 X109.218 Y114.976 E583.01565
G1 X108.852 Y114.427 E583.03759
G1 X108.418 Y113.934 E583.05944
G1 X107.917 Y113.491 E583.08168
G1 X107.371 Y113.122 E583.1036
G1 X106.775 Y112.83 E583.12567
G1 X106.159 Y112.618 E583.14734
G1 X105.493 Y112.483 E583.16994
G1 X104.831 Y112.441 E583.19201
G1 X104.167 Y112.484 E583.21414
G1 X103.516 Y112.614 E583.23622
G1 X102.897 Y112.822 E583.25794
G1 X102.301 Y113.118 E583.28007
G1 X101.751 Y113.483 E583.30202
G1 X101.254 Y113.923 E583.3241
G1 X100.815 Y114.419 E583.34613
G1 X100.45 Y114.965 E583.36798
G1 X100.154 Y115.561 E583.39011
G1 X99.946 Y116.184 E583.41195
G1 X99.815 Y116.835 E583.43404
G1 X99.773 Y117.497 E583.4561
G1 X99.815 Y118.161 E583.47823
G1 X99.946 Y118.812 E583.50032
G1 X100.154 Y119.431 E583.52204
G1 X100.446 Y120.027 E583.54411
G1 X100.815 Y120.577 E583.56614
G1 X101.254 Y121.074 E583.5882
G1 X101.743 Y121.505 E583.60988
G1 X102.289 Y121.874 E583.63179
G1 X102.885 Y122.17 E583.65393
G1 X103.504 Y122.378 E583.67565
G1 X104.171 Y122.513 E583.69828
G1 X104.821 Y122.555 E583.71995
G0 F9000 X105.088 Y122.059
;TYPE:FILL
G1 F600 X100.27 Y117.24 E583.94659
G0 F9000 X100.271 Y117.758
G1 F600 X105.091 Y112.938 E584.17331
G0 F9000 X105.076 Y113.166
G0 X102.476 Y113.855
G0 X102.349 Y113.663
G1 F600 X108.665 Y119.979 E584.4704
G0 F9000 X108.478 Y119.853
G0 X108.476 Y115.145
G0 X108.668 Y115.018
G1 F600 X102.349 Y121.337 E584.76762
G0 F9000 X102.644 Y120.897
;MESH:NONMESH
G0 F300 X102.644 Y120.897 Z8.6
G0 F9000 X104.824 Y121.849
G0 X104.825 Y122.222
;TIME_ELAPSED:1053.013867
;LAYER:42
;note -- min layer time used
;TYPE:WALL-INNER
;MESH:FT10-Input Crank.stl
G1 F600 X105.448 Y122.18 E584.78839
G1 X106.052 Y122.059 E584.80888
G1 X106.63 Y121.864 E584.82917
G1 X107.192 Y121.586 E584.85002
G1 X107.706 Y121.246 E584.87052
G1 X108.17 Y120.838 E584.89107
G1 X108.578 Y120.374 E584.91162
G1 X108.919 Y119.863 E584.93205
G1 X109.192 Y119.31 E584.95257
G1 X109.387 Y118.731 E584.97289
G1 X109.511 Y118.12 E584.99362
G1 X109.55 Y117.503 E585.01418
G1 X109.511 Y116.878 E585.03501
G1 X109.391 Y116.276 E585.05543
G1 X109.196 Y115.698 E585.07572
G1 X108.919 Y115.137 E585.09653
G1 X108.578 Y114.625 E585.11699
G1 X108.174 Y114.162 E585.13743
G1 X107.706 Y113.754 E585.15808
G1 X107.191 Y113.409 E585.17869
G1 X106.632 Y113.135 E585.1994
G1 X106.059 Y112.937 E585.21956
G1 X105.45 Y112.817 E585.24021
G1 X104.831 Y112.778 E585.26084
G1 X104.21 Y112.817 E585.28153
G1 X103.604 Y112.937 E585.30208
G1 X103.027 Y113.132 E585.32234
G1 X102.47 Y113.409 E585.34303
G1 X101.954 Y113.753 E585.36365
G1 X101.497 Y114.154 E585.38387
G1 X101.082 Y114.627 E585.4048
G1 X100.741 Y115.138 E585.42524
G1 X100.464 Y115.695 E585.44593
G1 X100.269 Y116.268 E585.46606
G1 X100.149 Y116.878 E585.48674
G1 X100.11 Y117.501 E585.5075
G1 X100.149 Y118.118 E585.52806
G1 X100.269 Y118.724 E585.54861
G1 X100.464 Y119.301 E585.56886
G1 X100.741 Y119.859 E585.58958
G1 X101.082 Y120.374 E585.61013
G1 X101.49 Y120.838 E585.63068
G1 X101.954 Y121.246 E585.65123
G1 X102.464 Y121.586 E585.67161
G1 X103.022 Y121.86 E585.69229
G1 X103.597 Y122.055 E585.71249
G1 X104.209 Y122.18 E585.73326
G1 X104.825 Y122.222 E585.7538
G0 F9000 X104.825 Y122.623
;TYPE:WALL-OUTER
G1 F600 X105.501 Y122.577 E585.77633
G1 X106.156 Y122.446 E585.79855
G1 X106.783 Y122.234 E585.82056
G1 X107.392 Y121.934 E585.84314
G1 X107.95 Y121.564 E585.86541
G1 X108.454 Y121.122 E585.88771
G1 X108.896 Y120.618 E585.91
G1 X109.266 Y120.063 E585.93219
G1 X109.562 Y119.463 E585.95444
G1 X109.774 Y118.835 E585.97649
G1 X109.909 Y118.173 E585.99896
G1 X109.951 Y117.503 E586.02129
G1 X109.909 Y116.826 E586.04385
G1 X109.778 Y116.172 E586.06603
G1 X109.566 Y115.545 E586.08804
G1 X109.266 Y114.937 E586.11059
G1 X108.896 Y114.382 E586.13278
G1 X108.458 Y113.878 E586.15499
G1 X107.95 Y113.436 E586.17739
G1 X107.391 Y113.062 E586.19976
G1 X106.786 Y112.765 E586.22217
G1 X106.163 Y112.55 E586.24409
G1 X105.502 Y112.419 E586.2665
G1 X104.831 Y112.377 E586.28887
G1 X104.158 Y112.419 E586.31129
G1 X103.5 Y112.55 E586.33361
G1 X102.873 Y112.762 E586.35562
G1 X102.269 Y113.062 E586.37805
G1 X101.71 Y113.435 E586.4004
G1 X101.214 Y113.87 E586.42235
G1 X100.764 Y114.383 E586.44504
G1 X100.394 Y114.937 E586.4672
G1 X100.094 Y115.541 E586.48963
G1 X99.882 Y116.164 E586.51152
G1 X99.751 Y116.826 E586.53396
G1 X99.709 Y117.501 E586.55646
G1 X99.751 Y118.17 E586.57875
G1 X99.882 Y118.828 E586.60107
G1 X100.094 Y119.455 E586.62308
G1 X100.394 Y120.059 E586.64551
G1 X100.764 Y120.618 E586.66781
G1 X101.206 Y121.122 E586.69011
G1 X101.71 Y121.564 E586.7124
G1 X102.264 Y121.934 E586.73456
G1 X102.869 Y122.23 E586.75696
G1 X103.493 Y122.442 E586.77888
G1 X104.155 Y122.577 E586.80135
G1 X104.825 Y122.623 E586.82369
G0 F9000 X105.149 Y122.119
;TYPE:FILL
G1 F600 X100.21 Y117.181 E587.05598
G0 F9000 X100.21 Y117.819
G1 F600 X105.151 Y112.878 E587.28839
G0 F9000 X105.136 Y113.106
G0 X102.43 Y113.808
G0 X102.304 Y113.617
G1 F600 X108.713 Y120.027 E587.58987
G0 F9000 X108.524 Y119.901
G0 X108.523 Y115.099
G0 X108.713 Y114.973
G1 F600 X102.303 Y121.383 E587.89138
G0 F9000 X102.598 Y120.943
;MESH:NONMESH
G0 F300 X102.598 Y120.943 Z8.8
G0 F9000 X104.828 Y121.913
G0 X104.831 Y122.222
;TIME_ELAPSED:1063.244449
;LAYER:43
;note -- min layer time used
;TYPE:WALL-INNER
;MESH:FT10-Input Crank.stl
G1 F600 X105.448 Y122.18 E587.91195
G1 X106.06 Y122.059 E587.9327
G1 X106.633 Y121.864 E587.95283
G1 X107.191 Y121.587 E587.97355
G1 X107.706 Y121.246 E587.99409
G1 X108.17 Y120.838 E588.01464
G1 X108.578 Y120.374 E588.03519
G1 X108.919 Y119.859 E588.05574
G1 X109.196 Y119.301 E588.07646
G1 X109.391 Y118.728 E588.09659
G1 X109.511 Y118.118 E588.11727
G1 X109.549 Y117.501 E588.13783
G1 X109.511 Y116.878 E588.15859
G1 X109.391 Y116.272 E588.17913
G1 X109.196 Y115.695 E588.19939
G1 X108.919 Y115.138 E588.22008
G1 X108.578 Y114.625 E588.24057
G1 X108.17 Y114.158 E588.26119
G1 X107.706 Y113.754 E588.28166
G1 X107.191 Y113.41 E588.30226
G1 X106.632 Y113.135 E588.32298
G1 X106.059 Y112.937 E588.34314
G1 X105.45 Y112.817 E588.36379
G1 X104.831 Y112.778 E588.38441
G1 X104.21 Y112.817 E588.40511
G1 X103.604 Y112.937 E588.42566
G1 X103.027 Y113.132 E588.44591
G1 X102.47 Y113.409 E588.4666
G1 X101.954 Y113.754 E588.48725
G1 X101.49 Y114.158 E588.50771
G1 X101.082 Y114.625 E588.52834
G1 X100.741 Y115.138 E588.54883
G1 X100.464 Y115.695 E588.56952
G1 X100.269 Y116.272 E588.58977
G1 X100.149 Y116.878 E588.61032
G1 X100.11 Y117.501 E588.63108
G1 X100.149 Y118.118 E588.65164
G1 X100.269 Y118.724 E588.67219
G1 X100.464 Y119.301 E588.69245
G1 X100.741 Y119.859 E588.71317
G1 X101.082 Y120.374 E588.73371
G1 X101.49 Y120.838 E588.75426
G1 X101.954 Y121.246 E588.77481
G1 X102.469 Y121.587 E588.79536
G1 X103.027 Y121.864 E588.81608
G1 X103.604 Y122.059 E588.83633
G1 X104.212 Y122.18 E588.85695
G1 X104.831 Y122.222 E588.87759
G0 F9000 X104.831 Y122.623
;TYPE:WALL-OUTER
G1 F600 X105.501 Y122.577 E588.89992
G1 X106.164 Y122.446 E588.9224
G1 X106.787 Y122.234 E588.94429
G1 X107.391 Y121.934 E588.96672
G1 X107.95 Y121.564 E588.98902
G1 X108.454 Y121.122 E589.01131
G1 X108.896 Y120.618 E589.03361
G1 X109.266 Y120.059 E589.05591
G1 X109.566 Y119.455 E589.07834
G1 X109.778 Y118.832 E589.10022
G1 X109.909 Y118.17 E589.12267
G1 X109.951 Y117.501 E589.14496
G1 X109.909 Y116.826 E589.16746
G1 X109.778 Y116.168 E589.18977
G1 X109.566 Y115.541 E589.21179
G1 X109.266 Y114.937 E589.23422
G1 X108.896 Y114.382 E589.2564
G1 X108.454 Y113.874 E589.2788
G1 X107.95 Y113.436 E589.30101
G1 X107.391 Y113.062 E589.32338
G1 X106.786 Y112.765 E589.34579
G1 X106.163 Y112.55 E589.36771
G1 X105.502 Y112.419 E589.39013
G1 X104.831 Y112.377 E589.41249
G1 X104.158 Y112.419 E589.43492
G1 X103.5 Y112.55 E589.45723
G1 X102.873 Y112.762 E589.47924
G1 X102.269 Y113.062 E589.50168
G1 X101.71 Y113.436 E589.52405
G1 X101.206 Y113.874 E589.54625
G1 X100.764 Y114.382 E589.56865
G1 X100.394 Y114.937 E589.59084
G1 X100.094 Y115.541 E589.61327
G1 X99.882 Y116.168 E589.63528
G1 X99.751 Y116.826 E589.65759
G1 X99.709 Y117.501 E589.68009
G1 X99.751 Y118.17 E589.70238
G1 X99.882 Y118.828 E589.7247
G1 X100.094 Y119.455 E589.74671
G1 X100.394 Y120.059 E589.76914
G1 X100.764 Y120.618 E589.79144
G1 X101.206 Y121.122 E589.81374
G1 X101.71 Y121.564 E589.83603
G1 X102.269 Y121.934 E589.85833
G1 X102.873 Y122.234 E589.88076
G1 X103.5 Y122.446 E589.90277
G1 X104.159 Y122.577 E589.92512
G1 X104.831 Y122.623 E589.94752
G0 F9000 X105.15 Y122.12
;TYPE:FILL
G1 F600 X100.21 Y117.18 E590.17989
G0 F9000 X100.21 Y117.819
G1 F600 X105.151 Y112.878 E590.41229
G0 F9000 X105.136 Y113.106
G0 X102.43 Y113.808
G0 X102.304 Y113.617
G1 F600 X108.713 Y120.026 E590.71375
G0 F9000 X108.525 Y119.9
G0 X108.523 Y115.098
G0 X108.713 Y114.973
G1 F600 X102.304 Y121.382 E591.01521
G0 F9000 X102.597 Y120.944
;MESH:NONMESH
G0 F300 X102.597 Y120.944 Z9
G0 F9000 X104.832 Y121.913
G0 X104.831 Y122.222
;TIME_ELAPSED:1073.475220
;LAYER:44
;note -- min layer time used
;TYPE:WALL-INNER
;MESH:FT10-Input Crank.stl
G1 F600 X105.448 Y122.18 E591.03578
G1 X106.06 Y122.059 E591.05653
G1 X106.633 Y121.864 E591.07666
G1 X107.191 Y121.587 E591.09738
G1 X107.706 Y121.246 E591.11793
G1 X108.17 Y120.838 E591.13848
G1 X108.578 Y120.374 E591.15903
G1 X108.919 Y119.859 E591.17957
G1 X109.196 Y119.301 E591.20029
G1 X109.391 Y118.728 E591.22042
G1 X109.511 Y118.118 E591.2411
G1 X109.549 Y117.501 E591.26166
G1 X109.511 Y116.878 E591.28242
G1 X109.391 Y116.272 E591.30297
G1 X109.196 Y115.695 E591.32323
G1 X108.919 Y115.138 E591.34392
G1 X108.578 Y114.625 E591.3644
G1 X108.17 Y114.158 E591.38503
G1 X107.706 Y113.754 E591.40549
G1 X107.191 Y113.41 E591.42609
G1 X106.632 Y113.135 E591.44681
G1 X106.059 Y112.937 E591.46697
G1 X105.45 Y112.817 E591.48762
G1 X104.831 Y112.778 E591.50825
G1 X104.21 Y112.817 E591.52894
G1 X103.604 Y112.937 E591.54949
G1 X103.027 Y113.132 E591.56975
G1 X102.47 Y113.409 E591.59044
G1 X101.954 Y113.754 E591.61108
G1 X101.49 Y114.158 E591.63155
G1 X101.082 Y114.625 E591.65217
G1 X100.741 Y115.138 E591.67266
G1 X100.464 Y115.695 E591.69335
G1 X100.269 Y116.272 E591.71361
G1 X100.149 Y116.878 E591.73415
G1 X100.11 Y117.501 E591.75492
G1 X100.149 Y118.118 E591.77548
G1 X100.269 Y118.724 E591.79603
G1 X100.464 Y119.301 E591.81628
G1 X100.741 Y119.859 E591.837
G1 X101.082 Y120.374 E591.85755
G1 X101.49 Y120.838 E591.8781
G1 X101.954 Y121.246 E591.89865
G1 X102.469 Y121.587 E591.91919
G1 X103.027 Y121.864 E591.93991
G1 X103.604 Y122.059 E591.96017
G1 X104.212 Y122.18 E591.98079
G1 X104.831 Y122.222 E592.00142
G0 F9000 X104.831 Y122.623
;TYPE:WALL-OUTER
G1 F600 X105.501 Y122.577 E592.02376
G1 X106.164 Y122.446 E592.04624
G1 X106.787 Y122.234 E592.06812
G1 X107.391 Y121.934 E592.09056
G1 X107.95 Y121.564 E592.11285
G1 X108.454 Y121.122 E592.13515
G1 X108.896 Y120.618 E592.15744
G1 X109.266 Y120.059 E592.17974
G1 X109.566 Y119.455 E592.20217
G1 X109.778 Y118.832 E592.22406
G1 X109.909 Y118.17 E592.2465
G1 X109.951 Y117.501 E592.2688
G1 X109.909 Y116.826 E592.29129
G1 X109.778 Y116.168 E592.31361
G1 X109.566 Y115.541 E592.33562
G1 X109.266 Y114.937 E592.35805
G1 X108.896 Y114.382 E592.38024
G1 X108.454 Y113.874 E592.40263
G1 X107.95 Y113.436 E592.42484
G1 X107.391 Y113.062 E592.44721
G1 X106.786 Y112.765 E592.46963
G1 X106.163 Y112.55 E592.49155
G1 X105.502 Y112.419 E592.51396
G1 X104.831 Y112.377 E592.53632
G1 X104.158 Y112.419 E592.55875
G1 X103.5 Y112.55 E592.58107
G1 X102.873 Y112.762 E592.60308
G1 X102.269 Y113.062 E592.62551
G1 X101.71 Y113.436 E592.64788
G1 X101.206 Y113.874 E592.67009
G1 X100.764 Y114.382 E592.69248
G1 X100.394 Y114.937 E592.71467
G1 X100.094 Y115.541 E592.7371
G1 X99.882 Y116.168 E592.75911
G1 X99.751 Y116.826 E592.78143
G1 X99.709 Y117.501 E592.80392
G1 X99.751 Y118.17 E592.82622
G1 X99.882 Y118.828 E592.84853
G1 X100.094 Y119.455 E592.87055
G1 X100.394 Y120.059 E592.89298
G1 X100.764 Y120.618 E592.91527
G1 X101.206 Y121.122 E592.93757
G1 X101.71 Y121.564 E592.95987
G1 X102.269 Y121.934 E592.98216
G1 X102.873 Y122.234 E593.00459
G1 X103.5 Y122.446 E593.02661
G1 X104.159 Y122.577 E593.04895
G1 X104.831 Y122.623 E593.07136
G0 F9000 X105.15 Y122.12
;TYPE:FILL
G1 F600 X100.21 Y117.18 E593.30372
G0 F9000 X100.21 Y117.819
G1 F600 X105.151 Y112.878 E593.53613
G0 F9000 X105.136 Y113.106
G0 X102.43 Y113.808
G0 X102.304 Y113.617
G1 F600 X108.713 Y120.026 E593.83759
G0 F9000 X108.525 Y119.9
G0 X108.523 Y115.098
G0 X108.713 Y114.973
G1 F600 X102.304 Y121.382 E594.13905
G0 F9000 X102.597 Y120.944
;MESH:NONMESH
G0 F300 X102.597 Y120.944 Z9.2
G0 F9000 X104.832 Y121.913
G0 X104.831 Y122.222
;TIME_ELAPSED:1083.705991
;LAYER:45
;note -- min layer time used
;TYPE:WALL-INNER
;MESH:FT10-Input Crank.stl
G1 F600 X105.448 Y122.18 E594.15962
G1 X106.06 Y122.059 E594.18037
G1 X106.633 Y121.864 E594.2005
G1 X107.191 Y121.587 E594.22122
G1 X107.706 Y121.246 E594.24176
G1 X108.17 Y120.838 E594.26231
G1 X108.578 Y120.374 E594.28286
G1 X108.919 Y119.859 E594.30341
G1 X109.196 Y119.301 E594.32413
G1 X109.391 Y118.728 E594.34426
G1 X109.511 Y118.118 E594.36494
G1 X109.549 Y117.501 E594.3855
G1 X109.511 Y116.878 E594.40626
G1 X109.391 Y116.272 E594.4268
G1 X109.196 Y115.695 E594.44706
G1 X108.919 Y115.138 E594.46775
G1 X108.578 Y114.625 E594.48824
G1 X108.17 Y114.158 E594.50886
G1 X107.706 Y113.754 E594.52933
G1 X107.191 Y113.41 E594.54992
G1 X106.632 Y113.135 E594.57065
G1 X106.059 Y112.937 E594.59081
G1 X105.45 Y112.817 E594.61145
G1 X104.831 Y112.778 E594.63208
G1 X104.21 Y112.817 E594.65278
G1 X103.604 Y112.937 E594.67333
G1 X103.027 Y113.132 E594.69358
G1 X102.47 Y113.409 E594.71427
G1 X101.954 Y113.754 E594.73492
G1 X101.49 Y114.158 E594.75538
G1 X101.082 Y114.625 E594.77601
G1 X100.741 Y115.138 E594.79649
G1 X100.464 Y115.695 E594.81718
G1 X100.269 Y116.272 E594.83744
G1 X100.149 Y116.878 E594.85799
G1 X100.11 Y117.501 E594.87875
G1 X100.149 Y118.118 E594.89931
G1 X100.269 Y118.724 E594.91986
G1 X100.464 Y119.301 E594.94012
G1 X100.741 Y119.859 E594.96084
G1 X101.082 Y120.374 E594.98138
G1 X101.49 Y120.838 E595.00193
G1 X101.954 Y121.246 E595.02248
G1 X102.469 Y121.587 E595.04302
G1 X103.027 Y121.864 E595.06375
G1 X103.604 Y122.059 E595.084
G1 X104.212 Y122.18 E595.10462
G1 X104.831 Y122.222 E595.12526
G0 F9000 X104.831 Y122.623
;TYPE:WALL-OUTER
G1 F600 X105.501 Y122.577 E595.14759
G1 X106.164 Y122.446 E595.17007
G1 X106.787 Y122.234 E595.19196
G1 X107.391 Y121.934 E595.21439
G1 X107.95 Y121.564 E595.23669
G1 X108.454 Y121.122 E595.25898
G1 X108.896 Y120.618 E595.28128
G1 X109.266 Y120.059 E595.30357
G1 X109.566 Y119.455 E595.32601
G1 X109.778 Y118.832 E595.34789
G1 X109.909 Y118.17 E595.37034
G1 X109.951 Y117.501 E595.39263
G1 X109.909 Y116.826 E595.41513
G1 X109.778 Y116.168 E595.43744
G1 X109.566 Y115.541 E595.45946
G1 X109.266 Y114.937 E595.48189
G1 X108.896 Y114.382 E595.50407
G1 X108.454 Y113.874 E595.52647
G1 X107.95 Y113.436 E595.54868
G1 X107.391 Y113.062 E595.57105
G1 X106.786 Y112.765 E595.59346
G1 X106.163 Y112.55 E595.61538
G1 X105.502 Y112.419 E595.6378
G1 X104.831 Y112.377 E595.66016
G1 X104.158 Y112.419 E595.68258
G1 X103.5 Y112.55 E595.7049
G1 X102.873 Y112.762 E595.72691
G1 X102.269 Y113.062 E595.74934
G1 X101.71 Y113.436 E595.77171
G1 X101.206 Y113.874 E595.79392
G1 X100.764 Y114.382 E595.81632
G1 X100.394 Y114.937 E595.8385
G1 X100.094 Y115.541 E595.86094
G1 X99.882 Y116.168 E595.88295
G1 X99.751 Y116.826 E595.90526
G1 X99.709 Y117.501 E595.92776
G1 X99.751 Y118.17 E595.95005
G1 X99.882 Y118.828 E595.97237
G1 X100.094 Y119.455 E595.99438
G1 X100.394 Y120.059 E596.01681
G1 X100.764 Y120.618 E596.03911
G1 X101.206 Y121.122 E596.0614
G1 X101.71 Y121.564 E596.0837
G1 X102.269 Y121.934 E596.106
G1 X102.873 Y122.234 E596.12843
G1 X103.5 Y122.446 E596.15044
G1 X104.159 Y122.577 E596.17279
G1 X104.831 Y122.623 E596.19519
G0 F9000 X105.15 Y122.12
;TYPE:FILL
G1 F600 X100.21 Y117.18 E596.42755
G0 F9000 X100.21 Y117.819
G1 F600 X105.151 Y112.878 E596.65996
G0 F9000 X105.136 Y113.106
G0 X102.43 Y113.808
G0 X102.304 Y113.617
G1 F600 X108.713 Y120.026 E596.96142
G0 F9000 X108.525 Y119.9
G0 X108.523 Y115.098
G0 X108.713 Y114.973
G1 F600 X102.304 Y121.382 E597.26288
G0 F9000 X102.597 Y120.944
;MESH:NONMESH
G0 F300 X102.597 Y120.944 Z9.4
G0 F9000 X104.832 Y121.913
G0 X104.831 Y122.222
;TIME_ELAPSED:1093.936762
;LAYER:46
;note -- min layer time used
;TYPE:WALL-INNER
;MESH:FT10-Input Crank.stl
G1 F600 X105.448 Y122.18 E597.28345
G1 X106.06 Y122.059 E597.3042
G1 X106.633 Y121.864 E597.32433
G1 X107.191 Y121.587 E597.34505
G1 X107.706 Y121.246 E597.3656
G1 X108.17 Y120.838 E597.38615
G1 X108.578 Y120.374 E597.4067
G1 X108.919 Y119.859 E597.42724
G1 X109.196 Y119.301 E597.44796
G1 X109.391 Y118.728 E597.46809
G1 X109.511 Y118.118 E597.48877
G1 X109.549 Y117.501 E597.50933
G1 X109.511 Y116.878 E597.53009
G1 X109.391 Y116.272 E597.55064
G1 X109.196 Y115.695 E597.57089
G1 X108.919 Y115.138 E597.59158
G1 X108.578 Y114.625 E597.61207
G1 X108.17 Y114.158 E597.6327
G1 X107.706 Y113.754 E597.65316
G1 X107.191 Y113.41 E597.67376
G1 X106.632 Y113.135 E597.69448
G1 X106.059 Y112.937 E597.71464
G1 X105.45 Y112.817 E597.73529
G1 X104.831 Y112.778 E597.75592
G1 X104.21 Y112.817 E597.77661
G1 X103.604 Y112.937 E597.79716
G1 X103.027 Y113.132 E597.81742
G1 X102.47 Y113.409 E597.83811
G1 X101.954 Y113.754 E597.85875
G1 X101.49 Y114.158 E597.87921
G1 X101.082 Y114.625 E597.89984
G1 X100.741 Y115.138 E597.92033
G1 X100.464 Y115.695 E597.94102
G1 X100.269 Y116.272 E597.96128
G1 X100.149 Y116.878 E597.98182
G1 X100.11 Y117.501 E598.00258
G1 X100.149 Y118.118 E598.02315
G1 X100.269 Y118.724 E598.04369
G1 X100.464 Y119.301 E598.06395
G1 X100.741 Y119.859 E598.08467
G1 X101.082 Y120.374 E598.10522
G1 X101.49 Y120.838 E598.12577
G1 X101.954 Y121.246 E598.14632
G1 X102.469 Y121.587 E598.16686
G1 X103.027 Y121.864 E598.18758
G1 X103.604 Y122.059 E598.20784
G1 X104.212 Y122.18 E598.22846
G1 X104.831 Y122.222 E598.24909
G0 F9000 X104.831 Y122.623
;TYPE:WALL-OUTER
G1 F600 X105.501 Y122.577 E598.27143
G1 X106.164 Y122.446 E598.29391
G1 X106.787 Y122.234 E598.31579
G1 X107.391 Y121.934 E598.33822
G1 X107.95 Y121.564 E598.36052
G1 X108.454 Y121.122 E598.38282
G1 X108.896 Y120.618 E598.40511
G1 X109.266 Y120.059 E598.42741
G1 X109.566 Y119.455 E598.44984
G1 X109.778 Y118.832 E598.47173
G1 X109.909 Y118.17 E598.49417
G1 X109.951 Y117.501 E598.51647
G1 X109.909 Y116.826 E598.53896
G1 X109.778 Y116.168 E598.56128
G1 X109.566 Y115.541 E598.58329
G1 X109.266 Y114.937 E598.60572
G1 X108.896 Y114.382 E598.62791
G1 X108.454 Y113.874 E598.6503
G1 X107.95 Y113.436 E598.67251
G1 X107.391 Y113.062 E598.69488
G1 X106.786 Y112.765 E598.7173
G1 X106.163 Y112.55 E598.73922
G1 X105.502 Y112.419 E598.76163
G1 X104.831 Y112.377 E598.78399
G1 X104.158 Y112.419 E598.80642
G1 X103.5 Y112.55 E598.82873
G1 X102.873 Y112.762 E598.85075
G1 X102.269 Y113.062 E598.87318
G1 X101.71 Y113.436 E598.89555
G1 X101.206 Y113.874 E598.91776
G1 X100.764 Y114.382 E598.94015
G1 X100.394 Y114.937 E598.96234
G1 X100.094 Y115.541 E598.98477
G1 X99.882 Y116.168 E599.00678
G1 X99.751 Y116.826 E599.0291
G1 X99.709 Y117.501 E599.05159
G1 X99.751 Y118.17 E599.07389
G1 X99.882 Y118.828 E599.0962
G1 X100.094 Y119.455 E599.11822
G1 X100.394 Y120.059 E599.14065
G1 X100.764 Y120.618 E599.16294
G1 X101.206 Y121.122 E599.18524
G1 X101.71 Y121.564 E599.20753
G1 X102.269 Y121.934 E599.22983
G1 X102.873 Y122.234 E599.25226
G1 X103.5 Y122.446 E599.27428
G1 X104.159 Y122.577 E599.29662
G1 X104.831 Y122.623 E599.31903
G0 F9000 X105.15 Y122.12
;TYPE:FILL
G1 F600 X100.21 Y117.18 E599.55139
G0 F9000 X100.21 Y117.819
G1 F600 X105.151 Y112.878 E599.7838
G0 F9000 X105.136 Y113.106
G0 X102.43 Y113.808
G0 X102.304 Y113.617
G1 F600 X108.713 Y120.026 E600.08526
G0 F9000 X108.525 Y119.9
G0 X108.523 Y115.098
G0 X108.713 Y114.973
G1 F600 X102.304 Y121.382 E600.38672
G0 F9000 X102.597 Y120.944
;MESH:NONMESH
G0 F300 X102.597 Y120.944 Z9.6
G0 F9000 X104.832 Y121.913
G0 X104.831 Y122.222
;TIME_ELAPSED:1104.167532
;LAYER:47
;note -- min layer time used
;TYPE:WALL-INNER
;MESH:FT10-Input Crank.stl
G1 F600 X105.448 Y122.18 E600.40729
G1 X106.06 Y122.059 E600.42804
G1 X106.633 Y121.864 E600.44817
G1 X107.191 Y121.587 E600.46889
G1 X107.706 Y121.246 E600.48943
G1 X108.17 Y120.838 E600.50998
G1 X108.578 Y120.374 E600.53053
G1 X108.919 Y119.859 E600.55107
G1 X109.196 Y119.301 E600.57179
G1 X109.391 Y118.728 E600.59193
G1 X109.511 Y118.118 E600.6126
G1 X109.549 Y117.501 E600.63316
G1 X109.511 Y116.878 E600.65392
G1 X109.391 Y116.272 E600.67447
G1 X109.196 Y115.695 E600.69473
G1 X108.919 Y115.138 E600.71542
G1 X108.578 Y114.625 E600.73591
G1 X108.17 Y114.158 E600.75653
G1 X107.706 Y113.754 E600.77699
G1 X107.191 Y113.41 E600.79759
G1 X106.632 Y113.135 E600.81831
G1 X106.059 Y112.937 E600.83848
G1 X105.45 Y112.817 E600.85912
G1 X104.831 Y112.778 E600.87975
G1 X104.21 Y112.817 E600.90045
G1 X103.604 Y112.937 E600.92099
G1 X103.027 Y113.132 E600.94125
G1 X102.47 Y113.409 E600.96194
G1 X101.954 Y113.754 E600.98259
G1 X101.49 Y114.158 E601.00305
G1 X101.082 Y114.625 E601.02367
G1 X100.741 Y115.138 E601.04416
G1 X100.464 Y115.695 E601.06485
G1 X100.269 Y116.272 E601.08511
G1 X100.149 Y116.878 E601.10566
G1 X100.11 Y117.501 E601.12642
G1 X100.149 Y118.118 E601.14698
G1 X100.269 Y118.724 E601.16753
G1 X100.464 Y119.301 E601.18779
G1 X100.741 Y119.859 E601.20851
G1 X101.082 Y120.374 E601.22905
G1 X101.49 Y120.838 E601.2496
G1 X101.954 Y121.246 E601.27015
G1 X102.469 Y121.587 E601.29069
G1 X103.027 Y121.864 E601.31141
G1 X103.604 Y122.059 E601.33167
G1 X104.212 Y122.18 E601.35229
G1 X104.831 Y122.222 E601.37293
G0 F9000 X104.831 Y122.623
;TYPE:WALL-OUTER
G1 F600 X105.501 Y122.577 E601.39526
G1 X106.164 Y122.446 E601.41774
G1 X106.787 Y122.234 E601.43963
G1 X107.391 Y121.934 E601.46206
G1 X107.95 Y121.564 E601.48435
G1 X108.454 Y121.122 E601.50665
G1 X108.896 Y120.618 E601.52895
G1 X109.266 Y120.059 E601.55124
G1 X109.566 Y119.455 E601.57367
G1 X109.778 Y118.832 E601.59556
G1 X109.909 Y118.17 E601.61801
G1 X109.951 Y117.501 E601.6403
G1 X109.909 Y116.826 E601.6628
G1 X109.778 Y116.168 E601.68511
G1 X109.566 Y115.541 E601.70712
G1 X109.266 Y114.937 E601.72956
G1 X108.896 Y114.382 E601.75174
G1 X108.454 Y113.874 E601.77414
G1 X107.95 Y113.436 E601.79635
G1 X107.391 Y113.062 E601.81872
G1 X106.786 Y112.765 E601.84113
G1 X106.163 Y112.55 E601.86305
G1 X105.502 Y112.419 E601.88546
G1 X104.831 Y112.377 E601.90783
G1 X104.158 Y112.419 E601.93025
G1 X103.5 Y112.55 E601.95257
G1 X102.873 Y112.762 E601.97458
G1 X102.269 Y113.062 E601.99701
G1 X101.71 Y113.436 E602.01938
G1 X101.206 Y113.874 E602.04159
G1 X100.764 Y114.382 E602.06399
G1 X100.394 Y114.937 E602.08617
G1 X100.094 Y115.541 E602.1086
G1 X99.882 Y116.168 E602.13062
G1 X99.751 Y116.826 E602.15293
G1 X99.709 Y117.501 E602.17543
G1 X99.751 Y118.17 E602.19772
G1 X99.882 Y118.828 E602.22004
G1 X100.094 Y119.455 E602.24205
G1 X100.394 Y120.059 E602.26448
G1 X100.764 Y120.618 E602.28678
G1 X101.206 Y121.122 E602.30907
G1 X101.71 Y121.564 E602.33137
G1 X102.269 Y121.934 E602.35367
G1 X102.873 Y122.234 E602.3761
G1 X103.5 Y122.446 E602.39811
G1 X104.159 Y122.577 E602.42046
G1 X104.831 Y122.623 E602.44286
G0 F9000 X105.15 Y122.12
;TYPE:FILL
G1 F600 X100.21 Y117.18 E602.67522
G0 F9000 X100.21 Y117.819
G1 F600 X105.151 Y112.878 E602.90763
G0 F9000 X105.136 Y113.106
G0 X102.43 Y113.808
G0 X102.304 Y113.617
G1 F600 X108.713 Y120.026 E603.20909
G0 F9000 X108.525 Y119.9
G0 X108.523 Y115.098
G0 X108.713 Y114.973
G1 F600 X102.304 Y121.382 E603.51055
G0 F9000 X102.597 Y120.944
;MESH:NONMESH
G0 F300 X102.597 Y120.944 Z9.8
G0 F9000 X104.832 Y121.913
G0 X104.831 Y122.222
;TIME_ELAPSED:1114.398303
;LAYER:48
;note -- min layer time used
;TYPE:WALL-INNER
;MESH:FT10-Input Crank.stl
G1 F600 X105.448 Y122.18 E603.53112
G1 X106.06 Y122.059 E603.55187
G1 X106.633 Y121.864 E603.572
G1 X107.191 Y121.587 E603.59272
G1 X107.706 Y121.246 E603.61327
G1 X108.17 Y120.838 E603.63382
G1 X108.578 Y120.374 E603.65437
G1 X108.919 Y119.859 E603.67491
G1 X109.196 Y119.301 E603.69563
G1 X109.391 Y118.728 E603.71576
G1 X109.511 Y118.118 E603.73644
G1 X109.549 Y117.501 E603.757
G1 X109.511 Y116.878 E603.77776
G1 X109.391 Y116.272 E603.79831
G1 X109.196 Y115.695 E603.81856
G1 X108.919 Y115.138 E603.83925
G1 X108.578 Y114.625 E603.85974
G1 X108.17 Y114.158 E603.88037
G1 X107.706 Y113.754 E603.90083
G1 X107.191 Y113.41 E603.92143
G1 X106.632 Y113.135 E603.94215
G1 X106.059 Y112.937 E603.96231
G1 X105.45 Y112.817 E603.98296
G1 X104.831 Y112.778 E604.00359
G1 X104.21 Y112.817 E604.02428
G1 X103.604 Y112.937 E604.04483
G1 X103.027 Y113.132 E604.06509
G1 X102.47 Y113.409 E604.08578
G1 X101.954 Y113.754 E604.10642
G1 X101.49 Y114.158 E604.12688
G1 X101.082 Y114.625 E604.14751
G1 X100.741 Y115.138 E604.168
G1 X100.464 Y115.695 E604.18869
G1 X100.269 Y116.272 E604.20894
G1 X100.149 Y116.878 E604.22949
G1 X100.11 Y117.501 E604.25025
G1 X100.149 Y118.118 E604.27082
G1 X100.269 Y118.724 E604.29136
G1 X100.464 Y119.301 E604.31162
G1 X100.741 Y119.859 E604.33234
G1 X101.082 Y120.374 E604.35288
G1 X101.49 Y120.838 E604.37343
G1 X101.954 Y121.246 E604.39398
G1 X102.469 Y121.587 E604.41453
G1 X103.027 Y121.864 E604.43525
G1 X103.604 Y122.059 E604.45551
G1 X104.212 Y122.18 E604.47612
G1 X104.831 Y122.222 E604.49676
G0 F9000 X104.831 Y122.623
;TYPE:WALL-OUTER
G1 F600 X105.501 Y122.577 E604.5191
G1 X106.164 Y122.446 E604.54157
G1 X106.787 Y122.234 E604.56346
G1 X107.391 Y121.934 E604.58589
G1 X107.95 Y121.564 E604.60819
G1 X108.454 Y121.122 E604.63049
G1 X108.896 Y120.618 E604.65278
G1 X109.266 Y120.059 E604.67508
G1 X109.566 Y119.455 E604.69751
G1 X109.778 Y118.832 E604.7194
G1 X109.909 Y118.17 E604.74184
G1 X109.951 Y117.501 E604.76414
G1 X109.909 Y116.826 E604.78663
G1 X109.778 Y116.168 E604.80895
G1 X109.566 Y115.541 E604.83096
G1 X109.266 Y114.937 E604.85339
G1 X108.896 Y114.382 E604.87558
G1 X108.454 Y113.874 E604.89797
G1 X107.95 Y113.436 E604.92018
G1 X107.391 Y113.062 E604.94255
G1 X106.786 Y112.765 E604.96497
G1 X106.163 Y112.55 E604.98689
G1 X105.502 Y112.419 E605.0093
G1 X104.831 Y112.377 E605.03166
G1 X104.158 Y112.419 E605.05409
G1 X103.5 Y112.55 E605.0764
G1 X102.873 Y112.762 E605.09842
G1 X102.269 Y113.062 E605.12085
G1 X101.71 Y113.436 E605.14322
G1 X101.206 Y113.874 E605.16543
G1 X100.764 Y114.382 E605.18782
G1 X100.394 Y114.937 E605.21001
G1 X100.094 Y115.541 E605.23244
G1 X99.882 Y116.168 E605.25445
G1 X99.751 Y116.826 E605.27677
G1 X99.709 Y117.501 E605.29926
G1 X99.751 Y118.17 E605.32156
G1 X99.882 Y118.828 E605.34387
G1 X100.094 Y119.455 E605.36588
G1 X100.394 Y120.059 E605.38832
G1 X100.764 Y120.618 E605.41061
G1 X101.206 Y121.122 E605.43291
G1 X101.71 Y121.564 E605.4552
G1 X102.269 Y121.934 E605.4775
G1 X102.873 Y122.234 E605.49993
G1 X103.5 Y122.446 E605.52194
G1 X104.159 Y122.577 E605.54429
G1 X104.831 Y122.623 E605.56669
G0 F9000 X105.15 Y122.12
;TYPE:FILL
G1 F600 X100.21 Y117.18 E605.79906
G0 F9000 X100.21 Y117.819
G1 F600 X105.151 Y112.878 E606.03147
G0 F9000 X105.136 Y113.106
G0 X102.43 Y113.808
G0 X102.304 Y113.617
G1 F600 X108.713 Y120.026 E606.33293
G0 F9000 X108.525 Y119.9
G0 X108.523 Y115.098
G0 X108.713 Y114.973
G1 F600 X102.304 Y121.382 E606.63439
G0 F9000 X102.597 Y120.944
;MESH:NONMESH
G0 F300 X102.597 Y120.944 Z10
G0 F9000 X104.832 Y121.913
G0 X104.831 Y122.222
;TIME_ELAPSED:1124.629074
;LAYER:49
;note -- min layer time used
;TYPE:WALL-INNER
;MESH:FT10-Input Crank.stl
G1 F600 X105.448 Y122.18 E606.65496
G1 X106.06 Y122.059 E606.6757
G1 X106.633 Y121.864 E606.69584
G1 X107.191 Y121.587 E606.71656
G1 X107.706 Y121.246 E606.7371
G1 X108.17 Y120.838 E606.75765
G1 X108.578 Y120.374 E606.7782
G1 X108.919 Y119.859 E606.79874
G1 X109.196 Y119.301 E606.81946
G1 X109.391 Y118.728 E606.8396
G1 X109.511 Y118.118 E606.86027
G1 X109.549 Y117.501 E606.88083
G1 X109.511 Y116.878 E606.90159
G1 X109.391 Y116.272 E606.92214
G1 X109.196 Y115.695 E606.9424
G1 X108.919 Y115.138 E606.96309
G1 X108.578 Y114.625 E606.98358
G1 X108.17 Y114.158 E607.0042
G1 X107.706 Y113.754 E607.02466
G1 X107.191 Y113.41 E607.04526
G1 X106.632 Y113.135 E607.06598
G1 X106.059 Y112.937 E607.08615
G1 X105.45 Y112.817 E607.10679
G1 X104.831 Y112.778 E607.12742
G1 X104.21 Y112.817 E607.14812
G1 X103.604 Y112.937 E607.16866
G1 X103.027 Y113.132 E607.18892
G1 X102.47 Y113.409 E607.20961
G1 X101.954 Y113.754 E607.23026
G1 X101.49 Y114.158 E607.25072
G1 X101.082 Y114.625 E607.27134
G1 X100.741 Y115.138 E607.29183
G1 X100.464 Y115.695 E607.31252
G1 X100.269 Y116.272 E607.33278
G1 X100.149 Y116.878 E607.35333
G1 X100.11 Y117.501 E607.37409
G1 X100.149 Y118.118 E607.39465
G1 X100.269 Y118.724 E607.4152
G1 X100.464 Y119.301 E607.43545
G1 X100.741 Y119.859 E607.45617
G1 X101.082 Y120.374 E607.47672
G1 X101.49 Y120.838 E607.49727
G1 X101.954 Y121.246 E607.51782
G1 X102.469 Y121.587 E607.53836
G1 X103.027 Y121.864 E607.55908
G1 X103.604 Y122.059 E607.57934
G1 X104.212 Y122.18 E607.59996
G1 X104.831 Y122.222 E607.62059
G0 F9000 X104.831 Y122.623
;TYPE:WALL-OUTER
G1 F600 X105.501 Y122.577 E607.64293
G1 X106.164 Y122.446 E607.66541
G1 X106.787 Y122.234 E607.6873
G1 X107.391 Y121.934 E607.70973
G1 X107.95 Y121.564 E607.73202
G1 X108.454 Y121.122 E607.75432
G1 X108.896 Y120.618 E607.77662
G1 X109.266 Y120.059 E607.79891
G1 X109.566 Y119.455 E607.82134
G1 X109.778 Y118.832 E607.84323
G1 X109.909 Y118.17 E607.86568
G1 X109.951 Y117.501 E607.88797
G1 X109.909 Y116.826 E607.91046
G1 X109.778 Y116.168 E607.93278
G1 X109.566 Y115.541 E607.95479
G1 X109.266 Y114.937 E607.97722
G1 X108.896 Y114.382 E607.99941
G1 X108.454 Y113.874 E608.02181
G1 X107.95 Y113.436 E608.04401
G1 X107.391 Y113.062 E608.06638
G1 X106.786 Y112.765 E608.0888
G1 X106.163 Y112.55 E608.11072
G1 X105.502 Y112.419 E608.13313
G1 X104.831 Y112.377 E608.15549
G1 X104.158 Y112.419 E608.17792
G1 X103.5 Y112.55 E608.20024
G1 X102.873 Y112.762 E608.22225
G1 X102.269 Y113.062 E608.24468
G1 X101.71 Y113.436 E608.26705
G1 X101.206 Y113.874 E608.28926
G1 X100.764 Y114.382 E608.31166
G1 X100.394 Y114.937 E608.33384
G1 X100.094 Y115.541 E608.35627
G1 X99.882 Y116.168 E608.37829
G1 X99.751 Y116.826 E608.4006
G1 X99.709 Y117.501 E608.4231
G1 X99.751 Y118.17 E608.44539
G1 X99.882 Y118.828 E608.4677
G1 X100.094 Y119.455 E608.48972
G1 X100.394 Y120.059 E608.51215
G1 X100.764 Y120.618 E608.53445
G1 X101.206 Y121.122 E608.55674
G1 X101.71 Y121.564 E608.57904
G1 X102.269 Y121.934 E608.60133
G1 X102.873 Y122.234 E608.62376
G1 X103.5 Y122.446 E608.64578
G1 X104.159 Y122.577 E608.66813
G1 X104.831 Y122.623 E608.69053
G0 F9000 X105.15 Y122.12
;TYPE:FILL
G1 F600 X100.21 Y117.18 E608.92289
G0 F9000 X100.21 Y117.819
G1 F600 X105.151 Y112.878 E609.1553
G0 F9000 X105.136 Y113.106
G0 X102.43 Y113.808
G0 X102.304 Y113.617
G1 F600 X108.713 Y120.026 E609.45676
G0 F9000 X108.525 Y119.9
G0 X108.523 Y115.098
G0 X108.713 Y114.973
G1 F600 X102.304 Y121.382 E609.75822
G0 F9000 X102.597 Y120.944
;MESH:NONMESH
G0 F300 X102.597 Y120.944 Z10.2
G0 F9000 X104.832 Y121.913
G0 X104.831 Y122.222
;TIME_ELAPSED:1134.859845
;LAYER:50
;note -- min layer time used
;TYPE:WALL-INNER
;MESH:FT10-Input Crank.stl
G1 F600 X105.448 Y122.18 E609.77879
G1 X106.06 Y122.059 E609.79954
G1 X106.633 Y121.864 E609.81967
G1 X107.191 Y121.587 E609.84039
G1 X107.706 Y121.246 E609.86093
G1 X108.17 Y120.838 E609.88148
G1 X108.578 Y120.374 E609.90203
G1 X108.919 Y119.859 E609.92258
G1 X109.196 Y119.301 E609.9433
G1 X109.391 Y118.728 E609.96343
G1 X109.511 Y118.118 E609.98411
G1 X109.549 Y117.501 E610.00467
G1 X109.511 Y116.878 E610.02543
G1 X109.391 Y116.272 E610.04597
G1 X109.196 Y115.695 E610.06623
G1 X108.919 Y115.138 E610.08692
G1 X108.578 Y114.625 E610.10741
G1 X108.17 Y114.158 E610.12804
G1 X107.706 Y113.754 E610.1485
G1 X107.191 Y113.41 E610.1691
G1 X106.632 Y113.135 E610.18982
G1 X106.059 Y112.937 E610.20998
G1 X105.45 Y112.817 E610.23063
G1 X104.831 Y112.778 E610.25125
G1 X104.21 Y112.817 E610.27195
G1 X103.604 Y112.937 E610.2925
G1 X103.027 Y113.132 E610.31275
G1 X102.47 Y113.409 E610.33344
G1 X101.954 Y113.754 E610.35409
G1 X101.49 Y114.158 E610.37455
G1 X101.082 Y114.625 E610.39518
G1 X100.741 Y115.138 E610.41567
G1 X100.464 Y115.695 E610.43636
G1 X100.269 Y116.272 E610.45661
G1 X100.149 Y116.878 E610.47716
G1 X100.11 Y117.501 E610.49792
G1 X100.149 Y118.118 E610.51848
G1 X100.269 Y118.724 E610.53903
G1 X100.464 Y119.301 E610.55929
G1 X100.741 Y119.859 E610.58001
G1 X101.082 Y120.374 E610.60055
G1 X101.49 Y120.838 E610.6211
G1 X101.954 Y121.246 E610.64165
G1 X102.469 Y121.587 E610.6622
G1 X103.027 Y121.864 E610.68292
G1 X103.604 Y122.059 E610.70317
G1 X104.212 Y122.18 E610.72379
G1 X104.831 Y122.222 E610.74443
G0 F9000 X104.831 Y122.623
;TYPE:WALL-OUTER
G1 F600 X105.501 Y122.577 E610.76677
G1 X106.164 Y122.446 E610.78924
G1 X106.787 Y122.234 E610.81113
G1 X107.391 Y121.934 E610.83356
G1 X107.95 Y121.564 E610.85586
G1 X108.454 Y121.122 E610.87815
G1 X108.896 Y120.618 E610.90045
G1 X109.266 Y120.059 E610.92275
G1 X109.566 Y119.455 E610.94518
G1 X109.778 Y118.832 E610.96707
G1 X109.909 Y118.17 E610.98951
G1 X109.951 Y117.501 E611.01181
G1 X109.909 Y116.826 E611.0343
G1 X109.778 Y116.168 E611.05661
G1 X109.566 Y115.541 E611.07863
G1 X109.266 Y114.937 E611.10106
G1 X108.896 Y114.382 E611.12324
G1 X108.454 Y113.874 E611.14564
G1 X107.95 Y113.436 E611.16785
G1 X107.391 Y113.062 E611.19022
G1 X106.786 Y112.765 E611.21264
G1 X106.163 Y112.55 E611.23456
G1 X105.502 Y112.419 E611.25697
G1 X104.831 Y112.377 E611.27933
G1 X104.158 Y112.419 E611.30176
G1 X103.5 Y112.55 E611.32407
G1 X102.873 Y112.762 E611.34609
G1 X102.269 Y113.062 E611.36852
G1 X101.71 Y113.436 E611.39089
G1 X101.206 Y113.874 E611.41309
G1 X100.764 Y114.382 E611.43549
G1 X100.394 Y114.937 E611.45768
G1 X100.094 Y115.541 E611.48011
G1 X99.882 Y116.168 E611.50212
G1 X99.751 Y116.826 E611.52444
G1 X99.709 Y117.501 E611.54693
G1 X99.751 Y118.17 E611.56922
G1 X99.882 Y118.828 E611.59154
G1 X100.094 Y119.455 E611.61355
G1 X100.394 Y120.059 E611.63598
G1 X100.764 Y120.618 E611.65828
G1 X101.206 Y121.122 E611.68058
G1 X101.71 Y121.564 E611.70287
G1 X102.269 Y121.934 E611.72517
G1 X102.873 Y122.234 E611.7476
G1 X103.5 Y122.446 E611.76961
G1 X104.159 Y122.577 E611.79196
G1 X104.831 Y122.623 E611.81436
G0 F9000 X105.15 Y122.12
;TYPE:FILL
G1 F600 X100.21 Y117.18 E612.04673
G0 F9000 X100.21 Y117.819
G1 F600 X105.151 Y112.878 E612.27914
G0 F9000 X105.136 Y113.106
G0 X102.43 Y113.808
G0 X102.304 Y113.617
G1 F600 X108.713 Y120.026 E612.5806
G0 F9000 X108.525 Y119.9
G0 X108.523 Y115.098
G0 X108.713 Y114.973
G1 F600 X102.304 Y121.382 E612.88206
G0 F9000 X102.597 Y120.944
;MESH:NONMESH
G0 F300 X102.597 Y120.944 Z10.4
G0 F9000 X104.832 Y121.913
G0 X104.831 Y122.222
;TIME_ELAPSED:1145.090616
;LAYER:51
;note -- min layer time used
;TYPE:WALL-INNER
;MESH:FT10-Input Crank.stl
G1 F600 X105.448 Y122.18 E612.90262
G1 X106.06 Y122.059 E612.92337
G1 X106.633 Y121.864 E612.9435
G1 X107.191 Y121.587 E612.96422
G1 X107.706 Y121.246 E612.98477
G1 X108.17 Y120.838 E613.00532
G1 X108.578 Y120.374 E613.02587
G1 X108.919 Y119.859 E613.04641
G1 X109.196 Y119.301 E613.06713
G1 X109.391 Y118.728 E613.08726
G1 X109.511 Y118.118 E613.10794
G1 X109.549 Y117.501 E613.1285
G1 X109.511 Y116.878 E613.14926
G1 X109.391 Y116.272 E613.16981
G1 X109.196 Y115.695 E613.19007
G1 X108.919 Y115.138 E613.21076
G1 X108.578 Y114.625 E613.23124
G1 X108.17 Y114.158 E613.25187
G1 X107.706 Y113.754 E613.27233
G1 X107.191 Y113.41 E613.29293
G1 X106.632 Y113.135 E613.31365
G1 X106.059 Y112.937 E613.33382
G1 X105.45 Y112.817 E613.35446
G1 X104.831 Y112.778 E613.37509
G1 X104.21 Y112.817 E613.39578
G1 X103.604 Y112.937 E613.41633
G1 X103.027 Y113.132 E613.43659
G1 X102.47 Y113.409 E613.45728
G1 X101.954 Y113.754 E613.47792
G1 X101.49 Y114.158 E613.49839
G1 X101.082 Y114.625 E613.51901
G1 X100.741 Y115.138 E613.5395
G1 X100.464 Y115.695 E613.56019
G1 X100.269 Y116.272 E613.58045
G1 X100.149 Y116.878 E613.601
G1 X100.11 Y117.501 E613.62176
G1 X100.149 Y118.118 E613.64232
G1 X100.269 Y118.724 E613.66287
G1 X100.464 Y119.301 E613.68312
G1 X100.741 Y119.859 E613.70384
G1 X101.082 Y120.374 E613.72439
G1 X101.49 Y120.838 E613.74494
G1 X101.954 Y121.246 E613.76549
G1 X102.469 Y121.587 E613.78603
G1 X103.027 Y121.864 E613.80675
G1 X103.604 Y122.059 E613.82701
G1 X104.212 Y122.18 E613.84763
G1 X104.831 Y122.222 E613.86826
G0 F9000 X104.831 Y122.623
;TYPE:WALL-OUTER
G1 F600 X105.501 Y122.577 E613.8906
G1 X106.164 Y122.446 E613.91308
G1 X106.787 Y122.234 E613.93497
G1 X107.391 Y121.934 E613.9574
G1 X107.95 Y121.564 E613.97969
G1 X108.454 Y121.122 E614.00199
G1 X108.896 Y120.618 E614.02428
G1 X109.266 Y120.059 E614.04658
G1 X109.566 Y119.455 E614.06901
G1 X109.778 Y118.832 E614.0909
G1 X109.909 Y118.17 E614.11334
G1 X109.951 Y117.501 E614.13564
G1 X109.909 Y116.826 E614.15813
G1 X109.778 Y116.168 E614.18045
G1 X109.566 Y115.541 E614.20246
G1 X109.266 Y114.937 E614.22489
G1 X108.896 Y114.382 E614.24708
G1 X108.454 Y113.874 E614.26947
G1 X107.95 Y113.436 E614.29168
G1 X107.391 Y113.062 E614.31405
G1 X106.786 Y112.765 E614.33647
G1 X106.163 Y112.55 E614.35839
G1 X105.502 Y112.419 E614.3808
G1 X104.831 Y112.377 E614.40316
G1 X104.158 Y112.419 E614.42559
G1 X103.5 Y112.55 E614.44791
G1 X102.873 Y112.762 E614.46992
G1 X102.269 Y113.062 E614.49235
G1 X101.71 Y113.436 E614.51472
G1 X101.206 Y113.874 E614.53693
G1 X100.764 Y114.382 E614.55933
G1 X100.394 Y114.937 E614.58151
G1 X100.094 Y115.541 E614.60394
G1 X99.882 Y116.168 E614.62596
G1 X99.751 Y116.826 E614.64827
G1 X99.709 Y117.501 E614.67076
G1 X99.751 Y118.17 E614.69306
G1 X99.882 Y118.828 E614.71537
G1 X100.094 Y119.455 E614.73739
G1 X100.394 Y120.059 E614.75982
G1 X100.764 Y120.618 E614.78211
G1 X101.206 Y121.122 E614.80441
G1 X101.71 Y121.564 E614.82671
G1 X102.269 Y121.934 E614.849
G1 X102.873 Y122.234 E614.87143
G1 X103.5 Y122.446 E614.89345
G1 X104.159 Y122.577 E614.91579
G1 X104.831 Y122.623 E614.9382
G0 F9000 X105.15 Y122.12
;TYPE:FILL
G1 F600 X100.21 Y117.18 E615.17056
G0 F9000 X100.21 Y117.819
G1 F600 X105.151 Y112.878 E615.40297
G0 F9000 X105.136 Y113.106
G0 X102.43 Y113.808
G0 X102.304 Y113.617
G1 F600 X108.713 Y120.026 E615.70443
G0 F9000 X108.525 Y119.9
G0 X108.523 Y115.098
G0 X108.713 Y114.973
G1 F600 X102.304 Y121.382 E616.00589
G0 F9000 X102.597 Y120.944
;MESH:NONMESH
G0 F300 X102.597 Y120.944 Z10.6
G0 F9000 X104.832 Y121.913
G0 X104.831 Y122.222
;TIME_ELAPSED:1155.321387
;LAYER:52
;note -- min layer time used
;TYPE:WALL-INNER
;MESH:FT10-Input Crank.stl
G1 F600 X105.448 Y122.18 E616.02646
G1 X106.06 Y122.059 E616.04721
G1 X106.633 Y121.864 E616.06734
G1 X107.191 Y121.587 E616.08806
G1 X107.706 Y121.246 E616.1086
G1 X108.17 Y120.838 E616.12915
G1 X108.578 Y120.374 E616.1497
G1 X108.919 Y119.859 E616.17025
G1 X109.196 Y119.301 E616.19097
G1 X109.391 Y118.728 E616.2111
G1 X109.511 Y118.118 E616.23178
G1 X109.549 Y117.501 E616.25234
G1 X109.511 Y116.878 E616.2731
G1 X109.391 Y116.272 E616.29364
G1 X109.196 Y115.695 E616.3139
G1 X108.919 Y115.138 E616.33459
G1 X108.578 Y114.625 E616.35508
G1 X108.17 Y114.158 E616.3757
G1 X107.706 Y113.754 E616.39617
G1 X107.191 Y113.41 E616.41677
G1 X106.632 Y113.135 E616.43749
G1 X106.059 Y112.937 E616.45765
G1 X105.45 Y112.817 E616.47829
G1 X104.831 Y112.778 E616.49892
G1 X104.21 Y112.817 E616.51962
G1 X103.604 Y112.937 E616.54017
G1 X103.027 Y113.132 E616.56042
G1 X102.47 Y113.409 E616.58111
G1 X101.954 Y113.754 E616.60176
G1 X101.49 Y114.158 E616.62222
G1 X101.082 Y114.625 E616.64285
G1 X100.741 Y115.138 E616.66333
G1 X100.464 Y115.695 E616.68403
G1 X100.269 Y116.272 E616.70428
G1 X100.149 Y116.878 E616.72483
G1 X100.11 Y117.501 E616.74559
G1 X100.149 Y118.118 E616.76615
G1 X100.269 Y118.724 E616.7867
G1 X100.464 Y119.301 E616.80696
G1 X100.741 Y119.859 E616.82768
G1 X101.082 Y120.374 E616.84822
G1 X101.49 Y120.838 E616.86877
G1 X101.954 Y121.246 E616.88932
G1 X102.469 Y121.587 E616.90987
G1 X103.027 Y121.864 E616.93059
G1 X103.604 Y122.059 E616.95084
G1 X104.212 Y122.18 E616.97146
G1 X104.831 Y122.222 E616.9921
G0 F9000 X104.831 Y122.623
;TYPE:WALL-OUTER
G1 F600 X105.501 Y122.577 E617.01443
G1 X106.164 Y122.446 E617.03691
G1 X106.787 Y122.234 E617.0588
G1 X107.391 Y121.934 E617.08123
G1 X107.95 Y121.564 E617.10353
G1 X108.454 Y121.122 E617.12582
G1 X108.896 Y120.618 E617.14812
G1 X109.266 Y120.059 E617.17042
G1 X109.566 Y119.455 E617.19285
G1 X109.778 Y118.832 E617.21473
G1 X109.909 Y118.17 E617.23718
G1 X109.951 Y117.501 E617.25947
G1 X109.909 Y116.826 E617.28197
G1 X109.778 Y116.168 E617.30428
G1 X109.566 Y115.541 E617.3263
G1 X109.266 Y114.937 E617.34873
G1 X108.896 Y114.382 E617.37091
G1 X108.454 Y113.874 E617.39331
G1 X107.95 Y113.436 E617.41552
G1 X107.391 Y113.062 E617.43789
G1 X106.786 Y112.765 E617.4603
G1 X106.163 Y112.55 E617.48222
G1 X105.502 Y112.419 E617.50464
G1 X104.831 Y112.377 E617.527
G1 X104.158 Y112.419 E617.54943
G1 X103.5 Y112.55 E617.57174
G1 X102.873 Y112.762 E617.59375
G1 X102.269 Y113.062 E617.61618
G1 X101.71 Y113.436 E617.63855
G1 X101.206 Y113.874 E617.66076
G1 X100.764 Y114.382 E617.68316
G1 X100.394 Y114.937 E617.70535
G1 X100.094 Y115.541 E617.72778
G1 X99.882 Y116.168 E617.74979
G1 X99.751 Y116.826 E617.7721
G1 X99.709 Y117.501 E617.7946
G1 X99.751 Y118.17 E617.81689
G1 X99.882 Y118.828 E617.83921
G1 X100.094 Y119.455 E617.86122
G1 X100.394 Y120.059 E617.88365
G1 X100.764 Y120.618 E617.90595
G1 X101.206 Y121.122 E617.92825
G1 X101.71 Y121.564 E617.95054
G1 X102.269 Y121.934 E617.97284
G1 X102.873 Y122.234 E617.99527
G1 X103.5 Y122.446 E618.01728
G1 X104.159 Y122.577 E618.03963
G1 X104.831 Y122.623 E618.06203
G0 F9000 X105.15 Y122.12
;TYPE:FILL
G1 F600 X100.21 Y117.18 E618.29439
G0 F9000 X100.21 Y117.819
G1 F600 X105.151 Y112.878 E618.5268
G0 F9000 X105.136 Y113.106
G0 X102.43 Y113.808
G0 X102.304 Y113.617
G1 F600 X108.713 Y120.026 E618.82826
G0 F9000 X108.525 Y119.9
G0 X108.523 Y115.098
G0 X108.713 Y114.973
G1 F600 X102.304 Y121.382 E619.12972
G0 F9000 X102.597 Y120.944
;MESH:NONMESH
G0 F300 X102.597 Y120.944 Z10.8
G0 F9000 X104.832 Y121.913
G0 X104.831 Y122.222
;TIME_ELAPSED:1165.552158
;LAYER:53
;note -- min layer time used
;TYPE:WALL-INNER
;MESH:FT10-Input Crank.stl
G1 F600 X105.448 Y122.18 E619.15029
G1 X106.06 Y122.059 E619.17104
G1 X106.633 Y121.864 E619.19117
G1 X107.191 Y121.587 E619.21189
G1 X107.706 Y121.246 E619.23244
G1 X108.17 Y120.838 E619.25299
G1 X108.578 Y120.374 E619.27354
G1 X108.919 Y119.859 E619.29408
G1 X109.196 Y119.301 E619.3148
G1 X109.391 Y118.728 E619.33493
G1 X109.511 Y118.118 E619.35561
G1 X109.549 Y117.501 E619.37617
G1 X109.511 Y116.878 E619.39693
G1 X109.391 Y116.272 E619.41748
G1 X109.196 Y115.695 E619.43773
G1 X108.919 Y115.138 E619.45843
G1 X108.578 Y114.625 E619.47891
G1 X108.17 Y114.158 E619.49954
G1 X107.706 Y113.754 E619.52
G1 X107.191 Y113.41 E619.5406
G1 X106.632 Y113.135 E619.56132
G1 X106.059 Y112.937 E619.58148
G1 X105.45 Y112.817 E619.60213
G1 X104.831 Y112.778 E619.62276
G1 X104.21 Y112.817 E619.64345
G1 X103.604 Y112.937 E619.664
G1 X103.027 Y113.132 E619.68426
G1 X102.47 Y113.409 E619.70495
G1 X101.954 Y113.754 E619.72559
G1 X101.49 Y114.158 E619.74606
G1 X101.082 Y114.625 E619.76668
G1 X100.741 Y115.138 E619.78717
G1 X100.464 Y115.695 E619.80786
G1 X100.269 Y116.272 E619.82812
G1 X100.149 Y116.878 E619.84866
G1 X100.11 Y117.501 E619.86943
G1 X100.149 Y118.118 E619.88999
G1 X100.269 Y118.724 E619.91054
G1 X100.464 Y119.301 E619.93079
G1 X100.741 Y119.859 E619.95151
G1 X101.082 Y120.374 E619.97206
G1 X101.49 Y120.838 E619.99261
G1 X101.954 Y121.246 E620.01316
G1 X102.469 Y121.587 E620.0337
G1 X103.027 Y121.864 E620.05442
G1 X103.604 Y122.059 E620.07468
G1 X104.212 Y122.18 E620.0953
G1 X104.831 Y122.222 E620.11593
G0 F9000 X104.831 Y122.623
;TYPE:WALL-OUTER
G1 F600 X105.501 Y122.577 E620.13827
G1 X106.164 Y122.446 E620.16075
G1 X106.787 Y122.234 E620.18263
G1 X107.391 Y121.934 E620.20507
G1 X107.95 Y121.564 E620.22736
G1 X108.454 Y121.122 E620.24966
G1 X108.896 Y120.618 E620.27195
G1 X109.266 Y120.059 E620.29425
G1 X109.566 Y119.455 E620.31668
G1 X109.778 Y118.832 E620.33857
G1 X109.909 Y118.17 E620.36101
G1 X109.951 Y117.501 E620.38331
G1 X109.909 Y116.826 E620.4058
G1 X109.778 Y116.168 E620.42812
G1 X109.566 Y115.541 E620.45013
G1 X109.266 Y114.937 E620.47256
G1 X108.896 Y114.382 E620.49475
G1 X108.454 Y113.874 E620.51714
G1 X107.95 Y113.436 E620.53935
G1 X107.391 Y113.062 E620.56172
G1 X106.786 Y112.765 E620.58414
G1 X106.163 Y112.55 E620.60606
G1 X105.502 Y112.419 E620.62847
G1 X104.831 Y112.377 E620.65083
G1 X104.158 Y112.419 E620.67326
G1 X103.5 Y112.55 E620.69557
G1 X102.873 Y112.762 E620.71759
G1 X102.269 Y113.062 E620.74002
G1 X101.71 Y113.436 E620.76239
G1 X101.206 Y113.874 E620.7846
G1 X100.764 Y114.382 E620.80699
G1 X100.394 Y114.937 E620.82918
G1 X100.094 Y115.541 E620.85161
G1 X99.882 Y116.168 E620.87362
G1 X99.751 Y116.826 E620.89594
G1 X99.709 Y117.501 E620.91843
G1 X99.751 Y118.17 E620.94073
G1 X99.882 Y118.828 E620.96304
G1 X100.094 Y119.455 E620.98506
G1 X100.394 Y120.059 E621.00749
G1 X100.764 Y120.618 E621.02978
G1 X101.206 Y121.122 E621.05208
G1 X101.71 Y121.564 E621.07438
G1 X102.269 Y121.934 E621.09667
G1 X102.873 Y122.234 E621.1191
G1 X103.5 Y122.446 E621.14112
G1 X104.159 Y122.577 E621.16346
G1 X104.831 Y122.623 E621.18587
G0 F9000 X105.15 Y122.12
;TYPE:FILL
G1 F600 X100.21 Y117.18 E621.41823
G0 F9000 X100.21 Y117.819
G1 F600 X105.151 Y112.878 E621.65064
G0 F9000 X105.136 Y113.106
G0 X102.43 Y113.808
G0 X102.304 Y113.617
G1 F600 X108.713 Y120.026 E621.9521
G0 F9000 X108.525 Y119.9
G0 X108.523 Y115.098
G0 X108.713 Y114.973
G1 F600 X102.304 Y121.382 E622.25356
G0 F9000 X102.597 Y120.944
;MESH:NONMESH
G0 F300 X102.597 Y120.944 Z11
G0 F9000 X104.832 Y121.913
G0 X104.831 Y122.222
;TIME_ELAPSED:1175.782929
;LAYER:54
;note -- min layer time used
;TYPE:WALL-INNER
;MESH:FT10-Input Crank.stl
G1 F600 X105.448 Y122.18 E622.27413
G1 X106.06 Y122.059 E622.29488
G1 X106.633 Y121.864 E622.31501
G1 X107.191 Y121.587 E622.33573
G1 X107.706 Y121.246 E622.35627
G1 X108.17 Y120.838 E622.37682
G1 X108.578 Y120.374 E622.39737
G1 X108.919 Y119.859 E622.41792
G1 X109.196 Y119.301 E622.43864
G1 X109.391 Y118.728 E622.45877
G1 X109.511 Y118.118 E622.47944
G1 X109.549 Y117.501 E622.50001
G1 X109.511 Y116.878 E622.52076
G1 X109.391 Y116.272 E622.54131
G1 X109.196 Y115.695 E622.56157
G1 X108.919 Y115.138 E622.58226
G1 X108.578 Y114.625 E622.60275
G1 X108.17 Y114.158 E622.62337
G1 X107.706 Y113.754 E622.64384
G1 X107.191 Y113.41 E622.66443
G1 X106.632 Y113.135 E622.68515
G1 X106.059 Y112.937 E622.70532
G1 X105.45 Y112.817 E622.72596
G1 X104.831 Y112.778 E622.74659
G1 X104.21 Y112.817 E622.76729
G1 X103.604 Y112.937 E622.78783
G1 X103.027 Y113.132 E622.80809
G1 X102.47 Y113.409 E622.82878
G1 X101.954 Y113.754 E622.84943
G1 X101.49 Y114.158 E622.86989
G1 X101.082 Y114.625 E622.89052
G1 X100.741 Y115.138 E622.911
G1 X100.464 Y115.695 E622.93169
G1 X100.269 Y116.272 E622.95195
G1 X100.149 Y116.878 E622.9725
G1 X100.11 Y117.501 E622.99326
G1 X100.149 Y118.118 E623.01382
G1 X100.269 Y118.724 E623.03437
G1 X100.464 Y119.301 E623.05463
G1 X100.741 Y119.859 E623.07535
G1 X101.082 Y120.374 E623.09589
G1 X101.49 Y120.838 E623.11644
G1 X101.954 Y121.246 E623.13699
G1 X102.469 Y121.587 E623.15753
G1 X103.027 Y121.864 E623.17825
G1 X103.604 Y122.059 E623.19851
G1 X104.212 Y122.18 E623.21913
G1 X104.831 Y122.222 E623.23977
G0 F9000 X104.831 Y122.623
;TYPE:WALL-OUTER
G1 F600 X105.501 Y122.577 E623.2621
G1 X106.164 Y122.446 E623.28458
G1 X106.787 Y122.234 E623.30647
G1 X107.391 Y121.934 E623.3289
G1 X107.95 Y121.564 E623.3512
G1 X108.454 Y121.122 E623.37349
G1 X108.896 Y120.618 E623.39579
G1 X109.266 Y120.059 E623.41808
G1 X109.566 Y119.455 E623.44051
G1 X109.778 Y118.832 E623.4624
G1 X109.909 Y118.17 E623.48485
G1 X109.951 Y117.501 E623.50714
G1 X109.909 Y116.826 E623.52964
G1 X109.778 Y116.168 E623.55195
G1 X109.566 Y115.541 E623.57397
G1 X109.266 Y114.937 E623.5964
G1 X108.896 Y114.382 E623.61858
G1 X108.454 Y113.874 E623.64098
G1 X107.95 Y113.436 E623.66319
G1 X107.391 Y113.062 E623.68556
G1 X106.786 Y112.765 E623.70797
G1 X106.163 Y112.55 E623.72989
G1 X105.502 Y112.419 E623.75231
G1 X104.831 Y112.377 E623.77467
G1 X104.158 Y112.419 E623.79709
G1 X103.5 Y112.55 E623.81941
G1 X102.873 Y112.762 E623.84142
G1 X102.269 Y113.062 E623.86385
G1 X101.71 Y113.436 E623.88622
G1 X101.206 Y113.874 E623.90843
G1 X100.764 Y114.382 E623.93083
G1 X100.394 Y114.937 E623.95301
G1 X100.094 Y115.541 E623.97544
G1 X99.882 Y116.168 E623.99746
G1 X99.751 Y116.826 E624.01977
G1 X99.709 Y117.501 E624.04227
G1 X99.751 Y118.17 E624.06456
G1 X99.882 Y118.828 E624.08688
G1 X100.094 Y119.455 E624.10889
G1 X100.394 Y120.059 E624.13132
G1 X100.764 Y120.618 E624.15362
G1 X101.206 Y121.122 E624.17591
G1 X101.71 Y121.564 E624.19821
G1 X102.269 Y121.934 E624.22051
G1 X102.873 Y122.234 E624.24294
G1 X103.5 Y122.446 E624.26495
G1 X104.159 Y122.577 E624.2873
G1 X104.831 Y122.623 E624.3097
G0 F9000 X105.15 Y122.12
;TYPE:FILL
G1 F600 X100.21 Y117.18 E624.54206
G0 F9000 X100.21 Y117.819
G1 F600 X105.151 Y112.878 E624.77447
G0 F9000 X105.136 Y113.106
G0 X102.43 Y113.808
G0 X102.304 Y113.617
G1 F600 X108.713 Y120.026 E625.07593
G0 F9000 X108.525 Y119.9
G0 X108.523 Y115.098
G0 X108.713 Y114.973
G1 F600 X102.304 Y121.382 E625.37739
G0 F9000 X102.597 Y120.944
;MESH:NONMESH
G0 F300 X102.597 Y120.944 Z11.2
G0 F9000 X104.832 Y121.913
G0 X104.831 Y122.222
;TIME_ELAPSED:1186.013700
;LAYER:55
;note -- min layer time used
;TYPE:WALL-INNER
;MESH:FT10-Input Crank.stl
G1 F600 X105.448 Y122.18 E625.39796
G1 X106.06 Y122.059 E625.41871
G1 X106.633 Y121.864 E625.43884
G1 X107.191 Y121.587 E625.45956
G1 X107.706 Y121.246 E625.48011
G1 X108.17 Y120.838 E625.50066
G1 X108.578 Y120.374 E625.52121
G1 X108.919 Y119.859 E625.54175
G1 X109.196 Y119.301 E625.56247
G1 X109.391 Y118.728 E625.5826
G1 X109.511 Y118.118 E625.60328
G1 X109.549 Y117.501 E625.62384
G1 X109.511 Y116.878 E625.6446
G1 X109.391 Y116.272 E625.66515
G1 X109.196 Y115.695 E625.6854
G1 X108.919 Y115.138 E625.70609
G1 X108.578 Y114.625 E625.72658
G1 X108.17 Y114.158 E625.74721
G1 X107.706 Y113.754 E625.76767
G1 X107.191 Y113.41 E625.78827
G1 X106.632 Y113.135 E625.80899
G1 X106.059 Y112.937 E625.82915
G1 X105.45 Y112.817 E625.8498
G1 X104.831 Y112.778 E625.87043
G1 X104.21 Y112.817 E625.89112
G1 X103.604 Y112.937 E625.91167
G1 X103.027 Y113.132 E625.93193
G1 X102.47 Y113.409 E625.95262
G1 X101.954 Y113.754 E625.97326
G1 X101.49 Y114.158 E625.99372
G1 X101.082 Y114.625 E626.01435
G1 X100.741 Y115.138 E626.03484
G1 X100.464 Y115.695 E626.05553
G1 X100.269 Y116.272 E626.07579
G1 X100.149 Y116.878 E626.09633
G1 X100.11 Y117.501 E626.11709
G1 X100.149 Y118.118 E626.13766
G1 X100.269 Y118.724 E626.1582
G1 X100.464 Y119.301 E626.17846
G1 X100.741 Y119.859 E626.19918
G1 X101.082 Y120.374 E626.21972
G1 X101.49 Y120.838 E626.24028
G1 X101.954 Y121.246 E626.26083
G1 X102.469 Y121.587 E626.28137
G1 X103.027 Y121.864 E626.30209
G1 X103.604 Y122.059 E626.32235
G1 X104.212 Y122.18 E626.34297
G1 X104.831 Y122.222 E626.3636
G0 F9000 X104.831 Y122.623
;TYPE:WALL-OUTER
G1 F600 X105.501 Y122.577 E626.38594
G1 X106.164 Y122.446 E626.40842
G1 X106.787 Y122.234 E626.4303
G1 X107.391 Y121.934 E626.45273
G1 X107.95 Y121.564 E626.47503
G1 X108.454 Y121.122 E626.49733
G1 X108.896 Y120.618 E626.51962
G1 X109.266 Y120.059 E626.54192
G1 X109.566 Y119.455 E626.56435
G1 X109.778 Y118.832 E626.58624
G1 X109.909 Y118.17 E626.60868
G1 X109.951 Y117.501 E626.63098
G1 X109.909 Y116.826 E626.65347
G1 X109.778 Y116.168 E626.67579
G1 X109.566 Y115.541 E626.6978
G1 X109.266 Y114.937 E626.72023
G1 X108.896 Y114.382 E626.74242
G1 X108.454 Y113.874 E626.76481
G1 X107.95 Y113.436 E626.78702
G1 X107.391 Y113.062 E626.80939
G1 X106.786 Y112.765 E626.83181
G1 X106.163 Y112.55 E626.85373
G1 X105.502 Y112.419 E626.87614
G1 X104.831 Y112.377 E626.8985
G1 X104.158 Y112.419 E626.92093
G1 X103.5 Y112.55 E626.94324
G1 X102.873 Y112.762 E626.96526
G1 X102.269 Y113.062 E626.98769
G1 X101.71 Y113.436 E627.01006
G1 X101.206 Y113.874 E627.03227
G1 X100.764 Y114.382 E627.05466
G1 X100.394 Y114.937 E627.07685
G1 X100.094 Y115.541 E627.09928
G1 X99.882 Y116.168 E627.12129
G1 X99.751 Y116.826 E627.14361
G1 X99.709 Y117.501 E627.1661
G1 X99.751 Y118.17 E627.1884
G1 X99.882 Y118.828 E627.21071
G1 X100.094 Y119.455 E627.23273
G1 X100.394 Y120.059 E627.25516
G1 X100.764 Y120.618 E627.27745
G1 X101.206 Y121.122 E627.29975
G1 X101.71 Y121.564 E627.32204
G1 X102.269 Y121.934 E627.34434
G1 X102.873 Y122.234 E627.36677
G1 X103.5 Y122.446 E627.38879
G1 X104.159 Y122.577 E627.41113
G1 X104.831 Y122.623 E627.43354
G0 F9000 X105.15 Y122.12
;TYPE:FILL
G1 F600 X100.21 Y117.18 E627.6659
G0 F9000 X100.21 Y117.819
G1 F600 X105.151 Y112.878 E627.89831
G0 F9000 X105.136 Y113.106
G0 X102.43 Y113.808
G0 X102.304 Y113.617
G1 F600 X108.713 Y120.026 E628.19977
G0 F9000 X108.525 Y119.9
G0 X108.523 Y115.098
G0 X108.713 Y114.973
G1 F600 X102.304 Y121.382 E628.50123
G0 F9000 X102.597 Y120.944
;MESH:NONMESH
G0 F300 X102.597 Y120.944 Z11.4
G0 F9000 X104.832 Y121.913
G0 X104.831 Y122.222
;TIME_ELAPSED:1196.244470
;LAYER:56
;note -- min layer time used
;TYPE:WALL-INNER
;MESH:FT10-Input Crank.stl
G1 F600 X105.448 Y122.18 E628.5218
G1 X106.06 Y122.059 E628.54255
G1 X106.633 Y121.864 E628.56268
G1 X107.191 Y121.587 E628.5834
G1 X107.706 Y121.246 E628.60394
G1 X108.17 Y120.838 E628.62449
G1 X108.578 Y120.374 E628.64504
G1 X108.919 Y119.859 E628.66558
G1 X109.196 Y119.301 E628.6863
G1 X109.391 Y118.728 E628.70644
G1 X109.511 Y118.118 E628.72711
G1 X109.549 Y117.501 E628.74767
G1 X109.511 Y116.878 E628.76843
G1 X109.391 Y116.272 E628.78898
G1 X109.196 Y115.695 E628.80924
G1 X108.919 Y115.138 E628.82993
G1 X108.578 Y114.625 E628.85042
G1 X108.17 Y114.158 E628.87104
G1 X107.706 Y113.754 E628.8915
G1 X107.191 Y113.41 E628.9121
G1 X106.632 Y113.135 E628.93282
G1 X106.059 Y112.937 E628.95299
G1 X105.45 Y112.817 E628.97363
G1 X104.831 Y112.778 E628.99426
G1 X104.21 Y112.817 E629.01496
G1 X103.604 Y112.937 E629.0355
G1 X103.027 Y113.132 E629.05576
G1 X102.47 Y113.409 E629.07645
G1 X101.954 Y113.754 E629.0971
G1 X101.49 Y114.158 E629.11756
G1 X101.082 Y114.625 E629.13818
G1 X100.741 Y115.138 E629.15867
G1 X100.464 Y115.695 E629.17936
G1 X100.269 Y116.272 E629.19962
G1 X100.149 Y116.878 E629.22017
G1 X100.11 Y117.501 E629.24093
G1 X100.149 Y118.118 E629.26149
G1 X100.269 Y118.724 E629.28204
G1 X100.464 Y119.301 E629.3023
G1 X100.741 Y119.859 E629.32302
G1 X101.082 Y120.374 E629.34356
G1 X101.49 Y120.838 E629.36411
G1 X101.954 Y121.246 E629.38466
G1 X102.469 Y121.587 E629.4052
G1 X103.027 Y121.864 E629.42592
G1 X103.604 Y122.059 E629.44618
G1 X104.212 Y122.18 E629.4668
G1 X104.831 Y122.222 E629.48744
G0 F9000 X104.831 Y122.623
;TYPE:WALL-OUTER
G1 F600 X105.501 Y122.577 E629.50977
G1 X106.164 Y122.446 E629.53225
G1 X106.787 Y122.234 E629.55414
G1 X107.391 Y121.934 E629.57657
G1 X107.95 Y121.564 E629.59886
G1 X108.454 Y121.122 E629.62116
G1 X108.896 Y120.618 E629.64346
G1 X109.266 Y120.059 E629.66575
G1 X109.566 Y119.455 E629.68818
G1 X109.778 Y118.832 E629.71007
G1 X109.909 Y118.17 E629.73252
G1 X109.951 Y117.501 E629.75481
G1 X109.909 Y116.826 E629.77731
G1 X109.778 Y116.168 E629.79962
G1 X109.566 Y115.541 E629.82163
G1 X109.266 Y114.937 E629.84406
G1 X108.896 Y114.382 E629.86625
G1 X108.454 Y113.874 E629.88865
G1 X107.95 Y113.436 E629.91086
G1 X107.391 Y113.062 E629.93323
G1 X106.786 Y112.765 E629.95564
G1 X106.163 Y112.55 E629.97756
G1 X105.502 Y112.419 E629.99997
G1 X104.831 Y112.377 E630.02234
G1 X104.158 Y112.419 E630.04476
G1 X103.5 Y112.55 E630.06708
G1 X102.873 Y112.762 E630.08909
G1 X102.269 Y113.062 E630.11152
G1 X101.71 Y113.436 E630.13389
G1 X101.206 Y113.874 E630.1561
G1 X100.764 Y114.382 E630.1785
G1 X100.394 Y114.937 E630.20068
G1 X100.094 Y115.541 E630.22311
G1 X99.882 Y116.168 E630.24513
G1 X99.751 Y116.826 E630.26744
G1 X99.709 Y117.501 E630.28994
G1 X99.751 Y118.17 E630.31223
G1 X99.882 Y118.828 E630.33455
G1 X100.094 Y119.455 E630.35656
G1 X100.394 Y120.059 E630.37899
G1 X100.764 Y120.618 E630.40129
G1 X101.206 Y121.122 E630.42358
G1 X101.71 Y121.564 E630.44588
G1 X102.269 Y121.934 E630.46818
G1 X102.873 Y122.234 E630.49061
G1 X103.5 Y122.446 E630.51262
G1 X104.159 Y122.577 E630.53497
G1 X104.831 Y122.623 E630.55737
G0 F9000 X105.15 Y122.12
;TYPE:FILL
G1 F600 X100.21 Y117.18 E630.78973
G0 F9000 X100.21 Y117.819
G1 F600 X105.151 Y112.878 E631.02214
G0 F9000 X105.136 Y113.106
G0 X102.43 Y113.808
G0 X102.304 Y113.617
G1 F600 X108.713 Y120.026 E631.3236
G0 F9000 X108.525 Y119.9
G0 X108.523 Y115.098
G0 X108.713 Y114.973
G1 F600 X102.304 Y121.382 E631.62506
G0 F9000 X102.597 Y120.944
;MESH:NONMESH
G0 F300 X102.597 Y120.944 Z11.6
G0 F9000 X104.832 Y121.913
G0 X104.831 Y122.222
;TIME_ELAPSED:1206.475241
;LAYER:57
;note -- min layer time used
;TYPE:WALL-INNER
;MESH:FT10-Input Crank.stl
G1 F600 X105.448 Y122.18 E631.64563
G1 X106.06 Y122.059 E631.66638
G1 X106.633 Y121.864 E631.68651
G1 X107.191 Y121.587 E631.70723
G1 X107.706 Y121.246 E631.72777
G1 X108.17 Y120.838 E631.74833
G1 X108.578 Y120.374 E631.76888
G1 X108.919 Y119.859 E631.78942
G1 X109.196 Y119.301 E631.81014
G1 X109.391 Y118.728 E631.83027
G1 X109.511 Y118.118 E631.85095
G1 X109.549 Y117.501 E631.87151
G1 X109.511 Y116.878 E631.89227
G1 X109.391 Y116.272 E631.91282
G1 X109.196 Y115.695 E631.93307
G1 X108.919 Y115.138 E631.95376
G1 X108.578 Y114.625 E631.97425
G1 X108.17 Y114.158 E631.99488
G1 X107.706 Y113.754 E632.01534
G1 X107.191 Y113.41 E632.03594
G1 X106.632 Y113.135 E632.05666
G1 X106.059 Y112.937 E632.07682
G1 X105.45 Y112.817 E632.09747
G1 X104.831 Y112.778 E632.1181
G1 X104.21 Y112.817 E632.13879
G1 X103.604 Y112.937 E632.15934
G1 X103.027 Y113.132 E632.1796
G1 X102.47 Y113.409 E632.20029
G1 X101.954 Y113.754 E632.22093
G1 X101.49 Y114.158 E632.24139
G1 X101.082 Y114.625 E632.26202
G1 X100.741 Y115.138 E632.28251
G1 X100.464 Y115.695 E632.3032
G1 X100.269 Y116.272 E632.32345
G1 X100.149 Y116.878 E632.344
G1 X100.11 Y117.501 E632.36476
G1 X100.149 Y118.118 E632.38533
G1 X100.269 Y118.724 E632.40587
G1 X100.464 Y119.301 E632.42613
G1 X100.741 Y119.859 E632.44685
G1 X101.082 Y120.374 E632.46739
G1 X101.49 Y120.838 E632.48794
G1 X101.954 Y121.246 E632.50849
G1 X102.469 Y121.587 E632.52904
G1 X103.027 Y121.864 E632.54976
G1 X103.604 Y122.059 E632.57002
G1 X104.212 Y122.18 E632.59063
G1 X104.831 Y122.222 E632.61127
G0 F9000 X104.831 Y122.623
;TYPE:WALL-OUTER
G1 F600 X105.501 Y122.577 E632.63361
G1 X106.164 Y122.446 E632.65608
G1 X106.787 Y122.234 E632.67797
G1 X107.391 Y121.934 E632.7004
G1 X107.95 Y121.564 E632.7227
G1 X108.454 Y121.122 E632.745
G1 X108.896 Y120.618 E632.76729
G1 X109.266 Y120.059 E632.78959
G1 X109.566 Y119.455 E632.81202
G1 X109.778 Y118.832 E632.83391
G1 X109.909 Y118.17 E632.85635
G1 X109.951 Y117.501 E632.87865
G1 X109.909 Y116.826 E632.90114
G1 X109.778 Y116.168 E632.92345
G1 X109.566 Y115.541 E632.94547
G1 X109.266 Y114.937 E632.9679
G1 X108.896 Y114.382 E632.99008
G1 X108.454 Y113.874 E633.01248
G1 X107.95 Y113.436 E633.03469
G1 X107.391 Y113.062 E633.05706
G1 X106.786 Y112.765 E633.07948
G1 X106.163 Y112.55 E633.1014
G1 X105.502 Y112.419 E633.12381
G1 X104.831 Y112.377 E633.14617
G1 X104.158 Y112.419 E633.1686
G1 X103.5 Y112.55 E633.19091
G1 X102.873 Y112.762 E633.21293
G1 X102.269 Y113.062 E633.23536
G1 X101.71 Y113.436 E633.25773
G1 X101.206 Y113.874 E633.27994
G1 X100.764 Y114.382 E633.30233
G1 X100.394 Y114.937 E633.32452
G1 X100.094 Y115.541 E633.34695
G1 X99.882 Y116.168 E633.36896
G1 X99.751 Y116.826 E633.39128
G1 X99.709 Y117.501 E633.41377
G1 X99.751 Y118.17 E633.43607
G1 X99.882 Y118.828 E633.45838
G1 X100.094 Y119.455 E633.48039
G1 X100.394 Y120.059 E633.50282
G1 X100.764 Y120.618 E633.52512
G1 X101.206 Y121.122 E633.54742
G1 X101.71 Y121.564 E633.56971
G1 X102.269 Y121.934 E633.59201
G1 X102.873 Y122.234 E633.61444
G1 X103.5 Y122.446 E633.63645
G1 X104.159 Y122.577 E633.6588
G1 X104.831 Y122.623 E633.6812
G0 F9000 X105.15 Y122.12
;TYPE:FILL
G1 F600 X100.21 Y117.18 E633.91357
G0 F9000 X100.21 Y117.819
G1 F600 X105.151 Y112.878 E634.14598
G0 F9000 X105.136 Y113.106
G0 X102.43 Y113.808
G0 X102.304 Y113.617
G1 F600 X108.713 Y120.026 E634.44744
G0 F9000 X108.525 Y119.9
G0 X108.523 Y115.098
G0 X108.713 Y114.973
G1 F600 X102.304 Y121.382 E634.7489
G0 F9000 X102.597 Y120.944
;MESH:NONMESH
G0 F300 X102.597 Y120.944 Z11.8
G0 F9000 X104.832 Y121.913
G0 X104.831 Y122.222
;TIME_ELAPSED:1216.706012
;LAYER:58
;note -- min layer time used
;TYPE:WALL-INNER
;MESH:FT10-Input Crank.stl
G1 F600 X105.448 Y122.18 E634.76946
G1 X106.06 Y122.059 E634.79021
G1 X106.633 Y121.864 E634.81035
G1 X107.191 Y121.587 E634.83107
G1 X107.706 Y121.246 E634.85161
G1 X108.17 Y120.838 E634.87216
G1 X108.578 Y120.374 E634.89271
G1 X108.919 Y119.859 E634.91325
G1 X109.196 Y119.301 E634.93397
G1 X109.391 Y118.728 E634.9541
G1 X109.511 Y118.118 E634.97478
G1 X109.549 Y117.501 E634.99534
G1 X109.511 Y116.878 E635.0161
G1 X109.391 Y116.272 E635.03665
G1 X109.196 Y115.695 E635.05691
G1 X108.919 Y115.138 E635.0776
G1 X108.578 Y114.625 E635.09809
G1 X108.17 Y114.158 E635.11871
G1 X107.706 Y113.754 E635.13917
G1 X107.191 Y113.41 E635.15977
G1 X106.632 Y113.135 E635.18049
G1 X106.059 Y112.937 E635.20066
G1 X105.45 Y112.817 E635.2213
G1 X104.831 Y112.778 E635.24193
G1 X104.21 Y112.817 E635.26263
G1 X103.604 Y112.937 E635.28317
G1 X103.027 Y113.132 E635.30343
G1 X102.47 Y113.409 E635.32412
G1 X101.954 Y113.754 E635.34477
G1 X101.49 Y114.158 E635.36523
G1 X101.082 Y114.625 E635.38585
G1 X100.741 Y115.138 E635.40634
G1 X100.464 Y115.695 E635.42703
G1 X100.269 Y116.272 E635.44729
G1 X100.149 Y116.878 E635.46784
G1 X100.11 Y117.501 E635.4886
G1 X100.149 Y118.118 E635.50916
G1 X100.269 Y118.724 E635.52971
G1 X100.464 Y119.301 E635.54996
G1 X100.741 Y119.859 E635.57068
G1 X101.082 Y120.374 E635.59123
G1 X101.49 Y120.838 E635.61178
G1 X101.954 Y121.246 E635.63233
G1 X102.469 Y121.587 E635.65287
G1 X103.027 Y121.864 E635.67359
G1 X103.604 Y122.059 E635.69385
G1 X104.212 Y122.18 E635.71447
G1 X104.831 Y122.222 E635.7351
G0 F9000 X104.831 Y122.623
;TYPE:WALL-OUTER
G1 F600 X105.501 Y122.577 E635.75744
G1 X106.164 Y122.446 E635.77992
G1 X106.787 Y122.234 E635.80181
G1 X107.391 Y121.934 E635.82424
G1 X107.95 Y121.564 E635.84653
G1 X108.454 Y121.122 E635.86883
G1 X108.896 Y120.618 E635.89113
G1 X109.266 Y120.059 E635.91342
G1 X109.566 Y119.455 E635.93585
G1 X109.778 Y118.832 E635.95774
G1 X109.909 Y118.17 E635.98019
G1 X109.951 Y117.501 E636.00248
G1 X109.909 Y116.826 E636.02497
G1 X109.778 Y116.168 E636.04729
G1 X109.566 Y115.541 E636.0693
G1 X109.266 Y114.937 E636.09173
G1 X108.896 Y114.382 E636.11392
G1 X108.454 Y113.874 E636.13632
G1 X107.95 Y113.436 E636.15852
G1 X107.391 Y113.062 E636.18089
G1 X106.786 Y112.765 E636.20331
G1 X106.163 Y112.55 E636.22523
G1 X105.502 Y112.419 E636.24764
G1 X104.831 Y112.377 E636.27
G1 X104.158 Y112.419 E636.29243
G1 X103.5 Y112.55 E636.31475
G1 X102.873 Y112.762 E636.33676
G1 X102.269 Y113.062 E636.35919
G1 X101.71 Y113.436 E636.38156
G1 X101.206 Y113.874 E636.40377
G1 X100.764 Y114.382 E636.42617
G1 X100.394 Y114.937 E636.44835
G1 X100.094 Y115.541 E636.47078
G1 X99.882 Y116.168 E636.4928
G1 X99.751 Y116.826 E636.51511
G1 X99.709 Y117.501 E636.53761
G1 X99.751 Y118.17 E636.5599
G1 X99.882 Y118.828 E636.58221
G1 X100.094 Y119.455 E636.60423
G1 X100.394 Y120.059 E636.62666
G1 X100.764 Y120.618 E636.64896
G1 X101.206 Y121.122 E636.67125
G1 X101.71 Y121.564 E636.69355
G1 X102.269 Y121.934 E636.71584
G1 X102.873 Y122.234 E636.73827
G1 X103.5 Y122.446 E636.76029
G1 X104.159 Y122.577 E636.78264
G1 X104.831 Y122.623 E636.80504
G0 F9000 X105.15 Y122.12
;TYPE:FILL
G1 F600 X100.21 Y117.18 E637.0374
G0 F9000 X100.21 Y117.819
G1 F600 X105.151 Y112.878 E637.26981
G0 F9000 X105.136 Y113.106
G0 X102.43 Y113.808
G0 X102.304 Y113.617
G1 F600 X108.713 Y120.026 E637.57127
G0 F9000 X108.525 Y119.9
G0 X108.523 Y115.098
G0 X108.713 Y114.973
G1 F600 X102.304 Y121.382 E637.87273
G0 F9000 X102.597 Y120.944
;MESH:NONMESH
G0 F300 X102.597 Y120.944 Z12
G0 F9000 X104.832 Y121.913
G0 X104.831 Y122.222
;TIME_ELAPSED:1226.936783
;LAYER:59
;note -- min layer time used
;TYPE:WALL-INNER
;MESH:FT10-Input Crank.stl
G1 F600 X105.448 Y122.18 E637.8933
G1 X106.06 Y122.059 E637.91405
G1 X106.633 Y121.864 E637.93418
G1 X107.191 Y121.587 E637.9549
G1 X107.706 Y121.246 E637.97544
G1 X108.17 Y120.838 E637.99599
G1 X108.578 Y120.374 E638.01654
G1 X108.919 Y119.859 E638.03709
G1 X109.196 Y119.301 E638.05781
G1 X109.391 Y118.728 E638.07794
G1 X109.511 Y118.118 E638.09862
G1 X109.549 Y117.501 E638.11918
G1 X109.511 Y116.878 E638.13994
G1 X109.391 Y116.272 E638.16048
G1 X109.196 Y115.695 E638.18074
G1 X108.919 Y115.138 E638.20143
G1 X108.578 Y114.625 E638.22192
G1 X108.17 Y114.158 E638.24255
G1 X107.706 Y113.754 E638.26301
G1 X107.191 Y113.41 E638.28361
G1 X106.632 Y113.135 E638.30433
G1 X106.059 Y112.937 E638.32449
G1 X105.45 Y112.817 E638.34514
G1 X104.831 Y112.778 E638.36576
G1 X104.21 Y112.817 E638.38646
G1 X103.604 Y112.937 E638.40701
G1 X103.027 Y113.132 E638.42726
G1 X102.47 Y113.409 E638.44795
G1 X101.954 Y113.754 E638.4686
G1 X101.49 Y114.158 E638.48906
G1 X101.082 Y114.625 E638.50969
G1 X100.741 Y115.138 E638.53018
G1 X100.464 Y115.695 E638.55087
G1 X100.269 Y116.272 E638.57112
G1 X100.149 Y116.878 E638.59167
G1 X100.11 Y117.501 E638.61243
G1 X100.149 Y118.118 E638.63299
G1 X100.269 Y118.724 E638.65354
G1 X100.464 Y119.301 E638.6738
G1 X100.741 Y119.859 E638.69452
G1 X101.082 Y120.374 E638.71506
G1 X101.49 Y120.838 E638.73561
G1 X101.954 Y121.246 E638.75616
G1 X102.469 Y121.587 E638.77671
G1 X103.027 Y121.864 E638.79743
G1 X103.604 Y122.059 E638.81768
G1 X104.212 Y122.18 E638.8383
G1 X104.831 Y122.222 E638.85894
G0 F9000 X104.831 Y122.623
;TYPE:WALL-OUTER
G1 F600 X105.501 Y122.577 E638.88128
G1 X106.164 Y122.446 E638.90375
G1 X106.787 Y122.234 E638.92564
G1 X107.391 Y121.934 E638.94807
G1 X107.95 Y121.564 E638.97037
G1 X108.454 Y121.122 E638.99266
G1 X108.896 Y120.618 E639.01496
G1 X109.266 Y120.059 E639.03726
G1 X109.566 Y119.455 E639.05969
G1 X109.778 Y118.832 E639.08157
G1 X109.909 Y118.17 E639.10402
G1 X109.951 Y117.501 E639.12631
G1 X109.909 Y116.826 E639.14881
G1 X109.778 Y116.168 E639.17112
G1 X109.566 Y115.541 E639.19314
G1 X109.266 Y114.937 E639.21557
G1 X108.896 Y114.382 E639.23775
G1 X108.454 Y113.874 E639.26015
G1 X107.95 Y113.436 E639.28236
G1 X107.391 Y113.062 E639.30473
G1 X106.786 Y112.765 E639.32714
G1 X106.163 Y112.55 E639.34907
G1 X105.502 Y112.419 E639.37148
G1 X104.831 Y112.377 E639.39384
G1 X104.158 Y112.419 E639.41627
G1 X103.5 Y112.55 E639.43858
G1 X102.873 Y112.762 E639.4606
G1 X102.269 Y113.062 E639.48303
G1 X101.71 Y113.436 E639.5054
G1 X101.206 Y113.874 E639.5276
G1 X100.764 Y114.382 E639.55
G1 X100.394 Y114.937 E639.57219
G1 X100.094 Y115.541 E639.59462
G1 X99.882 Y116.168 E639.61663
G1 X99.751 Y116.826 E639.63895
G1 X99.709 Y117.501 E639.66144
G1 X99.751 Y118.17 E639.68373
G1 X99.882 Y118.828 E639.70605
G1 X100.094 Y119.455 E639.72806
G1 X100.394 Y120.059 E639.75049
G1 X100.764 Y120.618 E639.77279
G1 X101.206 Y121.122 E639.79509
G1 X101.71 Y121.564 E639.81738
G1 X102.269 Y121.934 E639.83968
G1 X102.873 Y122.234 E639.86211
G1 X103.5 Y122.446 E639.88412
G1 X104.159 Y122.577 E639.90647
G1 X104.831 Y122.623 E639.92887
G0 F9000 X105.15 Y122.12
;TYPE:FILL
G1 F600 X100.21 Y117.18 E640.16124
G0 F9000 X100.21 Y117.819
G1 F600 X105.151 Y112.878 E640.39365
G0 F9000 X105.136 Y113.106
G0 X102.43 Y113.808
G0 X102.304 Y113.617
G1 F600 X108.713 Y120.026 E640.69511
G0 F9000 X108.525 Y119.9
G0 X108.523 Y115.098
G0 X108.713 Y114.973
G1 F600 X102.304 Y121.382 E640.99656
G0 F9000 X102.597 Y120.944
;MESH:NONMESH
G0 F300 X102.597 Y120.944 Z12.2
G0 F9000 X104.832 Y121.913
G0 X104.831 Y122.222
;TIME_ELAPSED:1237.167554
;LAYER:60
;note -- min layer time used
;TYPE:WALL-INNER
;MESH:FT10-Input Crank.stl
G1 F600 X105.448 Y122.18 E641.01713
G1 X106.06 Y122.059 E641.03788
G1 X106.633 Y121.864 E641.05801
G1 X107.191 Y121.587 E641.07873
G1 X107.706 Y121.246 E641.09928
G1 X108.17 Y120.838 E641.11983
G1 X108.578 Y120.374 E641.14038
G1 X108.919 Y119.859 E641.16092
G1 X109.196 Y119.301 E641.18164
G1 X109.391 Y118.728 E641.20177
G1 X109.511 Y118.118 E641.22245
G1 X109.549 Y117.501 E641.24301
G1 X109.511 Y116.878 E641.26377
G1 X109.391 Y116.272 E641.28432
G1 X109.196 Y115.695 E641.30458
G1 X108.919 Y115.138 E641.32527
G1 X108.578 Y114.625 E641.34575
G1 X108.17 Y114.158 E641.36638
G1 X107.706 Y113.754 E641.38684
G1 X107.191 Y113.41 E641.40744
G1 X106.632 Y113.135 E641.42816
G1 X106.059 Y112.937 E641.44833
G1 X105.45 Y112.817 E641.46897
G1 X104.831 Y112.778 E641.4896
G1 X104.21 Y112.817 E641.51029
G1 X103.604 Y112.937 E641.53084
G1 X103.027 Y113.132 E641.5511
G1 X102.47 Y113.409 E641.57179
G1 X101.954 Y113.754 E641.59243
G1 X101.49 Y114.158 E641.6129
G1 X101.082 Y114.625 E641.63352
G1 X100.741 Y115.138 E641.65401
G1 X100.464 Y115.695 E641.6747
G1 X100.269 Y116.272 E641.69496
G1 X100.149 Y116.878 E641.7155
G1 X100.11 Y117.501 E641.73627
G1 X100.149 Y118.118 E641.75683
G1 X100.269 Y118.724 E641.77738
G1 X100.464 Y119.301 E641.79763
G1 X100.741 Y119.859 E641.81835
G1 X101.082 Y120.374 E641.8389
G1 X101.49 Y120.838 E641.85945
G1 X101.954 Y121.246 E641.88
G1 X102.469 Y121.587 E641.90054
G1 X103.027 Y121.864 E641.92126
G1 X103.604 Y122.059 E641.94152
G1 X104.212 Y122.18 E641.96214
G1 X104.831 Y122.222 E641.98277
G0 F9000 X104.831 Y122.623
;TYPE:WALL-OUTER
G1 F600 X105.501 Y122.577 E642.00511
G1 X106.164 Y122.446 E642.02759
G1 X106.787 Y122.234 E642.04948
G1 X107.391 Y121.934 E642.07191
G1 X107.95 Y121.564 E642.0942
G1 X108.454 Y121.122 E642.1165
G1 X108.896 Y120.618 E642.13879
G1 X109.266 Y120.059 E642.16109
G1 X109.566 Y119.455 E642.18352
G1 X109.778 Y118.832 E642.20541
G1 X109.909 Y118.17 E642.22785
G1 X109.951 Y117.501 E642.25015
G1 X109.909 Y116.826 E642.27264
G1 X109.778 Y116.168 E642.29496
G1 X109.566 Y115.541 E642.31697
G1 X109.266 Y114.937 E642.3394
G1 X108.896 Y114.382 E642.36159
G1 X108.454 Y113.874 E642.38398
G1 X107.95 Y113.436 E642.40619
G1 X107.391 Y113.062 E642.42856
G1 X106.786 Y112.765 E642.45098
G1 X106.163 Y112.55 E642.4729
G1 X105.502 Y112.419 E642.49531
G1 X104.831 Y112.377 E642.51767
G1 X104.158 Y112.419 E642.5401
G1 X103.5 Y112.55 E642.56242
G1 X102.873 Y112.762 E642.58443
G1 X102.269 Y113.062 E642.60686
G1 X101.71 Y113.436 E642.62923
G1 X101.206 Y113.874 E642.65144
G1 X100.764 Y114.382 E642.67384
G1 X100.394 Y114.937 E642.69602
G1 X100.094 Y115.541 E642.71845
G1 X99.882 Y116.168 E642.74047
G1 X99.751 Y116.826 E642.76278
G1 X99.709 Y117.501 E642.78527
G1 X99.751 Y118.17 E642.80757
G1 X99.882 Y118.828 E642.82988
G1 X100.094 Y119.455 E642.8519
G1 X100.394 Y120.059 E642.87433
G1 X100.764 Y120.618 E642.89662
G1 X101.206 Y121.122 E642.91892
G1 X101.71 Y121.564 E642.94122
G1 X102.269 Y121.934 E642.96351
G1 X102.873 Y122.234 E642.98594
G1 X103.5 Y122.446 E643.00796
G1 X104.159 Y122.577 E643.0303
G1 X104.831 Y122.623 E643.05271
G0 F9000 X105.15 Y122.12
;TYPE:FILL
G1 F600 X100.21 Y117.18 E643.28507
G0 F9000 X100.21 Y117.819
G1 F600 X105.151 Y112.878 E643.51748
G0 F9000 X105.136 Y113.106
G0 X102.43 Y113.808
G0 X102.304 Y113.617
G1 F600 X108.713 Y120.026 E643.81894
G0 F9000 X108.525 Y119.9
G0 X108.523 Y115.098
G0 X108.713 Y114.973
G1 F600 X102.304 Y121.382 E644.1204
G0 F9000 X102.597 Y120.944
;MESH:NONMESH
G0 F300 X102.597 Y120.944 Z12.4
G0 F9000 X104.832 Y121.913
G0 X104.831 Y122.222
;TIME_ELAPSED:1247.398325
;LAYER:61
;note -- min layer time used
;TYPE:WALL-INNER
;MESH:FT10-Input Crank.stl
G1 F600 X105.448 Y122.18 E644.14097
G1 X106.06 Y122.059 E644.16172
G1 X106.633 Y121.864 E644.18185
G1 X107.191 Y121.587 E644.20257
G1 X107.706 Y121.246 E644.22311
G1 X108.17 Y120.838 E644.24366
G1 X108.578 Y120.374 E644.26421
G1 X108.919 Y119.859 E644.28476
G1 X109.196 Y119.301 E644.30548
G1 X109.391 Y118.728 E644.32561
G1 X109.511 Y118.118 E644.34629
G1 X109.549 Y117.501 E644.36685
G1 X109.511 Y116.878 E644.38761
G1 X109.391 Y116.272 E644.40815
G1 X109.196 Y115.695 E644.42841
G1 X108.919 Y115.138 E644.4491
G1 X108.578 Y114.625 E644.46959
G1 X108.17 Y114.158 E644.49021
G1 X107.706 Y113.754 E644.51068
G1 X107.191 Y113.41 E644.53128
G1 X106.632 Y113.135 E644.552
G1 X106.059 Y112.937 E644.57216
G1 X105.45 Y112.817 E644.5928
G1 X104.831 Y112.778 E644.61343
G1 X104.21 Y112.817 E644.63413
G1 X103.604 Y112.937 E644.65468
G1 X103.027 Y113.132 E644.67493
G1 X102.47 Y113.409 E644.69562
G1 X101.954 Y113.754 E644.71627
G1 X101.49 Y114.158 E644.73673
G1 X101.082 Y114.625 E644.75736
G1 X100.741 Y115.138 E644.77784
G1 X100.464 Y115.695 E644.79853
G1 X100.269 Y116.272 E644.81879
G1 X100.149 Y116.878 E644.83934
G1 X100.11 Y117.501 E644.8601
G1 X100.149 Y118.118 E644.88066
G1 X100.269 Y118.724 E644.90121
G1 X100.464 Y119.301 E644.92147
G1 X100.741 Y119.859 E644.94219
G1 X101.082 Y120.374 E644.96273
G1 X101.49 Y120.838 E644.98328
G1 X101.954 Y121.246 E645.00383
G1 X102.469 Y121.587 E645.02438
G1 X103.027 Y121.864 E645.0451
G1 X103.604 Y122.059 E645.06535
G1 X104.212 Y122.18 E645.08597
G1 X104.831 Y122.222 E645.10661
G0 F9000 X104.831 Y122.623
;TYPE:WALL-OUTER
G1 F600 X105.501 Y122.577 E645.12894
G1 X106.164 Y122.446 E645.15142
G1 X106.787 Y122.234 E645.17331
G1 X107.391 Y121.934 E645.19574
G1 X107.95 Y121.564 E645.21804
G1 X108.454 Y121.122 E645.24033
G1 X108.896 Y120.618 E645.26263
G1 X109.266 Y120.059 E645.28493
G1 X109.566 Y119.455 E645.30736
G1 X109.778 Y118.832 E645.32924
G1 X109.909 Y118.17 E645.35169
G1 X109.951 Y117.501 E645.37398
G1 X109.909 Y116.826 E645.39648
G1 X109.778 Y116.168 E645.41879
G1 X109.566 Y115.541 E645.44081
G1 X109.266 Y114.937 E645.46324
G1 X108.896 Y114.382 E645.48542
G1 X108.454 Y113.874 E645.50782
G1 X107.95 Y113.436 E645.53003
G1 X107.391 Y113.062 E645.5524
G1 X106.786 Y112.765 E645.57481
G1 X106.163 Y112.55 E645.59673
G1 X105.502 Y112.419 E645.61915
G1 X104.831 Y112.377 E645.64151
G1 X104.158 Y112.419 E645.66394
G1 X103.5 Y112.55 E645.68625
G1 X102.873 Y112.762 E645.70826
G1 X102.269 Y113.062 E645.73069
G1 X101.71 Y113.436 E645.75306
G1 X101.206 Y113.874 E645.77527
G1 X100.764 Y114.382 E645.79767
G1 X100.394 Y114.937 E645.81986
G1 X100.094 Y115.541 E645.84229
G1 X99.882 Y116.168 E645.8643
G1 X99.751 Y116.826 E645.88661
G1 X99.709 Y117.501 E645.90911
G1 X99.751 Y118.17 E645.9314
G1 X99.882 Y118.828 E645.95372
G1 X100.094 Y119.455 E645.97573
G1 X100.394 Y120.059 E645.99816
G1 X100.764 Y120.618 E646.02046
G1 X101.206 Y121.122 E646.04275
G1 X101.71 Y121.564 E646.06505
G1 X102.269 Y121.934 E646.08735
G1 X102.873 Y122.234 E646.10978
G1 X103.5 Y122.446 E646.13179
G1 X104.159 Y122.577 E646.15414
G1 X104.831 Y122.623 E646.17654
G0 F9000 X105.15 Y122.12
;TYPE:FILL
G1 F600 X100.21 Y117.18 E646.4089
G0 F9000 X100.21 Y117.819
G1 F600 X105.151 Y112.878 E646.64131
G0 F9000 X105.136 Y113.106
G0 X102.43 Y113.808
G0 X102.304 Y113.617
G1 F600 X108.713 Y120.026 E646.94277
G0 F9000 X108.525 Y119.9
G0 X108.523 Y115.098
G0 X108.713 Y114.973
G1 F600 X102.304 Y121.382 E647.24423
G0 F9000 X102.597 Y120.944
;MESH:NONMESH
G0 F300 X102.597 Y120.944 Z12.6
G0 F9000 X104.832 Y121.913
G0 X104.831 Y122.222
;TIME_ELAPSED:1257.629096
;LAYER:62
;note -- min layer time used
;TYPE:WALL-INNER
;MESH:FT10-Input Crank.stl
G1 F600 X105.448 Y122.18 E647.2648
G1 X106.06 Y122.059 E647.28555
G1 X106.633 Y121.864 E647.30568
G1 X107.191 Y121.587 E647.3264
G1 X107.706 Y121.246 E647.34695
G1 X108.17 Y120.838 E647.3675
G1 X108.578 Y120.374 E647.38805
G1 X108.919 Y119.859 E647.40859
G1 X109.196 Y119.301 E647.42931
G1 X109.391 Y118.728 E647.44944
G1 X109.511 Y118.118 E647.47012
G1 X109.549 Y117.501 E647.49068
G1 X109.511 Y116.878 E647.51144
G1 X109.391 Y116.272 E647.53199
G1 X109.196 Y115.695 E647.55224
G1 X108.919 Y115.138 E647.57293
G1 X108.578 Y114.625 E647.59342
G1 X108.17 Y114.158 E647.61405
G1 X107.706 Y113.754 E647.63451
G1 X107.191 Y113.41 E647.65511
G1 X106.632 Y113.135 E647.67583
G1 X106.059 Y112.937 E647.69599
G1 X105.45 Y112.817 E647.71664
G1 X104.831 Y112.778 E647.73727
G1 X104.21 Y112.817 E647.75796
G1 X103.604 Y112.937 E647.77851
G1 X103.027 Y113.132 E647.79877
G1 X102.47 Y113.409 E647.81946
G1 X101.954 Y113.754 E647.8401
G1 X101.49 Y114.158 E647.86057
G1 X101.082 Y114.625 E647.88119
G1 X100.741 Y115.138 E647.90168
G1 X100.464 Y115.695 E647.92237
G1 X100.269 Y116.272 E647.94263
G1 X100.149 Y116.878 E647.96317
G1 X100.11 Y117.501 E647.98394
G1 X100.149 Y118.118 E648.0045
G1 X100.269 Y118.724 E648.02504
G1 X100.464 Y119.301 E648.0453
G1 X100.741 Y119.859 E648.06602
G1 X101.082 Y120.374 E648.08657
G1 X101.49 Y120.838 E648.10712
G1 X101.954 Y121.246 E648.12767
G1 X102.469 Y121.587 E648.14821
G1 X103.027 Y121.864 E648.16893
G1 X103.604 Y122.059 E648.18919
G1 X104.212 Y122.18 E648.20981
G1 X104.831 Y122.222 E648.23044
G0 F9000 X104.831 Y122.623
;TYPE:WALL-OUTER
G1 F600 X105.501 Y122.577 E648.25278
G1 X106.164 Y122.446 E648.27526
G1 X106.787 Y122.234 E648.29714
G1 X107.391 Y121.934 E648.31957
G1 X107.95 Y121.564 E648.34187
G1 X108.454 Y121.122 E648.36417
G1 X108.896 Y120.618 E648.38646
G1 X109.266 Y120.059 E648.40876
G1 X109.566 Y119.455 E648.43119
G1 X109.778 Y118.832 E648.45308
G1 X109.909 Y118.17 E648.47552
G1 X109.951 Y117.501 E648.49782
G1 X109.909 Y116.826 E648.52031
G1 X109.778 Y116.168 E648.54263
G1 X109.566 Y115.541 E648.56464
G1 X109.266 Y114.937 E648.58707
G1 X108.896 Y114.382 E648.60926
G1 X108.454 Y113.874 E648.63165
G1 X107.95 Y113.436 E648.65386
G1 X107.391 Y113.062 E648.67623
G1 X106.786 Y112.765 E648.69865
G1 X106.163 Y112.55 E648.72057
G1 X105.502 Y112.419 E648.74298
G1 X104.831 Y112.377 E648.76534
G1 X104.158 Y112.419 E648.78777
G1 X103.5 Y112.55 E648.81008
G1 X102.873 Y112.762 E648.8321
G1 X102.269 Y113.062 E648.85453
G1 X101.71 Y113.436 E648.8769
G1 X101.206 Y113.874 E648.89911
G1 X100.764 Y114.382 E648.9215
G1 X100.394 Y114.937 E648.94369
G1 X100.094 Y115.541 E648.96612
G1 X99.882 Y116.168 E648.98813
G1 X99.751 Y116.826 E649.01045
G1 X99.709 Y117.501 E649.03294
G1 X99.751 Y118.17 E649.05524
G1 X99.882 Y118.828 E649.07755
G1 X100.094 Y119.455 E649.09957
G1 X100.394 Y120.059 E649.122
G1 X100.764 Y120.618 E649.14429
G1 X101.206 Y121.122 E649.16659
G1 X101.71 Y121.564 E649.18889
G1 X102.269 Y121.934 E649.21118
G1 X102.873 Y122.234 E649.23361
G1 X103.5 Y122.446 E649.25563
G1 X104.159 Y122.577 E649.27797
G1 X104.831 Y122.623 E649.30038
G0 F9000 X105.15 Y122.12
;TYPE:FILL
G1 F600 X100.21 Y117.18 E649.53274
G0 F9000 X100.21 Y117.819
G1 F600 X105.151 Y112.878 E649.76515
G0 F9000 X105.136 Y113.106
G0 X102.43 Y113.808
G0 X102.304 Y113.617
G1 F600 X108.713 Y120.026 E650.06661
G0 F9000 X108.525 Y119.9
G0 X108.523 Y115.098
G0 X108.713 Y114.973
G1 F600 X102.304 Y121.382 E650.36807
G0 F9000 X102.597 Y120.944
;MESH:NONMESH
G0 F300 X102.597 Y120.944 Z12.8
G0 F9000 X104.832 Y121.913
G0 X104.831 Y122.222
;TIME_ELAPSED:1267.859867
;LAYER:63
;note -- min layer time used
;TYPE:WALL-INNER
;MESH:FT10-Input Crank.stl
G1 F600 X105.448 Y122.18 E650.38864
G1 X106.06 Y122.059 E650.40939
G1 X106.633 Y121.864 E650.42952
G1 X107.191 Y121.587 E650.45024
G1 X107.706 Y121.246 E650.47078
G1 X108.17 Y120.838 E650.49133
G1 X108.578 Y120.374 E650.51188
G1 X108.919 Y119.859 E650.53243
G1 X109.196 Y119.301 E650.55315
G1 X109.391 Y118.728 E650.57328
G1 X109.511 Y118.118 E650.59395
G1 X109.549 Y117.501 E650.61451
G1 X109.511 Y116.878 E650.63527
G1 X109.391 Y116.272 E650.65582
G1 X109.196 Y115.695 E650.67608
G1 X108.919 Y115.138 E650.69677
G1 X108.578 Y114.625 E650.71726
G1 X108.17 Y114.158 E650.73788
G1 X107.706 Y113.754 E650.75835
G1 X107.191 Y113.41 E650.77894
G1 X106.632 Y113.135 E650.79966
G1 X106.059 Y112.937 E650.81983
G1 X105.45 Y112.817 E650.84047
G1 X104.831 Y112.778 E650.8611
G1 X104.21 Y112.817 E650.8818
G1 X103.604 Y112.937 E650.90234
G1 X103.027 Y113.132 E650.9226
G1 X102.47 Y113.409 E650.94329
G1 X101.954 Y113.754 E650.96394
G1 X101.49 Y114.158 E650.9844
G1 X101.082 Y114.625 E651.00503
G1 X100.741 Y115.138 E651.02551
G1 X100.464 Y115.695 E651.0462
G1 X100.269 Y116.272 E651.06646
G1 X100.149 Y116.878 E651.08701
G1 X100.11 Y117.501 E651.10777
G1 X100.149 Y118.118 E651.12833
G1 X100.269 Y118.724 E651.14888
G1 X100.464 Y119.301 E651.16914
G1 X100.741 Y119.859 E651.18986
G1 X101.082 Y120.374 E651.2104
G1 X101.49 Y120.838 E651.23095
G1 X101.954 Y121.246 E651.2515
G1 X102.469 Y121.587 E651.27204
G1 X103.027 Y121.864 E651.29276
G1 X103.604 Y122.059 E651.31302
G1 X104.212 Y122.18 E651.33364
G1 X104.831 Y122.222 E651.35428
G0 F9000 X104.831 Y122.623
;TYPE:WALL-OUTER
G1 F600 X105.501 Y122.577 E651.37661
G1 X106.164 Y122.446 E651.39909
G1 X106.787 Y122.234 E651.42098
G1 X107.391 Y121.934 E651.44341
G1 X107.95 Y121.564 E651.46571
G1 X108.454 Y121.122 E651.488
G1 X108.896 Y120.618 E651.5103
G1 X109.266 Y120.059 E651.53259
G1 X109.566 Y119.455 E651.55502
G1 X109.778 Y118.832 E651.57691
G1 X109.909 Y118.17 E651.59936
G1 X109.951 Y117.501 E651.62165
G1 X109.909 Y116.826 E651.64415
G1 X109.778 Y116.168 E651.66646
G1 X109.566 Y115.541 E651.68848
G1 X109.266 Y114.937 E651.71091
G1 X108.896 Y114.382 E651.73309
G1 X108.454 Y113.874 E651.75549
G1 X107.95 Y113.436 E651.7777
G1 X107.391 Y113.062 E651.80007
G1 X106.786 Y112.765 E651.82248
G1 X106.163 Y112.55 E651.8444
G1 X105.502 Y112.419 E651.86682
G1 X104.831 Y112.377 E651.88918
G1 X104.158 Y112.419 E651.9116
G1 X103.5 Y112.55 E651.93392
G1 X102.873 Y112.762 E651.95593
G1 X102.269 Y113.062 E651.97836
G1 X101.71 Y113.436 E652.00073
G1 X101.206 Y113.874 E652.02294
G1 X100.764 Y114.382 E652.04534
G1 X100.394 Y114.937 E652.06752
G1 X100.094 Y115.541 E652.08995
G1 X99.882 Y116.168 E652.11197
G1 X99.751 Y116.826 E652.13428
G1 X99.709 Y117.501 E652.15678
G1 X99.751 Y118.17 E652.17907
G1 X99.882 Y118.828 E652.20139
G1 X100.094 Y119.455 E652.2234
G1 X100.394 Y120.059 E652.24583
G1 X100.764 Y120.618 E652.26813
G1 X101.206 Y121.122 E652.29042
G1 X101.71 Y121.564 E652.31272
G1 X102.269 Y121.934 E652.33502
G1 X102.873 Y122.234 E652.35745
G1 X103.5 Y122.446 E652.37946
G1 X104.159 Y122.577 E652.40181
G1 X104.831 Y122.623 E652.42421
G0 F9000 X105.15 Y122.12
;TYPE:FILL
G1 F600 X100.21 Y117.18 E652.65657
G0 F9000 X100.21 Y117.819
G1 F600 X105.151 Y112.878 E652.88898
G0 F9000 X105.136 Y113.106
G0 X102.43 Y113.808
G0 X102.304 Y113.617
G1 F600 X108.713 Y120.026 E653.19044
G0 F9000 X108.525 Y119.9
G0 X108.523 Y115.098
G0 X108.713 Y114.973
G1 F600 X102.304 Y121.382 E653.4919
G0 F9000 X102.597 Y120.944
;MESH:NONMESH
G0 F300 X102.597 Y120.944 Z13
G0 F9000 X104.832 Y121.913
G0 X104.831 Y122.222
;TIME_ELAPSED:1278.090638
;LAYER:64
;note -- min layer time used
;TYPE:WALL-INNER
;MESH:FT10-Input Crank.stl
G1 F600 X105.448 Y122.18 E653.51247
G1 X106.06 Y122.059 E653.53322
G1 X106.633 Y121.864 E653.55335
G1 X107.191 Y121.587 E653.57407
G1 X107.706 Y121.246 E653.59462
G1 X108.17 Y120.838 E653.61517
G1 X108.578 Y120.374 E653.63572
G1 X108.919 Y119.859 E653.65626
G1 X109.196 Y119.301 E653.67698
G1 X109.391 Y118.728 E653.69711
G1 X109.511 Y118.118 E653.71779
G1 X109.549 Y117.501 E653.73835
G1 X109.511 Y116.878 E653.75911
G1 X109.391 Y116.272 E653.77966
G1 X109.196 Y115.695 E653.79991
G1 X108.919 Y115.138 E653.8206
G1 X108.578 Y114.625 E653.84109
G1 X108.17 Y114.158 E653.86172
G1 X107.706 Y113.754 E653.88218
G1 X107.191 Y113.41 E653.90278
G1 X106.632 Y113.135 E653.9235
G1 X106.059 Y112.937 E653.94366
G1 X105.45 Y112.817 E653.96431
G1 X104.831 Y112.778 E653.98494
G1 X104.21 Y112.817 E654.00563
G1 X103.604 Y112.937 E654.02618
G1 X103.027 Y113.132 E654.04644
G1 X102.47 Y113.409 E654.06713
G1 X101.954 Y113.754 E654.08777
G1 X101.49 Y114.158 E654.10823
G1 X101.082 Y114.625 E654.12886
G1 X100.741 Y115.138 E654.14935
G1 X100.464 Y115.695 E654.17004
G1 X100.269 Y116.272 E654.1903
G1 X100.149 Y116.878 E654.21084
G1 X100.11 Y117.501 E654.2316
G1 X100.149 Y118.118 E654.25217
G1 X100.269 Y118.724 E654.27271
G1 X100.464 Y119.301 E654.29297
G1 X100.741 Y119.859 E654.31369
G1 X101.082 Y120.374 E654.33423
G1 X101.49 Y120.838 E654.35478
G1 X101.954 Y121.246 E654.37534
G1 X102.469 Y121.587 E654.39588
G1 X103.027 Y121.864 E654.4166
G1 X103.604 Y122.059 E654.43686
G1 X104.212 Y122.18 E654.45748
G1 X104.831 Y122.222 E654.47811
G0 F9000 X104.831 Y122.623
;TYPE:WALL-OUTER
G1 F600 X105.501 Y122.577 E654.50045
G1 X106.164 Y122.446 E654.52292
G1 X106.787 Y122.234 E654.54481
G1 X107.391 Y121.934 E654.56724
G1 X107.95 Y121.564 E654.58954
G1 X108.454 Y121.122 E654.61184
G1 X108.896 Y120.618 E654.63413
G1 X109.266 Y120.059 E654.65643
G1 X109.566 Y119.455 E654.67886
G1 X109.778 Y118.832 E654.70075
G1 X109.909 Y118.17 E654.72319
G1 X109.951 Y117.501 E654.74549
G1 X109.909 Y116.826 E654.76798
G1 X109.778 Y116.168 E654.7903
G1 X109.566 Y115.541 E654.81231
G1 X109.266 Y114.937 E654.83474
G1 X108.896 Y114.382 E654.85693
G1 X108.454 Y113.874 E654.87932
G1 X107.95 Y113.436 E654.90153
G1 X107.391 Y113.062 E654.9239
G1 X106.786 Y112.765 E654.94632
G1 X106.163 Y112.55 E654.96824
G1 X105.502 Y112.419 E654.99065
G1 X104.831 Y112.377 E655.01301
G1 X104.158 Y112.419 E655.03544
G1 X103.5 Y112.55 E655.05775
G1 X102.873 Y112.762 E655.07977
G1 X102.269 Y113.062 E655.1022
G1 X101.71 Y113.436 E655.12457
G1 X101.206 Y113.874 E655.14678
G1 X100.764 Y114.382 E655.16917
G1 X100.394 Y114.937 E655.19136
G1 X100.094 Y115.541 E655.21379
G1 X99.882 Y116.168 E655.2358
G1 X99.751 Y116.826 E655.25812
G1 X99.709 Y117.501 E655.28061
G1 X99.751 Y118.17 E655.30291
G1 X99.882 Y118.828 E655.32522
G1 X100.094 Y119.455 E655.34723
G1 X100.394 Y120.059 E655.36967
G1 X100.764 Y120.618 E655.39196
G1 X101.206 Y121.122 E655.41426
G1 X101.71 Y121.564 E655.43655
G1 X102.269 Y121.934 E655.45885
G1 X102.873 Y122.234 E655.48128
G1 X103.5 Y122.446 E655.5033
G1 X104.159 Y122.577 E655.52564
G1 X104.831 Y122.623 E655.54805
G0 F9000 X105.15 Y122.12
;TYPE:FILL
G1 F600 X100.21 Y117.18 E655.78041
G0 F9000 X100.21 Y117.819
G1 F600 X105.151 Y112.878 E656.01282
G0 F9000 X105.136 Y113.106
G0 X102.43 Y113.808
G0 X102.304 Y113.617
G1 F600 X108.713 Y120.026 E656.31428
G0 F9000 X108.525 Y119.9
G0 X108.523 Y115.098
G0 X108.713 Y114.973
G1 F600 X102.304 Y121.382 E656.61574
G0 F9000 X102.597 Y120.944
;MESH:NONMESH
G0 F300 X102.597 Y120.944 Z13.2
G0 F9000 X104.832 Y121.913
G0 X104.831 Y122.222
;TIME_ELAPSED:1288.321409
;LAYER:65
;note -- min layer time used
;TYPE:WALL-INNER
;MESH:FT10-Input Crank.stl
G1 F600 X105.448 Y122.18 E656.63631
G1 X106.06 Y122.059 E656.65706
G1 X106.633 Y121.864 E656.67719
G1 X107.191 Y121.587 E656.69791
G1 X107.706 Y121.246 E656.71845
G1 X108.17 Y120.838 E656.739
G1 X108.578 Y120.374 E656.75955
G1 X108.919 Y119.859 E656.78009
G1 X109.196 Y119.301 E656.80081
G1 X109.391 Y118.728 E656.82095
G1 X109.511 Y118.118 E656.84162
G1 X109.549 Y117.501 E656.86218
G1 X109.511 Y116.878 E656.88294
G1 X109.391 Y116.272 E656.90349
G1 X109.196 Y115.695 E656.92375
G1 X108.919 Y115.138 E656.94444
G1 X108.578 Y114.625 E656.96493
G1 X108.17 Y114.158 E656.98555
G1 X107.706 Y113.754 E657.00601
G1 X107.191 Y113.41 E657.02661
G1 X106.632 Y113.135 E657.04733
G1 X106.059 Y112.937 E657.0675
G1 X105.45 Y112.817 E657.08814
G1 X104.831 Y112.778 E657.10877
G1 X104.21 Y112.817 E657.12947
G1 X103.604 Y112.937 E657.15001
G1 X103.027 Y113.132 E657.17027
G1 X102.47 Y113.409 E657.19096
G1 X101.954 Y113.754 E657.21161
G1 X101.49 Y114.158 E657.23207
G1 X101.082 Y114.625 E657.25269
G1 X100.741 Y115.138 E657.27318
G1 X100.464 Y115.695 E657.29387
G1 X100.269 Y116.272 E657.31413
G1 X100.149 Y116.878 E657.33468
G1 X100.11 Y117.501 E657.35544
G1 X100.149 Y118.118 E657.376
G1 X100.269 Y118.724 E657.39655
G1 X100.464 Y119.301 E657.41681
G1 X100.741 Y119.859 E657.43753
G1 X101.082 Y120.374 E657.45807
G1 X101.49 Y120.838 E657.47862
G1 X101.954 Y121.246 E657.49917
G1 X102.469 Y121.587 E657.51971
G1 X103.027 Y121.864 E657.54043
G1 X103.604 Y122.059 E657.56069
G1 X104.212 Y122.18 E657.58131
G1 X104.831 Y122.222 E657.60194
G0 F9000 X104.831 Y122.623
;TYPE:WALL-OUTER
G1 F600 X105.501 Y122.577 E657.62428
G1 X106.164 Y122.446 E657.64676
G1 X106.787 Y122.234 E657.66865
G1 X107.391 Y121.934 E657.69108
G1 X107.95 Y121.564 E657.71337
G1 X108.454 Y121.122 E657.73567
G1 X108.896 Y120.618 E657.75797
G1 X109.266 Y120.059 E657.78026
G1 X109.566 Y119.455 E657.80269
G1 X109.778 Y118.832 E657.82458
G1 X109.909 Y118.17 E657.84703
G1 X109.951 Y117.501 E657.86932
G1 X109.909 Y116.826 E657.89182
G1 X109.778 Y116.168 E657.91413
G1 X109.566 Y115.541 E657.93614
G1 X109.266 Y114.937 E657.95857
G1 X108.896 Y114.382 E657.98076
G1 X108.454 Y113.874 E658.00316
G1 X107.95 Y113.436 E658.02537
G1 X107.391 Y113.062 E658.04774
G1 X106.786 Y112.765 E658.07015
G1 X106.163 Y112.55 E658.09207
G1 X105.502 Y112.419 E658.11448
G1 X104.831 Y112.377 E658.13685
G1 X104.158 Y112.419 E658.15927
G1 X103.5 Y112.55 E658.18159
G1 X102.873 Y112.762 E658.2036
G1 X102.269 Y113.062 E658.22603
G1 X101.71 Y113.436 E658.2484
G1 X101.206 Y113.874 E658.27061
G1 X100.764 Y114.382 E658.29301
G1 X100.394 Y114.937 E658.31519
G1 X100.094 Y115.541 E658.33762
G1 X99.882 Y116.168 E658.35964
G1 X99.751 Y116.826 E658.38195
G1 X99.709 Y117.501 E658.40445
G1 X99.751 Y118.17 E658.42674
G1 X99.882 Y118.828 E658.44906
G1 X100.094 Y119.455 E658.47107
G1 X100.394 Y120.059 E658.4935
G1 X100.764 Y120.618 E658.5158
G1 X101.206 Y121.122 E658.53809
G1 X101.71 Y121.564 E658.56039
G1 X102.269 Y121.934 E658.58268
G1 X102.873 Y122.234 E658.60512
G1 X103.5 Y122.446 E658.62713
G1 X104.159 Y122.577 E658.64948
G1 X104.831 Y122.623 E658.67188
G0 F9000 X105.15 Y122.12
;TYPE:FILL
G1 F600 X100.21 Y117.18 E658.90424
G0 F9000 X100.21 Y117.819
G1 F600 X105.151 Y112.878 E659.13665
G0 F9000 X105.136 Y113.106
G0 X102.43 Y113.808
G0 X102.304 Y113.617
G1 F600 X108.713 Y120.026 E659.43811
G0 F9000 X108.525 Y119.9
G0 X108.523 Y115.098
G0 X108.713 Y114.973
G1 F600 X102.304 Y121.382 E659.73957
G0 F9000 X102.597 Y120.944
;MESH:NONMESH
G0 F300 X102.597 Y120.944 Z13.4
G0 F9000 X104.832 Y121.913
G0 X104.831 Y122.222
;TIME_ELAPSED:1298.552179
;LAYER:66
;note -- min layer time used
;TYPE:WALL-INNER
;MESH:FT10-Input Crank.stl
G1 F600 X105.448 Y122.18 E659.76014
G1 X106.06 Y122.059 E659.78089
G1 X106.633 Y121.864 E659.80102
G1 X107.191 Y121.587 E659.82174
G1 X107.706 Y121.246 E659.84228
G1 X108.17 Y120.838 E659.86283
G1 X108.578 Y120.374 E659.88339
G1 X108.919 Y119.859 E659.90393
G1 X109.196 Y119.301 E659.92465
G1 X109.391 Y118.728 E659.94478
G1 X109.511 Y118.118 E659.96546
G1 X109.549 Y117.501 E659.98602
G1 X109.511 Y116.878 E660.00678
G1 X109.391 Y116.272 E660.02732
G1 X109.196 Y115.695 E660.04758
G1 X108.919 Y115.138 E660.06827
G1 X108.578 Y114.625 E660.08876
G1 X108.17 Y114.158 E660.10939
G1 X107.706 Y113.754 E660.12985
G1 X107.191 Y113.41 E660.15045
G1 X106.632 Y113.135 E660.17117
G1 X106.059 Y112.937 E660.19133
G1 X105.45 Y112.817 E660.21198
G1 X104.831 Y112.778 E660.23261
G1 X104.21 Y112.817 E660.2533
G1 X103.604 Y112.937 E660.27385
G1 X103.027 Y113.132 E660.29411
G1 X102.47 Y113.409 E660.3148
G1 X101.954 Y113.754 E660.33544
G1 X101.49 Y114.158 E660.3559
G1 X101.082 Y114.625 E660.37653
G1 X100.741 Y115.138 E660.39702
G1 X100.464 Y115.695 E660.41771
G1 X100.269 Y116.272 E660.43796
G1 X100.149 Y116.878 E660.45851
G1 X100.11 Y117.501 E660.47927
G1 X100.149 Y118.118 E660.49984
G1 X100.269 Y118.724 E660.52038
G1 X100.464 Y119.301 E660.54064
G1 X100.741 Y119.859 E660.56136
G1 X101.082 Y120.374 E660.5819
G1 X101.49 Y120.838 E660.60245
G1 X101.954 Y121.246 E660.623
G1 X102.469 Y121.587 E660.64355
G1 X103.027 Y121.864 E660.66427
G1 X103.604 Y122.059 E660.68453
G1 X104.212 Y122.18 E660.70514
G1 X104.831 Y122.222 E660.72578
G0 F9000 X104.831 Y122.623
;TYPE:WALL-OUTER
G1 F600 X105.501 Y122.577 E660.74812
G1 X106.164 Y122.446 E660.77059
G1 X106.787 Y122.234 E660.79248
G1 X107.391 Y121.934 E660.81491
G1 X107.95 Y121.564 E660.83721
G1 X108.454 Y121.122 E660.8595
G1 X108.896 Y120.618 E660.8818
G1 X109.266 Y120.059 E660.9041
G1 X109.566 Y119.455 E660.92653
G1 X109.778 Y118.832 E660.94842
G1 X109.909 Y118.17 E660.97086
G1 X109.951 Y117.501 E660.99316
G1 X109.909 Y116.826 E661.01565
G1 X109.778 Y116.168 E661.03796
G1 X109.566 Y115.541 E661.05998
G1 X109.266 Y114.937 E661.08241
G1 X108.896 Y114.382 E661.10459
G1 X108.454 Y113.874 E661.12699
G1 X107.95 Y113.436 E661.1492
G1 X107.391 Y113.062 E661.17157
G1 X106.786 Y112.765 E661.19399
G1 X106.163 Y112.55 E661.21591
G1 X105.502 Y112.419 E661.23832
G1 X104.831 Y112.377 E661.26068
G1 X104.158 Y112.419 E661.28311
G1 X103.5 Y112.55 E661.30542
G1 X102.873 Y112.762 E661.32744
G1 X102.269 Y113.062 E661.34987
G1 X101.71 Y113.436 E661.37224
G1 X101.206 Y113.874 E661.39445
G1 X100.764 Y114.382 E661.41684
G1 X100.394 Y114.937 E661.43903
G1 X100.094 Y115.541 E661.46146
G1 X99.882 Y116.168 E661.48347
G1 X99.751 Y116.826 E661.50579
G1 X99.709 Y117.501 E661.52828
G1 X99.751 Y118.17 E661.55058
G1 X99.882 Y118.828 E661.57289
G1 X100.094 Y119.455 E661.5949
G1 X100.394 Y120.059 E661.61733
G1 X100.764 Y120.618 E661.63963
G1 X101.206 Y121.122 E661.66193
G1 X101.71 Y121.564 E661.68422
G1 X102.269 Y121.934 E661.70652
G1 X102.873 Y122.234 E661.72895
G1 X103.5 Y122.446 E661.75096
G1 X104.159 Y122.577 E661.77331
G1 X104.831 Y122.623 E661.79571
G0 F9000 X105.15 Y122.12
;TYPE:FILL
G1 F600 X100.21 Y117.18 E662.02808
G0 F9000 X100.21 Y117.819
G1 F600 X105.151 Y112.878 E662.26049
G0 F9000 X105.136 Y113.106
G0 X102.43 Y113.808
G0 X102.304 Y113.617
G1 F600 X108.713 Y120.026 E662.56195
G0 F9000 X108.525 Y119.9
G0 X108.523 Y115.098
G0 X108.713 Y114.973
G1 F600 X102.304 Y121.382 E662.86341
G0 F9000 X102.597 Y120.944
;MESH:NONMESH
G0 F300 X102.597 Y120.944 Z13.6
G0 F9000 X104.832 Y121.913
G0 X104.831 Y122.222
;TIME_ELAPSED:1308.782950
;LAYER:67
;note -- min layer time used
;TYPE:WALL-INNER
;MESH:FT10-Input Crank.stl
G1 F600 X105.448 Y122.18 E662.88397
G1 X106.06 Y122.059 E662.90472
G1 X106.633 Y121.864 E662.92486
G1 X107.191 Y121.587 E662.94558
G1 X107.706 Y121.246 E662.96612
G1 X108.17 Y120.838 E662.98667
G1 X108.578 Y120.374 E663.00722
G1 X108.919 Y119.859 E663.02776
G1 X109.196 Y119.301 E663.04848
G1 X109.391 Y118.728 E663.06861
G1 X109.511 Y118.118 E663.08929
G1 X109.549 Y117.501 E663.10985
G1 X109.511 Y116.878 E663.13061
G1 X109.391 Y116.272 E663.15116
G1 X109.196 Y115.695 E663.17142
G1 X108.919 Y115.138 E663.19211
G1 X108.578 Y114.625 E663.21259
G1 X108.17 Y114.158 E663.23322
G1 X107.706 Y113.754 E663.25368
G1 X107.191 Y113.41 E663.27428
G1 X106.632 Y113.135 E663.295
G1 X106.059 Y112.937 E663.31517
G1 X105.45 Y112.817 E663.33581
G1 X104.831 Y112.778 E663.35644
G1 X104.21 Y112.817 E663.37714
G1 X103.604 Y112.937 E663.39768
G1 X103.027 Y113.132 E663.41794
G1 X102.47 Y113.409 E663.43863
G1 X101.954 Y113.754 E663.45927
G1 X101.49 Y114.158 E663.47974
G1 X101.082 Y114.625 E663.50036
G1 X100.741 Y115.138 E663.52085
G1 X100.464 Y115.695 E663.54154
G1 X100.269 Y116.272 E663.5618
G1 X100.149 Y116.878 E663.58235
G1 X100.11 Y117.501 E663.60311
G1 X100.149 Y118.118 E663.62367
G1 X100.269 Y118.724 E663.64422
G1 X100.464 Y119.301 E663.66447
G1 X100.741 Y119.859 E663.68519
G1 X101.082 Y120.374 E663.70574
G1 X101.49 Y120.838 E663.72629
G1 X101.954 Y121.246 E663.74684
G1 X102.469 Y121.587 E663.76738
G1 X103.027 Y121.864 E663.7881
G1 X103.604 Y122.059 E663.80836
G1 X104.212 Y122.18 E663.82898
G1 X104.831 Y122.222 E663.84961
G0 F9000 X104.831 Y122.623
;TYPE:WALL-OUTER
G1 F600 X105.501 Y122.577 E663.87195
G1 X106.164 Y122.446 E663.89443
G1 X106.787 Y122.234 E663.91632
G1 X107.391 Y121.934 E663.93875
G1 X107.95 Y121.564 E663.96104
G1 X108.454 Y121.122 E663.98334
G1 X108.896 Y120.618 E664.00564
G1 X109.266 Y120.059 E664.02793
G1 X109.566 Y119.455 E664.05036
G1 X109.778 Y118.832 E664.07225
G1 X109.909 Y118.17 E664.0947
G1 X109.951 Y117.501 E664.11699
G1 X109.909 Y116.826 E664.13948
G1 X109.778 Y116.168 E664.1618
G1 X109.566 Y115.541 E664.18381
G1 X109.266 Y114.937 E664.20624
G1 X108.896 Y114.382 E664.22843
G1 X108.454 Y113.874 E664.25083
G1 X107.95 Y113.436 E664.27303
G1 X107.391 Y113.062 E664.2954
G1 X106.786 Y112.765 E664.31782
G1 X106.163 Y112.55 E664.33974
G1 X105.502 Y112.419 E664.36215
G1 X104.831 Y112.377 E664.38451
G1 X104.158 Y112.419 E664.40694
G1 X103.5 Y112.55 E664.42926
G1 X102.873 Y112.762 E664.45127
G1 X102.269 Y113.062 E664.4737
G1 X101.71 Y113.436 E664.49607
G1 X101.206 Y113.874 E664.51828
G1 X100.764 Y114.382 E664.54068
G1 X100.394 Y114.937 E664.56286
G1 X100.094 Y115.541 E664.58529
G1 X99.882 Y116.168 E664.60731
G1 X99.751 Y116.826 E664.62962
G1 X99.709 Y117.501 E664.65211
G1 X99.751 Y118.17 E664.67441
G1 X99.882 Y118.828 E664.69672
G1 X100.094 Y119.455 E664.71874
G1 X100.394 Y120.059 E664.74117
G1 X100.764 Y120.618 E664.76347
G1 X101.206 Y121.122 E664.78576
G1 X101.71 Y121.564 E664.80806
G1 X102.269 Y121.934 E664.83035
G1 X102.873 Y122.234 E664.85278
G1 X103.5 Y122.446 E664.8748
G1 X104.159 Y122.577 E664.89715
G1 X104.831 Y122.623 E664.91955
G0 F9000 X105.15 Y122.12
;TYPE:FILL
G1 F600 X100.21 Y117.18 E665.15191
G0 F9000 X100.21 Y117.819
G1 F600 X105.151 Y112.878 E665.38432
G0 F9000 X105.136 Y113.106
G0 X102.43 Y113.808
G0 X102.304 Y113.617
G1 F600 X108.713 Y120.026 E665.68578
G0 F9000 X108.525 Y119.9
G0 X108.523 Y115.098
G0 X108.713 Y114.973
G1 F600 X102.304 Y121.382 E665.98724
G0 F9000 X102.597 Y120.944
;MESH:NONMESH
G0 F300 X102.597 Y120.944 Z13.8
G0 F9000 X104.832 Y121.913
G0 X104.831 Y122.222
;TIME_ELAPSED:1319.013721
;LAYER:68
;note -- min layer time used
;TYPE:WALL-INNER
;MESH:FT10-Input Crank.stl
G1 F600 X105.448 Y122.18 E666.00781
G1 X106.06 Y122.059 E666.02856
G1 X106.633 Y121.864 E666.04869
G1 X107.191 Y121.587 E666.06941
G1 X107.706 Y121.246 E666.08995
G1 X108.17 Y120.838 E666.1105
G1 X108.578 Y120.374 E666.13105
G1 X108.919 Y119.859 E666.1516
G1 X109.196 Y119.301 E666.17232
G1 X109.391 Y118.728 E666.19245
G1 X109.511 Y118.118 E666.21313
G1 X109.549 Y117.501 E666.23369
G1 X109.511 Y116.878 E666.25445
G1 X109.391 Y116.272 E666.27499
G1 X109.196 Y115.695 E666.29525
G1 X108.919 Y115.138 E666.31594
G1 X108.578 Y114.625 E666.33643
G1 X108.17 Y114.158 E666.35705
G1 X107.706 Y113.754 E666.37752
G1 X107.191 Y113.41 E666.39812
G1 X106.632 Y113.135 E666.41884
G1 X106.059 Y112.937 E666.439
G1 X105.45 Y112.817 E666.45965
G1 X104.831 Y112.778 E666.48027
G1 X104.21 Y112.817 E666.50097
G1 X103.604 Y112.937 E666.52152
G1 X103.027 Y113.132 E666.54177
G1 X102.47 Y113.409 E666.56246
G1 X101.954 Y113.754 E666.58311
G1 X101.49 Y114.158 E666.60357
G1 X101.082 Y114.625 E666.6242
G1 X100.741 Y115.138 E666.64469
G1 X100.464 Y115.695 E666.66538
G1 X100.269 Y116.272 E666.68563
G1 X100.149 Y116.878 E666.70618
G1 X100.11 Y117.501 E666.72694
G1 X100.149 Y118.118 E666.7475
G1 X100.269 Y118.724 E666.76805
G1 X100.464 Y119.301 E666.78831
G1 X100.741 Y119.859 E666.80903
G1 X101.082 Y120.374 E666.82957
G1 X101.49 Y120.838 E666.85012
G1 X101.954 Y121.246 E666.87067
G1 X102.469 Y121.587 E666.89122
G1 X103.027 Y121.864 E666.91194
G1 X103.604 Y122.059 E666.93219
G1 X104.212 Y122.18 E666.95281
G1 X104.831 Y122.222 E666.97345
G0 F9000 X104.831 Y122.623
;TYPE:WALL-OUTER
G1 F600 X105.501 Y122.577 E666.99578
G1 X106.164 Y122.446 E667.01826
G1 X106.787 Y122.234 E667.04015
G1 X107.391 Y121.934 E667.06258
G1 X107.95 Y121.564 E667.08488
G1 X108.454 Y121.122 E667.10717
G1 X108.896 Y120.618 E667.12947
G1 X109.266 Y120.059 E667.15177
G1 X109.566 Y119.455 E667.1742
G1 X109.778 Y118.832 E667.19608
G1 X109.909 Y118.17 E667.21853
G1 X109.951 Y117.501 E667.24082
G1 X109.909 Y116.826 E667.26332
G1 X109.778 Y116.168 E667.28563
G1 X109.566 Y115.541 E667.30765
G1 X109.266 Y114.937 E667.33008
G1 X108.896 Y114.382 E667.35226
G1 X108.454 Y113.874 E667.37466
G1 X107.95 Y113.436 E667.39687
G1 X107.391 Y113.062 E667.41924
G1 X106.786 Y112.765 E667.44165
G1 X106.163 Y112.55 E667.46357
G1 X105.502 Y112.419 E667.48599
G1 X104.831 Y112.377 E667.50835
G1 X104.158 Y112.419 E667.53078
G1 X103.5 Y112.55 E667.55309
G1 X102.873 Y112.762 E667.5751
G1 X102.269 Y113.062 E667.59754
G1 X101.71 Y113.436 E667.61991
G1 X101.206 Y113.874 E667.64211
G1 X100.764 Y114.382 E667.66451
G1 X100.394 Y114.937 E667.6867
G1 X100.094 Y115.541 E667.70913
G1 X99.882 Y116.168 E667.73114
G1 X99.751 Y116.826 E667.75346
G1 X99.709 Y117.501 E667.77595
G1 X99.751 Y118.17 E667.79824
G1 X99.882 Y118.828 E667.82056
G1 X100.094 Y119.455 E667.84257
G1 X100.394 Y120.059 E667.865
G1 X100.764 Y120.618 E667.8873
G1 X101.206 Y121.122 E667.9096
G1 X101.71 Y121.564 E667.93189
G1 X102.269 Y121.934 E667.95419
G1 X102.873 Y122.234 E667.97662
G1 X103.5 Y122.446 E667.99863
G1 X104.159 Y122.577 E668.02098
G1 X104.831 Y122.623 E668.04338
G0 F9000 X105.15 Y122.12
;TYPE:FILL
G1 F600 X100.21 Y117.18 E668.27575
G0 F9000 X100.21 Y117.819
G1 F600 X105.151 Y112.878 E668.50816
G0 F9000 X105.136 Y113.106
G0 X102.43 Y113.808
G0 X102.304 Y113.617
G1 F600 X108.713 Y120.026 E668.80961
G0 F9000 X108.525 Y119.9
G0 X108.523 Y115.098
G0 X108.713 Y114.973
G1 F600 X102.304 Y121.382 E669.11107
G0 F9000 X102.597 Y120.944
;MESH:NONMESH
G0 F300 X102.597 Y120.944 Z14
G0 F9000 X104.832 Y121.913
G0 X104.831 Y122.222
;TIME_ELAPSED:1329.244492
;LAYER:69
;note -- min layer time used
;TYPE:WALL-INNER
;MESH:FT10-Input Crank.stl
G1 F600 X105.448 Y122.18 E669.13164
G1 X106.06 Y122.059 E669.15239
G1 X106.633 Y121.864 E669.17252
G1 X107.191 Y121.587 E669.19324
G1 X107.706 Y121.246 E669.21379
G1 X108.17 Y120.838 E669.23434
G1 X108.578 Y120.374 E669.25489
G1 X108.919 Y119.859 E669.27543
G1 X109.196 Y119.301 E669.29615
G1 X109.391 Y118.728 E669.31628
G1 X109.511 Y118.118 E669.33696
G1 X109.549 Y117.501 E669.35752
G1 X109.511 Y116.878 E669.37828
G1 X109.391 Y116.272 E669.39883
G1 X109.196 Y115.695 E669.41909
G1 X108.919 Y115.138 E669.43978
G1 X108.578 Y114.625 E669.46026
G1 X108.17 Y114.158 E669.48089
G1 X107.706 Y113.754 E669.50135
G1 X107.191 Y113.41 E669.52195
G1 X106.632 Y113.135 E669.54267
G1 X106.059 Y112.937 E669.56283
G1 X105.45 Y112.817 E669.58348
G1 X104.831 Y112.778 E669.60411
G1 X104.21 Y112.817 E669.6248
G1 X103.604 Y112.937 E669.64535
G1 X103.027 Y113.132 E669.66561
G1 X102.47 Y113.409 E669.6863
G1 X101.954 Y113.754 E669.70694
G1 X101.49 Y114.158 E669.72741
G1 X101.082 Y114.625 E669.74803
G1 X100.741 Y115.138 E669.76852
G1 X100.464 Y115.695 E669.78921
G1 X100.269 Y116.272 E669.80947
G1 X100.149 Y116.878 E669.83001
G1 X100.11 Y117.501 E669.85078
G1 X100.149 Y118.118 E669.87134
G1 X100.269 Y118.724 E669.89189
G1 X100.464 Y119.301 E669.91214
G1 X100.741 Y119.859 E669.93286
G1 X101.082 Y120.374 E669.95341
G1 X101.49 Y120.838 E669.97396
G1 X101.954 Y121.246 E669.99451
G1 X102.469 Y121.587 E670.01505
G1 X103.027 Y121.864 E670.03577
G1 X103.604 Y122.059 E670.05603
G1 X104.212 Y122.18 E670.07665
G1 X104.831 Y122.222 E670.09728
G0 F9000 X104.831 Y122.623
;TYPE:WALL-OUTER
G1 F600 X105.501 Y122.577 E670.11962
G1 X106.164 Y122.446 E670.1421
G1 X106.787 Y122.234 E670.16398
G1 X107.391 Y121.934 E670.18642
G1 X107.95 Y121.564 E670.20871
G1 X108.454 Y121.122 E670.23101
G1 X108.896 Y120.618 E670.2533
G1 X109.266 Y120.059 E670.2756
G1 X109.566 Y119.455 E670.29803
G1 X109.778 Y118.832 E670.31992
G1 X109.909 Y118.17 E670.34236
G1 X109.951 Y117.501 E670.36466
G1 X109.909 Y116.826 E670.38715
G1 X109.778 Y116.168 E670.40947
G1 X109.566 Y115.541 E670.43148
G1 X109.266 Y114.937 E670.45391
G1 X108.896 Y114.382 E670.4761
G1 X108.454 Y113.874 E670.49849
G1 X107.95 Y113.436 E670.5207
G1 X107.391 Y113.062 E670.54307
G1 X106.786 Y112.765 E670.56549
G1 X106.163 Y112.55 E670.58741
G1 X105.502 Y112.419 E670.60982
G1 X104.831 Y112.377 E670.63218
G1 X104.158 Y112.419 E670.65461
G1 X103.5 Y112.55 E670.67693
G1 X102.873 Y112.762 E670.69894
G1 X102.269 Y113.062 E670.72137
G1 X101.71 Y113.436 E670.74374
G1 X101.206 Y113.874 E670.76595
G1 X100.764 Y114.382 E670.78834
G1 X100.394 Y114.937 E670.81053
G1 X100.094 Y115.541 E670.83296
G1 X99.882 Y116.168 E670.85497
G1 X99.751 Y116.826 E670.87729
G1 X99.709 Y117.501 E670.89978
G1 X99.751 Y118.17 E670.92208
G1 X99.882 Y118.828 E670.94439
G1 X100.094 Y119.455 E670.96641
G1 X100.394 Y120.059 E670.98884
G1 X100.764 Y120.618 E671.01113
G1 X101.206 Y121.122 E671.03343
G1 X101.71 Y121.564 E671.05573
G1 X102.269 Y121.934 E671.07802
G1 X102.873 Y122.234 E671.10045
G1 X103.5 Y122.446 E671.12247
G1 X104.159 Y122.577 E671.14481
G1 X104.831 Y122.623 E671.16722
G0 F9000 X105.15 Y122.12
;TYPE:FILL
G1 F600 X100.21 Y117.18 E671.39958
G0 F9000 X100.21 Y117.819
G1 F600 X105.151 Y112.878 E671.63199
G0 F9000 X105.136 Y113.106
G0 X102.43 Y113.808
G0 X102.304 Y113.617
G1 F600 X108.713 Y120.026 E671.93345
G0 F9000 X108.525 Y119.9
G0 X108.523 Y115.098
G0 X108.713 Y114.973
G1 F600 X102.304 Y121.382 E672.23491
G0 F9000 X102.597 Y120.944
;MESH:NONMESH
G0 F300 X102.597 Y120.944 Z14.2
G0 F9000 X104.832 Y121.913
G0 X104.831 Y122.222
;TIME_ELAPSED:1339.475263
;LAYER:70
;note -- min layer time used
;TYPE:WALL-INNER
;MESH:FT10-Input Crank.stl
G1 F600 X105.448 Y122.18 E672.25548
G1 X106.06 Y122.059 E672.27623
G1 X106.633 Y121.864 E672.29636
G1 X107.191 Y121.587 E672.31708
G1 X107.706 Y121.246 E672.33762
G1 X108.17 Y120.838 E672.35817
G1 X108.578 Y120.374 E672.37872
G1 X108.919 Y119.859 E672.39927
G1 X109.196 Y119.301 E672.41999
G1 X109.391 Y118.728 E672.44012
G1 X109.511 Y118.118 E672.4608
G1 X109.549 Y117.501 E672.48136
G1 X109.511 Y116.878 E672.50212
G1 X109.391 Y116.272 E672.52266
G1 X109.196 Y115.695 E672.54292
G1 X108.919 Y115.138 E672.56361
G1 X108.578 Y114.625 E672.5841
G1 X108.17 Y114.158 E672.60472
G1 X107.706 Y113.754 E672.62519
G1 X107.191 Y113.41 E672.64579
G1 X106.632 Y113.135 E672.66651
G1 X106.059 Y112.937 E672.68667
G1 X105.45 Y112.817 E672.70731
G1 X104.831 Y112.778 E672.72794
G1 X104.21 Y112.817 E672.74864
G1 X103.604 Y112.937 E672.76919
G1 X103.027 Y113.132 E672.78944
G1 X102.47 Y113.409 E672.81013
G1 X101.954 Y113.754 E672.83078
G1 X101.49 Y114.158 E672.85124
G1 X101.082 Y114.625 E672.87187
G1 X100.741 Y115.138 E672.89235
G1 X100.464 Y115.695 E672.91304
G1 X100.269 Y116.272 E672.9333
G1 X100.149 Y116.878 E672.95385
G1 X100.11 Y117.501 E672.97461
G1 X100.149 Y118.118 E672.99517
G1 X100.269 Y118.724 E673.01572
G1 X100.464 Y119.301 E673.03598
G1 X100.741 Y119.859 E673.0567
G1 X101.082 Y120.374 E673.07724
G1 X101.49 Y120.838 E673.09779
G1 X101.954 Y121.246 E673.11834
G1 X102.469 Y121.587 E673.13889
G1 X103.027 Y121.864 E673.15961
G1 X103.604 Y122.059 E673.17986
G1 X104.212 Y122.18 E673.20048
G1 X104.831 Y122.222 E673.22112
G0 F9000 X104.831 Y122.623
;TYPE:WALL-OUTER
G1 F600 X105.501 Y122.577 E673.24345
G1 X106.164 Y122.446 E673.26593
G1 X106.787 Y122.234 E673.28782
G1 X107.391 Y121.934 E673.31025
G1 X107.95 Y121.564 E673.33255
G1 X108.454 Y121.122 E673.35484
G1 X108.896 Y120.618 E673.37714
G1 X109.266 Y120.059 E673.39943
G1 X109.566 Y119.455 E673.42187
G1 X109.778 Y118.832 E673.44375
G1 X109.909 Y118.17 E673.4662
G1 X109.951 Y117.501 E673.48849
G1 X109.909 Y116.826 E673.51099
G1 X109.778 Y116.168 E673.5333
G1 X109.566 Y115.541 E673.55532
G1 X109.266 Y114.937 E673.57775
G1 X108.896 Y114.382 E673.59993
G1 X108.454 Y113.874 E673.62233
G1 X107.95 Y113.436 E673.64454
G1 X107.391 Y113.062 E673.66691
G1 X106.786 Y112.765 E673.68932
G1 X106.163 Y112.55 E673.71124
G1 X105.502 Y112.419 E673.73366
G1 X104.831 Y112.377 E673.75602
G1 X104.158 Y112.419 E673.77845
G1 X103.5 Y112.55 E673.80076
G1 X102.873 Y112.762 E673.82277
G1 X102.269 Y113.062 E673.8452
G1 X101.71 Y113.436 E673.86757
G1 X101.206 Y113.874 E673.88978
G1 X100.764 Y114.382 E673.91218
G1 X100.394 Y114.937 E673.93436
G1 X100.094 Y115.541 E673.9568
G1 X99.882 Y116.168 E673.97881
G1 X99.751 Y116.826 E674.00112
G1 X99.709 Y117.501 E674.02362
G1 X99.751 Y118.17 E674.04591
G1 X99.882 Y118.828 E674.06823
G1 X100.094 Y119.455 E674.09024
G1 X100.394 Y120.059 E674.11267
G1 X100.764 Y120.618 E674.13497
G1 X101.206 Y121.122 E674.15726
G1 X101.71 Y121.564 E674.17956
G1 X102.269 Y121.934 E674.20186
G1 X102.873 Y122.234 E674.22429
G1 X103.5 Y122.446 E674.2463
G1 X104.159 Y122.577 E674.26865
G1 X104.831 Y122.623 E674.29105
G0 F9000 X105.15 Y122.12
;TYPE:FILL
G1 F600 X100.21 Y117.18 E674.52341
G0 F9000 X100.21 Y117.819
G1 F600 X105.151 Y112.878 E674.75582
G0 F9000 X105.136 Y113.106
G0 X102.43 Y113.808
G0 X102.304 Y113.617
G1 F600 X108.713 Y120.026 E675.05728
G0 F9000 X108.525 Y119.9
G0 X108.523 Y115.098
G0 X108.713 Y114.973
G1 F600 X102.304 Y121.382 E675.35874
G0 F9000 X102.597 Y120.944
;MESH:NONMESH
G0 F300 X102.597 Y120.944 Z14.4
G0 F9000 X104.832 Y121.913
G0 X104.831 Y122.222
;TIME_ELAPSED:1349.706034
;LAYER:71
;note -- min layer time used
;TYPE:WALL-INNER
;MESH:FT10-Input Crank.stl
G1 F600 X105.448 Y122.18 E675.37931
G1 X106.06 Y122.059 E675.40006
G1 X106.633 Y121.864 E675.42019
G1 X107.191 Y121.587 E675.44091
G1 X107.706 Y121.246 E675.46146
G1 X108.17 Y120.838 E675.48201
G1 X108.578 Y120.374 E675.50256
G1 X108.919 Y119.859 E675.5231
G1 X109.196 Y119.301 E675.54382
G1 X109.391 Y118.728 E675.56395
G1 X109.511 Y118.118 E675.58463
G1 X109.549 Y117.501 E675.60519
G1 X109.511 Y116.878 E675.62595
G1 X109.391 Y116.272 E675.6465
G1 X109.196 Y115.695 E675.66675
G1 X108.919 Y115.138 E675.68744
G1 X108.578 Y114.625 E675.70793
G1 X108.17 Y114.158 E675.72856
G1 X107.706 Y113.754 E675.74902
G1 X107.191 Y113.41 E675.76962
G1 X106.632 Y113.135 E675.79034
G1 X106.059 Y112.937 E675.8105
G1 X105.45 Y112.817 E675.83115
G1 X104.831 Y112.778 E675.85178
G1 X104.21 Y112.817 E675.87247
G1 X103.604 Y112.937 E675.89302
G1 X103.027 Y113.132 E675.91328
G1 X102.47 Y113.409 E675.93397
G1 X101.954 Y113.754 E675.95461
G1 X101.49 Y114.158 E675.97508
G1 X101.082 Y114.625 E675.9957
G1 X100.741 Y115.138 E676.01619
G1 X100.464 Y115.695 E676.03688
G1 X100.269 Y116.272 E676.05714
G1 X100.149 Y116.878 E676.07768
G1 X100.11 Y117.501 E676.09844
G1 X100.149 Y118.118 E676.11901
G1 X100.269 Y118.724 E676.13955
G1 X100.464 Y119.301 E676.15981
G1 X100.741 Y119.859 E676.18053
G1 X101.082 Y120.374 E676.20108
G1 X101.49 Y120.838 E676.22163
G1 X101.954 Y121.246 E676.24218
G1 X102.469 Y121.587 E676.26272
G1 X103.027 Y121.864 E676.28344
G1 X103.604 Y122.059 E676.3037
G1 X104.212 Y122.18 E676.32432
G1 X104.831 Y122.222 E676.34495
G0 F9000 X104.831 Y122.623
;TYPE:WALL-OUTER
G1 F600 X105.501 Y122.577 E676.36729
G1 X106.164 Y122.446 E676.38977
G1 X106.787 Y122.234 E676.41165
G1 X107.391 Y121.934 E676.43408
G1 X107.95 Y121.564 E676.45638
G1 X108.454 Y121.122 E676.47868
G1 X108.896 Y120.618 E676.50097
G1 X109.266 Y120.059 E676.52327
G1 X109.566 Y119.455 E676.5457
G1 X109.778 Y118.832 E676.56759
G1 X109.909 Y118.17 E676.59003
G1 X109.951 Y117.501 E676.61233
G1 X109.909 Y116.826 E676.63482
G1 X109.778 Y116.168 E676.65714
G1 X109.566 Y115.541 E676.67915
G1 X109.266 Y114.937 E676.70158
G1 X108.896 Y114.382 E676.72377
G1 X108.454 Y113.874 E676.74616
G1 X107.95 Y113.436 E676.76837
G1 X107.391 Y113.062 E676.79074
G1 X106.786 Y112.765 E676.81316
G1 X106.163 Y112.55 E676.83508
G1 X105.502 Y112.419 E676.85749
G1 X104.831 Y112.377 E676.87985
G1 X104.158 Y112.419 E676.90228
G1 X103.5 Y112.55 E676.92459
G1 X102.873 Y112.762 E676.94661
G1 X102.269 Y113.062 E676.96904
G1 X101.71 Y113.436 E676.99141
G1 X101.206 Y113.874 E677.01362
G1 X100.764 Y114.382 E677.03601
G1 X100.394 Y114.937 E677.0582
G1 X100.094 Y115.541 E677.08063
G1 X99.882 Y116.168 E677.10264
G1 X99.751 Y116.826 E677.12496
G1 X99.709 Y117.501 E677.14745
G1 X99.751 Y118.17 E677.16975
G1 X99.882 Y118.828 E677.19206
G1 X100.094 Y119.455 E677.21408
G1 X100.394 Y120.059 E677.23651
G1 X100.764 Y120.618 E677.2588
G1 X101.206 Y121.122 E677.2811
G1 X101.71 Y121.564 E677.3034
G1 X102.269 Y121.934 E677.32569
G1 X102.873 Y122.234 E677.34812
G1 X103.5 Y122.446 E677.37014
G1 X104.159 Y122.577 E677.39248
G1 X104.831 Y122.623 E677.41489
G0 F9000 X105.15 Y122.12
;TYPE:FILL
G1 F600 X100.21 Y117.18 E677.64725
G0 F9000 X100.21 Y117.819
G1 F600 X105.151 Y112.878 E677.87966
G0 F9000 X105.136 Y113.106
G0 X102.43 Y113.808
G0 X102.304 Y113.617
G1 F600 X108.713 Y120.026 E678.18112
G0 F9000 X108.525 Y119.9
G0 X108.523 Y115.098
G0 X108.713 Y114.973
G1 F600 X102.304 Y121.382 E678.48258
G0 F9000 X102.597 Y120.944
;MESH:NONMESH
G0 F300 X102.597 Y120.944 Z14.6
G0 F9000 X104.832 Y121.913
G0 X104.831 Y122.222
;TIME_ELAPSED:1359.936805
;LAYER:72
;note -- min layer time used
;TYPE:WALL-INNER
;MESH:FT10-Input Crank.stl
G1 F600 X105.448 Y122.18 E678.50315
G1 X106.06 Y122.059 E678.5239
G1 X106.633 Y121.864 E678.54403
G1 X107.191 Y121.587 E678.56475
G1 X107.706 Y121.246 E678.58529
G1 X108.17 Y120.838 E678.60584
G1 X108.578 Y120.374 E678.62639
G1 X108.919 Y119.859 E678.64694
G1 X109.196 Y119.301 E678.66766
G1 X109.391 Y118.728 E678.68779
G1 X109.511 Y118.118 E678.70846
G1 X109.549 Y117.501 E678.72902
G1 X109.511 Y116.878 E678.74978
G1 X109.391 Y116.272 E678.77033
G1 X109.196 Y115.695 E678.79059
G1 X108.919 Y115.138 E678.81128
G1 X108.578 Y114.625 E678.83177
G1 X108.17 Y114.158 E678.85239
G1 X107.706 Y113.754 E678.87286
G1 X107.191 Y113.41 E678.89345
G1 X106.632 Y113.135 E678.91417
G1 X106.059 Y112.937 E678.93434
G1 X105.45 Y112.817 E678.95498
G1 X104.831 Y112.778 E678.97561
G1 X104.21 Y112.817 E678.99631
G1 X103.604 Y112.937 E679.01685
G1 X103.027 Y113.132 E679.03711
G1 X102.47 Y113.409 E679.0578
G1 X101.954 Y113.754 E679.07845
G1 X101.49 Y114.158 E679.09891
G1 X101.082 Y114.625 E679.11953
G1 X100.741 Y115.138 E679.14002
G1 X100.464 Y115.695 E679.16071
G1 X100.269 Y116.272 E679.18097
G1 X100.149 Y116.878 E679.20152
G1 X100.11 Y117.501 E679.22228
G1 X100.149 Y118.118 E679.24284
G1 X100.269 Y118.724 E679.26339
G1 X100.464 Y119.301 E679.28365
G1 X100.741 Y119.859 E679.30437
G1 X101.082 Y120.374 E679.32491
G1 X101.49 Y120.838 E679.34546
G1 X101.954 Y121.246 E679.36601
G1 X102.469 Y121.587 E679.38655
G1 X103.027 Y121.864 E679.40727
G1 X103.604 Y122.059 E679.42753
G1 X104.212 Y122.18 E679.44815
G1 X104.831 Y122.222 E679.46879
G0 F9000 X104.831 Y122.623
;TYPE:WALL-OUTER
G1 F600 X105.501 Y122.577 E679.49112
G1 X106.164 Y122.446 E679.5136
G1 X106.787 Y122.234 E679.53549
G1 X107.391 Y121.934 E679.55792
G1 X107.95 Y121.564 E679.58022
G1 X108.454 Y121.122 E679.60251
G1 X108.896 Y120.618 E679.62481
G1 X109.266 Y120.059 E679.6471
G1 X109.566 Y119.455 E679.66953
G1 X109.778 Y118.832 E679.69142
G1 X109.909 Y118.17 E679.71387
G1 X109.951 Y117.501 E679.73616
G1 X109.909 Y116.826 E679.75866
G1 X109.778 Y116.168 E679.78097
G1 X109.566 Y115.541 E679.80298
G1 X109.266 Y114.937 E679.82542
G1 X108.896 Y114.382 E679.8476
G1 X108.454 Y113.874 E679.87
G1 X107.95 Y113.436 E679.89221
G1 X107.391 Y113.062 E679.91458
G1 X106.786 Y112.765 E679.93699
G1 X106.163 Y112.55 E679.95891
G1 X105.502 Y112.419 E679.98133
G1 X104.831 Y112.377 E680.00369
G1 X104.158 Y112.419 E680.02611
G1 X103.5 Y112.55 E680.04843
G1 X102.873 Y112.762 E680.07044
G1 X102.269 Y113.062 E680.09287
G1 X101.71 Y113.436 E680.11524
G1 X101.206 Y113.874 E680.13745
G1 X100.764 Y114.382 E680.15985
G1 X100.394 Y114.937 E680.18203
G1 X100.094 Y115.541 E680.20446
G1 X99.882 Y116.168 E680.22648
G1 X99.751 Y116.826 E680.24879
G1 X99.709 Y117.501 E680.27129
G1 X99.751 Y118.17 E680.29358
G1 X99.882 Y118.828 E680.3159
G1 X100.094 Y119.455 E680.33791
G1 X100.394 Y120.059 E680.36034
G1 X100.764 Y120.618 E680.38264
G1 X101.206 Y121.122 E680.40493
G1 X101.71 Y121.564 E680.42723
G1 X102.269 Y121.934 E680.44953
G1 X102.873 Y122.234 E680.47196
G1 X103.5 Y122.446 E680.49397
G1 X104.159 Y122.577 E680.51632
G1 X104.831 Y122.623 E680.53872
G0 F9000 X105.15 Y122.12
;TYPE:FILL
G1 F600 X100.21 Y117.18 E680.77108
G0 F9000 X100.21 Y117.819
G1 F600 X105.151 Y112.878 E681.00349
G0 F9000 X105.136 Y113.106
G0 X102.43 Y113.808
G0 X102.304 Y113.617
G1 F600 X108.713 Y120.026 E681.30495
G0 F9000 X108.525 Y119.9
G0 X108.523 Y115.098
G0 X108.713 Y114.973
G1 F600 X102.304 Y121.382 E681.60641
G0 F9000 X102.597 Y120.944
;MESH:NONMESH
G0 F300 X102.597 Y120.944 Z14.8
G0 F9000 X104.832 Y121.913
G0 X104.831 Y122.222
;TIME_ELAPSED:1370.167576
;LAYER:73
;note -- min layer time used
;TYPE:WALL-INNER
;MESH:FT10-Input Crank.stl
G1 F600 X105.448 Y122.18 E681.62698
G1 X106.06 Y122.059 E681.64773
G1 X106.633 Y121.864 E681.66786
G1 X107.191 Y121.587 E681.68858
G1 X107.706 Y121.246 E681.70913
G1 X108.17 Y120.838 E681.72968
G1 X108.578 Y120.374 E681.75023
G1 X108.919 Y119.859 E681.77077
G1 X109.196 Y119.301 E681.79149
G1 X109.391 Y118.728 E681.81162
G1 X109.511 Y118.118 E681.8323
G1 X109.549 Y117.501 E681.85286
G1 X109.511 Y116.878 E681.87362
G1 X109.391 Y116.272 E681.89417
G1 X109.196 Y115.695 E681.91442
G1 X108.919 Y115.138 E681.93511
G1 X108.578 Y114.625 E681.9556
G1 X108.17 Y114.158 E681.97623
G1 X107.706 Y113.754 E681.99669
G1 X107.191 Y113.41 E682.01729
G1 X106.632 Y113.135 E682.03801
G1 X106.059 Y112.937 E682.05817
G1 X105.45 Y112.817 E682.07882
G1 X104.831 Y112.778 E682.09945
G1 X104.21 Y112.817 E682.12014
G1 X103.604 Y112.937 E682.14069
G1 X103.027 Y113.132 E682.16095
G1 X102.47 Y113.409 E682.18164
G1 X101.954 Y113.754 E682.20228
G1 X101.49 Y114.158 E682.22274
G1 X101.082 Y114.625 E682.24337
G1 X100.741 Y115.138 E682.26386
G1 X100.464 Y115.695 E682.28455
G1 X100.269 Y116.272 E682.30481
G1 X100.149 Y116.878 E682.32535
G1 X100.11 Y117.501 E682.34611
G1 X100.149 Y118.118 E682.36668
G1 X100.269 Y118.724 E682.38722
G1 X100.464 Y119.301 E682.40748
G1 X100.741 Y119.859 E682.4282
G1 X101.082 Y120.374 E682.44874
G1 X101.49 Y120.838 E682.46929
G1 X101.954 Y121.246 E682.48984
G1 X102.469 Y121.587 E682.51039
G1 X103.027 Y121.864 E682.53111
G1 X103.604 Y122.059 E682.55137
G1 X104.212 Y122.18 E682.57198
G1 X104.831 Y122.222 E682.59262
G0 F9000 X104.831 Y122.623
;TYPE:WALL-OUTER
G1 F600 X105.501 Y122.577 E682.61496
G1 X106.164 Y122.446 E682.63743
G1 X106.787 Y122.234 E682.65932
G1 X107.391 Y121.934 E682.68175
G1 X107.95 Y121.564 E682.70405
G1 X108.454 Y121.122 E682.72635
G1 X108.896 Y120.618 E682.74864
G1 X109.266 Y120.059 E682.77094
G1 X109.566 Y119.455 E682.79337
G1 X109.778 Y118.832 E682.81526
G1 X109.909 Y118.17 E682.8377
G1 X109.951 Y117.501 E682.86
G1 X109.909 Y116.826 E682.88249
G1 X109.778 Y116.168 E682.90481
G1 X109.566 Y115.541 E682.92682
G1 X109.266 Y114.937 E682.94925
G1 X108.896 Y114.382 E682.97144
G1 X108.454 Y113.874 E682.99383
G1 X107.95 Y113.436 E683.01604
G1 X107.391 Y113.062 E683.03841
G1 X106.786 Y112.765 E683.06083
G1 X106.163 Y112.55 E683.08275
G1 X105.502 Y112.419 E683.10516
G1 X104.831 Y112.377 E683.12752
G1 X104.158 Y112.419 E683.14995
G1 X103.5 Y112.55 E683.17226
G1 X102.873 Y112.762 E683.19428
G1 X102.269 Y113.062 E683.21671
G1 X101.71 Y113.436 E683.23908
G1 X101.206 Y113.874 E683.26129
G1 X100.764 Y114.382 E683.28368
G1 X100.394 Y114.937 E683.30587
G1 X100.094 Y115.541 E683.3283
G1 X99.882 Y116.168 E683.35031
G1 X99.751 Y116.826 E683.37263
G1 X99.709 Y117.501 E683.39512
G1 X99.751 Y118.17 E683.41742
G1 X99.882 Y118.828 E683.43973
G1 X100.094 Y119.455 E683.46174
G1 X100.394 Y120.059 E683.48418
G1 X100.764 Y120.618 E683.50647
G1 X101.206 Y121.122 E683.52877
G1 X101.71 Y121.564 E683.55106
G1 X102.269 Y121.934 E683.57336
G1 X102.873 Y122.234 E683.59579
G1 X103.5 Y122.446 E683.6178
G1 X104.159 Y122.577 E683.64015
G1 X104.831 Y122.623 E683.66256
G0 F9000 X105.15 Y122.12
;TYPE:FILL
G1 F600 X100.21 Y117.18 E683.89492
G0 F9000 X100.21 Y117.819
G1 F600 X105.151 Y112.878 E684.12733
G0 F9000 X105.136 Y113.106
G0 X102.43 Y113.808
G0 X102.304 Y113.617
G1 F600 X108.713 Y120.026 E684.42879
G0 F9000 X108.525 Y119.9
G0 X108.523 Y115.098
G0 X108.713 Y114.973
G1 F600 X102.304 Y121.382 E684.73025
G0 F9000 X102.597 Y120.944
;MESH:NONMESH
G0 F300 X102.597 Y120.944 Z15
G0 F9000 X104.832 Y121.913
G0 X104.831 Y122.222
;TIME_ELAPSED:1380.398347
;LAYER:74
;note -- min layer time used
;TYPE:WALL-INNER
;MESH:FT10-Input Crank.stl
G1 F600 X105.448 Y122.18 E684.75082
G1 X106.06 Y122.059 E684.77156
G1 X106.633 Y121.864 E684.7917
G1 X107.191 Y121.587 E684.81242
G1 X107.706 Y121.246 E684.83296
G1 X108.17 Y120.838 E684.85351
G1 X108.578 Y120.374 E684.87406
G1 X108.919 Y119.859 E684.8946
G1 X109.196 Y119.301 E684.91532
G1 X109.391 Y118.728 E684.93546
G1 X109.511 Y118.118 E684.95613
G1 X109.549 Y117.501 E684.97669
G1 X109.511 Y116.878 E684.99745
G1 X109.391 Y116.272 E685.018
G1 X109.196 Y115.695 E685.03826
G1 X108.919 Y115.138 E685.05895
G1 X108.578 Y114.625 E685.07944
G1 X108.17 Y114.158 E685.10006
G1 X107.706 Y113.754 E685.12052
G1 X107.191 Y113.41 E685.14112
G1 X106.632 Y113.135 E685.16184
G1 X106.059 Y112.937 E685.18201
G1 X105.45 Y112.817 E685.20265
G1 X104.831 Y112.778 E685.22328
G1 X104.21 Y112.817 E685.24398
G1 X103.604 Y112.937 E685.26452
G1 X103.027 Y113.132 E685.28478
G1 X102.47 Y113.409 E685.30547
G1 X101.954 Y113.754 E685.32612
G1 X101.49 Y114.158 E685.34658
G1 X101.082 Y114.625 E685.3672
G1 X100.741 Y115.138 E685.38769
G1 X100.464 Y115.695 E685.40838
G1 X100.269 Y116.272 E685.42864
G1 X100.149 Y116.878 E685.44919
G1 X100.11 Y117.501 E685.46995
G1 X100.149 Y118.118 E685.49051
G1 X100.269 Y118.724 E685.51106
G1 X100.464 Y119.301 E685.53132
G1 X100.741 Y119.859 E685.55204
G1 X101.082 Y120.374 E685.57258
G1 X101.49 Y120.838 E685.59313
G1 X101.954 Y121.246 E685.61368
G1 X102.469 Y121.587 E685.63422
G1 X103.027 Y121.864 E685.65494
G1 X103.604 Y122.059 E685.6752
G1 X104.212 Y122.18 E685.69582
G1 X104.831 Y122.222 E685.71645
G0 F9000 X104.831 Y122.623
;TYPE:WALL-OUTER
G1 F600 X105.501 Y122.577 E685.73879
G1 X106.164 Y122.446 E685.76127
G1 X106.787 Y122.234 E685.78316
G1 X107.391 Y121.934 E685.80559
G1 X107.95 Y121.564 E685.82788
G1 X108.454 Y121.122 E685.85018
G1 X108.896 Y120.618 E685.87248
G1 X109.266 Y120.059 E685.89477
G1 X109.566 Y119.455 E685.9172
G1 X109.778 Y118.832 E685.93909
G1 X109.909 Y118.17 E685.96154
G1 X109.951 Y117.501 E685.98383
G1 X109.909 Y116.826 E686.00633
G1 X109.778 Y116.168 E686.02864
G1 X109.566 Y115.541 E686.05065
G1 X109.266 Y114.937 E686.07308
G1 X108.896 Y114.382 E686.09527
G1 X108.454 Y113.874 E686.11767
G1 X107.95 Y113.436 E686.13987
G1 X107.391 Y113.062 E686.16224
G1 X106.786 Y112.765 E686.18466
G1 X106.163 Y112.55 E686.20658
G1 X105.502 Y112.419 E686.22899
G1 X104.831 Y112.377 E686.25136
G1 X104.158 Y112.419 E686.27378
G1 X103.5 Y112.55 E686.2961
G1 X102.873 Y112.762 E686.31811
G1 X102.269 Y113.062 E686.34054
G1 X101.71 Y113.436 E686.36291
G1 X101.206 Y113.874 E686.38512
G1 X100.764 Y114.382 E686.40752
G1 X100.394 Y114.937 E686.4297
G1 X100.094 Y115.541 E686.45213
G1 X99.882 Y116.168 E686.47415
G1 X99.751 Y116.826 E686.49646
G1 X99.709 Y117.501 E686.51896
G1 X99.751 Y118.17 E686.54125
G1 X99.882 Y118.828 E686.56357
G1 X100.094 Y119.455 E686.58558
G1 X100.394 Y120.059 E686.60801
G1 X100.764 Y120.618 E686.63031
G1 X101.206 Y121.122 E686.6526
G1 X101.71 Y121.564 E686.6749
G1 X102.269 Y121.934 E686.69719
G1 X102.873 Y122.234 E686.71963
G1 X103.5 Y122.446 E686.74164
G1 X104.159 Y122.577 E686.76399
G1 X104.831 Y122.623 E686.78639
G0 F9000 X105.15 Y122.12
;TYPE:FILL
G1 F600 X100.21 Y117.18 E687.01875
G0 F9000 X100.21 Y117.819
G1 F600 X105.151 Y112.878 E687.25116
G0 F9000 X105.136 Y113.106
G0 X102.43 Y113.808
G0 X102.304 Y113.617
G1 F600 X108.713 Y120.026 E687.55262
G0 F9000 X108.525 Y119.9
G0 X108.523 Y115.098
G0 X108.713 Y114.973
G1 F600 X102.304 Y121.382 E687.85408
G0 F9000 X102.597 Y120.944
;MESH:NONMESH
G0 F300 X102.597 Y120.944 Z15.2
G0 F9000 X104.832 Y121.913
G0 X104.831 Y122.222
;TIME_ELAPSED:1390.629118
;LAYER:75
;note -- min layer time used
;TYPE:WALL-INNER
;MESH:FT10-Input Crank.stl
G1 F600 X105.448 Y122.18 E687.87465
G1 X106.06 Y122.059 E687.8954
G1 X106.633 Y121.864 E687.91553
G1 X107.191 Y121.587 E687.93625
G1 X107.706 Y121.246 E687.95679
G1 X108.17 Y120.838 E687.97734
G1 X108.578 Y120.374 E687.99789
G1 X108.919 Y119.859 E688.01844
G1 X109.196 Y119.301 E688.03916
G1 X109.391 Y118.728 E688.05929
G1 X109.511 Y118.118 E688.07997
G1 X109.549 Y117.501 E688.10053
G1 X109.511 Y116.878 E688.12129
G1 X109.391 Y116.272 E688.14183
G1 X109.196 Y115.695 E688.16209
G1 X108.919 Y115.138 E688.18278
G1 X108.578 Y114.625 E688.20327
G1 X108.17 Y114.158 E688.2239
G1 X107.706 Y113.754 E688.24436
G1 X107.191 Y113.41 E688.26496
G1 X106.632 Y113.135 E688.28568
G1 X106.059 Y112.937 E688.30584
G1 X105.45 Y112.817 E688.32649
G1 X104.831 Y112.778 E688.34712
G1 X104.21 Y112.817 E688.36781
G1 X103.604 Y112.937 E688.38836
G1 X103.027 Y113.132 E688.40861
G1 X102.47 Y113.409 E688.42931
G1 X101.954 Y113.754 E688.44995
G1 X101.49 Y114.158 E688.47041
G1 X101.082 Y114.625 E688.49104
G1 X100.741 Y115.138 E688.51153
G1 X100.464 Y115.695 E688.53222
G1 X100.269 Y116.272 E688.55247
G1 X100.149 Y116.878 E688.57302
G1 X100.11 Y117.501 E688.59378
G1 X100.149 Y118.118 E688.61435
G1 X100.269 Y118.724 E688.63489
G1 X100.464 Y119.301 E688.65515
G1 X100.741 Y119.859 E688.67587
G1 X101.082 Y120.374 E688.69641
G1 X101.49 Y120.838 E688.71696
G1 X101.954 Y121.246 E688.73751
G1 X102.469 Y121.587 E688.75806
G1 X103.027 Y121.864 E688.77878
G1 X103.604 Y122.059 E688.79903
G1 X104.212 Y122.18 E688.81965
G1 X104.831 Y122.222 E688.84029
G0 F9000 X104.831 Y122.623
;TYPE:WALL-OUTER
G1 F600 X105.501 Y122.577 E688.86263
G1 X106.164 Y122.446 E688.8851
G1 X106.787 Y122.234 E688.90699
G1 X107.391 Y121.934 E688.92942
G1 X107.95 Y121.564 E688.95172
G1 X108.454 Y121.122 E688.97401
G1 X108.896 Y120.618 E688.99631
G1 X109.266 Y120.059 E689.01861
G1 X109.566 Y119.455 E689.04104
G1 X109.778 Y118.832 E689.06293
G1 X109.909 Y118.17 E689.08537
G1 X109.951 Y117.501 E689.10767
G1 X109.909 Y116.826 E689.13016
G1 X109.778 Y116.168 E689.15247
G1 X109.566 Y115.541 E689.17449
G1 X109.266 Y114.937 E689.19692
G1 X108.896 Y114.382 E689.2191
G1 X108.454 Y113.874 E689.2415
G1 X107.95 Y113.436 E689.26371
G1 X107.391 Y113.062 E689.28608
G1 X106.786 Y112.765 E689.3085
G1 X106.163 Y112.55 E689.33042
G1 X105.502 Y112.419 E689.35283
G1 X104.831 Y112.377 E689.37519
G1 X104.158 Y112.419 E689.39762
G1 X103.5 Y112.55 E689.41993
G1 X102.873 Y112.762 E689.44195
G1 X102.269 Y113.062 E689.46438
G1 X101.71 Y113.436 E689.48675
G1 X101.206 Y113.874 E689.50896
G1 X100.764 Y114.382 E689.53135
G1 X100.394 Y114.937 E689.55354
G1 X100.094 Y115.541 E689.57597
G1 X99.882 Y116.168 E689.59798
G1 X99.751 Y116.826 E689.6203
G1 X99.709 Y117.501 E689.64279
G1 X99.751 Y118.17 E689.66508
G1 X99.882 Y118.828 E689.6874
G1 X100.094 Y119.455 E689.70941
G1 X100.394 Y120.059 E689.73184
G1 X100.764 Y120.618 E689.75414
G1 X101.206 Y121.122 E689.77644
G1 X101.71 Y121.564 E689.79873
G1 X102.269 Y121.934 E689.82103
G1 X102.873 Y122.234 E689.84346
G1 X103.5 Y122.446 E689.86547
G1 X104.159 Y122.577 E689.88782
G1 X104.831 Y122.623 E689.91022
G0 F9000 X105.15 Y122.12
;TYPE:FILL
G1 F600 X100.21 Y117.18 E690.14259
G0 F9000 X100.21 Y117.819
G1 F600 X105.151 Y112.878 E690.375
G0 F9000 X105.136 Y113.106
G0 X102.43 Y113.808
G0 X102.304 Y113.617
G1 F600 X108.713 Y120.026 E690.67646
G0 F9000 X108.525 Y119.9
G0 X108.523 Y115.098
G0 X108.713 Y114.973
G1 F600 X102.304 Y121.382 E690.97792
G0 F9000 X102.597 Y120.944
;MESH:NONMESH
G0 F300 X102.597 Y120.944 Z15.4
G0 F9000 X104.832 Y121.913
G0 X104.831 Y122.222
;TIME_ELAPSED:1400.859888
;LAYER:76
;note -- min layer time used
;TYPE:WALL-INNER
;MESH:FT10-Input Crank.stl
G1 F600 X105.448 Y122.18 E690.99848
G1 X106.06 Y122.059 E691.01923
G1 X106.633 Y121.864 E691.03936
G1 X107.191 Y121.587 E691.06009
G1 X107.706 Y121.246 E691.08063
G1 X108.17 Y120.838 E691.10118
G1 X108.578 Y120.374 E691.12173
G1 X108.919 Y119.859 E691.14227
G1 X109.196 Y119.301 E691.16299
G1 X109.391 Y118.728 E691.18312
G1 X109.511 Y118.118 E691.2038
G1 X109.549 Y117.501 E691.22436
G1 X109.511 Y116.878 E691.24512
G1 X109.391 Y116.272 E691.26567
G1 X109.196 Y115.695 E691.28593
G1 X108.919 Y115.138 E691.30662
G1 X108.578 Y114.625 E691.3271
G1 X108.17 Y114.158 E691.34773
G1 X107.706 Y113.754 E691.36819
G1 X107.191 Y113.41 E691.38879
G1 X106.632 Y113.135 E691.40951
G1 X106.059 Y112.937 E691.42968
G1 X105.45 Y112.817 E691.45032
G1 X104.831 Y112.778 E691.47095
G1 X104.21 Y112.817 E691.49164
G1 X103.604 Y112.937 E691.51219
G1 X103.027 Y113.132 E691.53245
G1 X102.47 Y113.409 E691.55314
G1 X101.954 Y113.754 E691.57378
G1 X101.49 Y114.158 E691.59425
G1 X101.082 Y114.625 E691.61487
G1 X100.741 Y115.138 E691.63536
G1 X100.464 Y115.695 E691.65605
G1 X100.269 Y116.272 E691.67631
G1 X100.149 Y116.878 E691.69686
G1 X100.11 Y117.501 E691.71762
G1 X100.149 Y118.118 E691.73818
G1 X100.269 Y118.724 E691.75873
G1 X100.464 Y119.301 E691.77898
G1 X100.741 Y119.859 E691.7997
G1 X101.082 Y120.374 E691.82025
G1 X101.49 Y120.838 E691.8408
G1 X101.954 Y121.246 E691.86135
G1 X102.469 Y121.587 E691.88189
G1 X103.027 Y121.864 E691.90261
G1 X103.604 Y122.059 E691.92287
G1 X104.212 Y122.18 E691.94349
G1 X104.831 Y122.222 E691.96412
G0 F9000 X104.831 Y122.623
;TYPE:WALL-OUTER
G1 F600 X105.501 Y122.577 E691.98646
G1 X106.164 Y122.446 E692.00894
G1 X106.787 Y122.234 E692.03083
G1 X107.391 Y121.934 E692.05326
G1 X107.95 Y121.564 E692.07555
G1 X108.454 Y121.122 E692.09785
G1 X108.896 Y120.618 E692.12015
G1 X109.266 Y120.059 E692.14244
G1 X109.566 Y119.455 E692.16487
G1 X109.778 Y118.832 E692.18676
G1 X109.909 Y118.17 E692.20921
G1 X109.951 Y117.501 E692.2315
G1 X109.909 Y116.826 E692.25399
G1 X109.778 Y116.168 E692.27631
G1 X109.566 Y115.541 E692.29832
G1 X109.266 Y114.937 E692.32075
G1 X108.896 Y114.382 E692.34294
G1 X108.454 Y113.874 E692.36533
G1 X107.95 Y113.436 E692.38754
G1 X107.391 Y113.062 E692.40991
G1 X106.786 Y112.765 E692.43233
G1 X106.163 Y112.55 E692.45425
G1 X105.502 Y112.419 E692.47666
G1 X104.831 Y112.377 E692.49902
G1 X104.158 Y112.419 E692.52145
G1 X103.5 Y112.55 E692.54377
G1 X102.873 Y112.762 E692.56578
G1 X102.269 Y113.062 E692.58821
G1 X101.71 Y113.436 E692.61058
G1 X101.206 Y113.874 E692.63279
G1 X100.764 Y114.382 E692.65519
G1 X100.394 Y114.937 E692.67737
G1 X100.094 Y115.541 E692.6998
G1 X99.882 Y116.168 E692.72182
G1 X99.751 Y116.826 E692.74413
G1 X99.709 Y117.501 E692.76662
G1 X99.751 Y118.17 E692.78892
G1 X99.882 Y118.828 E692.81123
G1 X100.094 Y119.455 E692.83325
G1 X100.394 Y120.059 E692.85568
G1 X100.764 Y120.618 E692.87797
G1 X101.206 Y121.122 E692.90027
G1 X101.71 Y121.564 E692.92257
G1 X102.269 Y121.934 E692.94486
G1 X102.873 Y122.234 E692.96729
G1 X103.5 Y122.446 E692.98931
G1 X104.159 Y122.577 E693.01166
G1 X104.831 Y122.623 E693.03406
G0 F9000 X105.15 Y122.12
;TYPE:FILL
G1 F600 X100.21 Y117.18 E693.26642
G0 F9000 X100.21 Y117.819
G1 F600 X105.151 Y112.878 E693.49883
G0 F9000 X105.136 Y113.106
G0 X102.43 Y113.808
G0 X102.304 Y113.617
G1 F600 X108.713 Y120.026 E693.80029
G0 F9000 X108.525 Y119.9
G0 X108.523 Y115.098
G0 X108.713 Y114.973
G1 F600 X102.304 Y121.382 E694.10175
G0 F9000 X102.597 Y120.944
;MESH:NONMESH
G0 F300 X102.597 Y120.944 Z15.6
G0 F9000 X104.832 Y121.913
G0 X104.831 Y122.222
;TIME_ELAPSED:1411.090659
;LAYER:77
;note -- min layer time used
;TYPE:WALL-INNER
;MESH:FT10-Input Crank.stl
G1 F600 X105.448 Y122.18 E694.12232
G1 X106.06 Y122.059 E694.14307
G1 X106.633 Y121.864 E694.1632
G1 X107.191 Y121.587 E694.18392
G1 X107.706 Y121.246 E694.20446
G1 X108.17 Y120.838 E694.22501
G1 X108.578 Y120.374 E694.24556
G1 X108.919 Y119.859 E694.26611
G1 X109.196 Y119.301 E694.28683
G1 X109.391 Y118.728 E694.30696
G1 X109.511 Y118.118 E694.32764
G1 X109.549 Y117.501 E694.3482
G1 X109.511 Y116.878 E694.36896
G1 X109.391 Y116.272 E694.3895
G1 X109.196 Y115.695 E694.40976
G1 X108.919 Y115.138 E694.43045
G1 X108.578 Y114.625 E694.45094
G1 X108.17 Y114.158 E694.47156
G1 X107.706 Y113.754 E694.49203
G1 X107.191 Y113.41 E694.51263
G1 X106.632 Y113.135 E694.53335
G1 X106.059 Y112.937 E694.55351
G1 X105.45 Y112.817 E694.57416
G1 X104.831 Y112.778 E694.59478
G1 X104.21 Y112.817 E694.61548
G1 X103.604 Y112.937 E694.63603
G1 X103.027 Y113.132 E694.65628
G1 X102.47 Y113.409 E694.67697
G1 X101.954 Y113.754 E694.69762
G1 X101.49 Y114.158 E694.71808
G1 X101.082 Y114.625 E694.73871
G1 X100.741 Y115.138 E694.7592
G1 X100.464 Y115.695 E694.77989
G1 X100.269 Y116.272 E694.80014
G1 X100.149 Y116.878 E694.82069
G1 X100.11 Y117.501 E694.84145
G1 X100.149 Y118.118 E694.86201
G1 X100.269 Y118.724 E694.88256
G1 X100.464 Y119.301 E694.90282
G1 X100.741 Y119.859 E694.92354
G1 X101.082 Y120.374 E694.94408
G1 X101.49 Y120.838 E694.96463
G1 X101.954 Y121.246 E694.98518
G1 X102.469 Y121.587 E695.00573
G1 X103.027 Y121.864 E695.02645
G1 X103.604 Y122.059 E695.0467
G1 X104.212 Y122.18 E695.06732
G1 X104.831 Y122.222 E695.08796
G0 F9000 X104.831 Y122.623
;TYPE:WALL-OUTER
G1 F600 X105.501 Y122.577 E695.11029
G1 X106.164 Y122.446 E695.13277
G1 X106.787 Y122.234 E695.15466
G1 X107.391 Y121.934 E695.17709
G1 X107.95 Y121.564 E695.19939
G1 X108.454 Y121.122 E695.22168
G1 X108.896 Y120.618 E695.24398
G1 X109.266 Y120.059 E695.26628
G1 X109.566 Y119.455 E695.28871
G1 X109.778 Y118.832 E695.31059
G1 X109.909 Y118.17 E695.33304
G1 X109.951 Y117.501 E695.35533
G1 X109.909 Y116.826 E695.37783
G1 X109.778 Y116.168 E695.40014
G1 X109.566 Y115.541 E695.42216
G1 X109.266 Y114.937 E695.44459
G1 X108.896 Y114.382 E695.46677
G1 X108.454 Y113.874 E695.48917
G1 X107.95 Y113.436 E695.51138
G1 X107.391 Y113.062 E695.53375
G1 X106.786 Y112.765 E695.55616
G1 X106.163 Y112.55 E695.57808
G1 X105.502 Y112.419 E695.6005
G1 X104.831 Y112.377 E695.62286
G1 X104.158 Y112.419 E695.64529
G1 X103.5 Y112.55 E695.6676
G1 X102.873 Y112.762 E695.68961
G1 X102.269 Y113.062 E695.71205
G1 X101.71 Y113.436 E695.73442
G1 X101.206 Y113.874 E695.75662
G1 X100.764 Y114.382 E695.77902
G1 X100.394 Y114.937 E695.80121
G1 X100.094 Y115.541 E695.82364
G1 X99.882 Y116.168 E695.84565
G1 X99.751 Y116.826 E695.86796
G1 X99.709 Y117.501 E695.89046
G1 X99.751 Y118.17 E695.91275
G1 X99.882 Y118.828 E695.93507
G1 X100.094 Y119.455 E695.95708
G1 X100.394 Y120.059 E695.97951
G1 X100.764 Y120.618 E696.00181
G1 X101.206 Y121.122 E696.02411
G1 X101.71 Y121.564 E696.0464
G1 X102.269 Y121.934 E696.0687
G1 X102.873 Y122.234 E696.09113
G1 X103.5 Y122.446 E696.11314
G1 X104.159 Y122.577 E696.13549
G1 X104.831 Y122.623 E696.15789
G0 F9000 X105.15 Y122.12
;TYPE:FILL
G1 F600 X100.21 Y117.18 E696.39026
G0 F9000 X100.21 Y117.819
G1 F600 X105.151 Y112.878 E696.62266
G0 F9000 X105.136 Y113.106
G0 X102.43 Y113.808
G0 X102.304 Y113.617
G1 F600 X108.713 Y120.026 E696.92412
G0 F9000 X108.525 Y119.9
G0 X108.523 Y115.098
G0 X108.713 Y114.973
G1 F600 X102.304 Y121.382 E697.22558
G0 F9000 X102.597 Y120.944
;MESH:NONMESH
G0 F300 X102.597 Y120.944 Z15.8
G0 F9000 X104.832 Y121.913
G0 X104.831 Y122.222
;TIME_ELAPSED:1421.321430
;LAYER:78
;note -- min layer time used
;TYPE:WALL-INNER
;MESH:FT10-Input Crank.stl
G1 F600 X105.448 Y122.18 E697.24615
G1 X106.06 Y122.059 E697.2669
G1 X106.633 Y121.864 E697.28703
G1 X107.191 Y121.587 E697.30775
G1 X107.706 Y121.246 E697.3283
G1 X108.17 Y120.838 E697.34885
G1 X108.578 Y120.374 E697.3694
G1 X108.919 Y119.859 E697.38994
G1 X109.196 Y119.301 E697.41066
G1 X109.391 Y118.728 E697.43079
G1 X109.511 Y118.118 E697.45147
G1 X109.549 Y117.501 E697.47203
G1 X109.511 Y116.878 E697.49279
G1 X109.391 Y116.272 E697.51334
G1 X109.196 Y115.695 E697.5336
G1 X108.919 Y115.138 E697.55429
G1 X108.578 Y114.625 E697.57477
G1 X108.17 Y114.158 E697.5954
G1 X107.706 Y113.754 E697.61586
G1 X107.191 Y113.41 E697.63646
G1 X106.632 Y113.135 E697.65718
G1 X106.059 Y112.937 E697.67734
G1 X105.45 Y112.817 E697.69799
G1 X104.831 Y112.778 E697.71862
G1 X104.21 Y112.817 E697.73931
G1 X103.604 Y112.937 E697.75986
G1 X103.027 Y113.132 E697.78012
G1 X102.47 Y113.409 E697.80081
G1 X101.954 Y113.754 E697.82145
G1 X101.49 Y114.158 E697.84192
G1 X101.082 Y114.625 E697.86254
G1 X100.741 Y115.138 E697.88303
G1 X100.464 Y115.695 E697.90372
G1 X100.269 Y116.272 E697.92398
G1 X100.149 Y116.878 E697.94452
G1 X100.11 Y117.501 E697.96529
G1 X100.149 Y118.118 E697.98585
G1 X100.269 Y118.724 E698.0064
G1 X100.464 Y119.301 E698.02665
G1 X100.741 Y119.859 E698.04737
G1 X101.082 Y120.374 E698.06792
G1 X101.49 Y120.838 E698.08847
G1 X101.954 Y121.246 E698.10902
G1 X102.469 Y121.587 E698.12956
G1 X103.027 Y121.864 E698.15028
G1 X103.604 Y122.059 E698.17054
G1 X104.212 Y122.18 E698.19116
G1 X104.831 Y122.222 E698.21179
G0 F9000 X104.831 Y122.623
;TYPE:WALL-OUTER
G1 F600 X105.501 Y122.577 E698.23413
G1 X106.164 Y122.446 E698.25661
G1 X106.787 Y122.234 E698.27849
G1 X107.391 Y121.934 E698.30093
G1 X107.95 Y121.564 E698.32322
G1 X108.454 Y121.122 E698.34552
G1 X108.896 Y120.618 E698.36781
G1 X109.266 Y120.059 E698.39011
G1 X109.566 Y119.455 E698.41254
G1 X109.778 Y118.832 E698.43443
G1 X109.909 Y118.17 E698.45687
G1 X109.951 Y117.501 E698.47917
G1 X109.909 Y116.826 E698.50166
G1 X109.778 Y116.168 E698.52398
G1 X109.566 Y115.541 E698.54599
G1 X109.266 Y114.937 E698.56842
G1 X108.896 Y114.382 E698.59061
G1 X108.454 Y113.874 E698.613
G1 X107.95 Y113.436 E698.63521
G1 X107.391 Y113.062 E698.65758
G1 X106.786 Y112.765 E698.68
G1 X106.163 Y112.55 E698.70192
G1 X105.502 Y112.419 E698.72433
G1 X104.831 Y112.377 E698.74669
G1 X104.158 Y112.419 E698.76912
G1 X103.5 Y112.55 E698.79144
G1 X102.873 Y112.762 E698.81345
G1 X102.269 Y113.062 E698.83588
G1 X101.71 Y113.436 E698.85825
G1 X101.206 Y113.874 E698.88046
G1 X100.764 Y114.382 E698.90285
G1 X100.394 Y114.937 E698.92504
G1 X100.094 Y115.541 E698.94747
G1 X99.882 Y116.168 E698.96948
G1 X99.751 Y116.826 E698.9918
G1 X99.709 Y117.501 E699.01429
G1 X99.751 Y118.17 E699.03659
G1 X99.882 Y118.828 E699.0589
G1 X100.094 Y119.455 E699.08092
G1 X100.394 Y120.059 E699.10335
G1 X100.764 Y120.618 E699.12564
G1 X101.206 Y121.122 E699.14794
G1 X101.71 Y121.564 E699.17024
G1 X102.269 Y121.934 E699.19253
G1 X102.873 Y122.234 E699.21496
G1 X103.5 Y122.446 E699.23698
G1 X104.159 Y122.577 E699.25932
G1 X104.831 Y122.623 E699.28173
G0 F9000 X105.15 Y122.12
;TYPE:FILL
G1 F600 X100.21 Y117.18 E699.51409
G0 F9000 X100.21 Y117.819
G1 F600 X105.151 Y112.878 E699.7465
G0 F9000 X105.136 Y113.106
G0 X102.43 Y113.808
G0 X102.304 Y113.617
G1 F600 X108.713 Y120.026 E700.04796
G0 F9000 X108.525 Y119.9
G0 X108.523 Y115.098
G0 X108.713 Y114.973
G1 F600 X102.304 Y121.382 E700.34942
G0 F9000 X102.597 Y120.944
;MESH:NONMESH
G0 F300 X102.597 Y120.944 Z16
G0 F9000 X104.832 Y121.913
G0 X104.831 Y122.222
;TIME_ELAPSED:1431.552201
;LAYER:79
;note -- min layer time used
;TYPE:WALL-INNER
;MESH:FT10-Input Crank.stl
G1 F600 X105.448 Y122.18 E700.36999
G1 X106.06 Y122.059 E700.39074
G1 X106.633 Y121.864 E700.41087
G1 X107.191 Y121.587 E700.43159
G1 X107.706 Y121.246 E700.45213
G1 X108.17 Y120.838 E700.47268
G1 X108.578 Y120.374 E700.49323
G1 X108.919 Y119.859 E700.51378
G1 X109.196 Y119.301 E700.5345
G1 X109.391 Y118.728 E700.55463
G1 X109.511 Y118.118 E700.57531
G1 X109.549 Y117.501 E700.59587
G1 X109.511 Y116.878 E700.61663
G1 X109.391 Y116.272 E700.63717
G1 X109.196 Y115.695 E700.65743
G1 X108.919 Y115.138 E700.67812
G1 X108.578 Y114.625 E700.69861
G1 X108.17 Y114.158 E700.71923
G1 X107.706 Y113.754 E700.7397
G1 X107.191 Y113.41 E700.76029
G1 X106.632 Y113.135 E700.78102
G1 X106.059 Y112.937 E700.80118
G1 X105.45 Y112.817 E700.82182
G1 X104.831 Y112.778 E700.84245
G1 X104.21 Y112.817 E700.86315
G1 X103.604 Y112.937 E700.8837
G1 X103.027 Y113.132 E700.90395
G1 X102.47 Y113.409 E700.92464
G1 X101.954 Y113.754 E700.94529
G1 X101.49 Y114.158 E700.96575
G1 X101.082 Y114.625 E700.98638
G1 X100.741 Y115.138 E701.00686
G1 X100.464 Y115.695 E701.02755
G1 X100.269 Y116.272 E701.04781
G1 X100.149 Y116.878 E701.06836
G1 X100.11 Y117.501 E701.08912
G1 X100.149 Y118.118 E701.10968
G1 X100.269 Y118.724 E701.13023
G1 X100.464 Y119.301 E701.15049
G1 X100.741 Y119.859 E701.17121
G1 X101.082 Y120.374 E701.19175
G1 X101.49 Y120.838 E701.2123
G1 X101.954 Y121.246 E701.23285
G1 X102.469 Y121.587 E701.25339
G1 X103.027 Y121.864 E701.27412
G1 X103.604 Y122.059 E701.29437
G1 X104.212 Y122.18 E701.31499
G1 X104.831 Y122.222 E701.33563
G0 F9000 X104.831 Y122.623
;TYPE:WALL-OUTER
G1 F600 X105.501 Y122.577 E701.35796
G1 X106.164 Y122.446 E701.38044
G1 X106.787 Y122.234 E701.40233
G1 X107.391 Y121.934 E701.42476
G1 X107.95 Y121.564 E701.44706
G1 X108.454 Y121.122 E701.46935
G1 X108.896 Y120.618 E701.49165
G1 X109.266 Y120.059 E701.51394
G1 X109.566 Y119.455 E701.53638
G1 X109.778 Y118.832 E701.55826
G1 X109.909 Y118.17 E701.58071
G1 X109.951 Y117.501 E701.603
G1 X109.909 Y116.826 E701.6255
G1 X109.778 Y116.168 E701.64781
G1 X109.566 Y115.541 E701.66983
G1 X109.266 Y114.937 E701.69226
G1 X108.896 Y114.382 E701.71444
G1 X108.454 Y113.874 E701.73684
G1 X107.95 Y113.436 E701.75905
G1 X107.391 Y113.062 E701.78142
G1 X106.786 Y112.765 E701.80383
G1 X106.163 Y112.55 E701.82575
G1 X105.502 Y112.419 E701.84817
G1 X104.831 Y112.377 E701.87053
G1 X104.158 Y112.419 E701.89295
G1 X103.5 Y112.55 E701.91527
G1 X102.873 Y112.762 E701.93728
G1 X102.269 Y113.062 E701.95971
G1 X101.71 Y113.436 E701.98208
G1 X101.206 Y113.874 E702.00429
G1 X100.764 Y114.382 E702.02669
G1 X100.394 Y114.937 E702.04887
G1 X100.094 Y115.541 E702.07131
G1 X99.882 Y116.168 E702.09332
G1 X99.751 Y116.826 E702.11563
G1 X99.709 Y117.501 E702.13813
G1 X99.751 Y118.17 E702.16042
G1 X99.882 Y118.828 E702.18274
G1 X100.094 Y119.455 E702.20475
G1 X100.394 Y120.059 E702.22718
G1 X100.764 Y120.618 E702.24948
G1 X101.206 Y121.122 E702.27177
G1 X101.71 Y121.564 E702.29407
G1 X102.269 Y121.934 E702.31637
G1 X102.873 Y122.234 E702.3388
G1 X103.5 Y122.446 E702.36081
G1 X104.159 Y122.577 E702.38316
G1 X104.831 Y122.623 E702.40556
G0 F9000 X105.15 Y122.12
;TYPE:FILL
G1 F600 X100.21 Y117.18 E702.63792
G0 F9000 X100.21 Y117.819
G1 F600 X105.151 Y112.878 E702.87033
G0 F9000 X105.136 Y113.106
G0 X102.43 Y113.808
G0 X102.304 Y113.617
G1 F600 X108.713 Y120.026 E703.17179
G0 F9000 X108.525 Y119.9
G0 X108.523 Y115.098
G0 X108.713 Y114.973
G1 F600 X102.304 Y121.382 E703.47325
G0 F9000 X102.597 Y120.944
;MESH:NONMESH
G0 F300 X102.597 Y120.944 Z16.2
G0 F9000 X104.832 Y121.913
G0 X104.831 Y122.222
;TIME_ELAPSED:1441.782972
;LAYER:80
;note -- min layer time used
;TYPE:WALL-INNER
;MESH:FT10-Input Crank.stl
G1 F600 X105.448 Y122.18 E703.49382
G1 X106.06 Y122.059 E703.51457
G1 X106.633 Y121.864 E703.5347
G1 X107.191 Y121.587 E703.55542
G1 X107.706 Y121.246 E703.57597
G1 X108.17 Y120.838 E703.59652
G1 X108.578 Y120.374 E703.61707
G1 X108.919 Y119.859 E703.63761
G1 X109.196 Y119.301 E703.65833
G1 X109.391 Y118.728 E703.67846
G1 X109.511 Y118.118 E703.69914
G1 X109.549 Y117.501 E703.7197
G1 X109.511 Y116.878 E703.74046
G1 X109.391 Y116.272 E703.76101
G1 X109.196 Y115.695 E703.78126
G1 X108.919 Y115.138 E703.80195
G1 X108.578 Y114.625 E703.82244
G1 X108.17 Y114.158 E703.84307
G1 X107.706 Y113.754 E703.86353
G1 X107.191 Y113.41 E703.88413
G1 X106.632 Y113.135 E703.90485
G1 X106.059 Y112.937 E703.92501
G1 X105.45 Y112.817 E703.94566
G1 X104.831 Y112.778 E703.96629
G1 X104.21 Y112.817 E703.98698
G1 X103.604 Y112.937 E704.00753
G1 X103.027 Y113.132 E704.02779
G1 X102.47 Y113.409 E704.04848
G1 X101.954 Y113.754 E704.06912
G1 X101.49 Y114.158 E704.08958
G1 X101.082 Y114.625 E704.11021
G1 X100.741 Y115.138 E704.1307
G1 X100.464 Y115.695 E704.15139
G1 X100.269 Y116.272 E704.17165
G1 X100.149 Y116.878 E704.19219
G1 X100.11 Y117.501 E704.21295
G1 X100.149 Y118.118 E704.23352
G1 X100.269 Y118.724 E704.25406
G1 X100.464 Y119.301 E704.27432
G1 X100.741 Y119.859 E704.29504
G1 X101.082 Y120.374 E704.31559
G1 X101.49 Y120.838 E704.33614
G1 X101.954 Y121.246 E704.35669
G1 X102.469 Y121.587 E704.37723
G1 X103.027 Y121.864 E704.39795
G1 X103.604 Y122.059 E704.41821
G1 X104.212 Y122.18 E704.43883
G1 X104.831 Y122.222 E704.45946
G0 F9000 X104.831 Y122.623
;TYPE:WALL-OUTER
G1 F600 X105.501 Y122.577 E704.4818
G1 X106.164 Y122.446 E704.50428
G1 X106.787 Y122.234 E704.52616
G1 X107.391 Y121.934 E704.54859
G1 X107.95 Y121.564 E704.57089
G1 X108.454 Y121.122 E704.59319
G1 X108.896 Y120.618 E704.61548
G1 X109.266 Y120.059 E704.63778
G1 X109.566 Y119.455 E704.66021
G1 X109.778 Y118.832 E704.6821
G1 X109.909 Y118.17 E704.70454
G1 X109.951 Y117.501 E704.72684
G1 X109.909 Y116.826 E704.74933
G1 X109.778 Y116.168 E704.77165
G1 X109.566 Y115.541 E704.79366
G1 X109.266 Y114.937 E704.81609
G1 X108.896 Y114.382 E704.83828
G1 X108.454 Y113.874 E704.86067
G1 X107.95 Y113.436 E704.88288
G1 X107.391 Y113.062 E704.90525
G1 X106.786 Y112.765 E704.92767
G1 X106.163 Y112.55 E704.94959
G1 X105.502 Y112.419 E704.972
G1 X104.831 Y112.377 E704.99436
G1 X104.158 Y112.419 E705.01679
G1 X103.5 Y112.55 E705.0391
G1 X102.873 Y112.762 E705.06112
G1 X102.269 Y113.062 E705.08355
G1 X101.71 Y113.436 E705.10592
G1 X101.206 Y113.874 E705.12813
G1 X100.764 Y114.382 E705.15052
G1 X100.394 Y114.937 E705.17271
G1 X100.094 Y115.541 E705.19514
G1 X99.882 Y116.168 E705.21715
G1 X99.751 Y116.826 E705.23947
G1 X99.709 Y117.501 E705.26196
G1 X99.751 Y118.17 E705.28426
G1 X99.882 Y118.828 E705.30657
G1 X100.094 Y119.455 E705.32859
G1 X100.394 Y120.059 E705.35102
G1 X100.764 Y120.618 E705.37331
G1 X101.206 Y121.122 E705.39561
G1 X101.71 Y121.564 E705.4179
G1 X102.269 Y121.934 E705.4402
G1 X102.873 Y122.234 E705.46263
G1 X103.5 Y122.446 E705.48465
G1 X104.159 Y122.577 E705.50699
G1 X104.831 Y122.623 E705.5294
G0 F9000 X105.15 Y122.12
;TYPE:FILL
G1 F600 X100.21 Y117.18 E705.76176
G0 F9000 X100.21 Y117.819
G1 F600 X105.151 Y112.878 E705.99417
G0 F9000 X105.136 Y113.106
G0 X102.43 Y113.808
G0 X102.304 Y113.617
G1 F600 X108.713 Y120.026 E706.29563
G0 F9000 X108.525 Y119.9
G0 X108.523 Y115.098
G0 X108.713 Y114.973
G1 F600 X102.304 Y121.382 E706.59709
G0 F9000 X102.597 Y120.944
;MESH:NONMESH
G0 F300 X102.597 Y120.944 Z16.4
G0 F9000 X104.832 Y121.913
G0 X104.831 Y122.222
;TIME_ELAPSED:1452.013743
;LAYER:81
;note -- min layer time used
;TYPE:WALL-INNER
;MESH:FT10-Input Crank.stl
G1 F600 X105.448 Y122.18 E706.61766
G1 X106.06 Y122.059 E706.63841
G1 X106.633 Y121.864 E706.65854
G1 X107.191 Y121.587 E706.67926
G1 X107.706 Y121.246 E706.6998
G1 X108.17 Y120.838 E706.72035
G1 X108.578 Y120.374 E706.7409
G1 X108.919 Y119.859 E706.76144
G1 X109.196 Y119.301 E706.78216
G1 X109.391 Y118.728 E706.8023
G1 X109.511 Y118.118 E706.82297
G1 X109.549 Y117.501 E706.84353
G1 X109.511 Y116.878 E706.86429
G1 X109.391 Y116.272 E706.88484
G1 X109.196 Y115.695 E706.9051
G1 X108.919 Y115.138 E706.92579
G1 X108.578 Y114.625 E706.94628
G1 X108.17 Y114.158 E706.9669
G1 X107.706 Y113.754 E706.98736
G1 X107.191 Y113.41 E707.00796
G1 X106.632 Y113.135 E707.02868
G1 X106.059 Y112.937 E707.04885
G1 X105.45 Y112.817 E707.06949
G1 X104.831 Y112.778 E707.09012
G1 X104.21 Y112.817 E707.11082
G1 X103.604 Y112.937 E707.13136
G1 X103.027 Y113.132 E707.15162
G1 X102.47 Y113.409 E707.17231
G1 X101.954 Y113.754 E707.19296
G1 X101.49 Y114.158 E707.21342
G1 X101.082 Y114.625 E707.23404
G1 X100.741 Y115.138 E707.25453
G1 X100.464 Y115.695 E707.27522
G1 X100.269 Y116.272 E707.29548
G1 X100.149 Y116.878 E707.31603
G1 X100.11 Y117.501 E707.33679
G1 X100.149 Y118.118 E707.35735
G1 X100.269 Y118.724 E707.3779
G1 X100.464 Y119.301 E707.39816
G1 X100.741 Y119.859 E707.41888
G1 X101.082 Y120.374 E707.43942
G1 X101.49 Y120.838 E707.45997
G1 X101.954 Y121.246 E707.48052
G1 X102.469 Y121.587 E707.50106
G1 X103.027 Y121.864 E707.52178
G1 X103.604 Y122.059 E707.54204
G1 X104.212 Y122.18 E707.56266
G1 X104.831 Y122.222 E707.5833
G0 F9000 X104.831 Y122.623
;TYPE:WALL-OUTER
G1 F600 X105.501 Y122.577 E707.60563
G1 X106.164 Y122.446 E707.62811
G1 X106.787 Y122.234 E707.65
G1 X107.391 Y121.934 E707.67243
G1 X107.95 Y121.564 E707.69472
G1 X108.454 Y121.122 E707.71702
G1 X108.896 Y120.618 E707.73932
G1 X109.266 Y120.059 E707.76161
G1 X109.566 Y119.455 E707.78404
G1 X109.778 Y118.832 E707.80593
G1 X109.909 Y118.17 E707.82838
G1 X109.951 Y117.501 E707.85067
G1 X109.909 Y116.826 E707.87317
G1 X109.778 Y116.168 E707.89548
G1 X109.566 Y115.541 E707.91749
G1 X109.266 Y114.937 E707.93993
G1 X108.896 Y114.382 E707.96211
G1 X108.454 Y113.874 E707.98451
G1 X107.95 Y113.436 E708.00672
G1 X107.391 Y113.062 E708.02909
G1 X106.786 Y112.765 E708.0515
G1 X106.163 Y112.55 E708.07342
G1 X105.502 Y112.419 E708.09583
G1 X104.831 Y112.377 E708.1182
G1 X104.158 Y112.419 E708.14062
G1 X103.5 Y112.55 E708.16294
G1 X102.873 Y112.762 E708.18495
G1 X102.269 Y113.062 E708.20738
G1 X101.71 Y113.436 E708.22975
G1 X101.206 Y113.874 E708.25196
G1 X100.764 Y114.382 E708.27436
G1 X100.394 Y114.937 E708.29654
G1 X100.094 Y115.541 E708.31897
G1 X99.882 Y116.168 E708.34099
G1 X99.751 Y116.826 E708.3633
G1 X99.709 Y117.501 E708.3858
G1 X99.751 Y118.17 E708.40809
G1 X99.882 Y118.828 E708.43041
G1 X100.094 Y119.455 E708.45242
G1 X100.394 Y120.059 E708.47485
G1 X100.764 Y120.618 E708.49715
G1 X101.206 Y121.122 E708.51944
G1 X101.71 Y121.564 E708.54174
G1 X102.269 Y121.934 E708.56404
G1 X102.873 Y122.234 E708.58647
G1 X103.5 Y122.446 E708.60848
G1 X104.159 Y122.577 E708.63083
G1 X104.831 Y122.623 E708.65323
G0 F9000 X105.15 Y122.12
;TYPE:FILL
G1 F600 X100.21 Y117.18 E708.88559
G0 F9000 X100.21 Y117.819
G1 F600 X105.151 Y112.878 E709.118
G0 F9000 X105.136 Y113.106
G0 X102.43 Y113.808
G0 X102.304 Y113.617
G1 F600 X108.713 Y120.026 E709.41946
G0 F9000 X108.525 Y119.9
G0 X108.523 Y115.098
G0 X108.713 Y114.973
G1 F600 X102.304 Y121.382 E709.72092
G0 F9000 X102.597 Y120.944
;MESH:NONMESH
G0 F300 X102.597 Y120.944 Z16.6
G0 F9000 X104.832 Y121.913
G0 X104.831 Y122.222
;TIME_ELAPSED:1462.244514
;LAYER:82
;note -- min layer time used
;TYPE:WALL-INNER
;MESH:FT10-Input Crank.stl
G1 F600 X105.448 Y122.18 E709.74149
G1 X106.06 Y122.059 E709.76224
G1 X106.633 Y121.864 E709.78237
G1 X107.191 Y121.587 E709.80309
G1 X107.706 Y121.246 E709.82364
G1 X108.17 Y120.838 E709.84419
G1 X108.578 Y120.374 E709.86474
G1 X108.919 Y119.859 E709.88528
G1 X109.196 Y119.301 E709.906
G1 X109.391 Y118.728 E709.92613
G1 X109.511 Y118.118 E709.94681
G1 X109.549 Y117.501 E709.96737
G1 X109.511 Y116.878 E709.98813
G1 X109.391 Y116.272 E710.00868
G1 X109.196 Y115.695 E710.02893
G1 X108.919 Y115.138 E710.04962
G1 X108.578 Y114.625 E710.07011
G1 X108.17 Y114.158 E710.09074
G1 X107.706 Y113.754 E710.1112
G1 X107.191 Y113.41 E710.1318
G1 X106.632 Y113.135 E710.15252
G1 X106.059 Y112.937 E710.17268
G1 X105.45 Y112.817 E710.19333
G1 X104.831 Y112.778 E710.21396
G1 X104.21 Y112.817 E710.23465
G1 X103.604 Y112.937 E710.2552
G1 X103.027 Y113.132 E710.27546
G1 X102.47 Y113.409 E710.29615
G1 X101.954 Y113.754 E710.31679
G1 X101.49 Y114.158 E710.33725
G1 X101.082 Y114.625 E710.35788
G1 X100.741 Y115.138 E710.37837
G1 X100.464 Y115.695 E710.39906
G1 X100.269 Y116.272 E710.41931
G1 X100.149 Y116.878 E710.43986
G1 X100.11 Y117.501 E710.46062
G1 X100.149 Y118.118 E710.48119
G1 X100.269 Y118.724 E710.50173
G1 X100.464 Y119.301 E710.52199
G1 X100.741 Y119.859 E710.54271
G1 X101.082 Y120.374 E710.56325
G1 X101.49 Y120.838 E710.5838
G1 X101.954 Y121.246 E710.60435
G1 X102.469 Y121.587 E710.6249
G1 X103.027 Y121.864 E710.64562
G1 X103.604 Y122.059 E710.66588
G1 X104.212 Y122.18 E710.68649
G1 X104.831 Y122.222 E710.70713
G0 F9000 X104.831 Y122.623
;TYPE:WALL-OUTER
G1 F600 X105.501 Y122.577 E710.72947
G1 X106.164 Y122.446 E710.75194
G1 X106.787 Y122.234 E710.77383
G1 X107.391 Y121.934 E710.79626
G1 X107.95 Y121.564 E710.81856
G1 X108.454 Y121.122 E710.84086
G1 X108.896 Y120.618 E710.86315
G1 X109.266 Y120.059 E710.88545
G1 X109.566 Y119.455 E710.90788
G1 X109.778 Y118.832 E710.92977
G1 X109.909 Y118.17 E710.95221
G1 X109.951 Y117.501 E710.97451
G1 X109.909 Y116.826 E710.997
G1 X109.778 Y116.168 E711.01932
G1 X109.566 Y115.541 E711.04133
G1 X109.266 Y114.937 E711.06376
G1 X108.896 Y114.382 E711.08595
G1 X108.454 Y113.874 E711.10834
G1 X107.95 Y113.436 E711.13055
G1 X107.391 Y113.062 E711.15292
G1 X106.786 Y112.765 E711.17534
G1 X106.163 Y112.55 E711.19726
G1 X105.502 Y112.419 E711.21967
G1 X104.831 Y112.377 E711.24203
G1 X104.158 Y112.419 E711.26446
G1 X103.5 Y112.55 E711.28677
G1 X102.873 Y112.762 E711.30879
G1 X102.269 Y113.062 E711.33122
G1 X101.71 Y113.436 E711.35359
G1 X101.206 Y113.874 E711.3758
G1 X100.764 Y114.382 E711.39819
G1 X100.394 Y114.937 E711.42038
G1 X100.094 Y115.541 E711.44281
G1 X99.882 Y116.168 E711.46482
G1 X99.751 Y116.826 E711.48714
G1 X99.709 Y117.501 E711.50963
G1 X99.751 Y118.17 E711.53193
G1 X99.882 Y118.828 E711.55424
G1 X100.094 Y119.455 E711.57625
G1 X100.394 Y120.059 E711.59869
G1 X100.764 Y120.618 E711.62098
G1 X101.206 Y121.122 E711.64328
G1 X101.71 Y121.564 E711.66557
G1 X102.269 Y121.934 E711.68787
G1 X102.873 Y122.234 E711.7103
G1 X103.5 Y122.446 E711.73231
G1 X104.159 Y122.577 E711.75466
G1 X104.831 Y122.623 E711.77706
G0 F9000 X105.15 Y122.12
;TYPE:FILL
G1 F600 X100.21 Y117.18 E712.00943
G0 F9000 X100.21 Y117.819
G1 F600 X105.151 Y112.878 E712.24184
G0 F9000 X105.136 Y113.106
G0 X102.43 Y113.808
G0 X102.304 Y113.617
G1 F600 X108.713 Y120.026 E712.5433
G0 F9000 X108.525 Y119.9
G0 X108.523 Y115.098
G0 X108.713 Y114.973
G1 F600 X102.304 Y121.382 E712.84476
G0 F9000 X102.597 Y120.944
;MESH:NONMESH
G0 F300 X102.597 Y120.944 Z16.8
G0 F9000 X104.832 Y121.913
G0 X104.831 Y122.222
;TIME_ELAPSED:1472.475285
;LAYER:83
;note -- min layer time used
;TYPE:WALL-INNER
;MESH:FT10-Input Crank.stl
G1 F600 X105.448 Y122.18 E712.86533
G1 X106.06 Y122.059 E712.88607
G1 X106.633 Y121.864 E712.90621
G1 X107.191 Y121.587 E712.92693
G1 X107.706 Y121.246 E712.94747
G1 X108.17 Y120.838 E712.96802
G1 X108.578 Y120.374 E712.98857
G1 X108.919 Y119.859 E713.00911
G1 X109.196 Y119.301 E713.02983
G1 X109.391 Y118.728 E713.04997
G1 X109.511 Y118.118 E713.07064
G1 X109.549 Y117.501 E713.0912
G1 X109.511 Y116.878 E713.11196
G1 X109.391 Y116.272 E713.13251
G1 X109.196 Y115.695 E713.15277
G1 X108.919 Y115.138 E713.17346
G1 X108.578 Y114.625 E713.19395
G1 X108.17 Y114.158 E713.21457
G1 X107.706 Y113.754 E713.23503
G1 X107.191 Y113.41 E713.25563
G1 X106.632 Y113.135 E713.27635
G1 X106.059 Y112.937 E713.29652
G1 X105.45 Y112.817 E713.31716
G1 X104.831 Y112.778 E713.33779
G1 X104.21 Y112.817 E713.35849
G1 X103.604 Y112.937 E713.37903
G1 X103.027 Y113.132 E713.39929
G1 X102.47 Y113.409 E713.41998
G1 X101.954 Y113.754 E713.44063
G1 X101.49 Y114.158 E713.46109
G1 X101.082 Y114.625 E713.48171
G1 X100.741 Y115.138 E713.5022
G1 X100.464 Y115.695 E713.52289
G1 X100.269 Y116.272 E713.54315
G1 X100.149 Y116.878 E713.5637
G1 X100.11 Y117.501 E713.58446
G1 X100.149 Y118.118 E713.60502
G1 X100.269 Y118.724 E713.62557
G1 X100.464 Y119.301 E713.64582
G1 X100.741 Y119.859 E713.66654
G1 X101.082 Y120.374 E713.68709
G1 X101.49 Y120.838 E713.70764
G1 X101.954 Y121.246 E713.72819
G1 X102.469 Y121.587 E713.74873
G1 X103.027 Y121.864 E713.76945
G1 X103.604 Y122.059 E713.78971
G1 X104.212 Y122.18 E713.81033
G1 X104.831 Y122.222 E713.83096
G0 F9000 X104.831 Y122.623
;TYPE:WALL-OUTER
G1 F600 X105.501 Y122.577 E713.8533
G1 X106.164 Y122.446 E713.87578
G1 X106.787 Y122.234 E713.89767
G1 X107.391 Y121.934 E713.9201
G1 X107.95 Y121.564 E713.94239
G1 X108.454 Y121.122 E713.96469
G1 X108.896 Y120.618 E713.98699
G1 X109.266 Y120.059 E714.00928
G1 X109.566 Y119.455 E714.03171
G1 X109.778 Y118.832 E714.0536
G1 X109.909 Y118.17 E714.07605
G1 X109.951 Y117.501 E714.09834
G1 X109.909 Y116.826 E714.12083
G1 X109.778 Y116.168 E714.14315
G1 X109.566 Y115.541 E714.16516
G1 X109.266 Y114.937 E714.18759
G1 X108.896 Y114.382 E714.20978
G1 X108.454 Y113.874 E714.23218
G1 X107.95 Y113.436 E714.25438
G1 X107.391 Y113.062 E714.27675
G1 X106.786 Y112.765 E714.29917
G1 X106.163 Y112.55 E714.32109
G1 X105.502 Y112.419 E714.3435
G1 X104.831 Y112.377 E714.36586
G1 X104.158 Y112.419 E714.38829
G1 X103.5 Y112.55 E714.41061
G1 X102.873 Y112.762 E714.43262
G1 X102.269 Y113.062 E714.45505
G1 X101.71 Y113.436 E714.47742
G1 X101.206 Y113.874 E714.49963
G1 X100.764 Y114.382 E714.52203
G1 X100.394 Y114.937 E714.54421
G1 X100.094 Y115.541 E714.56664
G1 X99.882 Y116.168 E714.58866
G1 X99.751 Y116.826 E714.61097
G1 X99.709 Y117.501 E714.63347
G1 X99.751 Y118.17 E714.65576
G1 X99.882 Y118.828 E714.67807
G1 X100.094 Y119.455 E714.70009
G1 X100.394 Y120.059 E714.72252
G1 X100.764 Y120.618 E714.74482
G1 X101.206 Y121.122 E714.76711
G1 X101.71 Y121.564 E714.78941
G1 X102.269 Y121.934 E714.8117
G1 X102.873 Y122.234 E714.83413
G1 X103.5 Y122.446 E714.85615
G1 X104.159 Y122.577 E714.8785
G1 X104.831 Y122.623 E714.9009
G0 F9000 X105.15 Y122.12
;TYPE:FILL
G1 F600 X100.21 Y117.18 E715.13326
G0 F9000 X100.21 Y117.819
G1 F600 X105.151 Y112.878 E715.36567
G0 F9000 X105.136 Y113.106
G0 X102.43 Y113.808
G0 X102.304 Y113.617
G1 F600 X108.713 Y120.026 E715.66713
G0 F9000 X108.525 Y119.9
G0 X108.523 Y115.098
G0 X108.713 Y114.973
G1 F600 X102.304 Y121.382 E715.96859
G0 F9000 X102.597 Y120.944
;MESH:NONMESH
G0 F300 X102.597 Y120.944 Z17
G0 F9000 X104.832 Y121.913
G0 X104.831 Y122.222
;TIME_ELAPSED:1482.706056
;LAYER:84
;note -- min layer time used
;TYPE:WALL-INNER
;MESH:FT10-Input Crank.stl
G1 F600 X105.448 Y122.18 E715.98916
G1 X106.06 Y122.059 E716.00991
G1 X106.633 Y121.864 E716.03004
G1 X107.191 Y121.587 E716.05076
G1 X107.706 Y121.246 E716.0713
G1 X108.17 Y120.838 E716.09185
G1 X108.578 Y120.374 E716.1124
G1 X108.919 Y119.859 E716.13295
G1 X109.196 Y119.301 E716.15367
G1 X109.391 Y118.728 E716.1738
G1 X109.511 Y118.118 E716.19448
G1 X109.549 Y117.501 E716.21504
G1 X109.511 Y116.878 E716.2358
G1 X109.391 Y116.272 E716.25634
G1 X109.196 Y115.695 E716.2766
G1 X108.919 Y115.138 E716.29729
G1 X108.578 Y114.625 E716.31778
G1 X108.17 Y114.158 E716.33841
G1 X107.706 Y113.754 E716.35887
G1 X107.191 Y113.41 E716.37947
G1 X106.632 Y113.135 E716.40019
G1 X106.059 Y112.937 E716.42035
G1 X105.45 Y112.817 E716.441
G1 X104.831 Y112.778 E716.46162
G1 X104.21 Y112.817 E716.48232
G1 X103.604 Y112.937 E716.50287
G1 X103.027 Y113.132 E716.52312
G1 X102.47 Y113.409 E716.54381
G1 X101.954 Y113.754 E716.56446
G1 X101.49 Y114.158 E716.58492
G1 X101.082 Y114.625 E716.60555
G1 X100.741 Y115.138 E716.62604
G1 X100.464 Y115.695 E716.64673
G1 X100.269 Y116.272 E716.66698
G1 X100.149 Y116.878 E716.68753
G1 X100.11 Y117.501 E716.70829
G1 X100.149 Y118.118 E716.72885
G1 X100.269 Y118.724 E716.7494
G1 X100.464 Y119.301 E716.76966
G1 X100.741 Y119.859 E716.79038
G1 X101.082 Y120.374 E716.81092
G1 X101.49 Y120.838 E716.83147
G1 X101.954 Y121.246 E716.85202
G1 X102.469 Y121.587 E716.87257
G1 X103.027 Y121.864 E716.89329
G1 X103.604 Y122.059 E716.91354
G1 X104.212 Y122.18 E716.93416
G1 X104.831 Y122.222 E716.9548
G0 F9000 X104.831 Y122.623
;TYPE:WALL-OUTER
G1 F600 X105.501 Y122.577 E716.97714
G1 X106.164 Y122.446 E716.99961
G1 X106.787 Y122.234 E717.0215
G1 X107.391 Y121.934 E717.04393
G1 X107.95 Y121.564 E717.06623
G1 X108.454 Y121.122 E717.08852
G1 X108.896 Y120.618 E717.11082
G1 X109.266 Y120.059 E717.13312
G1 X109.566 Y119.455 E717.15555
G1 X109.778 Y118.832 E717.17744
G1 X109.909 Y118.17 E717.19988
G1 X109.951 Y117.501 E717.22218
G1 X109.909 Y116.826 E717.24467
G1 X109.778 Y116.168 E717.26698
G1 X109.566 Y115.541 E717.289
G1 X109.266 Y114.937 E717.31143
G1 X108.896 Y114.382 E717.33361
G1 X108.454 Y113.874 E717.35601
G1 X107.95 Y113.436 E717.37822
G1 X107.391 Y113.062 E717.40059
G1 X106.786 Y112.765 E717.42301
G1 X106.163 Y112.55 E717.44493
G1 X105.502 Y112.419 E717.46734
G1 X104.831 Y112.377 E717.4897
G1 X104.158 Y112.419 E717.51213
G1 X103.5 Y112.55 E717.53444
G1 X102.873 Y112.762 E717.55646
G1 X102.269 Y113.062 E717.57889
G1 X101.71 Y113.436 E717.60126
G1 X101.206 Y113.874 E717.62346
G1 X100.764 Y114.382 E717.64586
G1 X100.394 Y114.937 E717.66805
G1 X100.094 Y115.541 E717.69048
G1 X99.882 Y116.168 E717.71249
G1 X99.751 Y116.826 E717.73481
G1 X99.709 Y117.501 E717.7573
G1 X99.751 Y118.17 E717.77959
G1 X99.882 Y118.828 E717.80191
G1 X100.094 Y119.455 E717.82392
G1 X100.394 Y120.059 E717.84635
G1 X100.764 Y120.618 E717.86865
G1 X101.206 Y121.122 E717.89095
G1 X101.71 Y121.564 E717.91324
G1 X102.269 Y121.934 E717.93554
G1 X102.873 Y122.234 E717.95797
G1 X103.5 Y122.446 E717.97998
G1 X104.159 Y122.577 E718.00233
G1 X104.831 Y122.623 E718.02473
G0 F9000 X105.15 Y122.12
;TYPE:FILL
G1 F600 X100.21 Y117.18 E718.2571
G0 F9000 X100.21 Y117.819
G1 F600 X105.151 Y112.878 E718.48951
G0 F9000 X105.136 Y113.106
G0 X102.43 Y113.808
G0 X102.304 Y113.617
G1 F600 X108.713 Y120.026 E718.79097
G0 F9000 X108.525 Y119.9
G0 X108.523 Y115.098
G0 X108.713 Y114.973
G1 F600 X102.304 Y121.382 E719.09243
G0 F9000 X102.597 Y120.944
;MESH:NONMESH
G0 F300 X102.597 Y120.944 Z17.2
G0 F9000 X104.832 Y121.913
G0 X104.831 Y122.222
;TIME_ELAPSED:1492.936826
;LAYER:85
;note -- min layer time used
;TYPE:WALL-INNER
;MESH:FT10-Input Crank.stl
G1 F600 X105.448 Y122.18 E719.11299
G1 X106.06 Y122.059 E719.13374
G1 X106.633 Y121.864 E719.15387
G1 X107.191 Y121.587 E719.17459
G1 X107.706 Y121.246 E719.19514
G1 X108.17 Y120.838 E719.21569
G1 X108.578 Y120.374 E719.23624
G1 X108.919 Y119.859 E719.25678
G1 X109.196 Y119.301 E719.2775
G1 X109.391 Y118.728 E719.29763
G1 X109.511 Y118.118 E719.31831
G1 X109.549 Y117.501 E719.33887
G1 X109.511 Y116.878 E719.35963
G1 X109.391 Y116.272 E719.38018
G1 X109.196 Y115.695 E719.40044
G1 X108.919 Y115.138 E719.42113
G1 X108.578 Y114.625 E719.44161
G1 X108.17 Y114.158 E719.46224
G1 X107.706 Y113.754 E719.4827
G1 X107.191 Y113.41 E719.5033
G1 X106.632 Y113.135 E719.52402
G1 X106.059 Y112.937 E719.54419
G1 X105.45 Y112.817 E719.56483
G1 X104.831 Y112.778 E719.58546
G1 X104.21 Y112.817 E719.60615
G1 X103.604 Y112.937 E719.6267
G1 X103.027 Y113.132 E719.64696
G1 X102.47 Y113.409 E719.66765
G1 X101.954 Y113.754 E719.68829
G1 X101.49 Y114.158 E719.70876
G1 X101.082 Y114.625 E719.72938
G1 X100.741 Y115.138 E719.74987
G1 X100.464 Y115.695 E719.77056
G1 X100.269 Y116.272 E719.79082
G1 X100.149 Y116.878 E719.81137
G1 X100.11 Y117.501 E719.83213
G1 X100.149 Y118.118 E719.85269
G1 X100.269 Y118.724 E719.87324
G1 X100.464 Y119.301 E719.89349
G1 X100.741 Y119.859 E719.91421
G1 X101.082 Y120.374 E719.93476
G1 X101.49 Y120.838 E719.95531
G1 X101.954 Y121.246 E719.97586
G1 X102.469 Y121.587 E719.9964
G1 X103.027 Y121.864 E720.01712
G1 X103.604 Y122.059 E720.03738
G1 X104.212 Y122.18 E720.058
G1 X104.831 Y122.222 E720.07863
G0 F9000 X104.831 Y122.623
;TYPE:WALL-OUTER
G1 F600 X105.501 Y122.577 E720.10097
G1 X106.164 Y122.446 E720.12345
G1 X106.787 Y122.234 E720.14534
G1 X107.391 Y121.934 E720.16777
G1 X107.95 Y121.564 E720.19006
G1 X108.454 Y121.122 E720.21236
G1 X108.896 Y120.618 E720.23465
G1 X109.266 Y120.059 E720.25695
G1 X109.566 Y119.455 E720.27938
G1 X109.778 Y118.832 E720.30127
G1 X109.909 Y118.17 E720.32371
G1 X109.951 Y117.501 E720.34601
G1 X109.909 Y116.826 E720.3685
G1 X109.778 Y116.168 E720.39082
G1 X109.566 Y115.541 E720.41283
G1 X109.266 Y114.937 E720.43526
G1 X108.896 Y114.382 E720.45745
G1 X108.454 Y113.874 E720.47984
G1 X107.95 Y113.436 E720.50205
G1 X107.391 Y113.062 E720.52442
G1 X106.786 Y112.765 E720.54684
G1 X106.163 Y112.55 E720.56876
G1 X105.502 Y112.419 E720.59117
G1 X104.831 Y112.377 E720.61353
G1 X104.158 Y112.419 E720.63596
G1 X103.5 Y112.55 E720.65828
G1 X102.873 Y112.762 E720.68029
G1 X102.269 Y113.062 E720.70272
G1 X101.71 Y113.436 E720.72509
G1 X101.206 Y113.874 E720.7473
G1 X100.764 Y114.382 E720.7697
G1 X100.394 Y114.937 E720.79188
G1 X100.094 Y115.541 E720.81431
G1 X99.882 Y116.168 E720.83633
G1 X99.751 Y116.826 E720.85864
G1 X99.709 Y117.501 E720.88113
G1 X99.751 Y118.17 E720.90343
G1 X99.882 Y118.828 E720.92574
G1 X100.094 Y119.455 E720.94776
G1 X100.394 Y120.059 E720.97019
G1 X100.764 Y120.618 E720.99248
G1 X101.206 Y121.122 E721.01478
G1 X101.71 Y121.564 E721.03708
G1 X102.269 Y121.934 E721.05937
G1 X102.873 Y122.234 E721.0818
G1 X103.5 Y122.446 E721.10382
G1 X104.159 Y122.577 E721.12616
G1 X104.831 Y122.623 E721.14857
G0 F9000 X105.15 Y122.12
;TYPE:FILL
G1 F600 X100.21 Y117.18 E721.38093
G0 F9000 X100.21 Y117.819
G1 F600 X105.151 Y112.878 E721.61334
G0 F9000 X105.136 Y113.106
G0 X102.43 Y113.808
G0 X102.304 Y113.617
G1 F600 X108.713 Y120.026 E721.9148
G0 F9000 X108.525 Y119.9
G0 X108.523 Y115.098
G0 X108.713 Y114.973
G1 F600 X102.304 Y121.382 E722.21626
G0 F9000 X102.597 Y120.944
;MESH:NONMESH
G0 F300 X102.597 Y120.944 Z17.4
G0 F9000 X104.832 Y121.913
G0 X104.831 Y122.222
;TIME_ELAPSED:1503.167597
;LAYER:86
;note -- min layer time used
;TYPE:WALL-INNER
;MESH:FT10-Input Crank.stl
G1 F600 X105.448 Y122.18 E722.23683
G1 X106.06 Y122.059 E722.25758
G1 X106.633 Y121.864 E722.27771
G1 X107.191 Y121.587 E722.29843
G1 X107.706 Y121.246 E722.31897
G1 X108.17 Y120.838 E722.33952
G1 X108.578 Y120.374 E722.36007
G1 X108.919 Y119.859 E722.38062
G1 X109.196 Y119.301 E722.40134
G1 X109.391 Y118.728 E722.42147
G1 X109.511 Y118.118 E722.44215
G1 X109.549 Y117.501 E722.46271
G1 X109.511 Y116.878 E722.48347
G1 X109.391 Y116.272 E722.50401
G1 X109.196 Y115.695 E722.52427
G1 X108.919 Y115.138 E722.54496
G1 X108.578 Y114.625 E722.56545
G1 X108.17 Y114.158 E722.58607
G1 X107.706 Y113.754 E722.60654
G1 X107.191 Y113.41 E722.62714
G1 X106.632 Y113.135 E722.64786
G1 X106.059 Y112.937 E722.66802
G1 X105.45 Y112.817 E722.68866
G1 X104.831 Y112.778 E722.70929
G1 X104.21 Y112.817 E722.72999
G1 X103.604 Y112.937 E722.75054
G1 X103.027 Y113.132 E722.77079
G1 X102.47 Y113.409 E722.79148
G1 X101.954 Y113.754 E722.81213
G1 X101.49 Y114.158 E722.83259
G1 X101.082 Y114.625 E722.85322
G1 X100.741 Y115.138 E722.8737
G1 X100.464 Y115.695 E722.8944
G1 X100.269 Y116.272 E722.91465
G1 X100.149 Y116.878 E722.9352
G1 X100.11 Y117.501 E722.95596
G1 X100.149 Y118.118 E722.97652
G1 X100.269 Y118.724 E722.99707
G1 X100.464 Y119.301 E723.01733
G1 X100.741 Y119.859 E723.03805
G1 X101.082 Y120.374 E723.05859
G1 X101.49 Y120.838 E723.07914
G1 X101.954 Y121.246 E723.09969
G1 X102.469 Y121.587 E723.12024
G1 X103.027 Y121.864 E723.14096
G1 X103.604 Y122.059 E723.16121
G1 X104.212 Y122.18 E723.18183
G1 X104.831 Y122.222 E723.20247
G0 F9000 X104.831 Y122.623
;TYPE:WALL-OUTER
G1 F600 X105.501 Y122.577 E723.2248
G1 X106.164 Y122.446 E723.24728
G1 X106.787 Y122.234 E723.26917
G1 X107.391 Y121.934 E723.2916
G1 X107.95 Y121.564 E723.3139
G1 X108.454 Y121.122 E723.33619
G1 X108.896 Y120.618 E723.35849
G1 X109.266 Y120.059 E723.38079
G1 X109.566 Y119.455 E723.40322
G1 X109.778 Y118.832 E723.4251
G1 X109.909 Y118.17 E723.44755
G1 X109.951 Y117.501 E723.46984
G1 X109.909 Y116.826 E723.49234
G1 X109.778 Y116.168 E723.51465
G1 X109.566 Y115.541 E723.53667
G1 X109.266 Y114.937 E723.5591
G1 X108.896 Y114.382 E723.58128
G1 X108.454 Y113.874 E723.60368
G1 X107.95 Y113.436 E723.62589
G1 X107.391 Y113.062 E723.64826
G1 X106.786 Y112.765 E723.67067
G1 X106.163 Y112.55 E723.69259
G1 X105.502 Y112.419 E723.71501
G1 X104.831 Y112.377 E723.73737
G1 X104.158 Y112.419 E723.7598
G1 X103.5 Y112.55 E723.78211
G1 X102.873 Y112.762 E723.80412
G1 X102.269 Y113.062 E723.82655
G1 X101.71 Y113.436 E723.84892
G1 X101.206 Y113.874 E723.87113
G1 X100.764 Y114.382 E723.89353
G1 X100.394 Y114.937 E723.91572
G1 X100.094 Y115.541 E723.93815
G1 X99.882 Y116.168 E723.96016
G1 X99.751 Y116.826 E723.98247
G1 X99.709 Y117.501 E724.00497
G1 X99.751 Y118.17 E724.02726
G1 X99.882 Y118.828 E724.04958
G1 X100.094 Y119.455 E724.07159
G1 X100.394 Y120.059 E724.09402
G1 X100.764 Y120.618 E724.11632
G1 X101.206 Y121.122 E724.13862
G1 X101.71 Y121.564 E724.16091
G1 X102.269 Y121.934 E724.18321
G1 X102.873 Y122.234 E724.20564
G1 X103.5 Y122.446 E724.22765
G1 X104.159 Y122.577 E724.25
G1 X104.831 Y122.623 E724.2724
G0 F9000 X105.15 Y122.12
;TYPE:FILL
G1 F600 X100.21 Y117.18 E724.50476
G0 F9000 X100.21 Y117.819
G1 F600 X105.151 Y112.878 E724.73717
G0 F9000 X105.136 Y113.106
G0 X102.43 Y113.808
G0 X102.304 Y113.617
G1 F600 X108.713 Y120.026 E725.03863
G0 F9000 X108.525 Y119.9
G0 X108.523 Y115.098
G0 X108.713 Y114.973
G1 F600 X102.304 Y121.382 E725.34009
G0 F9000 X102.597 Y120.944
;MESH:NONMESH
G0 F300 X102.597 Y120.944 Z17.6
G0 F9000 X104.832 Y121.913
G0 X104.831 Y122.222
;TIME_ELAPSED:1513.398368
;LAYER:87
;note -- min layer time used
;TYPE:WALL-INNER
;MESH:FT10-Input Crank.stl
G1 F600 X105.448 Y122.18 E725.36066
G1 X106.06 Y122.059 E725.38141
G1 X106.633 Y121.864 E725.40154
G1 X107.191 Y121.587 E725.42226
G1 X107.706 Y121.246 E725.44281
G1 X108.17 Y120.838 E725.46336
G1 X108.578 Y120.374 E725.48391
G1 X108.919 Y119.859 E725.50445
G1 X109.196 Y119.301 E725.52517
G1 X109.391 Y118.728 E725.5453
G1 X109.511 Y118.118 E725.56598
G1 X109.549 Y117.501 E725.58654
G1 X109.511 Y116.878 E725.6073
G1 X109.391 Y116.272 E725.62785
G1 X109.196 Y115.695 E725.6481
G1 X108.919 Y115.138 E725.6688
G1 X108.578 Y114.625 E725.68928
G1 X108.17 Y114.158 E725.70991
G1 X107.706 Y113.754 E725.73037
G1 X107.191 Y113.41 E725.75097
G1 X106.632 Y113.135 E725.77169
G1 X106.059 Y112.937 E725.79185
G1 X105.45 Y112.817 E725.8125
G1 X104.831 Y112.778 E725.83313
G1 X104.21 Y112.817 E725.85382
G1 X103.604 Y112.937 E725.87437
G1 X103.027 Y113.132 E725.89463
G1 X102.47 Y113.409 E725.91532
G1 X101.954 Y113.754 E725.93596
G1 X101.49 Y114.158 E725.95643
G1 X101.082 Y114.625 E725.97705
G1 X100.741 Y115.138 E725.99754
G1 X100.464 Y115.695 E726.01823
G1 X100.269 Y116.272 E726.03849
G1 X100.149 Y116.878 E726.05903
G1 X100.11 Y117.501 E726.0798
G1 X100.149 Y118.118 E726.10036
G1 X100.269 Y118.724 E726.12091
G1 X100.464 Y119.301 E726.14116
G1 X100.741 Y119.859 E726.16188
G1 X101.082 Y120.374 E726.18243
G1 X101.49 Y120.838 E726.20298
G1 X101.954 Y121.246 E726.22353
G1 X102.469 Y121.587 E726.24407
G1 X103.027 Y121.864 E726.26479
G1 X103.604 Y122.059 E726.28505
G1 X104.212 Y122.18 E726.30567
G1 X104.831 Y122.222 E726.3263
G0 F9000 X104.831 Y122.623
;TYPE:WALL-OUTER
G1 F600 X105.501 Y122.577 E726.34864
G1 X106.164 Y122.446 E726.37112
G1 X106.787 Y122.234 E726.393
G1 X107.391 Y121.934 E726.41543
G1 X107.95 Y121.564 E726.43773
G1 X108.454 Y121.122 E726.46003
G1 X108.896 Y120.618 E726.48232
G1 X109.266 Y120.059 E726.50462
G1 X109.566 Y119.455 E726.52705
G1 X109.778 Y118.832 E726.54894
G1 X109.909 Y118.17 E726.57138
G1 X109.951 Y117.501 E726.59368
G1 X109.909 Y116.826 E726.61617
G1 X109.778 Y116.168 E726.63849
G1 X109.566 Y115.541 E726.6605
G1 X109.266 Y114.937 E726.68293
G1 X108.896 Y114.382 E726.70512
G1 X108.454 Y113.874 E726.72751
G1 X107.95 Y113.436 E726.74972
G1 X107.391 Y113.062 E726.77209
G1 X106.786 Y112.765 E726.79451
G1 X106.163 Y112.55 E726.81643
G1 X105.502 Y112.419 E726.83884
G1 X104.831 Y112.377 E726.8612
G1 X104.158 Y112.419 E726.88363
G1 X103.5 Y112.55 E726.90594
G1 X102.873 Y112.762 E726.92796
G1 X102.269 Y113.062 E726.95039
G1 X101.71 Y113.436 E726.97276
G1 X101.206 Y113.874 E726.99497
G1 X100.764 Y114.382 E727.01736
G1 X100.394 Y114.937 E727.03955
G1 X100.094 Y115.541 E727.06198
G1 X99.882 Y116.168 E727.08399
G1 X99.751 Y116.826 E727.10631
G1 X99.709 Y117.501 E727.1288
G1 X99.751 Y118.17 E727.1511
G1 X99.882 Y118.828 E727.17341
G1 X100.094 Y119.455 E727.19543
G1 X100.394 Y120.059 E727.21786
G1 X100.764 Y120.618 E727.24015
G1 X101.206 Y121.122 E727.26245
G1 X101.71 Y121.564 E727.28475
G1 X102.269 Y121.934 E727.30704
G1 X102.873 Y122.234 E727.32947
G1 X103.5 Y122.446 E727.35149
G1 X104.159 Y122.577 E727.37383
G1 X104.831 Y122.623 E727.39624
G0 F9000 X105.15 Y122.12
;TYPE:FILL
G1 F600 X100.21 Y117.18 E727.6286
G0 F9000 X100.21 Y117.819
G1 F600 X105.151 Y112.878 E727.86101
G0 F9000 X105.136 Y113.106
G0 X102.43 Y113.808
G0 X102.304 Y113.617
G1 F600 X108.713 Y120.026 E728.16247
G0 F9000 X108.525 Y119.9
G0 X108.523 Y115.098
G0 X108.713 Y114.973
G1 F600 X102.304 Y121.382 E728.46393
G0 F9000 X102.597 Y120.944
;MESH:NONMESH
G0 F300 X102.597 Y120.944 Z17.8
G0 F9000 X104.832 Y121.913
G0 X104.831 Y122.222
;TIME_ELAPSED:1523.629139
;LAYER:88
;note -- min layer time used
;TYPE:WALL-INNER
;MESH:FT10-Input Crank.stl
G1 F600 X105.448 Y122.18 E728.4845
G1 X106.06 Y122.059 E728.50525
G1 X106.633 Y121.864 E728.52538
G1 X107.191 Y121.587 E728.5461
G1 X107.706 Y121.246 E728.56664
G1 X108.17 Y120.838 E728.58719
G1 X108.578 Y120.374 E728.60774
G1 X108.919 Y119.859 E728.62829
G1 X109.196 Y119.301 E728.64901
G1 X109.391 Y118.728 E728.66914
G1 X109.511 Y118.118 E728.68981
G1 X109.549 Y117.501 E728.71038
G1 X109.511 Y116.878 E728.73113
G1 X109.391 Y116.272 E728.75168
G1 X109.196 Y115.695 E728.77194
G1 X108.919 Y115.138 E728.79263
G1 X108.578 Y114.625 E728.81312
G1 X108.17 Y114.158 E728.83374
G1 X107.706 Y113.754 E728.85421
G1 X107.191 Y113.41 E728.8748
G1 X106.632 Y113.135 E728.89552
G1 X106.059 Y112.937 E728.91569
G1 X105.45 Y112.817 E728.93633
G1 X104.831 Y112.778 E728.95696
G1 X104.21 Y112.817 E728.97766
G1 X103.604 Y112.937 E728.9982
G1 X103.027 Y113.132 E729.01846
G1 X102.47 Y113.409 E729.03915
G1 X101.954 Y113.754 E729.0598
G1 X101.49 Y114.158 E729.08026
G1 X101.082 Y114.625 E729.10089
G1 X100.741 Y115.138 E729.12137
G1 X100.464 Y115.695 E729.14206
G1 X100.269 Y116.272 E729.16232
G1 X100.149 Y116.878 E729.18287
G1 X100.11 Y117.501 E729.20363
G1 X100.149 Y118.118 E729.22419
G1 X100.269 Y118.724 E729.24474
G1 X100.464 Y119.301 E729.265
G1 X100.741 Y119.859 E729.28572
G1 X101.082 Y120.374 E729.30626
G1 X101.49 Y120.838 E729.32681
G1 X101.954 Y121.246 E729.34736
G1 X102.469 Y121.587 E729.3679
G1 X103.027 Y121.864 E729.38862
G1 X103.604 Y122.059 E729.40888
G1 X104.212 Y122.18 E729.4295
G1 X104.831 Y122.222 E729.45014
G0 F9000 X104.831 Y122.623
;TYPE:WALL-OUTER
G1 F600 X105.501 Y122.577 E729.47247
G1 X106.164 Y122.446 E729.49495
G1 X106.787 Y122.234 E729.51684
G1 X107.391 Y121.934 E729.53927
G1 X107.95 Y121.564 E729.56157
G1 X108.454 Y121.122 E729.58386
G1 X108.896 Y120.618 E729.60616
G1 X109.266 Y120.059 E729.62845
G1 X109.566 Y119.455 E729.65088
G1 X109.778 Y118.832 E729.67277
G1 X109.909 Y118.17 E729.69522
G1 X109.951 Y117.501 E729.71751
G1 X109.909 Y116.826 E729.74001
G1 X109.778 Y116.168 E729.76232
G1 X109.566 Y115.541 E729.78434
G1 X109.266 Y114.937 E729.80677
G1 X108.896 Y114.382 E729.82895
G1 X108.454 Y113.874 E729.85135
G1 X107.95 Y113.436 E729.87356
G1 X107.391 Y113.062 E729.89593
G1 X106.786 Y112.765 E729.91834
G1 X106.163 Y112.55 E729.94026
G1 X105.502 Y112.419 E729.96268
G1 X104.831 Y112.377 E729.98504
G1 X104.158 Y112.419 E730.00746
G1 X103.5 Y112.55 E730.02978
G1 X102.873 Y112.762 E730.05179
G1 X102.269 Y113.062 E730.07422
G1 X101.71 Y113.436 E730.09659
G1 X101.206 Y113.874 E730.1188
G1 X100.764 Y114.382 E730.1412
G1 X100.394 Y114.937 E730.16338
G1 X100.094 Y115.541 E730.18581
G1 X99.882 Y116.168 E730.20783
G1 X99.751 Y116.826 E730.23014
G1 X99.709 Y117.501 E730.25264
G1 X99.751 Y118.17 E730.27493
G1 X99.882 Y118.828 E730.29725
G1 X100.094 Y119.455 E730.31926
G1 X100.394 Y120.059 E730.34169
G1 X100.764 Y120.618 E730.36399
G1 X101.206 Y121.122 E730.38628
G1 X101.71 Y121.564 E730.40858
G1 X102.269 Y121.934 E730.43088
G1 X102.873 Y122.234 E730.45331
G1 X103.5 Y122.446 E730.47532
G1 X104.159 Y122.577 E730.49767
G1 X104.831 Y122.623 E730.52007
G0 F9000 X105.15 Y122.12
;TYPE:FILL
G1 F600 X100.21 Y117.18 E730.75243
G0 F9000 X100.21 Y117.819
G1 F600 X105.151 Y112.878 E730.98484
G0 F9000 X105.136 Y113.106
G0 X102.43 Y113.808
G0 X102.304 Y113.617
G1 F600 X108.713 Y120.026 E731.2863
G0 F9000 X108.525 Y119.9
G0 X108.523 Y115.098
G0 X108.713 Y114.973
G1 F600 X102.304 Y121.382 E731.58776
G0 F9000 X102.597 Y120.944
;MESH:NONMESH
G0 F300 X102.597 Y120.944 Z18
G0 F9000 X104.832 Y121.913
G0 X104.831 Y122.222
;TIME_ELAPSED:1533.859910
;LAYER:89
;note -- min layer time used
;TYPE:WALL-INNER
;MESH:FT10-Input Crank.stl
G1 F600 X105.448 Y122.18 E731.60833
G1 X106.06 Y122.059 E731.62908
G1 X106.633 Y121.864 E731.64921
G1 X107.191 Y121.587 E731.66993
G1 X107.706 Y121.246 E731.69048
G1 X108.17 Y120.838 E731.71103
G1 X108.578 Y120.374 E731.73158
G1 X108.919 Y119.859 E731.75212
G1 X109.196 Y119.301 E731.77284
G1 X109.391 Y118.728 E731.79297
G1 X109.511 Y118.118 E731.81365
G1 X109.549 Y117.501 E731.83421
G1 X109.511 Y116.878 E731.85497
G1 X109.391 Y116.272 E731.87552
G1 X109.196 Y115.695 E731.89577
G1 X108.919 Y115.138 E731.91646
G1 X108.578 Y114.625 E731.93695
G1 X108.17 Y114.158 E731.95758
G1 X107.706 Y113.754 E731.97804
G1 X107.191 Y113.41 E731.99864
G1 X106.632 Y113.135 E732.01936
G1 X106.059 Y112.937 E732.03952
G1 X105.45 Y112.817 E732.06017
G1 X104.831 Y112.778 E732.0808
G1 X104.21 Y112.817 E732.10149
G1 X103.604 Y112.937 E732.12204
G1 X103.027 Y113.132 E732.1423
G1 X102.47 Y113.409 E732.16299
G1 X101.954 Y113.754 E732.18363
G1 X101.49 Y114.158 E732.20409
G1 X101.082 Y114.625 E732.22472
G1 X100.741 Y115.138 E732.24521
G1 X100.464 Y115.695 E732.2659
G1 X100.269 Y116.272 E732.28616
G1 X100.149 Y116.878 E732.3067
G1 X100.11 Y117.501 E732.32746
G1 X100.149 Y118.118 E732.34803
G1 X100.269 Y118.724 E732.36857
G1 X100.464 Y119.301 E732.38883
G1 X100.741 Y119.859 E732.40955
G1 X101.082 Y120.374 E732.43009
G1 X101.49 Y120.838 E732.45065
G1 X101.954 Y121.246 E732.4712
G1 X102.469 Y121.587 E732.49174
G1 X103.027 Y121.864 E732.51246
G1 X103.604 Y122.059 E732.53272
G1 X104.212 Y122.18 E732.55334
G1 X104.831 Y122.222 E732.57397
G0 F9000 X104.831 Y122.623
;TYPE:WALL-OUTER
G1 F600 X105.501 Y122.577 E732.59631
G1 X106.164 Y122.446 E732.61879
G1 X106.787 Y122.234 E732.64067
G1 X107.391 Y121.934 E732.6631
G1 X107.95 Y121.564 E732.6854
G1 X108.454 Y121.122 E732.7077
G1 X108.896 Y120.618 E732.72999
G1 X109.266 Y120.059 E732.75229
G1 X109.566 Y119.455 E732.77472
G1 X109.778 Y118.832 E732.79661
G1 X109.909 Y118.17 E732.81905
G1 X109.951 Y117.501 E732.84135
G1 X109.909 Y116.826 E732.86384
G1 X109.778 Y116.168 E732.88616
G1 X109.566 Y115.541 E732.90817
G1 X109.266 Y114.937 E732.9306
G1 X108.896 Y114.382 E732.95279
G1 X108.454 Y113.874 E732.97518
G1 X107.95 Y113.436 E732.99739
G1 X107.391 Y113.062 E733.01976
G1 X106.786 Y112.765 E733.04218
G1 X106.163 Y112.55 E733.0641
G1 X105.502 Y112.419 E733.08651
G1 X104.831 Y112.377 E733.10887
G1 X104.158 Y112.419 E733.1313
G1 X103.5 Y112.55 E733.15361
G1 X102.873 Y112.762 E733.17563
G1 X102.269 Y113.062 E733.19806
G1 X101.71 Y113.436 E733.22043
G1 X101.206 Y113.874 E733.24264
G1 X100.764 Y114.382 E733.26503
G1 X100.394 Y114.937 E733.28722
G1 X100.094 Y115.541 E733.30965
G1 X99.882 Y116.168 E733.33166
G1 X99.751 Y116.826 E733.35398
G1 X99.709 Y117.501 E733.37647
G1 X99.751 Y118.17 E733.39877
G1 X99.882 Y118.828 E733.42108
G1 X100.094 Y119.455 E733.4431
G1 X100.394 Y120.059 E733.46553
G1 X100.764 Y120.618 E733.48782
G1 X101.206 Y121.122 E733.51012
G1 X101.71 Y121.564 E733.53241
G1 X102.269 Y121.934 E733.55471
G1 X102.873 Y122.234 E733.57714
G1 X103.5 Y122.446 E733.59916
G1 X104.159 Y122.577 E733.6215
G1 X104.831 Y122.623 E733.64391
G0 F9000 X105.15 Y122.12
;TYPE:FILL
G1 F600 X100.21 Y117.18 E733.87627
G0 F9000 X100.21 Y117.819
G1 F600 X105.151 Y112.878 E734.10868
G0 F9000 X105.136 Y113.106
G0 X102.43 Y113.808
G0 X102.304 Y113.617
G1 F600 X108.713 Y120.026 E734.41014
G0 F9000 X108.525 Y119.9
G0 X108.523 Y115.098
G0 X108.713 Y114.973
G1 F600 X102.304 Y121.382 E734.7116
G0 F9000 X102.597 Y120.944
;MESH:NONMESH
G0 F300 X102.597 Y120.944 Z18.2
G0 F9000 X104.832 Y121.913
G0 X104.831 Y122.222
;TIME_ELAPSED:1544.090681
;LAYER:90
;note -- min layer time used
;TYPE:WALL-INNER
;MESH:FT10-Input Crank.stl
G1 F600 X105.448 Y122.18 E734.73217
G1 X106.06 Y122.059 E734.75292
G1 X106.633 Y121.864 E734.77305
G1 X107.191 Y121.587 E734.79377
G1 X107.706 Y121.246 E734.81431
G1 X108.17 Y120.838 E734.83486
G1 X108.578 Y120.374 E734.85541
G1 X108.919 Y119.859 E734.87595
G1 X109.196 Y119.301 E734.89667
G1 X109.391 Y118.728 E734.91681
G1 X109.511 Y118.118 E734.93748
G1 X109.549 Y117.501 E734.95804
G1 X109.511 Y116.878 E734.9788
G1 X109.391 Y116.272 E734.99935
G1 X109.196 Y115.695 E735.01961
G1 X108.919 Y115.138 E735.0403
G1 X108.578 Y114.625 E735.06079
G1 X108.17 Y114.158 E735.08141
G1 X107.706 Y113.754 E735.10187
G1 X107.191 Y113.41 E735.12247
G1 X106.632 Y113.135 E735.14319
G1 X106.059 Y112.937 E735.16336
G1 X105.45 Y112.817 E735.184
G1 X104.831 Y112.778 E735.20463
G1 X104.21 Y112.817 E735.22533
G1 X103.604 Y112.937 E735.24587
G1 X103.027 Y113.132 E735.26613
G1 X102.47 Y113.409 E735.28682
G1 X101.954 Y113.754 E735.30747
G1 X101.49 Y114.158 E735.32793
G1 X101.082 Y114.625 E735.34855
G1 X100.741 Y115.138 E735.36904
G1 X100.464 Y115.695 E735.38973
G1 X100.269 Y116.272 E735.40999
G1 X100.149 Y116.878 E735.43054
G1 X100.11 Y117.501 E735.4513
G1 X100.149 Y118.118 E735.47186
G1 X100.269 Y118.724 E735.49241
G1 X100.464 Y119.301 E735.51267
G1 X100.741 Y119.859 E735.53339
G1 X101.082 Y120.374 E735.55393
G1 X101.49 Y120.838 E735.57448
G1 X101.954 Y121.246 E735.59503
G1 X102.469 Y121.587 E735.61557
G1 X103.027 Y121.864 E735.63629
G1 X103.604 Y122.059 E735.65655
G1 X104.212 Y122.18 E735.67717
G1 X104.831 Y122.222 E735.69781
G0 F9000 X104.831 Y122.623
;TYPE:WALL-OUTER
G1 F600 X105.501 Y122.577 E735.72014
G1 X106.164 Y122.446 E735.74262
G1 X106.787 Y122.234 E735.76451
G1 X107.391 Y121.934 E735.78694
G1 X107.95 Y121.564 E735.80923
G1 X108.454 Y121.122 E735.83153
G1 X108.896 Y120.618 E735.85383
G1 X109.266 Y120.059 E735.87612
G1 X109.566 Y119.455 E735.89855
G1 X109.778 Y118.832 E735.92044
G1 X109.909 Y118.17 E735.94289
G1 X109.951 Y117.501 E735.96518
G1 X109.909 Y116.826 E735.98768
G1 X109.778 Y116.168 E736.00999
G1 X109.566 Y115.541 E736.032
G1 X109.266 Y114.937 E736.05443
G1 X108.896 Y114.382 E736.07662
G1 X108.454 Y113.874 E736.09902
G1 X107.95 Y113.436 E736.12123
G1 X107.391 Y113.062 E736.1436
G1 X106.786 Y112.765 E736.16601
G1 X106.163 Y112.55 E736.18793
G1 X105.502 Y112.419 E736.21034
G1 X104.831 Y112.377 E736.23271
G1 X104.158 Y112.419 E736.25513
G1 X103.5 Y112.55 E736.27745
G1 X102.873 Y112.762 E736.29946
G1 X102.269 Y113.062 E736.32189
G1 X101.71 Y113.436 E736.34426
G1 X101.206 Y113.874 E736.36647
G1 X100.764 Y114.382 E736.38887
G1 X100.394 Y114.937 E736.41105
G1 X100.094 Y115.541 E736.43348
G1 X99.882 Y116.168 E736.4555
G1 X99.751 Y116.826 E736.47781
G1 X99.709 Y117.501 E736.50031
G1 X99.751 Y118.17 E736.5226
G1 X99.882 Y118.828 E736.54492
G1 X100.094 Y119.455 E736.56693
G1 X100.394 Y120.059 E736.58936
G1 X100.764 Y120.618 E736.61166
G1 X101.206 Y121.122 E736.63395
G1 X101.71 Y121.564 E736.65625
G1 X102.269 Y121.934 E736.67855
G1 X102.873 Y122.234 E736.70098
G1 X103.5 Y122.446 E736.72299
G1 X104.159 Y122.577 E736.74534
G1 X104.831 Y122.623 E736.76774
G0 F9000 X105.15 Y122.12
;TYPE:FILL
G1 F600 X100.21 Y117.18 E737.0001
G0 F9000 X100.21 Y117.819
G1 F600 X105.151 Y112.878 E737.23251
G0 F9000 X105.136 Y113.106
G0 X102.43 Y113.808
G0 X102.304 Y113.617
G1 F600 X108.713 Y120.026 E737.53397
G0 F9000 X108.525 Y119.9
G0 X108.523 Y115.098
G0 X108.713 Y114.973
G1 F600 X102.304 Y121.382 E737.83543
G0 F9000 X102.597 Y120.944
;MESH:NONMESH
G0 F300 X102.597 Y120.944 Z18.4
G0 F9000 X104.832 Y121.913
G0 X104.831 Y122.222
;TIME_ELAPSED:1554.321452
;LAYER:91
;note -- min layer time used
;TYPE:WALL-INNER
;MESH:FT10-Input Crank.stl
G1 F600 X105.448 Y122.18 E737.856
G1 X106.06 Y122.059 E737.87675
G1 X106.633 Y121.864 E737.89688
G1 X107.191 Y121.587 E737.9176
G1 X107.706 Y121.246 E737.93814
G1 X108.17 Y120.838 E737.9587
G1 X108.578 Y120.374 E737.97925
G1 X108.919 Y119.859 E737.99979
G1 X109.196 Y119.301 E738.02051
G1 X109.391 Y118.728 E738.04064
G1 X109.511 Y118.118 E738.06132
G1 X109.549 Y117.501 E738.08188
G1 X109.511 Y116.878 E738.10264
G1 X109.391 Y116.272 E738.12319
G1 X109.196 Y115.695 E738.14344
G1 X108.919 Y115.138 E738.16413
G1 X108.578 Y114.625 E738.18462
G1 X108.17 Y114.158 E738.20525
G1 X107.706 Y113.754 E738.22571
G1 X107.191 Y113.41 E738.24631
G1 X106.632 Y113.135 E738.26703
G1 X106.059 Y112.937 E738.28719
G1 X105.45 Y112.817 E738.30784
G1 X104.831 Y112.778 E738.32847
G1 X104.21 Y112.817 E738.34916
G1 X103.604 Y112.937 E738.36971
G1 X103.027 Y113.132 E738.38997
G1 X102.47 Y113.409 E738.41066
G1 X101.954 Y113.754 E738.4313
G1 X101.49 Y114.158 E738.45176
G1 X101.082 Y114.625 E738.47239
G1 X100.741 Y115.138 E738.49288
G1 X100.464 Y115.695 E738.51357
G1 X100.269 Y116.272 E738.53382
G1 X100.149 Y116.878 E738.55437
G1 X100.11 Y117.501 E738.57513
G1 X100.149 Y118.118 E738.5957
G1 X100.269 Y118.724 E738.61624
G1 X100.464 Y119.301 E738.6365
G1 X100.741 Y119.859 E738.65722
G1 X101.082 Y120.374 E738.67776
G1 X101.49 Y120.838 E738.69831
G1 X101.954 Y121.246 E738.71886
G1 X102.469 Y121.587 E738.73941
G1 X103.027 Y121.864 E738.76013
G1 X103.604 Y122.059 E738.78039
G1 X104.212 Y122.18 E738.801
G1 X104.831 Y122.222 E738.82164
G0 F9000 X104.831 Y122.623
;TYPE:WALL-OUTER
G1 F600 X105.501 Y122.577 E738.84398
G1 X106.164 Y122.446 E738.86645
G1 X106.787 Y122.234 E738.88834
G1 X107.391 Y121.934 E738.91077
G1 X107.95 Y121.564 E738.93307
G1 X108.454 Y121.122 E738.95537
G1 X108.896 Y120.618 E738.97766
G1 X109.266 Y120.059 E738.99996
G1 X109.566 Y119.455 E739.02239
G1 X109.778 Y118.832 E739.04428
G1 X109.909 Y118.17 E739.06672
G1 X109.951 Y117.501 E739.08902
G1 X109.909 Y116.826 E739.11151
G1 X109.778 Y116.168 E739.13382
G1 X109.566 Y115.541 E739.15584
G1 X109.266 Y114.937 E739.17827
G1 X108.896 Y114.382 E739.20045
G1 X108.454 Y113.874 E739.22285
G1 X107.95 Y113.436 E739.24506
G1 X107.391 Y113.062 E739.26743
G1 X106.786 Y112.765 E739.28985
G1 X106.163 Y112.55 E739.31177
G1 X105.502 Y112.419 E739.33418
G1 X104.831 Y112.377 E739.35654
G1 X104.158 Y112.419 E739.37897
G1 X103.5 Y112.55 E739.40128
G1 X102.873 Y112.762 E739.4233
G1 X102.269 Y113.062 E739.44573
G1 X101.71 Y113.436 E739.4681
G1 X101.206 Y113.874 E739.49031
G1 X100.764 Y114.382 E739.5127
G1 X100.394 Y114.937 E739.53489
G1 X100.094 Y115.541 E739.55732
G1 X99.882 Y116.168 E739.57933
G1 X99.751 Y116.826 E739.60165
G1 X99.709 Y117.501 E739.62414
G1 X99.751 Y118.17 E739.64644
G1 X99.882 Y118.828 E739.66875
G1 X100.094 Y119.455 E739.69076
G1 X100.394 Y120.059 E739.71319
G1 X100.764 Y120.618 E739.73549
G1 X101.206 Y121.122 E739.75779
G1 X101.71 Y121.564 E739.78008
G1 X102.269 Y121.934 E739.80238
G1 X102.873 Y122.234 E739.82481
G1 X103.5 Y122.446 E739.84682
G1 X104.159 Y122.577 E739.86917
G1 X104.831 Y122.623 E739.89157
G0 F9000 X105.15 Y122.12
;TYPE:FILL
G1 F600 X100.21 Y117.18 E740.12394
G0 F9000 X100.21 Y117.819
G1 F600 X105.151 Y112.878 E740.35635
G0 F9000 X105.136 Y113.106
G0 X102.43 Y113.808
G0 X102.304 Y113.617
G1 F600 X108.713 Y120.026 E740.65781
G0 F9000 X108.525 Y119.9
G0 X108.523 Y115.098
G0 X108.713 Y114.973
G1 F600 X102.304 Y121.382 E740.95927
G0 F9000 X102.597 Y120.944
;MESH:NONMESH
G0 F300 X102.597 Y120.944 Z18.6
G0 F9000 X104.832 Y121.913
G0 X104.831 Y122.222
;TIME_ELAPSED:1564.552223
;LAYER:92
;note -- min layer time used
;TYPE:WALL-INNER
;MESH:FT10-Input Crank.stl
G1 F600 X105.448 Y122.18 E740.97983
G1 X106.06 Y122.059 E741.00058
G1 X106.633 Y121.864 E741.02072
G1 X107.191 Y121.587 E741.04144
G1 X107.706 Y121.246 E741.06198
G1 X108.17 Y120.838 E741.08253
G1 X108.578 Y120.374 E741.10308
G1 X108.919 Y119.859 E741.12362
G1 X109.196 Y119.301 E741.14434
G1 X109.391 Y118.728 E741.16447
G1 X109.511 Y118.118 E741.18515
G1 X109.549 Y117.501 E741.20571
G1 X109.511 Y116.878 E741.22647
G1 X109.391 Y116.272 E741.24702
G1 X109.196 Y115.695 E741.26728
G1 X108.919 Y115.138 E741.28797
G1 X108.578 Y114.625 E741.30846
G1 X108.17 Y114.158 E741.32908
G1 X107.706 Y113.754 E741.34954
G1 X107.191 Y113.41 E741.37014
G1 X106.632 Y113.135 E741.39086
G1 X106.059 Y112.937 E741.41103
G1 X105.45 Y112.817 E741.43167
G1 X104.831 Y112.778 E741.4523
G1 X104.21 Y112.817 E741.473
G1 X103.604 Y112.937 E741.49354
G1 X103.027 Y113.132 E741.5138
G1 X102.47 Y113.409 E741.53449
G1 X101.954 Y113.754 E741.55514
G1 X101.49 Y114.158 E741.5756
G1 X101.082 Y114.625 E741.59622
G1 X100.741 Y115.138 E741.61671
G1 X100.464 Y115.695 E741.6374
G1 X100.269 Y116.272 E741.65766
G1 X100.149 Y116.878 E741.67821
G1 X100.11 Y117.501 E741.69897
G1 X100.149 Y118.118 E741.71953
G1 X100.269 Y118.724 E741.74008
G1 X100.464 Y119.301 E741.76033
G1 X100.741 Y119.859 E741.78105
G1 X101.082 Y120.374 E741.8016
G1 X101.49 Y120.838 E741.82215
G1 X101.954 Y121.246 E741.8427
G1 X102.469 Y121.587 E741.86324
G1 X103.027 Y121.864 E741.88396
G1 X103.604 Y122.059 E741.90422
G1 X104.212 Y122.18 E741.92484
G1 X104.831 Y122.222 E741.94547
G0 F9000 X104.831 Y122.623
;TYPE:WALL-OUTER
G1 F600 X105.501 Y122.577 E741.96781
G1 X106.164 Y122.446 E741.99029
G1 X106.787 Y122.234 E742.01218
G1 X107.391 Y121.934 E742.03461
G1 X107.95 Y121.564 E742.0569
G1 X108.454 Y121.122 E742.0792
G1 X108.896 Y120.618 E742.1015
G1 X109.266 Y120.059 E742.12379
G1 X109.566 Y119.455 E742.14622
G1 X109.778 Y118.832 E742.16811
G1 X109.909 Y118.17 E742.19056
G1 X109.951 Y117.501 E742.21285
G1 X109.909 Y116.826 E742.23534
G1 X109.778 Y116.168 E742.25766
G1 X109.566 Y115.541 E742.27967
G1 X109.266 Y114.937 E742.3021
G1 X108.896 Y114.382 E742.32429
G1 X108.454 Y113.874 E742.34669
G1 X107.95 Y113.436 E742.36889
G1 X107.391 Y113.062 E742.39126
G1 X106.786 Y112.765 E742.41368
G1 X106.163 Y112.55 E742.4356
G1 X105.502 Y112.419 E742.45801
G1 X104.831 Y112.377 E742.48037
G1 X104.158 Y112.419 E742.5028
G1 X103.5 Y112.55 E742.52512
G1 X102.873 Y112.762 E742.54713
G1 X102.269 Y113.062 E742.56956
G1 X101.71 Y113.436 E742.59193
G1 X101.206 Y113.874 E742.61414
G1 X100.764 Y114.382 E742.63654
G1 X100.394 Y114.937 E742.65872
G1 X100.094 Y115.541 E742.68115
G1 X99.882 Y116.168 E742.70317
G1 X99.751 Y116.826 E742.72548
G1 X99.709 Y117.501 E742.74798
G1 X99.751 Y118.17 E742.77027
G1 X99.882 Y118.828 E742.79258
G1 X100.094 Y119.455 E742.8146
G1 X100.394 Y120.059 E742.83703
G1 X100.764 Y120.618 E742.85933
G1 X101.206 Y121.122 E742.88162
G1 X101.71 Y121.564 E742.90392
G1 X102.269 Y121.934 E742.92621
G1 X102.873 Y122.234 E742.94864
G1 X103.5 Y122.446 E742.97066
G1 X104.159 Y122.577 E742.99301
G1 X104.831 Y122.623 E743.01541
G0 F9000 X105.15 Y122.12
;TYPE:FILL
G1 F600 X100.21 Y117.18 E743.24777
G0 F9000 X100.21 Y117.819
G1 F600 X105.151 Y112.878 E743.48018
G0 F9000 X105.136 Y113.106
G0 X102.43 Y113.808
G0 X102.304 Y113.617
G1 F600 X108.713 Y120.026 E743.78164
G0 F9000 X108.525 Y119.9
G0 X108.523 Y115.098
G0 X108.713 Y114.973
G1 F600 X102.304 Y121.382 E744.0831
G0 F9000 X102.597 Y120.944
;MESH:NONMESH
G0 F300 X102.597 Y120.944 Z18.8
G0 F9000 X104.832 Y121.913
G0 X104.831 Y122.222
;TIME_ELAPSED:1574.782994
;LAYER:93
;note -- min layer time used
;TYPE:WALL-INNER
;MESH:FT10-Input Crank.stl
G1 F600 X105.448 Y122.18 E744.10367
G1 X106.06 Y122.059 E744.12442
G1 X106.633 Y121.864 E744.14455
G1 X107.191 Y121.587 E744.16527
G1 X107.706 Y121.246 E744.18581
G1 X108.17 Y120.838 E744.20636
G1 X108.578 Y120.374 E744.22691
G1 X108.919 Y119.859 E744.24746
G1 X109.196 Y119.301 E744.26818
G1 X109.391 Y118.728 E744.28831
G1 X109.511 Y118.118 E744.30899
G1 X109.549 Y117.501 E744.32955
G1 X109.511 Y116.878 E744.35031
G1 X109.391 Y116.272 E744.37085
G1 X109.196 Y115.695 E744.39111
G1 X108.919 Y115.138 E744.4118
G1 X108.578 Y114.625 E744.43229
G1 X108.17 Y114.158 E744.45292
G1 X107.706 Y113.754 E744.47338
G1 X107.191 Y113.41 E744.49398
G1 X106.632 Y113.135 E744.5147
G1 X106.059 Y112.937 E744.53486
G1 X105.45 Y112.817 E744.55551
G1 X104.831 Y112.778 E744.57613
G1 X104.21 Y112.817 E744.59683
G1 X103.604 Y112.937 E744.61738
G1 X103.027 Y113.132 E744.63763
G1 X102.47 Y113.409 E744.65832
G1 X101.954 Y113.754 E744.67897
G1 X101.49 Y114.158 E744.69943
G1 X101.082 Y114.625 E744.72006
G1 X100.741 Y115.138 E744.74055
G1 X100.464 Y115.695 E744.76124
G1 X100.269 Y116.272 E744.78149
G1 X100.149 Y116.878 E744.80204
G1 X100.11 Y117.501 E744.8228
G1 X100.149 Y118.118 E744.84336
G1 X100.269 Y118.724 E744.86391
G1 X100.464 Y119.301 E744.88417
G1 X100.741 Y119.859 E744.90489
G1 X101.082 Y120.374 E744.92543
G1 X101.49 Y120.838 E744.94598
G1 X101.954 Y121.246 E744.96653
G1 X102.469 Y121.587 E744.98708
G1 X103.027 Y121.864 E745.0078
G1 X103.604 Y122.059 E745.02805
G1 X104.212 Y122.18 E745.04867
G1 X104.831 Y122.222 E745.06931
G0 F9000 X104.831 Y122.623
;TYPE:WALL-OUTER
G1 F600 X105.501 Y122.577 E745.09165
G1 X106.164 Y122.446 E745.11412
G1 X106.787 Y122.234 E745.13601
G1 X107.391 Y121.934 E745.15844
G1 X107.95 Y121.564 E745.18074
G1 X108.454 Y121.122 E745.20303
G1 X108.896 Y120.618 E745.22533
G1 X109.266 Y120.059 E745.24763
G1 X109.566 Y119.455 E745.27006
G1 X109.778 Y118.832 E745.29194
G1 X109.909 Y118.17 E745.31439
G1 X109.951 Y117.501 E745.33668
G1 X109.909 Y116.826 E745.35918
G1 X109.778 Y116.168 E745.38149
G1 X109.566 Y115.541 E745.40351
G1 X109.266 Y114.937 E745.42594
G1 X108.896 Y114.382 E745.44812
G1 X108.454 Y113.874 E745.47052
G1 X107.95 Y113.436 E745.49273
G1 X107.391 Y113.062 E745.5151
G1 X106.786 Y112.765 E745.53751
G1 X106.163 Y112.55 E745.55944
G1 X105.502 Y112.419 E745.58185
G1 X104.831 Y112.377 E745.60421
G1 X104.158 Y112.419 E745.62664
G1 X103.5 Y112.55 E745.64895
G1 X102.873 Y112.762 E745.67097
G1 X102.269 Y113.062 E745.6934
G1 X101.71 Y113.436 E745.71577
G1 X101.206 Y113.874 E745.73797
G1 X100.764 Y114.382 E745.76037
G1 X100.394 Y114.937 E745.78256
G1 X100.094 Y115.541 E745.80499
G1 X99.882 Y116.168 E745.827
G1 X99.751 Y116.826 E745.84932
G1 X99.709 Y117.501 E745.87181
G1 X99.751 Y118.17 E745.8941
G1 X99.882 Y118.828 E745.91642
G1 X100.094 Y119.455 E745.93843
G1 X100.394 Y120.059 E745.96086
G1 X100.764 Y120.618 E745.98316
G1 X101.206 Y121.122 E746.00546
G1 X101.71 Y121.564 E746.02775
G1 X102.269 Y121.934 E746.05005
G1 X102.873 Y122.234 E746.07248
G1 X103.5 Y122.446 E746.09449
G1 X104.159 Y122.577 E746.11684
G1 X104.831 Y122.623 E746.13924
G0 F9000 X105.15 Y122.12
;TYPE:FILL
G1 F600 X100.21 Y117.18 E746.37161
G0 F9000 X100.21 Y117.819
G1 F600 X105.151 Y112.878 E746.60402
G0 F9000 X105.136 Y113.106
G0 X102.43 Y113.808
G0 X102.304 Y113.617
G1 F600 X108.713 Y120.026 E746.90548
G0 F9000 X108.525 Y119.9
G0 X108.523 Y115.098
G0 X108.713 Y114.973
G1 F600 X102.304 Y121.382 E747.20693
G0 F9000 X102.597 Y120.944
;MESH:NONMESH
G0 F300 X102.597 Y120.944 Z19
G0 F9000 X104.832 Y121.913
G0 X104.831 Y122.222
;TIME_ELAPSED:1585.013765
;LAYER:94
;note -- min layer time used
;TYPE:WALL-INNER
;MESH:FT10-Input Crank.stl
G1 F600 X105.448 Y122.18 E747.2275
G1 X106.06 Y122.059 E747.24825
G1 X106.633 Y121.864 E747.26838
G1 X107.191 Y121.587 E747.2891
G1 X107.706 Y121.246 E747.30965
G1 X108.17 Y120.838 E747.3302
G1 X108.578 Y120.374 E747.35075
G1 X108.919 Y119.859 E747.37129
G1 X109.196 Y119.301 E747.39201
G1 X109.391 Y118.728 E747.41214
G1 X109.511 Y118.118 E747.43282
G1 X109.549 Y117.501 E747.45338
G1 X109.511 Y116.878 E747.47414
G1 X109.391 Y116.272 E747.49469
G1 X109.196 Y115.695 E747.51495
G1 X108.919 Y115.138 E747.53564
G1 X108.578 Y114.625 E747.55612
G1 X108.17 Y114.158 E747.57675
G1 X107.706 Y113.754 E747.59721
G1 X107.191 Y113.41 E747.61781
G1 X106.632 Y113.135 E747.63853
G1 X106.059 Y112.937 E747.6587
G1 X105.45 Y112.817 E747.67934
G1 X104.831 Y112.778 E747.69997
G1 X104.21 Y112.817 E747.72066
G1 X103.604 Y112.937 E747.74121
G1 X103.027 Y113.132 E747.76147
G1 X102.47 Y113.409 E747.78216
G1 X101.954 Y113.754 E747.8028
G1 X101.49 Y114.158 E747.82327
G1 X101.082 Y114.625 E747.84389
G1 X100.741 Y115.138 E747.86438
G1 X100.464 Y115.695 E747.88507
G1 X100.269 Y116.272 E747.90533
G1 X100.149 Y116.878 E747.92587
G1 X100.11 Y117.501 E747.94664
G1 X100.149 Y118.118 E747.9672
G1 X100.269 Y118.724 E747.98775
G1 X100.464 Y119.301 E748.008
G1 X100.741 Y119.859 E748.02872
G1 X101.082 Y120.374 E748.04927
G1 X101.49 Y120.838 E748.06982
G1 X101.954 Y121.246 E748.09037
G1 X102.469 Y121.587 E748.11091
G1 X103.027 Y121.864 E748.13163
G1 X103.604 Y122.059 E748.15189
G1 X104.212 Y122.18 E748.17251
G1 X104.831 Y122.222 E748.19314
G0 F9000 X104.831 Y122.623
;TYPE:WALL-OUTER
G1 F600 X105.501 Y122.577 E748.21548
G1 X106.164 Y122.446 E748.23796
G1 X106.787 Y122.234 E748.25985
G1 X107.391 Y121.934 E748.28228
G1 X107.95 Y121.564 E748.30457
G1 X108.454 Y121.122 E748.32687
G1 X108.896 Y120.618 E748.34916
G1 X109.266 Y120.059 E748.37146
G1 X109.566 Y119.455 E748.39389
G1 X109.778 Y118.832 E748.41578
G1 X109.909 Y118.17 E748.43822
G1 X109.951 Y117.501 E748.46052
G1 X109.909 Y116.826 E748.48301
G1 X109.778 Y116.168 E748.50533
G1 X109.566 Y115.541 E748.52734
G1 X109.266 Y114.937 E748.54977
G1 X108.896 Y114.382 E748.57196
G1 X108.454 Y113.874 E748.59435
G1 X107.95 Y113.436 E748.61656
G1 X107.391 Y113.062 E748.63893
G1 X106.786 Y112.765 E748.66135
G1 X106.163 Y112.55 E748.68327
G1 X105.502 Y112.419 E748.70568
G1 X104.831 Y112.377 E748.72804
G1 X104.158 Y112.419 E748.75047
G1 X103.5 Y112.55 E748.77279
G1 X102.873 Y112.762 E748.7948
G1 X102.269 Y113.062 E748.81723
G1 X101.71 Y113.436 E748.8396
G1 X101.206 Y113.874 E748.86181
G1 X100.764 Y114.382 E748.88421
G1 X100.394 Y114.937 E748.90639
G1 X100.094 Y115.541 E748.92882
G1 X99.882 Y116.168 E748.95084
G1 X99.751 Y116.826 E748.97315
G1 X99.709 Y117.501 E748.99564
G1 X99.751 Y118.17 E749.01794
G1 X99.882 Y118.828 E749.04025
G1 X100.094 Y119.455 E749.06227
G1 X100.394 Y120.059 E749.0847
G1 X100.764 Y120.618 E749.10699
G1 X101.206 Y121.122 E749.12929
G1 X101.71 Y121.564 E749.15159
G1 X102.269 Y121.934 E749.17388
G1 X102.873 Y122.234 E749.19631
G1 X103.5 Y122.446 E749.21833
G1 X104.159 Y122.577 E749.24067
G1 X104.831 Y122.623 E749.26308
G0 F9000 X105.15 Y122.12
;TYPE:FILL
G1 F600 X100.21 Y117.18 E749.49544
G0 F9000 X100.21 Y117.819
G1 F600 X105.151 Y112.878 E749.72785
G0 F9000 X105.136 Y113.106
G0 X102.43 Y113.808
G0 X102.304 Y113.617
G1 F600 X108.713 Y120.026 E750.02931
G0 F9000 X108.525 Y119.9
G0 X108.523 Y115.098
G0 X108.713 Y114.973
G1 F600 X102.304 Y121.382 E750.33077
G0 F9000 X102.597 Y120.944
;MESH:NONMESH
G0 F300 X102.597 Y120.944 Z19.2
G0 F9000 X104.832 Y121.913
G0 X104.831 Y122.222
;TIME_ELAPSED:1595.244535
;LAYER:95
;note -- min layer time used
;TYPE:WALL-INNER
;MESH:FT10-Input Crank.stl
G1 F600 X105.448 Y122.18 E750.35134
G1 X106.06 Y122.059 E750.37209
G1 X106.633 Y121.864 E750.39222
G1 X107.191 Y121.587 E750.41294
G1 X107.706 Y121.246 E750.43348
G1 X108.17 Y120.838 E750.45403
G1 X108.578 Y120.374 E750.47458
G1 X108.919 Y119.859 E750.49513
G1 X109.196 Y119.301 E750.51585
G1 X109.391 Y118.728 E750.53598
G1 X109.511 Y118.118 E750.55666
G1 X109.549 Y117.501 E750.57722
G1 X109.511 Y116.878 E750.59798
G1 X109.391 Y116.272 E750.61852
G1 X109.196 Y115.695 E750.63878
G1 X108.919 Y115.138 E750.65947
G1 X108.578 Y114.625 E750.67996
G1 X108.17 Y114.158 E750.70058
G1 X107.706 Y113.754 E750.72105
G1 X107.191 Y113.41 E750.74165
G1 X106.632 Y113.135 E750.76237
G1 X106.059 Y112.937 E750.78253
G1 X105.45 Y112.817 E750.80317
G1 X104.831 Y112.778 E750.8238
G1 X104.21 Y112.817 E750.8445
G1 X103.604 Y112.937 E750.86505
G1 X103.027 Y113.132 E750.8853
G1 X102.47 Y113.409 E750.90599
G1 X101.954 Y113.754 E750.92664
G1 X101.49 Y114.158 E750.9471
G1 X101.082 Y114.625 E750.96773
G1 X100.741 Y115.138 E750.98821
G1 X100.464 Y115.695 E751.0089
G1 X100.269 Y116.272 E751.02916
G1 X100.149 Y116.878 E751.04971
G1 X100.11 Y117.501 E751.07047
G1 X100.149 Y118.118 E751.09103
G1 X100.269 Y118.724 E751.11158
G1 X100.464 Y119.301 E751.13184
G1 X100.741 Y119.859 E751.15256
G1 X101.082 Y120.374 E751.1731
G1 X101.49 Y120.838 E751.19365
G1 X101.954 Y121.246 E751.2142
G1 X102.469 Y121.587 E751.23475
G1 X103.027 Y121.864 E751.25547
G1 X103.604 Y122.059 E751.27572
G1 X104.212 Y122.18 E751.29634
G1 X104.831 Y122.222 E751.31698
G0 F9000 X104.831 Y122.623
;TYPE:WALL-OUTER
G1 F600 X105.501 Y122.577 E751.33931
G1 X106.164 Y122.446 E751.36179
G1 X106.787 Y122.234 E751.38368
G1 X107.391 Y121.934 E751.40611
G1 X107.95 Y121.564 E751.42841
G1 X108.454 Y121.122 E751.4507
G1 X108.896 Y120.618 E751.473
G1 X109.266 Y120.059 E751.4953
G1 X109.566 Y119.455 E751.51773
G1 X109.778 Y118.832 E751.53961
G1 X109.909 Y118.17 E751.56206
G1 X109.951 Y117.501 E751.58435
G1 X109.909 Y116.826 E751.60685
G1 X109.778 Y116.168 E751.62916
G1 X109.566 Y115.541 E751.65118
G1 X109.266 Y114.937 E751.67361
G1 X108.896 Y114.382 E751.69579
G1 X108.454 Y113.874 E751.71819
G1 X107.95 Y113.436 E751.7404
G1 X107.391 Y113.062 E751.76277
G1 X106.786 Y112.765 E751.78518
G1 X106.163 Y112.55 E751.8071
G1 X105.502 Y112.419 E751.82952
G1 X104.831 Y112.377 E751.85188
G1 X104.158 Y112.419 E751.87431
G1 X103.5 Y112.55 E751.89662
G1 X102.873 Y112.762 E751.91863
G1 X102.269 Y113.062 E751.94106
G1 X101.71 Y113.436 E751.96343
G1 X101.206 Y113.874 E751.98564
G1 X100.764 Y114.382 E752.00804
G1 X100.394 Y114.937 E752.03023
G1 X100.094 Y115.541 E752.05266
G1 X99.882 Y116.168 E752.07467
G1 X99.751 Y116.826 E752.09698
G1 X99.709 Y117.501 E752.11948
G1 X99.751 Y118.17 E752.14177
G1 X99.882 Y118.828 E752.16409
G1 X100.094 Y119.455 E752.1861
G1 X100.394 Y120.059 E752.20853
G1 X100.764 Y120.618 E752.23083
G1 X101.206 Y121.122 E752.25312
G1 X101.71 Y121.564 E752.27542
G1 X102.269 Y121.934 E752.29772
G1 X102.873 Y122.234 E752.32015
G1 X103.5 Y122.446 E752.34216
G1 X104.159 Y122.577 E752.36451
G1 X104.831 Y122.623 E752.38691
G0 F9000 X105.15 Y122.12
;TYPE:FILL
G1 F600 X100.21 Y117.18 E752.61927
G0 F9000 X100.21 Y117.819
G1 F600 X105.151 Y112.878 E752.85168
G0 F9000 X105.136 Y113.106
G0 X102.43 Y113.808
G0 X102.304 Y113.617
G1 F600 X108.713 Y120.026 E753.15314
G0 F9000 X108.525 Y119.9
G0 X108.523 Y115.098
G0 X108.713 Y114.973
G1 F600 X102.304 Y121.382 E753.4546
G0 F9000 X102.597 Y120.944
;MESH:NONMESH
G0 F300 X102.597 Y120.944 Z19.4
G0 F9000 X104.832 Y121.913
G0 X104.831 Y122.222
;TIME_ELAPSED:1605.475306
;LAYER:96
;note -- min layer time used
;TYPE:WALL-INNER
;MESH:FT10-Input Crank.stl
G1 F600 X105.448 Y122.18 E753.47517
G1 X106.06 Y122.059 E753.49592
G1 X106.633 Y121.864 E753.51605
G1 X107.191 Y121.587 E753.53677
G1 X107.706 Y121.246 E753.55732
G1 X108.17 Y120.838 E753.57787
G1 X108.578 Y120.374 E753.59842
G1 X108.919 Y119.859 E753.61896
G1 X109.196 Y119.301 E753.63968
G1 X109.391 Y118.728 E753.65981
G1 X109.511 Y118.118 E753.68049
G1 X109.549 Y117.501 E753.70105
G1 X109.511 Y116.878 E753.72181
G1 X109.391 Y116.272 E753.74236
G1 X109.196 Y115.695 E753.76261
G1 X108.919 Y115.138 E753.7833
G1 X108.578 Y114.625 E753.80379
G1 X108.17 Y114.158 E753.82442
G1 X107.706 Y113.754 E753.84488
G1 X107.191 Y113.41 E753.86548
G1 X106.632 Y113.135 E753.8862
G1 X106.059 Y112.937 E753.90636
G1 X105.45 Y112.817 E753.92701
G1 X104.831 Y112.778 E753.94764
G1 X104.21 Y112.817 E753.96833
G1 X103.604 Y112.937 E753.98888
G1 X103.027 Y113.132 E754.00914
G1 X102.47 Y113.409 E754.02983
G1 X101.954 Y113.754 E754.05047
G1 X101.49 Y114.158 E754.07094
G1 X101.082 Y114.625 E754.09156
G1 X100.741 Y115.138 E754.11205
G1 X100.464 Y115.695 E754.13274
G1 X100.269 Y116.272 E754.153
G1 X100.149 Y116.878 E754.17354
G1 X100.11 Y117.501 E754.19431
G1 X100.149 Y118.118 E754.21487
G1 X100.269 Y118.724 E754.23541
G1 X100.464 Y119.301 E754.25567
G1 X100.741 Y119.859 E754.27639
G1 X101.082 Y120.374 E754.29694
G1 X101.49 Y120.838 E754.31749
G1 X101.954 Y121.246 E754.33804
G1 X102.469 Y121.587 E754.35858
G1 X103.027 Y121.864 E754.3793
G1 X103.604 Y122.059 E754.39956
G1 X104.212 Y122.18 E754.42018
G1 X104.831 Y122.222 E754.44081
G0 F9000 X104.831 Y122.623
;TYPE:WALL-OUTER
G1 F600 X105.501 Y122.577 E754.46315
G1 X106.164 Y122.446 E754.48563
G1 X106.787 Y122.234 E754.50751
G1 X107.391 Y121.934 E754.52994
G1 X107.95 Y121.564 E754.55224
G1 X108.454 Y121.122 E754.57454
G1 X108.896 Y120.618 E754.59683
G1 X109.266 Y120.059 E754.61913
G1 X109.566 Y119.455 E754.64156
G1 X109.778 Y118.832 E754.66345
G1 X109.909 Y118.17 E754.68589
G1 X109.951 Y117.501 E754.70819
G1 X109.909 Y116.826 E754.73068
G1 X109.778 Y116.168 E754.753
G1 X109.566 Y115.541 E754.77501
G1 X109.266 Y114.937 E754.79744
G1 X108.896 Y114.382 E754.81963
G1 X108.454 Y113.874 E754.84202
G1 X107.95 Y113.436 E754.86423
G1 X107.391 Y113.062 E754.8866
G1 X106.786 Y112.765 E754.90902
G1 X106.163 Y112.55 E754.93094
G1 X105.502 Y112.419 E754.95335
G1 X104.831 Y112.377 E754.97571
G1 X104.158 Y112.419 E754.99814
G1 X103.5 Y112.55 E755.02045
G1 X102.873 Y112.762 E755.04247
G1 X102.269 Y113.062 E755.0649
G1 X101.71 Y113.436 E755.08727
G1 X101.206 Y113.874 E755.10948
G1 X100.764 Y114.382 E755.13187
G1 X100.394 Y114.937 E755.15406
G1 X100.094 Y115.541 E755.17649
G1 X99.882 Y116.168 E755.1985
G1 X99.751 Y116.826 E755.22082
G1 X99.709 Y117.501 E755.24331
G1 X99.751 Y118.17 E755.26561
G1 X99.882 Y118.828 E755.28792
G1 X100.094 Y119.455 E755.30994
G1 X100.394 Y120.059 E755.33237
G1 X100.764 Y120.618 E755.35466
G1 X101.206 Y121.122 E755.37696
G1 X101.71 Y121.564 E755.39926
G1 X102.269 Y121.934 E755.42155
G1 X102.873 Y122.234 E755.44398
G1 X103.5 Y122.446 E755.466
G1 X104.159 Y122.577 E755.48834
G1 X104.831 Y122.623 E755.51075
G0 F9000 X105.15 Y122.12
;TYPE:FILL
G1 F600 X100.21 Y117.18 E755.74311
G0 F9000 X100.21 Y117.819
G1 F600 X105.151 Y112.878 E755.97552
G0 F9000 X105.136 Y113.106
G0 X102.43 Y113.808
G0 X102.304 Y113.617
G1 F600 X108.713 Y120.026 E756.27698
G0 F9000 X108.525 Y119.9
G0 X108.523 Y115.098
G0 X108.713 Y114.973
G1 F600 X102.304 Y121.382 E756.57844
G0 F9000 X102.597 Y120.944
;MESH:NONMESH
G0 F300 X102.597 Y120.944 Z19.6
G0 F9000 X104.832 Y121.913
G0 X104.831 Y122.222
;TIME_ELAPSED:1615.706077
;LAYER:97
;note -- min layer time used
;TYPE:WALL-INNER
;MESH:FT10-Input Crank.stl
G1 F600 X105.448 Y122.18 E756.59901
G1 X106.06 Y122.059 E756.61976
G1 X106.633 Y121.864 E756.63989
G1 X107.191 Y121.587 E756.66061
G1 X107.706 Y121.246 E756.68115
G1 X108.17 Y120.838 E756.7017
G1 X108.578 Y120.374 E756.72225
G1 X108.919 Y119.859 E756.7428
G1 X109.196 Y119.301 E756.76352
G1 X109.391 Y118.728 E756.78365
G1 X109.511 Y118.118 E756.80432
G1 X109.549 Y117.501 E756.82488
G1 X109.511 Y116.878 E756.84564
G1 X109.391 Y116.272 E756.86619
G1 X109.196 Y115.695 E756.88645
G1 X108.919 Y115.138 E756.90714
G1 X108.578 Y114.625 E756.92763
G1 X108.17 Y114.158 E756.94825
G1 X107.706 Y113.754 E756.96872
G1 X107.191 Y113.41 E756.98931
G1 X106.632 Y113.135 E757.01003
G1 X106.059 Y112.937 E757.0302
G1 X105.45 Y112.817 E757.05084
G1 X104.831 Y112.778 E757.07147
G1 X104.21 Y112.817 E757.09217
G1 X103.604 Y112.937 E757.11271
G1 X103.027 Y113.132 E757.13297
G1 X102.47 Y113.409 E757.15366
G1 X101.954 Y113.754 E757.17431
G1 X101.49 Y114.158 E757.19477
G1 X101.082 Y114.625 E757.2154
G1 X100.741 Y115.138 E757.23588
G1 X100.464 Y115.695 E757.25657
G1 X100.269 Y116.272 E757.27683
G1 X100.149 Y116.878 E757.29738
G1 X100.11 Y117.501 E757.31814
G1 X100.149 Y118.118 E757.3387
G1 X100.269 Y118.724 E757.35925
G1 X100.464 Y119.301 E757.37951
G1 X100.741 Y119.859 E757.40023
G1 X101.082 Y120.374 E757.42077
G1 X101.49 Y120.838 E757.44132
G1 X101.954 Y121.246 E757.46187
G1 X102.469 Y121.587 E757.48241
G1 X103.027 Y121.864 E757.50313
G1 X103.604 Y122.059 E757.52339
G1 X104.212 Y122.18 E757.54401
G1 X104.831 Y122.222 E757.56465
G0 F9000 X104.831 Y122.623
;TYPE:WALL-OUTER
G1 F600 X105.501 Y122.577 E757.58698
G1 X106.164 Y122.446 E757.60946
G1 X106.787 Y122.234 E757.63135
G1 X107.391 Y121.934 E757.65378
G1 X107.95 Y121.564 E757.67608
G1 X108.454 Y121.122 E757.69837
G1 X108.896 Y120.618 E757.72067
G1 X109.266 Y120.059 E757.74296
G1 X109.566 Y119.455 E757.76539
G1 X109.778 Y118.832 E757.78728
G1 X109.909 Y118.17 E757.80973
G1 X109.951 Y117.501 E757.83202
G1 X109.909 Y116.826 E757.85452
G1 X109.778 Y116.168 E757.87683
G1 X109.566 Y115.541 E757.89885
G1 X109.266 Y114.937 E757.92128
G1 X108.896 Y114.382 E757.94346
G1 X108.454 Y113.874 E757.96586
G1 X107.95 Y113.436 E757.98807
G1 X107.391 Y113.062 E758.01044
G1 X106.786 Y112.765 E758.03285
G1 X106.163 Y112.55 E758.05477
G1 X105.502 Y112.419 E758.07719
G1 X104.831 Y112.377 E758.09955
G1 X104.158 Y112.419 E758.12197
G1 X103.5 Y112.55 E758.14429
G1 X102.873 Y112.762 E758.1663
G1 X102.269 Y113.062 E758.18873
G1 X101.71 Y113.436 E758.2111
G1 X101.206 Y113.874 E758.23331
G1 X100.764 Y114.382 E758.25571
G1 X100.394 Y114.937 E758.27789
G1 X100.094 Y115.541 E758.30032
G1 X99.882 Y116.168 E758.32234
G1 X99.751 Y116.826 E758.34465
G1 X99.709 Y117.501 E758.36715
G1 X99.751 Y118.17 E758.38944
G1 X99.882 Y118.828 E758.41176
G1 X100.094 Y119.455 E758.43377
G1 X100.394 Y120.059 E758.4562
G1 X100.764 Y120.618 E758.4785
G1 X101.206 Y121.122 E758.50079
G1 X101.71 Y121.564 E758.52309
G1 X102.269 Y121.934 E758.54539
G1 X102.873 Y122.234 E758.56782
G1 X103.5 Y122.446 E758.58983
G1 X104.159 Y122.577 E758.61218
G1 X104.831 Y122.623 E758.63458
G0 F9000 X105.15 Y122.12
;TYPE:FILL
G1 F600 X100.21 Y117.18 E758.86694
G0 F9000 X100.21 Y117.819
G1 F600 X105.151 Y112.878 E759.09935
G0 F9000 X105.136 Y113.106
G0 X102.43 Y113.808
G0 X102.304 Y113.617
G1 F600 X108.713 Y120.026 E759.40081
G0 F9000 X108.525 Y119.9
G0 X108.523 Y115.098
G0 X108.713 Y114.973
G1 F600 X102.304 Y121.382 E759.70227
G0 F9000 X102.597 Y120.944
;MESH:NONMESH
G0 F300 X102.597 Y120.944 Z19.8
G0 F9000 X104.832 Y121.913
G0 X104.831 Y122.222
;TIME_ELAPSED:1625.936848
;LAYER:98
;note -- min layer time used
;TYPE:WALL-INNER
;MESH:FT10-Input Crank.stl
G1 F600 X105.448 Y122.18 E759.72284
G1 X106.06 Y122.059 E759.74359
G1 X106.633 Y121.864 E759.76372
G1 X107.191 Y121.587 E759.78444
G1 X107.706 Y121.246 E759.80499
G1 X108.17 Y120.838 E759.82554
G1 X108.578 Y120.374 E759.84609
G1 X108.919 Y119.859 E759.86663
G1 X109.196 Y119.301 E759.88735
G1 X109.391 Y118.728 E759.90748
G1 X109.511 Y118.118 E759.92816
G1 X109.549 Y117.501 E759.94872
G1 X109.511 Y116.878 E759.96948
G1 X109.391 Y116.272 E759.99003
G1 X109.196 Y115.695 E760.01028
G1 X108.919 Y115.138 E760.03097
G1 X108.578 Y114.625 E760.05146
G1 X108.17 Y114.158 E760.07209
G1 X107.706 Y113.754 E760.09255
G1 X107.191 Y113.41 E760.11315
G1 X106.632 Y113.135 E760.13387
G1 X106.059 Y112.937 E760.15403
G1 X105.45 Y112.817 E760.17468
G1 X104.831 Y112.778 E760.19531
G1 X104.21 Y112.817 E760.216
G1 X103.604 Y112.937 E760.23655
G1 X103.027 Y113.132 E760.25681
G1 X102.47 Y113.409 E760.2775
G1 X101.954 Y113.754 E760.29814
G1 X101.49 Y114.158 E760.3186
G1 X101.082 Y114.625 E760.33923
G1 X100.741 Y115.138 E760.35972
G1 X100.464 Y115.695 E760.38041
G1 X100.269 Y116.272 E760.40067
G1 X100.149 Y116.878 E760.42121
G1 X100.11 Y117.501 E760.44197
G1 X100.149 Y118.118 E760.46254
G1 X100.269 Y118.724 E760.48308
G1 X100.464 Y119.301 E760.50334
G1 X100.741 Y119.859 E760.52406
G1 X101.082 Y120.374 E760.5446
G1 X101.49 Y120.838 E760.56515
G1 X101.954 Y121.246 E760.58571
G1 X102.469 Y121.587 E760.60625
G1 X103.027 Y121.864 E760.62697
G1 X103.604 Y122.059 E760.64723
G1 X104.212 Y122.18 E760.66785
G1 X104.831 Y122.222 E760.68848
G0 F9000 X104.831 Y122.623
;TYPE:WALL-OUTER
G1 F600 X105.501 Y122.577 E760.71082
G1 X106.164 Y122.446 E760.73329
G1 X106.787 Y122.234 E760.75518
G1 X107.391 Y121.934 E760.77761
G1 X107.95 Y121.564 E760.79991
G1 X108.454 Y121.122 E760.82221
G1 X108.896 Y120.618 E760.8445
G1 X109.266 Y120.059 E760.8668
G1 X109.566 Y119.455 E760.88923
G1 X109.778 Y118.832 E760.91112
G1 X109.909 Y118.17 E760.93356
G1 X109.951 Y117.501 E760.95586
G1 X109.909 Y116.826 E760.97835
G1 X109.778 Y116.168 E761.00067
G1 X109.566 Y115.541 E761.02268
G1 X109.266 Y114.937 E761.04511
G1 X108.896 Y114.382 E761.0673
G1 X108.454 Y113.874 E761.08969
G1 X107.95 Y113.436 E761.1119
G1 X107.391 Y113.062 E761.13427
G1 X106.786 Y112.765 E761.15669
G1 X106.163 Y112.55 E761.17861
G1 X105.502 Y112.419 E761.20102
G1 X104.831 Y112.377 E761.22338
G1 X104.158 Y112.419 E761.24581
G1 X103.5 Y112.55 E761.26812
G1 X102.873 Y112.762 E761.29014
G1 X102.269 Y113.062 E761.31257
G1 X101.71 Y113.436 E761.33494
G1 X101.206 Y113.874 E761.35715
G1 X100.764 Y114.382 E761.37954
G1 X100.394 Y114.937 E761.40173
G1 X100.094 Y115.541 E761.42416
G1 X99.882 Y116.168 E761.44617
G1 X99.751 Y116.826 E761.46849
G1 X99.709 Y117.501 E761.49098
G1 X99.751 Y118.17 E761.51328
G1 X99.882 Y118.828 E761.53559
G1 X100.094 Y119.455 E761.5576
G1 X100.394 Y120.059 E761.58004
G1 X100.764 Y120.618 E761.60233
G1 X101.206 Y121.122 E761.62463
G1 X101.71 Y121.564 E761.64692
G1 X102.269 Y121.934 E761.66922
G1 X102.873 Y122.234 E761.69165
G1 X103.5 Y122.446 E761.71367
G1 X104.159 Y122.577 E761.73601
G1 X104.831 Y122.623 E761.75842
G0 F9000 X105.15 Y122.12
;TYPE:FILL
G1 F600 X100.21 Y117.18 E761.99078
G0 F9000 X100.21 Y117.819
G1 F600 X105.151 Y112.878 E762.22319
G0 F9000 X105.136 Y113.106
G0 X102.43 Y113.808
G0 X102.304 Y113.617
G1 F600 X108.713 Y120.026 E762.52465
G0 F9000 X108.525 Y119.9
G0 X108.523 Y115.098
G0 X108.713 Y114.973
G1 F600 X102.304 Y121.382 E762.82611
G0 F9000 X102.597 Y120.944
;MESH:NONMESH
G0 F300 X102.597 Y120.944 Z20
G0 F9000 X104.832 Y121.913
G0 X104.831 Y122.222
;TIME_ELAPSED:1636.167619
;LAYER:99
;note -- min layer time used
;TYPE:WALL-INNER
;MESH:FT10-Input Crank.stl
G1 F600 X105.448 Y122.18 E762.84668
G1 X106.06 Y122.059 E762.86743
G1 X106.633 Y121.864 E762.88756
G1 X107.191 Y121.587 E762.90828
G1 X107.706 Y121.246 E762.92882
G1 X108.17 Y120.838 E762.94937
G1 X108.578 Y120.374 E762.96992
G1 X108.919 Y119.859 E762.99046
G1 X109.196 Y119.301 E763.01118
G1 X109.391 Y118.728 E763.03132
G1 X109.511 Y118.118 E763.05199
G1 X109.549 Y117.501 E763.07255
G1 X109.511 Y116.878 E763.09331
G1 X109.391 Y116.272 E763.11386
G1 X109.196 Y115.695 E763.13412
G1 X108.919 Y115.138 E763.15481
G1 X108.578 Y114.625 E763.1753
G1 X108.17 Y114.158 E763.19592
G1 X107.706 Y113.754 E763.21638
G1 X107.191 Y113.41 E763.23698
G1 X106.632 Y113.135 E763.2577
G1 X106.059 Y112.937 E763.27787
G1 X105.45 Y112.817 E763.29851
G1 X104.831 Y112.778 E763.31914
G1 X104.21 Y112.817 E763.33984
G1 X103.604 Y112.937 E763.36038
G1 X103.027 Y113.132 E763.38064
G1 X102.47 Y113.409 E763.40133
G1 X101.954 Y113.754 E763.42198
G1 X101.49 Y114.158 E763.44244
G1 X101.082 Y114.625 E763.46306
G1 X100.741 Y115.138 E763.48355
G1 X100.464 Y115.695 E763.50424
G1 X100.269 Y116.272 E763.5245
G1 X100.149 Y116.878 E763.54505
G1 X100.11 Y117.501 E763.56581
G1 X100.149 Y118.118 E763.58637
G1 X100.269 Y118.724 E763.60692
G1 X100.464 Y119.301 E763.62718
G1 X100.741 Y119.859 E763.6479
G1 X101.082 Y120.374 E763.66844
G1 X101.49 Y120.838 E763.68899
G1 X101.954 Y121.246 E763.70954
G1 X102.469 Y121.587 E763.73008
G1 X103.027 Y121.864 E763.7508
G1 X103.604 Y122.059 E763.77106
G1 X104.212 Y122.18 E763.79168
G1 X104.831 Y122.222 E763.81231
G0 F9000 X104.831 Y122.623
;TYPE:WALL-OUTER
G1 F600 X105.501 Y122.577 E763.83465
G1 X106.164 Y122.446 E763.85713
G1 X106.787 Y122.234 E763.87902
G1 X107.391 Y121.934 E763.90145
G1 X107.95 Y121.564 E763.92374
G1 X108.454 Y121.122 E763.94604
G1 X108.896 Y120.618 E763.96834
G1 X109.266 Y120.059 E763.99063
G1 X109.566 Y119.455 E764.01306
G1 X109.778 Y118.832 E764.03495
G1 X109.909 Y118.17 E764.0574
G1 X109.951 Y117.501 E764.07969
G1 X109.909 Y116.826 E764.10219
G1 X109.778 Y116.168 E764.1245
G1 X109.566 Y115.541 E764.14651
G1 X109.266 Y114.937 E764.16894
G1 X108.896 Y114.382 E764.19113
G1 X108.454 Y113.874 E764.21353
G1 X107.95 Y113.436 E764.23574
G1 X107.391 Y113.062 E764.25811
G1 X106.786 Y112.765 E764.28052
G1 X106.163 Y112.55 E764.30244
G1 X105.502 Y112.419 E764.32485
G1 X104.831 Y112.377 E764.34722
G1 X104.158 Y112.419 E764.36964
G1 X103.5 Y112.55 E764.39196
G1 X102.873 Y112.762 E764.41397
G1 X102.269 Y113.062 E764.4364
G1 X101.71 Y113.436 E764.45877
G1 X101.206 Y113.874 E764.48098
G1 X100.764 Y114.382 E764.50338
G1 X100.394 Y114.937 E764.52556
G1 X100.094 Y115.541 E764.54799
G1 X99.882 Y116.168 E764.57001
G1 X99.751 Y116.826 E764.59232
G1 X99.709 Y117.501 E764.61482
G1 X99.751 Y118.17 E764.63711
G1 X99.882 Y118.828 E764.65943
G1 X100.094 Y119.455 E764.68144
G1 X100.394 Y120.059 E764.70387
G1 X100.764 Y120.618 E764.72617
G1 X101.206 Y121.122 E764.74846
G1 X101.71 Y121.564 E764.77076
G1 X102.269 Y121.934 E764.79305
G1 X102.873 Y122.234 E764.81549
G1 X103.5 Y122.446 E764.8375
G1 X104.159 Y122.577 E764.85985
G1 X104.831 Y122.623 E764.88225
G0 F9000 X105.15 Y122.12
;TYPE:FILL
G1 F600 X100.21 Y117.18 E765.11461
G0 F9000 X100.21 Y117.819
G1 F600 X105.151 Y112.878 E765.34702
G0 F9000 X105.136 Y113.106
G0 X102.43 Y113.808
G0 X102.304 Y113.617
G1 F600 X108.713 Y120.026 E765.64848
G0 F9000 X108.525 Y119.9
G0 X108.523 Y115.098
G0 X108.713 Y114.973
G1 F600 X102.304 Y121.382 E765.94994
G0 F9000 X102.597 Y120.944
;MESH:NONMESH
G0 F300 X102.597 Y120.944 Z20.2
G0 F9000 X104.832 Y121.913
G0 X104.831 Y122.222
;TIME_ELAPSED:1646.398390
;LAYER:100
;note -- min layer time used
;TYPE:WALL-INNER
;MESH:FT10-Input Crank.stl
G1 F600 X105.448 Y122.18 E765.97051
G1 X106.06 Y122.059 E765.99126
G1 X106.633 Y121.864 E766.01139
G1 X107.191 Y121.587 E766.03211
G1 X107.706 Y121.246 E766.05265
G1 X108.17 Y120.838 E766.0732
G1 X108.578 Y120.374 E766.09376
G1 X108.919 Y119.859 E766.1143
G1 X109.196 Y119.301 E766.13502
G1 X109.391 Y118.728 E766.15515
G1 X109.511 Y118.118 E766.17583
G1 X109.549 Y117.501 E766.19639
G1 X109.511 Y116.878 E766.21715
G1 X109.391 Y116.272 E766.23769
G1 X109.196 Y115.695 E766.25795
G1 X108.919 Y115.138 E766.27864
G1 X108.578 Y114.625 E766.29913
G1 X108.17 Y114.158 E766.31976
G1 X107.706 Y113.754 E766.34022
G1 X107.191 Y113.41 E766.36082
G1 X106.632 Y113.135 E766.38154
G1 X106.059 Y112.937 E766.4017
G1 X105.45 Y112.817 E766.42235
G1 X104.831 Y112.778 E766.44298
G1 X104.21 Y112.817 E766.46367
G1 X103.604 Y112.937 E766.48422
G1 X103.027 Y113.132 E766.50448
G1 X102.47 Y113.409 E766.52517
G1 X101.954 Y113.754 E766.54581
G1 X101.49 Y114.158 E766.56627
G1 X101.082 Y114.625 E766.5869
G1 X100.741 Y115.138 E766.60739
G1 X100.464 Y115.695 E766.62808
G1 X100.269 Y116.272 E766.64833
G1 X100.149 Y116.878 E766.66888
G1 X100.11 Y117.501 E766.68964
G1 X100.149 Y118.118 E766.71021
G1 X100.269 Y118.724 E766.73075
G1 X100.464 Y119.301 E766.75101
G1 X100.741 Y119.859 E766.77173
G1 X101.082 Y120.374 E766.79227
G1 X101.49 Y120.838 E766.81282
G1 X101.954 Y121.246 E766.83337
G1 X102.469 Y121.587 E766.85392
G1 X103.027 Y121.864 E766.87464
G1 X103.604 Y122.059 E766.8949
G1 X104.212 Y122.18 E766.91551
G1 X104.831 Y122.222 E766.93615
G0 F9000 X104.831 Y122.623
;TYPE:WALL-OUTER
G1 F600 X105.501 Y122.577 E766.95849
G1 X106.164 Y122.446 E766.98096
G1 X106.787 Y122.234 E767.00285
G1 X107.391 Y121.934 E767.02528
G1 X107.95 Y121.564 E767.04758
G1 X108.454 Y121.122 E767.06987
G1 X108.896 Y120.618 E767.09217
G1 X109.266 Y120.059 E767.11447
G1 X109.566 Y119.455 E767.1369
G1 X109.778 Y118.832 E767.15879
G1 X109.909 Y118.17 E767.18123
G1 X109.951 Y117.501 E767.20353
G1 X109.909 Y116.826 E767.22602
G1 X109.778 Y116.168 E767.24833
G1 X109.566 Y115.541 E767.27035
G1 X109.266 Y114.937 E767.29278
G1 X108.896 Y114.382 E767.31496
G1 X108.454 Y113.874 E767.33736
G1 X107.95 Y113.436 E767.35957
G1 X107.391 Y113.062 E767.38194
G1 X106.786 Y112.765 E767.40436
G1 X106.163 Y112.55 E767.42628
G1 X105.502 Y112.419 E767.44869
G1 X104.831 Y112.377 E767.47105
G1 X104.158 Y112.419 E767.49348
G1 X103.5 Y112.55 E767.51579
G1 X102.873 Y112.762 E767.53781
G1 X102.269 Y113.062 E767.56024
G1 X101.71 Y113.436 E767.58261
G1 X101.206 Y113.874 E767.60482
G1 X100.764 Y114.382 E767.62721
G1 X100.394 Y114.937 E767.6494
G1 X100.094 Y115.541 E767.67183
G1 X99.882 Y116.168 E767.69384
G1 X99.751 Y116.826 E767.71616
G1 X99.709 Y117.501 E767.73865
G1 X99.751 Y118.17 E767.76095
G1 X99.882 Y118.828 E767.78326
G1 X100.094 Y119.455 E767.80527
G1 X100.394 Y120.059 E767.8277
G1 X100.764 Y120.618 E767.85
G1 X101.206 Y121.122 E767.8723
G1 X101.71 Y121.564 E767.89459
G1 X102.269 Y121.934 E767.91689
G1 X102.873 Y122.234 E767.93932
G1 X103.5 Y122.446 E767.96133
G1 X104.159 Y122.577 E767.98368
G1 X104.831 Y122.623 E768.00608
G0 F9000 X105.15 Y122.12
;TYPE:FILL
G1 F600 X100.21 Y117.18 E768.23845
G0 F9000 X100.21 Y117.819
G1 F600 X105.151 Y112.878 E768.47086
G0 F9000 X105.136 Y113.106
G0 X102.43 Y113.808
G0 X102.304 Y113.617
G1 F600 X108.713 Y120.026 E768.77232
G0 F9000 X108.525 Y119.9
G0 X108.523 Y115.098
G0 X108.713 Y114.973
G1 F600 X102.304 Y121.382 E769.07378
G0 F9000 X102.597 Y120.944
;MESH:NONMESH
G0 F300 X102.597 Y120.944 Z20.4
G0 F9000 X104.832 Y121.913
G0 X104.831 Y122.222
;TIME_ELAPSED:1656.629161
;LAYER:101
;note -- min layer time used
;TYPE:WALL-INNER
;MESH:FT10-Input Crank.stl
G1 F600 X105.448 Y122.18 E769.09434
G1 X106.06 Y122.059 E769.11509
G1 X106.633 Y121.864 E769.13523
G1 X107.191 Y121.587 E769.15595
G1 X107.706 Y121.246 E769.17649
G1 X108.17 Y120.838 E769.19704
G1 X108.578 Y120.374 E769.21759
G1 X108.919 Y119.859 E769.23813
G1 X109.196 Y119.301 E769.25885
G1 X109.391 Y118.728 E769.27898
G1 X109.511 Y118.118 E769.29966
G1 X109.549 Y117.501 E769.32022
G1 X109.511 Y116.878 E769.34098
G1 X109.391 Y116.272 E769.36153
G1 X109.196 Y115.695 E769.38179
G1 X108.919 Y115.138 E769.40248
G1 X108.578 Y114.625 E769.42296
G1 X108.17 Y114.158 E769.44359
G1 X107.706 Y113.754 E769.46405
G1 X107.191 Y113.41 E769.48465
G1 X106.632 Y113.135 E769.50537
G1 X106.059 Y112.937 E769.52554
G1 X105.45 Y112.817 E769.54618
G1 X104.831 Y112.778 E769.56681
G1 X104.21 Y112.817 E769.58751
G1 X103.604 Y112.937 E769.60805
G1 X103.027 Y113.132 E769.62831
G1 X102.47 Y113.409 E769.649
G1 X101.954 Y113.754 E769.66964
G1 X101.49 Y114.158 E769.69011
G1 X101.082 Y114.625 E769.71073
G1 X100.741 Y115.138 E769.73122
G1 X100.464 Y115.695 E769.75191
G1 X100.269 Y116.272 E769.77217
G1 X100.149 Y116.878 E769.79272
G1 X100.11 Y117.501 E769.81348
G1 X100.149 Y118.118 E769.83404
G1 X100.269 Y118.724 E769.85459
G1 X100.464 Y119.301 E769.87484
G1 X100.741 Y119.859 E769.89556
G1 X101.082 Y120.374 E769.91611
G1 X101.49 Y120.838 E769.93666
G1 X101.954 Y121.246 E769.95721
G1 X102.469 Y121.587 E769.97775
G1 X103.027 Y121.864 E769.99847
G1 X103.604 Y122.059 E770.01873
G1 X104.212 Y122.18 E770.03935
G1 X104.831 Y122.222 E770.05998
G0 F9000 X104.831 Y122.623
;TYPE:WALL-OUTER
G1 F600 X105.501 Y122.577 E770.08232
G1 X106.164 Y122.446 E770.1048
G1 X106.787 Y122.234 E770.12669
G1 X107.391 Y121.934 E770.14912
G1 X107.95 Y121.564 E770.17141
G1 X108.454 Y121.122 E770.19371
G1 X108.896 Y120.618 E770.21601
G1 X109.266 Y120.059 E770.2383
G1 X109.566 Y119.455 E770.26073
G1 X109.778 Y118.832 E770.28262
G1 X109.909 Y118.17 E770.30507
G1 X109.951 Y117.501 E770.32736
G1 X109.909 Y116.826 E770.34985
G1 X109.778 Y116.168 E770.37217
G1 X109.566 Y115.541 E770.39418
G1 X109.266 Y114.937 E770.41661
G1 X108.896 Y114.382 E770.4388
G1 X108.454 Y113.874 E770.4612
G1 X107.95 Y113.436 E770.4834
G1 X107.391 Y113.062 E770.50577
G1 X106.786 Y112.765 E770.52819
G1 X106.163 Y112.55 E770.55011
G1 X105.502 Y112.419 E770.57252
G1 X104.831 Y112.377 E770.59488
G1 X104.158 Y112.419 E770.61731
G1 X103.5 Y112.55 E770.63963
G1 X102.873 Y112.762 E770.66164
G1 X102.269 Y113.062 E770.68407
G1 X101.71 Y113.436 E770.70644
G1 X101.206 Y113.874 E770.72865
G1 X100.764 Y114.382 E770.75105
G1 X100.394 Y114.937 E770.77323
G1 X100.094 Y115.541 E770.79566
G1 X99.882 Y116.168 E770.81768
G1 X99.751 Y116.826 E770.83999
G1 X99.709 Y117.501 E770.86248
G1 X99.751 Y118.17 E770.88478
G1 X99.882 Y118.828 E770.90709
G1 X100.094 Y119.455 E770.92911
G1 X100.394 Y120.059 E770.95154
G1 X100.764 Y120.618 E770.97384
G1 X101.206 Y121.122 E770.99613
G1 X101.71 Y121.564 E771.01843
G1 X102.269 Y121.934 E771.04072
G1 X102.873 Y122.234 E771.06315
G1 X103.5 Y122.446 E771.08517
G1 X104.159 Y122.577 E771.10752
G1 X104.831 Y122.623 E771.12992
G0 F9000 X105.15 Y122.12
;TYPE:FILL
G1 F600 X100.21 Y117.18 E771.36228
G0 F9000 X100.21 Y117.819
G1 F600 X105.151 Y112.878 E771.59469
G0 F9000 X105.136 Y113.106
G0 X102.43 Y113.808
G0 X102.304 Y113.617
G1 F600 X108.713 Y120.026 E771.89615
G0 F9000 X108.525 Y119.9
G0 X108.523 Y115.098
G0 X108.713 Y114.973
G1 F600 X102.304 Y121.382 E772.19761
G0 F9000 X102.597 Y120.944
;MESH:NONMESH
G0 F300 X102.597 Y120.944 Z20.6
G0 F9000 X104.832 Y121.913
G0 X104.831 Y122.222
;TIME_ELAPSED:1666.859932
;LAYER:102
;note -- min layer time used
;TYPE:WALL-INNER
;MESH:FT10-Input Crank.stl
G1 F600 X105.448 Y122.18 E772.21818
G1 X106.06 Y122.059 E772.23893
G1 X106.633 Y121.864 E772.25906
G1 X107.191 Y121.587 E772.27978
G1 X107.706 Y121.246 E772.30032
G1 X108.17 Y120.838 E772.32087
G1 X108.578 Y120.374 E772.34142
G1 X108.919 Y119.859 E772.36197
G1 X109.196 Y119.301 E772.38269
G1 X109.391 Y118.728 E772.40282
G1 X109.511 Y118.118 E772.4235
G1 X109.549 Y117.501 E772.44406
G1 X109.511 Y116.878 E772.46482
G1 X109.391 Y116.272 E772.48536
G1 X109.196 Y115.695 E772.50562
G1 X108.919 Y115.138 E772.52631
G1 X108.578 Y114.625 E772.5468
G1 X108.17 Y114.158 E772.56742
G1 X107.706 Y113.754 E772.58789
G1 X107.191 Y113.41 E772.60849
G1 X106.632 Y113.135 E772.62921
G1 X106.059 Y112.937 E772.64937
G1 X105.45 Y112.817 E772.67002
G1 X104.831 Y112.778 E772.69064
G1 X104.21 Y112.817 E772.71134
G1 X103.604 Y112.937 E772.73189
G1 X103.027 Y113.132 E772.75214
G1 X102.47 Y113.409 E772.77283
G1 X101.954 Y113.754 E772.79348
G1 X101.49 Y114.158 E772.81394
G1 X101.082 Y114.625 E772.83457
G1 X100.741 Y115.138 E772.85506
G1 X100.464 Y115.695 E772.87575
G1 X100.269 Y116.272 E772.896
G1 X100.149 Y116.878 E772.91655
G1 X100.11 Y117.501 E772.93731
G1 X100.149 Y118.118 E772.95787
G1 X100.269 Y118.724 E772.97842
G1 X100.464 Y119.301 E772.99868
G1 X100.741 Y119.859 E773.0194
G1 X101.082 Y120.374 E773.03994
G1 X101.49 Y120.838 E773.06049
G1 X101.954 Y121.246 E773.08104
G1 X102.469 Y121.587 E773.10159
G1 X103.027 Y121.864 E773.12231
G1 X103.604 Y122.059 E773.14256
G1 X104.212 Y122.18 E773.16318
G1 X104.831 Y122.222 E773.18382
G0 F9000 X104.831 Y122.623
;TYPE:WALL-OUTER
G1 F600 X105.501 Y122.577 E773.20615
G1 X106.164 Y122.446 E773.22863
G1 X106.787 Y122.234 E773.25052
G1 X107.391 Y121.934 E773.27295
G1 X107.95 Y121.564 E773.29525
G1 X108.454 Y121.122 E773.31754
G1 X108.896 Y120.618 E773.33984
G1 X109.266 Y120.059 E773.36214
G1 X109.566 Y119.455 E773.38457
G1 X109.778 Y118.832 E773.40645
G1 X109.909 Y118.17 E773.4289
G1 X109.951 Y117.501 E773.45119
G1 X109.909 Y116.826 E773.47369
G1 X109.778 Y116.168 E773.496
G1 X109.566 Y115.541 E773.51802
G1 X109.266 Y114.937 E773.54045
G1 X108.896 Y114.382 E773.56263
G1 X108.454 Y113.874 E773.58503
G1 X107.95 Y113.436 E773.60724
G1 X107.391 Y113.062 E773.62961
G1 X106.786 Y112.765 E773.65202
G1 X106.163 Y112.55 E773.67394
G1 X105.502 Y112.419 E773.69636
G1 X104.831 Y112.377 E773.71872
G1 X104.158 Y112.419 E773.74115
G1 X103.5 Y112.55 E773.76346
G1 X102.873 Y112.762 E773.78547
G1 X102.269 Y113.062 E773.80791
G1 X101.71 Y113.436 E773.83028
G1 X101.206 Y113.874 E773.85248
G1 X100.764 Y114.382 E773.87488
G1 X100.394 Y114.937 E773.89707
G1 X100.094 Y115.541 E773.9195
G1 X99.882 Y116.168 E773.94151
G1 X99.751 Y116.826 E773.96383
G1 X99.709 Y117.501 E773.98632
G1 X99.751 Y118.17 E774.00861
G1 X99.882 Y118.828 E774.03093
G1 X100.094 Y119.455 E774.05294
G1 X100.394 Y120.059 E774.07537
G1 X100.764 Y120.618 E774.09767
G1 X101.206 Y121.122 E774.11997
G1 X101.71 Y121.564 E774.14226
G1 X102.269 Y121.934 E774.16456
G1 X102.873 Y122.234 E774.18699
G1 X103.5 Y122.446 E774.209
G1 X104.159 Y122.577 E774.23135
G1 X104.831 Y122.623 E774.25375
G0 F9000 X105.15 Y122.12
;TYPE:FILL
G1 F600 X100.21 Y117.18 E774.48612
G0 F9000 X100.21 Y117.819
G1 F600 X105.151 Y112.878 E774.71853
G0 F9000 X105.136 Y113.106
G0 X102.43 Y113.808
G0 X102.304 Y113.617
G1 F600 X108.713 Y120.026 E775.01998
G0 F9000 X108.525 Y119.9
G0 X108.523 Y115.098
G0 X108.713 Y114.973
G1 F600 X102.304 Y121.382 E775.32144
G0 F9000 X102.597 Y120.944
;MESH:NONMESH
G0 F300 X102.597 Y120.944 Z20.8
G0 F9000 X104.832 Y121.913
G0 X104.831 Y122.222
;TIME_ELAPSED:1677.090703
;LAYER:103
;note -- min layer time used
;TYPE:WALL-INNER
;MESH:FT10-Input Crank.stl
G1 F600 X105.448 Y122.18 E775.34201
G1 X106.06 Y122.059 E775.36276
G1 X106.633 Y121.864 E775.38289
G1 X107.191 Y121.587 E775.40361
G1 X107.706 Y121.246 E775.42416
G1 X108.17 Y120.838 E775.44471
G1 X108.578 Y120.374 E775.46526
G1 X108.919 Y119.859 E775.4858
G1 X109.196 Y119.301 E775.50652
G1 X109.391 Y118.728 E775.52665
G1 X109.511 Y118.118 E775.54733
G1 X109.549 Y117.501 E775.56789
G1 X109.511 Y116.878 E775.58865
G1 X109.391 Y116.272 E775.6092
G1 X109.196 Y115.695 E775.62946
G1 X108.919 Y115.138 E775.65015
G1 X108.578 Y114.625 E775.67063
G1 X108.17 Y114.158 E775.69126
G1 X107.706 Y113.754 E775.71172
G1 X107.191 Y113.41 E775.73232
G1 X106.632 Y113.135 E775.75304
G1 X106.059 Y112.937 E775.7732
G1 X105.45 Y112.817 E775.79385
G1 X104.831 Y112.778 E775.81448
G1 X104.21 Y112.817 E775.83517
G1 X103.604 Y112.937 E775.85572
G1 X103.027 Y113.132 E775.87598
G1 X102.47 Y113.409 E775.89667
G1 X101.954 Y113.754 E775.91731
G1 X101.49 Y114.158 E775.93778
G1 X101.082 Y114.625 E775.9584
G1 X100.741 Y115.138 E775.97889
G1 X100.464 Y115.695 E775.99958
G1 X100.269 Y116.272 E776.01984
G1 X100.149 Y116.878 E776.04038
G1 X100.11 Y117.501 E776.06115
G1 X100.149 Y118.118 E776.08171
G1 X100.269 Y118.724 E776.10226
G1 X100.464 Y119.301 E776.12251
G1 X100.741 Y119.859 E776.14323
G1 X101.082 Y120.374 E776.16378
G1 X101.49 Y120.838 E776.18433
G1 X101.954 Y121.246 E776.20488
G1 X102.469 Y121.587 E776.22542
G1 X103.027 Y121.864 E776.24614
G1 X103.604 Y122.059 E776.2664
G1 X104.212 Y122.18 E776.28702
G1 X104.831 Y122.222 E776.30765
G0 F9000 X104.831 Y122.623
;TYPE:WALL-OUTER
G1 F600 X105.501 Y122.577 E776.32999
G1 X106.164 Y122.446 E776.35247
G1 X106.787 Y122.234 E776.37435
G1 X107.391 Y121.934 E776.39679
G1 X107.95 Y121.564 E776.41908
G1 X108.454 Y121.122 E776.44138
G1 X108.896 Y120.618 E776.46367
G1 X109.266 Y120.059 E776.48597
G1 X109.566 Y119.455 E776.5084
G1 X109.778 Y118.832 E776.53029
G1 X109.909 Y118.17 E776.55273
G1 X109.951 Y117.501 E776.57503
G1 X109.909 Y116.826 E776.59752
G1 X109.778 Y116.168 E776.61984
G1 X109.566 Y115.541 E776.64185
G1 X109.266 Y114.937 E776.66428
G1 X108.896 Y114.382 E776.68647
G1 X108.454 Y113.874 E776.70886
G1 X107.95 Y113.436 E776.73107
G1 X107.391 Y113.062 E776.75344
G1 X106.786 Y112.765 E776.77586
G1 X106.163 Y112.55 E776.79778
G1 X105.502 Y112.419 E776.82019
G1 X104.831 Y112.377 E776.84255
G1 X104.158 Y112.419 E776.86498
G1 X103.5 Y112.55 E776.8873
G1 X102.873 Y112.762 E776.90931
G1 X102.269 Y113.062 E776.93174
G1 X101.71 Y113.436 E776.95411
G1 X101.206 Y113.874 E776.97632
G1 X100.764 Y114.382 E776.99871
G1 X100.394 Y114.937 E777.0209
G1 X100.094 Y115.541 E777.04333
G1 X99.882 Y116.168 E777.06534
G1 X99.751 Y116.826 E777.08766
G1 X99.709 Y117.501 E777.11015
G1 X99.751 Y118.17 E777.13245
G1 X99.882 Y118.828 E777.15476
G1 X100.094 Y119.455 E777.17678
G1 X100.394 Y120.059 E777.19921
G1 X100.764 Y120.618 E777.2215
G1 X101.206 Y121.122 E777.2438
G1 X101.71 Y121.564 E777.2661
G1 X102.269 Y121.934 E777.28839
G1 X102.873 Y122.234 E777.31082
G1 X103.5 Y122.446 E777.33284
G1 X104.159 Y122.577 E777.35518
G1 X104.831 Y122.623 E777.37759
G0 F9000 X105.15 Y122.12
;TYPE:FILL
G1 F600 X100.21 Y117.18 E777.60995
G0 F9000 X100.21 Y117.819
G1 F600 X105.151 Y112.878 E777.84236
G0 F9000 X105.136 Y113.106
G0 X102.43 Y113.808
G0 X102.304 Y113.617
G1 F600 X108.713 Y120.026 E778.14382
G0 F9000 X108.525 Y119.9
G0 X108.523 Y115.098
G0 X108.713 Y114.973
G1 F600 X102.304 Y121.382 E778.44528
G0 F9000 X102.597 Y120.944
;MESH:NONMESH
G0 F300 X102.597 Y120.944 Z21
G0 F9000 X104.832 Y121.913
G0 X104.831 Y122.222
;TIME_ELAPSED:1687.321474
;LAYER:104
;note -- min layer time used
;TYPE:WALL-INNER
;MESH:FT10-Input Crank.stl
G1 F600 X105.448 Y122.18 E778.46585
G1 X106.06 Y122.059 E778.4866
G1 X106.633 Y121.864 E778.50673
G1 X107.191 Y121.587 E778.52745
G1 X107.706 Y121.246 E778.54799
G1 X108.17 Y120.838 E778.56854
G1 X108.578 Y120.374 E778.58909
G1 X108.919 Y119.859 E778.60964
G1 X109.196 Y119.301 E778.63036
G1 X109.391 Y118.728 E778.65049
G1 X109.511 Y118.118 E778.67117
G1 X109.549 Y117.501 E778.69173
G1 X109.511 Y116.878 E778.71249
G1 X109.391 Y116.272 E778.73303
G1 X109.196 Y115.695 E778.75329
G1 X108.919 Y115.138 E778.77398
G1 X108.578 Y114.625 E778.79447
G1 X108.17 Y114.158 E778.81509
G1 X107.706 Y113.754 E778.83556
G1 X107.191 Y113.41 E778.85616
G1 X106.632 Y113.135 E778.87688
G1 X106.059 Y112.937 E778.89704
G1 X105.45 Y112.817 E778.91768
G1 X104.831 Y112.778 E778.93831
G1 X104.21 Y112.817 E778.95901
G1 X103.604 Y112.937 E778.97956
G1 X103.027 Y113.132 E778.99981
G1 X102.47 Y113.409 E779.0205
G1 X101.954 Y113.754 E779.04115
G1 X101.49 Y114.158 E779.06161
G1 X101.082 Y114.625 E779.08224
G1 X100.741 Y115.138 E779.10272
G1 X100.464 Y115.695 E779.12341
G1 X100.269 Y116.272 E779.14367
G1 X100.149 Y116.878 E779.16422
G1 X100.11 Y117.501 E779.18498
G1 X100.149 Y118.118 E779.20554
G1 X100.269 Y118.724 E779.22609
G1 X100.464 Y119.301 E779.24635
G1 X100.741 Y119.859 E779.26707
G1 X101.082 Y120.374 E779.28761
G1 X101.49 Y120.838 E779.30816
G1 X101.954 Y121.246 E779.32871
G1 X102.469 Y121.587 E779.34926
G1 X103.027 Y121.864 E779.36998
G1 X103.604 Y122.059 E779.39023
G1 X104.212 Y122.18 E779.41085
G1 X104.831 Y122.222 E779.43149
G0 F9000 X104.831 Y122.623
;TYPE:WALL-OUTER
G1 F600 X105.501 Y122.577 E779.45382
G1 X106.164 Y122.446 E779.4763
G1 X106.787 Y122.234 E779.49819
G1 X107.391 Y121.934 E779.52062
G1 X107.95 Y121.564 E779.54292
G1 X108.454 Y121.122 E779.56521
G1 X108.896 Y120.618 E779.58751
G1 X109.266 Y120.059 E779.6098
G1 X109.566 Y119.455 E779.63224
G1 X109.778 Y118.832 E779.65412
G1 X109.909 Y118.17 E779.67657
G1 X109.951 Y117.501 E779.69886
G1 X109.909 Y116.826 E779.72136
G1 X109.778 Y116.168 E779.74367
G1 X109.566 Y115.541 E779.76569
G1 X109.266 Y114.937 E779.78812
G1 X108.896 Y114.382 E779.8103
G1 X108.454 Y113.874 E779.8327
G1 X107.95 Y113.436 E779.85491
G1 X107.391 Y113.062 E779.87728
G1 X106.786 Y112.765 E779.89969
G1 X106.163 Y112.55 E779.92161
G1 X105.502 Y112.419 E779.94403
G1 X104.831 Y112.377 E779.96639
G1 X104.158 Y112.419 E779.98882
G1 X103.5 Y112.55 E780.01113
G1 X102.873 Y112.762 E780.03314
G1 X102.269 Y113.062 E780.05557
G1 X101.71 Y113.436 E780.07794
G1 X101.206 Y113.874 E780.10015
G1 X100.764 Y114.382 E780.12255
G1 X100.394 Y114.937 E780.14473
G1 X100.094 Y115.541 E780.16717
G1 X99.882 Y116.168 E780.18918
G1 X99.751 Y116.826 E780.21149
G1 X99.709 Y117.501 E780.23399
G1 X99.751 Y118.17 E780.25628
G1 X99.882 Y118.828 E780.2786
G1 X100.094 Y119.455 E780.30061
G1 X100.394 Y120.059 E780.32304
G1 X100.764 Y120.618 E780.34534
G1 X101.206 Y121.122 E780.36763
G1 X101.71 Y121.564 E780.38993
G1 X102.269 Y121.934 E780.41223
G1 X102.873 Y122.234 E780.43466
G1 X103.5 Y122.446 E780.45667
G1 X104.159 Y122.577 E780.47902
G1 X104.831 Y122.623 E780.50142
G0 F9000 X105.15 Y122.12
;TYPE:FILL
G1 F600 X100.21 Y117.18 E780.73378
G0 F9000 X100.21 Y117.819
G1 F600 X105.151 Y112.878 E780.96619
G0 F9000 X105.136 Y113.106
G0 X102.43 Y113.808
G0 X102.304 Y113.617
G1 F600 X108.713 Y120.026 E781.26765
G0 F9000 X108.525 Y119.9
G0 X108.523 Y115.098
G0 X108.713 Y114.973
G1 F600 X102.304 Y121.382 E781.56911
G0 F9000 X102.597 Y120.944
;MESH:NONMESH
G0 F300 X102.597 Y120.944 Z21.2
G0 F9000 X104.832 Y121.913
G0 X104.831 Y122.222
;TIME_ELAPSED:1697.552244
;LAYER:105
;note -- min layer time used
;TYPE:WALL-INNER
;MESH:FT10-Input Crank.stl
G1 F600 X105.448 Y122.18 E781.58968
G1 X106.06 Y122.059 E781.61043
G1 X106.633 Y121.864 E781.63056
G1 X107.191 Y121.587 E781.65128
G1 X107.706 Y121.246 E781.67183
G1 X108.17 Y120.838 E781.69238
G1 X108.578 Y120.374 E781.71293
G1 X108.919 Y119.859 E781.73347
G1 X109.196 Y119.301 E781.75419
G1 X109.391 Y118.728 E781.77432
G1 X109.511 Y118.118 E781.795
G1 X109.549 Y117.501 E781.81556
G1 X109.511 Y116.878 E781.83632
G1 X109.391 Y116.272 E781.85687
G1 X109.196 Y115.695 E781.87712
G1 X108.919 Y115.138 E781.89781
G1 X108.578 Y114.625 E781.9183
G1 X108.17 Y114.158 E781.93893
G1 X107.706 Y113.754 E781.95939
G1 X107.191 Y113.41 E781.97999
G1 X106.632 Y113.135 E782.00071
G1 X106.059 Y112.937 E782.02087
G1 X105.45 Y112.817 E782.04152
G1 X104.831 Y112.778 E782.06215
G1 X104.21 Y112.817 E782.08284
G1 X103.604 Y112.937 E782.10339
G1 X103.027 Y113.132 E782.12365
G1 X102.47 Y113.409 E782.14434
G1 X101.954 Y113.754 E782.16498
G1 X101.49 Y114.158 E782.18545
G1 X101.082 Y114.625 E782.20607
G1 X100.741 Y115.138 E782.22656
G1 X100.464 Y115.695 E782.24725
G1 X100.269 Y116.272 E782.26751
G1 X100.149 Y116.878 E782.28805
G1 X100.11 Y117.501 E782.30881
G1 X100.149 Y118.118 E782.32938
G1 X100.269 Y118.724 E782.34992
G1 X100.464 Y119.301 E782.37018
G1 X100.741 Y119.859 E782.3909
G1 X101.082 Y120.374 E782.41145
G1 X101.49 Y120.838 E782.432
G1 X101.954 Y121.246 E782.45255
G1 X102.469 Y121.587 E782.47309
G1 X103.027 Y121.864 E782.49381
G1 X103.604 Y122.059 E782.51407
G1 X104.212 Y122.18 E782.53469
G1 X104.831 Y122.222 E782.55532
G0 F9000 X104.831 Y122.623
;TYPE:WALL-OUTER
G1 F600 X105.501 Y122.577 E782.57766
G1 X106.164 Y122.446 E782.60014
G1 X106.787 Y122.234 E782.62202
G1 X107.391 Y121.934 E782.64445
G1 X107.95 Y121.564 E782.66675
G1 X108.454 Y121.122 E782.68905
G1 X108.896 Y120.618 E782.71134
G1 X109.266 Y120.059 E782.73364
G1 X109.566 Y119.455 E782.75607
G1 X109.778 Y118.832 E782.77796
G1 X109.909 Y118.17 E782.8004
G1 X109.951 Y117.501 E782.8227
G1 X109.909 Y116.826 E782.84519
G1 X109.778 Y116.168 E782.86751
G1 X109.566 Y115.541 E782.88952
G1 X109.266 Y114.937 E782.91195
G1 X108.896 Y114.382 E782.93414
G1 X108.454 Y113.874 E782.95653
G1 X107.95 Y113.436 E782.97874
G1 X107.391 Y113.062 E783.00111
G1 X106.786 Y112.765 E783.02353
G1 X106.163 Y112.55 E783.04545
G1 X105.502 Y112.419 E783.06786
G1 X104.831 Y112.377 E783.09022
G1 X104.158 Y112.419 E783.11265
G1 X103.5 Y112.55 E783.13496
G1 X102.873 Y112.762 E783.15698
G1 X102.269 Y113.062 E783.17941
G1 X101.71 Y113.436 E783.20178
G1 X101.206 Y113.874 E783.22399
G1 X100.764 Y114.382 E783.24638
G1 X100.394 Y114.937 E783.26857
G1 X100.094 Y115.541 E783.291
G1 X99.882 Y116.168 E783.31301
G1 X99.751 Y116.826 E783.33533
G1 X99.709 Y117.501 E783.35782
G1 X99.751 Y118.17 E783.38012
G1 X99.882 Y118.828 E783.40243
G1 X100.094 Y119.455 E783.42445
G1 X100.394 Y120.059 E783.44688
G1 X100.764 Y120.618 E783.46917
G1 X101.206 Y121.122 E783.49147
G1 X101.71 Y121.564 E783.51377
G1 X102.269 Y121.934 E783.53606
G1 X102.873 Y122.234 E783.55849
G1 X103.5 Y122.446 E783.58051
G1 X104.159 Y122.577 E783.60285
G1 X104.831 Y122.623 E783.62526
G0 F9000 X105.15 Y122.12
;TYPE:FILL
G1 F600 X100.21 Y117.18 E783.85762
G0 F9000 X100.21 Y117.819
G1 F600 X105.151 Y112.878 E784.09003
G0 F9000 X105.136 Y113.106
G0 X102.43 Y113.808
G0 X102.304 Y113.617
G1 F600 X108.713 Y120.026 E784.39149
G0 F9000 X108.525 Y119.9
G0 X108.523 Y115.098
G0 X108.713 Y114.973
G1 F600 X102.304 Y121.382 E784.69295
G0 F9000 X102.597 Y120.944
;MESH:NONMESH
G0 F300 X102.597 Y120.944 Z21.4
G0 F9000 X104.832 Y121.913
G0 X104.831 Y122.222
;TIME_ELAPSED:1707.783015
;LAYER:106
;note -- min layer time used
;TYPE:WALL-INNER
;MESH:FT10-Input Crank.stl
G1 F600 X105.448 Y122.18 E784.71352
G1 X106.06 Y122.059 E784.73427
G1 X106.633 Y121.864 E784.7544
G1 X107.191 Y121.587 E784.77512
G1 X107.706 Y121.246 E784.79566
G1 X108.17 Y120.838 E784.81621
G1 X108.578 Y120.374 E784.83676
G1 X108.919 Y119.859 E784.85731
G1 X109.196 Y119.301 E784.87803
G1 X109.391 Y118.728 E784.89816
G1 X109.511 Y118.118 E784.91883
G1 X109.549 Y117.501 E784.93939
G1 X109.511 Y116.878 E784.96015
G1 X109.391 Y116.272 E784.9807
G1 X109.196 Y115.695 E785.00096
G1 X108.919 Y115.138 E785.02165
G1 X108.578 Y114.625 E785.04214
G1 X108.17 Y114.158 E785.06276
G1 X107.706 Y113.754 E785.08323
G1 X107.191 Y113.41 E785.10382
G1 X106.632 Y113.135 E785.12454
G1 X106.059 Y112.937 E785.14471
G1 X105.45 Y112.817 E785.16535
G1 X104.831 Y112.778 E785.18598
G1 X104.21 Y112.817 E785.20668
G1 X103.604 Y112.937 E785.22722
G1 X103.027 Y113.132 E785.24748
G1 X102.47 Y113.409 E785.26817
G1 X101.954 Y113.754 E785.28882
G1 X101.49 Y114.158 E785.30928
G1 X101.082 Y114.625 E785.3299
G1 X100.741 Y115.138 E785.35039
G1 X100.464 Y115.695 E785.37108
G1 X100.269 Y116.272 E785.39134
G1 X100.149 Y116.878 E785.41189
G1 X100.11 Y117.501 E785.43265
G1 X100.149 Y118.118 E785.45321
G1 X100.269 Y118.724 E785.47376
G1 X100.464 Y119.301 E785.49402
G1 X100.741 Y119.859 E785.51474
G1 X101.082 Y120.374 E785.53528
G1 X101.49 Y120.838 E785.55583
G1 X101.954 Y121.246 E785.57638
G1 X102.469 Y121.587 E785.59692
G1 X103.027 Y121.864 E785.61764
G1 X103.604 Y122.059 E785.6379
G1 X104.212 Y122.18 E785.65852
G1 X104.831 Y122.222 E785.67916
G0 F9000 X104.831 Y122.623
;TYPE:WALL-OUTER
G1 F600 X105.501 Y122.577 E785.70149
G1 X106.164 Y122.446 E785.72397
G1 X106.787 Y122.234 E785.74586
G1 X107.391 Y121.934 E785.76829
G1 X107.95 Y121.564 E785.79059
G1 X108.454 Y121.122 E785.81288
G1 X108.896 Y120.618 E785.83518
G1 X109.266 Y120.059 E785.85747
G1 X109.566 Y119.455 E785.8799
G1 X109.778 Y118.832 E785.90179
G1 X109.909 Y118.17 E785.92424
G1 X109.951 Y117.501 E785.94653
G1 X109.909 Y116.826 E785.96903
G1 X109.778 Y116.168 E785.99134
G1 X109.566 Y115.541 E786.01335
G1 X109.266 Y114.937 E786.03579
G1 X108.896 Y114.382 E786.05797
G1 X108.454 Y113.874 E786.08037
G1 X107.95 Y113.436 E786.10258
G1 X107.391 Y113.062 E786.12495
G1 X106.786 Y112.765 E786.14736
G1 X106.163 Y112.55 E786.16928
G1 X105.502 Y112.419 E786.1917
G1 X104.831 Y112.377 E786.21406
G1 X104.158 Y112.419 E786.23648
G1 X103.5 Y112.55 E786.2588
G1 X102.873 Y112.762 E786.28081
G1 X102.269 Y113.062 E786.30324
G1 X101.71 Y113.436 E786.32561
G1 X101.206 Y113.874 E786.34782
G1 X100.764 Y114.382 E786.37022
G1 X100.394 Y114.937 E786.3924
G1 X100.094 Y115.541 E786.41483
G1 X99.882 Y116.168 E786.43685
G1 X99.751 Y116.826 E786.45916
G1 X99.709 Y117.501 E786.48166
G1 X99.751 Y118.17 E786.50395
G1 X99.882 Y118.828 E786.52627
G1 X100.094 Y119.455 E786.54828
G1 X100.394 Y120.059 E786.57071
G1 X100.764 Y120.618 E786.59301
G1 X101.206 Y121.122 E786.6153
G1 X101.71 Y121.564 E786.6376
G1 X102.269 Y121.934 E786.6599
G1 X102.873 Y122.234 E786.68233
G1 X103.5 Y122.446 E786.70434
G1 X104.159 Y122.577 E786.72669
G1 X104.831 Y122.623 E786.74909
G0 F9000 X105.15 Y122.12
;TYPE:FILL
G1 F600 X100.21 Y117.18 E786.98145
G0 F9000 X100.21 Y117.819
G1 F600 X105.151 Y112.878 E787.21386
G0 F9000 X105.136 Y113.106
G0 X102.43 Y113.808
G0 X102.304 Y113.617
G1 F600 X108.713 Y120.026 E787.51532
G0 F9000 X108.525 Y119.9
G0 X108.523 Y115.098
G0 X108.713 Y114.973
G1 F600 X102.304 Y121.382 E787.81678
G0 F9000 X102.597 Y120.944
;MESH:NONMESH
G0 F300 X102.597 Y120.944 Z21.6
G0 F9000 X104.832 Y121.913
G0 X104.831 Y122.222
;TIME_ELAPSED:1718.013786
;LAYER:107
;note -- min layer time used
;TYPE:WALL-INNER
;MESH:FT10-Input Crank.stl
G1 F600 X105.448 Y122.18 E787.83735
G1 X106.06 Y122.059 E787.8581
G1 X106.633 Y121.864 E787.87823
G1 X107.191 Y121.587 E787.89895
G1 X107.706 Y121.246 E787.9195
G1 X108.17 Y120.838 E787.94005
G1 X108.578 Y120.374 E787.9606
G1 X108.919 Y119.859 E787.98114
G1 X109.196 Y119.301 E788.00186
G1 X109.391 Y118.728 E788.02199
G1 X109.511 Y118.118 E788.04267
G1 X109.549 Y117.501 E788.06323
G1 X109.511 Y116.878 E788.08399
G1 X109.391 Y116.272 E788.10454
G1 X109.196 Y115.695 E788.12479
G1 X108.919 Y115.138 E788.14548
G1 X108.578 Y114.625 E788.16597
G1 X108.17 Y114.158 E788.1866
G1 X107.706 Y113.754 E788.20706
G1 X107.191 Y113.41 E788.22766
G1 X106.632 Y113.135 E788.24838
G1 X106.059 Y112.937 E788.26854
G1 X105.45 Y112.817 E788.28919
G1 X104.831 Y112.778 E788.30982
G1 X104.21 Y112.817 E788.33051
G1 X103.604 Y112.937 E788.35106
G1 X103.027 Y113.132 E788.37132
G1 X102.47 Y113.409 E788.39201
G1 X101.954 Y113.754 E788.41265
G1 X101.49 Y114.158 E788.43311
G1 X101.082 Y114.625 E788.45374
G1 X100.741 Y115.138 E788.47423
G1 X100.464 Y115.695 E788.49492
G1 X100.269 Y116.272 E788.51518
G1 X100.149 Y116.878 E788.53572
G1 X100.11 Y117.501 E788.55648
G1 X100.149 Y118.118 E788.57705
G1 X100.269 Y118.724 E788.59759
G1 X100.464 Y119.301 E788.61785
G1 X100.741 Y119.859 E788.63857
G1 X101.082 Y120.374 E788.65911
G1 X101.49 Y120.838 E788.67966
G1 X101.954 Y121.246 E788.70021
G1 X102.469 Y121.587 E788.72076
G1 X103.027 Y121.864 E788.74148
G1 X103.604 Y122.059 E788.76174
G1 X104.212 Y122.18 E788.78235
G1 X104.831 Y122.222 E788.80299
G0 F9000 X104.831 Y122.623
;TYPE:WALL-OUTER
G1 F600 X105.501 Y122.577 E788.82533
G1 X106.164 Y122.446 E788.8478
G1 X106.787 Y122.234 E788.86969
G1 X107.391 Y121.934 E788.89212
G1 X107.95 Y121.564 E788.91442
G1 X108.454 Y121.122 E788.93672
G1 X108.896 Y120.618 E788.95901
G1 X109.266 Y120.059 E788.98131
G1 X109.566 Y119.455 E789.00374
G1 X109.778 Y118.832 E789.02563
G1 X109.909 Y118.17 E789.04807
G1 X109.951 Y117.501 E789.07037
G1 X109.909 Y116.826 E789.09286
G1 X109.778 Y116.168 E789.11518
G1 X109.566 Y115.541 E789.13719
G1 X109.266 Y114.937 E789.15962
G1 X108.896 Y114.382 E789.18181
G1 X108.454 Y113.874 E789.2042
G1 X107.95 Y113.436 E789.22641
G1 X107.391 Y113.062 E789.24878
G1 X106.786 Y112.765 E789.2712
G1 X106.163 Y112.55 E789.29312
G1 X105.502 Y112.419 E789.31553
G1 X104.831 Y112.377 E789.33789
G1 X104.158 Y112.419 E789.36032
G1 X103.5 Y112.55 E789.38263
G1 X102.873 Y112.762 E789.40465
G1 X102.269 Y113.062 E789.42708
G1 X101.71 Y113.436 E789.44945
G1 X101.206 Y113.874 E789.47166
G1 X100.764 Y114.382 E789.49405
G1 X100.394 Y114.937 E789.51624
G1 X100.094 Y115.541 E789.53867
G1 X99.882 Y116.168 E789.56068
G1 X99.751 Y116.826 E789.583
G1 X99.709 Y117.501 E789.60549
G1 X99.751 Y118.17 E789.62779
G1 X99.882 Y118.828 E789.6501
G1 X100.094 Y119.455 E789.67211
G1 X100.394 Y120.059 E789.69455
G1 X100.764 Y120.618 E789.71684
G1 X101.206 Y121.122 E789.73914
G1 X101.71 Y121.564 E789.76143
G1 X102.269 Y121.934 E789.78373
G1 X102.873 Y122.234 E789.80616
G1 X103.5 Y122.446 E789.82817
G1 X104.159 Y122.577 E789.85052
G1 X104.831 Y122.623 E789.87293
G0 F9000 X105.15 Y122.12
;TYPE:FILL
G1 F600 X100.21 Y117.18 E790.10529
G0 F9000 X100.21 Y117.819
G1 F600 X105.151 Y112.878 E790.3377
G0 F9000 X105.136 Y113.106
G0 X102.43 Y113.808
G0 X102.304 Y113.617
G1 F600 X108.713 Y120.026 E790.63916
G0 F9000 X108.525 Y119.9
G0 X108.523 Y115.098
G0 X108.713 Y114.973
G1 F600 X102.304 Y121.382 E790.94062
G0 F9000 X102.597 Y120.944
;MESH:NONMESH
G0 F300 X102.597 Y120.944 Z21.8
G0 F9000 X104.832 Y121.913
G0 X104.831 Y122.222
;TIME_ELAPSED:1728.244557
;LAYER:108
;note -- min layer time used
;TYPE:WALL-INNER
;MESH:FT10-Input Crank.stl
G1 F648.5 X105.448 Y122.18 E790.96119
G1 X106.06 Y122.059 E790.98193
G1 X106.633 Y121.864 E791.00207
G1 X107.191 Y121.587 E791.02279
G1 X107.706 Y121.246 E791.04333
G1 X108.17 Y120.838 E791.06388
G1 X108.578 Y120.374 E791.08443
G1 X108.919 Y119.859 E791.10497
G1 X109.196 Y119.301 E791.12569
G1 X109.391 Y118.728 E791.14583
G1 X109.511 Y118.118 E791.1665
G1 X109.55 Y117.499 E791.18713
G1 X109.511 Y116.878 E791.20783
G1 X109.391 Y116.272 E791.22837
G1 X109.196 Y115.695 E791.24863
G1 X108.919 Y115.138 E791.26932
G1 X108.578 Y114.625 E791.28981
G1 X108.17 Y114.158 E791.31044
G1 X107.706 Y113.754 E791.3309
G1 X107.191 Y113.41 E791.3515
G1 X106.632 Y113.135 E791.37222
G1 X106.059 Y112.937 E791.39238
G1 X105.45 Y112.817 E791.41303
G1 X104.846 Y112.778 E791.43316
G1 X104.21 Y112.817 E791.45435
G1 X103.604 Y112.937 E791.4749
G1 X103.027 Y113.132 E791.49515
G1 X102.47 Y113.409 E791.51584
G1 X101.954 Y113.754 E791.53649
G1 X101.49 Y114.158 E791.55695
G1 X101.082 Y114.625 E791.57758
G1 X100.741 Y115.138 E791.59807
G1 X100.464 Y115.695 E791.61876
G1 X100.269 Y116.272 E791.63901
G1 X100.149 Y116.879 E791.65959
G1 X100.11 Y117.482 E791.67969
G1 X100.149 Y118.118 E791.70088
G1 X100.269 Y118.724 E791.72143
G1 X100.464 Y119.301 E791.74169
G1 X100.741 Y119.859 E791.76241
G1 X101.082 Y120.374 E791.78295
G1 X101.49 Y120.838 E791.8035
G1 X101.954 Y121.246 E791.82405
G1 X102.469 Y121.587 E791.8446
G1 X103.027 Y121.864 E791.86532
G1 X103.604 Y122.059 E791.88557
G1 X104.212 Y122.18 E791.90619
G1 X104.831 Y122.222 E791.92683
G0 F9000 X104.831 Y122.623
;TYPE:WALL-OUTER
G1 F648.5 X105.501 Y122.577 E791.94916
G1 X106.164 Y122.446 E791.97164
G1 X106.787 Y122.234 E791.99353
G1 X107.391 Y121.934 E792.01596
G1 X107.95 Y121.564 E792.03826
G1 X108.454 Y121.122 E792.06055
G1 X108.896 Y120.618 E792.08285
G1 X109.266 Y120.059 E792.10515
G1 X109.566 Y119.455 E792.12758
G1 X109.778 Y118.832 E792.14946
G1 X109.909 Y118.17 E792.17191
G1 X109.951 Y117.499 E792.19427
G1 X109.909 Y116.826 E792.2167
G1 X109.778 Y116.168 E792.23901
G1 X109.566 Y115.541 E792.26103
G1 X109.266 Y114.937 E792.28346
G1 X108.896 Y114.382 E792.30564
G1 X108.454 Y113.874 E792.32804
G1 X107.95 Y113.436 E792.35025
G1 X107.391 Y113.062 E792.37262
G1 X106.786 Y112.765 E792.39503
G1 X106.163 Y112.55 E792.41695
G1 X105.502 Y112.419 E792.43937
G1 X104.847 Y112.377 E792.4612
G1 X104.158 Y112.419 E792.48416
G1 X103.5 Y112.55 E792.50647
G1 X102.873 Y112.762 E792.52849
G1 X102.269 Y113.062 E792.55092
G1 X101.71 Y113.436 E792.57329
G1 X101.206 Y113.874 E792.59549
G1 X100.764 Y114.382 E792.61789
G1 X100.394 Y114.937 E792.64008
G1 X100.094 Y115.541 E792.66251
G1 X99.882 Y116.168 E792.68452
G1 X99.751 Y116.827 E792.70687
G1 X99.709 Y117.481 E792.72866
G1 X99.751 Y118.17 E792.75162
G1 X99.882 Y118.828 E792.77394
G1 X100.094 Y119.455 E792.79595
G1 X100.394 Y120.059 E792.81838
G1 X100.764 Y120.618 E792.84068
G1 X101.206 Y121.122 E792.86298
G1 X101.71 Y121.564 E792.88527
G1 X102.269 Y121.934 E792.90757
G1 X102.873 Y122.234 E792.93
G1 X103.5 Y122.446 E792.95201
G1 X104.159 Y122.577 E792.97436
G1 X104.831 Y122.623 E792.99676
G0 F9000 X105.15 Y122.12
;TYPE:FILL
G1 F648.5 X100.21 Y117.18 E793.22913
G0 F9000 X100.212 Y117.817
G1 F648.5 X105.152 Y112.877 E793.46149
G0 F9000 X105.137 Y113.106
G0 X106.459 Y113.402
G0 X106.494 Y113.3
G1 F648.5 X107.587 Y116.099 E793.56143
G0 F9000 X106.488 Y117.2
G1 F648.5 X109.331 Y117.2 E793.65599
G0 F9000 X109.226 Y117.206
G0 X108.523 Y115.098
G0 X108.713 Y114.973
G1 F648.5 X102.304 Y121.382 E793.95745
G0 F9000 X102.431 Y121.193
G0 X102.629 Y119.6
G1 F648.5 X100.836 Y119.6 E794.01708
G0 F9000 X100.934 Y119.553
G0 X101.031 Y115.262
G0 X100.939 Y115.2
G1 F648.5 X102.828 Y115.2 E794.07991
G0 F9000 X102.43 Y113.808
G0 X102.304 Y113.617
G1 F648.5 X108.713 Y120.026 E794.38137
G0 F9000 X108.525 Y119.9
G0 X107.512 Y118.827
G1 F648.5 X106.293 Y121.768 E794.48726
G0 F9000 X106.164 Y121.381
;MESH:NONMESH
G0 F300 X106.164 Y121.381 Z22
G0 F9000 X104.832 Y121.913
G0 X104.831 Y122.222
;TIME_ELAPSED:1739.425328
;LAYER:109
;note -- min layer time used
;TYPE:WALL-INNER
;MESH:FT10-Input Crank.stl
G1 F827.2 X105.448 Y122.18 E794.50783
G1 X106.06 Y122.059 E794.52858
G1 X106.633 Y121.864 E794.54871
G1 X107.19 Y121.587 E794.5694
G1 X107.707 Y121.242 E794.59007
G1 X108.16 Y120.849 E794.61002
G1 X108.578 Y120.374 E794.63106
G1 X108.919 Y119.859 E794.65161
G1 X109.196 Y119.301 E794.67233
G1 X109.391 Y118.728 E794.69246
G1 X109.511 Y118.118 E794.71313
G1 X109.55 Y117.501 E794.7337
G1 X109.511 Y116.878 E794.75446
G1 X109.391 Y116.272 E794.77501
G1 X109.196 Y115.695 E794.79526
G1 X108.919 Y115.138 E794.81595
G1 X108.578 Y114.625 E794.83644
G1 X108.17 Y114.158 E794.85707
G1 X107.706 Y113.754 E794.87753
G1 X107.197 Y113.412 E794.89793
G1 X106.641 Y113.136 E794.91857
G1 X106.067 Y112.941 E794.93873
G1 X105.456 Y112.817 E794.95947
G1 X104.835 Y112.778 E794.98017
G1 X104.21 Y112.817 E795.00099
G1 X103.604 Y112.937 E795.02154
G1 X103.027 Y113.132 E795.0418
G1 X102.47 Y113.409 E795.06249
G1 X101.954 Y113.754 E795.08313
G1 X101.49 Y114.158 E795.1036
G1 X101.082 Y114.626 E795.12425
G1 X100.745 Y115.13 E795.14441
G1 X100.468 Y115.687 E795.1651
G1 X100.273 Y116.261 E795.18527
G1 X100.149 Y116.872 E795.206
G1 X100.11 Y117.489 E795.22656
G1 X100.149 Y118.118 E795.24752
G1 X100.269 Y118.724 E795.26807
G1 X100.464 Y119.302 E795.28836
G1 X100.737 Y119.855 E795.30887
G1 X101.074 Y120.363 E795.32915
G1 X101.487 Y120.835 E795.35001
G1 X101.954 Y121.246 E795.3707
G1 X102.469 Y121.587 E795.39124
G1 X103.027 Y121.864 E795.41196
G1 X103.604 Y122.059 E795.43222
G1 X104.212 Y122.18 E795.45284
G1 X104.831 Y122.222 E795.47348
G0 F9000 X104.831 Y122.623
;TYPE:WALL-OUTER
G1 F827.2 X105.501 Y122.577 E795.49581
G1 X106.164 Y122.446 E795.51829
G1 X106.787 Y122.234 E795.54018
G1 X107.391 Y121.934 E795.56261
G1 X107.95 Y121.56 E795.58498
G1 X108.442 Y121.133 E795.60665
G1 X108.896 Y120.618 E795.62948
G1 X109.266 Y120.059 E795.65178
G1 X109.566 Y119.455 E795.67421
G1 X109.778 Y118.832 E795.69609
G1 X109.909 Y118.17 E795.71854
G1 X109.951 Y117.501 E795.74083
G1 X109.909 Y116.826 E795.76333
G1 X109.778 Y116.168 E795.78564
G1 X109.566 Y115.541 E795.80766
G1 X109.266 Y114.937 E795.83009
G1 X108.896 Y114.382 E795.85227
G1 X108.454 Y113.874 E795.87467
G1 X107.95 Y113.436 E795.89688
G1 X107.399 Y113.066 E795.91895
G1 X106.795 Y112.766 E795.94138
G1 X106.171 Y112.554 E795.9633
G1 X105.509 Y112.419 E795.98577
G1 X104.835 Y112.377 E796.00824
G1 X104.158 Y112.419 E796.0308
G1 X103.5 Y112.55 E796.05311
G1 X102.873 Y112.762 E796.07512
G1 X102.269 Y113.062 E796.09756
G1 X101.71 Y113.436 E796.11993
G1 X101.206 Y113.874 E796.14213
G1 X100.764 Y114.382 E796.16453
G1 X100.398 Y114.929 E796.18642
G1 X100.098 Y115.533 E796.20885
G1 X99.886 Y116.157 E796.23077
G1 X99.751 Y116.819 E796.25324
G1 X99.709 Y117.489 E796.27557
G1 X99.751 Y118.17 E796.29826
G1 X99.882 Y118.828 E796.32058
G1 X100.094 Y119.455 E796.34259
G1 X100.39 Y120.055 E796.36484
G1 X100.756 Y120.606 E796.38685
G1 X101.203 Y121.118 E796.40945
G1 X101.71 Y121.564 E796.43191
G1 X102.269 Y121.934 E796.45421
G1 X102.873 Y122.234 E796.47664
G1 X103.5 Y122.446 E796.49865
G1 X104.159 Y122.577 E796.521
G1 X104.831 Y122.623 E796.5434
G1 F2700 E791.5434
G0 F9000 X104.832 Y122.314
G0 X104.238 Y121.981
G0 X104.374 Y121.006
G0 X104.127 Y121.098
;TYPE:FILL
G1 F2700 E796.5434
G1 F827.2 X101.233 Y118.204 E796.67953
G0 F9000 X101.449 Y118.162
G0 X101.447 Y116.84
G0 X101.232 Y116.797
G1 F827.2 X104.13 Y113.899 E796.81584
G0 F9000 X104.172 Y114.116
G0 X103.107 Y114.504
G0 X102.999 Y114.313
G1 F827.2 X108.018 Y119.332 E797.05192
G0 F9000 X107.829 Y119.221
G0 X107.828 Y115.78
G0 X108.017 Y115.669
G1 F827.2 X103 Y120.686 E797.2879
G0 F9000 X103.106 Y120.494
G0 X104.833 Y120.956
G0 X104.828 Y121.799
;TYPE:SKIN
G1 F633.9 X104.263 Y121.76 E797.31248
G1 X103.704 Y121.647 E797.33724
G1 F632.7 X103.193 Y121.473 E797.36071
G1 X102.683 Y121.221 E797.38545
G1 F631.4 X102.208 Y120.907 E797.41026
G1 X101.786 Y120.534 E797.4348
G1 X101.401 Y120.096 E797.46021
G1 X101.104 Y119.649 E797.48359
G1 X100.851 Y119.136 E797.50851
G1 X100.678 Y118.62 E797.53223
G1 X100.565 Y118.062 E797.55703
G1 X100.53 Y117.489 E797.58205
G1 X100.568 Y116.919 E797.60694
G1 X100.681 Y116.365 E797.63157
G1 X100.855 Y115.853 E797.65513
G1 X101.111 Y115.34 E797.68011
G1 X101.42 Y114.875 E797.70444
G1 X101.786 Y114.458 E797.72861
G1 X102.204 Y114.092 E797.75282
G1 X102.68 Y113.771 E797.77784
G1 X103.193 Y113.519 E797.80274
G1 X103.705 Y113.346 E797.82629
G1 X104.262 Y113.233 E797.85105
G1 X104.831 Y113.198 E797.87589
G1 F633.9 X105.397 Y113.236 E797.90051
G1 F631.4 X105.965 Y113.351 E797.92576
G1 F629 X106.475 Y113.523 E797.9493
G1 F631.4 X106.984 Y113.775 E797.97405
G1 F632.7 X107.452 Y114.092 E797.99863
G1 F631.4 X107.866 Y114.454 E798.02259
G1 X108.24 Y114.88 E798.04729
G1 X108.552 Y115.348 E798.0718
G1 X108.806 Y115.86 E798.0967
G1 F633.9 X108.979 Y116.372 E798.12016
G1 F631.4 X109.092 Y116.93 E798.14496
G1 F633.9 X109.127 Y117.485 E798.1691
G1 F635.1 X109.093 Y118.063 E798.19418
G1 F633.9 X108.982 Y118.62 E798.21884
G1 F631.4 X108.806 Y119.134 E798.24251
G1 F633.9 X108.554 Y119.641 E798.26708
G1 X108.239 Y120.117 E798.29186
G1 X107.868 Y120.542 E798.31634
G1 X107.446 Y120.905 E798.3405
G1 X106.976 Y121.222 E798.36511
G1 F632.7 X106.467 Y121.473 E798.38979
G1 F631.4 X105.956 Y121.647 E798.41331
G1 F632.7 X105.393 Y121.76 E798.43828
G1 F633.9 X104.828 Y121.799 E798.46286
G0 F9000 X104.813 Y121.276
G1 F633.9 X105.322 Y121.243 E798.485
G1 F632.7 X105.814 Y121.143 E798.50684
G1 F631.4 X106.272 Y120.988 E798.5279
G1 F632.7 X106.714 Y120.77 E798.54934
G1 F633.9 X107.128 Y120.493 E798.57096
G1 X107.502 Y120.168 E798.59246
G1 X107.826 Y119.798 E798.61381
G1 X108.102 Y119.382 E798.63548
G1 X108.32 Y118.939 E798.65691
G1 F631.4 X108.476 Y118.48 E798.67803
G1 F633.9 X108.577 Y117.989 E798.69979
G1 F635.1 X108.605 Y117.498 E798.72109
G1 F633.9 X108.574 Y117.004 E798.74258
G1 F631.4 X108.475 Y116.514 E798.76436
G1 F633.9 X108.324 Y116.064 E798.78496
G1 F631.4 X108.101 Y115.613 E798.80688
G1 X107.826 Y115.199 E798.82854
G1 X107.499 Y114.828 E798.85009
G1 X107.126 Y114.501 E798.8717
G1 F632.7 X106.722 Y114.228 E798.8929
G1 F631.4 X106.3 Y114.02 E798.9134
G1 F630.2 X105.816 Y113.855 E798.93572
G1 F631.4 X105.324 Y113.753 E798.95762
G1 F633.9 X104.844 Y113.723 E798.97849
G1 F631.4 X104.325 Y113.754 E799.00115
G1 X103.85 Y113.849 E799.02225
G1 X103.396 Y114.003 E799.04314
G1 X102.941 Y114.225 E799.0652
G1 X102.528 Y114.504 E799.08691
G1 X102.155 Y114.829 E799.10847
G1 X101.834 Y115.195 E799.12968
G1 X101.56 Y115.607 E799.15124
G1 X101.34 Y116.051 E799.17283
G1 X101.184 Y116.512 E799.19404
G1 X101.087 Y116.993 E799.21541
G1 X101.055 Y117.484 E799.23685
G1 X101.084 Y117.99 E799.25894
G1 X101.181 Y118.476 E799.28053
G1 X101.335 Y118.932 E799.3015
G1 X101.558 Y119.385 E799.3235
G1 X101.827 Y119.788 E799.34461
G1 X102.158 Y120.165 E799.36647
G1 X102.529 Y120.494 E799.38807
G1 X102.946 Y120.769 E799.40984
G1 F632.7 X103.388 Y120.988 E799.43129
G1 X103.836 Y121.14 E799.45186
G1 X104.328 Y121.241 E799.47371
G1 F633.9 X104.813 Y121.276 E799.49481
G0 F9000 X104.855 Y120.653
G1 F2700 E794.49481
;MESH:NONMESH
G0 F300 X104.855 Y120.653 Z22.2
G0 F9000 X104.833 Y121.036
G0 X104.763 Y122.036
G0 X104.821 Y122.158
;TIME_ELAPSED:1752.073439
;LAYER:110
;note -- min layer time used
;TYPE:WALL-INNER
;MESH:FT10-Input Crank.stl
G1 F2700 E799.49481
G1 F945.3 X105.441 Y122.119 E799.51547
G1 X106.042 Y121.999 E799.53586
G1 X106.609 Y121.804 E799.5558
G1 X107.159 Y121.535 E799.57616
G1 X107.665 Y121.195 E799.59644
G1 X108.126 Y120.791 E799.61683
G1 X108.527 Y120.333 E799.63707
G1 X108.867 Y119.827 E799.65735
G1 X109.136 Y119.278 E799.67768
G1 X109.331 Y118.703 E799.69788
G1 X109.451 Y118.11 E799.718
G1 X109.486 Y117.501 E799.73829
G1 X109.451 Y116.885 E799.75881
G1 X109.335 Y116.3 E799.77865
G1 X109.14 Y115.727 E799.79878
G1 X108.866 Y115.172 E799.81937
G1 X108.537 Y114.673 E799.83925
G1 X108.137 Y114.217 E799.85942
G1 X107.676 Y113.808 E799.87992
G1 X107.171 Y113.469 E799.90015
G1 X106.62 Y113.199 E799.92056
G1 X106.05 Y113.001 E799.94063
G1 X105.44 Y112.88 E799.96131
G1 X104.83 Y112.838 E799.98165
G1 X104.219 Y112.877 E800.00201
G1 X103.621 Y112.997 E800.0223
G1 X103.052 Y113.192 E800.0423
G1 X102.501 Y113.465 E800.06275
G1 X101.994 Y113.802 E800.083
G1 X101.534 Y114.206 E800.10336
G1 X101.134 Y114.662 E800.12354
G1 X100.797 Y115.169 E800.14379
G1 X100.523 Y115.72 E800.16425
G1 X100.329 Y116.289 E800.18425
G1 X100.209 Y116.885 E800.20447
G1 X100.174 Y117.494 E800.22476
G1 X100.213 Y118.11 E800.24529
G1 X100.33 Y118.699 E800.26526
G1 X100.517 Y119.267 E800.28515
G1 X100.794 Y119.824 E800.30584
G1 X101.119 Y120.319 E800.32554
G1 X101.526 Y120.783 E800.34606
G1 X101.984 Y121.188 E800.3664
G1 X102.489 Y121.527 E800.38663
G1 X103.04 Y121.797 E800.40704
G1 X103.611 Y121.995 E800.42714
G1 X104.224 Y122.119 E800.44794
G1 X104.821 Y122.158 E800.46784
G0 F9000 X104.821 Y122.559
;TYPE:WALL-OUTER
G1 F945.3 X105.493 Y122.517 E800.49023
G1 X106.147 Y122.386 E800.51242
G1 X106.763 Y122.174 E800.53408
G1 X107.359 Y121.882 E800.55616
G1 X107.909 Y121.513 E800.57819
G1 X108.41 Y121.074 E800.60034
G1 X108.845 Y120.577 E800.62231
G1 X109.214 Y120.027 E800.64434
G1 X109.506 Y119.431 E800.66641
G1 X109.718 Y118.807 E800.68833
G1 X109.849 Y118.162 E800.71022
G1 X109.887 Y117.501 E800.73225
G1 X109.849 Y116.834 E800.75447
G1 X109.722 Y116.196 E800.7761
G1 X109.51 Y115.573 E800.79799
G1 X109.214 Y114.972 E800.82027
G1 X108.856 Y114.43 E800.84188
G1 X108.421 Y113.934 E800.86382
G1 X107.921 Y113.491 E800.88604
G1 X107.371 Y113.122 E800.90807
G1 X106.774 Y112.829 E800.93019
G1 X106.155 Y112.614 E800.95198
G1 X105.493 Y112.483 E800.97442
G1 X104.831 Y112.437 E800.9965
G1 X104.167 Y112.479 E801.01863
G1 X103.517 Y112.61 E801.04068
G1 X102.898 Y112.822 E801.06244
G1 X102.301 Y113.118 E801.0846
G1 X101.75 Y113.484 E801.1066
G1 X101.25 Y113.922 E801.12871
G1 X100.816 Y114.418 E801.15063
G1 X100.45 Y114.969 E801.17263
G1 X100.153 Y115.566 E801.19481
G1 X99.942 Y116.185 E801.21656
G1 X99.811 Y116.834 E801.23859
G1 X99.773 Y117.495 E801.26061
G1 X99.815 Y118.162 E801.28283
G1 X99.942 Y118.801 E801.3045
G1 X100.146 Y119.419 E801.32615
G1 X100.446 Y120.024 E801.34861
G1 X100.8 Y120.562 E801.37003
G1 X101.242 Y121.066 E801.39233
G1 X101.739 Y121.505 E801.41438
G1 X102.289 Y121.874 E801.43641
G1 X102.886 Y122.167 E801.45853
G1 X103.505 Y122.382 E801.48032
G1 X104.171 Y122.517 E801.50293
G1 X104.821 Y122.559 E801.52459
G1 F2700 E796.52459
G0 F9000 X104.82 Y122.25
G0 X104.25 Y121.921
G0 X104.411 Y120.707
G0 X103.772 Y120.463
G0 X103.699 Y120.67
;TYPE:FILL
G1 F2700 E801.52459
G1 F945.3 X101.661 Y118.632 E801.62045
G0 F9000 X101.87 Y118.562
G0 X101.867 Y116.44
G0 X101.66 Y116.369
G1 F945.3 X103.702 Y114.327 E801.7165
G0 F9000 X103.224 Y114.538
G1 F945.3 X107.793 Y119.107 E801.93141
G0 F9000 X107.597 Y119.01
G0 X107.595 Y115.99
G0 X107.792 Y115.894
G1 F945.3 X103.225 Y120.461 E802.14623
G1 F2700 E797.14623
G0 F9000 X103.324 Y120.265
G0 X104.411 Y120.707
G0 X104.329 Y121.945
G0 X104.821 Y121.795
;TYPE:SKIN
G1 F2700 E802.14623
G1 F945.3 X104.271 Y121.761 E802.16456
G1 X103.702 Y121.647 E802.18386
G1 X103.174 Y121.459 E802.2025
G1 X102.669 Y121.214 E802.22117
G1 X102.207 Y120.901 E802.23973
G1 X101.782 Y120.526 E802.25858
G1 X101.404 Y120.097 E802.2776
G1 X101.106 Y119.648 E802.29552
G1 X100.85 Y119.128 E802.3148
G1 X100.678 Y118.601 E802.33324
G1 X100.571 Y118.065 E802.35142
G1 X100.533 Y117.487 E802.37068
G1 X100.567 Y116.93 E802.38924
G1 X100.678 Y116.376 E802.40804
G1 X100.854 Y115.862 E802.42611
G1 X101.114 Y115.341 E802.44547
G1 X101.416 Y114.886 E802.46364
G1 X101.791 Y114.458 E802.48256
G1 X102.214 Y114.084 E802.50134
G1 X102.68 Y113.778 E802.51988
G1 X103.194 Y113.522 E802.53898
G1 X103.705 Y113.346 E802.55696
G1 X104.267 Y113.231 E802.57604
G1 X104.827 Y113.197 E802.5947
G1 X105.393 Y113.235 E802.61357
G1 X105.954 Y113.35 E802.63261
G1 X106.483 Y113.533 E802.65123
G1 X106.988 Y113.778 E802.6699
G1 X107.453 Y114.091 E802.68854
G1 X107.877 Y114.47 E802.70746
G1 X108.248 Y114.89 E802.7261
G1 X108.554 Y115.352 E802.74453
G1 X108.806 Y115.865 E802.76354
G1 X108.982 Y116.389 E802.78192
G1 X109.093 Y116.926 E802.80016
G1 X109.123 Y117.478 E802.81855
G1 X109.092 Y118.062 E802.838
G1 X108.978 Y118.615 E802.85678
G1 X108.798 Y119.143 E802.87533
G1 X108.558 Y119.639 E802.89366
G1 X108.241 Y120.109 E802.91251
G1 X107.87 Y120.534 E802.93128
G1 X107.441 Y120.909 E802.95023
G1 X106.972 Y121.226 E802.96906
G1 X106.475 Y121.466 E802.98741
G1 X105.947 Y121.65 E803.00601
G1 X105.394 Y121.761 E803.02477
G1 X104.821 Y121.795 E803.04386
G0 F9000 X104.832 Y121.349
G1 F779.6 X104.323 Y121.319 E803.06442
G1 F776.4 X103.809 Y121.215 E803.08566
G1 F779.6 X103.351 Y121.056 E803.10521
G1 F782.9 X102.907 Y120.839 E803.12506
G1 F784.5 X102.475 Y120.551 E803.14587
G1 F789.4 X102.095 Y120.214 E803.1661
G1 F781.2 X101.75 Y119.813 E803.18739
G1 F774.8 X101.487 Y119.422 E803.20651
G1 F778 X101.261 Y118.96 E803.22729
G1 F779.6 X101.106 Y118.497 E803.24698
G1 F781.2 X101.008 Y118.009 E803.26701
G1 X100.975 Y117.495 E803.28774
G1 F779.6 X101.005 Y116.987 E803.30826
G1 F781.2 X101.106 Y116.487 E803.32879
G1 F782.9 X101.26 Y116.037 E803.34789
G1 F784.5 X101.497 Y115.557 E803.36935
G1 F786.1 X101.771 Y115.147 E803.38907
G1 X102.104 Y114.771 E803.40916
G1 F779.6 X102.475 Y114.441 E803.42918
G1 F778 X102.889 Y114.166 E803.44927
G1 F781.2 X103.37 Y113.928 E803.47087
G1 X103.816 Y113.773 E803.48987
G1 F778 X104.325 Y113.671 E803.51085
G1 F774.8 X104.808 Y113.641 E803.53048
G1 F778 X105.331 Y113.673 E803.55166
G1 F786.1 X105.84 Y113.775 E803.57242
G1 F791 X106.324 Y113.943 E803.59278
G1 F787.7 X106.769 Y114.164 E803.61261
G1 F781.2 X107.179 Y114.441 E803.63253
G1 F782.9 X107.551 Y114.768 E803.65242
G1 F787.7 X107.897 Y115.155 E803.67314
G1 F784.5 X108.17 Y115.569 E803.69301
G1 F778 X108.398 Y116.037 E803.71405
G1 F773.2 X108.548 Y116.487 E803.73334
G1 F776.4 X108.651 Y116.983 E803.75385
G1 F789.4 X108.682 Y117.488 E803.774
G1 F791 X108.651 Y118.001 E803.79443
G1 F786.1 X108.547 Y118.505 E803.81501
G1 X108.389 Y118.976 E803.83488
G1 F787.7 X108.18 Y119.405 E803.85393
G1 F792.7 X107.89 Y119.839 E803.87463
G1 F787.7 X107.557 Y120.221 E803.89486
G1 F786.1 X107.17 Y120.558 E803.91538
G1 F784.5 X106.75 Y120.838 E803.93561
G1 F782.9 X106.291 Y121.063 E803.95614
G1 F787.7 X105.829 Y121.224 E803.97567
G1 X105.337 Y121.322 E803.99569
G1 F782.9 X104.832 Y121.349 E804.016
G0 F9000 X104.818 Y120.912
G1 F945.3 X105.277 Y120.887 E804.03129
G1 X105.717 Y120.798 E804.04622
G1 X106.135 Y120.653 E804.06094
G1 X106.528 Y120.46 E804.0755
G1 X106.906 Y120.211 E804.09055
G1 X107.246 Y119.91 E804.10566
G1 X107.551 Y119.564 E804.121
G1 X107.788 Y119.208 E804.13522
G1 X107.981 Y118.812 E804.14987
G1 X108.126 Y118.389 E804.16475
G1 X108.215 Y117.944 E804.17984
G1 X108.245 Y117.495 E804.19481
G1 X108.214 Y117.046 E804.20978
G1 X108.133 Y116.632 E804.22381
G1 X107.986 Y116.202 E804.23892
G1 X107.784 Y115.786 E804.2543
G1 X107.542 Y115.421 E804.26887
G1 X107.251 Y115.091 E804.2835
G1 X106.913 Y114.793 E804.29849
G1 X106.552 Y114.549 E804.31298
G1 X106.149 Y114.348 E804.32796
G1 X105.716 Y114.199 E804.34319
G1 X105.275 Y114.113 E804.35814
G1 X104.842 Y114.084 E804.37257
G1 X104.387 Y114.113 E804.38773
G1 X103.941 Y114.199 E804.40284
G1 X103.529 Y114.342 E804.41735
G1 X103.12 Y114.542 E804.43249
G1 X102.756 Y114.786 E804.44706
G1 X102.412 Y115.088 E804.46229
G1 X102.117 Y115.422 E804.47711
G1 X101.879 Y115.783 E804.49149
G1 X101.674 Y116.197 E804.50686
G1 X101.534 Y116.602 E804.52111
G1 X101.447 Y117.041 E804.536
G1 X101.416 Y117.478 E804.55057
G1 X101.444 Y117.93 E804.56563
G1 X101.527 Y118.359 E804.58016
G1 X101.674 Y118.797 E804.59553
G1 X101.874 Y119.208 E804.61073
G1 X102.114 Y119.561 E804.62493
G1 X102.411 Y119.907 E804.64009
G1 X102.751 Y120.209 E804.65522
G1 X103.109 Y120.447 E804.66952
G1 X103.516 Y120.648 E804.68462
G1 X103.941 Y120.793 E804.69955
G1 X104.388 Y120.883 E804.71472
G1 X104.818 Y120.912 E804.72905
G0 F9000 X104.856 Y120.352
G1 F2700 E799.72905
;MESH:NONMESH
G0 F300 X104.856 Y120.352 Z22.4
G0 F9000 X104.835 Y120.734
G0 X104.912 Y121.953
G0 X104.831 Y121.854
;TIME_ELAPSED:1764.483184
;LAYER:111
;note -- min layer time used
;TYPE:WALL-INNER
;MESH:FT10-Input Crank.stl
G1 F2700 E804.72905
G1 F863.6 X105.402 Y121.819 E804.74808
G1 X105.964 Y121.707 E804.76714
G1 X106.494 Y121.528 E804.78574
G1 X107.006 Y121.275 E804.80474
G1 X107.481 Y120.955 E804.82379
G1 X107.91 Y120.578 E804.84278
G1 X108.286 Y120.15 E804.86173
G1 X108.603 Y119.674 E804.88075
G1 X108.856 Y119.164 E804.89969
G1 X109.039 Y118.631 E804.91843
G1 X109.151 Y118.07 E804.93746
G1 X109.186 Y117.5 E804.95645
G1 X109.151 Y116.926 E804.97558
G1 X109.039 Y116.366 E804.99457
G1 X108.857 Y115.836 E805.01321
G1 X108.603 Y115.321 E805.03231
G1 X108.286 Y114.846 E805.05131
G1 X107.91 Y114.418 E805.07025
G1 X107.482 Y114.042 E805.0892
G1 X107.007 Y113.725 E805.1082
G1 X106.492 Y113.471 E805.1273
G1 X105.962 Y113.289 E805.14593
G1 X105.402 Y113.177 E805.16493
G1 X104.831 Y113.142 E805.18396
G1 X104.258 Y113.177 E805.20305
G1 X103.696 Y113.289 E805.22211
G1 X103.167 Y113.468 E805.24068
G1 X102.65 Y113.724 E805.25987
G1 X102.179 Y114.041 E805.27875
G1 X101.75 Y114.418 E805.29775
G1 X101.374 Y114.846 E805.3167
G1 X101.057 Y115.322 E805.33572
G1 X100.8 Y115.836 E805.35483
G1 X100.621 Y116.364 E805.37338
G1 X100.509 Y116.926 E805.39244
G1 X100.474 Y117.499 E805.41153
G1 X100.509 Y118.07 E805.43056
G1 X100.621 Y118.63 E805.44955
G1 X100.803 Y119.16 E805.46819
G1 X101.057 Y119.675 E805.48729
G1 X101.374 Y120.15 E805.50628
G1 X101.75 Y120.578 E805.52523
G1 X102.178 Y120.954 E805.54418
G1 X102.653 Y121.271 E805.56317
G1 X103.168 Y121.524 E805.58226
G1 X103.698 Y121.707 E805.60091
G1 X104.258 Y121.819 E805.6199
G1 X104.831 Y121.854 E805.63899
G0 F9000 X104.831 Y122.255
;TYPE:WALL-OUTER
G1 F863.6 X105.454 Y122.217 E805.65975
G1 X106.068 Y122.094 E805.68058
G1 X106.647 Y121.898 E805.70091
G1 X107.207 Y121.622 E805.72168
G1 X107.725 Y121.273 E805.74245
G1 X108.194 Y120.862 E805.76319
G1 X108.604 Y120.394 E805.78389
G1 X108.95 Y119.875 E805.80463
G1 X109.226 Y119.318 E805.82531
G1 X109.426 Y118.735 E805.84581
G1 X109.549 Y118.122 E805.8666
G1 X109.587 Y117.5 E805.88733
G1 X109.549 Y116.874 E805.90819
G1 X109.426 Y116.261 E805.92898
G1 X109.227 Y115.682 E805.94935
G1 X108.95 Y115.121 E805.97016
G1 X108.604 Y114.602 E805.9909
G1 X108.194 Y114.134 E806.0116
G1 X107.726 Y113.724 E806.03229
G1 X107.207 Y113.378 E806.05304
G1 X106.646 Y113.101 E806.07385
G1 X106.067 Y112.902 E806.09421
G1 X105.454 Y112.779 E806.11501
G1 X104.831 Y112.741 E806.13576
G1 X104.206 Y112.779 E806.15659
G1 X103.592 Y112.902 E806.17742
G1 X103.013 Y113.098 E806.19775
G1 X102.449 Y113.378 E806.21869
G1 X101.935 Y113.723 E806.23928
G1 X101.466 Y114.134 E806.26002
G1 X101.056 Y114.602 E806.28072
G1 X100.71 Y115.121 E806.30146
G1 X100.43 Y115.682 E806.32232
G1 X100.234 Y116.26 E806.34262
G1 X100.111 Y116.874 E806.36345
G1 X100.073 Y117.499 E806.38427
G1 X100.111 Y118.122 E806.40503
G1 X100.234 Y118.735 E806.42583
G1 X100.433 Y119.314 E806.44619
G1 X100.71 Y119.875 E806.467
G1 X101.056 Y120.394 E806.48774
G1 X101.466 Y120.862 E806.50844
G1 X101.934 Y121.272 E806.52913
G1 X102.453 Y121.618 E806.54988
G1 X103.014 Y121.894 E806.57067
G1 X103.593 Y122.094 E806.59105
G1 X104.206 Y122.217 E806.61184
G1 X104.831 Y122.255 E806.63267
G1 F2700 E801.63267
G0 F9000 X104.832 Y121.949
G0 X103.75 Y121.514
G0 X104.071 Y120.332
G0 X103.548 Y120.04
G0 X103.45 Y120.236
;TYPE:FILL
G1 F2700 E806.63267
G1 F863.6 X107.567 Y116.119 E806.82632
G0 F9000 X107.371 Y116.215
G0 X107.373 Y118.785
G0 X107.569 Y118.883
G1 F863.6 X103.449 Y114.763 E807.02011
G0 F9000 X102.979 Y115.05
G1 F863.6 X102.385 Y115.644 E807.04805
G0 F9000 X102.566 Y115.766
G0 X102.094 Y116.708
G0 X102 Y116.675
G1 F863.6 X102 Y118.319 E807.10273
G0 F9000 X102.094 Y118.288
G0 X102.571 Y119.239
G0 X102.388 Y119.358
G1 F863.6 X102.972 Y119.942 E807.1302
G1 F2700 E802.1302
G0 F9000 X103.094 Y119.761
G0 X104.453 Y120.409
G0 X104.375 Y121.644
G0 X104.828 Y121.491
;TYPE:SKIN
G1 F2700 E807.1302
G1 F863.6 X104.302 Y121.461 E807.14772
G1 X103.79 Y121.358 E807.1651
G1 X103.306 Y121.187 E807.18217
G1 X102.832 Y120.958 E807.19968
G1 X102.398 Y120.664 E807.21711
G1 X102.003 Y120.321 E807.23451
G1 X101.66 Y119.926 E807.25191
G1 X101.37 Y119.492 E807.26927
G1 X101.138 Y119.018 E807.28682
G1 X100.97 Y118.535 E807.30383
G1 X100.868 Y118.021 E807.32126
G1 X100.833 Y117.496 E807.33876
G1 X100.867 Y116.971 E807.35626
G1 X100.974 Y116.441 E807.37424
G1 X101.129 Y115.981 E807.39039
G1 X101.374 Y115.489 E807.40867
G1 X101.656 Y115.07 E807.42547
G1 X102.002 Y114.67 E807.44306
G1 X102.399 Y114.327 E807.46051
G1 X102.83 Y114.034 E807.47784
G1 X103.309 Y113.798 E807.4956
G1 X103.784 Y113.638 E807.51227
G1 X104.303 Y113.535 E807.52987
G1 X104.828 Y113.501 E807.54737
G1 X105.353 Y113.535 E807.56487
G1 X105.867 Y113.638 E807.5823
G1 X106.35 Y113.806 E807.59931
G1 X106.823 Y114.038 E807.61684
G1 X107.258 Y114.328 E807.63422
G1 X107.654 Y114.67 E807.65163
G1 X107.996 Y115.066 E807.66903
G1 X108.29 Y115.501 E807.68649
G1 X108.519 Y115.97 E807.70385
G1 X108.69 Y116.457 E807.72102
G1 X108.793 Y116.97 E807.73842
G1 X108.823 Y117.496 E807.75595
G1 X108.792 Y118.021 E807.77344
G1 X108.686 Y118.539 E807.79102
G1 X108.522 Y119.023 E807.80802
G1 X108.29 Y119.491 E807.82539
G1 X107.997 Y119.926 E807.84284
G1 X107.653 Y120.322 E807.86028
G1 X107.257 Y120.669 E807.8778
G1 X106.823 Y120.962 E807.89521
G1 X106.351 Y121.194 E807.91271
G1 X105.875 Y121.354 E807.92941
G1 X105.354 Y121.461 E807.9471
G1 X104.828 Y121.491 E807.96462
G0 F9000 X104.84 Y121.049
G1 F718.2 X104.362 Y121.021 E807.98377
G1 F713.7 X103.904 Y120.931 E808.00256
G1 F719.7 X103.484 Y120.784 E808.02032
G1 F718.2 X103.061 Y120.577 E808.03915
G1 F716.7 X102.666 Y120.314 E808.05817
G1 F718.2 X102.307 Y119.997 E808.07733
G1 F716.7 X102.011 Y119.661 E808.09527
G1 F718.2 X101.75 Y119.268 E808.11414
G1 F715.2 X101.554 Y118.871 E808.13192
G1 F712.2 X101.401 Y118.429 E808.15079
G1 F713.7 X101.305 Y117.975 E808.16946
G1 X101.275 Y117.508 E808.18829
G1 F710.8 X101.306 Y117.028 E808.20773
G1 F713.7 X101.401 Y116.547 E808.22746
G1 F716.7 X101.524 Y116.186 E808.24275
G1 F715.2 X101.758 Y115.706 E808.26419
G1 X102.003 Y115.339 E808.28192
G1 F712.2 X102.316 Y114.985 E808.30097
G1 F716.7 X102.674 Y114.67 E808.32008
G1 X103.051 Y114.419 E808.33824
G1 F707.9 X103.481 Y114.205 E808.35773
G1 F713.7 X103.89 Y114.065 E808.37512
G1 F718.2 X104.353 Y113.972 E808.39401
G1 F713.7 X104.812 Y113.943 E808.41252
G1 F715.2 X105.296 Y113.971 E808.43199
G1 F716.7 X105.748 Y114.066 E808.4505
G1 F718.2 X106.18 Y114.213 E808.46875
G1 F721.2 X106.592 Y114.415 E808.48703
G1 F719.7 X106.976 Y114.667 E808.50536
G1 F718.2 X107.352 Y114.995 E808.52532
G1 X107.645 Y115.334 E808.54324
G1 F716.7 X107.902 Y115.719 E808.56179
G1 F710.8 X108.103 Y116.127 E808.58017
G1 F713.7 X108.264 Y116.576 E808.59937
G1 F719.7 X108.354 Y117.023 E808.61756
G1 F716.7 X108.377 Y117.48 E808.6359
G1 F718.2 X108.353 Y117.961 E808.65517
G1 F721.2 X108.255 Y118.433 E808.67437
G1 F716.7 X108.116 Y118.847 E808.69187
G1 F721.2 X107.91 Y119.268 E808.71054
G1 F725.7 X107.65 Y119.654 E808.72896
G1 X107.34 Y120.012 E808.7477
G1 F727.2 X106.986 Y120.319 E808.76621
G1 F719.7 X106.598 Y120.579 E808.78485
G1 F713.7 X106.176 Y120.788 E808.8038
G1 F716.7 X105.776 Y120.923 E808.82072
G1 F718.2 X105.298 Y121.02 E808.84023
G1 F719.7 X104.84 Y121.049 E808.85854
G0 F9000 X104.823 Y120.612
G1 F863.6 X105.231 Y120.586 E808.87214
G1 X105.627 Y120.509 E808.88556
G1 X106.019 Y120.378 E808.89931
G1 X106.405 Y120.187 E808.91363
G1 X106.713 Y119.978 E808.92601
G1 X107.036 Y119.7 E808.94018
G1 X107.289 Y119.407 E808.95306
G1 X107.528 Y119.058 E808.96713
G1 X107.706 Y118.688 E808.98079
G1 X107.834 Y118.313 E808.99396
G1 X107.919 Y117.907 E809.00776
G1 X107.94 Y117.503 E809.02122
G1 X107.918 Y117.093 E809.03487
G1 X107.837 Y116.693 E809.04845
G1 X107.71 Y116.322 E809.06149
G1 X107.515 Y115.928 E809.07611
G1 X107.296 Y115.602 E809.08917
G1 X107.03 Y115.294 E809.10271
G1 X106.725 Y115.028 E809.11617
G1 X106.387 Y114.805 E809.12964
G1 X106.015 Y114.622 E809.14343
G1 X105.639 Y114.494 E809.15664
G1 X105.233 Y114.409 E809.17043
G1 X104.837 Y114.384 E809.18363
G1 X104.428 Y114.41 E809.19726
G1 X104.017 Y114.491 E809.21119
G1 X103.644 Y114.618 E809.2243
G1 X103.281 Y114.801 E809.23782
G1 X102.937 Y115.025 E809.25147
G1 X102.636 Y115.289 E809.26479
G1 X102.356 Y115.606 E809.27886
G1 X102.145 Y115.925 E809.29158
G1 X101.95 Y116.317 E809.30614
G1 X101.826 Y116.674 E809.31871
G1 X101.743 Y117.089 E809.33279
G1 X101.716 Y117.482 E809.34589
G1 X101.742 Y117.898 E809.35975
G1 X101.826 Y118.304 E809.37354
G1 X101.954 Y118.687 E809.38697
G1 X102.132 Y119.049 E809.40039
G1 X102.358 Y119.388 E809.41394
G1 X102.629 Y119.697 E809.42761
G1 X102.934 Y119.967 E809.44116
G1 X103.272 Y120.19 E809.45463
G1 X103.646 Y120.377 E809.46853
G1 X104.02 Y120.506 E809.48169
G1 X104.416 Y120.585 E809.49512
G1 X104.823 Y120.612 E809.50869
G0 F9000 X104.86 Y120.052
G1 F2700 E804.50869
;MESH:NONMESH
G0 F300 X104.86 Y120.052 Z22.6
G0 F9000 X104.835 Y120.433
G0 X104.757 Y121.668
G0 X104.831 Y121.554
;TIME_ELAPSED:1776.969608
;LAYER:112
;note -- min layer time used
;TYPE:WALL-INNER
;MESH:FT10-Input Crank.stl
G1 F2700 E809.50869
G1 F776 X105.361 Y121.52 E809.52635
G1 X105.888 Y121.415 E809.54423
G1 X106.381 Y121.248 E809.56154
G1 X106.859 Y121.011 E809.57928
G1 X107.298 Y120.718 E809.59684
G1 X107.699 Y120.366 E809.61459
G1 X108.05 Y119.966 E809.63229
G1 X108.343 Y119.527 E809.64984
G1 X108.58 Y119.049 E809.66759
G1 X108.747 Y118.556 E809.6849
G1 X108.851 Y118.029 E809.70276
G1 X108.886 Y117.499 E809.72043
G1 X108.852 Y116.967 E809.73816
G1 X108.747 Y116.444 E809.7559
G1 X108.58 Y115.951 E809.77322
G1 X108.343 Y115.474 E809.79093
G1 X108.046 Y115.03 E809.8087
G1 X107.698 Y114.63 E809.82633
G1 X107.298 Y114.282 E809.84397
G1 X106.856 Y113.986 E809.86166
G1 X106.377 Y113.752 E809.87939
G1 X105.882 Y113.581 E809.89681
G1 X105.361 Y113.477 E809.91448
G1 X104.831 Y113.442 E809.93215
G1 X104.299 Y113.477 E809.94988
G1 X103.775 Y113.581 E809.96765
G1 X103.278 Y113.748 E809.98508
G1 X102.803 Y113.984 E810.00273
G1 X102.362 Y114.282 E810.02043
G1 X101.961 Y114.631 E810.03811
G1 X101.61 Y115.03 E810.05578
G1 X101.317 Y115.472 E810.07342
G1 X101.08 Y115.951 E810.0912
G1 X100.913 Y116.444 E810.10851
G1 X100.809 Y116.967 E810.12625
G1 X100.774 Y117.497 E810.14391
G1 X100.809 Y118.029 E810.16164
G1 X100.913 Y118.552 E810.17938
G1 X101.08 Y119.045 E810.19669
G1 X101.317 Y119.522 E810.21441
G1 X101.614 Y119.966 E810.23217
G1 X101.962 Y120.366 E810.24981
G1 X102.362 Y120.714 E810.26744
G1 X102.806 Y121.011 E810.28521
G1 X103.283 Y121.248 E810.30293
G1 X103.776 Y121.415 E810.32024
G1 X104.299 Y121.519 E810.33797
G1 X104.831 Y121.554 E810.35571
G0 F9000 X104.831 Y121.955
;TYPE:WALL-OUTER
G1 F776 X105.413 Y121.917 E810.3751
G1 X105.992 Y121.802 E810.39474
G1 X106.535 Y121.618 E810.41381
G1 X107.059 Y121.358 E810.43326
G1 X107.542 Y121.036 E810.45257
G1 X107.982 Y120.65 E810.47204
G1 X108.368 Y120.21 E810.49151
G1 X108.69 Y119.727 E810.51081
G1 X108.95 Y119.203 E810.53027
G1 X109.134 Y118.66 E810.54934
G1 X109.249 Y118.081 E810.56897
G1 X109.287 Y117.499 E810.58837
G1 X109.249 Y116.915 E810.60784
G1 X109.134 Y116.34 E810.62734
G1 X108.95 Y115.797 E810.64641
G1 X108.69 Y115.273 E810.66586
G1 X108.364 Y114.786 E810.68536
G1 X107.982 Y114.346 E810.70474
G1 X107.542 Y113.964 E810.72412
G1 X107.056 Y113.638 E810.74358
G1 X106.531 Y113.382 E810.76301
G1 X105.987 Y113.194 E810.78215
G1 X105.413 Y113.079 E810.80162
G1 X104.831 Y113.041 E810.82102
G1 X104.247 Y113.079 E810.84048
G1 X103.672 Y113.194 E810.85999
G1 X103.125 Y113.378 E810.87918
G1 X102.601 Y113.638 E810.89864
G1 X102.118 Y113.964 E810.91802
G1 X101.678 Y114.347 E810.93742
G1 X101.292 Y114.786 E810.95687
G1 X100.97 Y115.272 E810.97626
G1 X100.71 Y115.797 E810.99574
G1 X100.526 Y116.34 E811.01481
G1 X100.411 Y116.915 E811.03431
G1 X100.373 Y117.497 E811.05371
G1 X100.411 Y118.081 E811.07318
G1 X100.526 Y118.656 E811.09268
G1 X100.71 Y119.199 E811.11175
G1 X100.97 Y119.723 E811.13121
G1 X101.296 Y120.21 E811.1507
G1 X101.678 Y120.65 E811.17008
G1 X102.118 Y121.032 E811.18946
G1 X102.605 Y121.358 E811.20895
G1 X103.129 Y121.618 E811.22841
G1 X103.672 Y121.802 E811.24747
G1 X104.247 Y121.917 E811.26698
G1 X104.831 Y121.955 E811.28644
G1 F2700 E806.28644
G0 F9000 X104.833 Y121.647
G0 X104.326 Y121.321
G0 X104.491 Y120.11
G0 X103.771 Y119.815
G0 X103.675 Y120.012
;TYPE:FILL
G1 F2700 E811.28644
G1 F776 X107.342 Y116.344 E811.45895
G0 F9000 X107.146 Y116.44
G0 X107.148 Y118.56
G0 X107.344 Y118.658
G1 F776 X103.674 Y114.988 E811.63158
G1 F2700 E806.63158
G0 F9000 X103.769 Y115.185
G0 X104.834 Y120.132
G0 X104.752 Y121.367
G0 X104.828 Y121.191
;TYPE:SKIN
G1 F2700 E811.63158
G1 F776 X104.343 Y121.16 E811.64774
G1 X103.861 Y121.062 E811.6641
G1 X103.425 Y120.914 E811.67941
G1 X102.985 Y120.698 E811.69572
G1 X102.579 Y120.425 E811.71199
G1 X102.218 Y120.11 E811.72792
G1 X101.903 Y119.749 E811.74386
G1 X101.626 Y119.339 E811.76032
G1 X101.41 Y118.903 E811.7765
G1 X101.262 Y118.463 E811.79194
G1 X101.163 Y117.981 E811.80831
G1 X101.133 Y117.492 E811.8246
G1 X101.163 Y117.011 E811.84063
G1 X101.262 Y116.529 E811.857
G1 X101.41 Y116.093 E811.87231
G1 X101.63 Y115.648 E811.88882
G1 X101.892 Y115.25 E811.90467
G1 X102.218 Y114.883 E811.921
G1 X102.578 Y114.567 E811.93693
G1 X102.985 Y114.294 E811.95323
G1 X103.417 Y114.082 E811.96923
G1 X103.861 Y113.93 E811.98484
G1 X104.343 Y113.831 E812.00121
G1 X104.828 Y113.801 E812.01737
G1 X105.313 Y113.831 E812.03353
G1 X105.787 Y113.93 E812.04964
G1 X106.247 Y114.086 E812.06579
G1 X106.667 Y114.294 E812.08138
G1 X107.082 Y114.572 E812.098
G1 X107.442 Y114.886 E812.11388
G1 X107.752 Y115.243 E812.12961
G1 X108.03 Y115.653 E812.14609
G1 X108.246 Y116.093 E812.16239
G1 X108.401 Y116.557 E812.17866
G1 X108.493 Y117.011 E812.19407
G1 X108.523 Y117.492 E812.2101
G1 X108.492 Y117.981 E812.22639
G1 X108.394 Y118.468 E812.24291
G1 X108.246 Y118.907 E812.25832
G1 X108.03 Y119.343 E812.27451
G1 X107.76 Y119.746 E812.29064
G1 X107.442 Y120.11 E812.30672
G1 X107.078 Y120.429 E812.32281
G1 X106.675 Y120.698 E812.33893
G1 X106.239 Y120.914 E812.35511
G1 X105.8 Y121.062 E812.37052
G1 X105.313 Y121.161 E812.38705
G1 X104.828 Y121.191 E812.40321
G0 F9000 X104.84 Y120.748
G1 F646.7 X104.4 Y120.721 E812.42081
G1 F648 X104.029 Y120.646 E812.43588
G1 F646.7 X103.596 Y120.505 E812.45406
G1 F641.3 X103.195 Y120.307 E812.47206
G1 F642.6 X102.846 Y120.074 E812.48891
G1 F644 X102.531 Y119.797 E812.50572
G1 F645.3 X102.249 Y119.479 E812.52272
G1 X102.013 Y119.122 E812.53984
G1 F638.7 X101.814 Y118.718 E812.55804
G1 F636.1 X101.693 Y118.358 E812.57345
G1 X101.602 Y117.92 E812.5916
G1 F634.8 X101.577 Y117.504 E812.60854
G1 F633.5 X101.604 Y117.068 E812.62634
G1 F634.8 X101.691 Y116.636 E812.64426
G1 F637.4 X101.814 Y116.271 E812.65986
G1 X102.006 Y115.881 E812.67746
G1 F638.7 X102.237 Y115.526 E812.69458
G1 F644 X102.514 Y115.207 E812.71151
G1 X102.847 Y114.917 E812.72921
G1 F640 X103.205 Y114.679 E812.74654
G1 X103.585 Y114.492 E812.76362
G1 F642.6 X103.972 Y114.357 E812.78008
G1 F641.3 X104.392 Y114.27 E812.79735
G1 F637.4 X104.812 Y114.245 E812.81438
G1 F640 X105.267 Y114.271 E812.83276
G1 F641.3 X105.679 Y114.358 E812.84971
G1 F638.7 X106.058 Y114.489 E812.86591
G1 F641.3 X106.443 Y114.677 E812.88316
G1 F645.3 X106.814 Y114.923 E812.90096
G1 F646.7 X107.118 Y115.187 E812.91703
G1 F648 X107.396 Y115.502 E812.93376
G1 F646.7 X107.636 Y115.856 E812.95083
G1 F644 X107.837 Y116.264 E812.96906
G1 F641.3 X107.962 Y116.636 E812.98486
G1 X108.053 Y117.068 E813.00262
G1 F645.3 X108.079 Y117.477 E813.01901
G1 F646.7 X108.053 Y117.921 E813.03677
G1 F649.4 X107.965 Y118.366 E813.0548
G1 F646.7 X107.84 Y118.731 E813.07019
G1 F644 X107.652 Y119.111 E813.08719
G1 F650.7 X107.435 Y119.439 E813.10278
G1 F649.4 X107.133 Y119.794 E813.12131
G1 F646.7 X106.821 Y120.068 E813.13788
G1 X106.452 Y120.315 E813.1556
G1 X106.065 Y120.507 E813.17285
G1 F649.4 X105.693 Y120.633 E813.18846
G1 F648 X105.262 Y120.72 E813.20597
G1 F646.7 X104.84 Y120.748 E813.22285
G0 F9000 X104.817 Y120.312
G1 F776 X105.179 Y120.288 E813.23492
G1 X105.567 Y120.213 E813.24806
G1 X105.902 Y120.101 E813.25981
G1 X106.226 Y119.94 E813.27184
G1 X106.545 Y119.728 E813.28458
G1 X106.812 Y119.495 E813.29637
G1 X107.071 Y119.2 E813.30942
G1 X107.264 Y118.909 E813.32104
G1 X107.43 Y118.572 E813.33353
G1 X107.546 Y118.233 E813.34545
G1 X107.619 Y117.861 E813.35806
G1 X107.64 Y117.504 E813.36995
G1 X107.618 Y117.134 E813.38228
G1 X107.544 Y116.77 E813.39464
G1 X107.43 Y116.435 E813.40641
G1 X107.26 Y116.087 E813.41929
G1 X107.058 Y115.783 E813.43143
G1 X106.821 Y115.513 E813.44338
G1 X106.53 Y115.26 E813.4562
G1 X106.235 Y115.067 E813.46793
G1 X105.913 Y114.908 E813.47987
G1 X105.566 Y114.786 E813.4921
G1 X105.192 Y114.709 E813.5048
G1 X104.84 Y114.688 E813.51653
G1 X104.466 Y114.71 E813.52899
G1 X104.1 Y114.783 E813.54141
G1 X103.755 Y114.902 E813.55354
G1 X103.422 Y115.065 E813.56588
G1 X103.12 Y115.266 E813.57794
G1 X102.839 Y115.509 E813.5903
G1 X102.599 Y115.784 E813.60244
G1 X102.404 Y116.082 E813.61428
G1 X102.233 Y116.423 E813.62697
G1 X102.118 Y116.768 E813.63907
G1 X102.042 Y117.134 E813.6515
G1 X102.02 Y117.483 E813.66313
G1 X102.041 Y117.861 E813.67572
G1 X102.116 Y118.224 E813.68805
G1 X102.233 Y118.573 E813.70029
G1 X102.393 Y118.899 E813.71237
G1 X102.601 Y119.214 E813.72493
G1 X102.842 Y119.486 E813.73701
G1 X103.114 Y119.727 E813.7491
G1 X103.414 Y119.924 E813.76104
G1 X103.765 Y120.098 E813.77407
G1 X104.097 Y120.213 E813.78575
G1 X104.457 Y120.285 E813.79796
G1 X104.817 Y120.312 E813.80997
G0 F9000 X104.855 Y119.751
G1 F2700 E808.80997
;MESH:NONMESH
G0 F300 X104.855 Y119.751 Z22.8
G0 F9000 X104.834 Y120.132
G0 X104.752 Y121.367
G0 X104.835 Y121.254
;TIME_ELAPSED:1789.123488
;LAYER:113
;note -- min layer time used
;TYPE:WALL-INNER
;MESH:FT10-Input Crank.stl
G1 F2700 E813.80997
G1 F907.1 X105.325 Y121.223 E813.8263
G1 X105.806 Y121.127 E813.84261
G1 X106.266 Y120.968 E813.8588
G1 X106.707 Y120.754 E813.87511
G1 X107.113 Y120.479 E813.89142
G1 X107.487 Y120.153 E813.90792
G1 X107.81 Y119.786 E813.92418
G1 X108.082 Y119.376 E813.94054
G1 X108.301 Y118.932 E813.95701
G1 X108.459 Y118.474 E813.97312
G1 X108.555 Y117.996 E813.98934
G1 X108.582 Y117.503 E814.00576
G1 X108.551 Y117.006 E814.02232
G1 X108.455 Y116.52 E814.0388
G1 X108.3 Y116.066 E814.05476
G1 X108.082 Y115.62 E814.07127
G1 X107.811 Y115.215 E814.08747
G1 X107.487 Y114.847 E814.10378
G1 X107.113 Y114.521 E814.12028
G1 X106.706 Y114.245 E814.13664
G1 X106.262 Y114.028 E814.15308
G1 X105.808 Y113.873 E814.16903
G1 X105.32 Y113.776 E814.18558
G1 X104.831 Y113.742 E814.20188
G1 X104.34 Y113.776 E814.21825
G1 X103.852 Y113.873 E814.2348
G1 X103.394 Y114.028 E814.25088
G1 X102.953 Y114.245 E814.26723
G1 X102.546 Y114.518 E814.28353
G1 X102.174 Y114.842 E814.29994
G1 X101.85 Y115.214 E814.31635
G1 X101.577 Y115.621 E814.33265
G1 X101.36 Y116.062 E814.349
G1 X101.205 Y116.52 E814.36508
G1 X101.109 Y117.006 E814.38155
G1 X101.078 Y117.499 E814.39798
G1 X101.109 Y117.99 E814.41435
G1 X101.205 Y118.476 E814.43082
G1 X101.36 Y118.934 E814.44691
G1 X101.577 Y119.375 E814.46325
G1 X101.85 Y119.782 E814.47955
G1 X102.174 Y120.154 E814.49596
G1 X102.546 Y120.478 E814.51237
G1 X102.952 Y120.75 E814.52862
G1 X103.398 Y120.968 E814.54513
G1 X103.852 Y121.123 E814.56109
G1 X104.34 Y121.22 E814.57764
G1 X104.835 Y121.254 E814.59414
G0 F9000 X104.833 Y121.655
;TYPE:WALL-OUTER
G1 F907.1 X105.377 Y121.621 E814.61227
G1 X105.911 Y121.514 E814.63038
G1 X106.419 Y121.338 E814.64826
G1 X106.907 Y121.102 E814.66629
G1 X107.357 Y120.797 E814.68437
G1 X107.77 Y120.437 E814.7026
G1 X108.128 Y120.03 E814.72063
G1 X108.43 Y119.576 E814.73876
G1 X108.671 Y119.086 E814.75692
G1 X108.846 Y118.579 E814.77476
G1 X108.953 Y118.046 E814.79284
G1 X108.983 Y117.501 E814.811
G1 X108.949 Y116.954 E814.82923
G1 X108.842 Y116.416 E814.84747
G1 X108.67 Y115.913 E814.86515
G1 X108.43 Y115.42 E814.88339
G1 X108.129 Y114.971 E814.90137
G1 X107.77 Y114.563 E814.91944
G1 X107.357 Y114.203 E814.93767
G1 X106.907 Y113.898 E814.95575
G1 X106.415 Y113.658 E814.97395
G1 X105.912 Y113.486 E814.99163
G1 X105.373 Y113.379 E815.00991
G1 X104.831 Y113.341 E815.02798
G1 X104.287 Y113.379 E815.04612
G1 X103.748 Y113.486 E815.0644
G1 X103.241 Y113.658 E815.0822
G1 X102.753 Y113.898 E815.10029
G1 X102.302 Y114.2 E815.11834
G1 X101.89 Y114.558 E815.1365
G1 X101.532 Y114.97 E815.15465
G1 X101.23 Y115.421 E815.17271
G1 X100.99 Y115.909 E815.19079
G1 X100.818 Y116.416 E815.2086
G1 X100.711 Y116.954 E815.22684
G1 X100.677 Y117.499 E815.24501
G1 X100.711 Y118.042 E815.2631
G1 X100.818 Y118.58 E815.28135
G1 X100.99 Y119.087 E815.29915
G1 X101.23 Y119.575 E815.31724
G1 X101.532 Y120.026 E815.33529
G1 X101.89 Y120.438 E815.35345
G1 X102.302 Y120.796 E815.3716
G1 X102.752 Y121.098 E815.38963
G1 X103.245 Y121.338 E815.40786
G1 X103.748 Y121.51 E815.42554
G1 X104.287 Y121.617 E815.44382
G1 X104.833 Y121.655 E815.46202
G0 F9000 X104.837 Y120.891
;TYPE:SKIN
G1 F907.1 X104.383 Y120.861 E815.47716
G1 X103.941 Y120.77 E815.49217
G1 X103.533 Y120.63 E815.50651
G1 X103.136 Y120.438 E815.52118
G1 X102.762 Y120.188 E815.53614
G1 X102.431 Y119.898 E815.55078
G1 X102.14 Y119.562 E815.56556
G1 X101.886 Y119.187 E815.58063
G1 X101.694 Y118.795 E815.59515
G1 X101.554 Y118.388 E815.60946
G1 X101.467 Y117.942 E815.62458
G1 X101.437 Y117.497 E815.63941
G1 X101.467 Y117.051 E815.65428
G1 X101.554 Y116.608 E815.66929
G1 X101.69 Y116.205 E815.68344
G1 X101.89 Y115.801 E815.69843
G1 X102.14 Y115.426 E815.71342
G1 X102.43 Y115.094 E815.72809
G1 X102.762 Y114.804 E815.74275
G1 X103.133 Y114.558 E815.75755
G1 X103.537 Y114.358 E815.77255
G1 X103.937 Y114.222 E815.7866
G1 X104.382 Y114.131 E815.80171
G1 X104.828 Y114.105 E815.81656
G1 X105.273 Y114.131 E815.83139
G1 X105.715 Y114.222 E815.8464
G1 X106.127 Y114.362 E815.86087
G1 X106.511 Y114.55 E815.87509
G1 X106.897 Y114.811 E815.89059
G1 X107.226 Y115.098 E815.90511
G1 X107.521 Y115.435 E815.92001
G1 X107.77 Y115.805 E815.93484
G1 X107.962 Y116.201 E815.94948
G1 X108.102 Y116.609 E815.96383
G1 X108.193 Y117.051 E815.97884
G1 X108.219 Y117.505 E815.99396
G1 X108.196 Y117.95 E816.00878
G1 X108.11 Y118.379 E816.02333
G1 X107.967 Y118.79 E816.03781
G1 X107.77 Y119.192 E816.0527
G1 X107.521 Y119.565 E816.06761
G1 X107.226 Y119.897 E816.08238
G1 X106.901 Y120.181 E816.09674
G1 X106.519 Y120.442 E816.11213
G1 X106.123 Y120.635 E816.12678
G1 X105.711 Y120.778 E816.14128
G1 X105.278 Y120.865 E816.15597
G1 X104.837 Y120.891 E816.17067
G0 F9000 X104.818 Y121.152
G0 X105.763 Y120.972
G0 X106.625 Y120.615
G0 X107.374 Y120.039
G0 X107.834 Y119.436
G0 X108.335 Y118.525
G0 X107.9 Y118.375
G1 F907.1 X105.705 Y120.569 E816.27389
G0 F9000 X105.029 Y120.68
G1 F907.1 X108.008 Y117.7 E816.41404
G0 F9000 X107.997 Y117.146
G1 F907.1 X104.476 Y120.667 E816.57965
G0 F9000 X103.998 Y120.579
G1 F907.1 X107.91 Y116.667 E816.76366
G0 F9000 X107.762 Y116.25
G1 F907.1 X103.58 Y120.432 E816.96037
G0 F9000 X103.203 Y120.243
G1 F907.1 X107.574 Y115.872 E817.16597
G0 F9000 X107.343 Y115.537
G1 F907.1 X102.866 Y120.014 E817.37655
G0 F9000 X102.566 Y119.749
G1 F907.1 X107.079 Y115.235 E817.58885
G0 F9000 X106.777 Y114.971
G1 F907.1 X102.304 Y119.445 E817.79927
G0 F9000 X102.074 Y119.109
G1 F907.1 X106.44 Y114.743 E818.00464
G0 F9000 X106.065 Y114.553
G1 F907.1 X101.886 Y118.731 E818.20118
G0 F9000 X101.743 Y118.308
G1 F907.1 X105.641 Y114.411 E818.38451
G0 F9000 X105.162 Y114.324
G1 F907.1 X101.66 Y117.826 E818.54923
G0 F9000 X101.654 Y117.267
G1 F907.1 X104.602 Y114.318 E818.68792
G0 F9000 X103.914 Y114.44
G1 F907.1 X101.775 Y116.58 E818.78856
;MESH:NONMESH
G0 F300 X101.775 Y116.58 Z23
G0 F9000 X101.341 Y116.433
G0 X101.238 Y117.499
G0 X101.361 Y118.435
G0 X101.717 Y119.293
G0 X102.288 Y120.04
G0 X103.033 Y120.611
G0 X103.731 Y120.899
G0 X104.818 Y121.152
G0 X104.833 Y120.95
;TIME_ELAPSED:1800.849170
;LAYER:114
;note -- min layer time used
;TYPE:WALL-INNER
;MESH:FT10-Input Crank.stl
G1 F793 X105.287 Y120.923 E818.80368
G1 X105.732 Y120.835 E818.81877
G1 X106.148 Y120.692 E818.8334
G1 X106.555 Y120.491 E818.8485
G1 X106.935 Y120.238 E818.86368
G1 X107.278 Y119.939 E818.87882
G1 X107.566 Y119.607 E818.89343
G1 X107.823 Y119.222 E818.90883
G1 X108.024 Y118.816 E818.9239
G1 X108.167 Y118.399 E818.93856
G1 X108.255 Y117.955 E818.95362
G1 X108.282 Y117.501 E818.96874
G1 X108.255 Y117.048 E818.98384
G1 X108.163 Y116.6 E818.99905
G1 X108.024 Y116.183 E819.01367
G1 X107.82 Y115.774 E819.02887
G1 X107.566 Y115.394 E819.04407
G1 X107.274 Y115.061 E819.0588
G1 X106.93 Y114.758 E819.07405
G1 X106.553 Y114.508 E819.08909
G1 X106.147 Y114.303 E819.10422
G1 X105.73 Y114.162 E819.11886
G1 X105.283 Y114.077 E819.134
G1 X104.829 Y114.046 E819.14913
G1 X104.374 Y114.073 E819.16429
G1 X103.932 Y114.161 E819.17928
G1 X103.511 Y114.304 E819.19407
G1 X103.105 Y114.505 E819.20914
G1 X102.725 Y114.758 E819.22432
G1 X102.383 Y115.056 E819.23941
G1 X102.094 Y115.393 E819.25417
G1 X101.836 Y115.775 E819.26951
G1 X101.636 Y116.179 E819.2845
G1 X101.493 Y116.6 E819.29929
G1 X101.405 Y117.042 E819.31428
G1 X101.378 Y117.493 E819.3293
G1 X101.408 Y117.952 E819.3446
G1 X101.498 Y118.398 E819.35974
G1 X101.636 Y118.817 E819.37441
G1 X101.84 Y119.221 E819.38946
G1 X102.094 Y119.603 E819.40472
G1 X102.386 Y119.939 E819.41952
G1 X102.73 Y120.239 E819.43471
G1 X103.107 Y120.491 E819.44979
G1 X103.511 Y120.692 E819.4648
G1 X103.932 Y120.835 E819.47958
G1 X104.377 Y120.923 E819.49467
G1 X104.833 Y120.95 E819.50987
G0 F9000 X104.833 Y121.351
;TYPE:WALL-OUTER
G1 F793 X105.338 Y121.321 E819.52669
G1 X105.836 Y121.222 E819.54358
G1 X106.302 Y121.062 E819.55997
G1 X106.755 Y120.838 E819.57677
G1 X107.178 Y120.556 E819.59368
G1 X107.562 Y120.222 E819.61061
G1 X107.884 Y119.85 E819.62697
G1 X108.17 Y119.423 E819.64407
G1 X108.394 Y118.97 E819.66088
G1 X108.554 Y118.503 E819.6773
G1 X108.653 Y118.006 E819.69415
G1 X108.683 Y117.501 E819.71098
G1 X108.653 Y116.995 E819.72784
G1 X108.55 Y116.496 E819.74478
G1 X108.394 Y116.029 E819.76116
G1 X108.166 Y115.573 E819.77811
G1 X107.884 Y115.15 E819.79502
G1 X107.558 Y114.778 E819.81148
G1 X107.174 Y114.44 E819.82849
G1 X106.755 Y114.162 E819.84521
G1 X106.302 Y113.933 E819.8621
G1 X105.832 Y113.774 E819.8786
G1 X105.334 Y113.679 E819.89546
G1 X104.831 Y113.645 E819.91223
G1 X104.322 Y113.675 E819.92919
G1 X103.828 Y113.774 E819.94595
G1 X103.357 Y113.934 E819.96249
G1 X102.905 Y114.158 E819.97927
G1 X102.482 Y114.44 E819.99618
G1 X102.099 Y114.774 E820.01308
G1 X101.776 Y115.15 E820.02957
G1 X101.49 Y115.573 E820.04655
G1 X101.266 Y116.025 E820.06333
G1 X101.106 Y116.496 E820.07987
G1 X101.007 Y116.99 E820.09663
G1 X100.977 Y117.495 E820.11346
G1 X101.011 Y118.005 E820.13046
G1 X101.11 Y118.5 E820.14725
G1 X101.266 Y118.971 E820.16375
G1 X101.494 Y119.423 E820.18059
G1 X101.776 Y119.846 E820.1975
G1 X102.102 Y120.222 E820.21405
G1 X102.486 Y120.557 E820.231
G1 X102.905 Y120.838 E820.24778
G1 X103.357 Y121.062 E820.26455
G1 X103.828 Y121.222 E820.2811
G1 X104.326 Y121.321 E820.29799
G1 X104.833 Y121.351 E820.31488
G0 F9000 X104.832 Y120.587
;TYPE:SKIN
G1 F793 X104.422 Y120.565 E820.32854
G1 X104.021 Y120.482 E820.34216
G1 X103.653 Y120.358 E820.35507
G1 X103.285 Y120.178 E820.3687
G1 X102.947 Y119.949 E820.38228
G1 X102.642 Y119.682 E820.39576
G1 X102.384 Y119.386 E820.40882
G1 X102.146 Y119.031 E820.42303
G1 X101.974 Y118.687 E820.43583
G1 X101.846 Y118.299 E820.44941
G1 X101.763 Y117.905 E820.46281
G1 X101.737 Y117.489 E820.47667
G1 X101.763 Y117.083 E820.4902
G1 X101.842 Y116.688 E820.5036
G1 X101.966 Y116.322 E820.51645
G1 X102.146 Y115.961 E820.52987
G1 X102.38 Y115.61 E820.5439
G1 X102.643 Y115.306 E820.55727
G1 X102.946 Y115.04 E820.57068
G1 X103.284 Y114.818 E820.58413
G1 X103.653 Y114.634 E820.59784
G1 X104.02 Y114.51 E820.61073
G1 X104.419 Y114.431 E820.62426
G1 X104.823 Y114.405 E820.63772
G1 X105.242 Y114.435 E820.65169
G1 X105.636 Y114.51 E820.66503
G1 X106.01 Y114.637 E820.67817
G1 X106.371 Y114.818 E820.6916
G1 X106.701 Y115.035 E820.70474
G1 X107.013 Y115.314 E820.71866
G1 X107.277 Y115.615 E820.73197
G1 X107.499 Y115.946 E820.74523
G1 X107.695 Y116.33 E820.75957
G1 X107.81 Y116.677 E820.77173
G1 X107.897 Y117.094 E820.7859
G1 X107.919 Y117.501 E820.79945
G1 X107.897 Y117.91 E820.81308
G1 X107.814 Y118.307 E820.82657
G1 X107.69 Y118.675 E820.83948
G1 X107.51 Y119.039 E820.85299
G1 X107.277 Y119.385 E820.86686
G1 X107.021 Y119.679 E820.87983
G1 X106.713 Y119.953 E820.89354
G1 X106.372 Y120.177 E820.90711
G1 X106.007 Y120.354 E820.9206
G1 X105.634 Y120.482 E820.93372
G1 X105.241 Y120.565 E820.94708
G1 X104.832 Y120.587 E820.9607
G0 F9000 X104.816 Y120.848
G0 X103.573 Y120.543
G0 X102.828 Y120.111
G0 X102.338 Y119.621
G0 X101.698 Y118.683
G0 X102.135 Y118.539
G1 F793 X103.788 Y120.193 E821.03848
G0 F9000 X104.532 Y120.371
G1 F793 X101.957 Y117.796 E821.1596
G0 F9000 X101.954 Y117.228
G1 F793 X105.099 Y120.372 E821.3075
G0 F9000 X105.581 Y120.289
G1 F793 X102.036 Y116.743 E821.47427
G0 F9000 X102.185 Y116.328
G1 F793 X105.995 Y120.137 E821.65346
G0 F9000 X106.365 Y119.942
G1 F793 X102.386 Y115.962 E821.84064
G0 F9000 X102.622 Y115.633
G1 F793 X106.693 Y119.703 E822.03211
G0 F9000 X106.979 Y119.424
G1 F793 X102.901 Y115.346 E822.22392
G0 F9000 X103.221 Y115.1
G1 F793 X107.226 Y119.105 E822.41231
G0 F9000 X107.432 Y118.746
G1 F793 X103.581 Y114.894 E822.59347
G0 F9000 X103.986 Y114.734
G1 F793 X107.592 Y118.34 E822.76308
G0 F9000 X107.699 Y117.881
G1 F793 X104.447 Y114.63 E822.91603
G0 F9000 X105.002 Y114.618
G1 F793 X107.71 Y117.327 E823.04342
G0 F9000 X107.587 Y116.638
G1 F793 X105.688 Y114.739 E823.13275
;MESH:NONMESH
G0 F300 X105.688 Y114.739 Z23.2
G0 F9000 X105.835 Y114.304
G0 X106.832 Y114.886
G0 X107.438 Y115.492
G0 X107.875 Y116.244
G0 X108.095 Y117.07
G0 X108.095 Y117.934
G0 X107.875 Y118.754
G0 X107.438 Y119.509
G0 X106.837 Y120.11
G0 X106.086 Y120.543
G0 X104.818 Y120.848
G0 X104.831 Y120.65
;TIME_ELAPSED:1812.311726
;LAYER:115
;note -- min layer time used
;TYPE:WALL-INNER
;MESH:FT10-Input Crank.stl
G1 F683.5 X105.245 Y120.623 E823.14655
G1 X105.651 Y120.543 E823.16031
G1 X106.034 Y120.412 E823.17377
G1 X106.407 Y120.231 E823.18756
G1 X106.748 Y120 E823.20126
G1 X107.058 Y119.727 E823.215
G1 X107.331 Y119.417 E823.22874
G1 X107.559 Y119.075 E823.24241
G1 X107.744 Y118.702 E823.25626
G1 X107.871 Y118.324 E823.26952
G1 X107.955 Y117.908 E823.28364
G1 X107.982 Y117.497 E823.29734
G1 X107.955 Y117.089 E823.31094
G1 X107.871 Y116.677 E823.32492
G1 X107.743 Y116.297 E823.33826
G1 X107.559 Y115.922 E823.35215
G1 X107.331 Y115.583 E823.36574
G1 X107.058 Y115.271 E823.37953
G1 X106.746 Y114.998 E823.39332
G1 X106.405 Y114.768 E823.407
G1 X106.032 Y114.584 E823.42083
G1 X105.651 Y114.453 E823.43423
G1 X105.245 Y114.373 E823.44799
G1 X104.831 Y114.346 E823.46179
G1 X104.415 Y114.373 E823.47566
G1 X104.009 Y114.453 E823.48942
G1 X103.628 Y114.584 E823.50282
G1 X103.253 Y114.769 E823.51673
G1 X102.911 Y114.998 E823.53042
G1 X102.602 Y115.27 E823.54411
G1 X102.329 Y115.579 E823.55783
G1 X102.101 Y115.921 E823.5715
G1 X101.916 Y116.295 E823.58537
G1 X101.789 Y116.669 E823.59851
G1 X101.705 Y117.088 E823.61272
G1 X101.678 Y117.497 E823.62636
G1 X101.705 Y117.913 E823.64022
G1 X101.785 Y118.319 E823.65399
G1 X101.916 Y118.7 E823.66739
G1 X102.101 Y119.075 E823.68129
G1 X102.329 Y119.417 E823.69496
G1 X102.601 Y119.725 E823.70863
G1 X102.913 Y119.998 E823.72242
G1 X103.258 Y120.228 E823.73621
G1 X103.629 Y120.413 E823.75
G1 X104.009 Y120.543 E823.76336
G1 X104.415 Y120.623 E823.77712
G1 X104.831 Y120.65 E823.79099
G0 F9000 X104.831 Y121.051
;TYPE:WALL-OUTER
G1 F683.5 X105.297 Y121.021 E823.80652
G1 X105.755 Y120.93 E823.82205
G1 X106.187 Y120.782 E823.83724
G1 X106.607 Y120.578 E823.85277
G1 X106.993 Y120.317 E823.86826
G1 X107.342 Y120.01 E823.88372
G1 X107.649 Y119.661 E823.89918
G1 X107.906 Y119.275 E823.91461
G1 X108.114 Y118.855 E823.9302
G1 X108.258 Y118.428 E823.94518
G1 X108.353 Y117.961 E823.96104
G1 X108.383 Y117.497 E823.9765
G1 X108.353 Y117.035 E823.9919
G1 X108.258 Y116.573 E824.00759
G1 X108.114 Y116.145 E824.02261
G1 X107.906 Y115.721 E824.03831
G1 X107.649 Y115.339 E824.05363
G1 X107.342 Y114.987 E824.06916
G1 X106.99 Y114.68 E824.0847
G1 X106.607 Y114.422 E824.10006
G1 X106.186 Y114.214 E824.11567
G1 X105.755 Y114.066 E824.13083
G1 X105.297 Y113.975 E824.14636
G1 X104.831 Y113.945 E824.16189
G1 X104.363 Y113.975 E824.17749
G1 X103.905 Y114.066 E824.19302
G1 X103.474 Y114.214 E824.20818
G1 X103.053 Y114.422 E824.2238
G1 X102.667 Y114.68 E824.23924
G1 X102.318 Y114.986 E824.25468
G1 X102.011 Y115.335 E824.27014
G1 X101.754 Y115.721 E824.28556
G1 X101.546 Y116.141 E824.30115
G1 X101.402 Y116.565 E824.31604
G1 X101.307 Y117.035 E824.33199
G1 X101.277 Y117.497 E824.34739
G1 X101.307 Y117.965 E824.36299
G1 X101.398 Y118.423 E824.37852
G1 X101.546 Y118.854 E824.39367
G1 X101.754 Y119.275 E824.40929
G1 X102.011 Y119.661 E824.42472
G1 X102.318 Y120.009 E824.44015
G1 X102.67 Y120.316 E824.45569
G1 X103.057 Y120.574 E824.47116
G1 X103.474 Y120.783 E824.48667
G1 X103.905 Y120.93 E824.50182
G1 X104.363 Y121.021 E824.51735
G1 X104.831 Y121.051 E824.53294
G0 F9000 X104.828 Y120.287
;TYPE:SKIN
G1 F683.5 X104.459 Y120.265 E824.54524
G1 X104.098 Y120.19 E824.5575
G1 X103.774 Y120.079 E824.56889
G1 X103.433 Y119.91 E824.58155
G1 X103.126 Y119.704 E824.59385
G1 X102.861 Y119.473 E824.60554
G1 X102.607 Y119.189 E824.61821
G1 X102.415 Y118.9 E824.62975
G1 X102.25 Y118.559 E824.64235
G1 X102.134 Y118.223 E824.65418
G1 X102.063 Y117.865 E824.66631
G1 X102.037 Y117.497 E824.67858
G1 X102.063 Y117.135 E824.69066
G1 X102.138 Y116.752 E824.70364
G1 X102.245 Y116.438 E824.71467
G1 X102.418 Y116.093 E824.72751
G1 X102.608 Y115.806 E824.73895
G1 X102.858 Y115.522 E824.75154
G1 X103.13 Y115.284 E824.76356
G1 X103.433 Y115.082 E824.77567
G1 X103.766 Y114.918 E824.78802
G1 X104.102 Y114.802 E824.79984
G1 X104.459 Y114.727 E824.81197
G1 X104.827 Y114.705 E824.82423
G1 X105.197 Y114.731 E824.83657
G1 X105.555 Y114.802 E824.84871
G1 X105.891 Y114.918 E824.86053
G1 X106.223 Y115.078 E824.87279
G1 X106.521 Y115.283 E824.88482
G1 X106.802 Y115.527 E824.8972
G1 X107.045 Y115.803 E824.90943
G1 X107.246 Y116.101 E824.92139
G1 X107.41 Y116.436 E824.93379
G1 X107.518 Y116.761 E824.94518
G1 X107.597 Y117.135 E824.9579
G1 X107.619 Y117.495 E824.96989
G1 X107.597 Y117.853 E824.98182
G1 X107.518 Y118.236 E824.99483
G1 X107.41 Y118.559 E825.00616
G1 X107.242 Y118.895 E825.01865
G1 X107.044 Y119.194 E825.03058
G1 X106.802 Y119.47 E825.04279
G1 X106.529 Y119.709 E825.05485
G1 X106.215 Y119.922 E825.06747
G1 X105.899 Y120.078 E825.0792
G1 X105.564 Y120.19 E825.09094
G1 X105.197 Y120.265 E825.1034
G1 X104.828 Y120.287 E825.1157
G0 F9000 X104.811 Y120.548
G0 X105.973 Y120.263
G0 X106.649 Y119.872
G0 X107.098 Y119.424
G0 X107.661 Y118.631
G0 X107.224 Y118.485
G1 F683.5 X105.812 Y119.896 E825.18209
G0 F9000 X105.07 Y120.072
G1 F683.5 X107.403 Y117.74 E825.2918
G0 F9000 X107.399 Y117.178
G1 F683.5 X104.509 Y120.068 E825.42774
G0 F9000 X104.049 Y119.962
G1 F683.5 X107.293 Y116.719 E825.5803
G0 F9000 X107.128 Y116.318
G1 F683.5 X103.651 Y119.795 E825.74385
G0 F9000 X103.3 Y119.58
G1 F683.5 X106.913 Y115.967 E825.9138
G0 F9000 X106.653 Y115.661
G1 F683.5 X102.994 Y119.321 E826.08593
G0 F9000 X102.733 Y119.016
G1 F683.5 X106.345 Y115.403 E826.25585
G0 F9000 X105.994 Y115.189
G1 F683.5 X102.522 Y118.661 E826.41916
G0 F9000 X102.358 Y118.259
G1 F683.5 X105.592 Y115.026 E826.57125
G0 F9000 X105.126 Y114.926
G1 F683.5 X102.26 Y117.792 E826.70606
G0 F9000 X102.258 Y117.228
G1 F683.5 X104.564 Y114.922 E826.81453
G0 F9000 X103.793 Y115.128
G1 F683.5 X102.454 Y116.466 E826.87749
;MESH:NONMESH
G0 F300 X102.454 Y116.466 Z23.4
G0 F9000 X102.045 Y116.262
G0 X101.838 Y117.497
G0 X101.941 Y118.277
G0 X102.241 Y118.993
G0 X102.714 Y119.611
G0 X103.339 Y120.088
G0 X103.916 Y120.33
G0 X104.822 Y120.548
G0 X104.835 Y120.35
;TIME_ELAPSED:1823.599053
;LAYER:116
;note -- min layer time used
;TYPE:WALL-INNER
;MESH:FT10-Input Crank.stl
G1 F600 X105.204 Y120.327 E826.88979
G1 X105.57 Y120.251 E826.90222
G1 X105.927 Y120.131 E826.91475
G1 X106.255 Y119.97 E826.9269
G1 X106.564 Y119.763 E826.93927
G1 X106.845 Y119.516 E826.95171
G1 X107.09 Y119.234 E826.96414
G1 X107.298 Y118.924 E826.97655
G1 X107.465 Y118.584 E826.98915
G1 X107.584 Y118.24 E827.00126
G1 X107.659 Y117.875 E827.01365
G1 X107.678 Y117.503 E827.02604
G1 X107.655 Y117.125 E827.03864
G1 X107.583 Y116.756 E827.05114
G1 X107.464 Y116.411 E827.06328
G1 X107.298 Y116.075 E827.07574
G1 X107.09 Y115.762 E827.08824
G1 X106.846 Y115.482 E827.1006
G1 X106.566 Y115.238 E827.11295
G1 X106.255 Y115.032 E827.12536
G1 X105.917 Y114.864 E827.13791
G1 X105.571 Y114.745 E827.15008
G1 X105.204 Y114.672 E827.16253
G1 X104.831 Y114.646 E827.17496
G1 X104.456 Y114.672 E827.18746
G1 X104.085 Y114.745 E827.20004
G1 X103.743 Y114.863 E827.21207
G1 X103.405 Y115.029 E827.2246
G1 X103.094 Y115.238 E827.23706
G1 X102.814 Y115.482 E827.24941
G1 X102.57 Y115.762 E827.26177
G1 X102.361 Y116.073 E827.27423
G1 X102.195 Y116.412 E827.28678
G1 X102.077 Y116.75 E827.29869
G1 X102.005 Y117.121 E827.31126
G1 X101.983 Y117.498 E827.32382
G1 X102.005 Y117.874 E827.33635
G1 X102.077 Y118.239 E827.34872
G1 X102.196 Y118.585 E827.36089
G1 X102.361 Y118.923 E827.3734
G1 X102.57 Y119.234 E827.38586
G1 X102.814 Y119.514 E827.39822
G1 X103.094 Y119.758 E827.41057
G1 X103.405 Y119.967 E827.42303
G1 X103.743 Y120.132 E827.43554
G1 X104.089 Y120.251 E827.44771
G1 X104.456 Y120.324 E827.46016
G1 X104.835 Y120.35 E827.47279
G0 F9000 X104.833 Y120.751
;TYPE:WALL-OUTER
G1 F600 X105.257 Y120.725 E827.48692
G1 X105.675 Y120.638 E827.50112
G1 X106.079 Y120.502 E827.5153
G1 X106.455 Y120.318 E827.52922
G1 X106.809 Y120.081 E827.54339
G1 X107.129 Y119.798 E827.5576
G1 X107.408 Y119.478 E827.57172
G1 X107.646 Y119.124 E827.58591
G1 X107.835 Y118.738 E827.6002
G1 X107.97 Y118.346 E827.61399
G1 X108.057 Y117.926 E827.62826
G1 X108.079 Y117.501 E827.64241
G1 X108.053 Y117.074 E827.65664
G1 X107.97 Y116.652 E827.67095
G1 X107.834 Y116.257 E827.68484
G1 X107.646 Y115.873 E827.69906
G1 X107.408 Y115.518 E827.71328
G1 X107.13 Y115.198 E827.72738
G1 X106.81 Y114.92 E827.74147
G1 X106.455 Y114.683 E827.75567
G1 X106.071 Y114.494 E827.76991
G1 X105.675 Y114.358 E827.78383
G1 X105.257 Y114.275 E827.79801
G1 X104.831 Y114.245 E827.81221
G1 X104.403 Y114.275 E827.82648
G1 X103.981 Y114.358 E827.84078
G1 X103.589 Y114.493 E827.85457
G1 X103.205 Y114.682 E827.86881
G1 X102.85 Y114.92 E827.88302
G1 X102.53 Y115.198 E827.89712
G1 X102.252 Y115.518 E827.91122
G1 X102.014 Y115.873 E827.92544
G1 X101.825 Y116.258 E827.9397
G1 X101.69 Y116.645 E827.95333
G1 X101.607 Y117.07 E827.96774
G1 X101.581 Y117.497 E827.98197
G1 X101.607 Y117.926 E827.99626
G1 X101.69 Y118.343 E828.0104
G1 X101.826 Y118.739 E828.02433
G1 X102.014 Y119.123 E828.03855
G1 X102.252 Y119.478 E828.05276
G1 X102.53 Y119.798 E828.06686
G1 X102.85 Y120.076 E828.08096
G1 X103.205 Y120.314 E828.09518
G1 X103.589 Y120.502 E828.1094
G1 X103.985 Y120.638 E828.12332
G1 X104.403 Y120.721 E828.1375
G1 X104.833 Y120.751 E828.15183
G0 F9000 X104.837 Y119.987
;TYPE:SKIN
G1 F600 X104.503 Y119.965 E828.16297
G1 X104.176 Y119.898 E828.17407
G1 X103.877 Y119.798 E828.18456
G1 X103.589 Y119.654 E828.19526
G1 X103.31 Y119.468 E828.20642
G1 X103.07 Y119.261 E828.21696
G1 X102.856 Y119.014 E828.22783
G1 X102.67 Y118.736 E828.23895
G1 X102.53 Y118.447 E828.24963
G1 X102.426 Y118.147 E828.26019
G1 X102.363 Y117.827 E828.27104
G1 X102.345 Y117.495 E828.2821
G1 X102.363 Y117.157 E828.29336
G1 X102.422 Y116.845 E828.30392
G1 X102.533 Y116.538 E828.31478
G1 X102.67 Y116.257 E828.32518
G1 X102.859 Y115.979 E828.33636
G1 X103.07 Y115.738 E828.34701
G1 X103.311 Y115.527 E828.35766
G1 X103.589 Y115.338 E828.36884
G1 X103.881 Y115.198 E828.37961
G1 X104.178 Y115.094 E828.39008
G1 X104.499 Y115.027 E828.40099
G1 X104.828 Y115.009 E828.41195
G1 X105.158 Y115.027 E828.42294
G1 X105.479 Y115.094 E828.43385
G1 X105.782 Y115.197 E828.44449
G1 X106.059 Y115.338 E828.45483
G1 X106.35 Y115.528 E828.46639
G1 X106.586 Y115.734 E828.47681
G1 X106.804 Y115.982 E828.48779
G1 X106.981 Y116.252 E828.49853
G1 X107.126 Y116.549 E828.50952
G1 X107.23 Y116.85 E828.52011
G1 X107.297 Y117.17 E828.53098
G1 X107.315 Y117.505 E828.54214
G1 X107.3 Y117.827 E828.55286
G1 X107.234 Y118.146 E828.5637
G1 X107.131 Y118.441 E828.57409
G1 X106.982 Y118.739 E828.58517
G1 X106.8 Y119.014 E828.59614
G1 X106.585 Y119.262 E828.60706
G1 X106.345 Y119.473 E828.61769
G1 X106.071 Y119.658 E828.62868
G1 X105.788 Y119.798 E828.63918
G1 X105.484 Y119.898 E828.64983
G1 X105.149 Y119.969 E828.66122
G1 X104.837 Y119.987 E828.67161
G0 F9000 X104.818 Y120.248
G0 X104.243 Y120.098
G0 X103.288 Y119.767
G0 X103.545 Y119.384
G1 F600 X102.938 Y118.777 E828.70016
G0 F9000 X102.555 Y119.032
G0 X102.119 Y117.932
G0 X102.57 Y117.844
G1 F600 X104.482 Y119.756 E828.7901
G0 F9000 X105.065 Y119.773
G1 F600 X102.557 Y117.265 E828.90807
G0 F9000 X102.653 Y116.795
G1 F600 X105.53 Y119.672 E829.04339
G0 F9000 X105.929 Y119.505
G1 F600 X102.823 Y116.399 E829.18949
G0 F9000 X103.052 Y116.062
G1 F600 X106.265 Y119.276 E829.34064
G0 F9000 X106.551 Y118.996
G1 F600 X103.331 Y115.776 E829.4921
G0 F9000 X103.656 Y115.536
G1 F600 X106.79 Y118.669 E829.63949
G0 F9000 X106.973 Y118.287
G1 F600 X104.041 Y115.355 E829.7774
G0 F9000 X104.486 Y115.234
G1 F600 X107.093 Y117.841 E829.90003
G0 F9000 X107.103 Y117.286
G1 F600 X105.039 Y115.222 E829.99711
G0 F9000 X105.828 Y115.444
G1 F600 X106.876 Y116.493 E830.04643
;TIME_ELAPSED:1834.165214
G1 F2700 E825.04643
M140 S0
M107
G91 ;Relative positioning
G1 E-2 F2700 ;Retract a bit
G1 E-2 Z0.2 F2400 ;Retract and raise Z
G1 X5 Y5 F3000 ;Wipe out
G1 Z10 ;Raise Z more
G90 ;Absolute positioning

G1 X0 Y235 ;Present print
M106 S0 ;Turn-off fan
M104 S0 ;Turn-off hotend
M140 S0 ;Turn-off bed

M84 X Y E ;Disable all steppers but Z

M82 ;absolute extrusion mode
M104 S0
;End of Gcode
;SETTING_3 {"global_quality": "[general]\\nversion = 4\\nname = Standard Quality
;SETTING_3  #2\\ndefinition = creality_ender3\\n\\n[metadata]\\ntype = quality_c
;SETTING_3 hanges\\nquality_type = standard\\nsetting_version = 25\\n\\n[values]
;SETTING_3 \\nadhesion_type = brim\\nsupport_enable = True\\nsupport_structure =
;SETTING_3  tree\\n\\n", "extruder_quality": ["[general]\\nversion = 4\\nname = 
;SETTING_3 Standard Quality #2\\ndefinition = creality_ender3\\n\\n[metadata]\\n
;SETTING_3 type = quality_changes\\nquality_type = standard\\nsetting_version = 
;SETTING_3 25\\nposition = 0\\n\\n[values]\\ninfill_pattern = grid\\ninfill_spar
;SETTING_3 se_density = 20\\nsupport_type = buildplate\\n\\n"]}
